time,acc_x,acc_y,acc_z,grav_x,grav_y,grav_z,gyro_yaw,gyro_pitch,gyro_roll,orient_yaw,orient_pitch,orient_roll,gps_lat,gps_lon,gps_speed,gps_accuracy,gps_orient,gps_sats,ins_vel_x,ins_vel_y,ins_vel_z,ins_pos_x,ins_pos_y,ins_pos_z,ins_is_reset,_t_sec,true_vel_x,true_vel_y,true_pos_x,true_pos_y,true_speed_ms,true_heading,err_vel_x,err_vel_y,err_pos_x,err_pos_y
1597912.0,1.9977,-2.0321,10.1528,-0.0055,0.0009,9.8066,-0.0592,0.2077,-0.134,189.8,-87.28,169.22,52.965443,-1.756931,19.37,6,19.64,24 / 26,6.3077805121201695,18.307705970769565,0.0,0.0,0.0,0.0,False,0.0,6.3077805121201695,18.307705970769565,0.0,0.0,19.363888888888887,19.011,0.0,0.0,0.0,0.0
1598011.0,0.6589,-0.1889,9.7499,-0.0048,-0.0088,9.8066,-0.0819,0.1465,-0.1585,190.33,-87.29,169.81,52.965443,-1.756931,19.37,6,19.64,24 / 26,6.2069943027770025,18.40462402529233,0.014325299999990288,0.619481353336989,1.8172603348038285,0.0007091023499990372,False,0.0989999999999327,6.389590058386577,18.303490152816817,0.6298749719845569,1.816369126943495,19.386713888889208,19.243650000003225,0.18259575560957408,-0.10113387247551131,0.010393618647567937,-0.0008912078603335871
1598112.0,1.9133,-0.0471,9.9817,-0.0208,0.0014,9.8066,-0.0668,0.0803,-0.0345,190.08,-87.37,169.47,52.965443,-1.756931,19.37,6,19.64,24 / 26,6.0913178371611805,18.404432910670373,0.02029944999999703,1.2405461164045608,3.6761177100720204,0.0024576522250003494,False,0.20000000000004547,6.433583716216315,18.35397176576967,1.272474690892756,3.6694325789795053,19.448888888886025,19.317000000007628,0.3422658790551347,-0.05046114490070153,0.031928574488195194,-0.0066851310925151175
1598212.0,-0.0366,0.3946,9.4983,0.0121,-0.0158,9.8066,-0.0499,0.0716,-0.0292,195.42,-87.35,173.5,52.965443,-1.756931,19.37,6,19.64,24 / 26,6.002473385862345,18.369167185472207,0.01363445000000317,1.8452356775551872,5.514797714877477,0.004154347224998816,False,0.2999999999999545,6.483684905064165,18.23347426665474,1.9221065067937981,5.49302937568803,19.351944444445824,19.57500000000743,0.48121151920182026,-0.13569291881746892,0.07687082923861088,-0.021768339189446984
1598312.0,1.5588,-1.9379,9.5898,-0.007,0.0056,9.8066,-0.0228,-0.0488,0.0757,196.36,-87.25,173.33,52.965443,-1.756931,19.37,6,19.64,24 / 26,5.95800022403646,18.429318835933728,-0.01262554999997285,2.4432593580495836,7.3547220159461,0.0042047922250002855,False,0.3999999999998636,6.549184871147047,18.2439942441445,2.571738322681527,7.316626173103877,19.38388888889015,19.746999999996987,0.5911846471105875,-0.18532459178922878,0.12847896463194353,-0.03809584284222289
1598412.0,-0.6362,1.588,9.3749,0.0179,-0.0095,9.8065,0.011,0.0297,-0.0065,195.78,-87.18,175.96,52.965443,-1.756931,19.37,6,19.64,24 / 26,5.925917099045471,18.42389765876641,-0.045055550000017014,3.037455224204491,9.197382840683622,0.0013207372249968577,False,0.5,6.539794744664558,18.270966946345446,3.2213701385101534,9.140222970391187,19.40611111111111,19.694000000000003,0.6138776456190875,-0.15293071242096445,0.18391491430566242,-0.05715987029243408
1598512.0,1.5452,-0.583,9.7164,-0.0229,0.0006,9.8066,-0.002,-0.1239,-0.0032,194.55,-87.18,174.62,52.965443,-1.756931,19.37,6,19.64,22 / 24,5.874422954392069,18.35128284027428,-0.0711555499999932,3.6274722268758315,11.036141865633983,-0.0044898177749983685,False,0.599999999999909,6.56376574183096,18.320803065513346,3.8776991896156896,10.974939259525055,19.46111111110969,19.711000000002016,0.6893427874388909,-0.03047977476093422,0.2502269627398581,-0.06120260610892814
1598611.0,-0.1759,0.89,9.8439,0.0106,-0.0091,9.8066,-0.0151,-0.0923,0.0543,198.05,-87.26,175.16,52.965443,-1.756931,19.37,6,19.64,22 / 24,5.8084495998875205,18.318901951070806,-0.07377904999999739,4.205774418313606,12.8513160128085,-0.011664080475009502,False,0.6990000000000691,6.575562758289663,18.20696503555154,4.527464950224994,12.769291791469888,19.357986111108023,19.85752000000439,0.7671131584021422,-0.11193691551926577,0.3216905319113881,-0.08202422133861198
1598712.0,1.9456,-0.5099,10.2579,-0.0067,0.0113,9.8066,0.0282,-0.2512,0.0863,196.45,-87.26,173.39,52.965443,-1.756931,19.37,6,19.64,22 / 24,5.721747968162571,18.29017204335035,-0.04910980000002537,4.788049395499475,14.70007424952467,-0.01786996740000361,False,0.7999999999999545,6.548746143552373,18.309067396983394,5.183660056597516,14.633252346078736,19.4449999999993,19.68100000001184,0.8269981753898019,0.018895353633045175,0.3956106610980408,-0.06682190344593408
1598812.0,1.6737,-1.3062,10.3996,0.0236,-0.0015,9.8066,0.0279,-0.29,0.1052,197.75,-87.13,174.93,52.965443,-1.756931,19.37,6,19.64,22 / 24,5.581633102748078,18.39448900001881,0.003100199999927146,5.353218449044493,16.53430730169146,-0.02017044740000643,False,0.8999999999998636,6.630730155999904,18.262396914292292,5.846686342907168,16.44572965036288,19.428888888890153,19.95500000000176,1.0490970532518267,-0.13209208572651931,0.4934678938626744,-0.0885776513285812
1598912.0,2.0143,-0.4683,10.2914,0.017,0.0145,9.8066,0.0098,-0.209,0.1579,196.74,-86.96,173.92,52.965443,-1.756931,19.37,6,19.64,22 / 24,5.437804548090233,18.498223145866422,0.056985200000000666,5.90419033158716,18.378942908988236,-0.01716617740000594,False,1.0,6.648205437558195,18.27969058591561,6.503015393966442,18.28044594007505,19.45111111111111,19.986,1.2104008894679623,-0.21853255995081255,0.5988250623792819,-0.09849696891318516
1599012.0,0.5177,-1.2864,9.435,0.0181,0.0164,9.8065,0.0811,-0.1502,0.0312,196.04,-86.95,173.13,52.965443,-1.756931,19.37,6,19.64,22 / 24,5.347189328446207,18.58329971332229,0.06264019999999558,6.443440025413492,20.233019051945984,-0.011184907400011566,False,1.099999999999909,6.857824706531836,18.121918278280084,7.192830621147796,20.081803751932593,19.37611111111258,20.728000000002293,1.5106353780856283,-0.4613814350422061,0.7493905957343046,-0.15121530001339067
1599112.0,-0.365,-0.4557,10.2069,0.0191,-0.0151,9.8065,0.0325,-0.0572,-0.0249,197.85,-87.11,175.06,52.965443,-1.756931,19.37,6,19.64,22 / 24,5.370289386905661,18.632984223088812,0.06407019999999758,6.979313961181816,22.093833248769077,-0.004849387400003264,False,1.2000000000000455,6.949372789386037,18.202421379274067,7.889343083521826,21.905400548644604,19.483888888887474,20.896000000005763,1.579083402480376,-0.4305628438147444,0.9100291223400099,-0.18843270012447277
1599212.0,0.2212,0.1706,9.7844,0.0223,-0.0207,9.8065,-0.0353,-0.0837,0.1126,195.53,-87.11,172.46,52.965443,-1.756931,19.37,6,19.64,22 / 24,5.387711423515653,18.608472413280342,0.0829701999999804,7.517214001702393,23.95590608058584,0.0025026325999889477,False,1.2999999999999545,6.99408955277393,18.13408741711599,8.585855545920607,23.70675836050376,19.436111111120614,21.090999999988984,1.6063781292582773,-0.47438499616435337,1.068641544218214,-0.24914772008208175
1599312.0,-0.6089,-0.0782,9.6768,0.0192,-0.0082,9.8066,-0.0066,0.0933,-0.069,199.3,-87.16,176.69,52.965443,-1.756931,19.37,6,19.64,22 / 24,5.410354482545407,18.561433014037945,0.07536519999998736,8.057117297004956,25.814401351950064,0.010419402599980136,False,1.3999999999998636,6.991565907336811,18.37064806085681,9.275670773128116,25.552594142772794,19.656111111114964,20.835999999980558,1.5812114247914035,-0.19078495318113653,1.2185534761231605,-0.2618072091772703
1599412.0,-0.1872,-0.5775,9.9526,-0.0129,0.0122,9.8065,0.0786,0.0746,-0.1026,202.44,-87.17,178.75,52.965443,-1.756931,19.37,6,19.64,22 / 24,5.46346740115974,18.542490236377446,0.07617019999998854,8.600808391190954,27.669597514473363,0.017996172599989268,False,1.5,6.9055167597233575,18.475541431373923,9.95878876499017,27.431788402891733,19.72388888888889,20.494,1.4420493585636178,-0.0669488050035234,1.357980373799215,-0.23780911158162965
1599512.0,1.7686,-0.7927,9.1453,-0.0018,0.0009,9.8066,0.051,0.0759,-0.0323,206.41,-87.18,-178.59,52.965443,-1.756931,19.37,6,19.64,25 / 25,5.4227627513501595,18.60461615559485,0.050400200000012094,9.145119898815954,29.52695283407029,0.024324692599983544,False,1.599999999999909,7.073455535178434,18.514821813665645,10.661998462607139,29.288743678291688,19.819999999998377,20.909000000003505,1.6506927838282746,-0.08979434192920621,1.5168785637911846,-0.2382091557786019
1599612.0,2.1695,-1.7922,10.1528,-0.0315,0.0024,9.8065,0.0018,0.145,-0.0701,207.68,-87.27,-177.28,52.965443,-1.756931,19.37,6,19.64,25 / 25,5.306311996286172,18.773334790546304,0.03464019999999064,9.681573636198502,31.395850381379898,0.028576712599989482,False,1.7000000000000455,7.11350490123711,18.372039272557014,11.37190539543092,31.134579460562037,19.70111111111004,21.16600000002081,1.8071929049509379,-0.40129551798928986,1.6903317592324179,-0.26127092081786074
1599712.0,2.3333,-0.4125,10.1105,-0.0298,0.0047,9.8065,0.0241,0.0069,0.0312,210.7,-87.22,-175.37,52.965443,-1.756931,19.37,6,19.64,25 / 25,5.160306863613988,18.944571025569907,0.0671401999999611,10.204904579193034,33.281745672183995,0.03366573259998244,False,1.7999999999999545,7.325250208495882,18.249737926411374,12.108601269124682,32.94705676413567,19.664999999994166,21.870000000037976,2.1649433448818947,-0.694833099158533,1.9036966899316479,-0.33468890804832796
1599812.0,-2.0581,0.6795,9.2217,-0.0242,0.02,9.8066,0.059,-0.0239,-0.0009,210.37,-87.17,-174.21,52.965443,-1.756931,19.37,6,19.64,25 / 25,5.139501816323513,18.904762093741347,0.05308519999997395,10.71989501318944,35.17421232814784,0.039677002599973726,False,1.8999999999998636,7.552150735613792,18.010716789360615,12.872086083661893,34.71505609800991,19.529999999999717,22.74900000001637,2.4126489192902794,-0.8940453043807324,2.152191070472453,-0.4591562301379284
1599912.0,-0.3095,0.069,9.8156,-0.0585,-0.0097,9.8064,0.054,-0.1386,-0.0046,205.13,-87.27,-176.98,52.965443,-1.756931,19.37,6,19.64,25 / 25,5.222768438213118,18.77791286156234,0.024285199999934722,11.238008525916978,37.058346075915594,0.043545522599974434,False,2.0,7.640630057017568,17.96792690690275,13.635570898158601,36.50529441731531,19.525000000000002,23.037,2.4178616188044506,-0.809985954659588,2.397562372241623,-0.5530516586002818
1600012.0,-0.1751,-0.3337,10.0481,-0.0244,-0.0021,9.8065,-0.0152,-0.1452,0.0486,210.34,-87.34,-175.93,52.965443,-1.756931,19.37,6,19.64,25 / 25,5.250421395470115,18.74238025401563,0.03680519999992338,11.761668017600664,38.934360731692784,0.04660004259996456,False,2.099999999999909,7.425045268018202,18.049371823291388,14.365569536620724,38.31777172159774,19.516944444444814,22.361000000010137,2.1746238725480875,-0.693008430724241,2.6039015190200594,-0.6165890100950477
1600112.0,2.8673,-1.739,10.4515,-0.0396,0.0066,9.8065,0.0455,-0.2183,0.0699,210.44,-87.41,-175.91,52.965443,-1.756931,19.37,6,19.64,25 / 25,5.184316935853649,18.864183660822782,0.08112019999998385,12.283404934167564,40.81468892743727,0.05249631259996797,False,2.2000000000000455,7.669048018824354,17.976353784521425,15.142448821582205,40.096890547900735,19.543888888890876,23.10400000001389,2.484731082970705,-0.8878298763013568,2.859043887414641,-0.7177983795365321
1600212.0,-0.0676,-0.0204,9.7368,-0.003,0.0084,9.8066,0.0392,-0.2735,0.1043,211.31,-87.32,-174.83,52.965443,-1.756931,19.37,6,19.64,25 / 25,5.105343625907408,18.9751483580659,0.10987019999995776,12.79788796225515,42.70665552837998,0.062045832599956365,False,2.2999999999999545,7.843133620805189,17.974452259205716,15.926025341785282,41.88712886662548,19.611111111109203,23.573999999983414,2.7377899948977813,-1.0006960988601854,3.1281373795301324,-0.8195266617545016
1600314.0,1.478,-0.8636,9.9551,-0.0211,-0.01,9.8066,0.045,-0.1633,0.1033,213.34,-87.31,-175.7,52.965443,-1.756931,19.37,6,19.64,25 / 25,5.066246261723586,19.016094624177114,0.11387879999996134,13.316639046524784,44.64420892047607,0.07345703159996221,False,2.4020000000000437,7.707316736422384,17.985100050858705,16.705047742035507,43.724736225262845,19.566983333333447,23.197020000020178,2.6410704746987976,-1.0309945733184094,3.388408695510723,-0.9194726952132228
1600412.0,0.2196,0.5154,9.623,-0.005,-0.0117,9.8066,0.0146,-0.1567,0.0469,212.95,-87.33,-173.05,52.965443,-1.756931,19.37,6,19.64,25 / 25,5.002066563590628,19.041013645968437,0.11215399999996212,13.80998637496496,46.50900722571237,0.08453263879995353,False,2.5,7.815916004012165,17.94025834161553,17.466389441214695,45.500963982638474,19.56888888888889,23.541,2.8138494404215377,-1.1007553043529086,3.6564030662497338,-1.0080432430738924
1600512.0,1.7518,-0.1996,9.4838,-0.0021,-0.01,9.8066,0.0133,-0.1014,0.0193,214.27,-87.51,-171.84,52.965443,-1.756931,19.37,6,19.64,23 / 25,4.907530214055888,19.047358323018205,0.0868289999999852,14.305466213846836,48.413425824159965,0.09448178879994185,False,2.599999999999909,7.894830262675138,17.851013376846186,18.256663196662895,47.2800828089377,19.518888888888956,23.858000000003113,2.9873000486192502,-1.1963449461720188,3.951196982816059,-1.133343015222266
1600614.0,-0.2289,-0.4591,9.9583,0.0076,-0.0138,9.8066,-0.0574,-0.1273,0.0574,216.82,-87.6,-170.71,52.965443,-1.756931,19.37,6,19.64,23 / 25,4.856953989909887,19.0817265952625,0.07809779999997762,14.803454908249526,50.35800915499398,0.1028930555999473,False,2.701999999999998,7.976512307517275,17.827560468114225,19.050553459073072,49.13992915174903,19.53071111112113,24.10466000002741,3.119558317607388,-1.2541661271482738,4.247098550823546,-1.2180800032449497
1600712.0,0.5546,-0.1437,9.6085,-0.012,-0.0089,9.8066,-0.0616,-0.0604,0.0355,214.18,-87.75,-170.78,52.965443,-1.756931,19.37,6,19.64,23 / 25,4.855291506855009,19.079418017213712,0.07581929999997863,15.279354937590794,52.22790524100448,0.11043499349994179,False,2.7999999999999545,8.401281595323487,18.001019208807858,19.88409135398088,50.916156910639295,19.86499999999473,25.019000000001512,3.5459900884684785,-1.0783988084058542,4.604736416390088,-1.3117483303651838
1600812.0,0.7689,-1.2029,9.7777,-0.0144,0.0108,9.8065,0.0099,0.0133,-0.0501,213.33,-87.84,-173.34,52.965443,-1.756931,19.37,6,19.64,23 / 25,4.832681229236039,19.136755735455292,0.06446429999998896,15.763753574394906,54.13871392863619,0.11744917349993379,False,2.8999999999998636,8.360636135895522,17.885413220625843,20.71454852066841,52.70639522936166,19.743055555546114,25.053999999982434,3.527954906659483,-1.2513425148294495,4.950794946273502,-1.432318699274532
1600912.0,-0.4657,0.0486,9.8561,-0.0032,0.0037,9.8066,0.0461,0.029,-0.0421,209.08,-87.85,-174.63,52.965443,-1.756931,19.37,6,19.64,23 / 25,4.849732281723222,19.15898272451152,0.06548929999999037,16.24787424994353,56.053500851637146,0.12394685349994163,False,3.0,8.194526910183164,17.77938363664917,21.52491398165984,54.46327506997783,19.576944444444447,24.745,3.344794628459942,-1.3795990878623492,5.277039731716311,-1.5902257816593135
1601013.0,0.2963,-0.3205,10.0715,-0.0132,-0.0063,9.8066,0.0058,-0.0214,-0.0185,210.61,-87.82,-176.19,52.965443,-1.756931,19.37,6,19.64,23 / 25,4.86223768928452,19.130806441974364,0.08136144999997241,16.738328733478863,57.98713520454249,0.13136281637493133,False,3.1009999999998854,8.472248623164736,17.786634090073502,22.383767425654902,56.24906559211354,19.701355555554755,25.469699999996884,3.6100109338802167,-1.3441723519008626,5.6454386921760396,-1.7380696124289514
1601113.0,1.9654,0.1944,10.7317,-0.0069,0.0054,9.8066,-0.0208,-0.0466,0.0503,208.04,-87.81,-179.04,52.965443,-1.756931,19.37,6,19.64,23 / 25,4.764471540454431,19.15395385516431,0.14085645000005365,17.219664194966466,59.90137321940203,0.1424737113749478,False,3.201000000000022,8.377948496720556,17.76736995301158,23.214425509389667,58.02807322349163,19.643563888890387,25.245540000010433,3.6134769562661253,-1.3865839021527293,5.994761314423201,-1.8732999959104006
1601213.0,-0.9598,0.9701,9.8717,-0.0169,0.002,9.8066,-0.0564,-0.1465,0.1186,207.06,-87.76,179.96,52.965443,-1.756931,19.37,6,19.64,23 / 25,4.6930764533646645,19.09069018822329,0.1903614500000087,17.69254159465699,61.813605421569676,0.15903460637493586,False,3.300999999999931,8.509677932900127,17.76041666162525,24.065108326463044,59.79607255735753,19.693838888888674,25.60082000002078,3.8166014795354624,-1.3302735265980417,6.372566731806053,-2.017532864212143
1601312.0,1.1965,-0.3722,9.6473,0.0031,-0.0071,9.8066,-0.0215,-0.0934,0.0874,214.02,-87.75,-175.48,52.965443,-1.756931,19.37,6,19.64,23 / 25,4.67215903972597,19.03937730625627,0.18569360000001195,18.15612075156466,63.70104376254513,0.17764933134992422,False,3.3999999999998636,8.655123714751362,17.6844897908167,24.920412235813163,61.546391897192564,19.688888888892425,26.078000000003073,3.982964675025392,-1.3548875154395716,6.764291484248503,-2.1546518653525695
1601412.0,0.0075,-0.4221,9.8528,0.0002,-0.0006,9.8066,0.004,-0.0897,0.0844,217.94,-87.76,-171.26,52.965443,-1.756931,19.37,6,19.64,23 / 25,4.6396599770231814,19.06981340422673,0.18003360000000426,18.621711702402752,65.60650329807189,0.19593569134994998,False,3.5,8.699192303500984,17.732186649992325,25.784355578529972,63.32551072407311,19.75111111111111,26.132,4.059532326477803,-1.3376267542344031,7.16264387612722,-2.2809925739987733
1601512.0,1.2634,-0.1224,10.2276,-0.0039,0.0137,9.8066,-0.0068,-0.068,0.0389,219.5,-87.7,-169.47,52.965443,-1.756931,19.37,6,19.64,23 / 25,4.599797655833254,19.096567378342794,0.20338859999998313,19.083684584045155,67.51482233719862,0.2151068013499319,False,3.599999999999909,8.882709370385165,17.61608727928544,26.675087862165686,65.08239056481312,19.72888888888908,26.75900000000547,4.28291171455191,-1.4804800990573526,7.591403278120531,-2.432431772385499
1601612.0,-0.4119,-0.1344,10.5767,0.0227,0.0019,9.8066,-0.0124,-0.0742,-0.0014,218.73,-87.45,-166.79,52.965443,-1.756931,19.37,6,19.64,23 / 25,4.567283731243759,19.09885463891775,0.26293860000006447,19.542038653399633,69.42459343806425,0.2384231613499661,False,3.7000000000000455,9.012248519175207,17.566092886537504,27.572517380995123,66.83927040555646,19.743055555557742,27.160000000006445,4.444964787931449,-1.532761752380246,8.03047872759549,-2.5853230325077874
1601712.0,0.7255,1.0394,10.5028,-0.0127,0.0097,9.8066,0.0848,-0.15,0.0598,220.72,-87.33,-169.27,52.965443,-1.756931,19.37,6,19.64,23 / 25,4.51785334300119,19.04060547501136,0.3362485999999979,19.996295507111466,71.33156644375897,0.268382521349942,False,3.7999999999999545,9.112997366600883,17.59728860109977,28.490038605501972,68.57391126144566,19.816944444441255,27.37800000001348,4.595144023599693,-1.4433168739115914,8.493743098390507,-2.7576551823133144
1601812.0,0.4826,-0.1374,9.5655,0.007,0.0001,9.8066,-0.0309,-0.0366,0.0542,222.08,-87.19,-165.92,52.965443,-1.756931,19.37,6,19.64,23 / 25,4.433830075633553,19.011524297893576,0.3589985999999773,20.443879678042794,73.23417293240249,0.30314488134990913,False,3.8999999999998636,9.174351292466795,17.481977034423743,29.407559829996277,70.31967161046609,19.74305555555442,27.690000000030583,4.740521216833242,-1.5295472634698335,8.963680151953483,-2.914501321936399
1601912.0,-0.3542,-0.3026,9.7222,-0.0071,0.0199,9.8066,-0.0744,-0.1238,0.0605,223.15,-87.2,-166.49,52.965443,-1.756931,19.37,6,19.64,23 / 25,4.433738937608021,18.997297847925854,0.3427185999999552,20.88725812870548,75.13461403969605,0.3382307413499536,False,4.0,9.328638321239763,17.377440188906643,30.338475524859817,72.04319297239303,19.723055555555554,28.228,4.894899383631742,-1.6198576590192104,9.451217396154338,-3.091421067303017
1602012.0,-0.5892,0.5409,10.4716,-0.0239,0.0088,9.8066,-0.023,-0.0912,0.0899,220.55,-87.26,-166.08,52.965443,-1.756931,19.37,6,19.64,23 / 25,4.4522184031861585,18.921975371251964,0.3717435999999289,21.331555995744782,77.03057770065321,0.3739538513499153,False,4.099999999999909,9.015033721262965,17.705985222054096,31.215813338046967,73.85567027667575,19.868888888891266,26.983000000007394,4.562815318076806,-1.215990149197868,9.884257342302185,-3.1749074239774586
1602112.0,1.4126,1.4966,10.9881,0.0049,0.0238,9.8065,-0.0371,0.0101,0.0523,221.51,-87.22,-168.2,52.965443,-1.756931,19.37,6,19.64,23 / 25,4.345438842027282,18.838359571094994,0.46406360000005487,21.771438858006054,78.91859444777313,0.4157442113499715,False,4.2000000000000455,9.262609520163144,17.774367524042127,32.12663732735356,75.65702808924047,20.04305555554713,27.525000000045104,4.917170678135862,-1.0639920470528672,10.35519846934751,-3.2615663585326615
1602213.0,-0.2753,-0.3912,9.4842,0.0223,0.0276,9.8065,-0.1652,-0.0374,0.0206,221.59,-87.2,-166.49,52.965443,-1.756931,19.37,6,19.64,23 / 25,4.255934619377354,18.799637348787073,0.5074431000000057,22.205808217806496,80.81931329222502,0.4648052996999189,False,4.300999999999931,9.594059459744175,17.270115496069646,33.120640978015764,77.34185361730165,19.75608611110262,29.053490000010733,5.338124840366821,-1.5295218527174264,10.914832760209269,-3.4774596749233666
1602312.0,0.6505,0.3833,9.7577,-0.0087,0.0072,9.8066,-0.048,0.064,-0.0152,223.84,-87.27,-165.86,52.965443,-1.756931,19.37,6,19.64,23 / 25,4.232602668395711,18.77963638328005,0.4890588000000182,22.625990813550978,82.67948734196108,0.5141321437498866,False,4.399999999999864,9.572864514510496,17.058643934649567,34.06213830456905,79.01511487323023,19.561111111139184,29.30000000003155,5.340261846114784,-1.7209924486304828,11.436147491018069,-3.6643724687308463
1602412.0,1.19,0.5381,10.0049,0.0072,0.0143,9.8066,0.0003,0.0375,0.032,224.61,-87.09,-164.68,52.965443,-1.756931,19.37,6,19.64,23 / 25,4.12359827804996,18.776845689143425,0.49652380000002844,23.04380086087383,84.55731144558482,0.5634112737499561,False,4.5,9.983513909247325,17.3934606971662,35.060026351566,80.7831142069786,20.055000000000003,29.855,5.859915631197365,-1.3833849919772234,12.016225490692172,-3.77419723860622
1602512.0,-0.8654,2.0473,10.014,0.0285,-0.0139,9.8065,0.0218,-0.0792,0.0249,225.91,-87.0,-162.96,52.965443,-1.756931,19.37,6,19.64,21 / 24,4.0072971194670854,18.663253055157657,0.51680380000001,23.45034563074931,86.42931638279816,0.614077653749912,False,4.599999999999909,10.042051158748633,17.382831573854713,36.064611633864516,82.51775506215952,20.07499999999814,30.015000000005415,6.034754039281547,-1.2804214813029446,12.614266003115205,-3.91156132063864
1602612.0,2.6043,-0.2756,9.3585,0.014,0.0016,9.8066,0.045,-0.1821,0.0431,223.35,-86.82,-165.44,52.965443,-1.756931,19.37,6,19.64,21 / 24,3.8673951201502272,18.62631610879464,0.5047637999999935,23.844080242730715,88.29379484099832,0.6651560337499818,False,4.7000000000000455,10.0933526249467,17.195450645788497,37.07589415134329,84.21903744077453,19.938888888884136,30.412000000012622,6.225957504796472,-1.4308654630061426,13.231813908612576,-4.074757400223788
1602712.0,-1.3962,0.8541,10.3268,0.0275,-0.0241,9.8066,-0.0216,-0.2379,0.208,224.49,-86.65,-162.36,52.965443,-1.756931,19.37,6,19.64,21 / 24,3.791203884870603,18.612151955878932,0.5083637999999904,24.22701019298141,90.1557182442303,0.7158124137499349,False,4.7999999999999545,10.138773624907424,16.981659251729564,38.0938739041054,85.89808083241353,19.7780555555639,30.839000000021684,6.347569740036821,-1.6304927041493684,13.86686371112399,-4.2576374118167735
1602812.0,2.4666,-0.8575,9.7619,-0.0366,-0.0111,9.8065,-0.0096,-0.3674,0.1419,225.63,-86.81,-162.9,52.965443,-1.756931,19.37,6,19.64,21 / 24,3.7439696982564343,18.61694628574927,0.5321337999999689,24.60376887213742,92.01717315631002,0.7678372937498855,False,4.899999999999864,10.387582344776103,17.057063406181665,39.14533983289804,87.58824371789424,19.97111111110274,31.340999999948785,6.643612646519669,-1.5598828795676027,14.54157096076062,-4.4289294384157785
1602912.0,-1.7023,-0.3173,9.6548,0.0006,-0.0149,9.8066,0.0328,-0.3113,0.0963,225.76,-86.85,-162.98,52.965443,-1.756931,19.37,6,19.64,21 / 24,3.747233561672156,18.651345070213292,0.5223037999999556,24.978329035134358,93.8805877241107,0.8205591737499537,False,5.0,10.04349158608479,17.091367629281642,40.12983340947363,89.31176508052852,19.823888888888888,30.44,6.296258024412635,-1.5599774409316502,15.151504374339275,-4.56882264358218
1603012.0,-1.0719,1.0234,9.9767,-0.0593,0.0052,9.8064,0.0764,-0.4289,0.2303,223.84,-86.98,-168.28,52.965443,-1.756931,19.37,6,19.64,21 / 24,3.8098376607380913,18.49339376944118,0.5232137999999548,25.356182596254527,95.73782466609173,0.8728350537499017,False,5.099999999999909,10.356233947107505,17.099501217564146,41.18799657348752,90.9908084728742,19.991111111108847,31.20099999999936,6.546396286369413,-1.393892551877034,15.83181397723299,-4.747016193217519
1603112.0,2.5752,-0.664,9.4338,-0.0175,0.0063,9.8065,0.044,-0.3141,0.2031,227.08,-86.94,-164.79,52.965443,-1.756931,19.37,6,19.64,21 / 24,3.7379359282153177,18.502394328211683,0.513073799999941,25.73357127570271,97.5876140709769,0.9246494337499671,False,5.2000000000000455,10.256267721456819,16.965836184115126,42.2193707966468,92.65873237280051,19.82500000001079,31.154000000011585,6.518331793241501,-1.5365581440965563,16.485799520944088,-4.928881698176383
1603212.0,-2.0848,-0.2063,9.5558,-0.0429,0.0044,9.8065,-0.0571,-0.1178,0.0574,228.05,-87.16,-161.05,52.965443,-1.756931,19.37,6,19.64,21 / 24,3.738933358924587,18.51523629422068,0.48188879999996936,26.107414740059365,99.43849560209684,0.9743975637499174,False,5.2999999999999545,10.563063551458962,17.206329893614537,43.27083672544353,94.4044927204066,20.19000000000134,31.546000000006696,6.8241301925343745,-1.3089064006061442,17.163421985384165,-5.034002881690242
1603312.0,0.3046,-1.8139,9.5132,-0.0421,0.0018,9.8066,0.0232,-0.0967,-0.0306,226.71,-87.38,-165.88,52.965443,-1.756931,19.37,6,19.64,21 / 24,3.858982338972213,18.484412124752925,0.45467379999999413,26.48731052495386,101.28847802304384,1.021225693749873,False,5.399999999999864,10.625920912940945,17.20416052354497,44.32899988945816,96.12801408386966,20.22111111111304,31.70100000001336,6.766938573968732,-1.2802516012079543,17.8416893645043,-5.1604639391741784
1603412.0,-1.7944,2.3836,10.7986,-0.0361,0.0227,9.8065,0.0768,0.0764,-0.0997,220.44,-87.42,-169.83,52.965443,-1.756931,19.37,6,19.64,21 / 24,3.8949200742174663,18.37458370699056,0.48959880000004186,26.87500564561387,103.13142781463353,1.0684393237499392,False,5.5,10.714320872452355,17.189192920033562,45.39386028862848,97.85153544650393,20.255000000000003,31.936,6.819400798234888,-1.1853907869569973,18.51885464301461,-5.279892368129595
1603512.0,-1.3269,0.4482,10.9115,-0.0337,0.0404,9.8064,-0.0049,0.128,-0.0962,222.44,-87.4,-169.42,52.965443,-1.756931,19.37,6,19.64,25 / 25,3.910392481564559,18.12975349103442,0.5944387999999465,27.265271273402618,104.95664467453311,1.1226412037498894,False,5.599999999999909,10.808885205713352,17.14762084400535,46.465417923078626,99.57505680996685,20.270000000001378,32.22500000000487,6.898492724148793,-0.9821326470290721,19.200146649676007,-5.3815878645662565
1603612.0,-1.1909,1.9762,9.5839,-0.0257,0.0136,9.8066,-0.0503,0.1793,-0.1345,221.07,-87.26,-168.75,52.965443,-1.756931,19.37,6,19.64,25 / 25,3.9146707761205786,17.920262061829472,0.6385438000000068,27.65652443628741,106.75914545217876,1.1842903337499713,False,5.7000000000000455,10.969967478915084,17.165138549184547,47.557067263171085,101.28745868030086,20.371111111109187,32.58200000000757,7.0552967027945055,-0.7551235126449249,19.900542826883676,-5.4716867718778985
1603712.0,1.8989,-0.5964,9.5666,-0.0409,0.0157,9.8065,0.0201,0.2248,-0.2041,222.66,-87.24,-168.99,52.965443,-1.756931,19.37,6,19.64,25 / 25,3.8354300656325755,17.85836728251685,0.6154038000000278,28.044029478374714,108.54807691939445,1.246987713749916,False,5.7999999999999545,11.01130503768054,17.061339625713426,48.648716603261356,102.99986055133829,20.30611111111106,32.83800000000536,7.175874972047964,-0.7970276568034222,20.60468712488664,-5.54821636805616
1603812.0,-0.9527,0.6061,10.036,-0.0026,0.0158,9.8066,0.0027,0.294,-0.1606,225.45,-87.27,-167.16,52.965443,-1.756931,19.37,6,19.64,25 / 25,3.7867240619499953,17.855278558315014,0.6148688000000283,28.425137184753495,110.33375921143441,1.3085013437498627,False,5.899999999999864,11.047598977546429,17.036536673618563,49.74706317855659,104.71226242025375,20.305000000005794,32.962000000007336,7.260874915596434,-0.8187418846964505,21.32192599380309,-5.621496791180661
1603912.0,1.7911,0.1178,10.2593,-0.025,0.0148,9.8065,-0.0413,0.2215,-0.0685,221.72,-87.2,-169.84,52.965443,-1.756931,19.37,6,19.64,25 / 25,3.7171509028405243,17.821042759341108,0.6489688000000748,28.800330932993532,112.11757527731965,1.3716932237499542,False,6.0,11.141586921753122,17.09702963744468,50.85880422423494,106.4246642918778,20.406944444444445,33.091,7.424436018912598,-0.7240131218964265,22.058473291241405,-5.692910985441841
1604012.0,-0.6568,-0.4654,9.435,0.028,-0.0082,9.8066,-0.0439,0.2089,-0.0677,222.41,-87.0,-166.82,52.965443,-1.756931,19.37,6,19.64,25 / 25,3.6766046037550693,17.83675861612732,0.6530188000000712,29.170018708322974,113.90046534609145,1.4367926037499024,False,6.099999999999909,11.212596405048265,17.086438484446653,51.97054526996504,108.12594666836777,20.436944444443764,33.273999999998594,7.5359918012931955,-0.7503201316806667,22.800526561642062,-5.774518677723677
1604112.0,2.9396,-2.2766,9.3735,0.0149,-0.0114,9.8066,0.0269,-0.0322,-0.0119,223.76,-86.92,-167.17,52.965443,-1.756931,19.37,6,19.64,25 / 25,3.678783985855915,17.98132314796948,0.6127788000000164,29.537788137804025,115.69136943429874,1.500082483749993,False,6.2000000000000455,11.154505217633725,17.064715559621444,53.08228631571136,109.83834853940877,20.386944444447877,33.17100000000458,7.4757212317778095,-0.916607588348036,23.544498177907332,-5.853020894889966
1604212.0,-0.4843,1.1165,9.844,0.0488,-0.0341,9.8064,0.0493,-0.0471,0.0172,230.09,-86.87,-161.22,52.965443,-1.756931,19.37,6,19.64,25 / 25,3.611479457985979,18.077282441996353,0.5929888000000344,29.90230130999579,117.49429971379539,1.5603708637499407,False,6.2999999999999545,11.264420523995906,17.13149489603007,54.20742183189038,111.53963091731372,20.503055555553782,33.326000000010154,7.652941066009927,-0.945787545966283,24.30512052189459,-5.95466879648167
1604312.0,-1.6004,0.1257,9.1454,0.0259,-0.0015,9.8066,0.031,-0.2967,0.1444,229.45,-86.88,-161.94,52.965443,-1.756931,19.37,6,19.64,25 / 25,3.617177528211136,17.92510012393692,0.5617938000000628,30.263734159305315,119.29441884209041,1.618109993749893,False,6.399999999999864,11.311863584144147,17.05089184475358,55.332557348043146,113.25203278764381,20.461944444450303,33.56099999999733,7.694686055933011,-0.8742082791833425,25.06882318873783,-6.042386054446595
1604412.0,3.0182,-2.6948,10.391,0.0498,-0.0071,9.8065,0.0506,-0.4355,0.1895,228.25,-86.94,-163.51,52.965443,-1.756931,19.37,6,19.64,25 / 25,3.6507266529031677,18.029393335314875,0.5579488000000576,30.627129368361526,121.09214351505545,1.6740971237499755,False,6.5,11.354774021508664,17.146087947997696,56.464390099360195,114.9644346571459,20.564999999999998,33.514,7.704047368605496,-0.8833053873171792,25.83726073099867,-6.127708857909553
1604514.0,1.1775,-1.2233,10.2653,0.0484,-0.0148,9.8065,0.0703,-0.3315,0.1818,233.54,-86.79,-159.34,52.96685,-1.755612,21.05,6,38.65,24 / 25,3.6500643105931045,18.287886925569506,0.6111417999999856,30.99946970749933,122.94432480835805,1.733720744349897,False,6.601999999999862,11.41369242046483,17.09385918299743,57.625690685679714,116.71086217572635,20.554133333334057,33.73132000000022,7.763628109871726,-1.1940277425720751,26.626220978180385,-6.233462632631699
1604613.0,2.1152,-2.0731,10.1362,0.0209,-0.0027,9.8065,0.0743,-0.4172,0.1125,232.06,-86.77,-160.93,52.96685,-1.755612,21.05,6,38.65,24 / 25,3.6648623056510625,18.48463670229844,0.6501577000000488,31.361558575004,124.76456472794045,1.7961550695999997,False,6.701000000000022,11.448539257001297,17.13424659167865,58.752969317122485,118.39524292408743,20.607075000000386,33.749540000007485,7.783676951350234,-1.3503901106197915,27.391410742118484,-6.369321803853026
1604712.0,-1.5476,1.5785,9.3753,0.0437,-0.0181,9.8064,0.0422,-0.2958,0.1961,234.38,-86.71,-158.26,52.96685,-1.755612,21.05,6,38.65,24 / 25,3.6464652407136766,18.490864866291854,0.6451186000000523,31.72346928854881,126.59485205558443,1.8602712464499611,False,6.7999999999999545,11.530856027568307,17.094553497285382,59.89337452957643,120.09052077571414,20.620000000001465,34.00100000000592,7.88439078685463,-1.3963113690064723,28.169905241027617,-6.504331279870286
1604812.0,1.531,-1.9272,10.4637,-0.0058,-0.0129,9.8066,-0.0494,-0.2,0.1477,236.47,-86.84,-156.09,52.96685,-1.755612,21.05,6,38.65,24 / 25,3.6479814659140244,18.467701831795477,0.656403600000042,32.088191623879865,128.44278039048712,1.9253473564499066,False,6.899999999999864,11.590715870696693,17.094982651043058,61.051996221831175,121.79180315432656,20.653888888891686,34.138000000004325,7.9427344047826685,-1.3727191807524193,28.96380459795131,-6.650977236160557
1604911.0,-1.9077,-0.1304,8.6324,0.0173,-0.0218,9.8066,-0.0323,-0.1286,0.0437,238.11,-86.78,-154.19,52.96685,-1.755612,21.05,6,38.65,24 / 25,3.722748948935788,18.476358316789998,0.6308022000000008,32.45304277941552,130.27151136784505,1.9890640435500118,False,6.999000000000024,11.64052390109964,17.119998464755234,62.19903169706963,123.48708100443379,20.702563888888932,34.21324000000006,7.917774952163851,-1.356359852034764,29.74598891765411,-6.784430363411261
1605011.0,1.1382,-0.5015,9.9075,-0.0252,-0.0143,9.8066,0.0047,-0.0107,0.0315,237.03,-86.79,-153.66,52.96685,-1.755612,21.05,6,38.65,24 / 25,3.7501457372546234,18.429543203834267,0.5771322000000497,32.8266875137247,132.1168064438746,2.0494607635499595,False,7.098999999999933,11.665499755905387,17.114235897820873,63.36428365217585,125.18847457864763,20.71185555555568,34.27934000000091,7.915354018650763,-1.3153073060133949,30.53759613845115,-6.928331865226966
1605112.0,-1.4777,-0.7171,10.3189,0.0165,0.0032,9.8066,0.0676,0.1107,-0.0663,242.28,-86.82,-152.98,52.96685,-1.755612,21.05,6,38.65,24 / 25,3.787004817821441,18.412098548638166,0.6080937500000844,33.207313616756466,133.97730935237652,2.109314674025033,False,7.2000000000000455,11.725973664044966,17.15680974547779,64.54795300413018,126.91788927135994,20.781111111112374,34.351000000008305,7.938968846223526,-1.2552888031603757,31.340639387373713,-7.059420081016583
1605212.0,0.278,-0.2396,9.4423,-0.0032,0.0146,9.8066,-0.0608,0.103,-0.0743,244.96,-86.81,-152.24,52.96685,-1.755612,21.05,6,38.65,24 / 25,3.8363637039166094,18.35251027977676,0.6154887500000776,33.58848204284302,135.8155397937956,2.1704937990249853,False,7.2999999999999545,11.83428649320085,17.134293438992806,65.72666640201172,128.6302911423964,20.823888888885964,34.63200000001088,7.997922789284241,-1.2182168407839526,32.1381843591687,-7.185248651399206
1605312.0,0.4849,-2.7645,9.7075,-0.01,-0.0033,9.8066,-0.0734,0.0884,-0.0473,246.72,-86.74,-150.2,52.96685,-1.755612,21.05,6,38.65,24 / 25,3.9359118237493753,18.419408822398267,0.5923137500000987,33.977095819225966,137.6541357489027,2.230883924024939,False,7.399999999999864,11.870769094000915,17.02647907154817,66.90537979989402,130.32045402787648,20.75611111111509,34.8840000000054,7.934857270251539,-1.3929297508500973,32.928283980668056,-7.33368172102621
1605412.0,-0.0687,-0.461,9.9687,-0.0025,0.0065,9.8066,-0.0159,0.0476,-0.024,244.38,-86.73,-150.53,52.96685,-1.755612,21.05,6,38.65,24 / 25,4.052900536413123,18.475400210552515,0.595458750000103,34.376536437234634,139.49887620055276,2.29027254902503,False,7.5,11.939113066458987,17.064128550812484,68.09748766816709,132.03285589737857,20.826111111111107,34.979,7.886212530045864,-1.4112716597400308,33.72095123093246,-7.46602030317419
1605512.0,-0.154,-1.1463,10.7601,-0.0095,0.0184,9.8066,0.1173,-0.0363,-0.0925,246.79,-86.82,-150.33,52.96685,-1.755612,21.05,6,38.65,22 / 24,4.108194358505302,18.47001592773073,0.6512337500000522,34.78459118198018,141.34614700746525,2.3526071740249814,False,7.599999999999909,12.05101962768157,17.01082063285065,69.29629277170233,133.72301878285737,20.84694444444518,35.315000000002904,7.942825269176269,-1.4591952948800824,34.51170158972214,-7.623128224607882
1605612.0,-0.8565,-0.8535,10.1129,-0.0069,0.0266,9.8066,0.0226,0.014,-0.1002,244.22,-86.8,-147.66,52.96685,-1.755612,21.05,6,38.65,22 / 24,4.198311496116619,18.437728703423474,0.7142187500001382,35.19991647471185,143.1915342390255,2.420879799025084,False,7.7000000000000455,12.145651096901705,17.00998545300302,70.51518958086666,135.41318166763338,20.901111111111874,35.52800000000754,7.947339600785086,-1.4277432504204555,35.31527310615481,-7.778352571392105
1605713.0,-0.6429,-0.7356,10.6409,0.0147,0.0161,9.8066,0.0175,0.0402,-0.0089,247.08,-86.56,-149.16,52.96685,-1.755612,21.05,6,38.65,22 / 24,4.279851085706169,18.374075823403267,0.7718140000000729,35.628063685093416,145.05053036762814,2.4959244529000095,False,7.800999999999931,12.236891194885102,16.975354932732326,71.73971206764713,137.14237397188512,20.926163888885522,35.78642000001474,7.957040109178933,-1.3987208906709405,36.11164838255372,-7.9081563957430205
1605812.0,-0.3125,-1.7898,9.9387,0.0011,0.0244,9.8065,0.0408,0.0504,-0.0652,245.45,-86.33,-150.55,52.96685,-1.755612,21.05,6,38.65,22 / 24,4.39000851356893,18.354462957018587,0.8196458500000405,36.057221735257244,146.8685930372578,2.5747017154749616,False,7.899999999999864,12.291438538069771,16.84032976417425,72.9596804344492,138.80462693030725,20.848888888890023,36.12500000002899,7.901430024500841,-1.5141331928443371,36.90245869919195,-8.063966106950545
1605912.0,1.7295,-0.3077,10.3899,-0.0035,0.0037,9.8066,-0.0228,0.0448,-0.0345,246.25,-86.3,-149.59,52.96685,-1.755612,21.05,6,38.65,22 / 24,4.434336277835573,18.435115015603593,0.8554108500000894,36.49843897482807,148.7080719358914,2.6584545504750823,False,8.0,12.45278272672568,16.746304840702997,74.19866894919036,140.4725508301099,20.86888888888889,36.635,8.018446448890106,-1.6888101749005955,37.700229974362294,-8.235521105781515
1606012.0,-0.1007,0.2081,10.1223,-0.0107,-0.0181,9.8066,-0.125,-0.0817,0.0445,244.72,-86.38,-149.36,52.96685,-1.755612,21.05,6,38.65,22 / 24,4.383691832658574,18.48365842817454,0.9003558500000486,36.93934038035238,150.55401060807864,2.7462428854750094,False,8.099999999999909,12.552323313912359,16.895556282427176,75.45105193446824,142.17383320730582,21.04805555555322,36.61000000001591,8.168631481253785,-1.5881021457473636,38.51171155411586,-8.380177400772823
1606112.0,0.0964,-1.2262,9.4012,-0.0194,0.0147,9.8065,-0.0531,-0.0347,-0.0219,242.99,-86.44,-151.34,52.96685,-1.755612,21.05,6,38.65,22 / 24,4.4070273171844585,18.478359929061423,0.8958658500000425,37.37887633784513,152.40211152594296,2.8360539704751364,False,8.200000000000045,12.788715548702594,16.501380668021145,76.7369210957838,143.78615964298146,20.87694444444805,37.775999999986375,8.381688231518137,-1.9769792610402774,39.35804475793867,-8.615951882961497
1606212.0,-2.34,-2.1195,10.6169,0.0141,0.0202,9.8065,0.0999,-0.179,0.0273,243.71,-86.43,-150.56,52.96685,-1.755612,21.05,6,38.65,22 / 24,4.584705020495608,18.42390345396744,0.9161058500000241,37.82846295472872,154.2472246950927,2.9266525554750573,False,8.299999999999955,12.729455761482173,16.700727247169386,78.00269855148294,145.46520303603512,20.998888888888338,37.31499999998829,8.144750740986565,-1.7231762067980547,40.174235596754215,-8.782021659057591
1606312.0,-0.0473,-1.9104,10.1236,0.0016,0.0108,9.8066,0.0431,-0.154,0.1335,243.11,-86.22,-152.78,52.96685,-1.755612,21.05,6,38.65,22 / 24,4.796180533361858,18.378423877946908,0.9724658499999729,38.29750723242117,156.08734106168674,3.0210811404749713,False,8.399999999999864,12.642624169560818,16.75054965293292,79.25508153676114,147.15536592080662,20.986111111116667,37.04400000000187,7.84644363619896,-1.6278742250139864,40.95757430433997,-8.931975140880127
1606412.0,0.2849,-1.3734,9.8992,0.0102,-0.0117,9.8066,0.0476,-0.2412,0.1046,242.17,-86.12,-151.51,52.96685,-1.755612,21.05,6,38.65,22 / 24,4.915285685297672,18.435272930113005,0.9929408500000009,38.78308054335481,157.92802590209226,3.119351475475104,False,8.5,12.711218722330582,16.82127490031849,80.52085899237166,148.8455288061663,21.08388888888889,37.077,7.79593303703291,-1.6139980297945158,41.73777844901685,-9.082497095925959
1606512.0,1.1706,-2.9193,10.4271,-0.0085,0.0006,9.8066,0.0516,-0.3451,0.1798,241.15,-86.13,-152.62,52.96685,-1.755612,21.05,6,38.65,23 / 23,5.048233561508794,18.57236718404294,1.0285908499999685,39.28125650569468,159.77840790779837,3.220428060475011,False,8.599999999999909,12.84181730299199,16.764844133009774,81.80672815367146,150.50233321366116,21.118055555555692,37.452000000001526,7.793583741483196,-1.807523051033165,42.52547164797678,-9.276074694137208
1606612.0,-0.1863,-0.7508,10.4783,0.0522,-0.0067,9.8065,0.0308,-0.3351,0.2232,241.9,-86.18,-153.78,52.96685,-1.755612,21.05,6,38.65,23 / 23,5.164675451555627,18.674220954367506,1.0931958500000567,39.791901956348596,161.64073731472143,3.326517395475157,False,8.700000000000045,12.880660613007135,16.747636063965228,83.08590007983655,152.18137660530255,21.12805555555225,37.56400000000532,7.715985161451509,-1.9265848904022782,43.29399812348795,-9.459360709418888
1606712.0,2.0531,-2.7088,10.4871,0.0138,0.0031,9.8066,0.0525,-0.2366,0.1033,243.4,-85.92,-151.76,52.96685,-1.755612,21.05,6,38.65,23 / 23,5.2560799189720075,18.807225529850385,1.1608008499999953,40.312939724874504,163.51480963893061,3.439217230475057,False,8.799999999999955,12.864686159601224,16.61856721410934,84.37176924114976,153.82706151966605,21.01611111111914,37.7439999999914,7.608606240629216,-2.188658315741044,44.05882951627526,-9.687748119264569
1606812.0,-0.7586,-1.6315,9.6734,0.06,-0.0218,9.8064,-0.0063,-0.104,0.029,246.49,-85.66,-147.75,52.96685,-1.755612,21.05,6,38.65,23 / 23,5.398782189451647,18.929406307813192,1.1881608499999705,40.8456828302952,165.4016412308121,3.5566653154749486,False,8.899999999999864,12.920132910199548,16.81049118282664,85.65763840246335,155.51722440443564,21.20194444443985,37.54500000000631,7.521350720747901,-2.1189151249865503,44.811955572168145,-9.884416826376452
1606912.0,-2.6905,2.4591,9.4855,0.0419,-0.0359,9.8064,-0.0064,0.0694,-0.0092,250.38,-85.74,-146.74,52.96685,-1.755612,21.05,6,38.65,23 / 23,5.3940408539638325,18.732572246380442,1.1654408499999396,41.385323982466716,167.28474015852433,3.6743454004751044,False,9.0,12.903293229713915,16.72143410105486,86.95020479892989,157.17402881181343,21.121111111111112,37.656,7.509252375750083,-2.0111381453255817,45.56488081646317,-10.1107113467109
1607011.0,-1.4738,1.4364,9.537,0.0283,-0.0314,9.8066,-0.0784,0.1955,-0.0909,251.75,-85.78,-145.36,52.96685,-1.755612,21.05,6,38.65,23 / 23,5.254437498690913,18.44948117165254,1.1361962499999596,41.91242366092277,169.12525180271572,3.788276436925022,False,9.098999999999933,13.028178712959736,16.70948042305788,88.23647579440107,158.82527347273478,21.188211111112043,37.94310000000398,7.773741214268823,-1.7400007485946603,46.324052133478304,-10.299978329980945
1607112.0,-4.5802,0.6726,8.6733,0.0469,-0.0218,9.8064,-0.1179,0.5644,-0.3048,248.46,-85.98,-144.39,52.96685,-1.755612,21.05,6,38.65,23 / 23,5.237136795474765,18.102319744105653,1.0653447499998805,42.442248162778725,170.97111774896356,3.899454257425138,False,9.200000000000045,12.948859328358344,16.71886064990212,89.53533759206164,160.5209961033758,21.14694444444536,37.758000000005,7.711722532883579,-1.383459094203534,47.09308942928291,-10.450121645587757
1607213.0,2.1025,-1.9457,10.2877,-0.0028,-0.002,9.8066,-0.1146,0.5444,-0.2927,255.58,-86.39,-142.88,52.96685,-1.755612,21.05,6,38.65,23 / 23,5.333318898788719,17.976748064211613,1.032403599999918,42.97605617533843,172.79311067328152,4.0053905491000075,False,9.30099999999993,13.019083804164255,16.699553743961655,90.84792872188973,162.20448729372652,21.1748444444306,37.940420000057856,7.685764905375536,-1.2771943202499578,47.8718725465513,-10.588623379555003
1607312.0,-3.3516,2.6128,9.7133,0.0614,-0.0109,9.8064,-0.1048,0.4901,-0.2188,254.97,-86.36,-140.51,52.96685,-1.755612,21.05,6,38.65,23 / 23,5.292022559784902,17.88443974426632,1.051594749999905,43.50201057753746,174.56823946979998,4.108548467424929,False,9.399999999999864,13.201655190283411,16.147087409080722,92.16735103162432,163.74564897683803,20.85694444446814,39.2690000000129,7.909632630498509,-1.737352335185598,48.66534045408686,-10.82259049296195
1607411.0,1.0565,-2.2722,11.1647,-0.0339,0.0273,9.8065,-0.0346,0.2025,-0.084,251.8,-86.37,-143.66,52.96685,-1.755612,21.05,6,38.65,23 / 23,5.274671736319166,17.751300613630537,1.1141974000000063,44.02506194519546,176.33220861751872,4.215755178850098,False,9.499000000000024,13.52742077341299,16.41370718374531,93.50666412991299,165.37487704124132,21.269719444444785,39.49373000000019,8.252749037093825,-1.337593429885228,49.48160218471753,-10.957331576277397
1607512.0,-0.6083,-0.3446,9.8442,0.0248,0.0094,9.8066,-0.0483,0.1525,-0.0493,253.99,-86.1,-140.86,52.96685,-1.755612,21.05,6,38.65,23 / 24,5.365917216662158,17.78819561300464,1.1846751999999265,44.562411687320406,178.12695317696176,4.3318482451499625,False,9.599999999999909,13.328342745263988,16.4644198906139,94.83954788243572,167.0481382978707,21.183055555553686,38.99099999999558,7.96242552860183,-1.3237757223907387,50.27713619511532,-11.078814879091055
1607612.0,-2.9438,0.2512,9.433,-0.0555,0.0276,9.8064,0.0519,-0.0968,0.0764,250.64,-86.27,-142.79,52.96685,-1.755612,21.05,6,38.65,23 / 24,5.402033326249644,17.595771768241345,1.1678701999999037,45.10080921446673,179.8961515460265,4.449475515150114,False,9.700000000000045,13.14946409926675,16.432601340120826,96.15220598465038,168.69382321365003,21.046111111111433,38.6670000000225,7.747430773017106,-1.1631704281205195,51.05139677018365,-11.202328332376453
1607712.0,-3.8991,1.097,9.4829,-0.0226,0.0052,9.8066,0.0314,-0.2002,0.086,252.95,-86.16,-141.88,52.96685,-1.755612,21.05,6,38.65,23 / 24,5.418143217421289,17.22512361007777,1.1330001999999355,45.641818041649785,181.63719631494087,4.564519035150002,False,9.799999999999955,13.373435267403174,16.26487437655676,97.48495579250358,170.31726914174521,21.056944444448767,39.42800000004397,7.955292049981885,-0.960249233521008,51.8431377508538,-11.319927173195651
1607812.0,-1.0767,1.2001,9.1724,-0.0378,0.0262,9.8064,0.0694,-0.3051,0.2154,255.66,-85.98,-141.73,52.96685,-1.755612,21.05,6,38.65,23 / 24,5.351432422349319,16.931631928995387,1.0851001999999792,46.180296823637825,183.34503409189298,4.675424055149897,False,9.899999999999864,13.725167720561927,16.100809584215188,98.86458624685052,171.92959557812065,21.156944444430344,40.44599999997675,8.373735298212608,-0.8308223447801986,52.6842894232127,-11.41543851377233
1607912.0,0.9658,-1.1487,10.4215,-0.0351,0.0029,9.8065,0.1197,-0.3234,0.1551,250.85,-86.02,-143.97,52.96685,-1.755612,21.05,6,38.65,23 / 24,5.318874559377128,16.90459880957909,1.084130199999978,46.71381217272487,185.036845628824,4.783885575150043,False,10.0,13.45031532349704,16.00845564901255,100.2040332898251,173.50856353569512,20.908888888888885,40.037,8.131440764119912,-0.8961431605665382,53.49022111710023,-11.528282093128894
1608012.0,-0.0915,0.2588,10.2297,-0.0143,-0.0003,9.8066,0.0376,-0.275,0.2058,253.27,-85.86,-143.96,52.96685,-1.755612,21.05,6,38.65,23 / 24,5.320542390123174,16.93592187889318,1.1360251999999307,47.245783020199404,186.72887166324608,4.894893345149938,False,10.099999999999909,13.740336654606576,15.854448858851782,101.5836637441743,175.0764120016621,20.979999999996956,40.91400000000869,8.419794264483402,-1.081473020041397,54.3378807239749,-11.652459661583976
1608112.0,0.7638,-2.2943,10.0073,-0.0281,0.0253,9.8065,0.0641,-0.3187,0.2528,249.52,-85.72,-144.63,52.96685,-1.755612,21.05,6,38.65,23 / 24,5.378197261003446,16.97841040549331,1.1672101999999733,47.78072000275647,188.4245882774677,5.01005511515009,False,10.200000000000045,13.767799879959878,15.533783477792673,102.96329419851295,176.61090198894078,20.756944444439984,41.55100000000674,8.389602618956431,-1.4446269277006376,55.18257419575649,-11.813686288526924
1608212.0,-3.5068,-0.2114,9.6069,0.0066,-0.0122,9.8066,-0.0355,-0.1422,0.1316,253.71,-85.59,-139.8,52.96685,-1.755612,21.05,6,38.65,23 / 24,5.506162187429809,16.86377021016761,1.1672551999999734,48.32493797517763,190.1166973082492,5.126778385149981,False,10.299999999999955,13.729010985742859,15.36639425748924,104.32953018242627,178.12315299207168,20.60611111110601,41.778999999990454,8.222848798313048,-1.497375952678368,56.004592207248635,-11.99354431617752
1608312.0,0.5957,-1.4032,10.7721,-0.0276,0.0122,9.8066,-0.1222,-0.0588,0.1397,257.41,-85.62,-138.99,52.96685,-1.755612,21.05,6,38.65,23 / 24,5.600326793345687,16.7193874284798,1.2055401999999387,48.8802624242159,191.79585519018005,5.245418155149869,False,10.399999999999864,13.591322648587065,15.33089590041385,105.68906893113652,179.61316500893764,20.488055555550552,41.55800000004178,7.990995855241378,-1.3884915280659484,56.80880650692062,-12.182690181242407
1608412.0,-3.9507,2.4924,8.811,0.0494,-0.0107,9.8064,-0.004,0.2311,-0.0591,258.32,-85.6,-137.99,52.96685,-1.755612,21.05,6,38.65,23 / 24,5.55218025989333,16.52276685097533,1.2040301999999368,49.43788777687861,193.45796290415507,5.365896675150027,False,10.5,13.727611768245243,15.090151594345718,107.06869938538848,181.10317702569856,20.4,42.293,8.175431508351913,-1.432615256629612,57.63081160850987,-12.35478587845651
1608512.0,-1.1717,1.7267,9.8641,-0.0148,-0.0086,9.8065,-0.0302,0.3424,-0.156,257.81,-85.49,-136.23,52.96685,-1.755612,21.05,6,38.65,22 / 23,5.369956833623279,16.20638807678608,1.1571201999999796,49.98399463155395,195.09442065054165,5.4839541951499156,False,10.599999999999909,13.760836826189989,15.084308486394722,108.44163260451981,182.60430853569764,20.41805555555539,42.3729999999998,8.39087999256671,-1.1220795903913583,58.45763797296586,-12.49011211484401
1608612.0,-4.6996,3.2437,8.3342,0.0554,-0.0133,9.8064,-0.1218,0.5478,-0.2915,256.18,-85.6,-137.22,52.96685,-1.755612,21.05,6,38.65,22 / 23,5.168845458463384,15.841243890553558,1.0863701999998832,50.510934746159,196.6968022489108,5.596128715150062,False,10.700000000000045,13.74883959240687,15.079084207642262,109.80786858846314,184.11655953741766,20.406111111108387,42.358000000005966,8.579994133943487,-0.762159682911296,59.296933842304135,-12.580242711493156
1608711.0,-3.1376,0.0611,9.8626,0.0414,-0.0242,9.8065,-0.0563,0.5207,-0.2849,257.99,-85.47,-134.16,52.96685,-1.755612,21.05,6,38.65,22 / 23,5.070367546125062,15.40199298515864,1.016253449999931,51.01777578988578,198.2433424742575,5.700208585824982,False,10.798999999999978,13.739633718933774,14.963755034771479,111.1604422125379,185.59167143411526,20.314811111107115,42.55798000000875,8.669266172808712,-0.43823795038716185,60.14266642265212,-12.651671040142247
1608811.0,1.3992,-0.5319,10.0834,0.0107,-0.0191,9.8066,-0.0007,0.2156,-0.1009,263.36,-85.6,-130.75,52.96685,-1.755612,21.05,6,38.65,22 / 23,5.089243926766531,15.299593850271991,1.0328884499999158,51.5257563635299,199.77842181602765,5.802665680824881,False,10.898999999999887,13.815173167360882,15.053307012405739,112.53993872218332,187.10370004738547,20.431863888895673,42.54415999999909,8.72592924059435,-0.24628683786625238,61.01418235865342,-12.674721768642172
1608911.0,-3.029,0.3555,9.0865,0.0429,-0.0156,9.8064,0.0024,0.0998,-0.0104,261.17,-85.58,-130.0,52.96685,-1.755612,21.05,6,38.65,22 / 23,5.083552770158794,15.19969022988744,1.0107184499998856,52.03439619837686,201.3033860200377,5.904846025825011,False,10.999000000000024,13.821630583323497,14.860258005880594,113.91293891355758,188.58292615650763,20.294455555555444,42.926140000000316,8.738077813164704,-0.3394322240068455,61.87854271518072,-12.720459863530067
1609012.0,0.7183,0.3267,10.2082,-0.0232,-0.0092,9.8065,0.0581,-0.1296,0.0921,263.25,-85.78,-129.46,52.96685,-1.755612,21.05,6,38.65,22 / 23,5.038665732925151,15.059550379487101,0.9946291499999038,52.54556823278202,202.83147767080936,6.006116079624885,False,11.099999999999909,13.80303924707493,14.78796988172115,115.29960146487878,190.07660760619092,20.228888888888154,43.02699999999933,8.764373514149778,-0.2715804977659513,62.75403323209676,-12.754870064618444
1609111.0,-3.2619,0.2609,9.4891,0.0278,-0.0039,9.8065,-0.0151,-0.0138,0.0709,260.56,-85.61,-128.94,52.96685,-1.755612,21.05,6,38.65,22 / 23,5.002893131678994,14.91149570889084,0.9987871499999106,53.042625396580725,204.31504445218647,6.104790186475035,False,11.19900000000007,13.754144252253555,14.760619309166358,116.65217508896983,191.54071120469027,20.17553888888729,42.97848999999855,8.751251120574562,-0.1508763997244813,63.6095496923891,-12.774333247496202
1609212.0,-2.6915,0.1745,9.3942,-0.006,-0.0096,9.8066,0.0033,-0.0289,0.1111,262.0,-85.62,-129.24,52.96685,-1.755612,21.05,6,38.65,22 / 23,4.9974547046838955,14.590213411237915,0.9619221499999525,53.54764296231648,205.80488076275128,6.203806006124916,False,11.299999999999955,13.777818246818837,14.591044449879515,118.0387706679404,193.01215366951465,20.068055555552316,43.35800000000855,8.780363542134943,0.000831038641599946,64.49112770562391,-12.792727093236635
1609312.0,-2.3405,0.5131,9.4441,0.0113,-0.0102,9.8065,-0.0397,-0.0285,0.0157,262.32,-85.6,-126.83,52.96685,-1.755612,21.05,6,38.65,22 / 23,4.968087791326487,14.316185998058115,0.9231721499999879,54.04592008711655,207.25020073321477,6.298060721124827,False,11.399999999999864,13.77647916628945,14.488992105330198,119.41170388708471,194.4465682235463,19.99305555555549,43.555999999990675,8.808391374962962,0.17280610727208234,65.36578379996817,-12.80363250966846
1609412.0,-0.8033,1.52,9.6226,0.0096,0.0055,9.8066,-0.0715,-0.0256,0.072,263.34,-85.55,-125.92,52.96685,-1.755612,21.05,6,38.65,22 / 23,4.857570379728611,14.128278989995893,0.8958421499999507,54.53720299566997,208.67242398261942,6.389011436124948,False,11.5,13.734187048567488,14.527558252669792,120.77793987090203,195.90322176232533,19.991944444444446,43.392,8.876616668838878,0.39927926267389857,66.24073687523206,-12.76920222029409
1609514.0,-2.1666,1.0241,10.057,0.0069,-0.0018,9.8066,0.0126,-0.0175,0.084,266.38,-85.49,-124.42,52.96685,-1.755612,21.05,6,38.65,23 / 24,4.7089893643034895,13.945930977749665,0.8992234499999462,55.02509754261495,210.1042086909725,6.480559781724819,False,11.601999999999862,13.788017174618522,14.411304585495019,122.17779597562402,197.37811126940716,19.944827777776915,43.733759999991086,9.079027810315033,0.4653736077453541,67.15269843300908,-12.726097421565356
1609612.0,-1.73,1.383,9.5744,0.0287,0.0083,9.8065,-0.0664,0.1117,-0.0566,267.75,-85.27,-125.45,52.96685,-1.755612,21.05,6,38.65,23 / 24,4.570568527957472,13.732264415135685,0.900110349999948,55.47979587933659,211.46044026522642,6.568727137924979,False,11.700000000000045,13.581010189461818,14.520601816924346,123.49701736831021,198.8165288400907,19.881944444443388,43.08500000001519,9.010441661504345,0.7883374017886613,68.01722148897362,-12.643911425135713
1609712.0,-1.9603,0.7062,10.5786,-0.0056,-0.0082,9.8066,-0.0401,0.2339,-0.0171,265.91,-85.34,-125.67,52.96685,-1.755612,21.05,6,38.65,23 / 24,4.4454304224481875,13.5251732426362,0.9270953499999235,55.93059582685647,212.82331214811379,6.66008742292489,False,11.799999999999955,13.686015248650737,14.372234093847684,124.86325335226373,200.22870440856394,19.84611111111339,43.59899999999447,9.24058482620255,0.8470608512114843,68.93265752540725,-12.594607739549843
1609811.0,-3.3758,1.6269,9.4191,0.0164,-0.0018,9.8066,-0.0266,0.2756,-0.1024,261.69,-85.36,-127.15,52.96685,-1.755612,21.05,6,38.65,23 / 24,4.332036213631444,13.229824666277894,0.9461231499999107,56.365080425342114,214.14768454460415,6.7528117386748185,False,11.898999999999887,13.690142002490761,14.440386675826629,126.21582697635169,201.65978311455575,19.898361111114117,43.47227999999271,9.358105788859318,1.2105620095487346,69.85074655100958,-12.487901430048396
1609911.0,-1.8694,0.058,9.8765,0.0063,-0.0102,9.8066,-0.0329,0.1841,-0.054,262.08,-85.39,-126.82,52.96685,-1.755612,21.05,6,38.65,23 / 24,4.2563739010587645,12.937786015175664,0.9302381499998891,56.79450093107721,215.45606507867862,6.8466298036749365,False,11.999000000000024,13.64925323755419,14.428327086176397,127.58206296014376,203.0943088634097,19.861488888888857,43.41060999999995,9.392879336495426,1.4905410710007327,70.78756202906655,-12.361756215268912
1610012.0,-0.8426,-0.6102,9.5529,0.021,-0.0186,9.8065,-0.0363,0.1397,0.0231,264.11,-85.36,-124.65,52.96685,-1.755612,21.05,6,38.65,23 / 24,4.2712093775277475,12.784863092506878,0.9209511999998996,57.22514388664534,216.75505885861512,6.94011486584982,False,12.099999999999909,13.739427048097012,14.322337385039098,128.96196130390825,204.53194806984624,19.846944444444553,43.80999999999708,9.468217670569263,1.5374742925322202,71.73681741726291,-12.223110788768878
1610112.0,-0.6001,-0.2554,9.4998,0.0328,-0.0196,9.8065,0.0166,0.0234,0.026,265.11,-85.37,-123.66,52.96685,-1.755612,21.05,6,38.65,23 / 24,4.290659514237516,12.698422586028446,0.8929211999998614,57.65323733123419,218.02922314254363,7.030808485849931,False,12.200000000000045,13.691392203561401,14.379388183373187,130.32819728782454,205.9663626238799,19.85499999999684,43.59599999999536,9.400732689323885,1.6809655973447413,72.67495995659036,-12.06286051866374
1610212.0,-0.5413,-0.1548,10.3103,0.0213,-0.0183,9.8066,0.0343,-0.1071,0.0842,266.67,-85.4,-122.15,52.96685,-1.755612,21.05,6,38.65,23 / 24,4.284324508925313,12.62487614287072,0.9027611999998525,58.08198653239194,219.29538807898743,7.120592605849835,False,12.299999999999955,13.578405862040803,14.339197762457616,131.68103880131554,207.40077717790982,19.748055555552135,43.43899999999762,9.29408135311549,1.7143216195868956,73.5990522689236,-11.894610901077613
1610311.0,-4.2784,3.4999,9.2736,0.0452,0.0086,9.8065,0.0957,-0.2117,0.1288,260.19,-85.33,-124.05,52.96685,-1.755612,21.05,6,38.65,23 / 24,4.1291412266949905,12.34111434361309,0.9013058999998536,58.498453086304856,220.53120460806753,7.20989392729976,False,12.398999999999887,13.51093809592674,14.29513488506018,133.01372163680662,208.80983928749836,19.66968055555105,43.384549999996864,9.38179686923175,1.9540205414470915,74.51526855050176,-11.721365320569163
1610412.0,-1.8368,0.6499,9.8227,0.0027,-0.0014,9.8066,0.0476,-0.3269,0.1859,262.61,-85.47,-124.9,52.96685,-1.755612,21.05,6,38.65,23 / 24,3.9414884588809427,11.981154378099601,0.8751973999998244,58.90601988542689,221.7594791785154,7.299607343949844,False,12.5,13.571922220983797,14.37400066539587,134.38002459295873,210.25848679202986,19.768888888888892,43.356,9.630433762102854,2.392846287296269,75.47400470753183,-11.500992386485535
1610512.0,-3.6454,2.121,8.6595,0.0315,-0.0153,9.8066,0.1065,-0.2195,0.1301,259.95,-85.43,-124.53,52.96685,-1.755612,21.05,6,38.65,22 / 22,3.819111047633442,11.667326075324702,0.8186423999998758,59.29404986075226,222.94190320118554,7.384299333949752,False,12.599999999999909,13.483096230363072,14.445196988714669,135.72616887123212,211.6929013460604,19.760000000000055,43.02699999999932,9.66398518272963,2.7778709133899664,76.43211901047985,-11.24900185512513
1610613.0,-0.8363,-0.0023,10.6458,-0.0047,0.0075,9.8066,0.0928,-0.1806,0.1334,258.34,-85.52,-126.43,52.96685,-1.755612,21.05,6,38.65,22 / 22,3.725566058696849,11.40413699527842,0.8030883999998584,59.67505605462237,224.1070120862523,7.466196739349829,False,12.701000000000022,13.472313498889255,14.46053884862527,137.07894341238202,213.1528907315764,19.76386944444439,42.97379999999057,9.746747440192406,3.0564018533468484,77.40388735775966,-10.954121354675891
1610712.0,-2.1169,0.8209,10.7844,0.0173,0.0248,9.8065,0.0534,0.0661,0.0087,256.74,-85.45,-127.94,52.96685,-1.755612,21.05,6,38.65,22 / 22,3.690858350345644,11.230062566137917,0.8930249499997972,60.04216906286972,225.22740496454165,7.550154350174755,False,12.799999999999955,13.390850301819679,14.533395213079393,138.39836572214156,214.58396943826895,19.761944444444314,42.656999999990404,9.699991951474034,3.3033326469414757,78.35619665927184,-10.643435526272697
1610812.0,-2.5072,2.2947,10.1178,0.0044,0.0102,9.8066,0.0789,0.1797,-0.0948,256.36,-85.5,-128.46,52.96685,-1.755612,21.05,6,38.65,22 / 22,3.5656896655859747,10.9457957241766,0.9574699499997387,60.40499646366597,226.33619787905636,7.642679095174648,False,12.899999999999864,13.332376636879786,14.582915460764848,139.72441829477492,216.04062297715063,19.758888888888276,42.43499999999227,9.766686971293812,3.6371197365882484,79.31942183110895,-10.295574901905724
1610911.0,-1.9314,-1.2077,9.5941,-0.0121,0.0296,9.8066,0.0199,0.1764,-0.071,255.28,-85.57,-129.75,52.96685,-1.755612,21.05,6,38.65,22 / 22,3.5396933696242647,10.698063547335737,0.9623506499997466,60.75671292390944,227.40756891299796,7.7377102148747765,False,12.999000000000024,13.290853007345303,14.606271993728209,141.03721034158977,217.4827099812425,19.74816388888888,42.30035999999989,9.751159637721038,3.9082084463924716,80.28049741768032,-9.924858931755466
1611012.0,-4.737,0.3299,9.4025,0.0228,0.0167,9.8066,0.0378,0.1073,0.0144,254.67,-85.6,-130.48,52.96685,-1.755612,21.05,6,38.65,22 / 22,3.643453990727214,10.360181119644842,0.931207299999782,61.11946186560678,228.47101026867927,7.833334891349645,False,13.099999999999909,13.29120772085755,14.709671047343033,142.37652343996143,218.96504954794446,19.82500000000064,42.09999999999585,9.647753730130336,4.34948992769819,81.25706157435465,-9.505960720734805
1611112.0,-1.6459,-2.5939,9.6505,0.0007,-0.0117,9.8066,0.0865,-0.0525,-0.001,252.76,-85.59,-131.1,52.96685,-1.755612,21.05,6,38.65,22 / 22,3.8120352253945935,10.062958561187443,0.9031922999997438,61.492236326413376,229.49216725272228,7.925054871349746,False,13.200000000000045,13.244261970609836,14.814982310379143,143.6958787773665,220.44394207238778,19.87194444444199,41.795999999998024,9.432226745215242,4.7520237491917,82.20364245095311,-9.048225180334498
1611212.0,-1.3406,-0.1926,10.043,0.0245,-0.0009,9.8066,0.0518,-0.0267,0.027,253.81,-85.64,-128.08,52.96685,-1.755612,21.05,6,38.65,22 / 22,3.9620246655175193,9.936633191612755,0.9072022999997401,61.88093932095863,230.49214684036139,8.015574601349638,False,13.299999999999955,13.171646257618855,14.768475152191842,145.00853687956396,221.91171510369563,19.78888888888794,41.72899999999836,9.209621592101335,4.831841960579087,83.12759755860533,-8.580431736665759
1611312.0,-0.0507,-0.947,10.3585,0.0176,-0.0005,9.8065,0.0087,-0.1772,0.1611,256.37,-85.74,-127.42,52.96685,-1.755612,21.05,6,38.65,22 / 22,4.009617352519944,9.860004073261889,0.9466122999997043,62.279521421860146,231.48197870360423,8.108265331349525,False,13.399999999999864,13.147253001108712,14.760820817103495,146.31449774654467,223.39060762884262,19.76694444444558,41.69100000000722,9.137635648588768,4.900816743841606,84.03497632468452,-8.09137107476161
1611412.0,-0.4841,1.4228,9.5455,0.0129,0.004,9.8066,0.0525,-0.1339,0.0359,254.85,-85.85,-127.75,52.96685,-1.755612,21.05,6,38.65,22 / 22,3.9667129822648914,9.803347518969277,0.9611472999997241,62.67833793859993,232.46514628321714,8.203653311349626,False,13.5,13.19327437495674,14.746548128787316,147.63385308385392,224.85838066075382,19.786944444444444,41.818000000000005,9.226561392691849,4.943200609818039,84.955515145254,-7.606765622463314
1611512.0,-3.8689,0.6904,9.0592,0.004,0.0006,9.8066,0.0131,-0.1774,0.1357,251.48,-85.94,-128.21,52.96685,-1.755612,21.05,6,38.65,24 / 26,3.9069392340167073,9.542475067022933,0.9107172999997701,63.07202054941365,233.43243741251587,8.297246541349516,False,13.599999999999909,13.036938716962595,14.795831470047961,148.92641948041148,226.3372731844865,19.719999999997462,41.38400000000023,9.129999482945887,5.253356403025029,85.85439893099783,-7.095164228029375
1611612.0,-1.6191,0.3716,9.6923,0.0028,-0.0318,9.8065,-0.0568,-0.092,0.1828,250.64,-86.19,-129.72,52.96685,-1.755612,21.05,6,38.65,24 / 26,3.9197227368954684,9.240067820294412,0.8676272999997114,63.46335364795979,234.37156455688302,8.386163771349612,False,13.700000000000045,12.918248232044052,14.652360824763967,150.21228864174094,227.79392672337346,19.53388888889738,41.400999999981735,8.998525495148584,5.412293004469555,86.74893499378115,-6.577637833509556
1611712.0,-3.1281,-0.4349,8.684,-0.0025,-0.0068,9.8066,0.0111,-0.0273,-0.0662,252.24,-86.43,-127.42,52.96685,-1.755612,21.05,6,38.65,24 / 26,3.9720438719652664,8.98990385900365,0.8057772999997677,63.85794197840247,235.28306314084708,8.46983400134951,False,13.799999999999955,12.947069904191187,15.00832524218099,151.4981578030672,229.31729721893146,19.821111111113357,40.782999999980476,8.97502603222592,6.018421383177339,87.64021582466472,-5.965765921915619
1611812.0,0.1627,-0.6146,10.049,-0.0166,-0.001,9.8066,-0.0119,0.0236,0.014,253.94,-86.56,-125.95,52.96685,-1.755612,21.05,6,38.65,24 / 26,4.041619900528112,8.839337599190655,0.7617622999998077,64.25862516702678,236.17452521375597,8.548210981349417,False,13.899999999999864,12.861887821968054,15.149593353263965,152.77732972920217,230.85178720620732,19.873055555554355,40.3309999999983,8.820267921439942,6.31025575407331,88.51870456217539,-5.322738007548651
1611912.0,-2.4828,1.4328,9.4505,0.0317,-0.0064,9.8066,-0.0237,0.1234,-0.0159,254.81,-86.47,-124.62,52.96685,-1.755612,21.05,6,38.65,24 / 26,4.005622616330172,8.693105611654074,0.7560722999998,64.66098729287025,237.0511473742994,8.6241027113495,False,14.0,12.840299018811155,15.140225207467225,154.04980442001667,232.38627719478967,19.851944444444445,40.301,8.834676402480984,6.447119595813151,89.38881712714642,-4.664870179509734
1612012.0,0.4233,0.0639,10.4821,-0.0235,0.006,9.8065,-0.0408,0.1663,-0.0926,254.12,-86.54,-125.72,52.96685,-1.755612,21.05,6,38.65,24 / 26,3.933442918857507,8.550079561236943,0.7720372999997855,65.05794056962927,237.91330663294318,8.70050819134941,False,14.099999999999909,12.686101456412251,15.237143952874113,155.31558187568925,233.92076718206536,19.826944444442113,39.77999999999079,8.752658537554744,6.68706439163717,90.25764130605998,-3.992539450877814
1612111.0,-0.2112,-1.913,9.8929,0.0046,0.0101,9.8066,0.0578,0.3463,-0.1297,252.89,-86.39,-126.46,52.96685,-1.755612,21.05,6,38.65,24 / 26,3.9922087541737574,8.563101139885042,0.8097414499998465,65.45026032744495,238.76040907765008,8.778806239474518,False,14.19900000000007,12.400846232017097,15.25281425038867,156.52891997965443,235.42890397267112,19.65781944443938,39.111749999979985,8.408637477843339,6.689713110503629,91.07865965220948,-3.331505104978959
1612211.0,0.5824,-1.8222,10.2258,-0.0276,0.0307,9.8065,-0.0075,0.2731,-0.155,256.26,-86.39,-126.28,52.96685,-1.755612,21.05,6,38.65,24 / 26,4.141578146978204,8.607202326275564,0.8350114499998236,65.85694967250218,239.61892425095732,8.861043884474427,False,14.298999999999978,12.206710215490068,15.428883811725656,157.74125349832897,236.98529936003357,19.67371111111188,38.349629999966965,8.065132068511865,6.8216814854500925,91.88430382582679,-2.6336248909237554
1612312.0,-1.1031,-0.2697,9.0164,-0.037,0.0118,9.8065,-0.0656,0.2084,-0.1515,252.35,-86.5,-130.6,52.96685,-1.755612,21.05,6,38.65,24 / 26,4.226959463501623,8.58443770333984,0.8162708999998449,66.27956082183093,240.4871020724519,8.944433643149315,False,14.399999999999864,12.300415641204992,15.427784051259767,158.9789695384729,238.52423714531244,19.73111111110348,38.564999999947645,8.07345617770337,6.843346347919928,92.69940871664198,-1.9628649271394636
1612412.0,-1.9044,0.2552,10.2839,-0.032,0.0117,9.8066,-0.0408,0.1367,-0.1147,246.68,-86.65,-133.63,52.96685,-1.755612,21.05,6,38.65,24 / 26,4.2579983966735755,8.417356520561142,0.8006208999998237,66.70380871484026,241.3371917836481,9.02527823314941,False,14.5,11.968900815440794,15.517269245224258,160.1643801714887,240.0809661180372,19.596944444444443,37.644,7.710902418767218,7.099912724663115,93.46057145664842,-1.2562256656109128
1612512.0,-0.5958,-1.5871,9.6241,0.0036,-0.0153,9.8066,0.0555,0.0215,-0.0669,247.24,-86.77,-133.47,52.96685,-1.755612,21.05,6,38.65,23 / 25,4.345325241411705,8.300875497672287,0.8153558999998103,67.13397489674414,242.17310338455903,9.106077073149317,False,14.599999999999909,11.917725757254537,15.816504920440885,161.35648803981917,241.69329255441377,19.803888888888945,36.99800000000174,7.5724005158428325,7.515629422768598,94.22251314307503,-0.4798108301452544
1612612.0,-1.758,-0.5193,8.4905,-0.0064,-0.0042,9.8066,0.1222,-0.0268,-0.0821,247.8,-86.92,-133.06,52.96685,-1.755612,21.05,6,38.65,23 / 25,4.463662858440666,8.205543172240901,0.7404208999997082,67.57442430173735,242.9984243180558,9.183865913149399,False,14.700000000000045,11.955269629093145,15.793371805522925,162.54859590813786,243.25002152725278,19.80805555555127,37.12499999997718,7.491606770652479,7.587828633282024,94.9741716064005,0.2515972091969729
1612711.0,-0.149,0.8018,10.0782,-0.0185,-0.0082,9.8066,0.0466,-0.1421,0.0255,246.73,-87.18,-131.72,52.96685,-1.755612,21.05,6,38.65,23 / 25,4.4635364479953905,8.085408381363417,0.6887131999997435,68.01632066740564,243.8048264199587,9.254608051099323,False,14.798999999999978,11.658440193982502,15.835809135215626,163.6890011206047,244.82420810356368,19.664505555549276,36.36071999996658,7.194903745987111,7.75040075385221,95.67268045319906,1.0193816836049905
1612812.0,-1.1868,-1.2129,10.0065,0.0023,0.0095,9.8066,0.0263,-0.0849,0.0974,249.46,-87.2,-131.99,52.96685,-1.755612,21.05,6,38.65,23 / 25,4.483580271311721,8.000856322499988,0.7125188999997166,68.46815006173013,244.61718278750286,9.325370272149216,False,14.899999999999864,11.77482989403873,16.09592637463984,164.8792337630575,246.46355490757819,19.94305555554054,36.187000000029386,7.291249622727008,8.095070052139853,96.41108370132737,1.8463721200753298
1612912.0,-0.0179,-1.089,10.4832,-0.0119,-0.0054,9.8066,0.0232,-0.0845,0.0501,249.41,-87.26,-133.49,52.96685,-1.755612,21.05,6,38.65,23 / 25,4.587971942132337,7.958692869531366,0.7563388999997765,68.92172767240295,245.41516024710552,9.398813162149292,False,15.0,11.761700351831056,15.777232733751877,166.05794716085595,247.99804489545318,19.67888888888889,36.704,7.173728409698719,7.818539864220511,97.136219488453,2.582884648347658
1613011.0,-1.4219,-1.5015,8.8467,0.0191,0.026,9.8065,0.1538,-0.0132,-0.0397,244.89,-87.21,-136.79,52.96685,-1.755612,21.05,6,38.65,23 / 25,4.712725155257831,7.917779721146862,0.7423105999997861,69.38211217872345,246.20104564034355,9.47299631239922,False,15.098999999999933,11.66224095536847,15.892860074662325,167.20498263621477,249.60525636496848,19.712713888889358,36.271369999994,6.949515800110638,7.975080353515463,97.82287045749132,3.4042107246249316
1613112.0,0.906,-0.8067,8.9281,-0.0039,0.0089,9.8066,-0.05,-0.1272,-0.0164,243.76,-87.39,-138.52,52.96685,-1.755612,21.05,6,38.65,23 / 25,4.80587310124948,7.915442280728248,0.6494663499996826,69.8628013906776,247.00062335143915,9.543281048374272,False,15.200000000000045,11.519393526580554,16.112685096067647,168.34840160449562,251.24493675377113,19.80694444444347,35.56199999997041,6.713520425331074,8.197242815339399,98.48560021381802,4.244313402331983
1613212.0,-1.2453,-0.078,9.984,-0.0189,-0.0075,9.8065,-0.1004,-0.0464,0.0638,246.52,-87.65,-134.87,52.96685,-1.755612,21.05,6,38.65,23 / 25,4.827939993598569,7.890413544020135,0.6144063499997146,70.34449204541957,247.79091614267585,9.606474683374184,False,15.299999999999955,11.217397385555627,16.284246303851297,169.45344541505972,252.90174115985104,19.77388888888505,34.56099999995036,6.389457391957057,8.393832759831163,99.10895336964015,5.110825017175188
1613312.0,0.0581,-1.6384,8.8837,-0.0302,-0.0133,9.8065,-0.0157,-0.1847,0.1148,250.05,-88.05,-132.12,52.96685,-1.755612,21.05,6,38.65,23 / 25,4.908375324975278,7.838881023886459,0.5771263499997484,70.83130781134783,248.57738087107046,9.666051318374103,False,15.399999999999864,10.83965505565384,16.431710296702388,170.52500304945784,254.55854556734562,19.685000000008067,33.41200000001472,5.931279730678561,8.59282927281593,99.69369523811001,5.981164696275158
1613412.0,-1.9406,-1.0523,9.7903,-0.0006,-0.0074,9.8066,0.0022,-0.1491,0.0608,246.16,-88.08,-134.3,52.96685,-1.755612,21.05,6,38.65,23 / 25,5.047855438421688,7.77534657016067,0.5301613499996845,71.32911934951835,249.3580922507739,9.72141570337415,False,15.5,10.99251930507033,16.50067408716209,171.62334962470152,256.2153499740161,19.826944444444443,33.671,5.944663866648642,8.72532751700142,100.29423027518317,6.857257723242185
1613512.0,0.7275,-1.6741,10.4946,-0.0279,0.0161,9.8065,0.0603,-0.1798,0.1183,235.95,-88.07,-144.92,52.968136,-1.754029,18.64,6,26.56,24 / 25,5.163840106462567,7.755508158085267,0.563741349999654,71.8397041267621,250.13463498718548,9.776110838374068,False,15.599999999999909,10.751087592747503,16.7234175510099,172.68821002395984,257.8943933663622,19.881111111111384,32.73599999998776,5.5872474862849355,8.967909392924632,100.84850589719774,7.759758379176702
1613611.0,-0.9197,-0.2108,9.8011,0.0174,0.01,9.8066,0.0286,-0.0867,0.158,235.32,-87.84,-145.1,52.968136,-1.754029,18.64,6,26.56,24 / 25,5.229445764031867,7.7692832946901005,0.5975201499997087,72.3541717773524,250.9031121640991,9.833593282624129,False,15.69900000000007,10.501041984238737,16.904834227805296,173.71590076770013,259.5786629204919,19.900911111111704,31.847969999973404,5.27159622020687,9.135550933115194,101.36172899034773,8.675550756392823
1613712.0,0.6688,0.0681,10.1236,-0.0048,-0.0048,9.8066,0.0576,-0.1612,0.0637,233.87,-87.92,-146.8,52.968136,-1.754029,18.64,6,26.56,24 / 25,5.224785800831484,7.7304971429777725,0.6132458499996909,72.8821104713774,251.68585107620044,9.894736965624029,False,15.799999999999955,10.568555900594072,17.125318396696038,174.78444464630982,261.30807761460096,20.123888888885265,31.679999999971617,5.3437700997625885,9.394821253718266,101.90233417493242,9.622226538400525
1613812.0,-1.1703,-0.363,9.6729,0.0045,0.0065,9.8066,0.0229,-0.0592,0.0238,236.11,-87.93,-144.47,52.968136,-1.754029,18.64,6,26.56,24 / 25,5.23281839561055,7.685581140491843,0.6224058499996826,73.40499068119902,252.4566549903732,9.956519550623941,False,15.899999999999864,10.3282577331011,17.1734880614961,175.80912163424568,263.02047948422376,20.039999999992954,31.02299999994822,5.095439337490551,9.487906921004258,102.40413095304666,10.563824493850547
1613912.0,-0.7668,-0.8984,8.9598,-0.0112,0.0093,9.8066,-0.0688,-0.0973,0.058,238.28,-87.87,-142.16,52.968136,-1.754029,18.64,6,26.56,24 / 25,5.3204881233450205,7.607352899644434,0.5733758499996158,73.93265600714753,253.22130169238108,10.016308635623988,False,16.0,9.991752082982494,17.228359530214668,176.78691797561726,264.7328813551405,19.916111111111114,30.112,4.671263959637473,9.621006630570234,102.85426196846973,11.511579662759402
1614013.0,-0.1688,-1.4547,9.6687,0.0057,-0.0159,9.8066,-0.042,-0.0292,0.0582,242.38,-87.84,-140.86,52.968136,-1.754029,18.64,6,26.56,24 / 25,5.428242824714321,7.5947611969849,0.5236434499996722,74.4754669200239,253.98900845426,10.071708110273889,False,16.100999999999885,10.114909925344062,17.281310907510832,177.8079114841948,266.4959881120132,20.023888888888887,30.340829999987573,4.686667100629741,9.686549710525933,103.33244456417088,12.50697965775322
1614112.0,-1.3685,-1.7018,9.4617,0.0071,-0.008,9.8066,-0.0028,-0.0028,-0.0084,240.09,-87.9,-140.19,52.968136,-1.754029,18.64,6,26.56,24 / 25,5.582405652111495,7.574915175869053,0.4997398999996336,75.02049401962766,254.73990743471748,10.122365586098937,False,16.200000000000045,9.839848236264837,17.439424099489067,178.76929959934452,268.2132825593477,20.023888888888806,29.43299999999208,4.257442584153342,9.864508923620013,103.74880557971686,13.473375124630223
1614212.0,0.3587,0.2525,9.7721,-0.0261,-0.0028,9.8066,-0.0152,0.076,-0.0707,239.19,-88.15,-140.62,52.968136,-1.754029,18.64,6,26.56,24 / 25,5.650560315039067,7.536999259529419,0.48076489999965094,75.58214231798468,255.4955031564867,10.171390826098856,False,16.299999999999955,9.756814608208781,17.482833260778072,179.74039870556663,269.95904290766157,20.02111111110281,29.1649999999965,4.106254293169714,9.945834001248652,104.15825638758196,14.463539751174864
1614312.0,-2.2046,-0.6615,9.7083,0.0043,-0.0042,9.8066,0.0552,0.0206,0.0249,243.14,-88.22,-141.03,52.968136,-1.754029,18.64,6,26.56,24 / 25,5.689369529740399,7.433122914896432,0.47411989999965704,76.14913881022314,256.2440092652073,10.219135066098778,False,16.399999999999864,9.638651532157157,17.328624619671,180.69810334135295,271.693683762843,19.82888888888696,29.08399999997567,3.9492820024167576,9.895501704774567,104.54896453112981,15.449674497635726
1614412.0,2.1047,-1.3213,10.5094,-0.0086,0.0057,9.8066,0.0707,-0.0785,-0.0217,235.95,-88.34,-148.65,52.968136,-1.754029,18.64,6,26.56,24 / 25,5.744890373582539,7.44396664898756,0.5043398999996983,76.72085180539007,256.9878637434025,10.268058056098813,False,16.5,9.492687420190945,17.37040329245549,181.64241350665117,273.42832461860945,19.794999999999998,28.656,3.7477970466084063,9.926436643467929,104.9215617012611,16.440460875206952
1614512.0,-1.1612,0.6792,9.7148,0.0297,0.0129,9.8066,0.066,-0.2026,0.0457,229.74,-88.11,-151.55,52.968136,-1.754029,18.64,6,26.56,22 / 22,5.736327139233386,7.469851928193391,0.5348848999996706,77.29491268103034,257.7335546722609,10.320019296098733,False,16.59999999999991,9.336208903120353,17.371166534634813,182.5666319663626,275.17408496763085,19.72111111110934,28.256000000003137,3.599881763886967,9.901314606441423,105.27171928533225,17.440530295369967
1614611.0,-3.7053,0.3518,9.4318,0.0295,-0.0001,9.8066,0.0344,-0.406,0.2187,229.61,-88.13,-150.61,52.968136,-1.754029,18.64,6,26.56,22 / 22,5.839335563921074,7.220682170087217,0.5117832499996333,77.86790798483742,258.46073611012696,10.371829369523782,False,16.69900000000007,9.34378656123697,17.22080614281869,183.48823850431842,276.8803711160631,19.592411111107257,28.48370000000682,3.504450997315896,10.000123972731474,105.620330519481,18.41963500593613
1614712.0,-0.7913,-0.6783,10.1173,0.022,-0.0027,9.8066,0.0147,-0.3724,0.1903,230.16,-88.19,-151.34,52.968136,-1.754029,18.64,6,26.56,22 / 22,5.984483331566209,7.024709559928856,0.5085411499996371,78.46501083905885,259.18012839249195,10.423355751723687,False,16.799999999999955,9.064841377960027,17.434194870784342,184.39497718012024,278.6433666779982,19.650000000001512,27.472000000002854,3.080358046393818,10.409485310855487,105.92996634106139,19.463238285506236
1614812.0,-3.6827,1.0858,9.2251,0.0456,-0.0159,9.8064,-0.0212,-0.1739,0.1681,232.02,-88.18,-149.36,52.968136,-1.754029,18.64,6,26.56,22 / 22,6.091377160326359,6.804945993981695,0.4949961499996494,79.06880386365293,259.87161117018684,10.473532616723606,False,16.899999999999864,9.101099898145694,17.454776012407567,185.30580116939367,280.3891270270187,19.68499999998345,27.53799999996618,3.0097227378193354,10.649830018425872,106.23699730574074,20.517515856831835
1614912.0,0.6335,0.2851,8.9446,0.0005,-0.0176,9.8065,-0.0535,-0.0116,0.1331,230.8,-88.19,-150.59,52.968136,-1.754029,18.64,6,26.56,22 / 22,6.115633530288492,6.609453094506869,0.42281614999955097,79.67915439818451,260.5423311246122,10.519423231723628,False,17.0,8.787446078301421,17.288832165751185,186.17644174728792,282.11264838965286,19.39388888888889,26.943,2.6718125480129293,10.679379071244316,106.49728734910342,21.57031726504067
1615012.0,-1.7104,-0.6793,9.2863,0.0246,-0.0263,9.8065,-0.05,-0.0564,0.0864,241.13,-88.23,-143.13,52.968136,-1.754029,18.64,6,26.56,22 / 22,6.137942872338289,6.535451614957697,0.3536961499996139,80.29183321831529,261.19957636008485,10.55824884672355,False,17.09999999999991,8.86852104895533,17.422739004075165,187.06047679573214,283.85840873867414,19.54999999999708,26.977000000000327,2.7305781766170405,10.887287389117468,106.76864357741685,22.658832378589295
1615112.0,0.1166,-0.9342,10.0691,0.0032,-0.0014,9.8066,0.0036,0.0589,0.0574,241.38,-88.22,-139.68,52.968136,-1.754029,18.64,6,26.56,22 / 22,6.226658352736182,6.475046043769371,0.34080114999959643,80.91006327956985,261.8501012430221,10.592973711723559,False,17.200000000000045,8.778711440826717,17.2284479376382,187.93111737370262,285.57081060830143,19.336111111110547,27.000999999985577,2.5520530880905348,10.75340189386883,107.02105409413277,23.720709365279333
1615212.0,-1.317,0.9754,8.6965,-0.0009,0.012,9.8066,0.0564,0.0364,-0.0668,245.79,-88.28,-138.41,52.968136,-1.754029,18.64,6,26.56,22 / 22,6.22569982931325,6.393954615910341,0.29841614999963506,81.53268118867176,262.4935512760055,10.624934576723492,False,17.299999999999955,8.623100531220775,17.28544126998219,188.78836348130304,287.30545146348095,19.31694444443904,26.51300000001767,2.397400701907525,10.891486654071848,107.25568229263128,24.81190018747543
1615312.0,0.8383,-1.5558,9.8771,-0.0379,0.03,9.8065,0.0953,0.1954,-0.1566,245.1,-88.51,-139.63,52.968136,-1.754029,18.64,6,26.56,22 / 22,6.238511566756978,6.356841634719293,0.24643114999968244,82.15589175847471,263.13109108853644,10.652176941723432,False,17.399999999999864,8.689672980016828,17.111993310508808,189.65900405927155,288.9956143489604,19.191944444441603,26.922000000008698,2.4511614132598503,10.755151675789515,107.50311230079684,25.864523260423937
1615412.0,-1.8093,2.9276,9.2026,0.0182,-0.02,9.8066,-0.0094,0.2949,-0.1404,249.93,-88.41,-134.45,52.968136,-1.754029,18.64,6,26.56,22 / 22,6.161383967772437,6.265441197512527,0.21975114999964612,82.77588653520202,263.7622052301489,10.67548605672343,False,17.5,8.712579197452175,17.044207251800277,190.52294740200165,290.6968967260376,19.141944444444444,27.075,2.551195229679738,10.77876605428775,107.74706086679963,26.93469149588873
1615512.0,0.6067,-1.0545,10.3029,-0.0414,0.0041,9.8065,-0.052,0.3073,-0.1609,242.17,-88.59,-139.69,52.968136,-1.754029,18.64,6,26.56,24 / 25,6.064539228287973,6.154155006859197,0.21436114999965106,83.38718269500448,264.3831850403669,10.697191671723376,False,17.59999999999991,8.509881640236888,17.18444505402557,191.36679903911298,292.4204180902077,19.176111111110753,26.345000000007065,2.445342411948914,11.030290047166373,107.97961634410849,28.03723304984078
1615612.0,-1.4761,1.0164,9.4702,0.0017,-0.0205,9.8066,-0.0392,0.2248,-0.1121,246.37,-88.51,-135.19,52.968136,-1.754029,18.64,6,26.56,24 / 25,6.0579952285700776,6.0893436498549995,0.222351149999662,83.99330941784821,264.99535997320345,10.719027286723371,False,17.700000000000045,8.653094436243656,17.083514178209438,192.23743961710932,294.12170046670104,19.14999999999045,26.862999999988713,2.595099207673578,10.994170528354438,108.24413019926111,29.126340493497594
1615712.0,-1.7368,-0.2068,10.4048,-0.0216,0.0209,9.8066,0.0139,0.1976,-0.0759,234.52,-88.51,-146.2,52.968136,-1.754029,18.64,6,26.56,24 / 25,6.079838667207889,5.907109261407555,0.23543614999965015,84.60020111263655,265.59518261876605,10.741916651723315,False,17.799999999999955,8.394953676845397,16.85166430588557,193.06789678381332,295.8118633521808,18.826944444456192,26.481000000027866,2.315115009637508,10.944555044478015,108.46769567117677,30.216680733414762
1615812.0,-2.2992,-0.0583,9.7569,-0.0153,0.0159,9.8066,-0.0398,0.1997,-0.1544,233.44,-88.47,-147.23,52.968136,-1.754029,18.64,6,26.56,24 / 25,6.192841262941114,5.720025384216289,0.26285614999962525,85.21383510914345,266.1765393510467,10.766831266723257,False,17.899999999999864,8.708115968163435,16.9981255753248,193.9452345970232,297.52426522250903,19.09888888887258,27.125999999942135,2.515274705222321,11.27810019110851,108.73139948787974,31.34772587146233
1615912.0,-0.6935,-1.2072,10.375,-0.019,0.0108,9.8066,0.0027,0.1465,-0.074,233.07,-88.41,-147.52,52.968136,-1.754029,18.64,6,26.56,24 / 25,6.316506964744667,5.605994578774749,0.2887861499996607,85.83930252052859,266.742840349197,10.794413381723258,False,18.0,8.278469939387719,16.89248913699571,194.76229729323194,299.20330861544386,18.811944444444443,26.108,1.9619629746430522,11.286494558220962,108.92299477270335,32.460468266246835
1616011.0,1.3651,-0.1919,10.0379,-0.0148,0.0133,9.8066,0.0208,0.1011,-0.0472,231.45,-88.53,-149.41,52.968136,-1.754029,18.64,6,26.56,24 / 25,6.334696717594165,5.641295870038319,0.3283663499996339,86.46553710280394,267.2995812264129,10.824962430473203,False,18.098999999999933,8.489670768376325,16.94465431055535,195.60434067683767,300.8875781688694,18.952469444446393,26.61191000000699,2.15497405078216,11.30335844051703,109.13880357403373,33.58799694245653
1616112.0,0.1742,-0.9809,9.6876,-0.0192,0.0188,9.8065,0.0165,-0.0097,-0.0518,227.36,-88.52,-153.66,52.968136,-1.754029,18.64,6,26.56,24 / 25,6.31560911233206,5.707972133965801,0.33403244999964027,87.10437754721592,267.8727192606157,10.858413569873203,False,18.200000000000045,8.376977355196983,16.734272847548244,196.44330333223792,302.56139540013936,18.71388888888874,26.592000000002304,2.0613682428649227,11.026300713582444,109.338925785022,34.688676139523636
1616212.0,1.1142,1.0458,10.5601,-0.0231,-0.0113,9.8066,0.0849,-0.049,-0.0177,226.91,-88.65,-154.36,52.968136,-1.754029,18.64,6,26.56,24 / 25,6.256807445548949,5.71903958590327,0.3657524499996115,87.7329983751094,268.44406984660867,10.893402814873134,False,18.299999999999955,8.39750664623369,16.718385256453633,197.28045773415738,304.2404387924848,18.70888888888769,26.670000000002897,2.1406992006847414,10.999345670550362,109.54745935904798,35.79636894587611
1616312.0,-0.0003,-0.4288,9.952,0.0123,0.0144,9.8066,0.1046,-0.2031,0.0275,220.14,-88.44,-162.34,52.968136,-1.754029,18.64,6,26.56,24 / 25,6.183814623734077,5.70618189635105,0.41069244999957066,88.35502947857299,269.0153309207209,10.932225059873058,False,18.399999999999864,8.404553782379857,16.68374622392507,198.11091490085937,305.908362691697,18.681111111099614,26.737000000003295,2.22073915864578,10.977564327574019,109.75588542228638,36.89303177097611
1616412.0,-1.2886,-0.061,9.8843,-0.007,0.0108,9.8066,0.0574,-0.1579,0.0747,211.75,-88.41,-169.88,52.968136,-1.754029,18.64,6,26.56,24 / 25,6.24806891652037,5.65598767819906,0.4218424499995859,88.97662365558656,269.58343939944916,10.973851804873073,False,18.5,8.330276572647731,16.49472117955007,198.9413720675028,307.56516709907476,18.47888888888889,26.795,2.0822076561273617,10.838733501351008,109.96474841191625,37.981727699625594
1616511.0,0.6675,-0.5256,10.0147,0.0203,-0.0046,9.8066,0.0093,-0.1456,0.0739,214.45,-88.28,-166.84,52.968136,-1.754029,18.64,6,26.56,24 / 25,6.28718723848475,5.6298888346554685,0.43598459999957634,89.5971188352589,270.14209028683507,11.016314243848003,False,18.598999999999933,8.341846815052037,16.45681452144834,199.76352466252476,309.1943951642931,18.45028888888849,26.88014000000118,2.0546595765672873,10.826925686792872,110.16640582726586,39.05230487745803
1616612.0,1.1329,0.5513,10.1359,0.0036,-0.0027,9.8066,-0.0573,-0.053,0.0871,215.17,-88.35,-166.19,52.968136,-1.754029,18.64,6,26.56,24 / 25,6.206262593777561,5.645216127111327,0.46311824999960666,90.22803805178884,270.71148308740493,11.061718937773012,False,18.700000000000045,8.279620672458428,16.57735749508707,200.59558916569054,310.8676564202265,18.52999999999246,26.540000000003843,2.073358078680867,10.932141367975744,110.3675511139017,40.156173332821595
1616712.0,0.5637,-2.021,9.7977,0.0046,-0.007,9.8066,-0.031,0.0899,-0.0434,222.54,-88.58,-158.79,52.968136,-1.754029,18.64,6,26.56,24 / 25,6.183875182720632,5.713883990956438,0.47913324999959217,90.84754494061319,271.2794380933078,11.108831512772928,False,18.799999999999955,8.202755111289108,16.330659312600734,201.41265186194332,312.4911023490305,18.27500000000035,26.66999999999162,2.0188799285684755,10.616775321644296,110.56510692133013,41.21166425572267
1616812.0,-1.1716,-1.2104,9.3424,0.0182,-0.0022,9.8066,-0.057,0.1546,-0.0442,227.95,-88.62,-156.22,52.968136,-1.754029,18.64,6,26.56,24 / 25,6.30399378187253,5.77054108295554,0.45547324999961375,91.47193838884228,271.8536593470029,11.155561837772845,False,18.899999999999864,8.151004935431743,16.365550372354843,202.22301732299186,314.1367872640981,18.283055555555162,26.476000000002898,1.8470111535592135,10.595009289399304,110.75107893414959,42.28312791709516
1616912.0,0.8547,0.1329,9.6144,0.0002,0.0217,9.8066,0.0123,0.0989,-0.0805,224.46,-88.64,-156.88,52.968136,-1.754029,18.64,6,26.56,24 / 25,6.340828876432465,5.759054578268825,0.422648249999569,92.10417952175838,272.4301391300649,11.199467912772864,False,19.0,8.162467449833443,16.352075173386662,203.03338278398328,315.7602331927867,18.27611111111111,26.527,1.8216385734009775,10.593020595117839,110.9292032622249,43.3300940627218
1617012.0,-0.0919,-0.6236,9.0827,-0.0006,-0.003,9.8066,-0.1133,-0.0114,0.0238,222.93,-88.5,-161.25,52.968136,-1.754029,18.64,6,26.56,24 / 25,6.319573824053585,5.769718072914588,0.3768382499996108,92.73719965678211,273.0065777626235,11.239442237772787,False,19.09999999999991,8.102405473437225,16.244520662274606,203.84374824504508,317.38367912088233,18.15305555555461,26.509000000000995,1.78283164938364,10.474802589360017,111.10654858826297,44.37710135825881
1617112.0,-0.7418,1.0954,9.9522,-0.0118,0.0088,9.8066,0.0262,-0.1375,0.0895,217.97,-88.53,-163.49,52.968136,-1.754029,18.64,6,26.56,24 / 25,6.330978696938709,5.688674369824774,0.34791824999957144,93.36972728283259,273.5794973847613,11.275680062772794,False,19.200000000000045,8.092145305917775,16.172328888986886,204.64741647085103,319.007125050396,18.083888888888,26.58199999999855,1.7611666089790656,10.483654519162112,111.27768918801844,45.4276276656347
1617212.0,-0.1901,-1.6476,10.1559,-0.0244,-0.0046,9.8066,0.0436,-0.1531,0.1453,221.36,-88.68,-160.17,52.968136,-1.754029,18.64,6,26.56,24 / 25,6.379824991905965,5.643348273712569,0.372658249999549,94.00526746727424,274.1460985169376,11.311708887772717,False,19.299999999999955,8.064910193873605,16.152403151761018,205.4510846966942,320.619451486066,18.053888888886693,26.532999999982117,1.68508520196764,10.509054878048449,111.44581722941997,46.47335296912837
1617312.0,-0.9106,-1.1527,10.1567,0.0082,0.0137,9.8066,0.0236,-0.1198,0.0693,222.35,-88.43,-158.75,52.968136,-1.754029,18.64,6,26.56,24 / 25,6.504273382814176,5.6762693984428925,0.4076232499995173,94.64947238600966,274.7120794005449,11.350722962772634,False,19.399999999999864,7.925610140321305,16.164612993816192,206.23466121689853,322.2317779231507,18.003055555549874,26.11900000000597,1.4213367575071283,10.4883435953733,111.58518883088887,47.51969852260578
1617412.0,0.0986,-0.5721,10.5028,-0.0037,0.0043,9.8066,0.1174,-0.023,0.068,222.57,-88.41,-156.38,52.968136,-1.754029,18.64,6,26.56,24 / 25,6.582507498629149,5.678142468524987,0.4599332499995888,95.30381143008272,275.2797999938941,11.394100787772649,False,19.5,7.911031849857331,16.060354083763272,207.02493497225126,323.84410435941436,17.903055555555557,26.224,1.3285243512281815,10.382211615238285,111.72112354216854,48.564304365520286
1617513.0,1.3598,-0.3528,9.9216,-0.0049,-0.018,9.8066,-0.0516,-0.0112,0.0377,228.98,-88.29,-152.77,52.968136,-1.754029,18.64,6,26.56,23 / 24,6.554720409429338,5.732188655386896,0.5008937999995424,95.96724143943892,275.85602171565097,11.44262255379755,False,19.600999999999885,8.011348662778731,16.038375815828978,207.83637199093133,325.4724428652307,17.927949999998727,26.542619999994066,1.4566282533493933,10.306187160442082,111.8691305514924,49.61642114957971
1617611.0,0.3805,-1.9389,9.8769,-0.0204,-0.0083,9.8066,-0.0099,-0.1585,0.1207,233.68,-88.53,-148.34,52.968136,-1.754029,18.64,6,26.56,23 / 24,6.574699212573615,5.833273071335901,0.5099685999995595,96.61058300091827,276.42272934026147,11.492154811397599,False,19.69900000000007,7.850472429727159,16.015324338960305,208.59771369021988,327.0416256703077,17.835938888886105,26.113379999987014,1.275773217153544,10.182051267624404,111.98713068930161,50.618896330046255
1617712.0,-1.4103,0.5322,9.7746,-0.0317,0.0025,9.8065,-0.0176,-0.2683,0.0797,233.99,-88.71,-148.39,52.968136,-1.754029,18.64,6,26.56,23 / 24,6.645615819571568,5.80120916743651,0.5118976999995573,97.27820891004085,277.01027069331883,11.543759059547495,False,19.799999999999955,7.859617970341932,15.968631341444992,209.3890590032332,328.658844683699,17.798055555557237,26.205999999982073,1.214002150770364,10.167422174008482,112.11085009319235,51.64857399038016
1617812.0,0.4296,-0.2227,10.2494,-0.0379,0.0138,9.8066,-0.0356,-0.2023,0.1062,229.36,-88.83,-152.14,52.968136,-1.754029,18.64,6,26.56,23 / 24,6.644670578708901,5.719690321790223,0.5324326999995386,97.94272322995427,277.5863156677796,11.595975579547403,False,19.899999999999864,7.760670312478346,16.06015514915561,210.15924105300115,330.27117111936775,17.83694444443701,25.7910000000025,1.1159997337694447,10.340464827365386,112.21651782304689,52.684855451588135
1617912.0,0.8078,1.1655,9.6563,-0.0319,0.0057,9.8066,0.0049,-0.1849,0.1015,228.99,-88.98,-157.2,52.968136,-1.754029,18.64,6,26.56,23 / 24,6.554731275365876,5.702430404701809,0.5470526999995585,98.60269332265891,278.157421704105,11.649949849547431,False,20.0,7.715986656923854,15.936433747522853,210.92272586751113,331.8612585700744,17.70611111111111,25.835,1.1612553815579778,10.234003342821044,112.32003254485222,53.703836865969436
1618012.0,0.0788,-2.181,10.2389,-0.0236,0.0054,9.8066,0.005,-0.1166,0.0215,226.32,-88.97,-159.91,52.968136,-1.754029,18.64,6,26.56,23 / 24,6.5473623935630245,5.739432726715225,0.5611476999995457,99.25779800610476,278.7295148606753,11.705359869547335,False,20.09999999999991,7.531057390414027,15.972461656627935,211.67281621161237,333.46246551473376,17.658888888889926,25.243999999989413,0.9836949968510025,10.23302892991271,112.41501820550761,54.73295065405847
1618112.0,0.8315,0.9418,10.5844,-0.0288,-0.0173,9.8066,0.2769,-0.1873,-0.0479,221.42,-88.99,-163.58,52.968136,-1.754029,18.64,6,26.56,23 / 24,6.550381440467783,5.775623816031946,0.6216476999996283,99.91268519780719,279.30526768781345,11.764499639547374,False,20.200000000000045,7.345570261312144,16.142268196756756,212.3961176148861,335.08591144353875,17.73499999999728,24.468000000041474,0.7951888208443609,10.36664438072481,112.4834324170789,55.78064375572529
1618212.0,1.122,-2.1313,9.162,-0.0216,-0.0253,9.8065,0.134,-0.0679,-0.0866,209.83,-89.16,-175.75,52.968136,-1.754029,18.64,6,26.56,23 / 24,6.486632419475463,5.852957109883713,0.6283026999996224,100.56453589080377,279.8866967341087,11.826997159547279,False,20.299999999999955,7.698484223554725,15.874846455813174,213.1796941350617,336.65375990950525,17.64305555554268,25.87099999998799,1.2118518040792612,10.021889345929461,112.61515824425794,56.76706317539657
1618311.0,-0.5692,1.5683,10.4084,0.0195,-0.0038,9.8066,-0.0295,-0.021,-0.0297,202.97,-89.35,179.95,52.968136,-1.754029,18.64,6,26.56,23 / 24,6.48653529485072,5.8541938082356735,0.626179149999624,101.20670769266248,280.4662007045552,11.8890940111222,False,20.398999999999887,7.494674871701205,15.645517140711585,213.91565331284363,338.1839132944101,17.347980555538584,25.595779999984174,1.0081395768504855,9.791323332475912,112.70894562018115,57.7177125898549
1618412.0,-0.9566,0.9143,10.0555,-0.0407,0.0107,9.8065,0.0469,0.0895,-0.0081,187.57,-89.49,161.17,52.968136,-1.754029,18.64,6,26.56,23 / 24,6.530786090840482,5.682695609625268,0.6691344499996721,101.86408242264062,281.04881362015783,11.954507347922238,False,20.5,7.722704134702466,15.684931380356474,214.69996652885212,339.7560983619321,17.483055555555552,26.214,1.1919180438619845,10.002235770731206,112.8358841062115,58.70728474177429
1618512.0,-2.1377,0.8885,9.8079,0.0475,-0.0072,9.8065,-0.0922,0.2623,-0.2821,193.05,-89.53,165.25,52.968136,-1.754029,18.64,6,26.56,22 / 23,6.676158082917088,5.529235766844392,0.6816394499996608,102.5244296313279,281.6094101889808,12.022046042922144,False,20.59999999999991,7.254507979838699,16.047534032939485,215.39647899123815,341.39066378386775,17.61111111111092,24.325999999997055,0.578349896921611,10.518298266095092,112.87204935991025,59.78125359488695
1618612.0,-1.5297,0.9112,10.1409,0.0055,0.0085,9.8066,-0.0183,0.2826,-0.1631,193.97,-89.49,167.69,52.968136,-1.754029,18.64,6,26.56,22 / 23,6.8414347373643505,5.36417940164904,0.6984144499996837,103.2003092723429,282.1540809474062,12.091048737922206,False,20.700000000000045,7.188171855338873,16.061837975738495,216.1130831593189,343.0029902202484,17.59694444444152,24.11000000000195,0.34673711797452267,10.697658574089456,112.912773886976,60.84890927284221
1618712.0,-2.0943,0.6264,9.6651,0.0248,-0.0188,9.8065,-0.0488,0.3113,-0.1838,211.22,-89.5,-171.79,52.968136,-1.754029,18.64,6,26.56,22 / 23,6.980287174267926,5.185060070953147,0.708049449999675,103.89139536792389,282.6815429210358,12.16137193292211,False,20.799999999999955,7.1661699438241895,15.963331624742315,216.82968732733062,344.6041971641996,17.49805555555439,24.175999999982718,0.18588276955626348,10.778271553789168,112.93829195940673,61.92265424316378
1618812.0,-0.8328,1.4467,10.4992,0.0524,0.0022,9.8064,-0.1515,0.1691,-0.1535,203.83,-89.51,-179.32,52.968136,-1.754029,18.64,6,26.56,22 / 23,7.061724619160889,4.98522709229463,0.7355994499996501,104.5934959575947,283.19005727919773,12.23355437792201,False,20.899999999999864,7.043688159833417,15.988313874959744,217.5261997897312,346.19428461501957,17.471111111123093,23.776000000026432,-0.018036459327471555,11.003086782665115,112.93270383213651,63.00422733582184
1618912.0,1.7649,-1.2243,9.6359,-0.0021,-0.0028,9.8066,0.0493,0.0346,0.0834,195.16,-89.42,170.53,52.968136,-1.754029,18.64,6,26.56,22 / 23,7.005682307416164,4.948891741387592,0.7616894499996857,105.2968663039245,283.68676322088254,12.308418822922079,False,21.0,7.259775449845757,16.12286636284741,218.2495011929106,347.8066110512833,17.681944444444444,24.241,0.2540931424295936,11.17397462145982,112.9526348889861,64.11984783040077
1619012.0,0.2645,1.0455,10.3415,0.0622,-0.0211,9.8064,-0.0069,-0.0052,0.0546,216.2,-89.39,-166.57,52.968136,-1.754029,18.64,6,26.56,22 / 23,6.895373188103392,4.961423278179613,0.7798944499996692,105.99191907869985,284.18227897186046,12.385498017921977,False,21.09999999999991,7.280500193193591,15.931367342250864,218.97949983137207,349.4078179952351,17.51611111111223,24.560000000000393,0.38512700509019915,10.969944064071251,112.98758075267222,65.22553902337467
1619112.0,2.6757,-0.0705,9.9007,0.0026,-0.0028,9.8066,0.0967,-0.1998,0.1042,191.71,-89.53,168.31,52.968136,-1.754029,18.64,6,26.56,22 / 23,6.724996565031744,4.9226380938134255,0.8113394499997122,106.67293756635753,284.67648204046077,12.465059712922054,False,21.200000000000045,7.3226604432406095,16.00219370491641,219.7094984698624,351.0201444316168,17.598055555562592,24.589000000008156,0.5976638782088655,11.079555611102986,113.03656090350488,66.34366239115604
1619212.0,-1.4604,0.2105,9.4267,0.0308,-0.0132,9.8065,0.1935,-0.2399,0.2353,213.0,-89.38,-171.44,52.968136,-1.754029,18.64,6,26.56,22 / 23,6.652664240462657,4.869485480167498,0.7970444499997253,107.34182060663164,285.16608821915935,12.545478907921952,False,21.299999999999955,7.499757486447998,16.182722181774004,220.4595888139646,352.65470985355324,17.836111111114253,24.86500000000544,0.8470932459853415,11.313236701606506,113.11776820733294,67.4886216343939
1619312.0,1.0783,-1.8675,9.3267,-0.0013,-0.0031,9.8066,-0.0244,-0.2839,-0.0074,200.07,-89.38,172.52,52.968136,-1.754029,18.64,6,26.56,22 / 23,6.689448698777934,4.891461247359384,0.7540494499997645,108.00892625359306,285.6541355555353,12.623033602921856,False,21.399999999999864,7.566073844460622,16.23215413351837,221.22307362849955,354.300394767205,17.908888888876664,24.990999999971294,0.8766251456826879,11.340692886158987,113.21414737490649,68.6462592116697
1619412.0,-0.4722,0.3055,10.0308,-0.0278,0.0002,9.8066,0.0132,-0.2048,0.096,190.46,-89.45,162.63,52.968136,-1.754029,18.64,6,26.56,22 / 23,6.698156350783307,4.943288558639051,0.7412594499997471,108.67830650607203,286.14587304583586,12.697799047921933,False,21.5,7.333601783249711,16.102546037725286,221.9463750316922,355.9016017110438,17.69388888888889,24.486,0.6354454324664038,11.159257479086236,113.26806852562018,69.75572866520793
1619512.0,-0.4888,-0.2352,9.5963,-0.0238,0.0032,9.8066,0.0165,-0.1083,0.1463,193.72,-89.48,170.39,52.968136,-1.754029,18.64,6,26.56,24 / 24,6.753952889710006,4.894862816730232,0.7419494499997465,109.35091196809609,286.63778061460386,12.771959492921841,False,21.59999999999991,7.478972785798021,16.237306080105345,222.6964653758336,357.5472866254049,17.876944444443897,24.730999999999565,0.725019896088015,11.342443263375113,113.34555340773753,70.90950601080107
1619612.0,-1.5536,-0.0461,8.9957,-0.0069,-0.0139,9.8066,-0.0243,-0.1456,-0.058,195.38,-89.57,169.08,52.968136,-1.754029,18.64,6,26.56,24 / 24,6.863317102036977,4.847007721874744,0.6908844499996769,110.03177546768437,287.12487414153475,12.84360118792191,False,21.700000000000045,7.453188948633824,16.20513997501756,223.43316124950084,359.15961306107795,17.8369444444375,24.698999999990928,0.5898718465968464,11.358132253142816,113.40138578181647,72.0347389195432
1619712.0,1.6081,-1.3187,9.8667,-0.039,-0.0022,9.8065,0.0674,-0.2228,0.1737,212.45,-89.65,-170.73,52.968136,-1.754029,18.64,6,26.56,24 / 24,6.907850917464438,4.891976391047966,0.653339449999711,110.72033386865881,287.61182334718046,12.910812382921819,False,21.799999999999955,7.269202969907503,16.030818332448742,224.15646265275896,360.7497005118991,17.601944444455206,24.392000000019053,0.3613520524430651,11.138841941400777,113.43612878410015,73.13787716471865
1619811.0,1.0304,1.3602,10.1903,-0.0104,-0.014,9.8066,-0.1532,-0.2192,0.1317,70.28,-89.93,43.57,52.968136,-1.754029,18.64,6,26.56,24 / 24,6.966722965665916,4.9596063648888915,0.6753025999996962,111.4071252758733,288.099476693599,12.976580164396745,False,21.898999999999887,7.4947396546431575,16.198824318352706,224.8990520934329,362.3789285785179,17.848619444458627,24.828590000025105,0.5280166889772415,11.239217953463815,113.49192681755962,74.2794518849189
1619912.0,2.9976,0.8158,10.7522,-0.0667,-0.0187,9.8064,0.0907,-0.1432,0.124,67.15,-89.7,42.86,52.968136,-1.754029,18.64,6,26.56,24 / 24,7.170097056862298,4.837044901855622,0.7424271999997712,112.12103468701177,288.59420758257016,13.048175519296798,False,22.0,7.520218925755813,16.178737682146792,225.65664334093591,364.00771186322976,17.841111111111115,24.93,0.35012186889351504,11.34169278029117,113.53560865392414,75.4135042806596
1620011.0,-0.2553,-1.087,9.4165,-0.0214,0.0032,9.8065,0.1158,-0.0065,0.0197,50.45,-89.79,23.51,52.968136,-1.754029,18.64,6,26.56,24 / 24,7.234250831418569,4.7211094102941145,0.7699194999997526,112.83404990748119,289.06733622102126,13.123036680946724,False,22.098999999999933,7.394791611161139,16.253665866773787,226.37934199299977,365.61492333344535,17.85678611111133,24.46370999999353,0.1605407797425702,11.532556456479671,113.54529208551858,76.54758711242408
1620111.0,-4.0375,0.8239,9.7577,-0.0473,0.0112,9.8065,-0.0412,0.2059,-0.1086,48.19,-89.61,20.95,52.968136,-1.754029,18.64,6,26.56,24 / 24,7.094339763663577,4.907285885860279,0.7479644999997227,113.55047943723628,289.54875598582964,13.1989308809468,False,22.19900000000007,7.37744646783332,16.246626427694334,227.10934063146277,367.2383692622591,17.84319444444403,24.422369999998903,0.28310670416974215,11.339340541834055,113.5588611942265,77.68961327642944
1620212.0,-1.7055,-1.0082,10.0908,-0.0499,0.0159,9.8065,-0.0359,0.2632,-0.1289,25.71,-89.62,-1.24,52.968136,-1.754029,18.64,6,26.56,24 / 24,6.89628014999408,5.113406141294634,0.7598420999997093,114.2570057428752,290.0548009332004,13.275075114246686,False,22.299999999999955,7.31054164900697,16.077943349718822,227.8466392563229,368.85581066478994,17.661944444444227,24.45100000002264,0.41426149901288944,10.964537208424188,113.58963351344771,78.80100973158955
1620312.0,-2.0202,0.2822,8.8458,0.0018,0.0203,9.8066,-0.1472,0.3309,-0.1185,346.54,-89.74,-35.7,52.968136,-1.754029,18.64,6,26.56,24 / 24,6.6843871362184535,5.1268988776688245,0.7260070999997401,114.93603910718521,290.5668161841481,13.34936757424659,False,22.399999999999864,7.455163995722063,16.005880697761672,228.5967296004511,370.445898116316,17.65694444444143,24.97500000002143,0.7707768595036093,10.878981820092847,113.6606904932659,79.87908193216794
1620412.0,0.8353,1.1186,10.8738,-0.0362,-0.0083,9.8066,-0.1271,0.2068,-0.009,351.25,-89.87,-32.33,52.968136,-1.754029,18.64,6,26.56,24 / 24,6.593855120209453,5.207193105041691,0.7313220999997474,115.59995122000751,291.0835207832843,13.422234034246664,False,22.5,7.537601573010412,15.908534393177037,229.34681994449986,372.0359855670227,17.60388888888889,25.352,0.9437464528009594,10.701341288135346,113.74686872449234,80.95246478373838
1620512.0,-0.7343,1.1908,9.7896,0.0448,0.0046,9.8065,0.0495,0.0653,0.0589,289.74,-89.58,-97.33,52.968136,-1.754029,18.64,6,26.56,23 / 24,6.530065008461514,5.266992404559444,0.7838270999996997,116.25614722644046,291.6072300587639,13.497991494246568,False,22.59999999999991,7.454695258309132,15.944485910540697,230.09021305339695,373.63719251168163,17.60111111111135,25.057999999999662,0.9246302498476187,10.677493505981253,113.83406582695649,82.02996245291774
1620612.0,0.1151,1.8015,9.9509,0.0515,-0.0039,9.8065,0.0417,-0.2353,0.1854,283.02,-89.48,-100.68,52.968136,-1.754029,18.64,6,26.56,23 / 24,6.339898484480796,5.272256707638088,0.7901870999997085,116.89964540108845,292.1341925143745,13.576692204246646,False,22.700000000000045,7.455259946698854,15.963844925527471,230.83360616229552,375.23839945493,17.618888888892556,25.03299999999214,1.1153614622180585,10.691588217889382,113.93396076120708,83.10420694055551
1620712.0,3.7742,-1.0977,9.9662,0.045,-0.0083,9.8065,0.015,-0.3035,0.266,280.59,-89.46,-106.16,52.968136,-1.754029,18.64,6,26.56,23 / 24,6.3073590003712035,5.464571335925291,0.8053770999996948,117.53200827533047,292.6710339165522,13.656470414246543,False,22.799999999999955,7.433083547966894,16.111030054477702,231.5703020359893,376.85072589130635,17.74305555555024,24.767000000032183,1.1257245475956905,10.64645871855241,114.03829376065883,84.17969197475418
1620812.0,-1.9345,1.2221,9.3163,0.0679,-0.0361,9.8063,0.0187,-0.5175,0.3619,284.86,-89.04,-99.54,52.968136,-1.754029,18.64,6,26.56,23 / 24,6.2772914128023425,5.553729022145563,0.7888370999997099,118.16124079598858,293.2219489344552,13.73618112424644,False,22.899999999999864,7.588936191654488,15.901963635941204,232.33378685051207,378.44081334141714,17.619999999994317,25.511999999997727,1.3116447788521457,10.34823461379564,114.1725460545235,85.21886440696193
1620912.0,2.6283,-3.1408,10.334,0.031,-0.0103,9.8065,0.046,-0.463,0.355,287.15,-88.87,-96.82,52.968136,-1.754029,18.64,6,26.56,23 / 24,6.3469580229319,5.548745927400308,0.7906870999997124,118.79245326777615,293.77707268193325,13.81515733424652,False,23.0,7.534825682358651,15.81697828083697,233.07717995939672,380.01978130040624,17.52,25.472,1.1878676594267512,10.268232353436662,114.28472669162056,86.24270861847299
1621012.0,-2.3192,0.4247,9.2797,0.0675,-0.0219,9.8064,0.0425,-0.3809,0.1469,295.19,-88.73,-90.03,52.968136,-1.754029,18.64,6,26.56,23 / 24,6.4315665153472965,5.5288966879468,0.7907070999997124,119.43137949468954,294.3309548127001,13.894227044246419,False,23.09999999999991,7.63061020012139,15.845327477390262,233.84066477389396,381.60986875122484,17.58694444444331,25.71400000000097,1.199043684774093,10.316430789443462,114.40928527920443,87.27891393852474
1621112.0,2.037,-0.7916,9.9094,-0.0109,0.0121,9.8066,0.0606,-0.3054,0.2081,295.17,-88.82,-90.2,52.968136,-1.754029,18.64,6,26.56,23 / 24,6.4062798116298065,5.50762615052244,0.7694970999996835,120.07327181103926,294.8827809546243,13.972237254246496,False,23.200000000000045,7.614110825945338,15.761073648855007,234.60414958845897,383.18883670962117,17.503888888884372,25.784999999995804,1.2078310143155315,10.253447498332566,114.5308777774197,88.30605575499686
1621212.0,-2.8695,2.6885,9.6496,0.0418,-0.0127,9.8065,-0.0372,-0.1471,0.017,293.89,-88.76,-90.0,52.968136,-1.754029,18.64,6,26.56,23 / 24,6.268563589080946,5.505100241878035,0.766782099999686,120.70701398107423,295.4334172742438,14.049051214246393,False,23.299999999999955,7.508909263944645,15.642165401762295,235.34754269735691,384.7566851755891,17.351111111114566,25.643000000011188,1.2403456748636987,10.13706515988426,114.64052871628269,89.32326790134528
1621315.0,0.626,-0.4451,9.5072,-0.0573,0.0014,9.8064,-0.0632,0.0217,-0.0299,290.52,-88.76,-94.68,52.968136,-1.754029,18.64,6,26.56,23 / 24,6.078062731632926,5.445554967801676,0.7432723499996711,121.3428652365914,295.9973760175427,14.12681901842141,False,23.40300000000002,7.615440024009563,15.679896033330115,236.1337311392737,386.3823550024577,17.43141111111168,25.905000000005668,1.537377292376637,10.23434106552844,114.7908659026823,90.384978984915
1621412.0,-1.4031,1.7706,9.9018,0.0232,-0.001,9.8065,-0.1052,0.1821,-0.0909,293.17,-88.95,-91.11,52.968136,-1.754029,18.64,6,26.56,23 / 24,5.968529447622788,5.434927339036908,0.7333637999996732,121.92712495728517,296.5250794094243,14.198435871696363,False,23.5,7.646227068864517,15.675699933383738,236.86781509118643,387.8923821059983,17.44111111111111,26.002,1.6776976212417294,10.24077259434683,114.94069013390126,91.36730269657403
1621512.0,-0.8214,-0.6793,9.7478,-0.0389,-0.0022,9.8066,-0.1076,0.2386,-0.1012,301.6,-88.72,-83.78,52.968136,-1.754029,18.64,6,26.56,23 / 24,5.831186168464302,5.3531427007619135,0.7351787999996715,122.51711073808899,297.06448291141373,14.271863001696264,False,23.59999999999991,7.711329325588042,15.604746202506773,237.63799714092815,389.4602305726729,17.40611111111048,26.296999999999837,1.8801431571237401,10.25160350174486,115.12088640283916,92.39574766125918
1621612.0,-3.6212,1.0232,10.8305,0.0251,0.0013,9.8066,0.1251,0.2524,-0.1754,294.69,-88.36,-89.69,52.968136,-1.754029,18.64,6,26.56,23 / 24,5.680702159327681,5.158358938033619,0.7834287999997374,123.09270515447938,297.5900579933542,14.347793381696338,False,23.700000000000045,7.687641224130574,15.5650175846072,238.4081791906845,391.0169595455112,17.360000000002398,26.284999999994977,2.006939064802893,10.40665864657358,115.31547403620513,93.426901552157
1621712.0,2.8902,-0.768,10.1087,-0.0648,0.0407,9.8063,-0.0452,0.4117,-0.2647,295.51,-88.49,-92.17,52.968136,-1.754029,18.64,6,26.56,23 / 24,5.619627815172775,5.128333248267209,0.8497237999996772,123.65772165320388,298.1043926026688,14.429451011696234,False,23.799999999999955,7.677128139355854,15.660589398926858,239.16496677000563,392.58480801076945,17.441111111103933,26.115000000039313,2.0575003241830787,10.532256150659649,115.50724511680176,94.48041540810067
1621812.0,4.4864,-1.5228,10.6529,-0.0129,0.0222,9.8066,-0.0816,0.7082,-0.3814,287.06,-88.15,-99.55,52.968136,-1.754029,18.64,6,26.56,23 / 24,5.819492882997671,5.431182050215974,0.9071387999996251,124.22967768811188,298.63236836759245,14.51729414169612,False,23.899999999999864,7.849401223269479,15.388714222954068,239.96193776063112,394.10817850632503,17.27499999998885,27.025000000031547,2.029908340271808,9.957532172738095,115.73226007251924,95.47581013873258
1621912.0,3.1441,-2.4927,10.9364,-0.0763,0.0191,9.8063,-0.091,0.6025,-0.3555,284.14,-87.99,-100.73,52.968136,-1.754029,18.64,6,26.56,23 / 24,6.082131026663575,5.738611781340523,1.00593879999976,124.82475888359575,299.19085805917103,14.61294802169622,False,24.0,7.907297782860377,15.138133552462264,240.74551428077987,395.5981905223787,17.07888888888889,27.58,1.8251667561968024,9.39952177112174,115.92075539718412,96.40733246320764
1622012.0,3.0268,-1.5324,11.2645,-0.0928,0.0299,9.8061,0.0215,0.2617,-0.2616,277.14,-88.48,-107.19,52.968136,-1.754029,18.64,6,26.56,23 / 24,6.301768962930295,5.991566942075361,1.1353187999996424,125.44395388307488,299.7773669953413,14.720010901696092,False,24.09999999999991,7.765239981915254,15.413315467550063,241.50899909530403,397.15491949591984,17.25888888888718,26.739000000005333,1.4634710189849596,9.421748525474703,116.06504521222915,97.37755250057853
1622112.0,-2.747,1.9566,8.9188,-0.0373,0.0265,9.8064,0.0727,0.1591,-0.1725,265.79,-88.59,-118.81,52.968136,-1.754029,18.64,6,26.56,23 / 24,6.2767449002632185,5.9730409749017035,1.1638187999996812,126.07287957623542,300.375597391191,14.834967781696216,False,24.200000000000045,7.813241105368959,15.248718368641855,242.29257561549744,398.6671704983475,17.133888888888716,27.130000000023234,1.536496205105741,9.275677393740152,116.21969603926202,98.29157310715652
1622212.0,0.9921,-0.9979,9.9351,-0.062,-0.0106,9.8064,-0.0057,-0.1445,-0.0067,268.82,-88.92,-116.59,52.968136,-1.754029,18.64,6,26.56,23 / 24,6.206778448881882,5.862105588878355,1.1258487999997158,126.6970557436921,300.96735471937944,14.949451161696082,False,24.299999999999955,8.01895464216851,15.134948085851958,243.10963831177276,400.16830200835216,17.12805555556752,27.915999999908458,1.8121761932866276,9.272842496973603,116.41258256808065,99.20094728897271
1622312.0,0.0034,0.689,8.7474,-0.0132,0.011,9.8066,0.0435,-0.1196,-0.0559,265.88,-89.18,-115.79,52.968136,-1.754029,18.64,6,26.56,23 / 24,6.1899073651012655,5.8930502586393825,1.0793087999997582,127.3168900343907,301.55511251175477,15.059709041695955,False,24.399999999999864,7.574376792380392,15.67044483115914,243.82624247978686,401.80286743028114,17.404999999981417,25.797000000009778,1.384469427279127,9.777394572519757,116.50935244539616,100.24775491852637
1622412.0,-1.7521,-0.7933,9.7982,-0.0025,-0.0053,9.8066,0.0406,0.0004,-0.1034,270.74,-89.36,-112.66,52.968136,-1.754029,18.64,6,26.56,23 / 24,6.1624350631979485,5.785800443849201,1.0259237999996853,127.9345071558065,302.13905504688,15.164970671696071,False,24.5,7.478220741032347,15.353703009601155,244.5696355886582,403.31511843189185,17.078055555555554,25.969,1.3157856778343984,9.567902565751954,116.6351284328517,101.17606338501184
1622512.0,-0.6761,-0.845,9.8549,-0.0153,0.0156,9.8066,-0.0274,-0.0143,-0.0218,266.17,-89.48,-119.17,52.96943,-1.753003,17.13,4,26.09,23 / 25,6.213703836754983,5.650027147578847,1.0279137999996835,128.5533141008036,302.71084642645087,15.267662551695947,False,24.59999999999991,7.697854431195773,15.444907533384484,245.34651487361717,404.8718474061412,17.25694444444551,26.491999999984884,1.4841505944407896,9.794880385805637,116.79320077281358,102.16100097969036
1622612.0,-0.8216,0.5774,10.1764,0.0299,0.0269,9.8065,0.0265,0.1833,-0.1201,237.07,-89.32,-146.5,52.96943,-1.753003,17.13,4,26.09,23 / 25,6.231549788000755,5.544523392134463,1.048813799999712,129.1755767820422,303.2705739534373,15.371498931696058,False,24.700000000000045,7.431217341351333,15.661393099770848,246.08321074732493,406.45081536382963,17.33499999999858,25.384000000005113,1.1996675533505785,10.116869707636384,116.90763396528271,103.18024141039234
1622712.0,2.6205,-0.8819,9.1853,-0.0159,0.027,9.8065,0.0227,0.1842,-0.2076,218.72,-89.19,-168.1,52.96943,-1.753003,17.13,4,26.09,23 / 25,6.141993799553357,5.577784587440228,1.0362337999997235,129.79425396141934,303.82668935241554,15.475751311695936,False,24.799999999999955,7.457740122080753,15.595530144780358,246.82660385620872,407.9964248442394,17.286944444442632,25.557000000002546,1.3157463225273958,10.017745557340131,117.03234989478938,104.16973549182387
1622812.0,-2.2967,2.2768,10.2168,0.046,-0.0608,9.8063,0.0791,0.431,-0.3301,235.63,-89.13,-147.57,52.96943,-1.753003,17.13,4,26.09,23 / 25,6.025591751023259,5.501941859207029,1.0256737999997332,130.40263323894763,304.3806756747474,15.578846691695814,False,24.899999999999864,7.455661413641769,15.550020510753006,247.56999696509172,409.56427330949754,17.244999999991474,25.616000000004263,1.4300696626185099,10.048078651545978,117.16736372614409,105.18359763475013
1622912.0,4.2775,-0.6343,9.3795,-0.0351,-0.015,9.8065,-0.0691,0.4749,-0.2871,206.45,-89.44,178.98,52.96943,-1.753003,17.13,4,26.09,23 / 25,5.810283900293617,5.432978892470759,1.024823799999732,130.99442702151427,304.92742171233203,15.681371571695927,False,25.0,7.410982318786394,15.405075983929304,248.29999560351507,411.0987632980799,17.095,25.691,1.6006984184927777,9.972097091458545,117.3055685820008,106.17134158574788
1623012.0,-5.0731,-0.1162,8.9419,0.0523,-0.0118,9.8065,-0.1074,0.6509,-0.2905,241.72,-89.48,-142.17,52.96943,-1.753003,17.13,4,26.09,23 / 25,5.747796168661888,5.303460785788858,0.9602287999997909,131.57233102496153,305.4642436962445,15.780624201695812,False,25.09999999999991,7.3348888750023535,15.662580572540547,249.02999424197685,412.6777312557651,17.294999999998797,25.094000000008897,1.5870927063404654,10.359119786751688,117.45766321701532,107.21348755952056
1623112.0,-1.8377,-0.0538,9.822,-0.0525,0.0089,9.8065,-0.0768,0.5868,-0.2361,275.0,-89.4,-111.64,52.96943,-1.753003,17.13,4,26.09,23 / 25,5.840674635254304,4.969922114177136,0.917758799999733,132.15175456515811,305.97791284124355,15.874523581695916,False,25.200000000000045,7.474393407112103,15.49878641408987,249.78008458609307,414.2122212423361,17.206944444434576,25.746000000010017,1.633718771857799,10.528864299912735,117.62833002093495,108.23430840109256
1623212.0,-4.4831,1.4804,9.0745,-0.0004,-0.0156,9.8066,0.0309,0.3537,-0.2133,286.94,-89.26,-94.99,52.96943,-1.753003,17.13,4,26.09,23 / 25,5.664832282191924,4.675840525426333,0.8819187999997656,132.72702991102992,306.46020097322327,15.96450746169581,False,25.299999999999955,7.419150892539134,15.154412024730906,250.51678045977093,415.7133527530486,16.873055555576858,26.08499999993006,1.7543186103472106,10.478571499304573,117.78975054874101,109.25315177982532
1623312.0,0.3148,-0.6683,9.7523,-0.0645,-0.0028,9.8064,-0.0011,0.1675,-0.1081,294.97,-89.32,-90.15,52.96943,-1.753003,17.13,4,26.09,23 / 25,5.53003107258424,4.4797882177573864,0.8425937999998014,133.28677307876822,306.917982410382,16.050733091695708,False,25.399999999999864,7.192230276106393,15.806759275029357,251.21999015737677,417.35903766811185,17.366111111105756,24.466000000041497,1.6621992035221531,11.32697105727197,117.93321707860855,110.44105525772983
1623412.0,3.0462,-0.2349,9.4093,-0.0492,0.0086,9.8064,-0.0443,0.0657,0.0612,291.87,-89.2,-91.68,52.96943,-1.753003,17.13,4,26.09,23 / 25,5.5987996626568375,4.615102283828507,0.8200087999997707,133.84321461553102,307.3727269354619,16.1338632216958,False,25.5,7.352945202806548,15.628635952523158,251.96338326622146,418.9046471477044,17.271944444444443,25.196,1.7541455401497101,11.013533668694652,118.12016865069043,111.53192021224248
1623512.0,1.7385,-1.0679,10.2322,-0.0684,-0.0021,9.8064,-0.0053,-0.2071,0.1092,315.47,-89.17,-71.16,52.96943,-1.753003,17.13,4,26.09,25 / 25,5.731030213067212,4.77945301296488,0.8214187999997695,134.40970610931672,307.8424547003012,16.215934601695704,False,25.59999999999991,7.356037661818354,15.639460324909125,252.69338190469637,420.47249561367215,17.28305555555778,25.18999999999817,1.6250074487511412,10.860007311944244,118.28367579537965,112.63004091337098
1623612.0,4.0055,-0.6648,10.9244,-0.0664,0.0063,9.8063,0.1309,-0.4936,0.2996,319.96,-89.08,-66.65,52.96943,-1.753003,17.13,4,26.09,25 / 25,5.971787593058261,4.918805139146819,0.8985837999998749,134.99484699962377,308.32736760790743,16.301934731695802,False,25.700000000000045,7.388495586237277,15.804332503253404,253.43007777837713,422.0625830644941,17.44611111111126,25.05599999999796,1.416707993179016,10.885527364106585,118.43523077875335,113.73521545658667
1623712.0,-3.2864,0.3993,10.2405,-0.0015,0.0335,9.8065,0.1637,-0.4569,0.2145,298.96,-88.99,-86.92,52.96943,-1.753003,17.13,4,26.09,25 / 25,6.015128466255012,4.896100089356037,0.9761637999998045,135.5941928025889,308.81811286933214,16.3956721116957,False,25.799999999999955,7.371569499174387,15.81775085563531,254.16007641685223,423.64155102288623,17.451111111104368,24.987000000016025,1.356441032919375,10.921650766279274,118.56588361426333,114.8234381535541
1623812.0,2.1655,-1.5146,10.881,-0.0496,0.0219,9.8064,0.1145,-0.2591,0.0825,272.77,-89.19,-113.31,52.96943,-1.753003,17.13,4,26.09,25 / 25,5.964621888403905,4.860136094379327,1.051573799999736,136.19318032032132,309.30592467851847,16.497058991695585,False,25.899999999999864,7.406978748158119,15.628617687562684,254.89677229054408,425.1982799964274,17.29499999999027,25.35799999998778,1.4423568597542138,10.768481593183356,118.70359197022276,115.89235531790894
1623912.0,-3.3645,3.5881,8.0243,0.0361,-0.0055,9.8066,-0.0361,-0.0818,0.0833,259.19,-89.13,-126.78,52.96943,-1.753003,17.13,4,26.09,25 / 25,5.870096068410923,4.747741640436159,1.0161737999996878,136.78491621816286,309.7863185652599,16.600446371695696,False,26.0,7.275579502525483,15.50140360036611,255.62007369375004,426.74388947601994,17.12388888888889,25.143,1.4054834341145597,10.753661959929952,118.83515747558718,116.95757091076007
1624012.0,0.813,-0.1672,7.1945,0.0348,0.0351,9.8065,-0.2619,0.2249,0.03,247.58,-89.02,-141.27,52.96943,-1.753003,17.13,4,26.09,25 / 25,5.69153465718949,4.565310449193879,0.7964487999998877,137.36299775444235,310.25197116974095,16.69107750169559,False,26.09999999999991,7.372459911004374,15.683613577891295,256.3500723322118,428.32285743441275,17.329999999999508,25.177000000005826,1.680925253814884,11.118303128697416,118.98707457776948,118.0708862646718
1624112.0,6.813,-1.6708,13.2594,-0.0588,-0.0143,9.8064,0.0107,-0.703,0.4453,239.35,-89.67,-145.22,52.96943,-1.753003,17.13,4,26.09,25 / 25,5.560375127004695,4.913206842828463,0.838478799999945,137.92559324365283,310.7258970343427,16.772823881695693,False,26.200000000000045,7.473531731611612,15.595669795096324,257.1001626763147,429.87958640725003,17.29388888888458,25.604000000000237,1.9131566046069164,10.682462952267862,119.17456943266188,119.15368937290731
1624212.0,9.6136,-0.6531,11.3538,-0.1585,0.0094,9.8054,0.3214,-1.365,0.6628,190.35,-89.59,163.96,52.96943,-1.753003,17.13,4,26.09,25 / 25,4.986758945520759,5.335064502388814,1.0884737999997176,138.45294994727863,311.23831060160313,16.869171511695587,False,26.299999999999955,7.412669176489716,15.463122097967279,257.83685854999374,431.4140763952356,17.148055555564493,25.61199999997196,2.4259102309689577,10.128057595578465,119.38390860271511,120.17576579363248
1624312.0,-9.1738,4.5457,8.5065,0.01,0.0209,9.8066,0.0908,-0.9609,0.5744,216.51,-89.26,-166.06,52.96943,-1.753003,17.13,4,26.09,25 / 25,4.754983869063053,4.96307559200096,1.1008237999997064,138.9400370880074,311.75321760632215,16.97863639169546,False,26.399999999999864,7.324381077193978,15.733704803250475,258.56685718845563,433.00416384605245,17.35499999999381,24.963000000023648,2.5693972081309253,10.770629211249515,119.62682010044824,121.2509462397303
1624412.0,4.3791,-2.1683,9.9243,-0.1398,0.0323,9.8056,-0.0019,-0.496,0.3826,198.44,-89.21,171.0,52.96943,-1.753003,17.13,4,26.09,25 / 25,4.8143056767193455,4.644186824805153,1.041698799999626,139.41850156529716,312.2335807271631,17.08576252169557,False,26.5,7.391752464021329,15.581731096621606,259.3035530620963,434.56089282019184,17.246111111111112,25.379,2.5774467873019837,10.937544271816453,119.88505149679912,122.32731209302875
1624512.0,-8.3023,0.9668,8.5733,0.1025,-0.0425,9.806,-0.1045,0.1247,-0.1057,244.76,-89.03,-138.04,52.96943,-1.753003,17.13,4,26.09,24 / 24,4.765488417549595,4.388387887981473,0.9859137999996767,139.89749127001016,312.685209462802,17.187143151695444,False,26.59999999999991,7.362943058413489,15.637131598921687,260.0335517005446,436.1287412847443,17.28388888888825,25.214000000005033,2.5974546408638934,11.248743710940214,120.13606043053443,123.44353182194232
1624612.0,3.0118,-2.0451,9.9104,-0.0249,0.0124,9.8066,-0.082,0.5062,-0.1801,224.09,-89.41,-162.94,52.96943,-1.753003,17.13,4,26.09,24 / 24,4.8451468319116255,4.139389885976287,0.9294337999995996,140.37802303248387,313.11159835150045,17.28291053169554,False,26.700000000000045,7.443225473537162,15.547046289601909,260.7769448094432,437.6743507651576,17.23694444444657,25.58299999998782,2.598078641625537,11.407656403625621,120.39892177695933,124.56275241365717
1624712.0,4.5318,-1.6275,10.6575,0.0828,-0.0264,9.8062,-0.1439,0.6871,-0.4887,253.66,-89.33,-129.68,52.96943,-1.753003,17.13,4,26.09,24 / 24,4.80382165002085,4.52871328553272,0.9771637999995563,140.86047145658006,313.5450035100755,17.37824041169541,False,26.799999999999955,7.361838481974435,15.665279082512528,261.51364068314973,439.2533187242561,17.30888888888267,25.1710000000289,2.5580168319535854,11.13656579697981,120.65316922656967,125.70831521418057
1624812.0,2.4707,-0.2475,10.623,0.0668,0.0207,9.8064,-0.1529,0.7245,-0.4457,221.52,-89.46,-161.25,52.96943,-1.753003,17.13,4,26.09,24 / 24,4.715990377291906,4.830740120879698,1.0605237999994805,141.33646205794525,314.0129761803957,17.480124791695268,False,26.899999999999864,7.481528906828143,15.448752383811511,262.26373102725057,440.78780871153265,17.165000000000788,25.839999999991985,2.7655385295362374,10.618012262931813,120.92726896930532,126.77483253113695
1624912.0,3.9726,-0.4186,10.2107,0.0315,0.0144,9.8065,-0.094,0.5349,-0.2093,186.5,-89.63,161.59,52.96943,-1.753003,17.13,4,26.09,24 / 24,4.438102626124843,4.931002914373547,1.1215437999995639,141.7941667081167,314.50106333215905,17.589228171695368,False,27.0,7.449511060375053,15.479632050476518,263.00042690086457,442.3334181925398,17.17888888888889,25.699,3.0114084342502094,10.54862913610297,121.20626019274786,127.83235486038075
1625012.0,-0.1129,1.2676,9.827,0.0868,-0.0161,9.8062,-0.0262,0.2451,-0.1483,215.33,-89.47,-168.91,52.96943,-1.753003,17.13,4,26.09,24 / 24,4.214352398953042,4.884733552194407,1.1427637999995446,142.2267894593702,314.991850155487,17.70244355169522,False,27.09999999999991,7.463144665283477,15.575389263750456,263.7438200098017,443.8901471646668,17.271111111109853,25.602000000002878,3.248792266330435,10.690655711556047,121.51703055043151,128.89829700917983
1625111.0,2.9747,-0.3182,10.053,-0.0108,0.0076,9.8066,-0.0093,-0.1142,0.0976,190.7,-89.41,167.33,52.96943,-1.753003,17.13,4,26.09,24 / 24,4.042871484028483,4.838498417467876,1.155965449999566,142.63552204157844,315.47315013798607,17.81623064957036,False,27.19900000000007,7.480124226028082,15.465885410835792,264.4864094504642,445.4203005502754,17.179811111108375,25.810890000006253,3.4372527419995986,10.627386993367917,121.85088740888574,129.94715041228932
1625211.0,-3.8915,2.6521,9.3505,0.0511,-0.0028,9.8064,0.0315,-0.2378,0.2221,214.23,-89.33,-168.47,52.96943,-1.753003,17.13,4,26.09,24 / 24,3.9883246969545074,4.627630132195111,1.1454754499995756,143.03708185062723,315.9464565654688,17.931302694570213,False,27.298999999999978,7.4668306435935605,15.47922379862067,265.2298695317,446.9659100306842,17.1860388888892,25.751619999997317,3.478505946639053,10.851593666425558,122.19278768107276,131.0194534652154
1625312.0,-0.3204,-0.1154,9.8787,-0.0431,0.0221,9.8065,0.0222,-0.4418,0.2557,227.47,-89.32,-159.37,52.96943,-1.753003,17.13,4,26.09,24 / 24,4.081680329813279,4.363536400974202,1.1260783999995978,143.44461710447854,316.40051047539333,18.04601616399504,False,27.399999999999864,7.4691767892267595,15.46244075475025,265.973999336481,448.5269756066034,17.171944444438587,25.783000000000513,3.38749645941348,11.09890435377605,122.52938223200243,132.12646513121007
1625411.0,-3.1344,1.781,9.813,0.0263,-0.0011,9.8066,0.0162,-0.4713,0.3156,233.86,-89.14,-149.4,52.96943,-1.753003,17.13,4,26.09,24 / 24,4.10231255886697,4.1461191973507985,1.1299591999996041,143.84972475246886,316.8217384275111,18.157690025195183,False,27.499000000000024,7.427189617062368,15.369417821128517,266.70332825135904,450.0461206938998,17.06991944444436,25.79191000000001,3.3248770581953977,11.223298623777719,122.85360349889018,133.22438226638872
1625512.0,1.6107,-0.5332,9.0566,0.0157,-0.0026,9.8066,-0.0259,-0.4424,0.2547,225.92,-89.17,-160.71,52.96943,-1.753003,17.13,4,26.09,23 / 23,4.071346756169607,4.009287660170447,1.092402349999647,144.26249454787774,317.2335864738154,18.269919283470017,False,27.59999999999991,7.479577363643609,15.275139156227187,267.4607855541965,451.5848360886214,17.008055555554694,26.088999999998265,3.4082306074740023,11.26585149605674,123.19829100631875,134.35124961480597
1625612.0,3.0629,-1.2251,10.1789,0.0549,-0.0108,9.8064,0.0441,-0.4157,0.2487,216.09,-89.26,-166.49,52.96943,-1.753003,17.13,4,26.09,23 / 23,3.9377508353869555,4.1908327968184205,1.0735123499996213,144.6629494274561,317.6435924966654,18.37821501847013,False,27.700000000000045,7.4180964876727,15.234988332770392,268.2041786631086,453.1082065848897,16.94500000000213,25.962000000002806,3.4803456522857443,11.044155535951973,123.54122923565251,135.46461408822427
1625712.0,1.8099,-0.6015,9.7926,0.0478,0.003,9.8065,0.0328,-0.1617,0.1203,228.4,-89.05,-154.82,52.96943,-1.753003,17.13,4,26.09,23 / 23,3.802710990637735,4.383893216362167,1.0914223499996052,145.049972518757,318.072328797324,18.486461753469992,False,27.799999999999955,7.474949528959216,15.287299557630451,268.9475717720054,454.6315770783252,17.01694444444172,26.056999999992005,3.6722385383214804,10.903406341268283,123.89759925324842,136.5592482810012
1625812.0,2.4027,0.5127,9.7198,0.0324,0.0125,9.8065,-0.0096,-0.074,0.0503,215.66,-88.75,-166.18,52.96943,-1.753003,17.13,4,26.09,23 / 23,3.6429235159005136,4.486428129526791,1.0863773499996099,145.42225424408358,318.5158448646181,18.595351738469855,False,27.899999999999864,7.3980350565709205,15.254619816906436,269.6842676456843,456.1549475738821,16.953888888883487,25.87199999999045,3.755111540670407,10.768191687379645,124.26201340160074,137.63910270926402
1625912.0,-3.0194,1.6577,10.5312,0.0676,-0.0134,9.8063,0.0217,0.1335,-0.0697,217.85,-88.52,-163.54,52.96943,-1.753003,17.13,4,26.09,23 / 23,3.592235478018981,4.3422887044157035,1.1182623499996533,145.78401219378006,318.9572807063158,18.705583723469967,False,28.0,7.3120708477554,15.190646940973476,270.41426628413427,457.66719857549276,16.858888888888888,25.704,3.7198353697364195,10.848358236557772,124.63025409035421,138.70991786917693
1626012.0,2.591,0.3289,9.9063,-0.0051,0.0002,9.8066,-0.071,0.2567,-0.1841,213.63,-88.28,-168.98,52.96943,-1.753003,17.13,4,26.09,23 / 23,3.537754068616496,4.206905791832014,1.159472349999616,146.1405116711115,319.38474043112785,18.819470458469826,False,28.09999999999991,7.283047832622001,15.140493678729321,271.13756768735135,459.19056907105033,16.80111111111115,25.688999999999933,3.7452937640055053,10.933587886897307,124.99705601623984,139.80582863992248
1626112.0,-4.2194,2.267,8.6331,0.0421,-0.0073,9.8065,-0.0312,0.3723,-0.2463,214.73,-88.3,-166.63,52.96943,-1.753003,17.13,4,26.09,23 / 23,3.5246914962311315,4.016088429523441,1.105777349999543,146.49363394935438,319.7958901421962,18.93273294346994,False,28.200000000000045,7.282930457119358,15.143632514921835,271.8608690906231,460.7139395659043,16.803888888892207,25.683999999989478,3.7582389608882263,11.127544085398394,125.36723514126874,140.9180494237081
1626212.0,-0.5968,1.7972,9.9723,-0.0974,0.0004,9.8062,-0.1214,0.6869,-0.3122,218.17,-88.32,-162.98,52.96943,-1.753003,17.13,4,26.09,23 / 23,3.5951297325053964,3.6783641821731448,1.055382349999589,146.84962501079087,320.18061277278065,19.0407909284698,False,28.299999999999955,7.2367060814854005,15.290026167847545,272.577473258649,462.248429553886,16.916111111105614,25.32800000001305,3.641576348980004,11.6116619856744,125.7278482478581,142.06781678110536
1626312.0,3.9216,-2.8338,10.0338,-0.0217,0.0255,9.8065,-0.1606,0.3787,-0.2573,203.94,-88.59,-178.32,52.96943,-1.753003,17.13,4,26.09,23 / 23,3.4384105151425395,3.7628771404357235,1.075022349999571,147.20130202317296,320.5526748389108,19.147311163469663,False,28.399999999999864,7.262166318930946,15.13696569592119,273.29407742666183,463.7495610631776,16.788888888884514,25.629999999997896,3.8237558037884067,11.374088555485466,126.09277540348887,143.19688622426685
1626412.0,3.5763,-2.5639,10.0438,-0.094,0.0131,9.8061,0.0349,0.1598,-0.127,181.96,-88.74,158.44,52.96943,-1.753003,17.13,4,26.09,23 / 23,3.150516976324606,4.071929971356308,1.0982373499996028,147.53074839774678,320.9444151945009,19.255974148469768,False,28.5,7.219151659502722,15.072257177718825,274.0173788298679,465.25069257377805,16.711944444444445,25.593000000000004,4.068634683178116,11.000327206362517,126.4866304321211,144.30627737927716
1626512.0,1.2422,-2.3374,9.914,-0.0765,-0.003,9.8063,-0.0011,-0.2036,0.0715,185.63,-88.81,159.33,52.96943,-1.753003,17.13,4,26.09,23 / 23,2.939585367378607,4.295458770005446,1.115462349999587,147.83525351493165,321.3627846315686,19.36665913346963,False,28.59999999999991,7.198389590791586,15.177544522968336,274.7339829979336,466.7740630686281,16.79805555555472,25.374000000001512,4.258804223412978,10.88208575296289,126.89872948300194,145.41127843705948
1626612.0,-3.2225,1.8125,10.2056,-0.0162,0.0,9.8066,0.014,-0.3056,0.2175,189.2,-88.88,166.0,52.96943,-1.753003,17.13,4,26.09,23 / 23,3.045425344392243,4.268729336557003,1.1407773499996217,148.1345040505206,321.7909940368973,19.479471118469743,False,28.700000000000045,7.201485185490707,15.108405622683682,275.4438899307302,468.28631407034874,16.736944444443317,25.48500000000139,4.156059841098465,10.839676286126679,127.30938588020962,146.49532003345143
1626712.0,-1.1176,1.4979,10.9805,-0.0396,0.0243,9.8065,0.0905,-0.3045,0.343,197.46,-88.84,171.71,52.96943,-1.753003,17.13,4,26.09,23 / 23,3.228870912679835,4.03044651076591,1.2194173499995502,148.4482188633739,322.2059528292631,19.597480853469595,False,28.799999999999955,7.197473737869076,15.068153898744796,276.1604940987824,469.79856507277333,16.698888888892395,25.531999999979913,3.9686028251892407,11.037707387978887,127.7122752354085,147.59261224351025
1626812.0,-1.7397,1.297,9.3751,-0.0567,0.0293,9.8064,0.0309,-0.3035,0.2907,217.01,-88.7,-164.74,52.96943,-1.753003,17.13,4,26.09,23 / 23,3.289572256783699,3.8027526899746027,1.2565323499995165,148.7741410218468,322.5976127892998,19.721278338469435,False,28.899999999999864,7.109313185807372,15.199541638691636,276.8704010315912,471.3108160759052,16.780000000006428,25.067000000012847,3.8197409290236735,11.396788948717035,128.0962600097444,148.71320328660545
1626912.0,4.2262,-3.5203,9.6747,-0.0906,0.004,9.8062,-0.0121,-0.5916,0.3054,210.73,-89.02,-171.7,52.96943,-1.753003,17.13,4,26.09,23 / 23,3.22360270042401,3.9223853508777076,1.228357349999478,149.09979976970763,322.98386969134293,19.845522823469555,False,29.0,7.217514160079211,15.273598637915772,277.5937024347839,472.8230670782232,16.893055555555556,25.293000000000003,3.993911459655201,11.351213287038064,128.49390266507626,149.83919738688024
1627012.0,-2.0999,1.495,9.1223,0.0107,-0.0015,9.8066,0.0551,-0.4767,0.3622,230.04,-89.05,-151.89,52.96943,-1.753003,17.13,4,26.09,23 / 23,3.1334603895252418,4.0188800781177205,1.187542349999515,149.41765292420482,323.3809329627923,19.966317808469395,False,29.09999999999991,7.132863081715284,15.211824309575887,278.30360936761866,474.3464375730731,16.801111111111098,25.122000000001815,3.999402692190042,11.192944231458167,128.88595644341385,150.9655046102808
1627111.0,-3.1841,1.0496,9.482,-0.045,0.0129,9.8065,0.0353,-0.3132,0.1748,245.69,-89.0,-138.73,52.96943,-1.753003,17.13,4,26.09,23 / 23,3.142639146795609,3.6966722860096746,1.1375968499994342,149.7283198512532,323.7628528048172,20.08141219886953,False,29.19900000000007,7.167332626336878,15.194397036402542,279.01304749396604,475.83255776797574,16.800011111111075,25.253670000003943,4.02469347954127,11.497724750392868,129.28472764271285,152.06970496315853
1627212.0,2.2539,-1.9367,9.9535,0.0134,0.0027,9.8066,0.0535,-0.0562,0.0823,245.15,-88.96,-140.59,52.96943,-1.753003,17.13,4,26.09,23 / 23,3.1786079886581433,3.6445823689045262,1.1286179499994444,150.04754283159323,324.13358616488995,20.19585604626934,False,29.299999999999955,7.301478360053945,15.073609148782593,279.7569094093376,477.3375810992371,16.7488888888965,25.844999999966692,4.122870371395802,11.429026779878066,129.70936657774436,153.20399493434718
1627312.0,0.8557,-2.3652,10.2441,0.0116,0.0154,9.8066,-0.042,0.0885,0.0529,234.54,-88.83,-151.18,52.96943,-1.753003,17.13,4,26.09,23 / 23,3.2709068564367656,3.861220110127168,1.157832949999418,150.3700185738477,324.5088762888412,20.31017859126918,False,29.399999999999864,7.172619431593613,15.33000833299187,280.4534218717386,478.9054295659093,16.92500000000221,25.074000000016316,3.9017125751568478,11.468788222864703,130.08340329789092,154.3965532770681
1627414.0,2.6066,0.9249,9.7294,0.0564,-0.0156,9.8064,0.043,0.243,-0.1589,251.86,-88.68,-131.83,52.96943,-1.753003,17.13,4,26.09,23 / 23,3.235931215869469,4.049457252915521,1.176203149999434,150.7018673155356,324.9123208343567,20.42921443236923,False,29.501999999999953,7.268146246390176,15.32650309051685,281.1980204829309,480.4592674705343,16.96255000000001,25.37131999999991,4.032215030520707,11.277045837601328,130.49615316739528,155.5469466361776
1627512.0,-3.1536,0.3077,9.7681,0.0481,-0.0393,9.8064,-0.0245,0.3176,-0.2386,260.83,-88.69,-122.77,52.96943,-1.753003,17.13,4,26.09,24 / 24,3.1359946393857117,3.9792519135671673,1.1705289499994367,151.01409168244297,325.30572758351417,20.544204305269123,False,29.59999999999991,7.374513374906241,15.20273935979925,281.9134191486234,481.9521705547953,16.89694444444499,25.87699999999757,4.238518735520529,11.223487446232081,130.89932746618044,156.64644297128115
1627613.0,1.026,-0.0754,11.1822,-0.0148,-0.0343,9.8066,-0.0509,0.2395,-0.1013,273.73,-88.89,-110.3,52.96943,-1.753003,17.13,4,26.09,24 / 24,3.121741618936584,3.853530986782528,1.2380474499995122,151.3301073634886,325.7012831199823,20.665837413469205,False,29.701000000000022,7.344874526159518,15.262649518266976,282.64408751061876,483.51312493509386,16.937994444447536,25.698349999998086,4.223132907222934,11.409118531484449,131.31398014713017,157.81184181511156
1627712.0,-0.6443,1.3695,9.8322,-0.0025,0.024,9.8066,0.0028,0.1353,-0.0289,278.19,-88.8,-108.45,52.96943,-1.753003,17.13,4,26.09,24 / 24,3.023870038677364,3.8697061988336445,1.3074018999994652,151.63431514054028,326.08358336067005,20.79183715629407,False,29.799999999999955,7.37270016550258,15.364607470325598,283.3734164255348,485.0322700238983,17.04194444444609,25.634000000003457,4.348830126825216,11.494901271491955,131.73910128499452,158.94868666322827
1627812.0,0.1206,-0.2466,10.032,-0.0109,0.0159,9.8066,0.0245,-0.089,-0.0249,263.72,-88.76,-119.95,52.96943,-1.753003,17.13,4,26.09,24 / 24,2.930956885560643,3.839668793514722,1.319946899999454,151.93205648675192,326.4690521102871,20.923204596293896,False,29.899999999999864,7.410657526651193,15.388585218357363,284.10341506400954,486.57787950359983,17.079999999998797,25.71399999998954,4.479700641090551,11.548916424842641,132.17135857725762,160.1088273933127
1627911.0,0.8452,1.1225,9.7099,0.0051,-0.0098,9.8066,0.0509,-0.1196,0.0538,266.93,-88.53,-116.2,52.96943,-1.753003,17.13,4,26.09,24 / 24,2.8542945210938875,3.8674562615107346,1.3263125999994643,152.21842643138177,326.8505548005115,21.054194441544055,False,29.999000000000024,7.352687419249242,15.39320794299875,284.82611371604884,488.10803288839685,17.05909999999998,25.53183999999985,4.4983928981553545,11.525751681488014,132.60768728466707,161.25747808788537
1628012.0,-1.1098,0.2759,9.8582,0.0231,-0.0141,9.8066,-0.0886,-0.2302,0.1282,272.32,-88.6,-110.96,52.96943,-1.753003,17.13,4,26.09,24 / 24,2.746892690535181,3.835345070983294,1.324029999999467,152.50128638556873,327.239546267802,21.18803674284385,False,30.09999999999991,7.344500278429135,15.455644869429909,285.5634123409077,489.68021795814883,17.11194444444525,25.41699999999917,4.597607587893954,11.620299798446615,133.06212595533896,162.44067169034685
1628112.0,0.7986,0.7588,10.5435,0.012,-0.0225,9.8066,-0.0926,-0.2807,0.1421,280.39,-88.78,-103.36,52.96943,-1.753003,17.13,4,26.09,24 / 24,2.667125268853446,3.8143538970398416,1.3634499999995207,152.77198728353852,327.62203121620365,21.32241074284398,False,30.200000000000045,7.353378863730077,15.516922248839021,286.29341097935713,491.23694693027943,17.171111111109486,25.355999999997845,4.68625359487663,11.70256835179918,133.5214236958186,163.61491571407578
1628212.0,-1.7674,1.7251,10.8117,0.0168,-0.0069,9.8065,0.0312,-0.0172,-0.062,274.84,-88.88,-109.11,52.96943,-1.753003,17.13,4,26.09,24 / 24,2.5096792846362987,3.7681987812453412,1.4505449999994415,153.03082751121278,328.0011588501176,21.4631104928438,False,30.299999999999955,7.310113011843917,15.476547009007398,287.0100151474099,492.7936759031139,17.116111111112406,25.282999999997884,4.8004337272076185,11.708348227762055,133.9791876361971,164.79251705299635
1628312.0,0.1461,-0.9796,10.2833,-0.0312,0.0213,9.8066,0.0164,0.0879,-0.0795,268.5,-88.89,-115.45,52.96943,-1.753003,17.13,4,26.09,24 / 24,2.4325066605036176,3.6810640083881747,1.5246299999993742,153.27793680846955,328.3736219895989,21.611869242843607,False,30.399999999999864,7.309664106353993,15.509930267003066,287.7333165506551,494.35040487665697,17.14611111112423,25.23400000000853,4.877157445850376,11.828866258614891,134.45537974218556,165.97678288705805
1628412.0,0.7405,0.3634,9.4984,0.0171,0.0055,9.8066,0.0104,0.3169,-0.162,254.23,-88.91,-129.93,52.96943,-1.753003,17.13,4,26.09,24 / 24,2.4245694328215084,3.6999472309358716,1.5330499999993858,153.52079061313614,328.74267255156565,21.764753242843753,False,30.5,7.449198205667184,15.699288019461056,288.4834068947038,495.92937283423146,17.376944444444444,25.384,5.024628772845675,11.999340788525185,134.96261628156768,167.1867002826658
1628512.0,2.3811,0.4739,10.172,-0.0473,-0.0219,9.8065,-0.1123,0.341,-0.154,264.58,-89.36,-120.48,52.96943,-1.753003,17.13,4,26.09,22 / 23,2.3336351635072234,3.825465952182529,1.5359049999993835,153.75870084295235,329.1189432107212,21.918200992843552,False,30.59999999999991,7.416160603143805,15.64516891456341,289.2134055331788,497.49722130019904,17.31388888889043,25.361999999999657,5.082525439636582,11.81970296238088,135.45470469022644,168.37827808947782
1628612.0,1.2566,-0.5305,10.4112,-0.0359,0.0129,9.8066,0.0379,0.2836,-0.0746,271.47,-89.25,-116.18,52.96943,-1.753003,17.13,4,26.09,22 / 23,2.29541215580393,3.986903388933054,1.5843999999994496,153.99015320891823,329.5095616777775,22.074216242843708,False,30.700000000000045,7.457714580582679,15.75058366868699,289.9567986420772,499.076189258596,17.426944444444207,25.336999999997044,5.1623024247787495,11.763680279753935,135.966645433159,169.56662758081848
1628711.0,-2.0876,1.2317,10.3071,0.0119,0.0262,9.8065,0.1069,-0.0186,-0.0396,265.22,-88.97,-118.94,52.96943,-1.753003,17.13,4,26.09,22 / 23,2.2398080273855103,3.9237165502319984,1.6390974999994123,154.21464660798594,329.90113736476593,22.233779369093543,False,30.798999999999978,7.427088045343264,15.756232116808949,290.6794972941411,500.6503758349069,17.418969444444095,25.23799999999567,5.187280017957754,11.832515566576951,136.46485068615513,170.749238470141
1628812.0,1.4941,0.4561,10.607,-0.0088,0.0009,9.8066,0.0712,-0.1528,0.0186,267.96,-88.79,-118.63,52.96943,-1.753003,17.13,4,26.09,22 / 23,2.129463908382956,3.870095651263985,1.7047878999993378,154.435294840742,330.29472488094103,22.402645581793287,False,30.899999999999864,7.45005688900068,15.87242615099174,291.43019038945005,502.2563641616481,17.533888888892648,25.14400000000716,5.320592980617724,12.002330499727755,136.99489554870806,171.96163928070706
1628911.0,-1.2068,-0.3922,10.0803,0.0369,-0.0054,9.8065,-0.0326,-0.2685,0.1657,256.76,-88.7,-125.06,52.96943,-1.753003,17.13,4,26.09,22 / 23,2.107545192368316,3.8697553902238173,1.7579508999994238,154.64502679122953,330.6778475074953,22.5740511523935,False,30.999000000000024,7.512534847789406,15.91535531214755,292.1727798300717,503.8305507364476,17.59933888888894,25.268740000000104,5.40498965542109,12.045599921923733,137.52775303884218,173.1527032289523
1629013.0,-0.4774,0.2519,9.888,-0.0118,0.0133,9.8066,-0.0032,-0.2344,0.1319,258.36,-88.71,-126.59,52.96943,-1.753003,17.13,4,26.09,22 / 23,2.1049256451506313,3.7650812992608835,1.7760558999993992,154.8598628039427,331.0672241786585,22.754285499193198,False,31.100999999999885,7.5295445598001365,15.928958353359711,292.93793895340707,505.4635594301068,17.618905555556704,25.29987000000389,5.424618914649505,12.163877054098828,138.07807614946438,174.3963352514483
1629112.0,0.9804,0.0168,10.0489,0.027,-0.004,9.8065,0.0126,-0.2813,0.138,262.14,-88.68,-121.36,52.96943,-1.753003,17.13,4,26.09,22 / 23,2.061343309904889,3.7664811680922035,1.7920740999994251,155.06609311721826,331.44003652079306,22.930907934193424,False,31.200000000000045,7.64477939514585,15.96732676444833,293.68715865696174,507.0377460064216,17.70305555555635,25.58400000000331,5.583436085240962,12.200845596356126,138.62106553974348,175.59770948562857
1629212.0,0.5613,-1.7856,9.4485,0.009,-0.0009,9.8066,0.0299,-0.1624,0.0787,266.7,-88.87,-117.22,52.96943,-1.753003,17.13,4,26.09,22 / 23,2.1109062657617654,3.829140187211518,1.7862790999994305,155.2747055960014,331.8198175885579,23.109825594193204,False,31.299999999999955,7.687660209124785,15.976632326904596,294.4506434714726,508.6389529503733,17.730000000001514,25.696000000005878,5.57675394336302,12.147492139693078,139.17593787547116,176.81913536181543
1629312.0,0.6116,0.4254,9.7565,0.0316,-0.0048,9.8065,-0.0201,-0.188,0.0756,267.31,-88.72,-116.25,52.96943,-1.753003,17.13,4,26.09,22 / 23,2.144475487215981,3.8742801733121857,1.765864099999449,155.4874746836501,332.20498860658375,23.287432754192988,False,31.399999999999864,7.740812099749464,15.989842182970072,295.22082552128046,510.24015989361766,17.76499999999766,25.8320000000054,5.596336612533483,12.115562009657886,139.73335083763035,178.0351712870339
1629412.0,-1.4171,-2.0287,10.3208,-0.0022,0.0065,9.8066,-0.0786,0.0185,0.045,260.75,-88.88,-123.29,52.96943,-1.753003,17.13,4,26.09,22 / 23,2.203036711573623,3.831065788432819,1.789064099999481,155.70485029358989,332.59025590467155,23.465179164193177,False,31.5,7.749338777390164,15.94001210347458,295.984310335724,511.8413668374565,17.723888888888887,25.927,5.5463020658165405,12.10894631504176,140.2794600421341,179.25111093278497
1629512.0,-0.5758,0.0221,10.2882,-0.0296,0.0113,9.8066,-0.0893,0.0618,-0.1171,252.96,-89.0,-131.36,52.96943,-1.753003,17.13,4,26.09,24 / 24,2.294305169203055,3.726838765508867,1.8388490999994356,155.92971738762853,332.9681511323683,23.646574824192957,False,31.59999999999991,7.715863818317867,15.957476947724391,296.7544923854922,513.4425737807007,17.724999999999497,25.80500000000098,5.421558649114813,12.230638182215525,140.82477499786367,180.47442264833245
1629612.0,-2.3754,2.143,10.5113,-0.024,0.0047,9.8066,0.102,0.2251,-0.207,228.54,-89.37,-153.96,52.96943,-1.753003,17.13,4,26.09,24 / 24,2.2802112451568677,3.5101211007497457,1.8981590999995166,156.15844320834682,333.3299991256817,23.83342523419316,False,31.700000000000045,7.719786420523644,15.914528172648442,297.51797720004487,515.0326612322307,17.688055555558453,25.877000000001477,5.439575175366777,12.404407071898696,141.35953399169804,181.70266210654898
1629712.0,2.5129,-2.0617,8.8898,-0.0152,-0.0144,9.8066,0.046,0.2017,-0.3375,207.99,-89.48,-175.05,52.96943,-1.753003,17.13,4,26.09,24 / 24,2.208684333093098,3.46563841915789,1.8875490999995264,156.38288798725912,333.67878710167673,24.02271064419294,False,31.799999999999955,7.776543928726012,15.99597177358624,298.29485648500406,516.6338681754751,17.786111111110632,25.927000000000735,5.567859595632914,12.53033335442835,141.91196849774494,182.95508107379834
1629812.0,-1.0539,-0.6363,9.4045,0.0855,-0.0462,9.8061,-0.0161,0.414,-0.2179,217.62,-89.36,-161.98,52.96943,-1.753003,17.13,4,26.09,24 / 24,2.203246987196633,3.5731583467537638,1.8215990999995864,156.6034845532734,334.030726939972,24.20816805419273,False,31.899999999999864,7.776428659270248,15.98367236610919,299.0650385347724,518.2350751201335,17.77499999999556,25.943999999995057,5.573181672073615,12.410514019355425,142.46155398149898,184.2043481801615
1629912.0,4.6068,-2.6889,9.8428,-0.0014,-0.0134,9.8066,-0.0738,0.546,-0.2401,215.37,-89.31,-167.3,52.96943,-1.753003,17.13,4,26.09,24 / 24,2.148077978199071,3.7738627618504084,1.8032990999995615,156.8210508015435,334.39807799540273,24.389412964192935,False,32.0,7.718107412496062,15.925220897649314,299.8352205844731,519.8251625701328,17.696944444444444,25.857,5.570029434296991,12.151358135798906,143.01416978292963,185.42708457473003
1630011.0,-2.8999,1.6139,9.9506,0.073,-0.0404,9.8062,-0.0598,0.654,-0.4344,243.75,-89.16,-138.07,52.96943,-1.753003,17.13,4,26.09,24 / 24,2.017440289136934,3.8186908360073843,1.8122140499995556,157.0272439557765,334.7739093984964,24.56838086511777,False,32.09899999999993,7.723578842663153,15.963208962518054,300.59107055086514,521.4103574432448,17.73351944444495,25.81937999999948,5.70613855352622,12.14451812651067,143.56382659508864,186.63644804474842
1630112.0,3.6886,-1.6417,10.2248,-0.0272,0.0165,9.8066,-0.0146,0.5009,-0.3521,238.83,-89.14,-146.02,52.96943,-1.753003,17.13,4,26.09,24 / 24,1.9629059162179288,3.823935078976449,1.8406000999995873,157.22825143914713,335.1598620072035,24.752847979692934,False,32.200000000000045,7.688144986957906,15.922126641345356,301.36219021358926,523.0164569649073,17.681111111113058,25.773999999994,5.725239070739978,12.098191562368907,144.13393877444213,187.8565949577038
1630212.0,-2.0939,-0.2765,9.5531,0.0098,0.0116,9.8066,-0.0014,0.2026,-0.0587,226.16,-89.02,-155.76,52.96943,-1.753003,17.13,4,26.09,24 / 24,2.00445662879201,3.9262950639256355,1.84883009999958,157.42661956639745,335.5473735143483,24.937319489692726,False,32.299999999999955,7.660100054413064,16.008650919756672,302.1256750280865,524.6287834012841,17.746944444445788,25.571000000000478,5.655643425621054,12.082355855831036,144.69905546168906,189.08140988693577
1630312.0,-2.7909,-0.3131,9.8012,-0.0453,0.0121,9.8065,0.1667,-0.2352,0.0672,226.92,-88.98,-157.9,52.96943,-1.753003,17.13,4,26.09,24 / 24,2.181304441866831,3.7354710740510875,1.8358800999995917,157.6359076199302,335.9304618212468,25.121554999692517,False,32.399999999999864,7.6766072062714406,16.035241224789118,302.8891598426503,526.2299903452372,17.778055555559362,25.581999999996874,5.4953027644046095,12.29977015073803,145.2532522227201,190.29952852399038
1630412.0,0.9845,-0.1815,9.6012,-0.029,0.0029,9.8065,0.1726,-0.439,0.1569,230.17,-88.73,-154.12,52.96943,-1.753003,17.13,4,26.09,24 / 24,2.2499391416791608,3.6546668180837836,1.8253350999995774,157.8574697991078,336.29996871585405,25.304615759692727,False,32.5,7.690059741900395,16.103012332045296,303.6526446571204,527.8534362739257,17.845000000000002,25.527,5.440120600221235,12.448345513961513,145.7951748580126,191.55346755807165
1630513.0,-2.9954,-0.3607,9.7811,0.0202,-0.0213,9.8066,0.1026,-0.3645,0.1817,237.54,-88.61,-146.28,52.96943,-1.753003,17.13,4,26.09,24 / 25,2.3049874549327516,3.548803722298527,1.8136695999995909,158.08749359223646,336.6637439781429,25.488385497042476,False,32.600999999999885,7.718680008388599,16.049014729999858,304.43046155504715,529.470766482248,17.80867500000084,25.68495999999859,5.4136925534558475,12.500211007701331,146.3429679628107,192.80702250410508
1630612.0,5.208,-1.7978,9.5575,-0.0482,0.0086,9.8065,0.0122,-0.4876,0.1967,231.44,-88.71,-154.14,52.96943,-1.753003,17.13,4,26.09,24 / 25,2.291796178154848,3.6590774195070086,1.800071949999569,158.31503438207466,337.0205340946629,25.667265703767722,False,32.700000000000045,7.716309038825217,16.118172192200596,305.1863115214411,531.0669696549661,17.870000000002364,25.581999999999024,5.424512860670369,12.459094772693588,146.87127713936644,194.04643556030322
1630712.0,-2.653,2.3138,10.6537,0.049,0.0122,9.8065,-0.0713,-0.4593,0.4142,231.2,-88.81,-153.2,52.96943,-1.753003,17.13,4,26.09,24 / 25,2.1775789868493063,3.7103531768930007,1.829966949999542,158.53850314032465,337.38900562448254,25.848767648767513,False,32.799999999999955,7.741526985971405,16.194791135595704,305.95649357119675,532.6904155830618,17.950000000002593,25.5490000000124,5.5639479991220995,12.484437958702703,147.4179904308721,195.3014099585793
1630812.0,3.8199,-1.4403,10.5698,-0.0825,0.032,9.8062,-0.0046,-0.4734,0.3169,229.32,-88.87,-155.24,52.96943,-1.753003,17.13,4,26.09,24 / 25,2.0861102300805805,3.693490960940992,1.9104769499994687,158.75168760117094,337.7591978313739,26.035789843767294,False,32.899999999999864,7.848698574055757,16.20981279021499,306.7400700913874,534.3138615125728,18.01000000000562,25.83600000000466,5.762588343975176,12.516321829273998,147.98838249021645,196.55466368119886
1630912.0,-6.7605,1.7386,8.6179,0.0378,-0.0233,9.8065,0.1116,-0.4748,0.207,231.06,-88.7,-150.14,52.96943,-1.753003,17.13,4,26.09,24 / 25,2.1465601268091477,3.5349279139172305,1.8891969499994399,158.96332111901572,338.1206187751173,26.2257735387675,False,33.0,7.915112313469918,16.287506066162504,307.52364661152274,535.9484269343935,18.108888888888888,25.918000000000003,5.76855218666077,12.752578152245274,148.56032549250702,197.82780815927623
1631012.0,2.4682,-2.5907,10.9169,-0.1018,-0.0097,9.8061,0.0842,-0.3737,0.1771,212.46,-89.04,-172.89,52.96943,-1.753003,17.13,4,26.09,24 / 25,2.247375911858213,3.3587910818794238,1.8852719499994435,159.18301792094888,338.4653047249068,26.414496983767272,False,33.09999999999991,7.966651707224312,16.264833422289446,308.320617602149,537.5718728631966,18.11111111111198,26.096000000001148,5.719275795366099,12.906042340410021,149.13759968120013,199.10656813828984
1631112.0,-8.3032,1.0467,8.1194,0.1082,-0.0029,9.806,-0.1145,0.2545,-0.1278,231.19,-88.58,-149.78,52.96943,-1.753003,17.13,4,26.09,24 / 25,2.4227348727884075,3.1439197711006712,1.8564219499994041,159.41652346018154,338.7904402675562,26.60158167876747,False,33.200000000000045,8.018675934732922,16.310470908400635,309.11758859277705,539.2064382844289,18.17500000000133,26.179999999996927,5.595941061944515,13.166551137299964,149.70106513259552,200.41599801687272
1631212.0,3.5038,-1.5744,10.6693,0.0204,0.0153,9.8066,-0.1223,0.6414,-0.3901,227.77,-88.68,-156.5,52.96943,-1.753003,17.13,4,26.09,24 / 25,2.568602348511061,2.937282030249864,1.8151919499994418,159.6660903212463,339.0945003576235,26.785162373767246,False,33.299999999999955,8.008837247078487,16.365418599900725,309.914559583377,540.8410037063659,18.220000000004617,26.076000000000864,5.440234898567426,13.42813656965086,150.24846926213073,201.7465033487424
1631312.0,4.5929,-2.1913,10.8806,0.1125,-0.0103,9.806,-0.1116,0.7552,-0.4165,215.34,-88.6,-169.33,52.96943,-1.753003,17.13,4,26.09,24 / 25,2.3758298871162356,3.307718072448779,1.9120219499993538,159.91331193302742,339.40675036275815,26.971523068767016,False,33.399999999999864,8.061591712996709,16.458664335930077,310.71822780920735,542.4978081138604,18.326944444447747,26.095999999989314,5.685761825880473,13.150946263481298,150.80491587617993,203.09105775110226
1631412.0,2.3904,0.1501,9.8566,0.051,-0.0142,9.8064,-0.1158,0.6687,-0.3872,227.71,-88.37,-157.39,52.96943,-1.753003,17.13,4,26.09,24 / 25,2.1565582938673247,3.5788837226424364,1.9682169499994304,160.1399313420769,339.7510804525132,27.16553501376722,False,33.5,8.032909992894998,16.537248321472582,311.5151987997774,544.1546125198236,18.385,25.908,5.876351699027674,12.958364598830146,151.37526745770052,204.40353206731038
1631512.0,2.9591,-1.5333,9.6387,-0.021,-0.0072,9.8066,0.0224,0.3198,-0.1761,220.64,-88.82,-164.13,52.970715,-1.751974,18.73,6,26.73,23 / 23,1.9972781368633687,3.7827139521779274,1.962316949999436,160.34762316361324,340.11916033625386,27.362061708766984,False,33.59999999999991,8.004543142181078,16.515505965919495,312.31216979039044,545.8002974348927,18.35305555555697,25.857999999999087,6.007265005317709,12.732792013741568,151.9645466267772,205.68113709863889
1631611.0,-2.7702,0.3319,10.1452,0.0103,0.002,9.8066,0.0236,0.0872,-0.0837,218.24,-88.98,-163.87,52.970715,-1.751974,18.73,6,26.73,23 / 23,2.025046321171225,3.8033572707912007,1.9707616499994498,160.54672822428628,340.49467086179146,27.556749099467243,False,33.69900000000007,8.030167081612792,16.61736627541684,313.10780133397805,547.4515420951177,18.455905555558633,25.791669999998014,6.005120760441567,12.814009004625637,152.56107310969176,206.95687123332624
1631711.0,2.5342,-0.5934,10.476,-0.057,0.0387,9.8064,0.0221,-0.0008,0.0454,201.77,-88.89,179.13,52.970715,-1.751974,18.73,6,26.73,23 / 23,2.014622161996779,3.7437198286064532,2.021156649999404,160.7487116484445,340.872024716761,27.756345014467005,False,33.79899999999998,8.034238701017749,16.67701195859971,313.90483929696956,549.1194659950309,18.511394444446825,25.722689999997016,6.01961653902097,12.933292129993257,153.15612764852506,208.24744127826983
1631812.0,-5.4917,1.6171,9.2277,0.0411,0.0002,9.8065,0.004,-0.1519,0.0573,210.18,-88.72,-171.91,52.970715,-1.751974,18.73,6,26.73,23 / 23,2.1057975198153382,3.5728773185302645,2.025721849999399,160.95679284237576,341.241512872691,27.960712378716714,False,33.899999999999864,8.064953808518775,16.7173970984,314.7164772326801,550.8040691339505,18.561111111114393,25.753999999996307,5.959156288703436,13.144519779869736,153.75968439030436,209.56255626125954
1631912.0,1.5211,-1.2572,10.0536,-0.0496,0.0079,9.8065,-0.006,-0.3218,0.158,197.34,-88.89,174.5,52.970715,-1.751974,18.73,6,26.73,23 / 23,2.2502518872603208,3.412012301796593,2.0091218499993766,161.17459531272985,341.5907573537078,28.162454563716928,False,34.0,8.071029199870836,16.778602775905462,315.52014545846754,552.4831125261779,18.61888888888889,25.689,5.820777312610515,13.366590474108868,154.3455501457377,210.89235517247016
1632012.0,-4.2697,1.2568,8.7106,0.0545,-0.0069,9.8065,0.0133,-0.4602,0.2345,207.81,-88.86,-174.54,52.970715,-1.751974,18.73,6,26.73,23 / 23,2.3582392548497992,3.3038654003793666,1.9666668499994153,161.40501986983514,341.9265512388163,28.361243998716688,False,34.09999999999991,8.055454944572807,16.769446246852358,316.3238136842981,554.1621559178164,18.603888888888612,25.657999999998925,5.6972156897230075,13.46558084647299,154.91879381446296,212.23560467900018
1632112.0,2.3218,-0.0867,11.428,-0.0212,0.0022,9.8065,0.1256,-0.3756,0.1395,192.25,-89.01,167.51,52.970715,-1.751974,18.73,6,26.73,23 / 23,2.4091235594779654,3.1422342998118995,1.9929318499994513,161.64338801055186,342.2488562238263,28.5592239337169,False,34.200000000000045,8.023690309092009,16.76249742903215,317.1207846749264,555.8411993108735,18.583888888887774,25.579000000003607,5.614566749614044,13.620263129220248,155.47739666437457,213.59234308704725
1632212.0,1.5613,-2.1247,9.723,0.0416,0.0235,9.8065,0.0699,-0.3886,0.0922,191.04,-88.85,167.94,52.970715,-1.751974,18.73,6,26.73,23 / 23,2.2494126515981123,3.255631693452126,2.0698168499993814,161.87631482110544,342.5687495234892,28.762361368716657,False,34.299999999999955,8.042981236133683,16.711334183148168,317.9244529007572,557.5202427032189,18.546111111110466,25.701000000005962,5.793568584535571,13.45570248969604,156.04813807965178,214.95149317972965
1632313.0,-3.4187,1.2301,10.1087,0.056,-0.0339,9.8064,-0.0244,-0.2847,0.2297,202.46,-88.54,-178.65,52.970715,-1.751974,18.73,6,26.73,23 / 23,2.3343897842203067,3.217138592852503,2.0808460499993937,162.10779684411452,342.89562442294795,28.97196984516683,False,34.40100000000007,8.076507644515777,16.678158908542258,318.73609083649484,559.2048458414332,18.530811111109365,25.838889999999356,5.742117860295471,13.461020315689755,156.62829399238032,216.30922141848527
1632412.0,0.6339,-0.5034,10.7082,0.0426,-0.0471,9.8064,0.0201,-0.1408,0.1926,216.93,-88.66,-167.75,52.970715,-1.751974,18.73,6,26.73,23 / 23,2.4553407957172864,3.0998281028771446,2.140424249999353,162.34488850782128,343.20831427438634,29.180922725016625,False,34.5,8.060398062442355,16.652960560232362,319.5250921171576,560.8560905022343,18.50111111111111,25.828000000000003,5.605057266725068,13.553132457355218,157.18020360933633,217.647776227848
1632512.0,-2.7878,0.7293,9.3088,0.0703,-0.0164,9.8063,0.0297,0.079,-0.0275,226.12,-88.57,-158.02,52.970715,-1.751974,18.73,6,26.73,24 / 24,2.5060949611940466,2.978746620717352,2.1606092499993346,162.59296029566661,343.5122430105658,29.395974400016364,False,34.59999999999991,7.986870290701469,16.680342598221635,320.32206310777025,562.5240144014474,18.49388888888806,25.58599999999569,5.480775329507422,13.701595977504283,157.72910281210363,219.01177139088162
1632612.0,0.5612,-0.0245,8.8786,0.0208,-0.0069,9.8065,0.0542,0.0714,0.0096,232.96,-88.57,-150.87,52.970715,-1.751974,18.73,6,26.73,24 / 24,2.546398388081359,2.8432330993494093,2.089314249999237,162.84558496313073,343.80334199656954,29.608470575016582,False,34.700000000000045,7.868784382864413,16.669126235354707,321.0989423927579,564.2030577945042,18.43305555555567,25.269999999990098,5.322385994783054,13.825893136005298,158.2533574296272,220.39971579793462
1632711.0,-1.095,-0.396,9.1701,0.033,-0.0164,9.8066,-0.0326,0.2043,-0.1145,242.88,-88.55,-140.67,52.970715,-1.751974,18.73,6,26.73,24 / 24,2.554261450755181,2.7966992941459674,2.01186654999929,163.09806762515296,344.08251865004735,29.81147902461637,False,34.79899999999998,7.773787587536726,16.717882580957035,321.86142262201565,565.854302454025,18.436905555555725,24.938349999985498,5.219526136781545,13.921183286811068,158.7633549968627,221.7717838039776
1632812.0,0.004,0.7514,10.2319,-0.0063,0.0014,9.8066,-0.017,0.1434,-0.0183,245.37,-88.61,-137.01,52.970715,-1.751974,18.73,6,26.73,24 / 24,2.540500196402464,2.7123503207577446,2.0011958999993023,163.35535308833414,344.36072565559965,30.01413867834107,False,34.899999999999864,7.87068196012908,16.746530073262793,322.6593981979216,567.5500250860626,18.50388888888486,25.17300000000233,5.330181763726616,14.034179752505048,159.30404510958743,223.189299430463
1632912.0,0.341,-0.719,10.5213,-0.0053,0.0082,9.8066,0.0156,-0.1075,0.0546,246.23,-88.58,-137.28,52.970715,-1.751974,18.73,6,26.73,24 / 24,2.509498601348211,2.699283443166617,2.05819089999938,163.60785302822202,344.63130734379627,30.217108018341282,False,35.0,7.852488483385105,16.676809099240234,323.436277482853,569.2179489851579,18.433055555555555,25.214,5.342989882036894,13.977525656073617,159.82842445463095,224.58664164136167
1633011.0,-0.9685,0.4792,9.9612,0.0236,0.0146,9.8066,0.1046,-0.1236,0.0937,246.99,-88.22,-135.83,52.970715,-1.751974,18.73,6,26.73,24 / 24,2.5092210013219534,2.6485912831539933,2.101216299999351,163.85627964855402,344.89602714274895,30.42299867474108,False,35.09899999999993,7.850198128932986,16.63836647541037,324.21201823778915,570.8691936467796,18.397305555555057,25.258550000000618,5.3409771276110325,13.989775192256374,160.35573858923513,225.9731665040307
1633112.0,1.5358,0.5002,10.2059,-0.0117,-0.0064,9.8066,0.0416,-0.3352,0.1577,255.33,-88.23,-131.63,52.970715,-1.751974,18.73,6,26.73,24 / 24,2.436519784456559,2.637124673198452,2.129183199999382,164.10603955823612,345.16295579854506,30.636633849491254,False,35.200000000000045,7.855564882809904,16.66522673599434,325.0034305232093,572.5537967850022,18.423888888889252,25.238000000000742,5.419045098353345,14.02810206279589,160.8973909649732,227.39084098645714
1633212.0,-2.342,1.8978,9.6461,0.0492,-0.0143,9.8064,-0.0117,-0.3164,0.1242,258.39,-88.02,-124.89,52.970715,-1.751974,18.73,6,26.73,24 / 24,2.2958225000850057,2.5484863805452442,2.1411181999993714,164.342656672463,345.422236351232,30.850148919490998,False,35.299999999999955,7.868051837688239,16.672850781458436,325.78700704338667,574.2217206849228,18.436111111113657,25.263000000002982,5.5722293376032335,14.124364400913192,161.44435037092367,228.79948433369083
1633311.0,-0.1471,0.9753,9.9053,0.0201,0.0016,9.8066,-0.0105,0.0404,-0.0162,255.29,-88.17,-127.22,52.970715,-1.751974,18.73,6,26.73,24 / 24,2.1548997394819582,2.3741500845605894,2.1380541499993737,164.5629674233214,345.6659068562546,31.06196795081579,False,35.39899999999989,7.912868528190406,16.71615234157737,326.5627477983887,575.8839736433456,18.494411111114463,25.331310000003928,5.757968788708448,14.34200225701678,161.99978037506733,230.218066787091
1633411.0,4.0056,-1.5621,10.1767,0.0376,0.0101,9.8065,-0.0145,0.1768,-0.1394,255.86,-88.4,-128.38,52.970715,-1.751974,18.73,6,26.73,24 / 24,2.1092480602705135,2.5445322931173315,2.161489149999406,164.7761748133093,345.91184097513883,31.276945115816023,False,35.499000000000024,7.939997471897244,16.732552759709506,327.3595848442692,577.552008737373,18.52085000000002,25.385460000000045,5.83074941162673,14.188020466592175,162.5834100309599,231.6401677622341
1633512.0,-2.2858,1.0541,10.849,0.0635,-0.0125,9.8064,-0.0347,0.4664,-0.4088,253.93,-88.22,-128.61,52.970715,-1.751974,18.73,6,26.73,25 / 25,2.089979164228037,2.6103316000368726,2.232815349999325,164.98823578814623,346.1721616017428,31.498857493065707,False,35.59999999999991,8.011692909811067,16.7750075027973,328.1645255447744,579.2477313694166,18.59000000000061,25.529000000000792,5.92171374558303,14.164675902760429,163.17628975662817,233.07556976767376
1633612.0,0.1574,1.4611,10.8163,0.0245,-0.0223,9.8065,-0.0553,0.4524,-0.1505,253.49,-88.39,-129.46,52.970715,-1.751974,18.73,6,26.73,25 / 25,1.9723028142518249,2.4484175856633867,2.335415349999465,165.1913498870705,346.42509906102816,31.727269028065958,False,35.700000000000045,8.048104640868772,16.80747561918881,328.96149653538953,580.9267747624739,18.634999999999998,25.587000000007034,6.075801826616947,14.359058033525423,163.77014664831904,234.50167570144572
1633711.0,-3.4785,0.2307,10.1102,0.0484,-0.0133,9.8065,-0.0261,0.3861,-0.2363,252.27,-88.34,-129.48,52.970715,-1.751974,18.73,6,26.73,25 / 25,1.9165329424320618,2.243432311779657,2.400418749999421,165.38384725702622,346.65734563095145,31.961692816015745,False,35.79899999999998,8.11715383721347,16.774235579092473,329.7637583418278,582.600036018398,18.634999999999998,25.822620000010303,6.200620894781409,14.530803267312816,164.37991108480156,235.94269038744653
1633812.0,3.8003,-0.832,9.4591,0.0008,-0.0242,9.8065,0.0848,0.4153,-0.3715,257.57,-88.44,-125.33,52.970715,-1.751974,18.73,6,26.73,25 / 25,1.9315181422395409,2.2450899252203085,2.3981967499994234,165.5781738368019,346.88401600391967,32.20402289876541,False,35.899999999999864,8.212035393856496,16.796970150854488,330.5956219279225,584.2959810388835,18.69694444444462,26.05399999999892,6.280517251616955,14.551880225634179,165.01744809112057,237.41196503496383
1633912.0,-1.7569,-0.024,9.316,0.0548,-0.0228,9.8064,-0.0628,0.3571,-0.1927,258.78,-88.4,-124.11,52.970715,-1.751974,18.73,6,26.73,25 / 25,1.9213152738556831,2.331516537621221,2.3562867499993665,165.77081550760693,347.1128463270621,32.441747073765676,False,36.0,8.207806000967896,16.8024379377064,331.41268462414456,585.9750244318183,18.7,26.035,6.286490727112213,14.47092140008518,165.64186911653763,238.8621781047562
1634012.0,4.2143,-2.0579,9.8241,-0.0371,0.0208,9.8065,-0.0713,0.2754,-0.2111,250.11,-88.53,-134.56,52.970715,-1.751974,18.73,6,26.73,25 / 25,1.9380321634984174,2.4548594201279204,2.3326267499993882,165.96378287947445,347.3521651249493,32.6761927487654,False,36.09999999999991,8.20892234858238,16.82631265773482,332.2297473203844,587.6651873165896,18.721944444445466,26.006000000003752,6.270890185083963,14.3714532376069,166.26596444090993,240.3130221916403
1634112.0,-0.6359,1.8386,9.3519,0.0504,-0.0225,9.8064,-0.0452,0.1641,-0.1196,262.7,-88.3,-121.21,52.970715,-1.751974,18.73,6,26.73,25 / 25,1.848620657388794,2.621913922067722,2.3107617499993585,166.15311552051907,347.6060037920594,32.90836217376565,False,36.200000000000045,8.322796029633917,16.85396649743317,333.05350725188396,589.3442307089396,18.79694444444335,26.281000000002216,6.4741753722451225,14.232052575365447,166.9003917313649,241.73822691688014
1634212.0,4.279,-0.4388,10.7174,-0.0628,-0.0221,9.8064,0.0388,-0.1158,0.1581,272.65,-88.56,-113.41,52.970715,-1.751974,18.73,6,26.73,25 / 25,1.7619336670375427,2.77426790455481,2.3335617499993377,166.33364323674022,347.8758128833903,33.140578348765374,False,36.299999999999955,8.328449301116986,16.809953368135382,333.8839644185859,591.0343935937111,18.76000000000432,26.355999999996026,6.566515634079444,14.035685463580572,167.55032118184567,243.1585807103208
1634313.0,-2.1214,0.2522,9.3397,0.0087,0.0002,9.8066,0.0059,-0.1827,0.0808,270.35,-88.14,-111.83,52.970715,-1.751974,18.73,6,26.73,25 / 25,1.7478046633535291,2.86684163562224,2.355973649999363,166.51088502242516,348.1606889151696,33.377399886465575,False,36.40100000000007,8.345838597203505,16.912310123434878,334.7227931292951,592.7414581073396,18.85946111110797,26.26529000000752,6.598033933849976,14.045468487812638,168.21190810686994,244.58076919216995
1634412.0,-1.6553,1.5193,9.6671,-0.0317,-0.0124,9.8066,0.0918,-0.3463,0.1478,274.76,-88.02,-111.47,52.970715,-1.751974,18.73,6,26.73,25 / 25,1.6204682445237366,2.672191811296252,2.3259518999993833,166.67761453136498,348.43487107079187,33.609155201190354,False,36.5,8.359800534001511,16.845876354620582,335.5515759871224,594.4147193638423,18.80611111111111,26.393,6.739332289477774,14.173684543324331,168.87396145575744,245.97984829305045
1634512.0,-2.2485,1.2409,10.3469,-0.0465,0.0104,9.8065,-0.0041,-0.35,0.2445,269.31,-88.2,-113.03,52.970715,-1.751974,18.73,6,26.73,23 / 23,1.4445619235153506,2.468111526268304,2.345986899999365,166.8308660397668,348.69188623766985,33.84275214119008,False,36.59999999999991,8.3682849866989,16.804744010944216,336.38203315382435,596.0937627561883,18.773055555555565,26.471999999998406,6.923723063183549,14.336632484675912,169.55116711405756,247.40187651851846
1634612.0,-1.5325,-0.017,9.4544,-0.0519,0.0359,9.8064,-0.0036,-0.4817,0.1696,267.18,-88.3,-118.29,52.970715,-1.751974,18.73,6,26.73,23 / 23,1.3568608494985157,2.2615746498523386,2.355386899999378,166.97093717841767,348.92837054647623,34.07782083119034,False,36.700000000000045,8.33432162681063,16.822544011929015,337.21249032051475,597.7839256409635,18.77388888889066,26.354999999996423,6.977460777312114,14.560969362076676,170.24155314209708,248.85555509448727
1634712.0,3.8929,-0.6902,10.656,-0.0694,0.0133,9.8063,0.0451,-0.4261,0.2038,267.72,-88.47,-118.14,52.970715,-1.751974,18.73,6,26.73,23 / 23,1.3568177293813661,2.363625532412114,2.3802418999993553,167.10662110736155,349.1596305555892,34.31460227119006,False,36.799999999999955,8.325298698651094,16.893927082156083,338.0362502520125,599.474088525735,18.83388888888772,26.234000000000908,6.968480969269728,14.53030154974397,170.92962914465096,250.31445797014584
1634812.0,0.325,-0.0921,9.9139,-0.05,0.0007,9.8064,0.0043,-0.3251,0.2323,267.01,-88.71,-116.54,52.970715,-1.751974,18.73,6,26.73,23 / 23,1.3559329009031582,2.5585884631598117,2.428071899999312,167.24225863887565,349.4057412553676,34.555017961189776,False,36.899999999999864,8.319570755134777,16.866709868456798,338.86670741871416,601.1642514112139,18.8069444444437,26.254999999991927,6.963637854231618,14.308121405296987,171.6244487798385,251.75851015584624
1634912.0,3.6678,-1.694,11.1995,-0.0792,0.0231,9.8063,-0.0299,-0.2355,0.0971,262.98,-88.86,-120.93,52.970715,-1.751974,18.73,6,26.73,23 / 23,1.390724291223527,2.7487830742856345,2.5030768999994146,167.37959149848217,349.67110983224023,34.80157540119005,False,37.0,8.271997030789697,16.875554055808294,339.6904673501136,602.8544142965736,18.79388888888889,26.113000000000003,6.88127273956617,14.12677098152266,172.3108758516314,253.1833044643334
1635012.0,-1.6029,0.5901,9.2138,0.0294,0.0016,9.8065,-0.0615,0.124,-0.0206,262.71,-88.89,-121.34,52.970715,-1.751974,18.73,6,26.73,23 / 23,1.403370242891443,2.838121036385853,2.5430768999993782,167.5192962251878,349.95045503777357,35.05388309118976,False,37.09999999999991,8.263629048327804,16.86295059747442,340.51422728159764,604.5445771806378,18.77888888888877,26.10699999999842,6.860258805436361,14.024829561088566,172.99493105640985,254.59412214286425
1635112.0,3.1192,-0.2963,11.2132,-0.025,0.0066,9.8066,-0.146,0.113,-0.0072,265.29,-88.84,-119.93,52.970715,-1.751974,18.73,6,26.73,23 / 23,1.355937817129689,2.8923536372979948,2.583761899999434,167.65726162818902,350.23697877145815,35.31022503119005,False,37.200000000000045,8.225576333110583,16.871656527687552,341.33128997786594,606.2347400661207,18.770000000002423,25.990999999995683,6.869638515980894,13.979302890389558,173.67402834967692,255.99776129466255
1635212.0,0.0122,0.6108,9.2862,0.063,0.0073,9.8064,0.0484,0.3907,-0.1763,271.11,-88.46,-113.16,52.970715,-1.751974,18.73,6,26.73,23 / 23,1.2957894158528176,3.0333165542731866,2.6280668999993937,167.78984798983802,350.53326228103646,35.57081647118976,False,37.299999999999955,8.218280347986605,16.966310071974224,342.14835267413224,607.9360224440252,18.85194444444596,25.845000000000084,6.922490932133787,13.932993517701037,174.35850468429422,257.4027601629887
1635312.0,-2.1706,0.8006,8.8347,0.0359,-0.0294,9.8065,0.0738,0.3028,-0.248,272.62,-88.47,-110.35,52.970715,-1.751974,18.73,6,26.73,23 / 23,1.187678841246891,2.913078581146494,2.5534468999994617,167.9140214026929,350.8305820378072,35.82989216118946,False,37.399999999999864,8.234131511024167,16.997521840159653,342.9654153704119,609.6373048212224,18.886944444444836,25.846999999993407,7.046452669777276,14.08444325901316,175.051393967719,258.80672278341524
1635412.0,-1.5036,0.8349,9.6176,0.0342,-0.0283,9.8065,-0.048,0.361,-0.1696,280.9,-88.56,-102.33,52.970715,-1.751974,18.73,6,26.73,23 / 23,1.053819550614384,2.7285787903739926,2.4953968999993825,168.02609632228612,351.1126649063836,36.08233435118975,False,37.5,8.202716689958706,17.020413515833035,343.7824780665808,611.3385871982996,18.89388888888889,25.731,7.148897139344322,14.291834725459042,175.75638174429466,260.225922291916
1635512.0,-2.7263,0.8477,9.6444,0.0681,-0.0157,9.8064,0.0163,0.2247,-0.1336,284.07,-88.63,-99.37,52.970715,-1.751974,18.73,6,26.73,23 / 23,0.889552119765401,2.5321468955802633,2.4778318999993987,168.12326490580503,351.37570119068107,36.330995791189466,False,37.59999999999991,8.2642925770575,17.13288763309622,344.60623799809156,613.0621085617623,19.02194444444387,25.751000000000943,7.3747404572920985,14.600740737515958,176.48297309228653,261.68640737108126
1635612.0,2.7968,-0.3366,10.1246,0.0057,-0.0059,9.8066,0.0412,-0.1883,0.0221,285.76,-88.97,-98.47,52.970715,-1.751974,18.73,6,26.73,23 / 23,0.8343296604114604,2.5331383483551417,2.4856168999994095,168.20945899481399,351.62896545287816,36.57916823118975,False,37.700000000000045,8.266650617499991,17.08516571673336,345.42999792955095,614.7633909396714,18.98000000000142,25.820000000001478,7.432320957088531,14.55202736837822,177.22053893473696,263.1344254867932
1635711.0,-3.1348,0.9253,9.6396,0.0409,0.0152,9.8065,0.0991,-0.3051,0.1768,275.56,-88.95,-105.61,52.970715,-1.751974,18.73,6,26.73,23 / 23,0.7932972210326836,2.5022916813793996,2.4930864499994043,168.29002652544543,351.87821923934985,36.82561404701452,False,37.79899999999998,8.302166457009122,17.12082474000557,346.24552026173365,616.4696770887999,19.02757500000208,25.869500000002166,7.508869235976438,14.61853305862617,177.95549373628822,264.5914578494501
1635811.0,2.5124,-2.0746,9.7905,-0.0492,0.025,9.8064,-0.0112,-0.4241,0.2264,271.9,-89.33,-113.09,52.970715,-1.751974,18.73,6,26.73,23 / 23,0.8068106179950651,2.459106530753488,2.4839264499994127,168.37003191739674,352.1262891499563,37.07446469201423,False,37.89899999999989,8.296177591065717,17.181385431501194,347.069280193218,618.1931984522558,19.079480555558515,25.77396999999448,7.489366973070652,14.722278900747707,178.69924827582125,266.06690930229956
1635911.0,0.2753,1.0385,10.2901,0.007,-0.0071,9.8066,0.0239,-0.3423,0.2436,273.88,-89.24,-110.9,52.970715,-1.751974,18.73,6,26.73,23 / 23,0.8308766977345724,2.5841997086395123,2.5072914499994448,168.45191628318335,352.37845446192625,37.32402558701452,False,37.999000000000024,8.320865604000922,17.205156326964737,347.8996703875234,619.9057115173973,19.111625000000025,25.80963000000003,7.489988906266349,14.620956618325224,179.44775410434002,267.52725705547107
1636012.0,2.0483,-2.0044,10.3801,-0.0454,0.0195,9.8065,0.0484,-0.263,0.171,265.82,-89.17,-118.8,52.970715,-1.751974,18.73,6,26.73,23 / 23,0.8405665925205708,2.696048755050863,2.5606648999993844,168.53632416934113,352.6451070093423,37.579957382689166,False,38.09999999999991,8.43780892719615,17.163012716541747,348.75182659628746,621.635237405722,19.125000000001172,26.180000000001446,7.597242334675579,14.466963961490883,180.21550242694633,268.9901303963797
1636112.0,0.1058,-0.2467,9.7936,-0.0242,0.0014,9.8066,0.0111,-0.2082,0.0662,243.24,-89.32,-138.93,52.970715,-1.751974,18.73,6,26.73,23 / 23,0.9154711637959358,2.792331065449398,2.5886848999994228,168.62412605715707,352.91952600036774,37.83742487268946,False,38.200000000000045,8.507681372268655,17.2245797565996,349.59567823342735,623.3698782623217,19.211111111112437,26.286000000004286,7.592210208472719,14.432248691150201,180.97155217627028,270.4503522619539
1636212.0,-4.0258,1.4798,10.0944,-0.0442,0.0071,9.8065,0.0675,-0.0704,0.0185,232.78,-89.37,-149.65,52.970715,-1.751974,18.73,6,26.73,23 / 23,0.9681855121328127,2.5671695597101873,2.6024198999994104,168.7183088909534,353.18750103162546,38.09698011268917,False,38.299999999999955,8.57127518622856,17.243290196636412,350.4529243409742,625.093399625077,19.25611111111158,26.431000000005316,7.603089674095747,14.676120636926225,181.7346154500208,271.9058985934516
1636312.0,-2.2409,-0.006,10.1087,-0.0629,0.0275,9.8064,0.0327,0.1173,-0.1019,232.35,-89.26,-152.83,52.970715,-1.751974,18.73,6,26.73,23 / 23,1.0838491998249975,2.241425461329227,2.6319098999993837,168.8209106265512,353.4279307826772,38.358696602688866,False,38.399999999999864,8.613115471231133,17.23454061194584,351.31686768373817,626.805801495409,19.266944444451266,26.553999999998464,7.529266271406136,14.993115150616612,182.49595705718696,273.3778707127318
1636412.0,-4.1008,4.2635,9.9152,-0.0271,-0.001,9.8066,0.025,0.4506,-0.3494,236.34,-89.14,-148.51,52.970715,-1.751974,18.73,6,26.73,23 / 23,1.0719071422892683,1.832435720293741,2.6524398999994117,168.92869844365708,353.63162384175865,38.622914092689165,False,38.5,8.658587268234573,17.345964412806268,352.1741137912643,628.5515618436003,19.386944444444445,26.527,7.586680125945305,15.513528692512526,183.2454153476072,274.9199380018417
1636512.0,4.4864,-2.4769,9.7619,-0.0925,0.0477,9.8061,-0.0042,0.4801,-0.3706,222.96,-89.13,-162.21,52.970715,-1.751974,18.73,6,26.73,23 / 23,0.9142557008001347,1.7544125594527276,2.655629899999409,169.02800658581145,353.8109662557458,38.88831758268886,False,38.59999999999991,8.514622769458935,17.468395671016328,353.01796542838883,630.3084416843403,19.43305555555715,25.986000000003887,7.6003670686588,15.7139831115636,183.98995884257738,276.4974754285945
1636612.0,-1.7531,0.7213,9.0013,-0.0113,0.0168,9.8066,-0.0608,0.6138,-0.2593,245.7,-89.0,-140.13,52.970715,-1.751974,18.73,6,26.73,23 / 23,0.8211879305084957,1.8721426217225592,2.613124899999351,169.114778767377,353.9922940148048,39.15175532268916,False,38.700000000000045,8.653169808956603,17.530691722153538,353.88190877112817,632.0653215257903,19.549999999995414,26.270999999996423,7.831981878448108,15.658549100430978,184.76713000375116,278.07302751098547
1636712.0,2.0785,-0.8379,10.16,-0.0521,0.0187,9.8064,-0.0563,0.3244,-0.1744,241.35,-89.11,-144.81,52.970715,-1.751974,18.73,6,26.73,23 / 23,0.7896647885838919,1.860151852648597,2.5905248999993717,169.19532140333155,354.1789087385232,39.41193781268886,False,38.799999999999955,8.547816361895086,17.409792085027014,354.73245764351014,633.7777233961243,19.395000000014207,26.149999999987514,7.758151573311194,15.549640232378417,185.5371362401786,279.5988146576011
1636812.0,-1.4929,-0.1986,9.8914,0.0171,0.002,9.8066,-0.0166,0.2626,-0.1084,250.85,-88.84,-133.14,52.970715,-1.751974,18.73,6,26.73,23 / 23,0.7876088858646543,1.876711374423863,2.612429899999352,169.2741850870539,354.36575189987667,39.672085552688564,False,38.899999999999864,8.603350819634244,17.748637907609616,355.5830065158663,635.5790812072722,19.72388888888646,25.861000000014382,7.81574193376959,15.871926533185754,186.30882142881242,281.21332930739555
1636912.0,1.6079,-1.0207,10.095,0.0099,-0.0047,9.8066,0.0054,-0.0204,0.0395,251.41,-88.68,-132.22,52.970715,-1.751974,18.73,6,26.73,23 / 23,0.8189507649172452,1.8764761296867014,2.6310848999993777,169.3545130695931,354.55341127508245,39.93426129268886,False,39.0,8.662810042535877,17.672064303154876,356.44694985855654,637.3470805410207,19.68111111111111,26.114,7.843859277618632,15.795588173468175,187.09243678896343,282.7936692659382
1637012.0,0.0975,-0.2916,10.7195,0.0308,-0.0185,9.8066,0.1146,-0.0952,0.0719,256.02,-88.42,-126.93,52.970715,-1.751974,18.73,6,26.73,23 / 23,0.8282948345618942,1.9529355619690092,2.691144899999323,169.436875349567,354.74488185966504,40.200372782688554,False,39.09999999999991,8.579684657216037,17.680156436816453,357.2974987308988,639.1150798748937,19.651944444445455,25.88600000000229,7.751389822654143,15.727220874847443,187.86062338133178,284.37019801522865
1637112.0,-2.105,1.3671,9.4089,0.0564,0.0101,9.8064,0.0447,-0.3809,0.2269,258.96,-88.21,-123.47,52.970715,-1.751974,18.73,6,26.73,23 / 23,0.7664072421337976,1.8223111790509803,2.7168998999993583,169.5166104534019,354.9336441967163,40.470775022688855,False,39.200000000000045,8.664063965584418,17.721553407311603,358.1614420736787,640.8941987011965,19.726111111111997,26.05400000000736,7.897656723450621,15.899242228260622,188.6448316202768,285.9605545044802
1637212.0,-1.1477,0.0796,9.9555,0.0528,-0.0074,9.8064,0.0267,-0.5264,0.4728,262.17,-88.14,-121.35,52.970715,-1.751974,18.73,6,26.73,23 / 23,0.6942599917128816,1.6275732839166293,2.70445489999937,169.58964381509418,355.1061384198645,40.74184276268854,False,39.299999999999955,8.754291014322497,17.710627178935805,359.0320826516473,642.6733175274954,19.75611111111465,26.302999999986348,8.060031022609616,16.083053895019177,189.4424388365531,287.5671791076309
1637312.0,-2.5018,1.5582,10.103,0.0881,-0.0326,9.8061,0.0434,-0.5481,0.3417,264.17,-87.76,-117.17,52.970715,-1.751974,18.73,6,26.73,23 / 23,0.6033177389327811,1.41820927296401,2.7267148999993496,169.6545227016264,355.25842754770844,41.01340125268823,False,39.399999999999864,8.692385367459911,17.83229892215735,359.89602599443987,644.4635558469265,19.838055555563056,25.98700000001978,8.08906762852713,16.41408964919334,190.24150329281346,289.2051282992181
1637412.0,4.6517,-0.9407,9.2181,0.0113,0.0001,9.8066,-0.0351,-0.5921,0.3706,266.15,-87.85,-115.39,52.970715,-1.751974,18.73,6,26.73,23 / 23,0.5391494750627812,1.502509811884761,2.71210489999933,169.71164606232625,355.40446350195106,41.285342242688536,False,39.5,8.859066248175397,17.897425658748787,360.7867582780126,646.2426746723924,19.97,26.335,8.319916773112617,16.394915846864027,191.07511221568635,290.8382111704413
1637512.0,-1.2808,0.9754,8.4763,0.0997,-0.0594,9.8059,-0.1192,-0.5581,0.4498,268.53,-87.65,-109.58,52.970715,-1.751974,18.73,6,26.73,23 / 23,0.491989095146608,1.6550787831552478,2.616159899999417,169.76320299083667,355.5623429317029,41.55175548268823,False,39.59999999999991,9.003852970251154,17.874181943430607,361.6908850320837,648.0217934986908,20.013888888888168,26.735999999997723,8.511863875104547,16.21910316027536,191.92768204124704,292.4594505669879
1637612.0,3.9176,-1.8358,10.6891,-0.0035,-0.0278,9.8066,-0.0286,-0.3629,0.266,279.55,-87.93,-102.21,52.970715,-1.751974,18.73,6,26.73,23 / 23,0.5348653893857526,1.75420367417067,2.5937648999993863,169.81454571506336,355.73280705456943,41.81225172268852,False,39.700000000000045,8.928110729462142,17.853145257707943,362.5816173156947,649.7897928325691,19.96111111111696,26.568999999991224,8.39324534007639,16.098941583537275,192.76707160063134,294.05698577799967
1637712.0,-3.7826,0.8961,8.9718,0.0485,-0.0058,9.8065,0.0608,-0.0605,0.0034,279.21,-87.81,-102.39,52.970715,-1.751974,18.73,6,26.73,23 / 23,0.5490792051372392,1.7421623361260263,2.596144899999384,169.86874294478946,355.9076253550841,42.07174721268822,False,39.799999999999955,8.922990110983623,18.076533094422548,363.4723495993303,651.6022701368511,20.158888888886345,26.272000000006177,8.373910905846383,16.334370758296522,193.60360665454084,295.69464478176695
1637812.0,0.2898,-0.5138,9.6059,-0.0761,0.0188,9.8063,0.018,0.0451,-0.097,282.62,-87.87,-99.05,52.970715,-1.751974,18.73,6,26.73,23 / 23,0.46825952665345355,1.5616383075417233,2.5443648999994313,169.91960988137896,356.0728153872674,42.32877270268793,False,39.899999999999864,8.941880180769116,18.00146601897712,364.3630818829777,653.3925084555766,20.099999999990555,26.414999999979024,8.473620654115663,16.439827711435395,194.44347200159876,297.3196930683092
1637912.0,-4.1415,2.5106,9.4329,-0.0176,0.0004,9.8066,0.021,0.349,-0.2096,278.11,-88.45,-101.82,52.970715,-1.751974,18.73,6,26.73,23 / 23,0.3085551793250251,1.373011850305835,2.515639899999392,169.95845061667794,356.21954789515996,42.58177294268821,False,40.0,8.752823170892523,17.90943920879866,365.2270252256679,655.2049857604391,19.933888888888887,26.046,8.444267991567498,16.536427358492823,195.26857460898995,298.9854378652791
1638012.0,0.761,0.1426,10.8515,-0.0651,0.0314,9.8064,0.0517,0.413,-0.3512,267.46,-88.72,-116.1,52.970715,-1.751974,18.73,6,26.73,23 / 23,0.11352432293259818,1.2091472576819295,2.5491948999993617,169.9795545917908,356.3486558505592,42.83501468268792,False,40.09999999999991,8.746255892591387,17.887295869981692,366.0909685684589,656.9952240791633,19.911111111109637,26.057000000002414,8.63273156965879,16.67814861229976,196.1114139766681,300.6465682286041
1638112.0,3.3825,1.7683,11.0907,-0.0417,-0.0036,9.8065,-0.0997,0.4707,0.0325,271.37,-88.35,-111.31,52.970715,-1.751974,18.73,6,26.73,23 / 23,-0.011589375850575123,1.4018080609086616,2.665639899999521,169.9846513391449,356.4792036164889,43.09575642268822,False,40.200000000000045,8.753707405765795,17.763265915673358,366.95491191121255,658.7854623985993,19.803055555562175,26.233999999999114,8.76529678161637,16.361457854764698,196.97026057206764,302.3062587821104
1638212.0,3.1785,2.0397,11.4196,-0.0423,-0.0512,9.8064,-0.1817,0.6364,-0.2508,285.13,-88.3,-99.17,52.970715,-1.751974,18.73,6,26.73,23 / 23,-0.1867499812346158,1.7419820354371143,2.8104898999993893,169.97473437129065,356.63639312130607,43.36956291268792,False,40.299999999999955,8.843267661045214,17.968726189011157,367.8389469596434,660.5868202097482,20.02694444443645,26.20400000001404,9.03001764227983,16.226744153574042,197.86421258835276,303.95042708844215
1638312.0,4.939,-3.4091,9.3306,-0.1694,0.0312,9.805,0.0767,0.338,-0.3631,279.82,-88.57,-103.43,52.970715,-1.751974,18.73,6,26.73,23 / 23,-0.06842426648430629,2.1276964903415796,2.8673348999993378,169.96197565890472,356.82987704759483,43.653454152687594,False,40.399999999999864,8.862418830275054,17.75275448524932,368.7162847728578,662.3659390360469,19.84194444445286,26.52900000000324,8.93084309675936,15.62505799490774,198.7543091139531,305.5360619884521
1638412.0,-6.8923,3.4346,9.3338,-0.0703,0.0585,9.8062,0.2209,0.3794,-0.4605,282.11,-88.14,-100.17,52.970715,-1.751974,18.73,6,26.73,23 / 23,-0.13312672379577226,2.031534886328344,2.819889899999273,169.9518981093907,357.0378386164286,43.93781539268791,False,40.5,8.946336421643489,17.876329730422157,369.6137142916481,664.1450578622201,19.99,26.586,9.079463145439261,15.844794844093812,199.66181618225738,307.10721924579155
1638518.0,-2.9423,1.7316,9.3981,-0.1039,0.0261,9.806,0.0968,-0.1404,0.1473,275.67,-88.84,-108.18,52.970715,-1.751974,18.73,6,26.73,24 / 24,-0.5306855048278432,1.5550715599220288,2.7731756999992756,169.91671606127366,357.2279287580798,44.23424786948782,False,40.605999999999995,8.979254088112237,17.91733491836697,370.56498958164525,666.0427104807343,20.041405555556413,26.6176800000012,9.50993959294008,16.362263358444938,200.6482735203716,308.81478172265446
1638612.0,-5.0916,2.659,10.5457,0.0476,-0.0173,9.8064,-0.0433,-0.2531,0.172,255.93,-88.77,-124.83,52.970715,-1.751974,18.73,6,26.73,24 / 24,-0.7169885860369885,1.1461200007078873,2.788709199999284,169.85807537900297,357.3548847614295,44.49565645978789,False,40.700000000000045,9.025746138019963,17.952723395936516,371.40857332934365,667.725534499673,20.0938888888883,26.690999999999793,9.742734724056952,16.806603395228628,201.55049795034068,310.3706497382435
1638712.0,2.3145,-2.1972,9.6498,-0.0253,0.0003,9.8066,-0.0428,-0.4964,0.3387,245.05,-88.87,-136.11,52.970715,-1.751974,18.73,6,26.73,24 / 24,-0.7581383546606545,0.9925101168250685,2.8178191999992577,169.78431903196815,357.46181626730606,44.77598287978756,False,40.799999999999955,9.014571341638401,17.935956028322746,372.3060028481435,669.5268923122371,20.07388888888786,26.683999999996846,9.772709696299057,16.943445911497676,202.52168381617537,312.06507604493106
1638812.0,1.5209,0.5112,10.4889,0.1071,-0.0279,9.8059,0.0483,-0.597,0.4652,247.77,-88.92,-136.44,52.970715,-1.751974,18.73,6,26.73,24 / 24,-0.7828589588399391,1.1770661203213189,2.844089199999234,169.7072691662932,357.57029507916326,45.05907829978723,False,40.899999999999864,8.981011434761852,17.92606854859299,373.1967351318061,671.3171306309621,20.050000000004438,26.611000000000683,9.763870393601792,16.749002428271673,203.48946596551292,313.7468355517988
1638912.0,3.6647,-0.0609,9.6748,0.0435,-0.0208,9.8065,-0.0476,-0.4609,0.3722,263.75,-88.42,-119.12,52.970715,-1.751974,18.73,6,26.73,24 / 24,-0.8791859895744022,1.3971668778144675,2.8716091999992717,169.62416691887236,357.6990067290702,45.34486321978755,False,41.0,9.019743763302612,17.99396684702666,374.0941646505963,673.1184884426923,20.128055555555555,26.623,9.898929752877015,16.596799969212192,204.46999773172396,315.4194817136221
1639012.0,0.6385,0.7831,10.0314,0.0727,-0.0342,9.8063,0.0315,-0.3335,0.2883,273.56,-87.99,-108.29,52.970715,-1.751974,18.73,6,26.73,24 / 24,-0.9648468366467123,1.5973414253961442,2.8762541999992672,169.5319652775614,357.8487321442306,45.632256389787216,False,41.09999999999991,8.992382814002978,18.05328585988638,374.9915941694497,674.930965746975,20.16888888888899,26.477999999999156,9.95722965064969,16.455944434490235,205.4596288918883,317.08223360274434
1639112.0,-2.5951,2.125,8.8651,0.0378,-0.0079,9.8065,0.0468,0.0072,0.0002,276.48,-88.1,-102.7,52.970715,-1.751974,18.73,6,26.73,24 / 24,-1.1555577358387383,1.5016702590130842,2.8404141999992185,169.42594504893697,358.0036827284513,45.91808980978753,False,41.200000000000045,8.976055078140863,18.06947411526067,375.8823264530873,676.7323235588367,20.17611111111093,26.4159999999948,10.1316128139796,16.567803856247586,206.4563814041503,318.7286408303854
1639212.0,0.4544,0.8275,10.2941,-0.0183,0.023,9.8066,0.117,0.0731,-0.2,279.61,-88.36,-100.12,52.970715,-1.751974,18.73,6,26.73,24 / 24,-1.3468124921010898,1.402793980676267,2.817709199999239,169.30082653754008,358.1489059404356,46.200995979787194,False,41.299999999999955,8.917805458648001,18.091479922935058,376.77305873672293,678.5448008624127,20.17000000000631,26.23999999999408,10.264617950749091,16.68868594225879,207.47223219918286,320.39589492197706
1639312.0,-3.3088,3.056,9.8215,0.0519,-0.028,9.8065,-0.0546,0.2446,-0.1825,282.37,-88.4,-96.42,52.970715,-1.751974,18.73,6,26.73,24 / 24,-1.603082143072852,1.2937497910435674,2.8428241999992165,169.1533318057815,358.28373312902147,46.48402264978686,False,41.399999999999864,8.938808320684819,18.24396000009194,377.66379102033153,680.3683976598286,20.316111111108317,26.102999999996193,10.541890463757671,16.95021020904837,208.51045921455002,322.0846645308071
1639412.0,-0.9046,-0.7649,8.7253,0.011,-0.0224,9.8065,0.031,0.0604,0.0152,280.17,-88.78,-100.57,52.970715,-1.751974,18.73,6,26.73,24 / 24,-1.7927420503534006,1.1042930934137667,2.789499199999144,168.98354059610995,358.4036352732445,46.76563881978716,False,41.5,8.89588725389855,18.210223147455466,378.5478260687137,682.1919944564086,20.266944444444444,26.036,10.68862930425195,17.1059300540417,209.56428547260373,323.78835918316406
1639512.0,-2.5207,0.3918,10.0767,0.0237,-0.0426,9.8065,-0.0652,0.2463,-0.1148,287.96,-88.68,-91.55,52.970715,-1.751974,18.73,6,26.73,23 / 24,-1.8555454796991404,0.9315649222387201,2.748934199999181,168.80112621960748,358.50542817402703,47.04256048978683,False,41.59999999999991,8.895091751963461,18.334189127132436,379.43186111711816,684.0267107469575,20.37805555555558,25.880999999997723,10.750637231662601,17.402624204893716,210.63073489751068,325.5212825729305
1639612.0,1.3789,-2.2629,9.7495,0.0312,0.0223,9.8065,0.1788,0.1309,-0.2346,283.01,-88.41,-95.83,52.970715,-1.751974,18.73,6,26.73,23 / 24,-1.8224713173904556,0.8526723647548388,2.7595791999991954,168.61722537975274,358.59464003837684,47.317986159787125,False,41.700000000000045,8.84245903941395,18.361789622374154,380.3158961655378,685.8725465285212,20.380000000001,25.713999999993376,10.664930356804405,17.509117257619316,211.69867078578508,327.27790649014435
1639712.0,1.1698,-1.6679,9.9535,0.0952,-0.0542,9.806,0.0623,0.0531,-0.1172,285.98,-88.03,-92.15,52.970715,-1.751974,18.73,6,26.73,23 / 24,-1.6355228184013684,0.9202923954432541,2.7640641999991913,168.44432567296332,358.68328827638663,47.5941683297868,False,41.799999999999955,8.785189744572667,18.42680929297783,381.1932339787375,687.7072628183631,20.41388888888932,25.48999999999948,10.420712562974035,17.506516897534574,212.7489083057742,329.0239745419765
1639812.0,1.3099,-1.0813,10.8908,0.0587,-0.0158,9.8064,-0.1111,0.4787,-0.1395,280.53,-87.91,-100.07,52.970715,-1.751974,18.73,6,26.73,23 / 24,-1.509017059688497,0.9999689989910908,2.8256141999991353,168.28709867905897,358.77930134610824,47.87365224978646,False,41.899999999999864,8.785631894978438,18.43767635988207,382.06387455674667,689.5530986013382,20.423888888892257,25.477999999995,10.294648954666936,17.43770736089098,213.7767758776877,330.77379725522997
1639913.0,-3.5195,0.4132,8.9026,0.0548,0.032,9.8064,-0.0525,0.3423,-0.4039,270.76,-87.98,-104.09,52.970715,-1.751974,18.73,6,26.73,23 / 24,-1.500226714488799,0.8648333697985946,2.8347092499991455,168.13513186846285,358.87347386573225,48.15949858401169,False,42.000999999999976,8.782209650715062,18.504641030180665,382.9499187756513,691.4285122344297,20.482894444444444,25.38878000000001,10.28243636520386,17.63980766038207,214.81478690718848,332.55503836869747
1640013.0,-1.0026,0.5693,10.3469,-0.0115,0.0408,9.8065,0.0913,0.4575,-0.3215,282.04,-88.53,-97.04,52.970715,-1.751974,18.73,6,26.73,23 / 24,-1.5950655151977478,0.6338908340241762,2.8165192499991623,167.98036725697867,358.94841007592333,48.44206000901135,False,42.100999999999885,8.736549949584541,18.51042083148414,383.8205593536467,693.2746816014701,20.468586111113336,25.26638999999782,10.331615464782288,17.876529997459965,215.840192096668,334.32627152554676
1640114.0,-4.909,1.0019,8.4765,0.0391,-0.0212,9.8065,-0.0295,0.6136,-0.3244,275.76,-88.67,-100.59,52.970715,-1.751974,18.73,6,26.73,23 / 24,-1.7434702592475444,0.3379598268969798,2.776629299999118,167.81177120036898,358.9974885342999,48.72451401078658,False,42.202,8.752965609101993,18.68114620782783,384.69977239270594,695.1722230239299,20.63006666666513,25.105219999997384,10.496435868349538,18.34318638093085,216.88800119233696,336.17473448962994
1640212.0,1.7726,-0.0686,11.1447,-0.0325,-0.015,9.8065,-0.1401,0.4254,-0.1571,281.35,-88.79,-99.43,52.970715,-1.751974,18.73,6,26.73,23 / 24,-1.8294943415246105,0.17733913805465126,2.7770163999991175,167.63669593493123,359.02273818358253,48.99664265008637,False,42.299999999999955,8.70287314540507,18.648074080620624,385.5464368686158,696.9920391938233,20.578888888891147,25.01800000000052,10.53236748692968,18.470734942565972,217.90974093368456,337.96930101024077
1640312.0,-1.4546,0.5905,8.5105,0.0541,0.0111,9.8065,-0.1607,0.335,-0.0665,272.43,-88.42,-103.34,52.970715,-1.751974,18.73,6,26.73,23 / 24,-1.874985914115999,0.180246307016905,2.779111399999116,167.45147192214935,359.04061745583607,49.27444904008603,False,42.399999999999864,8.728873441374535,18.69356879045965,386.41707744663785,698.8601139609425,20.631111111115196,25.02999999999301,10.603859355490535,18.513322483442746,218.9656055244885,339.81949650510643
1640415.0,2.4682,-1.4041,9.9073,-0.0486,-0.0097,9.8065,-0.0258,0.1968,-0.1279,290.21,-88.48,-89.98,52.970715,-1.751974,18.73,6,26.73,23 / 24,-1.8320228144444355,0.19154287504441017,2.7175431499990768,167.26056097262835,359.05976459871226,49.55752674941112,False,42.50299999999993,8.719555391093998,18.77650653318687,387.3136363248269,700.7960176336616,20.702363888888897,24.909519999999976,10.551578205538434,18.58496365814246,220.05307535219856,341.7362530349493
1640512.0,-1.9422,0.9938,9.8348,-0.0033,-0.0021,9.8065,0.0086,0.0671,-0.0705,290.71,-88.37,-85.18,52.97219,-1.750838,21.17,6,18.93,23 / 24,-1.8397622221494008,0.2057303086267574,2.7237899499990754,167.0824793983536,359.07903234812034,49.82143140476097,False,42.59999999999991,8.736801488606051,18.74381764072338,388.1516613672834,702.6296219744454,20.680000000000046,24.99100000000094,10.576563710755453,18.53808733209662,221.0691819689298,343.55058962632506
1640612.0,-4.0288,1.0286,10.3966,-0.0604,0.021,9.8064,0.0209,-0.2739,0.1548,285.38,-88.98,-88.66,52.97219,-1.750838,21.17,6,18.93,23 / 24,-2.0590467811985,-0.05328249355650899,2.754694949999118,166.88753894818595,359.08665473887385,50.09535564976125,False,42.700000000000045,8.760662132501812,18.73605044064588,389.0289991805252,704.497696742276,20.6830555555575,25.060000000003576,10.819708913700312,18.78933293420239,222.14146023233926,345.4110420034022
1640712.0,-3.6706,0.4774,9.7794,-0.0801,0.0222,9.8062,0.0377,-0.2775,0.2138,283.24,-89.27,-94.55,52.97219,-1.750838,21.17,6,18.93,23 / 24,-2.2623999938452584,-0.41452233366517344,2.7828299499990923,166.67146660943396,359.06326449751276,50.37223189476091,False,42.799999999999955,8.828220980353263,18.777084556593852,389.9063369937386,706.3880104949526,20.74888888888812,25.1809999999978,11.090620974198522,19.191606890259024,223.23487038430463,347.32474599743983
1640811.0,-3.5437,1.6027,9.7573,-0.0649,0.0091,9.8064,-0.0284,-0.4342,0.2949,271.09,-89.55,-104.24,52.97219,-1.750838,21.17,6,18.93,23 / 24,-2.4430201176908803,-0.7714396073474101,2.779038249999095,166.4385483139131,359.00455938143267,50.64754437066063,False,42.89899999999989,8.804196585001506,18.76892266788783,390.7749014287936,708.2484128126019,20.731288888887878,25.130509999997095,11.247216702692386,19.54036227523524,224.33635311488052,349.24385343116927
1640912.0,2.2112,-1.5341,8.9261,-0.0703,0.0181,9.8064,-0.1438,-0.3713,0.2622,269.8,-89.61,-108.73,52.97219,-1.750838,21.17,6,18.93,23 / 24,-2.4828484726173867,-0.8527030541379432,2.732078299999043,166.18979195010223,358.92254017702754,50.92585575643585,False,43.0,8.710543536039651,18.87296602101044,391.64761814964135,710.1575185077485,20.78611111111111,24.775,11.193392008657039,19.725669075148385,225.4578261995391,351.23497833072093
1641012.0,-1.7231,-0.4519,9.049,-0.0155,0.0229,9.8066,0.0345,-0.1921,0.1413,300.16,-89.45,-74.3,52.97219,-1.750838,21.17,6,18.93,23 / 24,-2.464213287087029,-0.8345335737687528,2.6501682999991174,165.94243886211723,358.8381783456323,51.194968086435516,False,43.09999999999991,8.720739784507536,19.001290051310022,392.5182587276236,712.047832261133,20.90694444444491,24.65300000000274,11.184953071594565,19.835823625078774,226.5758198655064,353.20965391550067
1641113.0,1.7079,-0.5473,9.3307,-0.0445,0.0054,9.8065,0.1291,-0.1849,0.073,292.78,-89.71,-82.97,52.97219,-1.750838,21.17,6,18.93,23 / 24,-2.4654684116070404,-0.8523299895894095,2.5878714999990478,165.6934899363329,358.7529917356826,51.459489096335716,False,43.20100000000002,8.801947360896989,19.001635080188116,393.40436991895757,713.9682798394049,20.941261111111555,24.85454000000159,11.26741577250403,19.853965069777527,227.71087998262468,355.2152881037223
1641212.0,-2.6496,-0.7743,9.8444,0.0363,-0.023,9.8065,0.0771,0.0495,-0.0509,267.3,-89.5,-104.73,52.97219,-1.750838,21.17,6,18.93,23 / 24,-2.3965319322200673,-0.9237927076116667,2.5661805999990626,165.4528209193136,358.6650736621712,51.714614675285446,False,43.299999999999955,8.825927234221595,19.0068829995216,394.27293435403897,715.8506987527578,20.95611111111214,24.90799999999862,11.222459166441663,19.93067570713327,228.82011343472536,357.1856250905866
1641312.0,2.5706,-0.621,9.1915,-0.0149,0.0204,9.8066,-0.0308,0.128,-0.0722,229.4,-89.53,-146.15,52.97219,-1.750838,21.17,6,18.93,23 / 24,-2.434391296150156,-0.9617063762884981,2.537310599999089,165.21127475789532,358.5707987079763,51.96978923528512,False,43.399999999999864,8.825359412694887,19.033481847442218,395.15027216722564,717.763251490286,20.980000000003695,24.87599999998687,11.259750708845043,19.995188223730715,229.9389974093303,359.1924527823098
1641412.0,-4.699,0.536,10.0152,0.0585,-0.0395,9.8064,0.0564,0.1033,-0.0339,265.24,-89.3,-109.49,52.97219,-1.750838,21.17,6,18.93,23 / 24,-2.524051307639159,-1.1060323640242666,2.5169805999990613,164.96335262770552,358.4674117709605,52.22250379528537,False,43.5,8.775655064406537,19.127987431785808,396.02760998036376,719.6758042283869,21.044999999999998,24.645,11.299706372045696,20.234019795810074,231.06425735265825,361.20839245742644
1641512.0,-1.0285,-1.6487,10.2147,-0.0216,0.0001,9.8066,0.0605,0.2857,-0.156,274.76,-89.35,-103.17,52.97219,-1.750838,21.17,6,18.93,23 / 24,-2.485409040437007,-1.4163378527143387,2.5478105999990333,164.71287961030194,358.3412932601237,52.47574335528505,False,43.59999999999991,8.627027089762397,19.207660417551757,396.88485608789694,721.5994764597557,21.056111111111637,24.18699999999494,11.112436130199404,20.623998270266096,232.171976477595,363.258183199632
1641613.0,1.5516,0.6396,10.0838,0.0429,0.0106,9.8065,-0.0124,0.1829,-0.126,261.23,-89.37,-113.69,52.97219,-1.750838,21.17,6,18.93,23 / 24,-2.4822742445950117,-1.4195658057356983,2.582413199999072,164.46201160440754,358.1980801253718,52.73481965718524,False,43.70100000000002,8.517670798844438,19.299901345798972,397.73714624143406,723.5537272957235,21.09590000000265,23.813429999992426,10.99994504343945,20.71946715153467,233.27513463702653,365.35564717035174
1641712.0,2.1526,-0.9607,10.2515,-0.0402,0.0142,9.8065,-0.0871,0.2772,-0.0889,249.52,-89.37,-124.68,52.97219,-1.750838,21.17,6,18.93,23 / 24,-2.544678758979859,-1.2551812929983528,2.618152199999048,164.21317743073075,358.06568014398454,52.992247644484976,False,43.799999999999955,8.46750032957807,19.419208613346346,398.57255936218695,725.4801794004819,21.185000000001647,23.55899999999257,11.01217908855793,20.674389906344697,234.3593819314562,367.4144992564974
1641812.0,-1.5914,-0.1521,9.6652,0.0532,0.0095,9.8064,-0.1035,0.5047,-0.2504,260.89,-89.2,-113.63,52.97219,-1.750838,21.17,6,18.93,23 / 24,-2.5441101545109555,-1.2383824403471386,2.633322199999034,163.95873798505644,357.9410019573174,53.25482136448464,False,43.899999999999864,8.42427221220426,19.479469315381518,399.4097137640939,727.4260906152872,21.223055555555778,23.386999999998864,10.968382366715215,20.717851755728656,235.45097577903746,369.4850886579698
1641913.0,-2.6149,1.5739,10.0233,0.0363,-0.012,9.8065,-0.0293,0.527,-0.3386,259.67,-89.33,-115.16,52.97219,-1.750838,21.17,6,18.93,23 / 24,-2.607598005867289,-1.4819992813602936,2.6371197999990383,163.69857672295706,357.803622680371,53.52097868548484,False,44.000999999999976,8.418799721017608,19.48688769409896,400.2618699728518,729.3915721391704,21.227694444444438,23.365500000000015,11.026397726884898,20.968886975459256,236.56329324989474,371.5879494587994
1642012.0,-4.7656,1.3119,9.4031,0.0815,0.006,9.8062,-0.0685,0.6226,-0.2954,254.63,-89.01,-119.45,52.97219,-1.750838,21.17,6,18.93,23 / 24,-2.688617887811911,-1.8903913794836065,2.627868249999045,163.43641403622013,357.63668934265934,53.78159559395957,False,44.09999999999991,8.39753761898215,19.576879195928164,401.08402256786076,731.3290325414301,21.30194444444416,23.21699999999847,11.08615550679406,21.46727057541177,237.64760853164063,373.6923431987708
1642112.0,0.0125,0.8051,10.1672,0.0485,-0.0239,9.8064,-0.1295,0.5878,-0.3079,258.13,-89.15,-116.23,52.97219,-1.750838,21.17,6,18.93,23 / 24,-2.7557113767475423,-2.168222660227711,2.625718249999042,163.16419757299178,357.4337586406735,54.044274918959836,False,44.200000000000045,8.351077965256843,19.57409479239686,401.92117696978164,733.2860632500806,21.281111111113,23.104999999986166,11.106789342004387,21.74231745262457,238.75697939678986,375.8523046094071
1642212.0,3.4249,-1.7611,9.6023,0.0579,-0.0126,9.8065,0.0112,0.321,-0.2573,234.31,-89.48,-141.09,52.97219,-1.750838,21.17,6,18.93,23 / 24,-2.846123871066319,-2.012362805862566,2.633528249999035,162.88410581060134,357.22472936736915,54.3072372439595,False,44.299999999999955,8.215507480149093,19.700620849193648,402.7315424308299,735.25421345186,21.345000000001644,22.63699999998246,11.06163135121541,21.712983655056213,239.84743662022856,378.02948408449083
1642312.0,1.9317,-1.0991,9.4076,0.0568,-0.0227,9.8064,0.1574,0.4043,-0.2802,238.52,-89.3,-136.42,52.97219,-1.750838,21.17,6,18.93,23 / 24,-2.8960443318747395,-1.7418529112825023,2.6033582499990624,162.59699740045454,357.0370185815121,54.56908156895916,False,44.399999999999864,8.090101070139966,19.793567883705073,403.53521065665984,737.2446026384893,21.383055555554307,22.23099999997863,10.986145402014705,21.535420794987576,240.9382132562053,380.20758405697717
1642412.0,1.7727,0.5687,11.0348,0.0483,-0.0324,9.8064,0.1394,0.0496,-0.0852,235.58,-89.18,-136.04,52.97219,-1.750838,21.17,6,18.93,23 / 24,-2.9914843192784537,-1.6045631876440587,2.6448132499991193,162.30262096789647,356.86969777656554,54.83149014395943,False,44.5,7.951864723037668,19.825864806553675,404.3254844120259,739.2238723325538,21.36111111111111,21.855,10.943349042316122,21.430427994197732,242.02286344412943,382.35417455598827
1642512.0,-2.6833,0.3015,9.0463,0.0442,-0.0121,9.8065,0.0998,-0.0914,-0.0173,228.52,-89.21,-146.47,52.97219,-1.750838,21.17,6,18.93,23 / 23,-3.003002724496816,-1.6902686624691954,2.668203249999098,162.00289661570798,356.70495618406005,55.097140968959096,False,44.59999999999991,7.821718357925087,19.869808569997215,405.1023636969853,741.2142615198911,21.353888888889472,21.486999999995497,10.824721082421902,21.56007723246641,243.09946708127734,384.5093053358311
1642612.0,0.0282,-1.0815,9.583,-0.0177,-0.0196,9.8066,0.0242,-0.116,-0.055,189.15,-89.6,176.77,52.97219,-1.750838,21.17,6,18.93,23 / 23,-2.919698182898768,-1.7808917983473496,2.619003249999031,161.7067615703378,356.531398161019,55.361501293959364,False,44.700000000000045,7.72268719125336,19.954682009609957,405.87254574674193,743.2157701996582,21.396944444443466,21.156999999995506,10.642385374152129,21.73557380795731,244.16578417640415,386.6843720386392
1642713.0,-2.9478,-0.2017,9.736,-0.0383,0.0075,9.8066,0.0712,-0.0323,0.0541,156.52,-89.56,143.59,52.97219,-1.750838,21.17,6,18.93,23 / 23,-2.7607536139886633,-1.6870789671461053,2.604141099999048,161.4198987545953,356.3562656373618,55.625270083633964,False,44.80099999999993,7.657897908288908,19.944564181870888,406.64359843707194,745.2261744730856,21.36420000000134,21.00474999999892,10.418651522277571,21.631643149016995,245.22369968247665,388.86990883572383
1642812.0,-0.4081,2.4229,10.4523,-0.0019,-0.0024,9.8066,0.088,0.018,-0.0922,151.32,-89.42,137.39,52.97219,-1.750838,21.17,6,18.93,23 / 23,-2.52751112913176,-1.7369424968072145,2.6326035999990287,161.158129649811,356.1867765748962,55.884488946283696,False,44.899999999999864,7.660309588566365,19.97662839438288,407.3928181406108,747.2076680660513,21.394999999998795,20.97999999996942,10.187820717698125,21.713570891190095,246.2346884907998,391.02089149115506
1642912.0,-0.776,-1.2577,9.1475,-0.0166,0.0061,9.8066,0.0386,0.1109,-0.1885,127.13,-89.38,115.89,52.97219,-1.750838,21.17,6,18.93,23 / 23,-2.445880722491984,-1.778179352638788,2.631928599999028,160.90946005722947,356.01102048242365,56.147715556283956,False,45.0,7.46502342689292,20.027894334415382,408.13621124945547,749.2091767456728,21.37388888888889,20.442,9.910904149384903,21.80607368705417,247.226751192226,393.1981562632492
1643012.0,-0.0142,-0.2935,10.0605,-0.0033,0.0091,9.8066,0.0167,-0.0085,0.0735,131.45,-89.43,120.41,52.97219,-1.750838,21.17,6,18.93,23 / 23,-2.4482009509689715,-1.7070748859520375,2.6116635999990465,160.66475597355665,355.8367577704943,56.40989516628362,False,45.09999999999991,7.286686319914132,19.96902325076,408.8595126526989,751.199565932303,21.256944444444922,20.04699999999172,9.734887270883103,21.676098136712035,248.19475667914227,395.36280816180874
1643112.0,1.4933,-0.2994,10.5282,0.0015,0.0126,9.8065,-0.0094,0.1348,-0.0022,137.86,-89.34,127.38,52.97219,-1.750838,21.17,6,18.93,23 / 23,-2.490147690691889,-1.7470797493611385,2.660433599999113,160.41783854147326,355.66405003872836,56.67350002628389,False,45.200000000000045,7.086375252006547,20.078102101868787,409.56272235030383,753.212194104496,21.291944444444685,19.43999999999353,9.576522942698436,21.825181851229924,249.14488380883057,397.54814406576764
1643212.0,0.2129,-2.3317,8.8837,0.0585,-0.0078,9.8064,-0.1378,0.294,-0.0543,152.68,-89.45,138.83,52.97219,-1.750838,21.17,6,18.93,23 / 23,-2.5873985672963986,-1.7045871128345111,2.650363599999122,160.16396122857407,355.4914666956187,56.93903988628356,False,45.299999999999955,7.012231716839342,20.11264791988254,410.25923481267625,755.2248222766834,21.299999999995382,19.220999999994557,9.599630284135742,21.81723503271705,250.0952735841022,399.7333555810647
1643312.0,2.5639,-0.2694,10.8722,0.0276,-0.0089,9.8065,-0.0731,0.344,-0.0226,142.0,-89.38,131.05,52.97219,-1.750838,21.17,6,18.93,23 / 23,-2.729071265557032,-1.6925960590550129,2.6574935999991154,159.89813773693163,355.3216075370244,57.20443274628323,False,45.399999999999864,6.932999456287349,20.0269598871091,410.95574727508796,757.2152114640213,21.193055555553045,19.094999999990563,9.662070721844382,21.719555946164114,251.05760953815633,401.8936039269969
1643412.0,2.0734,-0.5673,9.299,0.0724,-0.0078,9.8063,-0.0632,0.0743,0.009,150.78,-89.24,136.65,52.97219,-1.750838,21.17,6,18.93,23 / 23,-2.9117590646497336,-1.804667848037939,2.6853885999991536,159.6160962204209,355.14674434166955,57.47157685628351,False,45.5,6.860619898637207,20.005184224120285,411.63886526701657,759.2167201443502,21.14888888888889,18.929,9.77237896328694,21.809852072158225,252.02276904659567,404.0699758026807
1643514.0,2.4184,-1.987,10.6846,0.0783,-0.0124,9.8062,-0.0112,-0.5726,0.4653,196.74,-89.39,-176.08,52.97219,-1.750838,21.17,6,18.93,23 / 24,-3.0889629993610157,-1.7268492840853609,2.704273899999128,159.31005939515677,354.9666369679315,57.74644964378305,False,45.60199999999986,6.716551319646998,19.98863912164868,412.31501813434807,761.2580366071373,21.0869166666659,18.573279999995474,9.805514319008013,21.715488405734042,253.0049587391913,406.29139963920585
1643612.0,4.0201,-2.3001,9.5944,0.055,0.022,9.8064,-0.0315,-0.6844,0.5113,196.41,-89.28,-176.33,52.97219,-1.750838,21.17,6,18.93,23 / 24,-3.3255628471510974,-1.470353293203102,2.736893199999189,158.9957476286771,354.80997404164407,58.01306683168347,False,45.700000000000045,6.584091182496511,19.973917439213466,412.9582206044198,763.2086180100405,21.031111111112146,18.24399999998806,9.909654029647609,21.44427073241657,253.9624729757427,408.3986439683964
1643712.0,-7.4139,2.0143,9.8855,0.1303,-0.0173,9.8058,0.0455,-0.802,0.6232,200.86,-89.25,-168.5,52.97219,-1.750838,21.17,6,18.93,23 / 24,-3.170555346502386,-1.5648725537849486,2.730223199999195,158.67094171899473,354.6582127492948,58.28642265168314,False,45.799999999999955,6.453812580801279,20.053162855704525,413.6011551850758,765.2212461822286,21.06611111110726,17.83999999998894,9.624367927303666,21.618035409489472,254.93021346608109,410.56303343293376
1643812.0,2.9064,-0.64,10.5325,0.017,-0.0242,9.8065,-0.0042,-0.7893,0.5812,187.04,-89.28,177.24,52.97219,-1.750838,21.17,6,18.93,23 / 24,-2.9926887256436685,-1.776189479059998,2.7704581999991587,158.3627795153877,354.49115964765275,58.56145672168281,False,45.899999999999864,6.337212487627161,19.99679814650113,414.2306952953227,767.2227548619913,20.97694444444302,17.58399999998846,9.32990121327083,21.77298762556113,255.86791577993498,412.7315952143386
1643912.0,-5.2241,-1.3499,9.0725,0.0717,-0.0132,9.8063,0.081,-0.4066,0.1578,200.88,-89.29,-171.75,52.97219,-1.750838,21.17,6,18.93,23 / 24,-2.8572549164644325,-1.7914283753132156,2.7700431999991584,158.0702823332819,354.31277875493384,58.8384817916831,False,46.0,6.2588557286036615,19.995266964249602,414.8468409350913,769.2242635423203,20.951944444444443,17.381,9.116110645068094,21.78669533956282,256.77655860180937,414.9114847873864
1644012.0,1.4029,-0.52,10.3433,-0.063,0.0047,9.8064,0.0615,-0.2696,0.1496,215.41,-89.22,-159.91,52.97219,-1.750838,21.17,6,18.93,23 / 24,-2.6323770719321704,-1.7951849454724806,2.760168199999167,157.79580073386234,354.13344808889474,59.114992361682766,False,46.09999999999991,6.105303635345984,20.014517044391344,415.456289339672,771.2257722213758,20.925000000000015,16.963999999997274,8.737680707278155,21.809701989863825,257.6604886058097,417.09232413248105
1644112.0,-4.7482,1.4104,10.1765,0.0307,0.0122,9.8066,-0.0643,0.0217,0.0566,210.72,-89.13,-160.8,52.97219,-1.750838,21.17,6,18.93,23 / 24,-2.510611693256609,-1.9508395797759814,2.805493199999229,157.53865129560253,353.9461468626321,59.393275431683065,False,46.200000000000045,6.035723215540932,20.036770485782615,416.052343273845,773.2272809004361,20.926111111110668,16.763999999990215,8.54633490879754,21.987610065558595,258.5136919782425,419.281134037804
1644212.0,2.3669,0.3402,9.0513,-0.0831,0.0065,9.8062,-0.1467,0.1853,-0.0209,188.95,-89.15,176.03,52.97219,-1.750838,21.17,6,18.93,23 / 24,-2.4581056797791696,-2.1661257635837736,2.7862181999992464,157.29021542695097,353.74029859546425,59.67286100168273,False,46.299999999999955,5.915626510928364,20.056917282685404,416.64169997279885,775.2399090726245,20.911111111112277,16.43299999999192,8.373732190707534,22.22304304626918,259.3514845458479,421.4996104771603
1644312.0,1.992,0.0364,10.2554,-0.0179,-0.0241,9.8065,-0.1107,0.3033,-0.1686,193.17,-89.11,-179.58,52.97219,-1.750838,21.17,6,18.93,23 / 24,-2.6656102853034875,-2.178169011903991,2.7708881999992605,157.03402962869706,353.52308385669005,59.95071632168241,False,46.399999999999864,5.857672072731749,20.101986178878832,417.2243594365218,777.2525372448124,20.938055555554747,16.2459999999967,8.523282358035235,22.28015519078282,260.19032980782475,423.72945338812235
1644412.0,1.9016,-0.8352,10.4217,-0.0581,-0.0126,9.8065,-0.0763,0.3902,-0.2618,175.97,-89.09,162.58,52.97219,-1.750838,21.17,6,18.93,23 / 24,-2.8476375389338378,-2.1552054080295013,2.824078199999333,156.7583672374848,353.3064151356931,60.230464641682715,False,46.5,5.833370491256319,20.094300558773075,417.80701890024363,779.2540459251413,20.92388888888889,16.188,8.681008030190156,22.249505966802577,261.04865166275886,425.9476307894482
1644512.0,1.288,-1.3318,9.6552,-0.0442,0.009,9.8065,0.0144,0.2377,-0.1179,178.96,-89.0,165.68,52.97219,-1.750838,21.17,6,18.93,24 / 24,-2.9937066898347133,-2.0862158569351403,2.8472581999993123,156.46630002604664,353.09434407244504,60.51403146168239,False,46.59999999999991,5.804970767996672,20.068403968416952,418.38298112872207,781.26667409733,20.891111111113005,16.132999999995935,8.798677457831385,22.154619825352093,261.9166811026754,428.17233002488496
1644612.0,-2.2413,-0.348,9.9526,-0.0165,0.0056,9.8066,-0.0294,0.2564,-0.17,183.9,-88.96,170.05,52.97219,-1.750838,21.17,6,18.93,24 / 24,-2.931228346691216,-2.04356591656103,2.846983199999312,156.17005327421992,352.88785498376996,60.79874353168271,False,46.700000000000045,5.738413655702652,20.231942781549943,418.9522461220506,783.2904217619482,21.029999999996804,15.834999999999262,8.669642002393868,22.275508698110972,262.7821928478307,430.40256677817825
1644711.0,-0.0107,-0.3822,10.1259,-0.0388,0.01,9.8066,0.0121,0.1264,-0.1086,178.68,-88.86,165.38,52.97219,-1.750838,21.17,6,18.93,24 / 24,-2.8042621103743914,-2.047132360416825,2.8700105999992966,155.88614649659536,352.6853654190597,61.08173472478245,False,46.79899999999998,5.70052839907097,20.131491506903195,419.51581846537886,785.2829236524153,20.923024999995324,15.810249999998918,8.504790509445362,22.17862386732002,263.6296719687835,432.59755823335564
1644811.0,-0.0159,0.0514,10.1796,0.0157,0.0104,9.8066,0.0283,-0.0548,0.0295,186.37,-88.8,173.46,52.97219,-1.750838,21.17,6,18.93,24 / 24,-2.789218035638199,-2.0633942392178635,2.9046205999992654,155.606472489295,352.47983908907815,61.37046628478212,False,46.89899999999989,5.591251068367145,20.181536852136205,420.07182293296046,787.3065601221056,20.941744444445582,15.485279999981325,8.380469104005343,22.24493109135407,264.46535044366544,434.8267210330274
1644911.0,1.7948,-0.6695,10.2822,-0.0125,-0.0077,9.8066,0.0048,-0.0044,-0.0417,186.0,-88.88,173.04,52.97219,-1.750838,21.17,6,18.93,24 / 24,-2.8621093927081223,-2.0570322773105323,2.9470455999993233,155.32390611787727,352.27381776325143,61.66304959478245,False,46.999000000000024,5.592379714200665,20.275874519012564,420.6276934557736,789.3303077879789,21.032969444444515,15.419629999999948,8.454489106908788,22.332906796323098,265.3037873378963,437.05649002472745
1645012.0,1.3732,-1.2178,9.389,0.0125,-0.0209,9.8066,-0.0292,-0.0978,0.0581,196.89,-89.03,-175.68,52.97219,-1.750838,21.17,6,18.93,24 / 24,-2.9879392092062083,-1.9697870312768768,2.94996954999932,155.02847866348094,352.070463388168,61.960848859857045,False,47.09999999999991,5.596348085719502,20.26766480283941,421.19581991909774,791.3742929292514,21.02611111111115,15.435999999999073,8.58428729492571,22.237451834116285,266.1673412556168,439.3038295410834
1645112.0,1.7251,-0.3197,9.985,-0.0134,-0.0154,9.8066,-0.0309,0.0053,0.0503,188.37,-89.13,175.43,52.97219,-1.750838,21.17,6,18.93,24 / 24,-3.110483922426571,-1.8979504331949235,2.9380045499993037,154.72355750689889,351.8770765149441,62.25524756485738,False,47.200000000000045,5.573026161249366,20.276970861231156,421.75169044196366,793.3980405945774,21.02888888888777,15.367999999992906,8.683510083675937,22.17492129442608,267.0281329350648,441.5209640796333
1645212.0,-1.1858,-0.2481,10.2868,-0.0033,0.0012,9.8066,-0.0236,-0.0483,-0.0116,186.02,-89.11,172.22,52.97219,-1.750838,21.17,6,18.93,24 / 24,-3.1214741126052896,-1.8973347395510967,2.9709295499992736,154.4119596051476,351.687312256307,62.55069426985704,False,47.299999999999955,5.478182436187132,20.26366854434356,422.2941664944197,795.4217882591919,20.99111111111482,15.127999999992959,8.59965654879242,22.161003283894658,267.8822068892721,443.7344760028849
1645312.0,-0.3638,-0.7522,10.4404,-0.0341,0.02,9.8065,0.0714,0.057,-0.0008,177.23,-89.0,164.59,52.97219,-1.750838,21.17,6,18.93,24 / 24,-3.0299123452251773,-1.885254506923419,3.026624549999223,154.10439028225633,351.49818279398346,62.85057197485669,False,47.399999999999864,5.4426771559422615,20.362093519337538,422.83664254684953,797.4566554169384,21.07694444444127,14.965000000007617,8.47258950116744,22.24734802626096,268.73225226459317,445.9584726229549
1645412.0,-1.4031,0.7205,10.2388,-0.0246,-0.0009,9.8065,-0.0315,0.2057,-0.0465,178.4,-88.85,165.08,52.97219,-1.750838,21.17,6,18.93,24 / 24,-2.925306189512221,-1.9123709569703142,3.0799195499992957,153.80662935551905,351.3083015207885,63.15589917985704,False,47.5,5.475740000350798,20.295403021232104,423.3858158344714,799.4804030814098,21.02111111111111,15.099,8.401046189863019,22.207773978202418,269.57918647895235,448.1721015606213
1645512.0,2.4167,-1.3138,9.8641,-0.0605,0.0221,9.8064,0.0029,0.0583,-0.0664,176.73,-88.72,163.31,52.97219,-1.750838,21.17,6,18.93,22 / 22,-2.961300121465418,-1.9191653603570582,3.1043995499992736,153.51229903997043,351.1167247049223,63.46511513485668,False,47.59999999999991,5.351308448739469,20.258184395463804,423.9148974164917,801.5041507467312,20.953055555554748,14.796999999996167,8.312608570204887,22.177349755820863,270.40259837652127,450.38742604180885
1645612.0,0.7624,0.9216,9.2049,-0.0203,0.0078,9.8066,0.0467,0.045,-0.02,173.09,-88.73,158.65,52.97219,-1.750838,21.17,6,18.93,22 / 22,-3.099296745114492,-1.9413938189091544,3.0771845499992367,153.20926919664103,350.92369674595875,63.774194339857026,False,47.700000000000045,5.237060606983383,20.226907551577714,424.43728176325527,803.5278984113498,20.893888888890192,14.515999999990658,8.336357352097876,22.16830137048687,271.2280125666142,452.6042016653911
1645712.0,2.4197,-1.2954,10.0547,-0.0452,-0.0109,9.8065,-0.0307,-0.2286,0.0551,162.82,-88.75,148.69,52.97219,-1.750838,21.17,6,18.93,22 / 22,-3.2441381332771675,-1.9935819319289314,3.059499549999253,152.89209745272174,350.72694795841704,64.08102854485666,False,47.799999999999955,5.1362596737145445,20.29830059417541,424.94627163962195,805.5516460766712,20.93805555555072,14.199999999992222,8.380397806991713,22.29188252610434,272.05417418690024,454.82469811825416
1645811.0,-0.6477,0.8236,9.8189,0.0161,-0.0196,9.8065,-0.0485,-0.2289,0.1098,155.19,-88.8,143.93,52.97219,-1.750838,21.17,6,18.93,22 / 22,-3.305253866602502,-2.015262492875713,3.0723843999992444,152.56790254872791,350.5285101593893,64.38455680038139,False,47.89899999999989,5.046254853960593,20.206652418351283,425.443541354373,807.5551562646397,20.82723055554918,14.021799999989751,8.351508720563096,22.221914911226996,272.87563880564505,457.02664610525034
1645912.0,0.9189,-0.3175,10.0505,-0.0087,0.0045,9.8066,-0.0426,-0.1383,0.1492,156.28,-88.9,141.1,52.97219,-1.750838,21.17,6,18.93,22 / 22,-3.2790582160520496,-2.0662686777670816,3.085317449999259,152.2353947885535,350.3223928352716,64.69552074380667,False,48.0,4.991833193252649,20.11084401634485,425.9441596866672,809.5880219140386,20.72111111111111,13.94,8.2708914093047,22.17711269411193,273.7087648981137,459.26562907876695
1646012.0,0.0503,-0.0208,9.8676,0.02,0.0066,9.8066,-0.0075,-0.1687,0.0597,162.01,-89.05,148.05,52.97219,-1.750838,21.17,6,18.93,22 / 22,-3.3039454366124166,-2.0943458493844958,3.100557449999245,151.90624460592056,350.11436210891424,65.00481448880632,False,48.09999999999991,4.979665284355253,20.206565253271346,426.4397550926118,811.611769577945,20.81111111110903,13.843999999997598,8.283610720967669,22.300911102655842,274.5335104866912,461.49740746903075
1646113.0,-1.2786,0.9888,10.5014,-0.0094,0.0115,9.8066,0.1132,0.0371,-0.0262,171.28,-89.1,156.88,52.97219,-1.750838,21.17,6,18.93,22 / 22,-3.212236800346622,-2.161481498683925,3.138720299999288,151.57717740295377,349.89944282783654,65.3198980151816,False,48.20100000000002,4.880639191566742,20.073903878048814,426.93340830032884,813.6334045401414,20.658711111110588,13.665369999992249,8.092875991913365,22.23538537673274,275.3562308973751,463.7339617123049
1646212.0,1.6967,-0.7674,9.8737,0.021,-0.0082,9.8065,0.0256,0.1362,-0.0411,182.41,-89.16,168.46,52.97219,-1.750838,21.17,6,18.93,22 / 22,-3.207177838129687,-2.189540650901536,3.1764293999992623,151.2594163783494,349.6840672314322,65.63249792533131,False,48.299999999999955,4.785286446145177,20.07875746976179,427.40415696360384,815.625906430608,20.641111111109684,13.404999999997061,7.992464284274864,22.268298120663324,276.14474058525445,465.9418391991758
1646312.0,-1.4228,0.6739,10.234,0.0099,0.0163,9.8066,-0.0125,0.1044,-0.0415,187.21,-89.03,174.27,52.97219,-1.750838,21.17,6,18.93,22 / 22,-3.2108299441923585,-2.223326865065226,3.20114939999924,150.9385159892336,349.46342385563406,65.95137686533094,False,48.399999999999864,4.753827938413703,20.052258568869846,427.87296342867774,817.6274151096634,20.608055555555378,13.33700000000199,7.964657882606062,22.27558543393507,276.93444743944417,468.1639912540293
1646412.0,1.5323,-0.1231,9.6091,-0.0387,0.0001,9.8066,-0.0318,0.2066,-0.1274,182.62,-89.09,169.48,52.97219,-1.750838,21.17,6,18.93,22 / 22,-3.207649226942228,-2.2893922295531004,3.2126393999992557,150.61759203067643,349.23778790090284,66.27206630533131,False,48.5,4.765369612462685,20.0463781630652,428.34846712893545,819.6289237899924,20.605,13.372,7.973018839404913,22.3357703926183,277.73087509825905,470.3911358890896
1646512.0,-1.7307,0.8141,9.6149,-0.001,-0.0014,9.8066,-0.0063,0.266,-0.1988,178.25,-89.12,164.95,52.97219,-1.750838,21.17,6,18.93,22 / 22,-3.180512439668991,-2.3500222237553503,3.1931743999992737,150.29818394734616,349.00581717823763,66.59235699533095,False,48.59999999999991,4.709823200321416,19.978458468244416,428.8239708292265,821.6304324690477,20.52611111111048,13.264999999995634,7.890335639990408,22.328480691999765,278.5257868818803,472.6246152908101
1646612.0,2.1376,1.2217,9.8159,-0.0463,0.0107,9.8065,0.0087,0.279,-0.2191,159.39,-89.03,145.31,52.97219,-1.750838,21.17,6,18.93,22 / 22,-3.1497686133122134,-2.5109254446179703,3.184049399999261,149.98166989469667,348.7627697948186,66.91121818533131,False,48.700000000000045,4.587839953468983,19.95951213234908,429.27938282385213,823.6208216563897,20.48000000000089,12.94499999999997,7.737608566781196,22.47043757696705,279.29771292915547,474.8580518615711
1646712.0,-1.9197,0.9724,9.7697,0.0024,0.0091,9.8066,0.014,0.2335,-0.1367,154.48,-89.05,139.38,52.97219,-1.750838,21.17,6,18.93,22 / 22,-3.0935350355989906,-2.631564430538012,3.1826643999992625,149.66950471225138,348.50564530106107,67.22955387533095,False,48.799999999999955,4.594211551951943,19.988829886106526,429.73479481848966,825.6223303354442,20.50999999999498,12.943999999993693,7.687746587550934,22.62039431664454,280.0652901062383,477.1166850343831
1646812.0,1.0331,0.9589,10.4886,-0.0025,-0.0046,9.8066,-0.1,0.0937,0.0248,152.07,-88.99,136.83,52.97219,-1.750838,21.17,6,18.93,22 / 22,-2.9804923947325053,-2.7221917634857338,3.214914399999233,149.36580334073508,348.23795749136013,67.54943281533059,False,48.899999999999864,4.517541250885557,19.887245285831767,430.18350957792336,827.6016000303563,20.393888888887535,12.798000000001649,7.4980336456180625,22.6094370493175,280.8177062371883,479.36364253899615
1646912.0,1.1531,-0.5252,9.2133,0.0439,-0.0109,9.8065,-0.0867,0.0518,0.0503,157.63,-89.08,146.11,52.97219,-1.750838,21.17,6,18.93,22 / 22,-3.0389570490192095,-2.8087126008082843,3.219344399999239,149.0648308685471,347.9614122731451,67.87114575533096,False,49.0,4.522302986692862,19.86166346750817,430.6389215725425,829.5919892168458,20.369999999999997,12.827,7.561260035712072,22.670376068316454,281.57409070399535,481.63057694370076
1647013.0,-2.8438,0.0849,9.1651,0.0028,-0.0026,9.8066,-0.0086,-0.0807,0.0172,152.87,-88.99,138.54,52.97219,-1.750838,21.17,6,18.93,22 / 22,-2.9449764800404448,-2.767409230758119,3.15698194999931,148.76264222532993,347.6798181206513,68.19315023600552,False,49.100999999999885,4.5414677492491755,19.839671233025634,431.09219045189565,831.5910516079916,20.35282499999969,12.893350000000474,7.486444229289621,22.607080463783753,282.32954822656575,483.9112334873403
1647112.0,-0.1275,-0.441,9.3644,0.0229,-0.0182,9.8065,-0.0143,-0.1419,0.0428,144.14,-89.28,133.09,52.97219,-1.750838,21.17,6,18.93,22 / 22,-2.7954875547060807,-2.7044180902659196,3.103333849999223,148.4784892556095,347.4089626682602,68.50303586810595,False,49.200000000000045,4.548358678020266,19.814674696701967,431.54304832658823,833.5505286052587,20.330000000001068,12.928000000001301,7.343846232726347,22.51909278696789,283.0645590709787,486.1415659369985
1647212.0,-1.478,0.4852,10.341,0.0201,-0.0161,9.8066,-0.0607,-0.1493,0.1119,136.24,-89.34,122.67,52.97219,-1.750838,21.17,6,18.93,22 / 22,-2.700364401719252,-2.6636926592323396,3.107938849999219,148.2036966577885,347.1405571307855,68.81359950310559,False,49.299999999999955,4.571679949781271,19.84636551681051,431.99846032123963,835.5297982994629,20.36611111110998,12.972000000003888,7.272044351500523,22.51005817604285,283.79476366345114,488.38924116867736
1647312.0,1.0268,1.4208,12.0932,0.0108,-0.0423,9.8065,-0.0829,-0.2073,0.1264,137.89,-89.19,123.34,52.97219,-1.750838,21.17,6,18.93,22 / 22,-2.5871251932007744,-2.7299237616752103,3.2489838499990906,147.93932217804274,346.87087630974037,69.13144563810522,False,49.399999999999864,4.596947645628482,19.81372434307224,432.46056955108133,837.509067993667,20.339999999997612,13.06199999999136,7.184072838829257,22.54364810474745,284.5212473730386,490.63819168392666
1647412.0,-5.2244,-1.2646,6.5697,0.0442,-0.0103,9.8065,0.1625,-0.2157,0.0713,149.26,-89.33,135.95,52.97219,-1.750838,21.17,6,18.93,22 / 22,-2.3536499756588163,-2.645520093310233,3.201463849999026,147.69228341959942,346.60210411699074,69.45396802310556,False,49.5,4.534996454561977,19.784965668242393,432.9092843104697,839.488337688439,20.298055555555557,12.91,6.888646430220794,22.430485761552625,285.2170008908703,492.8862335714482
1647511.0,0.9373,0.0452,12.038,-0.0654,0.0169,9.8064,0.2129,-0.1007,-0.1069,147.23,-89.04,132.74,52.97219,-1.750838,21.17,6,18.93,24 / 24,-2.1710420548587197,-2.5052909563386487,3.1516866499990597,147.46831116408896,346.3471389700333,69.76844897285525,False,49.59899999999993,4.560376945741342,19.784210634661523,433.3601421851745,841.4478146857016,20.303005555555625,12.980290000000975,6.731419000600061,22.28950159100017,285.8918310210855,495.1006757156683
1647611.0,0.9262,-0.4041,9.4162,0.0231,0.0325,9.8065,0.1233,0.1975,-0.1831,166.51,-89.24,152.85,52.97219,-1.750838,21.17,6,18.93,24 / 24,-2.232100468467982,-2.5466923347148462,3.2437316499991855,147.24815403792232,346.0945398054803,70.0882198878556,False,49.69900000000007,4.560553989293386,19.772932658551195,433.8155541798135,843.4160760824086,20.292055555555226,12.987930000000206,6.792654457761369,22.31962499326604,286.5674001418912,497.3215362769283
1647712.0,6.7556,-2.3314,10.3471,-0.124,0.0189,9.8058,-0.0025,0.383,-0.2865,135.71,-88.94,120.69,52.97219,-1.750838,21.17,6,18.93,24 / 24,-2.580079751830973,-2.711627518321726,3.2513066499991767,147.0051389367975,345.8289946529022,70.41621932200515,False,49.799999999999955,4.55881546105033,19.78262656822512,434.27552029441125,845.4150272779232,20.301111111113055,12.97700000000458,7.1388952128813035,22.494254086546846,287.27038135761376,499.58603262502095
1647812.0,-1.0834,-0.2307,9.8339,-0.0411,-0.0069,9.8065,-0.0798,0.7194,-0.4186,145.73,-89.01,131.12,52.97219,-1.750838,21.17,6,18.93,24 / 24,-2.8324587071572624,-2.838768999316505,3.279691649999151,146.73451201384833,345.55147482702057,70.74276923700477,False,49.899999999999864,4.605592771214501,19.817990629007095,434.73762952425363,847.3942969728347,20.34611111111105,13.08300000000955,7.438051478371763,22.6567596283236,288.00311751040533,501.8428221458141
1647912.0,-5.8822,1.9097,9.6508,-0.105,0.0211,9.8061,-0.0047,0.7955,-0.5408,169.17,-89.13,155.53,52.97219,-1.750838,21.17,6,18.93,24 / 24,-2.460920762727741,-2.860347386868157,3.2732616499991423,146.4698430403537,345.26651900771094,71.07041690200512,False,50.0,4.663427587157047,19.803319624228227,435.1997387540634,849.3735666668994,20.345000000000002,13.251,7.124348349884788,22.663667011096383,288.72989571370965,504.1070476591884
1648012.0,-4.0588,2.0651,10.9293,-0.0894,0.0105,9.8062,0.0755,0.8734,-0.524,160.77,-88.94,146.69,52.97219,-1.750838,21.17,6,18.93,24 / 24,-1.9048474096273562,-2.9563666876138024,3.3216016499990983,146.25155463173616,344.9756833039871,71.40016006700473,False,50.09999999999991,4.737635947854035,19.799121991358405,435.67524245435465,851.3528363611035,20.358055555555666,13.456999999999482,6.6424833574813915,22.755488678972206,289.4236878226185,506.3771530571164
1648112.0,-2.2256,2.032,7.9816,-0.0921,0.0167,9.8061,-0.1575,0.8148,-0.521,166.4,-88.84,151.67,52.97219,-1.750838,21.17,6,18.93,24 / 24,-1.5228586993472533,-3.085908093907158,3.2864816499990503,146.0801693262872,344.6735695649107,71.7305642320051,False,50.200000000000045,4.726373088484208,19.810095386408374,436.14404891944264,853.3321060560199,20.366111111111667,13.41900000000068,6.249231787831461,22.89600348031553,290.06387959315543,508.65853649110926
1648212.0,6.7333,-1.0645,10.615,-0.1088,-0.0173,9.8059,-0.163,0.5168,-0.2572,168.97,-88.92,155.22,52.97219,-1.750838,21.17,6,18.93,24 / 24,-1.7090453997048947,-3.198663996871795,3.235646649999097,145.91857412133476,344.35934096037204,72.05667064700471,False,50.299999999999955,4.738715917970302,19.82656794427078,436.61955261973395,855.3224952433565,20.385000000000264,13.442000000001814,6.447761317675196,23.025231941142575,290.7009784983992,510.9631542829844
1648312.0,-0.449,-0.0817,10.2543,-0.0349,-0.0028,9.8065,-0.047,0.4205,-0.1934,167.15,-88.91,153.33,52.97219,-1.750838,21.17,6,18.93,24 / 24,-2.006484067924493,-3.2300092006071073,3.2984466499990397,145.73279764795345,344.0379073004984,72.38337531200432,False,50.399999999999864,4.754673227995379,19.829031616316534,437.09505631998536,857.3017649361466,20.391111111116448,13.484000000000059,6.7611572959198725,23.05904081692364,291.3622586720319,513.2638576356483
1648412.0,5.7819,-1.3298,10.0895,-0.1053,0.01,9.806,0.0658,-0.1255,0.0216,164.24,-88.73,149.34,52.97219,-1.750838,21.17,6,18.93,24 / 24,-2.2584421296320074,-3.26276871893253,3.3349716499990896,145.51955133807533,343.71326840452093,72.71504622700468,False,50.5,4.776913333332163,19.92024909497453,437.5705600202431,859.2921541226361,20.485000000000003,13.485,7.035355462964171,23.18301781390706,292.0510086821678,515.5788857181152
1648512.0,-2.819,2.1703,9.9076,0.0354,0.0014,9.8065,0.0256,-0.1677,0.1293,183.42,-88.89,170.34,52.97219,-1.750838,21.17,6,18.93,24 / 25,-2.401501618929412,-3.4238512708629907,3.3541616499990723,145.28655415064748,343.3789374050315,73.04950289200428,False,50.59999999999991,4.795212942347226,19.901565841939505,438.0460637205477,861.2825433106806,20.47111111111235,13.546999999998063,7.196714561276638,23.325417112802494,292.7595095699002,517.9036059056491
1648612.0,3.6805,-0.8922,10.0615,-0.0413,0.0073,9.8065,0.0317,-0.3658,0.2211,195.95,-88.94,-176.58,52.97219,-1.750838,21.17,6,18.93,24 / 25,-2.4217444298994097,-3.4812730071131464,3.3719516499990965,145.0453918482057,343.0336811911322,73.38580855700465,False,50.700000000000045,4.766933016674658,20.001747647417584,438.5215674208268,863.2729324980229,20.561944444444887,13.404999999997989,7.188677446574068,23.48302065453073,293.47617557262106,520.2392513068908
1648712.0,-2.2013,1.5094,10.4195,0.0541,0.0037,9.8065,0.0785,-0.3911,0.2496,214.48,-88.75,-157.07,52.97219,-1.750838,21.17,6,18.93,24 / 25,-2.537730866783508,-3.5477201671939014,3.415336649999057,144.79741808337178,342.6822315324172,73.72517297200424,False,50.799999999999955,4.7466512851474985,20.021986520995576,438.9970711211047,865.2855606695036,20.57694444444366,13.336999999999913,7.284382151931006,23.569706688189477,294.1996530377329,522.6033291370865
1648812.0,-0.673,-0.6518,9.2329,-0.016,0.0351,9.8065,0.1476,-0.247,0.0754,205.62,-88.73,-169.47,52.97219,-1.750838,21.17,6,18.93,24 / 25,-2.447610728201185,-3.6930864382765516,3.4172916499990555,144.54815100362276,342.320191202144,74.06680438700384,False,50.899999999999864,4.74178797435683,20.00458345359845,439.47257482139565,867.2870693492664,20.558888888890372,13.334999999993236,7.189398702558016,23.697669891875,294.9244238177729,524.9668781471224
1648912.0,-1.1292,0.1876,9.4657,0.0161,0.001,9.8066,0.0619,-0.2094,0.0471,201.01,-88.71,-171.12,52.97219,-1.750838,21.17,6,18.93,24 / 25,-2.3519468363307245,-3.7430338021974796,3.3715566499989933,144.30817312539585,341.9483851901198,74.4062468020042,False,51.0,4.706199014829467,20.039808278344836,439.94138128642277,869.2885780288881,20.585,13.216,7.058145851160192,23.782842080542316,295.6332081610269,527.3401928387683
1649012.0,-0.6288,0.0556,9.887,0.0119,-0.0218,9.8066,-0.043,0.0225,0.0225,195.41,-88.78,-177.03,52.97219,-1.750838,21.17,6,18.93,24 / 25,-2.267970821934663,-3.8185276157639976,3.358526649999005,144.0771772424828,341.57030711922204,74.7427509670038,False,51.09999999999991,4.691863700707086,20.098511128485956,440.41018775150945,871.3012062010763,20.638888888888538,13.139999999999974,6.959834522641749,23.917038744249954,296.3330105090266,529.7308990818542
1649112.0,2.8371,0.1066,10.446,-0.0049,0.0123,9.8066,-0.0153,0.0076,-0.152,189.38,-88.61,176.69,52.97219,-1.750838,21.17,6,18.93,24 / 25,-2.3706001357845694,-3.8464594362521045,3.394511649999054,143.84524869459653,341.1870577666207,75.08040288200417,False,51.200000000000045,4.685290282537928,20.07351773618318,440.8722969813666,873.302714880844,20.613055555557622,13.138000000001359,7.055890418322498,23.919977172435285,297.0270482867701,532.1156571142233
1649211.0,-0.6799,0.1238,9.9049,0.041,0.0103,9.8065,0.0096,0.1129,-0.0219,187.92,-88.42,174.45,52.97219,-1.750838,21.17,6,18.93,24 / 25,-2.466745403638194,-3.8733076098827754,3.4310228499990294,143.60580009039526,340.80492929783725,75.41826683975384,False,51.29899999999998,4.717049552112845,20.137260790109217,441.3430456446551,875.295216771311,20.682355555558587,13.18354000000199,7.183794955751038,24.010568399991993,297.73724555425986,534.4902874734737
1649312.0,0.4741,0.1981,9.8578,-0.0028,0.0072,9.8066,0.0849,0.0485,-0.0072,173.93,-88.37,163.5,52.97219,-1.750838,21.17,6,18.93,24 / 25,-2.440923613472195,-3.9291846187240185,3.438567549999021,143.35796280503146,340.41090344029305,75.76518115495335,False,51.399999999999864,4.758092990008774,20.158005699180222,441.8233043819359,877.3390907176463,20.711944444444445,13.281000000007106,7.199016603480969,24.08719031790424,298.4653415769044,536.9281872773532
1649411.0,2.7565,-0.0877,10.8393,0.0236,-0.0014,9.8066,-0.1603,0.196,-0.2204,173.71,-88.32,159.21,52.97219,-1.750838,21.17,6,18.93,24 / 25,-2.5802407410996637,-3.9819905324680827,3.4922156499991077,143.10941516947975,340.0193002703084,76.10825492335381,False,51.499000000000024,4.801619912083517,20.147681471466395,442.29405304517803,879.3315926079729,20.711944444444445,13.404750000000103,7.38186065318318,24.129672003934477,299.1846378756983,539.3122923376645
1649512.0,1.8141,0.2587,11.4449,-0.0223,-0.011,9.8066,-0.128,0.1087,0.0266,165.43,-88.26,151.14,52.973824,-1.750168,21.36,6,12.65,22 / 24,-2.7828482939335704,-4.057471479413338,3.6270960999989548,142.8385791732109,339.61330743870883,76.4677801667283,False,51.59999999999991,4.730785880038058,20.21264784382377,442.77431178248486,881.3643470625888,20.758888888888084,13.17300000000086,7.513634173971629,24.270119323237108,299.93573260927394,541.7510396238799
1649612.0,1.6267,1.5802,11.456,0.0125,-0.0572,9.8064,-0.0535,0.0371,-0.0008,172.6,-88.07,158.75,52.973824,-1.750168,21.36,6,12.65,22 / 24,-2.916164788300158,-4.210100896078726,3.791476099999179,142.55362851909882,339.1999288199337,76.83870877672872,False,51.700000000000045,4.739524633093292,20.15010933599205,443.24311824753295,883.3880947279148,20.700000000003193,13.23599999999604,7.65568942139345,24.360210232070774,300.6894897284341,544.1881659079811
1649712.0,3.0717,-1.4856,7.2208,-0.0329,-0.0444,9.8065,0.0034,0.2165,-0.1609,176.86,-88.3,163.4,52.973824,-1.750168,21.36,6,12.65,22 / 24,-3.125289001155586,-4.2636955518433455,3.7446510999992215,142.2515558296263,338.776238997538,77.2155151367283,False,51.799999999999955,4.716880429924005,20.26638139907992,443.7186219478239,885.4118423925288,20.808055555557626,13.10199999999676,7.84216943107959,24.530076950923263,301.46706611819764,546.6356033949908
1649812.0,-0.8499,0.2283,10.7337,0.011,-0.0207,9.8066,0.1418,0.145,-0.2915,181.06,-88.46,167.88,52.973824,-1.750168,21.36,6,12.65,22 / 24,-3.2239574396349133,-4.241964579216066,3.6617110999992972,141.93409350758708,338.35095599098537,77.58583324672789,False,51.899999999999864,4.70117997709053,20.31935721182803,444.1874284128841,887.4355900578503,20.85611111110757,13.027000000002216,7.925137416725443,24.561321791044097,302.25333490529704,549.084634066865
1649912.0,0.0403,2.1496,11.1423,-0.0513,0.0378,9.8064,-0.0093,0.191,-0.1495,174.13,-88.3,160.48,52.973824,-1.750168,21.36,6,12.65,22 / 24,-3.1554814622606298,-4.392673904373546,3.7748460999994515,141.61512156249188,337.9192240668053,77.95766110672834,False,52.0,4.700943051640677,20.255541206017874,444.6562348779379,889.4593377223216,20.79388888888889,13.066,7.856424513901307,24.64821511039142,303.041113315446,551.5401136555163
1650011.0,-1.9171,0.9507,9.2398,0.0132,0.0351,9.8065,-0.1256,0.2228,-0.0623,174.66,-88.03,164.2,52.973824,-1.750168,21.36,6,12.65,22 / 24,-3.028937649919213,-4.566877882739743,3.8129016999994256,141.30899281643917,337.4757262533435,78.33325462282802,False,52.09899999999993,4.705795780750577,20.26373096319631,445.1203532783739,891.4738562084916,20.802963888889014,13.073920000000111,7.73473343066979,24.83060884593605,303.8113604619347,553.9981299551481
1650111.0,-1.8237,0.5093,10.0406,0.0279,-0.0175,9.8065,-0.0861,0.0498,0.0941,180.54,-88.03,166.55,52.973824,-1.750168,21.36,6,12.65,22 / 24,-2.820916054307733,-4.663014258004732,3.796256699999403,141.01650013122742,337.01423164630563,78.71371254282849,False,52.19900000000007,4.711217945970823,20.250424508879128,445.58915974343535,893.4977150680415,20.791230555555202,13.096770000000681,7.532134000278556,24.91343876688386,304.57265961220793,556.4834834217359
1650212.0,-2.7308,1.4182,10.542,0.0521,-0.0307,9.8064,-0.1251,0.0188,0.0463,176.34,-88.15,162.82,52.973824,-1.750168,21.36,6,12.65,22 / 24,-2.5699357133166285,-4.784261954589126,3.8452063499993474,140.7442621169627,336.53714419757017,79.09960642685299,False,52.299999999999955,4.644906800669425,20.264474846712435,446.05595703794165,895.5417002100086,20.789999999998702,12.910000000003931,7.214842513986053,25.048736801301562,305.311694920979,559.0045560124383
1650312.0,2.3297,-1.0452,9.4299,0.0126,-0.0261,9.8065,0.0285,0.0966,-0.0978,183.75,-88.39,170.77,52.973824,-1.750168,21.36,6,12.65,22 / 24,-2.526115186854136,-4.81863090588583,3.863136349999331,140.48945957195437,336.05699955454685,79.48502356185257,False,52.399999999999864,4.6703369313150285,20.22784103526603,446.52476350301475,897.5654478746227,20.759999999999938,13.000999999995623,7.196452118169164,25.04647194115186,306.0353039310604,561.5084483200758
1650412.0,0.8104,0.3202,10.4441,0.0502,-0.0075,9.8065,0.0652,0.0759,-0.0716,194.71,-88.42,-178.29,52.973824,-1.750168,21.36,6,12.65,22 / 24,-2.6716911121237485,-4.798180336158705,3.876171349999349,140.22956925700512,335.576158992444,79.87198894685304,False,52.5,4.642899945818651,20.23301628513039,446.98687273283787,899.5891955405087,20.758888888888887,12.924,7.314591057942399,25.031196621289094,306.7573034758327,564.0130365480647
1650512.0,-0.5888,1.1051,10.3715,-0.0244,0.0191,9.8065,0.0002,-0.0212,-0.1339,185.44,-88.44,172.55,52.973824,-1.750168,21.36,6,12.65,24 / 25,-2.680871633948789,-4.895489383305979,3.9362863499992944,139.96194111970175,335.0914755064712,80.26261183185261,False,52.59999999999991,4.651081717372657,20.267048477313804,447.44898196266706,901.6240626975483,20.79388888888911,12.925000000000056,7.331953351321445,25.162537860619782,307.4870408429653,566.532587191077
1650611.0,0.9598,-2.4405,8.596,-0.0005,0.0258,9.8066,-0.008,-0.1874,0.149,194.91,-88.61,-177.47,52.973824,-1.750168,21.36,6,12.65,24 / 25,-2.6620236320741113,-4.857731730076349,3.9043192499992427,139.69746780403318,334.608691061358,80.65072180905317,False,52.69900000000007,4.656051172144861,20.28227260548041,447.9131003631041,903.6275728855213,20.809838888889367,12.928960000000119,7.318074804218972,25.14000433555676,308.2156325590709,569.0188818241634
1650711.0,-0.765,-0.435,10.9461,0.0593,-0.0458,9.8063,-0.2414,0.1247,0.1598,216.27,-88.88,-158.56,52.973824,-1.750168,21.36,6,12.65,24 / 25,-2.6328376082609637,-4.767798329894944,3.900759249999246,139.43272474201666,334.1274145583599,81.04097573405274,False,52.79899999999998,4.639549747294352,20.284244146253574,448.3752765652987,905.6513205501354,20.80807499999991,12.883459999998008,7.272387355555316,25.052042476148518,308.94255182328203,571.5239059917756
1650812.0,1.8426,-0.7091,12.3509,0.0146,-0.0451,9.8065,-0.0856,0.0948,-0.2075,203.09,-88.72,-168.95,52.973824,-1.750168,21.36,6,12.65,24 / 25,-2.6623485050916416,-4.739429076437234,4.086786099999035,139.16531784329266,333.64729957434065,81.44434677422718,False,52.899999999999864,4.542649475005117,20.37274610778961,448.8286124170301,907.7175446776613,20.873055555553456,12.570000000000626,7.204997980096758,25.112175184226842,309.66329457373746,574.0702451033206
1650912.0,-0.6415,-0.346,10.4964,-0.0202,0.0269,9.8065,0.0357,0.1745,0.0194,212.77,-88.54,-158.58,52.973824,-1.750168,21.36,6,12.65,24 / 25,-2.6978546966296717,-4.709218440003719,4.248486099999256,138.89730768320624,333.174867198518,81.86111038422767,False,53.0,4.538513453505371,20.33581623311242,449.2840244116626,909.752411835265,20.836111111111112,12.581,7.236368150135043,25.04503467311614,310.38671672845635,576.577544636747
1651012.0,-1.0327,-0.0466,8.9244,0.0086,0.0056,9.8066,-0.051,0.2587,0.0818,220.62,-88.36,-153.19,52.973824,-1.750168,21.36,6,12.65,24 / 25,-2.627245343488763,-4.779075751389217,4.238861099999265,138.63105268120054,332.70045248894877,82.28547774422721,False,53.09999999999991,4.60008163806722,20.45211351299569,449.7461336415049,911.7872789930124,20.9630555555564,12.676000000001908,7.227326981555983,25.23118926438491,311.11508096030434,579.0868265040635
1651112.0,-0.2139,-1.0405,7.9225,-0.0167,-0.0327,9.8065,-0.2054,0.1348,-0.0167,215.6,-88.42,-158.56,52.973824,-1.750168,21.36,6,12.65,24 / 25,-2.5548664195821797,-4.809921860747328,4.100541099999076,138.37194709304663,332.2210026083413,82.7024478542277,False,53.200000000000045,4.663782363065967,20.501213599928086,450.20824287136145,913.8443851356151,21.024999999998133,12.815999999995064,7.218648782648147,25.311135460675413,311.8362957783148,581.6233825272739
1651212.0,-4.4273,1.4378,8.9844,-0.006,-0.0464,9.8065,-0.1321,0.2192,-0.0091,207.71,-88.57,-163.89,52.973824,-1.750168,21.36,6,12.65,24 / 25,-2.3566548961957543,-4.976048579262532,3.9652210999991997,138.12637102725796,331.7317040863412,83.10573596422725,False,53.299999999999955,4.5901999875837145,20.453194835183652,450.66365486598573,915.8903717857877,20.96194444444496,12.648999999990798,6.946854883779469,25.429243414446184,312.5372838387278,584.1586676994465
1651312.0,-1.59,-0.7889,9.085,-0.0357,0.0366,9.8064,0.149,-0.3122,0.0536,189.34,-88.5,176.7,52.973824,-1.750168,21.36,6,12.65,24 / 25,-2.1044486820772788,-5.151682345684451,3.88802609999927,137.9033158483445,331.2253175400943,83.49839832422681,False,53.399999999999864,4.5167048663854334,20.48178196041143,451.11236962541943,917.9363584359617,20.973888888898617,12.43599999999801,6.621153548462712,25.63346430609588,313.2090537770749,586.7110408958674
1651412.0,-3.1803,-0.6207,9.9044,0.0203,0.0503,9.8065,0.0974,-0.223,0.0612,189.27,-88.67,176.56,52.973824,-1.750168,21.36,6,12.65,24 / 25,-1.8471610795636928,-5.154938441860655,3.8568310999992277,137.7057353602622,330.70998650071635,83.88564118422727,False,53.5,4.540938933033641,20.651656074185897,451.5677816200386,920.0045840722545,21.145,12.401,6.388100012597334,25.80659451604655,313.86204625977643,589.2945975715381
1651522.0,0.6126,1.734,10.6278,0.0257,0.0212,9.8065,-0.0877,-0.461,0.3039,196.22,-88.15,-178.95,52.973824,-1.750168,21.36,6,12.65,24 / 24,-1.718769542447626,-5.2698592229223165,3.9073705999991817,137.50960917605175,330.1366226291538,84.31267227772679,False,53.6099999999999,4.55450340527541,20.583924860770804,452.07007426117065,922.2674008291127,21.08180555555599,12.476500000004426,6.2732729477230365,25.85378408369312,314.5604650851189,592.130778199959
1651612.0,2.8259,-0.7205,9.4144,0.0592,-0.0371,9.8064,-0.0558,-0.3318,0.2839,206.67,-88.22,-164.67,52.973824,-1.750168,21.36,6,12.65,24 / 24,-1.8633790557324554,-5.283057085338066,3.926671099999213,137.34841248913338,329.6617413952813,84.66520415422728,False,53.700000000000045,4.655619105568717,20.58823013472498,452.49200007973747,924.1187963574562,21.10805555555827,12.741999999995981,6.518998161301172,25.871287220063046,315.14358759060406,594.4570549621749
1651712.0,1.8161,-0.3927,8.7827,0.0379,0.0187,9.8065,0.0433,-0.502,0.1458,207.98,-88.18,-163.22,52.973824,-1.750168,21.36,6,12.65,24 / 24,-2.0450707302609317,-5.1633570781804785,3.8558610999992777,137.1529899998339,329.1394206871058,85.05433076422685,False,53.799999999999955,4.626803284850538,20.688950948835604,452.94741207437585,926.187021993188,21.200000000000696,12.606000000003629,6.671874015111469,25.852308027016083,315.79442207454196,597.0476013060821
1651812.0,0.8315,-1.1985,7.8702,-0.0101,-0.0135,9.8065,0.0816,-0.2395,0.0366,207.9,-88.48,-163.64,52.973824,-1.750168,21.36,6,12.65,24 / 24,-2.1257568759610583,-5.066849442869855,3.7078410999994125,136.94444861952297,328.62791036105375,85.43251587422644,False,53.899999999999864,4.660669111331565,20.697863032538187,453.4162185394627,928.2663671213443,21.21611111111155,12.69000000000466,6.786425987292623,25.764712475408043,316.47176991993973,599.6384567602905
1651912.0,-3.8081,2.2632,8.9232,0.0545,0.0206,9.8065,-0.036,-0.1849,0.1563,196.26,-88.63,-175.39,52.973824,-1.750168,21.36,6,12.65,24 / 24,-1.9807079295424825,-5.191961510666215,3.56684609999922,136.73912537924753,328.11496981337626,85.79625023422686,False,54.0,4.692005936768411,20.698756964060216,453.8850250044898,930.3345927562224,21.22388888888889,12.772,6.672713866310894,25.89071847472643,317.1458996252423,602.2196229428462
1652012.0,0.0475,0.2795,9.6439,0.0036,-0.016,9.8066,-0.0439,-0.0658,-0.0745,186.32,-88.68,173.43,52.973824,-1.750168,21.36,6,12.65,24 / 24,-1.8242290518076194,-5.402039901661863,3.5145360999992676,136.5488785301802,327.5852697427603,86.15031934422646,False,54.09999999999991,4.644687286016714,20.76892003334747,454.3471342343324,932.4139378843794,21.28194444444556,12.606000000002346,6.468916337824333,26.170959935009332,317.7982557041522,604.8286681416191
1652112.0,-2.5292,0.492,10.5894,0.0896,0.0114,9.8062,-0.0015,0.1683,0.0353,205.5,-88.74,-166.44,52.973824,-1.750168,21.36,6,12.65,24 / 24,-1.71817993326498,-5.527092394735472,3.54553609999931,136.37175808092633,327.0388131279397,86.50332295422687,False,54.200000000000045,4.725137846913854,20.83479831398525,454.82263793461124,934.4932830132484,21.363888888888656,12.778000000000858,6.443317780178834,26.361890708720722,318.4508798536849,607.4544698853088
1652212.0,1.2188,-0.2287,10.5571,0.0162,0.0079,9.8066,0.0264,0.0947,0.0238,212.37,-88.66,-159.16,52.973824,-1.750168,21.36,6,12.65,24 / 24,-1.6616026940697024,-5.597215241536116,3.62219609999924,136.20276894955975,326.48259774612666,86.86170956422647,False,54.299999999999955,4.733958598681293,20.8248197537519,455.29144439969826,936.5726281414063,21.356111111114867,12.806999999999222,6.395561292750996,26.422034995288016,319.0886754501385,610.0900303952797
1652312.0,-2.1643,0.4858,9.1711,0.0248,0.0124,9.8065,-0.0151,0.3486,-0.2642,212.58,-88.43,-158.64,52.973824,-1.750168,21.36,6,12.65,24 / 24,-1.6326809607447172,-5.669326487844566,3.627941099999235,136.0380547668192,325.91927065965814,87.22421642422607,False,54.399999999999864,4.746662188464026,20.91109345843093,455.7669480999626,938.6742122551206,21.443055555555205,12.78899999999693,6.379343149208744,26.580419946275498,319.7288933331434,612.7549415954625
1652412.0,-1.4538,-1.5298,9.9247,-0.0612,-0.0414,9.8063,-0.0891,0.1847,-0.1891,185.95,-88.81,176.25,52.973824,-1.750168,21.36,6,12.65,24 / 24,-1.4700523281028521,-5.714155930676093,3.6020660999992,135.8829181023766,325.35009653873135,87.58571678422649,False,54.5,4.725604695895837,20.909597016019337,456.23575456501635,940.7535573831309,21.436944444444446,12.735,6.195657023998689,26.62375294669543,320.35283646263974,615.4034608443995
1652512.0,2.1476,-0.3286,8.9517,-0.0642,-0.0025,9.8064,-0.1385,0.0322,0.0504,161.66,-88.58,150.56,52.973824,-1.750168,21.36,6,12.65,23 / 23,-1.478068052883573,-5.693365143019056,3.5652210999992335,135.73551208332742,324.7797204850471,87.94408114422609,False,54.59999999999991,4.6223385385868045,20.962535931258614,456.69786379487215,942.8551414968465,21.466111111112173,12.435000000004571,6.100406591470378,26.655901074277672,320.9623517115447,618.0754210117993
1652612.0,-4.5605,0.8307,10.0526,-0.0346,-0.0012,9.8066,-0.0692,-0.0196,0.1071,149.75,-88.46,137.87,52.973824,-1.750168,21.36,6,12.65,23 / 23,-1.3396892872056914,-5.655190203961937,3.534771099999192,135.59462421632276,324.21229271769727,88.2990807542265,False,54.700000000000045,4.762015532676208,21.011005604762165,457.17336749515147,944.9567256105671,21.54388888888904,12.770000000003783,6.101704819881899,26.6661958087241,321.5787432788287,620.7444328928698
1652712.0,-1.4768,0.1953,10.3652,-0.0715,-0.0057,9.8064,0.082,-0.1697,0.1314,133.63,-88.4,124.54,52.973824,-1.750168,21.36,6,12.65,23 / 23,-1.0316839499448855,-5.54469458278405,3.5749960999991557,135.47605555446535,323.6522984783605,88.65456911422609,False,54.799999999999955,4.810058727878334,21.005188582346815,457.6555684306732,947.0694292174147,21.54888888888686,12.897999999994989,5.84174267782322,26.549883165130865,322.17951287620787,623.4171307390543
1652812.0,-3.0808,1.3094,8.8753,0.0058,0.0176,9.8065,0.0712,-0.2402,0.2382,144.79,-88.62,133.46,52.973824,-1.750168,21.36,6,12.65,23 / 23,-0.7771753361305187,-5.476537867035078,3.5563560999991726,135.38561259016166,323.10123685587,89.01113672422568,False,54.899999999999864,4.7571360845010355,20.96910277445689,458.12437489573347,949.1598938379985,21.501944444449624,12.781999999986983,5.534311420631554,26.445640641491966,322.7387623055718,626.0586569821285
1652912.0,1.3946,-0.9244,10.5247,-0.0523,-0.013,9.8065,0.1449,-0.2596,0.0498,133.72,-88.86,125.44,52.973824,-1.750168,21.36,6,12.65,23 / 23,-0.6622898452087235,-5.473567813670118,3.545691099999158,135.3136393310946,322.553731571834,89.36623908422608,False,55.0,4.693091245321408,21.076881714058086,458.5931813607606,951.2725974439909,21.593055555555555,12.553,5.355381090530132,26.550449527728205,323.279542029666,628.7188658721568
1653012.0,-2.0939,0.9481,9.5408,0.0175,0.0102,9.8065,0.0945,-0.3149,0.074,142.36,-88.87,133.97,52.973824,-1.750168,21.36,6,12.65,23 / 23,-0.5988078395814536,-5.478846627640083,3.5683010999991374,135.25058444685516,322.006110849769,89.72193869422567,False,55.09999999999991,4.661807093116668,21.181960623632612,459.06198782582067,953.3853010501322,21.688888888888602,12.411999999999278,5.260614932698122,26.660807251272693,323.8114033789655,631.3791902003632
1653112.0,3.1259,1.0822,9.7148,-0.027,-0.0055,9.8066,-0.0654,-0.2603,0.2628,144.11,-88.87,132.49,52.973824,-1.750168,21.36,6,12.65,23 / 23,-0.549876023362645,-5.604134121765442,3.5504160999991132,135.19315025370787,321.451961812298,90.07787455422607,False,55.200000000000045,4.637752177560536,21.165913311219203,459.5240970557304,955.5091241494105,21.6680555555526,12.358999999998908,5.18762820092318,26.770047432984647,324.33094680202254,634.0571623371125
1653212.0,0.5041,-1.1377,9.792,0.0276,0.0084,9.8065,0.0195,-0.1104,0.051,150.7,-88.98,143.2,52.973824,-1.750168,21.36,6,12.65,23 / 23,-0.6639291539575131,-5.72080151521414,3.545091099999118,135.13245999484192,320.88571503044955,90.43264991422566,False,55.299999999999955,4.602742308149408,21.07120745691903,459.9795090503153,957.6107082631271,21.568055555560605,12.32199999999961,5.266671462106921,26.792008972133168,324.84704905547335,636.7249932326775
1653312.0,-0.6909,0.8164,9.3651,0.0029,0.0196,9.8065,0.0394,-0.1398,0.0255,154.71,-88.88,146.83,52.973824,-1.750168,21.36,6,12.65,23 / 23,-0.6362172781063737,-5.726932926731676,3.5222810999991387,135.0674526732388,320.31332830835277,90.78601852422526,False,55.399999999999864,4.62437103816338,21.186184590463807,460.44161828019725,959.7345313616927,21.684999999995625,12.3129999999975,5.260588316269754,26.91311751719548,325.37416560695846,639.4212030533399
1653412.0,0.5005,1.1317,10.093,0.0089,0.0003,9.8066,-0.0467,0.0383,0.0395,152.75,-88.76,144.65,52.973824,-1.750168,21.36,6,12.65,23 / 23,-0.5553967843050248,-5.832623431299236,3.5145210999991283,135.00787197011815,319.73535049045046,91.13785863422565,False,55.5,4.59174902739976,21.114542518400647,460.89703027480306,961.8361154759674,21.608055555555556,12.269,5.147145811704784,26.947165949699883,325.8891583046849,642.1007649855169
1653512.0,-3.8929,-0.7946,9.5518,-0.0376,-0.0144,9.8065,-0.0105,0.216,-0.1205,153.5,-88.84,145.5,52.973824,-1.750168,21.36,6,12.65,22 / 23,-0.3665497021329066,-5.793458625542961,3.516096099999127,134.96177464579628,319.1540463876089,91.48938949422525,False,55.59999999999991,4.48853837622305,21.091570051978163,461.34574503419634,963.9488190814013,21.563888888888506,12.013999999998909,4.855088078355957,26.885028677521124,326.38397038840003,644.7947726937924
1653612.0,-4.5236,0.2339,10.1271,-0.0325,0.0122,9.8065,0.0678,0.1575,-0.0944,148.85,-88.88,141.13,52.973824,-1.750168,21.36,6,12.65,22 / 23,0.01894489606119054,-5.584534692272917,3.5193760999991315,134.94439440549266,318.5851467217173,91.84116310422564,False,55.700000000000045,4.4533406006850305,21.07063927089876,461.78776255843957,966.0615226875469,21.53611111110942,11.934000000000532,4.43439570462384,26.655173963171677,326.84336815294694,647.4763759658297
1653712.0,-0.607,-0.1004,9.2961,-0.0348,0.0107,9.8066,0.0211,0.1917,0.0158,161.0,-89.13,153.98,52.973824,-1.750168,21.36,6,12.65,22 / 23,0.27349835174423165,-5.485161609858554,3.50987109999914,134.9590165678829,318.03166190661125,92.19262546422523,False,55.799999999999955,4.448109643366162,21.013257446231137,462.2297800826415,968.163106801262,21.478888888883322,11.951999999993001,4.17461129162193,26.49841905608969,327.27076351475864,650.1314448946507
1653812.0,1.0954,0.2675,10.8028,0.0211,-0.0204,9.8066,-0.0353,0.2307,-0.0738,191.18,-89.36,-178.0,52.973824,-1.750168,21.36,6,12.65,22 / 23,0.2616768553104038,-5.502948932865289,3.534151099999118,134.98577532823563,317.48225637947553,92.54482657422483,False,55.899999999999864,4.362343108373893,20.899580440882648,462.66510037163926,970.2535714225526,21.35000000000238,11.790000000000454,4.10066625306349,26.40252937374794,327.67932504340365,652.771315043077
1653911.0,-1.5724,0.7106,10.3222,-0.0089,-0.0045,9.8065,-0.1006,0.2099,-0.1038,193.45,-89.25,-175.6,52.973824,-1.750168,21.36,6,12.65,22 / 23,0.2820323710388088,-5.592179283935556,3.608980249999239,135.01268893493997,316.933047532743,92.89841157605032,False,55.999000000000024,4.373722296557831,20.939624996882593,463.0960674577036,972.334139695685,21.391525000000037,11.797920000000007,4.091689925519022,26.53180428081815,328.0833785227636,655.4010921629421
1654011.0,0.2547,1.1056,9.8195,-0.0077,0.0057,9.8066,-0.0127,0.0855,0.1119,195.23,-89.13,-170.58,52.973824,-1.750168,21.36,6,12.65,22 / 23,0.3308738410891607,-5.730090166163729,3.635400249999215,135.04333424554633,316.3669340602385,93.26063060104991,False,56.09899999999993,4.399236969537218,20.994558738584768,463.53801800956654,974.4247155105043,21.450519444445252,11.834630000000509,4.068363128448057,26.7246489047485,328.49468376402024,658.0577814502658
1654112.0,-1.601,-0.4031,10.1003,0.0529,0.002,9.8064,0.0229,0.1132,0.0409,196.73,-89.06,-172.11,52.973824,-1.750168,21.36,6,12.65,22 / 23,0.39359357416877977,-5.819990464678179,3.6508784999992323,135.0799198500169,315.78365498838036,93.62858767792524,False,56.200000000000045,4.383974496362655,20.957491420193996,463.97775847380706,976.5472042704228,21.41111111110919,11.814999999993319,3.9903809221938755,26.777481884872174,328.89783862379016,660.7635492820424
1654212.0,0.8152,-0.8729,10.0493,-0.0344,-0.0087,9.8066,-0.0009,0.0835,-0.108,202.74,-89.13,-165.95,52.973824,-1.750168,21.36,6,12.65,22 / 23,0.45945175872515276,-5.80329977865961,3.677693499999208,135.12257211666156,315.202490476214,93.99501627792483,False,56.299999999999955,4.288217112432864,20.91094578359356,464.40638152758646,978.6376688917121,21.346111111107607,11.5889999999911,3.8287653537077118,26.714245562253172,329.2838094109249,663.4351784154981
1654312.0,-2.6839,1.3694,9.7768,0.0099,0.0054,9.8066,0.0513,0.0593,-0.0737,205.67,-89.09,-159.76,52.973824,-1.750168,21.36,6,12.65,22 / 23,0.5313527912169169,-5.902961550833722,3.688333499999198,135.17211234415862,314.61717740973984,94.36331762792442,False,56.399999999999864,4.1969981838122274,20.846712720363932,464.8216101109307,980.717014019163,21.265000000007216,11.382999999988915,3.6656453925953105,26.749674271197655,329.6494977667721,666.0998366094232
1654413.0,-1.324,-0.411,9.4056,-0.0261,0.0201,9.8066,0.0991,0.0005,0.026,193.69,-89.17,-175.32,52.973824,-1.750168,21.36,6,12.65,22 / 23,0.6976043816595223,-6.055442935110562,3.6665730499991738,135.23417468138894,314.013277983199,94.73474040869975,False,56.500999999999976,4.15056866213376,20.98535430353043,465.2409909800792,982.8395027789429,21.391875000000002,11.187800000000003,3.4529642804742378,27.04079723864099,330.00681629869024,668.8262247957439
1654513.0,-2.5389,0.661,9.6637,0.0053,0.0236,9.8066,0.0536,-0.0445,-0.0491,178.03,-89.1,174.78,52.973824,-1.750168,21.36,6,12.65,23 / 23,0.9072201953482114,-6.113094819168233,3.6393730499991985,135.31441591023926,313.4048510954856,95.10003771369934,False,56.600999999999885,4.142357194053857,20.979164264313578,465.65621956342335,984.9299674002328,21.384211111110044,11.16944000000195,3.2351369987056455,27.09225908348181,330.3418036531841,671.5251163047473
1654612.0,-0.4101,-1.1604,9.9346,-0.0219,0.0158,9.8065,0.095,-0.0288,0.0553,171.04,-89.05,164.35,52.973824,-1.750168,21.36,6,12.65,23 / 23,1.0637259755729158,-6.111693134249918,3.6386305499991973,135.41197774570003,312.7997240917904,95.46029889189984,False,56.700000000000045,4.179226066892624,20.892210035341456,466.0672958609223,986.9995273753151,21.306111111111225,11.312000000003842,3.115500091319708,27.003903169591375,330.65531811522226,674.1998032835247
1654712.0,-0.6543,-0.3058,10.587,0.0408,0.0303,9.8064,0.1247,-0.1553,0.1251,164.96,-89.05,161.21,52.973824,-1.750168,21.36,6,12.65,23 / 23,1.1247831812970142,-6.056023513118279,3.6840455499991562,135.52140320354343,312.19133825942254,95.82643269689942,False,56.799999999999955,4.2273896514201645,20.886485504629025,466.48922167949746,989.0899919958981,21.3100000000003,11.441999999991921,3.1026064701231504,26.942509017747305,330.967818475954,676.8986537364756
1654812.0,0.171,-0.217,9.3781,0.0218,0.0059,9.8066,-0.0557,-0.0909,0.1019,189.57,-88.89,-176.34,52.973824,-1.750168,21.36,6,12.65,23 / 23,1.162806456623783,-6.0512726806469,3.7016355499991405,135.63578268543935,311.5859734497348,96.195716751899,False,56.899999999999864,4.160554050288944,20.906982337059596,466.90445026284067,991.1915761081983,21.316944444443703,11.25499999997374,2.997747593665161,26.958255017706495,331.2686675774013,679.6056026584636
1654912.0,-0.9947,-1.0526,10.2626,0.0551,-0.0173,9.8064,-0.0569,-0.1668,0.1647,219.03,-88.85,-145.64,52.973824,-1.750168,21.36,6,12.65,23 / 23,1.229187541043251,-6.064249956971246,3.7030055499991423,135.75538238532286,310.9801973178531,96.56594880689941,False,57.0,3.9893940170235824,20.927025999101257,467.2995871405303,993.2820407300483,21.30388888888889,10.793,2.7602064759803318,26.991275956072503,331.5442047552075,682.3018434121952
1655011.0,-1.3612,-0.7136,8.9405,0.0438,-0.0028,9.8065,-0.0678,0.04,0.1118,230.27,-88.74,-133.83,52.973824,-1.750168,21.36,6,12.65,23 / 23,1.3593760230392644,-6.117565968086573,3.6827006499991564,135.88351628174485,310.3771974295631,96.93154126379908,False,57.09899999999993,3.935312432869595,20.93222597525357,467.68414238657886,995.3626090026271,21.29893888888882,10.647469999997982,2.5759364098303306,27.049791943340143,331.800626104834,684.985411573064
1655111.0,-0.8086,-1.64,9.5198,-0.0065,0.0105,9.8066,-0.0068,0.0452,-0.0266,230.61,-88.81,-133.6,52.973824,-1.750168,21.36,6,12.65,23 / 23,1.5047007507774344,-6.159046971920837,3.6250506499990776,136.02672012043587,309.76336678256195,97.29692882879948,False,57.19900000000007,3.9230660669641297,20.98986968516766,468.0725820290792,997.4641931156472,21.353338888890516,10.58659999999822,2.418365316186695,27.148916657088495,332.0458619086433,687.7008263330852
1655212.0,-2.3177,-0.4173,10.0148,0.0125,0.0287,9.8066,0.1042,0.0779,-0.0742,230.12,-88.7,-133.92,52.973824,-1.750168,21.36,6,12.65,23 / 23,1.6710885497667411,-6.247435763096017,3.621076299999082,136.18709748011318,309.1368394044443,97.66285823977397,False,57.299999999999955,3.962799040986427,21.038934079882864,468.4783005384262,999.5867930712002,21.408888888891443,10.667000000000604,2.291710491219686,27.286369842978882,332.29120305831304,690.4499536667558
1655312.0,-0.0047,-0.9838,8.773,-0.0117,-0.0011,9.8066,0.0274,0.1377,-0.0577,234.92,-88.79,-132.22,52.973824,-1.750168,21.36,6,12.65,23 / 23,1.785981147988681,-6.327061745925485,3.5798012999991196,136.3599509650008,308.50811452899376,98.02290211977355,False,57.399999999999864,3.978905698892626,21.096106720808024,468.87343741615587,1001.6994966773412,21.46805555555516,10.680999999978228,2.1929245509039452,27.423168466733507,332.5134864511551,693.1913821483474
1655411.0,-2.1031,-0.8786,9.8227,0.0115,-0.0255,9.8066,-0.0492,0.1933,-0.1496,232.58,-88.9,-131.73,52.973824,-1.750168,21.36,6,12.65,23 / 23,1.907421627894465,-6.387026039095376,3.529430099999038,136.5427744024073,307.8787671836342,98.37480907407402,False,57.499000000000024,3.8379806269300047,21.11520712029568,469.2447321364206,1003.7910732472742,21.46118055555555,10.301829999999686,1.9305589990355398,27.502233159391054,332.7019577340133,695.91230606364
1655512.0,1.2858,-1.3553,10.3052,-0.0465,0.0099,9.8065,0.0075,0.3083,-0.1907,219.84,-89.09,-145.15,52.973824,-1.750168,21.36,6,12.65,22 / 22,1.9889473133274786,-6.384115779344798,3.5554173999990084,136.7395410339388,307.2338245218037,98.73259387282351,False,57.59999999999991,3.6459021024853526,21.14492522453289,469.61013328976867,1005.9360233826078,21.456944444444897,9.78299999999416,1.656954789157874,27.529041003877687,332.8705922558299,698.7021988608042
1655612.0,-0.6724,-1.3464,10.067,-0.0053,0.0017,9.8066,0.0445,0.2718,-0.2088,214.98,-89.07,-150.13,52.973824,-1.750168,21.36,6,12.65,22 / 22,2.042253343777742,-6.290174320010475,3.59336239999906,136.94110106679432,306.60011001683506,99.0900328628239,False,57.700000000000045,3.4932222790467797,21.2041858629202,469.9583895209621,1008.0598464818871,21.490000000002183,9.354999999992966,1.4509689352690378,27.494360182930674,333.0172884541678,701.4597364650521
1655712.0,1.6652,0.6848,9.0437,-0.0472,-0.0056,9.8065,-0.0321,0.3095,-0.1976,179.0,-89.12,175.79,52.973824,-1.750168,21.36,6,12.65,22 / 22,2.0312819057368405,-6.323634153978905,3.568232399999083,137.14477782926986,305.96941959313614,99.44811260282349,False,57.799999999999955,3.41682044541475,21.291468762302923,470.2999485169901,1010.1947890728791,21.563888888888417,9.11699999999784,1.3855385396779094,27.615102916281828,333.1551706877203,704.225369479743
1655812.0,-1.7765,-0.1814,10.16,-0.0248,-0.027,9.8065,0.065,0.1764,-0.1934,163.68,-89.31,163.23,52.973824,-1.750168,21.36,6,12.65,22 / 22,2.05171256612041,-6.354774552298032,3.5477523999991014,137.34892755286253,305.3354991578229,99.80391184282307,False,57.899999999999864,3.396531617360689,21.283744425106015,470.6348102777208,1012.3186121721538,21.55305555555783,9.066999999993861,1.3448190512402793,27.638518977404047,333.2858827248583,706.9831130143309
1655912.0,-0.3067,-1.4233,8.9396,-0.0326,-0.0026,9.8066,0.0498,0.128,-0.2282,150.79,-89.06,149.69,52.973824,-1.750168,21.36,6,12.65,22 / 22,2.1400004075060686,-6.274843899507545,3.5220673999990666,137.55851320154414,304.70401823523173,100.15740283282346,False,58.0,3.3626358000133374,21.3296209225991,470.96967203848106,1014.453554762996,21.593055555555555,8.959,1.2226353925072688,27.604464822106646,333.4111588369369,709.7495365277642
1656012.0,-1.8433,0.0194,10.1303,-0.0034,-0.0222,9.8066,-0.0107,-0.1086,0.1638,134.56,-88.72,132.44,52.973824,-1.750168,21.36,6,12.65,22 / 22,2.215832229135302,-6.156009943663441,3.4948973999990915,137.776304833376,304.08247554307377,100.50825107282306,False,58.09999999999991,3.3083197599428105,21.464597771216823,471.2978365640072,1016.6107363402542,21.718055555554557,8.761999999999263,1.0924875308075084,27.620607714880265,333.5215317306312,712.5282607971805
1656112.0,-2.6712,0.9339,10.2946,0.0149,-0.0261,9.8065,-0.0434,-0.0951,0.2962,130.31,-88.82,128.2,52.973824,-1.750168,21.36,6,12.65,22 / 22,2.4376340902302784,-6.029321912916306,3.535477399999147,138.00897814934459,303.47320895024393,100.85976981282344,False,58.200000000000045,3.27702786054245,21.395492829128607,471.62600108954723,1018.7567984243846,21.64500000000151,8.707999999993469,0.8393937703121717,27.424814742044912,333.6170229402027,715.2835894741406
1656212.0,1.333,-0.2499,9.5848,-0.0425,0.0096,9.8065,-0.1255,-0.1319,0.1377,139.11,-88.71,133.96,52.973824,-1.750168,21.36,6,12.65,22 / 22,2.53501353050591,-6.003139612862014,3.548782399999135,138.25761053038116,302.87158587395555,101.21398280282304,False,58.299999999999955,3.2020207046850464,21.45852512995062,471.9474683799082,1020.9028605092183,21.69611111111746,8.486999999988466,0.6670071741791364,27.461664742812633,333.689857849527,718.0312746352627
1656312.0,-1.5986,-0.3295,9.7853,0.0154,-0.0136,9.8066,-0.0978,-0.1519,0.2072,144.48,-88.9,143.0,52.973824,-1.750168,21.36,6,12.65,22 / 22,2.564277095241894,-5.99287649151788,3.5366223999991457,138.51257506166831,302.27178506873713,101.56825304282263,False,58.399999999999864,3.1229982447451663,21.61864838435022,472.25554119978017,1023.0711615789018,21.843055555550155,8.219999999982322,0.5587211495032722,27.6115248758681,333.74296613811185,720.7993765101646
1656412.0,2.2246,0.845,10.1292,-0.0408,0.0172,9.8065,0.0129,-0.2582,0.3198,155.13,-89.07,154.22,52.973824,-1.750168,21.36,6,12.65,22 / 22,2.5664011111425133,-6.0378334933886135,3.5516823999991662,138.7691089719879,301.670249569491,101.92266828282303,False,58.5,2.9925353413616445,21.541185034213704,472.55021954923643,1025.2283431553008,21.748055555555556,7.909,0.4261342302191311,27.57901852760232,333.78111057724857,723.5580935858097
1656511.0,-2.2899,0.3025,9.9347,-0.0142,0.0099,9.8066,-0.0222,-0.2493,0.1991,175.73,-88.92,175.55,52.973824,-1.750168,21.36,6,12.65,22 / 24,2.6211094863257887,-6.1549877179916015,3.573987099999151,139.0258907465624,301.0667049195281,102.2753889230727,False,58.59899999999993,2.879348901559832,21.54245358954642,472.8353208523664,1027.3639529167872,21.73403055555536,7.612989999995894,0.25823941523404326,27.69744130753802,333.80943010580404,726.2972479972591
1656612.0,0.469,0.6802,10.8664,-0.0258,-0.033,9.8065,0.0406,-0.1385,0.0765,181.5,-88.82,178.39,52.973824,-1.750168,21.36,6,12.65,22 / 24,2.7298164712391917,-6.227353675294747,3.633970999999218,139.29611250741974,300.4413966791664,102.63939080712302,False,58.700000000000045,2.7875295149415544,21.643173023834198,473.11278730731976,1029.553825802248,21.821944444441577,7.338999999995919,0.05771304370236274,27.870526699128945,333.81667479990006,729.1124291230815
1656712.0,-1.9638,-0.0578,9.3606,-0.0142,0.0185,9.8066,0.0424,0.0584,-0.0731,161.97,-88.75,161.1,52.973824,-1.750168,21.36,6,12.65,22 / 24,2.818026630597298,-6.2566914191152545,3.66465599999919,139.5735046625113,299.8171944244465,103.00432215712262,False,58.799999999999955,2.7232406816564216,21.553644359824006,473.3873739511561,1031.7110073787992,21.725000000000048,7.200999999992742,-0.09478594894087644,27.810335778939262,333.8138692886448,731.8938129543527
1656812.0,-2.7095,0.3503,8.9405,-0.0228,-0.0267,9.8065,-0.0715,0.1449,-0.0667,145.2,-88.74,143.53,52.973824,-1.750168,21.36,6,12.65,22 / 24,3.059982700340093,-6.182093143504717,3.5990459999992495,139.86740512905791,299.19525519631605,103.36750725712221,False,58.899999999999864,2.6601665251372126,21.562639404092486,473.6485661245562,1033.8681889560576,21.726111111112008,7.032999999971579,-0.39981617520288015,27.744732547597202,333.78116099549834,734.6729337597415
1656912.0,-1.0587,-0.4425,9.5893,-0.0179,-0.0057,9.8066,0.004,0.3254,-0.1801,148.2,-88.68,146.58,52.973824,-1.750168,21.36,6,12.65,22 / 24,3.2454860908645675,-6.0905832128095145,3.5448709999991754,140.18267856861857,298.5816213784995,103.72470310712262,False,59.0,2.473699540604382,21.600762921899825,473.8896665922872,1036.0253705324567,21.741944444444446,6.533,-0.7717865502601855,27.69134613470934,333.7069880236686,737.4437491539572
1657012.0,-2.6977,1.862,9.9084,-0.0046,-0.0073,9.8066,0.0473,0.3008,-0.2542,152.13,-88.59,150.6,52.973824,-1.750168,21.36,6,12.65,22 / 24,3.471349972196194,-6.083086827082995,3.5390909999991806,140.5185203717713,297.97293787650545,104.07890120712221,False,59.09999999999991,2.451101428356171,21.620391936014673,474.1374642952527,1038.1936716021405,21.758888888888098,6.467999999997285,-1.0202485438400228,27.703478763097667,333.6189439234814,740.220733725635
1657112.0,0.543,0.0024,9.5921,-0.0498,0.0001,9.8064,0.0039,0.2033,-0.0785,144.62,-88.54,145.84,52.973824,-1.750168,21.36,6,12.65,22 / 24,3.6423783532973255,-6.1371369335037125,3.533450999999173,140.87420678804645,297.3619266884753,104.43252830712261,False,59.200000000000045,2.3696856056743356,21.57134241504211,474.371867527796,1040.3508531794037,21.701111111109864,6.268999999986846,-1.27269274762299,27.708479348545822,333.49766073974956,742.9889264909284
1657211.0,0.5945,0.4039,9.6838,0.014,-0.0016,9.8065,-0.074,0.0863,0.0198,141.97,-88.49,139.75,52.973824,-1.750168,21.36,6,12.65,22 / 24,3.6413062240652243,-6.2027671778152875,3.5167496999991843,141.23474917462565,296.75110143496545,104.78151324177229,False,59.29899999999998,2.1995118563056573,21.54733451525869,474.5840359393908,1042.4864629401898,21.65931111110928,5.828449999980735,-1.441794367759567,27.75010169307398,333.3492867647651,745.7353615052243
1657311.0,-0.4885,0.927,9.4461,-0.0108,-0.0162,9.8065,-0.0188,-0.1642,0.0621,134.56,-88.46,135.12,52.973824,-1.750168,21.36,6,12.65,22 / 24,3.71369458825645,-6.265472449822215,3.4925796999992063,141.6024992152414,296.12768945358414,105.13197971177189,False,59.39899999999989,2.0906475895547256,21.55885418979855,474.7917172034277,1044.6436445174413,21.659988888888954,5.538879999983603,-1.6230469987017244,27.824326639620764,333.18921798818633,748.5159550638572
1657412.0,1.1734,0.3091,10.1475,-0.0106,0.0088,9.8065,0.0206,-0.1666,0.1222,133.12,-88.35,133.51,52.973824,-1.750168,21.36,6,12.65,22 / 24,3.769790232691335,-6.345559571450241,3.4915848499992053,141.9804151986997,295.4908323365092,105.4846800215472,False,59.5,1.928810243999645,21.459603795386993,474.9813159323756,1046.8112784164796,21.546111111111113,5.136,-1.84097998869169,27.805163366837235,333.0009007336759,751.3204460799705
1657512.0,-1.4302,0.5516,9.6228,0.033,0.0666,9.8063,0.061,0.0746,-0.1158,133.45,-88.16,136.7,52.973824,-1.750168,21.36,6,12.65,21 / 23,3.8444741977474473,-6.376457117711484,3.499434849999198,142.3611284202213,294.85473150205166,105.8342310065468,False,59.59999999999991,1.7495001752302652,21.49085148062116,475.15544404797157,1048.9573405020194,21.56194444444304,4.653999999992838,-2.094974022517182,27.867308598332645,332.7943156277503,754.1026089999677
1657612.0,2.2911,-0.2273,10.6513,-0.0436,0.0594,9.8063,0.3126,-0.224,-0.2076,125.2,-87.68,127.16,52.973824,-1.750168,21.36,6,12.65,21 / 23,3.8732095764534487,-6.4386081150293135,3.532474849999243,142.74701260893187,294.2139782404137,106.1858264915472,False,59.700000000000045,1.545089039991995,21.40319163592828,475.3027832226839,1051.0922830937247,21.458888888891103,4.128999999991486,-2.3281205364614537,27.841799750957595,332.55577061375203,756.878304853311
1657712.0,-4.5323,1.7199,10.8416,0.0231,0.0111,9.8065,0.0361,-0.0857,0.1477,120.87,-87.9,123.05,52.973824,-1.750168,21.36,6,12.65,21 / 23,4.023568372673989,-6.379459070610045,3.6264548499991576,143.1418515063879,293.57307488113236,106.5437729765468,False,59.799999999999955,1.4425098905828557,21.48551921398551,475.4501223974351,1053.2494646695682,21.5338888888879,3.8409999999942546,-2.581058482091133,27.86497828459555,332.3082708910472,759.6763897884358
1657812.0,1.0981,0.8149,11.7954,-0.0065,-0.007,9.8066,-0.1109,-0.029,0.1254,115.66,-87.67,117.15,52.973824,-1.750168,21.36,6,12.65,21 / 23,4.262411461811372,-6.2974126217153366,3.7776398499990202,143.55615049811178,292.93923129651665,106.91397771154638,False,59.899999999999864,1.3911588967760062,21.46607971098149,475.5840671017239,1055.395526753693,21.511111111104682,3.70799999997857,-2.871252565035366,27.763492332696828,332.02791660361214,762.4562954571763
1657912.0,-3.0533,-0.94,9.4699,0.0461,-0.0253,9.8065,-0.098,0.123,0.1354,121.91,-87.73,123.8,52.973824,-1.750168,21.36,6,12.65,21 / 23,4.3519384632511775,-6.211640582601312,3.8602398499991333,143.9868679943655,292.31377863629996,107.29587169654681,False,60.0,1.2433163306841346,21.36190408321543,475.7046173356094,1057.530469344535,21.398055555555555,3.3310000000000004,-3.108622132567043,27.57354466581674,331.7177493412439,765.2166907082351
1658013.0,-0.7274,-0.4828,9.7662,0.0058,0.0069,9.8066,-0.065,0.1713,0.0473,125.57,-87.89,127.93,52.973824,-1.750168,21.36,6,12.65,21 / 23,4.430582381049327,-6.01626326618774,3.841191249999155,144.43038529700218,291.6962694919368,107.68479396709628,False,60.100999999999885,1.2670444628115214,21.33013871437429,475.8329363623285,1059.6866501686345,21.36774444444402,3.3994599999938475,-3.163537918237805,27.346401980562028,331.4025510653263,767.9903806766977
1658112.0,-2.2576,-1.0138,8.9944,-0.017,-0.0333,9.8065,-0.0719,0.2432,-0.1564,123.66,-87.96,125.98,52.973824,-1.750168,21.36,6,12.65,21 / 23,4.487386885913012,-5.857357128998607,3.798982599999087,144.87182477571753,291.1085252823741,108.06298257267181,False,60.200000000000045,1.0980944893729736,21.308669285473187,475.9390205681261,1061.7892350362215,21.336944444443294,2.9499999999984334,-3.3892923965400383,27.166026414471794,331.0671957924086,770.6807097538474
1658212.0,-0.1734,1.0732,8.4674,-0.0545,-0.0093,9.8065,-0.1126,0.3588,-0.2106,126.51,-87.89,125.76,52.973824,-1.750168,21.36,6,12.65,21 / 23,4.591482574687298,-5.765718752435531,3.691407599999185,145.32576824874712,290.52737148830295,108.43750208267139,False,60.299999999999955,1.0764175115382597,21.27083674396428,476.04617633158415,1063.9241776272133,21.29805555555547,2.8969999999919214,-3.515065063149038,27.036555496399814,330.720408082837,773.3968061389104
1658312.0,0.6188,-0.8173,10.263,-0.0156,-0.012,9.8066,0.0499,0.1938,-0.1072,124.26,-88.02,126.82,52.973824,-1.750168,21.36,6,12.65,21 / 23,4.623987237469324,-5.798883517537192,3.647262599999225,145.78654173935453,289.9491413748048,108.80443559267097,False,60.399999999999864,1.006896939431747,21.272294352279708,476.14663485981055,1066.0480007264875,21.296111111108267,2.7099999999815827,-3.617090298037577,27.0711778698169,330.360093120456,776.0988593516827
1658412.0,-1.4328,-0.5254,10.9151,0.012,0.0002,9.8066,-0.0723,0.0518,0.0518,128.8,-88.0,128.4,52.973824,-1.750168,21.36,6,12.65,21 / 23,4.632480187342201,-5.73550113474199,3.7255025999993316,146.24936511059573,289.3724221421901,109.1730738526714,False,60.5,0.8845079149267028,21.227691421681048,476.2336989176093,1068.171823825612,21.246111111111112,2.386,-3.747972272415498,26.96319255642304,329.9843338070135,778.7994016834218
1658512.0,2.0118,-0.5331,9.8442,0.0087,-0.004,9.8066,-0.0372,0.0467,0.0885,132.54,-87.99,135.31,52.975544,-1.749885,21.51,6,354.42,24 / 24,4.603975200815072,-5.728177568199027,3.78280259999928,146.71118788000317,288.7992382070436,109.54848911267098,False,60.59999999999991,0.8588768708986376,21.099470922050116,476.32076297540056,1070.284527431753,21.116944444445632,2.330999999995389,-3.7450983299164347,26.827648490249143,329.6095750953974,781.4852892247095
1658612.0,-2.8012,-2.0813,9.4991,0.051,-0.0027,9.8065,0.0317,0.0177,-0.0087,139.42,-88.12,142.86,52.975544,-1.749885,21.51,6,354.42,24 / 24,4.588720374381694,-5.626159561200934,3.7693025999992615,147.17082265876363,288.2315213505728,109.92609437267141,False,60.700000000000045,0.7374160792017691,21.191062303207815,476.38773532755215,1072.3972310378992,21.203888888887832,1.9929999999953003,-3.851304295179925,26.81722186440875,329.2169126687885,784.1657096873264
1658713.0,-0.918,-0.5271,10.1261,-0.0296,-0.0149,9.8065,0.0165,-0.225,0.0815,131.64,-87.8,134.19,52.975544,-1.749885,21.51,6,354.42,24 / 24,4.67282585900017,-5.413860634543491,3.769903549999261,147.63853074354887,287.67400033068833,110.3068242832459,False,60.80099999999993,0.6759929151290722,21.156053610446417,476.45524345852033,1074.5309504851764,21.16685555555038,1.8301099999832302,-3.996832943871098,26.56991424498991,328.81671271497146,786.856950154488
1658812.0,-1.4417,-0.0943,10.584,-0.0144,0.0115,9.8066,-0.1229,-0.1564,0.2282,131.98,-87.83,134.61,52.975544,-1.749885,21.51,6,354.42,24 / 24,4.761999884171434,-5.315865752375361,3.824195149999224,148.10555461783554,287.1428788745362,110.68273216889557,False,60.899999999999864,0.5307758522533736,21.04136211523997,476.5082855614302,1076.611518757756,21.048055555561284,1.4449999999638476,-4.23122403191806,26.35722786761533,328.4027309435947,789.4686398832197
1658912.0,1.8762,-1.8288,8.1035,-0.037,0.0081,9.8065,-0.1296,-0.1777,0.1636,131.17,-87.93,133.9,52.975544,-1.749885,21.51,6,354.42,24 / 24,4.710723695313265,-5.2789750256897054,3.777905149999161,148.57919079681042,286.61313683563225,111.06283718389601,False,61.0,0.2986063328598103,21.14678073590739,476.52837726706895,1078.7242223637484,21.14888888888889,0.809,-4.412117362453455,26.425755761597095,327.9491864702585,792.1110855281161
1659012.0,1.2676,0.447,10.0968,-0.0093,-0.0279,9.8065,-0.0618,-0.1672,0.0726,124.66,-87.79,126.8,52.975544,-1.749885,21.51,6,354.42,24 / 24,4.597551650210062,-5.361428291757645,3.7072551499992255,149.04460456408617,286.0811166697604,111.43709519889559,False,61.09999999999991,0.20750093806819464,21.078978707724772,476.5484689727089,1080.8369259698895,21.08000000000033,0.563999999994352,-4.390050712141868,26.440406999482416,327.50386440862275,794.7558093001292
1659112.0,1.0778,0.595,10.3061,-0.0091,0.0006,9.8066,0.0679,-0.0471,0.1612,130.33,-87.89,129.81,52.975544,-1.749885,21.51,6,354.42,24 / 24,4.602834381502295,-5.493540910320673,3.7467351499992794,149.50462386567241,285.53836820965574,111.80979471389603,False,61.200000000000045,0.05524978879475686,21.10381656704191,476.55516620789933,1082.9496295760352,21.103888888887646,0.15000001062630872,-4.547584592707539,26.597357477362586,327.0505423422269,797.4112613663794
1659212.0,0.6943,-0.9658,10.0869,0.0121,0.0026,9.8066,0.0138,-0.0988,0.0826,134.21,-88.08,137.21,52.975544,-1.749885,21.51,6,354.42,24 / 24,4.566281000528148,-5.554929082261685,3.785720149999244,149.96307963477352,284.9859447100271,112.1864174788956,False,61.299999999999955,-0.12865929692684494,21.061551475763007,476.5350745022731,1085.0512136904586,21.06194444444531,359.6500000000059,-4.694940297454993,26.61648055802469,326.5719948674996,800.0652689804315
1659312.0,-1.5999,-1.165,8.9333,0.0055,-0.0268,9.8066,-0.0467,0.0868,0.021,140.31,-88.44,144.29,52.975544,-1.749885,21.51,6,354.42,24 / 24,4.565267086048429,-5.463019619405974,3.756065149999271,150.41965703910193,284.4350472749442,112.56350674389519,False,61.399999999999864,-0.07837302960453776,21.081798766401008,476.5283772670678,1087.1639172965997,21.081944444448137,359.78699999997764,-4.643640115652967,26.54481838580698,326.1087202279659,802.7288700216554
1659412.0,1.9642,-1.9235,9.2463,0.015,-0.0087,9.8066,0.0143,0.1253,0.0516,149.16,-88.62,153.87,52.975544,-1.749885,21.51,6,354.42,24 / 24,4.487449010787821,-5.351885713505913,3.6843801499991735,150.87229284394436,283.89430200829787,112.93552900889561,False,61.5,-0.22366061714335372,21.14576163832267,476.5082855614291,1089.2766209018846,21.14694444444444,359.394,-4.711109627931175,26.497647351828583,325.6359927174847,805.3823188935867
1659512.0,-0.5698,-0.3981,9.7883,0.0226,-0.0032,9.8065,0.0161,0.09,-0.2253,148.66,-88.51,149.97,52.975544,-1.749885,21.51,6,354.42,23 / 25,4.398022762924555,-5.307146486856822,3.6554451499992,151.31656643262957,283.3613503982802,113.3025202738952,False,61.59999999999991,-0.2843793508776011,21.131975486278648,476.47479938534,1091.3893245087334,21.13388888888856,359.22899999999703,-4.682402113802156,26.43912197313547,325.1582329527105,808.0279741104532
1659612.0,1.366,-1.164,9.5793,-0.0427,0.0157,9.8065,0.0066,0.1039,-0.1079,143.85,-88.48,148.12,52.975544,-1.749885,21.51,6,354.42,23 / 25,4.3535753124490135,-5.286495733823812,3.6431601499991833,151.75414633639883,282.83166828724546,113.66745053889561,False,61.700000000000045,-0.36510484935420967,21.106842455685513,476.4346159740593,1093.5020281148795,21.110000000003584,359.0089999999862,-4.718680161803223,26.393338189509326,324.68046963766045,810.670359827634
1659712.0,-1.4714,-0.1874,10.0642,0.0098,0.018,9.8066,-0.0164,0.1243,-0.1219,148.55,-88.41,149.8,52.975544,-1.749885,21.51,6,354.42,23 / 25,4.353039369730313,-5.251255772010293,3.644670149999182,152.1894770705074,282.30478071195427,114.03184205389519,False,61.799999999999955,-0.5405780987265645,21.224228003190447,476.3810380923429,1095.625851213446,21.231111111108557,358.5409999999856,-4.893617468456878,26.47548377520074,324.1915610218355,813.3210705014917
1659811.0,1.2723,-0.7297,10.1441,-0.0088,-0.0003,9.8066,0.0087,-0.0287,-0.1036,139.29,-88.24,142.99,52.975544,-1.749885,21.51,6,354.42,23 / 25,4.370401055457316,-5.235425257829734,3.674122649999162,152.62128737155388,281.7856900009775,114.39412229749486,False,61.89899999999989,-0.6608571968788107,21.1622163967675,476.31473546371296,1097.7174277842264,21.17253611110774,358.21132999998105,-5.031258252336127,26.397641654597237,323.6934480921591,815.9317377832489
1659912.0,-0.1226,0.6235,10.4365,0.0079,0.0053,9.8065,0.051,0.0639,-0.0915,140.27,-88.14,140.61,52.975544,-1.749885,21.51,6,354.42,23 / 25,4.355778965737727,-5.284068537113131,3.722971299999217,153.0619594626247,281.2544555643323,114.76767554197019,False,62.0,-0.6935820138255104,21.277587600890154,476.24709338800477,1099.8623779194195,21.288888888888888,358.13300000000004,-5.049360979563238,26.561656138003286,323.18513392538006,818.6079223550871
1660011.0,1.5601,1.6601,10.09,-0.0033,0.0126,9.8066,0.082,0.0866,-0.0415,140.11,-88.15,140.54,52.975544,-1.749885,21.51,6,354.42,23 / 25,4.406090743841361,-5.430861411882161,3.7681746999991863,153.4956720132486,280.72406653185743,115.13848726896985,False,62.09899999999993,-0.854570156709842,21.326217879481412,476.1542697079518,1101.9759710845026,21.343338888889647,357.7053199999941,-5.260660900551203,26.757079291363574,322.6585976947032,821.2519045526451
1660111.0,0.8232,-1.6995,8.8793,0.0168,-0.0111,9.8066,-0.0773,-0.0329,-0.0415,133.75,-88.51,137.6,52.975544,-1.749885,21.51,6,354.42,23 / 25,4.343144746891508,-5.528142697019425,3.7359746999991423,153.93313378778583,280.1761163264116,115.51369473897029,False,62.19900000000007,-0.8935132220328399,21.28361637434953,476.067138677795,1104.0999053786986,21.302363888887644,357.5960599999969,-5.236657968924348,26.811759071368957,322.1340048900092,823.923789052287
1660212.0,1.0822,0.019,10.2309,-0.0079,-0.0135,9.8066,-0.0655,0.1339,-0.0205,132.45,-88.48,133.0,52.975544,-1.749885,21.51,6,354.42,23 / 25,4.25090130254941,-5.550244517772584,3.710568149999171,154.3671331132821,279.61665777206525,115.88974515289478,False,62.299999999999955,-0.7198216516831465,21.439030404640597,476.0059929202694,1106.2894446793757,21.45111111111352,358.0769999999751,-4.970722954232556,26.98927492241318,321.6388598069873,826.6727869073104
1660312.0,-0.8855,0.0755,11.0151,0.0158,-0.0169,9.8066,0.0772,-0.0101,-0.1107,123.03,-88.22,125.92,52.975544,-1.749885,21.51,6,354.42,23 / 25,4.2774146916864195,-5.562818345596117,3.792203149999097,154.79354891299351,279.0610046288973,116.26488371789435,False,62.399999999999864,-0.9377447309092227,21.486490968886827,475.9122316272585,1108.4466262559263,21.506944444444112,357.5009999999693,-5.215159422595642,27.049309314482944,321.118682714265,829.385621627029
1660412.0,-1.3981,-0.3145,9.7938,-0.0332,0.0175,9.8065,0.053,0.0704,-0.0401,120.33,-87.8,122.17,52.975544,-1.749885,21.51,6,354.42,23 / 25,4.362137433373441,-5.462819176089072,3.8519831499991786,155.2255265192471,278.5097227528123,116.64709303289479,False,62.5,-1.1398962333324347,21.470873656877128,475.79168139341306,1110.5926883399004,21.50111111111111,356.961,-5.502033666705875,26.9336928329662,320.56615487416593,832.0829655870881
1660512.0,-1.517,1.0325,8.2419,0.0232,0.0099,9.8066,-0.1083,0.0664,-0.0019,123.41,-87.89,125.69,52.975544,-1.749885,21.51,6,354.42,23 / 24,4.504406754817284,-5.363110079683664,3.7731031499992502,155.66885372865622,277.9684262900242,117.02834734789437,False,62.59999999999991,-1.2241461298976142,21.531340290595747,475.6711311595187,1112.7498699171585,21.566111111110782,356.7459999999906,-5.728552884714897,26.89445037027941,320.0022774308625,834.7814436271344
1660611.0,2.9692,-0.1527,8.5682,0.0042,-0.0369,9.8065,-0.1066,0.1663,0.0348,120.52,-88.04,122.82,52.975544,-1.749885,21.51,6,354.42,23 / 24,4.5425873315754455,-5.454825673541056,3.634344749999026,156.11667993593338,277.4329384702387,117.39501601894487,False,62.69900000000007,-1.4776251484082912,21.491434271737997,475.51863511367475,1114.8634630829467,21.542186111110393,356.06685999997967,-6.020212479983737,26.946259945279053,319.40195517774134,837.430524612708
1660712.0,-1.5728,0.0462,10.4893,0.04,-0.0322,9.8065,-0.0029,0.1484,-0.1517,118.13,-87.96,120.2,52.975544,-1.749885,21.51,6,354.42,23 / 24,4.535465592746758,-5.513024906077137,3.606276849999058,156.57512160861114,276.8790620159686,117.76066740974436,False,62.799999999999955,-1.634046261847688,21.52111009981218,475.3496638692096,1117.0419940861213,21.583055555553212,355.657999999992,-6.169511854594446,27.03413500588932,318.7745422605985,840.1629320701527
1660812.0,-0.7159,-0.3656,8.8321,-0.0584,0.0317,9.8064,0.1841,0.1193,-0.0997,116.37,-88.0,118.56,52.975544,-1.749885,21.51,6,354.42,23 / 24,4.609954247137788,-5.405146797763319,3.5916818499990715,157.03239260060496,276.3331534307771,118.12056534474394,False,62.899999999999864,-1.6992509417874266,21.461724139197052,475.18223298881645,1119.1769366771146,21.52888888888974,355.4729999999791,-6.3092051889252145,26.86687093696037,318.1498403882115,842.8437832463375
1660912.0,-1.5112,-0.462,9.304,0.0272,0.0346,9.8065,0.0872,-0.0821,0.0013,121.97,-88.22,124.82,52.975544,-1.749885,21.51,6,354.42,23 / 24,4.6656620094305765,-5.290399306181607,3.517821849998971,157.496173413434,275.7983761255791,118.47604052974432,False,63.0,-1.838339506382289,21.465312863223406,474.9947104027844,1121.3229987610887,21.54388888888889,355.105,-6.504001515812865,26.755712169405015,317.4985369893504,845.5246226355096
1661012.0,-0.5943,-0.0775,8.717,0.0084,-0.0188,9.8066,-0.0839,-0.0717,0.0749,120.62,-88.27,123.28,52.975544,-1.749885,21.51,6,354.42,23 / 24,4.733598963016515,-5.1896249644883685,3.4382068499990432,157.96613646205594,275.2743749120461,118.8238419647439,False,63.09999999999991,-1.8740846623195155,21.468355937948818,474.8071878167654,1123.4690608459214,21.550000000000082,355.0109999999969,-6.607683625336031,26.65798090243719,316.84105135470946,848.1946859338752
1661111.0,0.7344,-0.4028,8.8771,-0.009,0.0017,9.8066,-0.1149,0.0277,-0.0012,117.65,-88.49,120.88,52.975544,-1.749885,21.51,6,354.42,23 / 24,4.746199167224226,-5.187038102776778,3.3382564499988816,158.4353864695036,274.76073009021565,119.15927689809435,False,63.19900000000007,-1.9599375185974794,21.466761805593993,474.6082799308619,1125.593662309211,21.55605000000018,354.7832999999932,-6.706136685821706,26.65379990837077,316.1728934613583,850.8329322189952
1661212.0,0.134,-1.7632,9.9257,-0.0235,-0.0012,9.8066,-0.0309,-0.0603,-0.0425,107.84,-88.23,110.28,52.975544,-1.749885,21.51,6,354.42,23 / 24,4.660154301843676,-5.187354097236477,3.297326199998928,158.910407319691,274.2368232841156,119.49437382191886,False,63.299999999999955,-2.0903000894402806,21.380004271518064,474.3986564686243,1127.7500655224583,21.481944444440902,354.41599999998846,-6.750454391283956,26.56735836875454,315.48824914893333,853.5132422383426
1661312.0,0.8707,-0.4596,10.5387,-0.0631,0.0115,9.8064,-0.0141,0.0398,0.0185,106.87,-87.75,108.21,52.975544,-1.749885,21.51,6,354.42,23 / 24,4.574977694249248,-5.196119232956132,3.3398811999988895,159.37216391949522,273.7176496176064,119.82623419191845,False,63.399999999999864,-2.1815549090069717,21.28851376162913,474.1776477065299,1129.8738886203182,21.40000000000199,354.1489999999934,-6.75653260325622,26.48463299458526,314.8054837870347,856.1562390027118
1661411.0,0.1956,0.6255,10.6565,-0.0056,0.0364,9.8065,-0.043,0.211,-0.0668,101.87,-87.68,106.11,52.975544,-1.749885,21.51,6,354.42,23 / 24,4.603707327284298,-5.239253238320826,3.4181852499990164,159.82650882806186,273.20109868027737,120.16075848119388,False,63.499000000000024,-2.2278218534796195,21.318560265588243,473.9588490320717,1131.9874817859527,21.434650000000026,354.03415999999993,-6.831529180763917,26.557813503909067,314.1323402040099,858.7863831056753
1661511.0,1.5113,0.7432,10.114,0.0426,0.0078,9.8065,0.0227,0.1934,-0.1096,108.53,-87.71,112.89,52.975544,-1.749885,21.51,6,354.42,23 / 23,4.678649005378923,-5.3318008758564,3.476045249998964,160.2906266446946,272.672545974569,120.50547000619346,False,63.59899999999993,-2.167347189642767,21.316299298914654,473.7444705328167,1134.122424377651,21.426199999999877,354.19437000000227,-6.845996195021691,26.648100174771052,313.4538438881221,861.449878403082
1661612.0,-0.8998,-2.7343,9.0082,0.036,0.0052,9.8066,-0.1056,0.2414,-0.1218,111.34,-87.92,116.36,52.975544,-1.749885,21.51,6,354.42,23 / 23,4.613885597509156,-5.319484296237626,3.451244699998936,160.759899642141,272.13465607337764,120.85529814866875,False,63.700000000000045,-2.2278992978276193,21.300750551450424,473.52131865543896,1136.2675969028462,21.41694444444344,354.0289999999907,-6.841784895336775,26.62023484768805,312.761419013298,864.1329408294686
1661712.0,-0.8908,0.6663,8.4388,0.0322,0.0089,9.8066,-0.1376,0.262,-0.1596,113.43,-87.93,115.47,52.975544,-1.749885,21.51,6,354.42,23 / 23,4.586965992659022,-5.197738474469477,3.3429296999990346,161.21994222164898,271.60879493484276,121.19500686866834,False,63.799999999999955,-2.3412614874819093,21.254495043145976,473.28691542290915,1138.3914200014133,21.383055555553394,353.7140000000042,-6.928227480140931,26.452233517615454,312.06697320126017,866.7826250665705
1661812.0,2.6311,0.5421,8.9207,0.037,-0.0389,9.8065,0.0536,0.1828,-0.1363,112.67,-87.92,114.56,52.975544,-1.749885,21.51,6,354.42,23 / 23,4.645353887340215,-5.299901819674698,3.230239699999137,161.68155821564852,271.083912920136,121.52366533866795,False,63.899999999999864,-2.2995143534469324,21.20875981934496,473.0592094255824,1140.5152430999792,21.333055555554417,353.8119999999753,-6.944868240787147,26.508661639019657,311.3776512099339,869.4313301798431
1661911.0,0.2378,0.0034,8.945,0.045,0.0221,9.8065,0.0524,0.019,-0.1064,105.92,-88.22,111.46,52.975544,-1.749885,21.51,6,354.42,23 / 23,4.652025740606937,-5.437444173705918,3.143733499998997,162.14177850723266,270.5524142934628,121.83917701206838,False,63.999000000000024,-2.456208316804182,21.17124570769421,472.8138896996768,1142.6068196706124,21.313255555555543,353.38233999999966,-7.108234057411119,26.60868988140013,310.67211119244416,872.0544053771496
1662011.0,0.9656,-0.8797,10.0489,-0.0057,0.0086,9.8066,-0.0421,-0.0071,0.082,106.73,-88.28,109.12,52.975544,-1.749885,21.51,6,354.42,23 / 23,4.628222606956783,-5.476266971031425,3.112763499999025,162.60579092461043,270.0067287362264,122.15200186206799,False,64.09899999999993,-2.5044818646756837,21.095608310089066,472.5594617338458,1144.7085149778572,21.243755555554593,353.2294999999979,-7.132704471632467,26.57187528112049,309.9536708092354,874.7017862416308
1662112.0,-1.3139,-0.4413,9.8728,0.0276,-0.0019,9.8066,-0.0367,-0.0245,0.0903,104.23,-88.51,107.23,52.975544,-1.749885,21.51,6,354.42,23 / 23,4.601914464639561,-5.433564497118884,3.1283376999990424,163.07191284672658,269.4557822470842,122.46717747266824,False,64.20000000000005,-2.5710243985198256,21.11907807036673,472.3024218462664,1146.842234426541,21.275000000000684,353.058999999998,-7.172938863159387,26.552642567485613,309.2305089995398,877.3864521794567
1662212.0,0.9462,0.8724,10.2286,0.0131,-0.0143,9.8066,-0.0121,-0.0927,0.0656,100.09,-88.7,103.29,52.975544,-1.749885,21.51,6,354.42,23 / 23,4.666080368770855,-5.409906041840174,3.1527426999990205,163.53531258839666,268.9136087201367,122.78123149266786,False,64.29999999999995,-2.5996384533428976,21.138804373930274,472.04122967286565,1148.9660575251066,21.298055555552317,352.989000000006,-7.265718822113753,26.548710415770447,308.505917084469,880.0524488049699
1662312.0,1.6707,-0.5507,10.4272,-0.0013,0.0019,9.8066,-0.0164,0.069,0.038,110.23,-88.9,111.01,52.975544,-1.749885,21.51,6,354.42,23 / 23,4.681060443190466,-5.526064605476045,3.204867699998973,164.0026696289943,268.3668101877714,123.09911201266746,False,64.39999999999986,-2.5397418275727817,21.07054338557653,471.79343196991294,1151.067641638823,21.223055555555273,353.1270000000011,-7.220802270763247,26.596607991052576,307.7907623409186,882.7008314510516
1662413.0,0.2855,0.341,10.1435,0.0103,0.0061,9.8066,-0.0058,0.1375,-0.1112,119.81,-88.92,123.93,52.975544,-1.749885,21.51,6,354.42,23 / 23,4.669650912349862,-5.615857089912807,3.253216399999027,164.47488055244963,267.80414314215363,123.42524525971773,False,64.50099999999998,-2.5313599859813385,21.06667503506564,471.5364590547177,1153.201361085952,21.218213888888886,353.14822,-7.201010898331201,26.682532124978447,307.06157850226805,885.3972179437983
1662512.0,2.7465,0.1133,9.1931,0.0007,0.0023,9.8066,-0.0072,0.2218,-0.176,122.06,-88.82,122.85,52.975544,-1.749885,21.51,6,354.42,22 / 22,4.645242975966507,-5.757553359602363,3.2395197499990362,164.93596779992097,267.24115932490304,123.74663569914242,False,64.59999999999991,-2.4887832845381084,21.0875317452814,471.29113932878164,1155.2819293585308,21.23388888888814,353.2689999999982,-7.134026260504616,26.84508510488376,306.35517152886064,888.0407700336277
1662612.0,-1.9292,-0.6334,9.534,0.0233,-0.0102,9.8066,-0.0134,0.3752,-0.2936,115.2,-89.02,119.44,52.975544,-1.749885,21.51,6,354.42,22 / 22,4.625335323533368,-5.777612700421251,3.195209749998976,165.3994967148966,266.6644010219011,124.06837217414275,False,64.70000000000005,-2.531520541713524,21.027047779346216,471.0433416258156,1157.3835134722517,21.178888888891844,353.1350000000085,-7.156855865246891,26.804660479767467,305.643844910919,890.7191124503506
1662712.0,-1.066,-0.1397,8.893,-0.0729,-0.0088,9.8063,-0.0267,0.3103,-0.1773,101.87,-88.82,105.28,52.975544,-1.749885,21.51,6,354.42,22 / 22,4.677168620050591,-5.61841829195,3.13589474999903,165.86462191207536,266.09459947228305,124.38492739914237,False,64.79999999999995,-2.4368804305022773,21.138891317025124,470.80224115808073,1159.507336571525,21.278888888886215,353.4239999999939,-7.114049050552868,26.757309608975124,304.9376192460054,893.4127370992419
1662812.0,-3.3553,0.8053,8.6828,-0.0213,-0.0148,9.8065,0.0499,0.258,-0.2193,94.69,-88.33,97.09,52.975544,-1.749885,21.51,6,354.42,22 / 22,4.769173818476538,-5.389818028624596,3.0340197499991226,166.3369390340013,265.54418765625485,124.693423124142,False,64.89999999999986,-2.4820164037081285,21.07126778650537,470.55444345508835,1161.6089206845345,21.216944444450412,353.2820000000087,-7.2511902221846665,26.461085815129966,304.217504421087,896.0647330282796
1662912.0,2.2376,-1.3116,9.6184,-0.0331,-0.0299,9.8065,0.1074,0.2014,-0.2301,85.38,-88.17,87.29,52.975544,-1.749885,21.51,6,354.42,22 / 22,4.798710554231649,-5.326869303304306,2.968414749999033,166.81533325263734,265.0083532896577,124.99354484914232,False,65.0,-2.437744564932781,21.182132006200792,470.3066457521535,1163.732743783659,21.321944444444444,353.435,-7.23645511916443,26.5090013095051,303.49131249951614,898.7243904940015
1663012.0,1.2104,-0.065,10.3859,0.0347,-0.0295,9.8065,0.0083,-0.038,0.0313,78.54,-88.51,81.49,52.975544,-1.749885,21.51,6,354.42,22 / 22,4.780741679675438,-5.483415770550867,2.9879647499990156,167.29430586433227,264.4678390359654,125.29136382414195,False,65.09999999999991,-2.5138747336415626,21.12903410118151,470.0521508139836,1165.8343278973748,21.278055555556126,353.2150000000062,-7.294616413317,26.612449871732377,302.7578449496513,901.3664888614094
1663112.0,1.8699,-2.0115,10.5786,0.0016,0.0025,9.8066,-0.0237,-0.1383,0.214,80.73,-88.73,84.37,52.975544,-1.749885,21.51,6,354.42,22 / 22,4.7341291690659375,-5.630422514137672,3.055524749999108,167.77004940677,263.91214712173024,125.59353829914227,False,65.20000000000005,-2.3487817155277773,21.19022473813875,469.82444481664425,1167.9581509966538,21.320000000000586,353.67500000000103,-7.082910884593715,26.820647252276423,302.05439540987425,904.0460038749236
1663212.0,0.3909,1.2376,10.2197,-0.0341,0.0235,9.8065,-0.0357,-0.0807,0.0443,93.26,-88.82,93.7,52.975544,-1.749885,21.51,6,354.42,22 / 22,4.741673016867444,-5.744463509641956,3.114774749999054,168.24383951606623,263.34340282054177,125.90205327414189,False,65.29999999999995,-2.338028123037392,21.211535175368606,469.5967388193175,1170.0819740959275,21.340000000000348,353.7099999999796,-7.079701139904836,26.955998685010563,301.3528993032513,906.7385712753858
1663312.0,-1.0897,0.2063,9.8047,-0.013,0.0333,9.8066,0.0855,-0.2247,0.0964,104.45,-88.83,105.0,52.975544,-1.749885,21.51,6,354.42,22 / 22,4.859969838461088,-5.706588391593183,3.1353297499990354,168.7239216588322,262.77085022548056,126.21455849914152,False,65.39999999999986,-2.5140049718630446,21.199510725604714,469.3422438811473,1172.1946777013634,21.348055555567147,353.23699999999724,-7.373974810324132,26.906099117197897,300.6183222223151,909.4238274758828
1663412.0,1.3482,-0.6023,10.2945,-0.0125,-0.0139,9.8065,0.0205,-0.1172,0.0675,103.13,-88.74,106.76,52.975544,-1.749885,21.51,6,354.42,22 / 22,4.873918054953155,-5.70741950768108,3.1596247499990686,169.2106160535036,262.20014983051607,126.52930622414185,False,65.5,-2.556317767140496,21.399802541374573,469.0877489429817,1174.3407397853375,21.551944444444445,353.18800000000005,-7.430235822093651,27.107222049055654,299.8771328894781,912.1405899548215
1663512.0,0.2053,-0.47,10.0372,0.0192,0.0026,9.8066,-0.105,0.1077,0.0348,108.09,-88.76,108.54,52.975544,-1.749885,21.51,6,354.42,22 / 23,4.838954904072944,-5.7620201408440055,3.195544749999036,169.69625970145447,261.6266778480903,126.84706469914147,False,65.59999999999991,-2.5566409790435944,21.364514624245274,468.83325400479805,1176.4756823777445,21.516944444444597,353.17599999999976,-7.395595883116538,27.12653476508928,299.1369943033436,914.8490045296542
1663612.0,1.1511,0.4628,10.1248,-0.0061,0.0054,9.8066,-0.0986,0.0168,-0.0088,99.59,-88.69,102.86,52.975544,-1.749885,21.51,6,354.42,22 / 23,4.86157435174962,-5.817349656420202,3.2229797499990736,170.18128616424625,261.0477093582263,127.16799092414182,False,65.70000000000005,-2.5635572174485537,21.374876617094692,468.5720618313831,1178.6106249687423,21.528055555557124,353.16099999999784,-7.425131569198173,27.192226273514894,298.39077566713684,917.562915610516
1663712.0,3.2996,-0.4375,8.702,0.0275,0.0109,9.8065,0.2055,0.0773,-0.3124,101.9,-88.85,102.48,52.975544,-1.749885,21.51,6,354.42,22 / 23,4.8539144487335095,-6.025243775551825,3.1836547499991092,170.66706060426995,260.45557968662825,127.48832264914144,False,65.79999999999995,-2.5975475350491855,21.42421768917959,468.3175668932256,1180.7566870535752,21.58111111111279,353.08699999999254,-7.4514619837826945,27.449461464731414,297.6505062889556,920.301107366947
1663812.0,2.6544,-1.0601,8.5494,0.0448,-0.0444,9.8064,0.1988,0.0799,-0.2176,96.88,-88.73,97.13,52.975544,-1.749885,21.51,6,354.42,22 / 23,4.76424105792676,-6.297140914939738,3.065559749999217,171.14796837960253,259.8394604521042,127.80078337414108,False,65.89999999999986,-2.6666471348731324,21.454915358918402,468.04967748460643,1182.902749137701,21.62000000000647,352.91499999999894,-7.430888192799892,27.75205627385814,296.9017091050039,923.0632886855967
1663912.0,0.822,0.6394,11.1946,0.0191,-0.038,9.8065,-0.0326,0.0418,-0.0271,93.7,-88.55,96.67,52.975544,-1.749885,21.51,6,354.42,22 / 23,4.758428182892318,-6.452760685213871,3.0720947499992257,171.62410184164415,259.2019653720957,128.10766609914143,False,66.0,-2.6878464322740427,21.56704448437661,467.78178807603285,1185.0599307141001,21.733888888888888,352.896,-7.44627461516636,28.01980516959048,296.15768623438873,925.8579653420045
1664012.0,1.3492,-1.5226,9.2572,0.0001,0.0254,9.8066,-0.1218,0.0082,0.0035,102.87,-88.44,105.69,52.975544,-1.749885,21.51,6,354.42,22 / 23,4.732424600911814,-6.533570719875204,3.1140197499991875,172.0986444808339,258.5526488018418,128.41697182414106,False,66.09999999999991,-2.739437577303726,21.612073171263237,467.5072014321828,1187.228231783784,21.78499999999954,352.7760000000019,-7.47186217821554,28.14564389113844,295.4085569513489,928.6755829819422
1664112.0,2.086,0.1602,9.694,-0.0337,0.0313,9.8064,0.0071,0.094,-0.0425,107.57,-88.02,106.36,52.975544,-1.749885,21.51,6,354.42,22 / 23,4.65449277783235,-6.677324238110514,3.0809147499991423,172.56799034977175,257.89210405394164,128.7267185491414,False,66.20000000000005,-2.683948785268533,21.58488483837534,467.2460092588073,1189.3854133610473,21.751111111110397,352.912000000002,-7.338441563100883,28.262209076485856,294.6780189090356,931.4933093071056
1664212.0,-1.4162,-1.697,9.6677,-0.0253,0.0049,9.8066,-0.0332,0.0066,-0.0798,101.89,-87.74,106.15,52.975544,-1.749885,21.51,6,354.42,22 / 23,4.597290163430258,-6.685199313557093,3.068334749999154,173.03057949683446,257.22397787635884,129.03418102414102,False,66.29999999999995,-2.6549995311208163,21.564115849759446,466.97811985020036,1191.5425949375986,21.726944444447337,352.98099999997186,-7.252289694551074,28.24931516331654,293.94754035336587,934.3186170612397
1664311.0,-0.9752,-0.4896,9.5567,-0.0335,-0.0124,9.8065,-0.0766,-0.0251,0.0879,97.24,-87.46,100.91,52.975544,-1.749885,21.51,6,354.42,22 / 23,4.545542113882405,-6.538117871348295,3.049084199999167,173.48314969456112,256.56942367570645,129.33699326216572,False,66.39899999999989,-2.9062335598992757,21.59855585623017,466.68638828419165,1193.6782046997853,21.793219444448255,352.3365099999629,-7.451775673781681,28.136673727578465,293.20323858963053,937.1087810240788
1664411.0,1.7123,-1.212,9.6748,-0.01,-0.0034,9.8066,-0.0745,-0.0702,0.1032,95.32,-87.31,95.45,52.975544,-1.749885,21.51,6,354.42,22 / 23,4.4928088776273665,-6.553993517091089,3.029994199999141,173.93506724413723,255.91481810628358,129.64094718216606,False,66.49900000000002,-2.8904563917179047,21.632436334828913,466.3983401976004,1195.8353862754996,21.824688888888915,352.3894,-7.383265269345271,28.186429851920003,292.46327295346316,939.920568169216
1664512.0,1.8702,0.8912,8.9106,-0.0445,0.0154,9.8065,-0.0164,-0.2046,0.1819,95.85,-87.15,95.6,52.975544,-1.749885,21.51,6,354.42,21 / 22,4.492865716134528,-6.7201258350245014,2.9780852499992,174.3888438111217,255.2444750790025,129.94435519439062,False,66.59999999999991,-2.907837525204577,21.64051075938468,466.1074792722124,1198.02525916094,21.835000000000736,352.34700000000515,-7.400703241339105,28.36063659440918,291.7186354610907,942.7807840819376
1664612.0,1.4539,-0.2132,10.7553,-0.0102,0.0095,9.8066,-0.0493,-0.2581,0.3164,92.74,-87.27,95.92,52.975544,-1.749885,21.51,6,354.42,21 / 22,4.546769698648936,-6.876341130777937,2.9807152499992036,174.84082558186148,254.56465173071146,130.24229521939094,False,66.70000000000005,-2.7706925432082303,21.71282385184007,465.8328926284009,1200.1935602306287,21.888888888886648,352.72799999998955,-7.317462241857166,28.58916498261801,290.99206704653943,945.6289084999172
1664711.0,2.4371,-0.238,9.9831,-0.0435,0.0015,9.8065,0.0504,-0.1611,0.0897,94.45,-87.19,97.45,52.975544,-1.749885,21.51,6,354.42,21 / 22,4.544423332137505,-7.053359417211726,3.036407699999166,175.2908396368851,253.87513155358644,130.54014280541566,False,66.79899999999998,-2.8934868425163307,21.621055243213625,465.54116106240537,1202.3291699914148,21.813813888885605,352.3775399999847,-7.437910174653836,28.674414660425352,290.25032142552027,948.4540384378283
1664812.0,-1.6871,0.4709,9.4397,0.0332,-0.006,9.8066,0.078,-0.309,0.1378,94.97,-87.38,98.43,52.975544,-1.749885,21.51,6,354.42,21 / 22,4.58763533024602,-7.078963767136926,3.0267874499991767,175.75200859933494,253.16144923277764,130.84633416049022,False,66.89999999999986,-2.867305637645459,21.564096089807162,465.25693039987084,1204.5190428768644,21.753888888888604,352.42600000001994,-7.4549409678914795,28.643059856944088,289.5049218005359,951.3575936440868
1664912.0,-1.9991,-0.9515,10.0798,-0.0448,-0.0051,9.8065,-0.0475,-0.1884,0.1701,95.49,-87.4,98.84,52.975544,-1.749885,21.51,6,354.42,21 / 22,4.6140629248282945,-6.880005276046602,3.0220974499991704,176.2120935120893,252.46350078061752,131.14877840549053,False,67.0,-2.734520071469803,21.57629643567133,464.99573822651456,1206.6873439463957,21.74888888888889,352.777,-7.348582996298097,28.456301711717934,288.78364471442524,954.2238431657781
1665012.0,-1.6859,-1.711,9.9528,-0.006,0.0325,9.8065,-0.0488,-0.1746,0.2454,99.97,-87.27,103.23,52.975544,-1.749885,21.51,6,354.42,21 / 22,4.5405679209284875,-6.66669160427503,3.043062449999151,176.66982505437673,251.78616593660206,131.45203640049016,False,67.09999999999991,-2.8081332786855415,21.583086259594943,464.7144543474729,1208.8556450160795,21.764999999999482,352.586999999996,-7.348701199614029,28.249777863869973,288.04462929309614,957.0694790794774
1665112.0,-0.3421,0.0039,8.8305,-0.0057,0.0012,9.8066,-0.0415,-0.2483,0.0832,100.87,-87.3,104.23,52.975544,-1.749885,21.51,6,354.42,21 / 22,4.508808369753974,-6.5422640343669896,3.0015624499990947,177.12229386891147,251.12571815466904,131.75426764549047,False,67.20000000000005,-2.9129893332474177,21.530782801289636,464.41977599798213,1211.0128265933424,21.726944444443237,352.2950000000005,-7.421797703001392,28.073046835656626,287.29748212907066,959.8871084386734
1665212.0,2.3153,-0.1144,9.3854,-0.0343,-0.0094,9.8065,-0.0984,-0.1698,0.1943,97.5,-87.4,101.02,52.975544,-1.749885,21.51,6,354.42,21 / 22,4.525697555872826,-6.628961201751188,2.9316924499991583,177.5740191651924,250.46715689286373,132.05093039049012,False,67.29999999999995,-2.900763173518753,21.49123049373202,464.13179488373646,1213.1477691843356,21.686111111113487,352.31300000000823,-7.426460729391579,28.120191695483207,286.55777571854406,962.6806122914719
1665312.0,-0.0508,-1.0235,9.7239,-0.0015,0.0089,9.8066,-0.0718,0.1064,0.0506,93.66,-87.72,97.88,52.975544,-1.749885,21.51,6,354.42,21 / 22,4.4875243843321355,-6.724486863595771,2.9064924499991815,178.02468026220222,249.79948448959698,132.34283963548978,False,67.39999999999986,-2.837032030854238,21.555211935902342,463.8505110046813,1215.3049507615935,21.74111111111297,352.50200000000655,-7.324556415186374,28.279698799498114,285.82583074247907,965.5054662719965
1665412.0,1.405,0.2293,10.2905,0.0058,-0.0118,9.8066,0.0215,-0.0283,-0.0495,95.49,-87.79,96.6,52.975544,-1.749885,21.51,6,354.42,21 / 22,4.47461062131198,-6.77641747082996,2.926547449999209,178.47278701248504,249.12443927287478,132.6344916304901,False,67.5,-2.797597375196575,21.593417660758853,463.5625298904424,1217.451012846275,21.77388888888889,352.61800000000005,-7.272207996508555,28.369835131588815,285.0897428779574,968.3265735734003
1665512.0,-1.7492,-0.8617,9.8032,0.0089,0.0027,9.8066,-0.0171,0.108,0.0311,99.77,-87.92,101.35,52.975544,-1.749885,21.51,6,354.42,20 / 21,4.485628327296566,-6.742447209983327,2.950567449999187,178.92079895991506,248.44849603883472,132.92834737548975,False,67.59999999999991,-2.7215897982347936,21.507374838108998,463.2946404818634,1219.608194422826,21.678888888888658,352.7880000000046,-7.20721812553136,28.249822048092327,284.3738415219483,971.1596983839913
1665612.0,-0.0794,-1.3352,10.8231,-0.0019,-0.0056,9.8066,0.004,0.0995,0.0823,100.98,-88.18,103.16,52.975544,-1.749885,21.51,6,354.42,20 / 21,4.427706405297764,-6.622471973766558,3.0012174499992565,179.3664656965454,247.78025007964632,133.22593662049007,False,67.70000000000005,-2.5930139310195193,21.50618785065672,463.04014554365165,1221.7542565069564,21.661944444444444,353.1249999999827,-7.020720336317283,28.128659824423277,283.67367984710626,973.9740064273101
1665712.0,0.1001,-0.2792,9.4249,0.0052,-0.021,9.8066,-0.0159,-0.0631,0.04,98.01,-88.34,100.55,52.975544,-1.749885,21.51,6,354.42,20 / 21,4.382716884650985,-6.598484982399961,3.0329524499992275,179.80698686104242,247.11920223183859,133.52764511548972,False,67.79999999999995,-2.8124569249005202,21.478592206185827,462.7521644293936,1223.9003185903744,21.661944444440987,352.54000000001,-7.195173809551505,28.07707718858579,282.94517756835114,976.7811163585358
1665812.0,-0.8607,-0.901,9.5509,0.0032,-0.0129,9.8066,0.0351,-0.0775,0.0536,101.6,-88.41,104.32,52.975544,-1.749885,21.51,6,354.42,20 / 21,4.367082971552176,-6.540083650661477,3.0010774499992565,180.24447685385218,246.4622738001861,133.82934661048938,False,67.89999999999986,-2.71539832244843,21.410439929003605,462.4909722559915,1226.0463806752073,21.581944444443085,352.7719999999942,-7.0824812940006066,27.95052357966508,282.2464954021393,979.5841068750212
1665912.0,0.9457,-0.5559,8.6521,-0.0313,0.0035,9.8066,-0.1586,-0.154,0.1717,93.33,-88.33,98.96,52.975544,-1.749885,21.51,6,354.42,20 / 21,4.3349588839277695,-6.522892009229062,2.9305624499991603,180.67957894662678,245.80912501719067,134.12592860548972,False,68.0,-2.7504617931818958,21.381878291222836,462.2163856121873,1228.1924427598888,21.558055555555555,352.67,-7.085420677109665,27.904770300451897,281.53680666556056,982.3833177426981
1666012.0,-1.1578,0.5487,10.2902,0.0165,-0.0056,9.8066,-0.0219,-0.2166,0.0458,88.27,-88.24,93.67,52.975544,-1.749885,21.51,6,354.42,20 / 21,4.362467442494569,-6.494347661178299,2.897012449999191,181.11445026294749,245.1582630336709,134.41730735048938,False,68.09999999999991,-2.6903524081121164,21.359287907681598,461.9484962035818,1230.3162658584558,21.528055555555135,352.8210000000042,-7.052819850606685,27.853635568859897,280.83404594063427,985.158002824785
1666112.0,-0.9604,-0.0865,11.3601,-0.0036,0.0428,9.8065,0.187,-0.0511,-0.0122,98.74,-87.95,103.42,52.975544,-1.749885,21.51,6,354.42,20 / 21,4.4240797485953,-6.3736804691544835,2.9988624499993297,181.55377762250257,244.51486162715338,134.71210109548971,False,68.20000000000005,-2.572517836920941,21.342464066416856,461.7006985006014,1232.4623279432933,21.496944444445386,353.126999999993,-6.996597585516241,27.71614453557134,280.14692087809885,987.94746631614
1666212.0,0.1241,-0.3829,9.788,-0.009,0.0447,9.8065,0.1417,-0.0447,-0.0382,104.9,-87.71,109.53,52.975544,-1.749885,21.51,6,354.42,20 / 21,4.441672863342268,-6.317659940531456,3.07560244999926,181.99706525309904,243.88029460666965,135.01582434048936,False,68.29999999999995,-2.6636125204292815,21.363478769415796,461.4261118567916,1234.5972705342858,21.528888888892222,352.8930000000043,-7.10528538377155,27.681138709947252,279.42904660369254,990.7169759276162
1666312.0,-2.7918,-0.2972,9.1403,-0.031,-0.0067,9.8065,-0.1053,0.1329,-0.0352,107.45,-88.05,109.37,52.975544,-1.749885,21.51,6,354.42,20 / 21,4.48455091859053,-6.174787832669409,3.0413524499992914,182.44337644219527,243.25567221801018,135.321672085489,False,68.39999999999986,-2.636116844542438,21.44469457295459,461.1649196833782,1236.7322131259848,21.606111111104443,352.9920000000324,-7.1206677631329685,27.619482405623998,278.72154324118287,993.4765409079746
1666412.0,2.7247,-1.7051,10.8428,0.0424,0.0022,9.8065,-0.0183,0.1321,-0.0618,100.14,-88.38,106.26,52.975544,-1.749885,21.51,6,354.42,20 / 21,4.439262095422756,-6.148493575473774,3.0598424499993166,182.88956709289656,242.63950814760219,135.62673183048935,False,68.5,-2.4095061222761576,21.35337504765291,460.9238192156739,1238.8560362251094,21.488888888888887,353.56199999999995,-6.848768217698914,27.501868623126683,278.0342521227774,996.2165280775072
1666512.0,0.2322,0.7964,10.6468,0.0351,0.0023,9.8065,0.147,0.0885,-0.0625,97.84,-88.45,100.77,52.975544,-1.749885,21.51,6,354.42,22 / 23,4.403443295832607,-6.27383588444351,3.1536574499992316,183.3317023624589,242.01839167460687,135.937406825489,False,68.59999999999991,-2.7072230887229827,21.478111008287204,460.6492325718108,1241.013217800953,21.648055555555636,352.81600000000697,-7.110666384555589,27.751946892730714,277.31753020935184,998.9948261263462
1666612.0,2.2848,-0.8369,8.8357,-0.0111,-0.0059,9.8066,0.0813,0.1748,-0.1927,94.91,-88.32,100.23,52.975544,-1.749885,21.51,6,354.42,22 / 23,4.4235357070115535,-6.388770991303001,3.147117449999223,183.77305131260172,241.38526133081868,136.25244557048936,False,68.70000000000005,-2.515489686345963,21.50728285140915,460.40813210407526,1243.1703993782182,21.65388888889548,353.3289999999946,-6.939025393357516,27.896053842712153,276.63508079147357,1001.7851380473995
1666712.0,-0.005,-1.1501,8.6295,0.0277,-0.0222,9.8066,0.0435,0.1848,-0.2343,91.46,-88.26,96.64,52.975544,-1.749885,21.51,6,354.42,22 / 23,4.347546693587776,-6.483203353510365,3.0397124499993207,184.2116054326313,240.7416626135786,136.561787065489,False,68.79999999999995,-2.6107893766467014,21.720600292259956,460.1536371658909,1245.383178418311,21.876944444445055,353.1459999999849,-6.958336070234477,28.20380364577032,275.9420317332596,1004.6415158047324
1666812.0,0.5394,0.1538,10.0929,0.0066,-0.0196,9.8066,-0.0495,-0.0569,0.0131,89.69,-88.08,94.46,52.975544,-1.749885,21.51,6,354.42,22 / 23,4.330197718356546,-6.4928329709113015,2.9951674499993612,184.64549265322813,240.0928607973581,136.86353106048867,False,68.89999999999986,-2.7451999720309663,21.718301563245276,459.87905052206844,1247.5737184735513,21.89111111109946,352.79600000002165,-7.075397690387512,28.211134534156578,275.2335578688403,1007.4808576761932
1666912.0,1.2041,-0.775,10.0271,-0.0045,-0.0038,9.8066,-0.027,-0.0516,0.0486,90.54,-87.97,95.07,52.975544,-1.749885,21.51,6,354.42,22 / 23,4.33088981802034,-6.563754569837438,3.020502449999396,185.07854703004756,239.44003142031977,137.16431455548903,False,69.0,-2.5763655307087614,21.532527853822284,459.62455558391616,1249.7197805575254,21.68611111111111,353.177,-6.907255348729102,28.096282423659723,274.5460085538686,1010.2797491372056
1667011.0,1.3871,-0.3076,9.992,-0.0363,0.016,9.8066,0.0789,-0.1788,0.0039,94.26,-87.81,98.7,52.975544,-1.749885,21.51,6,354.42,22 / 23,4.304116902859274,-6.675938488532551,3.0405895499993827,185.5059798627308,238.7846666139309,137.46433860948878,False,69.09899999999993,-2.373303090257647,21.42138304421625,459.39912664655066,1251.833373724009,21.55246111110926,353.67794000000697,-6.677419993116921,28.0973215327488,273.8931467838198,1013.0487071100782
1667112.0,-0.2166,-0.4122,11.1016,-0.0162,0.0087,9.8066,0.001,0.0646,-0.0453,99.06,-87.78,103.47,52.975544,-1.749885,21.51,6,354.42,22 / 23,4.29866558393377,-6.7183763451806175,3.1153446999994663,185.94042037831434,238.10825371482764,137.77521328911408,False,69.20000000000005,-2.296205095336042,21.320595977584155,459.1691435892504,1253.967426755372,21.443888888893856,353.8529999999897,-6.594870679269812,28.03897232276477,273.22872321093604,1015.8591730405442
1667212.0,2.2379,-0.7894,9.3997,-0.0044,-0.0059,9.8066,0.0933,0.2843,-0.1851,98.16,-87.7,102.25,52.975544,-1.749885,21.51,6,354.42,22 / 23,4.259224924416007,-6.7986787512149505,3.159744699999426,186.36831490373143,237.43240096000847,138.08896775911373,False,69.29999999999995,-2.444667683095868,21.473233165709132,458.9146486511207,1256.1134888402044,21.611944444442848,353.5050000000015,-6.703892607511875,28.271911916924083,272.5463337473892,1018.681087880196
1667312.0,0.4442,-0.076,9.7071,0.0745,-0.0006,9.8063,0.0383,0.2577,-0.2206,103.35,-87.94,105.15,52.975544,-1.749885,21.51,6,354.42,22 / 23,4.229956485206467,-6.914949656241046,3.134419699999449,186.79277397421217,236.7467195396363,138.4036759791134,False,69.39999999999986,-2.427767537103358,21.43797028137734,458.6735481833324,1258.2484314319026,21.574999999986815,353.53899999999214,-6.657724022309825,28.352919937618385,271.8807742091202,1021.5017118922664
1667412.0,2.6433,0.1303,10.6235,0.0264,0.0018,9.8065,-0.0577,0.429,-0.2485,106.82,-88.09,108.92,52.975544,-1.749885,21.51,6,354.42,22 / 23,4.224280669759092,-7.057085737161395,3.170284699999498,187.21548583196102,236.04811776996522,138.71891119911376,False,69.5,-2.4527399500895,21.201652935202148,458.42575048038424,1260.361135037895,21.343055555555555,353.401,-6.677020619848593,28.258738672363542,271.2102646484232,1024.3130172679298
1667512.0,-2.0411,-1.7295,8.9808,0.0606,0.0203,9.8064,-0.0196,0.3845,-0.2496,106.49,-88.09,111.93,52.97726,-1.750223,20.86,6,352.33,20 / 21,4.173674760060972,-7.057049377904859,3.1698346999994986,187.63538360345163,235.34241101421256,139.03591716911342,False,69.59999999999991,-2.565028812618601,21.302237704119285,458.17125554218654,1262.4960776288867,21.45611111111159,353.1339999999882,-6.738703572679572,28.359287082024146,270.5358719387349,1027.1536666146742
1667612.0,0.8567,-0.9805,9.1751,0.0103,0.004,9.8066,-0.0873,0.2286,-0.1417,101.8,-87.83,106.63,52.97726,-1.750223,20.86,6,352.33,20 / 21,4.098000891107395,-6.958985273814171,3.096964699999399,188.04896738601062,234.64160928162565,139.3492571391138,False,69.70000000000005,-2.891777901422765,21.295668042088632,457.8564854870832,1264.5865422501822,21.491111111108065,352.26700000000847,-6.98977879253016,28.254653315902804,269.80751810107256,1029.9449329685565
1667712.0,-0.6967,0.507,9.9666,0.0327,-0.0034,9.8066,0.0241,0.1802,-0.1166,97.61,-87.84,102.41,52.97726,-1.750223,20.86,6,352.33,20 / 21,4.105332070820538,-6.94946274760812,3.0733846999994205,188.45913403410665,233.94618688055516,139.65777460911346,False,69.79999999999995,-2.771714898765023,21.207699473716396,457.5818988432329,1266.6992458563234,21.388055555554992,352.5539999999985,-6.87704696958556,28.157162221324516,269.12276480912624,1032.7530589757682
1667812.0,3.4646,0.3093,10.3783,-0.0125,-0.0149,9.8066,0.1348,-0.0173,-0.0487,97.84,-87.72,102.09,52.97726,-1.750223,20.86,6,352.33,20 / 21,4.160750240329193,-7.080568220552678,3.109964699999387,188.87243814966376,233.24468533214775,139.96694207911312,False,69.89999999999986,-2.782969627693818,21.19305794478909,457.3073121994356,1268.811949463172,21.37499999999659,352.51900000000285,-6.943719868023011,28.273626165341767,268.43487404977185,1035.567264131024
1667912.0,-1.1716,-0.8978,9.5415,0.0314,0.0123,9.8066,-0.0288,0.0637,-0.0632,101.59,-87.78,106.05,52.97726,-1.750223,20.86,6,352.33,20 / 21,4.154581482448195,-7.177633106830886,3.1252896999994078,189.2882047358032,232.5317752657776,140.27870479911348,False,70.0,-2.756714210975369,21.135982393988844,457.0260283204007,1270.9246530691642,21.314999999999998,352.569,-6.911295693423563,28.31361550081973,267.73782358459755,1038.3928778033865
1668012.0,1.3523,-0.0952,9.9882,0.0113,0.0029,9.8066,-0.0419,0.0005,-0.0015,101.91,-87.77,106.23,52.97726,-1.750223,20.86,6,352.33,20 / 21,4.138471329293188,-7.16737606634971,3.1211096999994115,189.7028573763899,231.81452480711923,140.59102476911315,False,70.09999999999991,-2.8621143812332237,21.193726659685918,456.73804720616835,1273.0373566753055,21.38611111111003,352.3090000000026,-7.000585710526412,28.36110272603563,267.03518982977846,1041.2228318681864
1668112.0,0.4436,-0.8563,10.4743,0.0072,0.0025,9.8066,0.0379,-0.2084,0.1112,101.47,-87.81,105.87,52.97726,-1.750223,20.86,6,352.33,20 / 21,4.108186619343027,-7.236710076509841,3.1635696999994694,190.11519027382226,231.09432049997525,140.90525873911352,False,70.20000000000005,-2.7818517142465113,21.12456348894664,456.47015779754804,1275.1611797745843,21.306944444443317,352.4979999999929,-6.890038333589539,28.361273565456482,266.3549675237258,1044.066859274609
1668212.0,0.078,0.4572,9.9804,-0.021,-0.0054,9.8066,0.0319,-0.1345,0.0665,102.66,-87.84,107.16,52.97726,-1.750223,20.86,6,352.33,20 / 21,4.118019939421391,-7.249909975430612,3.205639699999431,190.52650060176012,230.3699894973789,141.22371920911317,False,70.29999999999995,-2.866290334392791,21.074866886575762,456.18217668326184,1277.273883380725,21.268888888889368,352.25499999998857,-6.984310273814182,28.324776862006374,265.6556760815017,1046.9038938833462
1668312.0,-1.1727,0.2591,9.8265,-0.0144,-0.0118,9.8065,-0.0146,-0.1712,0.0806,99.6,-87.69,103.93,52.97726,-1.750223,20.86,6,352.33,20 / 21,4.196616536689365,-7.193670309759327,3.215319699999422,190.94223242556527,229.64781048312005,141.54476717911282,False,70.39999999999986,-2.964913675980308,21.07243903524054,455.8874983338111,1279.3754674944412,21.27999999999869,351.9909999999934,-7.161530212669673,28.266109344999865,264.9452659082458,1049.727657011321
1668412.0,-0.7861,-0.1556,9.6704,-0.0186,-0.0202,9.8066,0.0791,-0.0155,-0.0497,97.56,-87.49,101.51,52.97726,-1.750223,20.86,6,352.33,20 / 21,4.250776639283507,-7.087096398560925,3.209499699999414,191.3646020843645,228.93377214770308,141.8660081491132,False,70.5,-3.004311934291248,21.043569015632134,455.5861227491375,1281.488171099726,21.256944444444446,351.875,-7.255088573574755,28.13066541419306,264.221520664773,1052.554398952023
1668512.0,0.0057,-0.9043,9.5943,-0.0161,-0.0215,9.8066,0.0871,0.1231,-0.1999,98.19,-87.29,101.48,52.97726,-1.750223,20.86,6,352.33,20 / 22,4.237457981788414,-7.0295958313338405,3.19206969999943,191.7890138154177,228.227937536209,142.18608661911287,False,70.59999999999991,-3.024594719069648,21.002215894147792,455.2847471644693,1283.578635721016,21.218888888889026,351.8049999999989,-7.262052700858062,28.03181172548163,263.49573334905165,1055.350698184807
1668612.0,-1.1215,0.2544,9.3138,0.0083,-0.0109,9.8066,-0.043,0.1247,-0.0866,97.37,-87.11,100.22,52.97726,-1.750223,20.86,6,352.33,20 / 22,4.246469339594455,-6.958045854926422,3.156809699999382,192.2132101814874,227.52855545189504,142.50353058911324,False,70.70000000000005,-3.054622316099741,21.007974818215445,454.9833715797602,1285.6802198347364,21.22888888888886,351.72699999999753,-7.301091655694196,27.966020673141866,262.7701613982728,1058.1516643828413
1668712.0,1.3642,-0.0556,9.9235,-0.0287,0.0145,9.8065,-0.0741,0.1011,-0.0651,96.35,-87.03,99.15,52.97726,-1.750223,20.86,6,352.33,20 / 22,4.289779997880735,-6.9595947461851475,3.138009699999399,192.64002264836077,226.8326734218401,142.8182715591129,False,70.79999999999995,-3.0849306390146296,21.002703293197122,454.6752987598608,1287.781803949159,21.228055555552054,351.6440000000019,-7.374710636895364,27.96229803938227,262.0352761115,1060.9491305273189
1668813.0,-1.3307,1.0366,9.5701,0.0239,-0.004,9.8066,0.0292,0.087,0.0401,94.99,-87.29,101.22,52.97726,-1.750223,20.86,6,352.33,20 / 22,4.371253605794659,-6.952580504291385,3.1319648499993926,193.07740484534688,226.13010857169024,143.1349052738882,False,70.90100000000007,-3.05753037450286,20.924355328914086,454.3641452117488,1289.893062020325,21.146563888886664,351.68659999999187,-7.428783980297519,27.876935833205472,261.2867403664019,1063.7629534486348
1668912.0,1.7789,-0.3047,9.594,0.0113,-0.0141,9.8066,0.0221,0.1372,-0.0573,98.34,-87.66,102.56,52.97726,-1.750223,20.86,6,352.33,20 / 22,4.4338231548303435,-6.964415583606854,3.1097294499994077,193.5132561449975,225.44121726533976,143.44386914173793,False,71.0,-3.102601447035562,20.87963252512624,454.0591531200706,1291.9516136977513,21.108888888888888,351.548,-7.536424601865905,27.844048108733094,260.5458969750731,1066.5103964324117
1669012.0,-2.4278,-1.2772,9.386,0.0514,-0.017,9.8065,-0.0902,0.2915,-0.2018,100.44,-88.0,105.28,52.97726,-1.750223,20.86,6,352.33,20 / 22,4.399341924084656,-6.908808309118707,3.0780644499994363,193.95491439894286,224.74755607070412,143.7532588367376,False,71.09999999999991,-3.1372710514856066,20.766299641417287,453.74438306496654,1294.0309588259083,21.001944444446504,351.40899999999607,-7.536612975570263,27.675107950535995,259.7894686660237,1069.2834027552042
1669112.0,0.3971,0.58,10.2431,-0.0098,-0.0194,9.8066,0.0065,0.4395,-0.2778,98.73,-87.91,103.43,52.97726,-1.750223,20.86,6,352.33,20 / 22,4.418523554607822,-6.791549195484078,3.0788544499994375,194.39580767287808,224.06253819547305,144.06110478173795,False,71.20000000000005,-3.2642079895998846,20.899681948224018,453.41621853942655,1296.121423446495,21.153055555552452,351.1230000000011,-7.682731544207707,27.691231143708094,259.02041086654845,1072.058885251022
1669212.0,0.5674,-0.6958,10.4843,0.0557,0.0127,9.8064,-0.0067,0.3375,-0.2228,106.16,-88.21,111.66,52.97726,-1.750223,20.86,6,352.33,20 / 22,4.437603632517177,-6.824551861639021,3.134559449999387,194.83861403223392,223.38173314261752,144.3717754767376,False,71.29999999999995,-3.234937928046421,20.797976326352643,453.0947512490913,1298.1896490822278,21.048055555557582,351.1589999999945,-7.672541560563598,27.622528187991662,258.2561372168574,1074.8079159396102
1669312.0,2.44,-0.6953,11.1917,-0.0272,0.0177,9.8065,-0.0031,0.2839,-0.2227,110.51,-87.98,112.47,52.97726,-1.750223,20.86,6,352.33,20 / 22,4.35647386649713,-6.939217428076339,3.2376944499992932,195.27831790718423,222.69354467813238,144.69038817173725,False,71.39999999999986,-3.2887115832168825,20.83706795885868,452.76658672353926,1300.2912331966475,21.094999999992435,351.03100000002024,-7.645185449714013,27.77628538693502,257.488268816355,1077.597688518515
1669412.0,-0.0342,1.5467,9.5777,0.0085,0.0405,9.8065,-0.0894,0.0464,0.0105,113.28,-87.94,115.24,52.97726,-1.750223,20.86,6,352.33,20 / 22,4.388626471047908,-7.0675226783125975,3.2954994499993724,195.7155729240621,221.993207672812,145.01704786673764,False,71.5,-3.139254119412832,20.72554458791674,452.45181666843104,1302.3372198459685,20.961944444444445,351.38699999999994,-7.5278805904607395,27.793067266229336,256.73624374436895,1080.3440121731564
1669511.0,-1.6836,0.3601,10.7854,0.0254,0.0135,9.8065,0.0136,-0.0155,0.0648,123.04,-87.79,125.23,52.97726,-1.750223,20.86,6,352.33,20 / 22,4.555361661201429,-7.037211164948403,3.3326145499993474,196.15830033660814,221.29502334757103,145.34513950973735,False,71.59899999999993,-3.333457462413805,20.65813966438009,452.1203035252812,1304.3957715228444,20.925369444443938,350.83358999999234,-7.888819123615234,27.695350829328493,255.96200318867307,1083.1007481752733
1669612.0,0.3568,0.0757,10.7897,0.0378,-0.0155,9.8065,0.0731,-0.147,0.1064,126.68,-87.88,129.23,52.97726,-1.750223,20.86,6,352.33,20 / 22,4.645067425871331,-6.997954853780542,3.431685449999458,196.62292200550584,220.58624746362443,145.68673665973768,False,71.70000000000005,-3.1074356826701925,20.735394927863698,451.81557932297846,1306.4959101022864,20.966944444444152,351.4770000000011,-7.752503108541523,27.73334978164424,255.19265731747262,1085.909662638662
1669712.0,1.6933,2.5223,8.9289,0.0036,0.0257,9.8066,0.1091,-0.0798,-0.0734,128.9,-87.82,134.47,52.97726,-1.750223,20.86,6,352.33,20 / 22,4.717569391654839,-7.166730514457874,3.436950449999453,197.09105384638173,219.87801319521316,146.03016845473732,False,71.79999999999995,-3.0922072607192637,20.72756075142709,451.5075065030797,1308.5530162455927,20.956944444440037,351.5150000000121,-7.809776652374103,27.894291265884966,254.41645265669797,1088.6750030503795
1669812.0,-2.6704,1.417,9.1037,0.002,-0.0288,9.8066,-0.0399,0.326,-0.3174,126.52,-87.85,131.92,52.97726,-1.750223,20.86,6,352.33,20 / 22,4.934098154257367,-7.253748387177722,3.357915449999525,197.5736372236769,219.15698925013203,146.36991174973696,False,71.89999999999986,-2.976327736510437,20.64152364058268,451.21282815361565,1310.6212418806153,20.854999999996526,351.7949999999973,-7.9104258907678044,27.895272027760402,253.63919092993874,1091.4642526304833
1669912.0,-1.011,-0.1051,9.0942,-0.0795,-0.0368,9.8062,0.0164,0.4758,-0.3974,116.21,-87.66,120.74,52.97726,-1.750223,20.86,6,352.33,20 / 22,5.1236861373525455,-7.144067284161426,3.2871454499994286,198.0765264382581,218.4370984665641,146.70216479473737,False,72.0,-2.9848471322328005,20.57854471824134,450.91145256892867,1312.6672285313512,20.79388888888889,351.747,-8.108533269585346,27.722612002402766,252.83492613067057,1094.230130064787
1670012.0,-3.7456,-0.633,10.1913,-0.0443,-0.0039,9.8065,0.1703,0.4963,-0.3795,106.28,-88.01,111.24,52.97726,-1.750223,20.86,6,352.33,20 / 22,5.199004260661065,-6.904581756086336,3.270755449999444,198.59266095815832,217.73466601455235,147.03005983973702,False,72.09999999999991,-2.835438389856419,20.680414079098373,450.630168689887,1314.7354541670823,20.873888888888,352.19299999999595,-8.034442650517484,27.58499583518471,252.03750773172868,1097.0007881525298
1670112.0,4.3645,-1.4878,9.0569,-0.1139,-0.0078,9.806,0.0333,0.4977,-0.4247,99.78,-87.74,104.12,52.97726,-1.750223,20.86,6,352.33,20 / 22,5.1455900823935945,-6.910116813155736,3.252500449999419,199.10989067531176,217.0439310860893,147.3562226347374,False,72.20000000000005,-2.9352340869350373,20.60083147945311,450.33549034042284,1316.7925603096844,20.80888888888428,351.89100000000394,-8.080824169328633,27.510948292608845,251.22559966511108,1099.7486292235951
1670212.0,1.6908,-0.8767,9.9842,-0.061,0.0158,9.8064,0.1774,0.4031,-0.5637,102.82,-87.55,106.87,52.97726,-1.750223,20.86,6,352.33,20 / 22,5.008334464006657,-7.175941263172383,3.223890449999445,199.6175869026313,216.33962818227351,147.68004217973706,False,72.29999999999995,-2.865782594587072,20.453263649150013,450.0475092261509,1318.8163079750072,20.653055555560773,352.02400000000836,-7.874117058593729,27.629204912322397,250.4299223235196,1102.4766797927336
1670312.0,0.0741,1.4703,10.5828,-0.144,0.0457,9.8054,0.223,0.2317,-0.3881,102.58,-87.11,108.87,52.97726,-1.750223,20.86,6,352.33,20 / 22,5.052628857558554,-7.259821961264556,3.271575449999402,200.1206350687091,215.61784002105233,148.00481547473672,False,72.39999999999986,-2.8132333891942998,20.582521163982925,449.7729225823405,1320.8734141183122,20.773888888888447,352.21700000000754,-7.8658622467528545,27.84234312524748,249.65228751363142,1105.2555740972598
1670412.0,-2.374,-1.0114,9.3625,-0.0886,0.05,9.806,0.0347,0.1403,-0.0261,98.5,-87.51,105.27,52.97726,-1.750223,20.86,6,352.33,20 / 22,5.125589299815545,-7.1448242624961065,3.2881754499994247,200.6295459765785,214.8976077098633,148.3328030197371,False,72.5,-2.7644125071022208,20.581287475995982,449.49833593853634,1322.9194007683407,20.76611111111111,352.35,-7.890001806917765,27.726111738492087,248.86878996195784,1108.0217930584774
1670511.0,-1.7569,-0.1815,11.012,0.0405,-0.0573,9.8063,-0.3055,0.2084,0.1864,97.98,-87.46,104.77,52.97726,-1.750223,20.86,6,352.33,20 / 21,5.13036848531635,-6.922804058384302,3.3258548499993994,201.1372158869422,214.2012601079802,148.66019751958683,False,72.59899999999993,-2.7223633866343326,20.490909250949688,449.2264951611509,1324.9449275513118,20.67096111110979,352.4321700000012,-7.852731871950683,27.41371330933399,248.08927927420874,1110.7436674433316
1670612.0,-3.4147,1.403,12.9525,0.0085,0.0095,9.8066,-0.1301,0.247,-0.0139,106.42,-87.5,113.76,52.97726,-1.750223,20.86,6,352.33,20 / 21,5.2853454783809575,-6.679465364024451,3.545590449999645,201.6632094421095,213.5143455021478,149.00720550723716,False,72.70000000000005,-2.8590480664622744,20.470193258862484,448.9357681804526,1327.0113740686913,20.66888888889581,352.04899999999816,-8.144393544843233,27.149658622886935,247.27255873834312,1113.4970285665436
1670712.0,3.4359,-1.5595,7.3409,-0.0252,0.041,9.8065,0.3299,0.2599,-0.3556,108.62,-87.65,116.38,52.97726,-1.750223,20.86,6,352.33,20 / 21,5.307583756056153,-6.667935723459661,3.579595449999614,202.19285590383086,212.84697544777418,149.3634648022368,False,72.79999999999995,-2.91420084768979,20.69891700011057,448.6477870661676,1329.079599703714,20.903055555543627,351.9860000000199,-8.221784603745943,27.36685272357023,246.45493116233675,1116.2326242559398
1670812.0,0.5074,-1.9169,8.3617,0.0955,-0.0714,9.8059,0.3135,0.127,-0.3787,111.74,-87.64,119.59,52.97726,-1.750223,20.86,6,352.33,20 / 21,5.116055600826249,-6.790064003308519,3.384060449999792,202.71403787167452,212.1740754614364,149.71164759723644,False,72.89999999999986,-2.7112725541993807,20.447978830507903,448.37989765756333,1331.1144668614643,20.626944444489634,352.4470000000566,-7.82732815502563,27.238042833816422,245.6658597858888,1118.940391400028
1670914.0,1.0888,1.9705,9.9617,0.0223,-0.052,9.8065,-0.0164,0.1398,0.0667,112.12,-87.56,119.79,52.97726,-1.750223,20.86,6,352.33,20 / 21,5.124323381273298,-6.864364758342509,3.3182755499997345,203.23629719976205,211.47769959459157,150.05346673323672,False,73.00199999999995,-2.4510573244353484,21.26957085200335,448.1333054569697,1333.2458512156093,21.41038333333344,353.4258800000002,-7.575380705708646,28.13393561034586,244.89700825720766,1121.7681516210178
1671012.0,-1.9519,-1.0659,8.6693,0.0401,0.0346,9.8064,-0.134,0.1252,-0.0224,118.37,-87.73,126.82,52.97726,-1.750223,20.86,6,352.33,20 / 21,5.228258524713778,-6.840506356713177,3.270142849999756,203.7435737131552,210.80616090995414,150.37629923483655,False,73.09999999999991,-2.70696692760826,20.66736640370796,447.86421054603545,1335.2509181327794,20.84388888888735,352.5379999999968,-7.935225452322038,27.507872760421137,244.12063683288025,1124.4447572228253
1671112.0,1.951,-0.3167,9.1532,-0.029,0.0351,9.8065,-0.0782,0.1658,0.0145,118.15,-87.57,126.13,52.97726,-1.750223,20.86,6,352.33,20 / 21,5.203595964570385,-6.8090551763311975,3.1806028499996337,204.2651664376201,210.123682833301,150.69883651983696,False,73.20000000000005,-2.7762482359631697,20.544376691289273,447.5896239021844,1337.3080242760898,20.73111111111217,352.30400000000026,-7.979844200533555,27.353431867620472,243.32445746456432,1127.1843414427888
1671212.0,-2.6574,-0.3327,8.3872,0.0543,0.0238,9.8064,0.1185,0.0763,-0.0315,122.1,-87.73,130.61,52.97726,-1.750223,20.86,6,352.33,20 / 21,5.235889597087238,-6.76856895818065,3.076957849999728,204.78714071570252,209.444801626576,151.01171455483663,False,73.29999999999995,-2.7781734070766957,20.58027536450528,447.3083400231432,1339.3651304193954,20.766944444444665,352.3119999999966,-8.014063004163933,27.348844322685927,242.5211993074407,1129.9203287928194
1671312.0,2.7021,0.449,11.4184,0.0138,-0.0122,9.8066,-0.1055,-0.0357,0.0206,125.68,-87.51,127.32,52.97726,-1.750223,20.86,6,352.33,20 / 21,5.267373256515228,-6.7747239759776505,3.0865728499997194,205.31230385838217,208.7676369798687,151.31989108983632,False,73.39999999999986,-2.8065043462121273,20.58147733662189,447.03375337927895,1341.4222365619937,20.77194444444689,352.234999999995,-8.073877602727356,27.35620131259954,241.72144952089678,1132.654599582125
1671412.0,-4.7323,0.3939,11.2783,0.0395,0.0386,9.8065,-0.1043,-0.1552,0.25,126.75,-87.72,132.23,52.97726,-1.750223,20.86,6,352.33,20 / 21,5.399490351912266,-6.725911611982143,3.2407428499999296,205.84564703880426,208.0926052004698,151.63625687483673,False,73.5,-2.8439946692991973,20.6197943569037,446.74577226509325,1343.4793427044472,20.814999999999998,352.147,-8.243485021211463,27.345705968885845,240.900125226289,1135.3867375039774
1671512.0,4.566,-2.1901,9.2363,-0.0332,-0.0009,9.8066,0.0449,-0.4364,0.356,127.03,-87.88,132.83,52.97726,-1.750223,20.86,6,352.33,21 / 22,5.367189231497993,-6.670986080641009,3.2858078499998884,206.3839810179743,207.42276031583924,151.96258440983644,False,73.59999999999991,-2.9181781771788446,20.565940584601528,446.4510939156029,1345.5364488470454,20.77194444444533,351.92399999999554,-8.285367408676837,27.236926665242535,240.0671128976286,1138.1136885312062
1671613.0,-0.2217,1.6824,10.6883,0.029,-0.0097,9.8065,0.1608,-0.3597,0.2616,137.3,-88.16,144.21,52.97726,-1.750223,20.86,6,352.33,21 / 22,5.240582920303652,-6.853146593513022,3.301528499999906,206.91967351164087,206.7397916157937,152.2952448955118,False,73.70100000000002,-3.0469040030507606,20.613570117180412,446.14663760272134,1347.6142372474133,20.837536111112854,351.59195999999696,-8.287486923354413,27.466716710693433,239.22696409108048,1140.8744456316194
1671711.0,3.3322,0.0146,10.8933,-0.0439,-0.0376,9.8064,0.0714,-0.4358,0.1474,135.79,-88.13,142.56,52.97726,-1.750223,20.86,6,352.33,21 / 22,5.220913849849646,-7.03287009081758,3.397975199999863,207.43228685337814,206.0593767982618,152.62352057681161,False,73.79899999999998,-3.092147848949907,20.665462499815614,445.8447262392068,1349.6410983697376,20.895519444447007,351.49003999999553,-8.313061698799553,27.698332590633193,238.41243938582866,1143.5817215714758
1671812.0,-1.5782,0.0493,9.9175,-0.0536,-0.0195,9.8064,0.0603,-0.278,0.1884,134.1,-88.05,140.63,52.97726,-1.750223,20.86,6,352.33,21 / 22,5.192384292958208,-7.106793105766766,3.4584489499997946,207.95815840958934,205.3453238068351,152.9697699963862,False,73.89999999999986,-3.152918896589241,20.628495948596697,445.5201782207136,1351.7188867693926,20.86805555555527,351.31000000002274,-8.34530318954745,27.735289054363463,237.56201981112426,1146.3735629625576
1671913.0,-2.7941,0.9489,9.7774,-0.0656,0.003,9.8064,-0.0803,-0.1505,0.0987,134.96,-87.97,141.48,52.97726,-1.750223,20.86,6,352.33,21 / 22,5.417657012542703,-6.996619013652474,3.4625697499997994,208.49396549551773,204.63310149480364,153.31928144073657,False,74.00099999999998,-3.010384860727319,20.645806004299793,445.22221822597527,1353.796786363127,20.8641361111111,351.70414000000005,-8.428041873270022,27.642425017952267,236.72825273045754,1149.1636848683233
1672012.0,-2.4426,-0.0926,9.9859,-0.047,-0.0372,9.8064,-0.1214,-0.1618,0.0341,118.28,-87.73,126.62,52.97726,-1.750223,20.86,6,352.33,21 / 22,5.636435075084651,-6.829566100983034,3.4699947499997945,209.0411430538549,203.94870533162964,153.66244338348633,False,74.09999999999991,-3.235769823120603,20.719973332180825,444.89733534567824,1355.8553380400024,20.971111111109558,351.12400000000497,-8.872204898205254,27.549539433163858,235.85619229182333,1151.9066327083729
1672112.0,1.7533,-0.2923,9.3597,-0.0947,-0.0049,9.8061,-0.0366,-0.3295,0.2238,109.85,-87.35,117.38,52.97726,-1.750223,20.86,6,352.33,21 / 22,5.682444022986946,-6.7958975823174725,3.4566097499997763,209.60708700875927,203.2674321474637,154.0087736084868,False,74.20000000000005,-3.0871728952273565,20.627202793243782,444.5892625257778,1357.9013246901804,20.856944444444178,351.4879999999924,-8.769616918214302,27.423100375561255,234.98217551701856,1154.6338925427167
1672211.0,1.1936,0.7529,8.8934,-0.0746,0.0119,9.8063,-0.1478,-0.1542,0.2172,107.64,-87.32,115.18,52.97726,-1.750223,20.86,6,352.33,21 / 22,5.692163411986538,-6.935527390675768,3.3892798499998222,210.17013007679006,202.58772661130098,154.34764514368655,False,74.29899999999998,-3.1781103129188675,20.604481397291345,444.2710099083329,1359.9488680702552,20.84814444444406,351.23158999998884,-8.870273724905406,27.54000878796711,234.10087983154287,1157.3611414589543
1672312.0,-1.9059,0.3174,9.8569,-0.0456,-0.01,9.8064,-0.1055,-0.2349,0.1085,109.47,-87.08,112.77,52.97726,-1.750223,20.86,6,352.33,21 / 22,5.7932072430114365,-6.914188508978841,3.345698349999872,210.7501412948668,201.88831595836922,154.68776154278615,False,74.39999999999986,-3.2394610456091786,20.784059207333446,443.9396307098773,1362.0377759616435,21.034999999999084,351.14100000000695,-9.032668288620615,27.698247716312288,233.18948941501048,1160.1494600032743
1672412.0,2.0339,-2.1886,8.729,0.0121,-0.0241,9.8065,-0.1998,-0.1346,0.5145,106.22,-87.74,110.94,52.97726,-1.750223,20.86,6,352.33,21 / 22,5.741907907525624,-6.891421393691274,3.2943283499998017,211.32689705239446,201.19803546323476,155.01976287778658,False,74.5,-3.1927509392130524,20.774985717530857,443.6248606547956,1364.117121089654,21.018888888888892,351.26300000000003,-8.934658846738676,27.66640711122213,232.29796360240115,1162.919085626419
1672512.0,1.829,-1.3364,9.1256,0.0254,0.0497,9.8065,-0.2074,-0.0865,0.044,112.54,-87.91,120.91,52.97726,-1.750223,20.86,6,352.33,21 / 21,5.547201069410662,-7.013017113898594,3.206393349999882,211.89135250124076,200.5028135378559,155.34479896278626,False,74.59999999999991,-3.2868579211415674,20.773522862536854,443.2899988939989,1366.1742272329595,21.03194444444244,351.0090000000093,-8.83405899055223,27.78653997643545,231.39864639275817,1165.6714136951036
1672612.0,-0.8441,0.8228,10.4366,0.012,-0.0034,9.8066,-0.0591,-0.0525,0.0035,116.58,-87.82,122.05,52.97726,-1.750223,20.86,6,352.33,21 / 21,5.541929481335772,-7.051421801887432,3.2038383499998786,212.44580902877883,199.79959159206564,155.66531054778667,False,74.70000000000005,-3.01920752021647,20.665614216620487,442.9953205445602,1368.2313333755633,20.88500000000763,351.68799999999254,-8.561137001552241,27.71703601850792,230.54951151578135,1168.4317417834977
1672711.0,1.1381,2.0038,9.4441,0.0042,0.0281,9.8066,-0.2272,-0.0258,0.2515,114.48,-87.77,123.34,52.97726,-1.750223,20.86,6,352.33,21 / 21,5.69947108446574,-7.124153738276635,3.2170746499998697,213.00225835678563,199.097900602828,155.98314574128645,False,74.79899999999998,-3.147927839571464,20.904787672443575,442.67043766427605,1370.2898850531394,21.14047500001117,351.436539999989,-8.847398924037204,28.02894141072021,229.66817930749042,1171.1919844503113
1672812.0,0.7758,0.3761,10.7716,0.0725,-0.0047,9.8063,-0.1469,0.0515,0.1495,123.46,-87.77,128.85,52.97726,-1.750223,20.86,6,352.33,21 / 21,5.798066840754057,-7.263210561276458,3.247495849999835,213.58288402200859,198.3713387057014,156.30960655153606,False,74.89999999999986,-3.379742927771701,20.772966341939227,442.325597023045,1372.378904140159,21.046111111109408,350.75899999999416,-9.177809768525758,28.036176903215686,228.74271300103644,1174.0075654344575
1672912.0,1.2417,-0.2394,10.5542,0.0534,0.0179,9.8064,0.1041,0.0512,0.0024,130.71,-87.51,136.36,52.97726,-1.750223,20.86,6,352.33,21 / 21,5.777963547127597,-7.351871392840595,3.333120849999952,214.16168554140347,197.64058460799455,156.63863738653652,False,75.0,-3.4122099335799976,20.73725511256844,441.98403802708077,1374.4582492674622,21.016111111111112,350.656,-9.190173480707594,28.089126505409034,227.8223524856773,1176.8176646594677
1673012.0,3.3671,1.545,9.9621,0.0594,0.0405,9.8064,0.0922,-0.0624,0.1398,135.59,-87.38,144.87,52.97726,-1.750223,20.86,6,352.33,21 / 21,5.696488276602047,-7.574488159299038,3.378270849999911,214.73540813258944,196.89426663038824,156.9742069715362,False,75.09999999999991,-3.4963311674963204,20.938147268485313,441.62908456065685,1376.548713889459,21.2280555555516,350.52,-9.192819444098367,28.51263542778435,226.8936764280674,1179.6544472590706
1673113.0,0.3622,0.4671,9.8542,0.0754,-0.013,9.8063,-0.0142,-0.1719,0.1126,139.61,-87.59,145.84,52.97726,-1.750223,20.86,6,352.33,21 / 21,5.6647078926227135,-7.7921627100384,3.3885223499999224,215.30914853913592,196.11825076148583,157.3159300281366,False,75.20100000000002,-3.4489095500947964,20.653905360132345,441.2774797118557,1378.637732975769,20.939886111116504,350.51987000000554,-9.11361744271751,28.446068070170746,225.96833117271976,1182.5194822142832
1673212.0,-3.863,1.3398,8.0745,0.03,-0.0168,9.8066,0.0779,-0.2562,0.0234,130.75,-87.55,136.16,52.97726,-1.750223,20.86,6,352.33,21 / 21,5.874596363135389,-7.731256222076313,3.3051346499999794,215.88034409979556,195.34984152434666,157.64726604963636,False,75.29999999999995,-3.4114333109429715,20.843787019946067,440.9459665686652,1380.6962846526444,21.121111111110718,350.7049999999803,-9.28602967407836,28.57504324202238,225.06562246886963,1185.3464431282978
1673312.0,-2.1947,-0.5013,8.7864,0.0222,0.0024,9.8065,0.0298,-0.2897,0.1043,117.76,-87.57,125.72,52.97726,-1.750223,20.86,6,352.33,21 / 21,6.115649560796447,-7.524791910758506,3.1675146500001046,216.47985639599162,194.58703911770561,157.97089851463608,False,75.39999999999986,-3.5752973169648055,20.807004765711408,440.5843158670622,1382.7645102876677,21.11194444443797,350.24999999996936,-9.690946877761252,28.331796676469914,224.10445947107056,1188.177471169962
1673412.0,-1.1606,-1.4649,10.8124,0.0521,0.0366,9.8064,-0.0205,-0.3419,0.2889,120.47,-87.65,128.74,52.97726,-1.750223,20.86,6,352.33,21 / 21,6.146687632997983,-7.3305946508180675,3.1667896500001036,217.09297325568218,193.84426978962577,158.28761372963652,False,75.5,-3.750532404882422,20.66039311809251,440.20257345982054,1384.8216164308285,20.998055555555556,349.711,-9.897220037880405,27.99098776891058,223.10960020413836,1190.9773466412028
1673512.0,4.0859,-0.8916,10.2825,0.0557,0.013,9.8064,0.0027,-0.3364,0.2403,126.52,-87.66,132.19,52.97726,-1.750223,20.86,6,352.33,21 / 21,5.991114320129467,-7.385553699268,3.2408696500000365,217.699863353338,193.10846237212215,158.60799669463623,False,75.59999999999991,-3.6586452076334712,20.593640262398083,439.84092275820524,1386.8676030817087,20.916111111112475,349.9259999999989,-9.649759527762939,27.979193961666084,222.14105940486724,1193.7591407095865
1673612.0,2.2027,-1.3235,10.5548,0.0243,-0.0079,9.8066,0.0381,-0.1813,0.0884,121.51,-87.57,130.16,52.97726,-1.750223,20.86,6,352.33,21 / 21,5.755238606304037,-7.587303789711684,3.30206965000012,218.28718099966048,192.35981949767213,158.93514365963668,False,75.70000000000005,-3.7043031173083056,20.687074821005034,439.47257482135734,1388.935828717445,21.01611111111572,349.8479999999847,-9.459541723612343,28.274378610716717,221.18539382169686,1196.576009219773
1673712.0,2.3425,-0.8413,9.3882,-0.0144,-0.0164,9.8066,0.0594,-0.1266,-0.0182,120.7,-87.8,126.01,52.97726,-1.750223,20.86,6,352.33,21 / 21,-3.9196667395567326,20.805947327845864,3.318554650000105,439.07743794366786,1391.0151738448938,159.2661748746364,True,75.79999999999995,-3.9196667395567326,20.805947327845864,439.07743794366786,1391.0151738448938,21.17194444443602,349.33100000002196,0.0,0.0,0.0,0.0
1673812.0,1.2901,-0.6804,9.3495,-0.0421,-0.0292,9.8065,-0.0477,-0.0513,-0.0847,112.68,-87.88,117.7,52.97726,-1.750223,20.86,6,352.33,21 / 21,-4.03612110098183,20.68009112277137,3.274774650000145,438.6796485516413,1393.0894757674228,159.5958413396361,False,75.89999999999986,-3.7006430108922417,20.64794032178145,438.7157872420226,1393.072279987496,20.976944444459,349.8389999999523,0.33547809008958795,-0.03215080098991763,0.03613869038127859,-0.017195779926851174
1673912.0,2.8341,-0.0871,10.4138,-0.0334,-0.0223,9.8065,-0.0616,0.1333,0.0105,109.28,-87.88,114.62,52.97726,-1.750223,20.86,6,352.33,21 / 21,-4.107591709481171,20.50471653729005,3.2822746500001556,438.2724629111176,1395.1487161504285,159.92369380463657,False,76.0,-4.051457999329916,20.84294452098777,438.2938614235169,1395.1961030873276,21.233055555555552,349.0,0.05613371015125512,0.33822798369772045,0.02139851239928703,0.047386936899101784
1674012.0,2.3569,-1.776,9.1104,-0.0199,-0.0074,9.8066,0.053,0.1973,-0.135,112.84,-87.98,118.22,52.97726,-1.750223,20.86,6,352.33,21 / 21,-4.250377785161488,20.301554883809818,3.27781965000016,437.85456443638583,1397.1890297214816,160.25169851963628,False,76.09999999999991,-3.7923372929193264,20.677048292301244,437.9322107218747,1397.2420897367936,21.021944444447197,349.6069999999999,0.4580404922421617,0.3754934084914261,0.07764628548886776,0.0530600153119849
1674112.0,-1.7575,-0.5297,10.3376,-0.0261,-0.0103,9.8065,0.0066,0.2138,-0.2628,117.07,-88.25,119.88,52.97726,-1.750223,20.86,6,352.33,21 / 21,-4.325723581283867,20.318581708842334,3.2695546500001487,437.425759368063,1399.220036551117,160.57906723463674,False,76.20000000000005,-3.8324112993885553,20.875010974848358,437.5504683146051,1399.3214348656622,21.223888888884638,349.5969999999927,0.49331228189531195,0.5564292660060239,0.12470894654211406,0.10139831454534942
1674212.0,0.7773,0.2081,11.6527,-0.027,0.0147,9.8066,0.1176,0.1811,-0.1612,120.55,-88.45,123.91,52.97726,-1.750223,20.86,6,352.33,21 / 21,-4.284298631741012,20.368575260631907,3.3884046500000404,436.9952582574121,1401.2543943995888,160.91196519963646,False,76.29999999999995,-3.8957748450196643,20.71688534400989,437.162028672119,1401.3896605013929,21.079999999998574,349.35000000000866,0.3885237867213478,0.3483100833779815,0.16677041470688891,0.1352661018040635
1674312.0,1.4342,-1.8778,9.4413,-0.0378,0.0185,9.8065,-0.0022,0.0841,-0.1759,113.25,-88.81,120.99,52.97726,-1.750223,20.86,6,352.33,21 / 21,-4.373876994752398,20.300638670650375,3.4624396499999732,436.56234947608783,1403.2878550961511,161.25450741463615,False,76.39999999999986,-3.8174401546159498,20.69785063994343,436.78028626485076,1403.4467666439919,21.04694444444326,349.5499999999985,0.5564368401364481,0.39721196929305336,0.21793678876292688,0.1589115478407166
1674412.0,1.035,-1.6536,9.0281,-0.0165,-0.0183,9.8065,0.031,0.0769,0.0108,115.19,-88.59,122.03,52.97726,-1.750223,20.86,6,352.33,21 / 21,-4.5494594913117865,20.261498810311064,3.4052446499998954,436.116182651784,1405.315961970202,161.59789162963662,False,76.5,-3.8234050125740446,20.675563415941383,436.40524109281307,1405.5149922795774,21.02611111111111,349.523,0.7260544787377419,0.414064605630319,0.28905844102905576,0.19903030937553012
1674512.0,-0.2937,-0.5181,9.7454,-0.0224,-0.0109,9.8066,-0.0526,0.1633,-0.1435,115.97,-88.41,122.42,52.97726,-1.750223,20.86,6,352.33,21 / 22,-4.627302632401195,20.274878152123325,3.363254649999934,435.6573445455988,1407.3427808183217,161.9363165946363,False,76.59999999999991,-3.905650898888655,20.664142640235863,436.01680145031355,1407.5609789304576,21.030000000000094,349.29700000000514,0.7216517335125396,0.3892644881125378,0.35945690471476155,0.2181981121359513
1674612.0,0.944,-1.3465,9.8448,-0.0441,0.0191,9.8065,0.1274,0.0194,-0.1618,111.77,-88.38,118.05,52.97726,-1.750223,20.86,6,352.33,21 / 22,-4.688384904498424,20.282100504754613,3.3620996499999323,435.1915601687532,1409.3706297511683,162.27258430963676,False,76.70000000000005,-3.771566735525798,20.69609421891019,435.6417562782754,1409.6292045654857,21.03694444444184,349.67200000000037,0.9168181689726258,0.41399371415557695,0.45019610952221,0.2585748143173987
1674712.0,1.5109,-1.4772,10.1514,-0.005,0.023,9.8065,0.1337,-0.0187,-0.0058,113.4,-88.52,116.71,52.97726,-1.750223,20.86,6,352.33,21 / 22,-4.830419573595144,20.225582362958857,3.381244649999915,434.715619944849,1411.3960138945522,162.60975152463644,False,76.79999999999995,-3.7514633517472795,20.610251536546848,435.27340834144155,1411.675191215659,20.948888888894203,349.6839999999877,1.0789562218478643,0.3846691735879908,0.5577883965925707,0.27917732110677207
1674812.0,1.7805,-0.4758,10.0683,0.0244,0.0096,9.8066,-0.0396,-0.0387,0.0039,115.86,-88.66,122.86,52.97726,-1.750223,20.86,6,352.33,21 / 22,-4.952607093664534,20.116916132012932,3.4115646499998875,434.22646861148644,1413.4131388192989,162.94939198963613,False,76.89999999999986,-3.876935635955975,20.712223751792187,434.8849686989551,1413.7322973582566,21.071944444441996,349.39799999999144,1.0756714577085593,0.5953076197792555,0.6585000874686671,0.3191585389577085
1674912.0,2.7348,0.8721,11.0764,0.006,0.0055,9.8066,-0.0026,-0.1621,0.0178,120.75,-88.47,127.5,52.97726,-1.750223,20.86,6,352.33,21 / 22,-5.00947626525492,19.906139676688515,3.488134649999992,433.72836444353976,1415.4142916097367,163.2943769546366,False,77.0,-3.9234749696636007,20.65963484826529,434.49652905648276,1415.7782840089924,21.028888888888886,349.247,1.086001295591319,0.7534951715767768,0.7681646129429964,0.36399239925572147
1675012.0,2.3765,-1.1479,9.2606,-0.0093,0.0181,9.8065,0.0091,-0.1234,0.075,124.87,-88.33,128.15,52.97726,-1.750223,20.86,6,352.33,21 / 22,-5.121329384957129,19.697610544558636,3.5243196499999594,433.22182416102964,1417.3944791207973,163.64499966963626,False,77.09999999999991,-3.939843803028157,20.44778665930807,434.1013921787785,1417.8242706591652,20.823888888889996,349.09399999999766,1.1814855819289716,0.7501761147494328,0.8795680177488521,0.4297915383679083
1675112.0,-0.3452,-0.8103,9.632,0.0043,-0.0074,9.8066,0.0479,-0.2426,0.0086,122.7,-88.33,125.9,52.97726,-1.750223,20.86,6,352.33,21 / 22,-5.225569304217547,19.664696349994315,3.48828464999991,432.7044792265702,1419.3625944655275,163.99562988463674,False,77.20000000000005,-4.0157204398584,20.515677282237153,433.6995580658418,1419.8702573100497,20.904999999999966,348.92499999999075,1.209848864359147,0.8509809322428374,0.9950788392716277,0.5076628445222013
1675212.0,3.3727,-0.6874,8.5567,-0.0036,-0.0206,9.8066,-0.0992,-0.4355,0.3102,115.33,-88.36,118.33,52.97726,-1.750223,20.86,6,352.33,21 / 22,-5.317802256690389,19.56171672679028,3.417054649999975,432.1773106485253,1421.323915119365,164.3408968496364,False,77.29999999999995,-4.127515265294972,20.492344629486904,433.28432948251077,1421.9162439595148,20.903888888886293,348.61199999999474,1.1902869913954177,0.9306279026966244,1.107018833985478,0.5923288401497757
1675312.0,2.1255,-0.9087,8.8784,0.0802,-0.0239,9.8062,-0.043,-0.5361,0.3981,104.86,-88.54,111.35,52.97726,-1.750223,20.86,6,352.33,21 / 22,-5.456684218174884,19.33681145136276,3.308144650000074,431.6385863247825,1423.268841528271,164.6771568146361,False,77.39999999999986,-4.159167921768868,20.4247160619367,432.8691008991531,1423.9511111172617,20.84388888888554,348.49000000000035,1.2975162964060152,1.0879046105739398,1.230514574370602,0.6822695889907209
1675412.0,-2.6956,-0.4272,9.9732,0.0027,0.0146,9.8066,-0.0799,-0.5294,0.3484,108.75,-88.21,111.3,52.97726,-1.750223,20.86,6,352.33,21 / 22,-5.46941014891477,19.386169382774415,3.270059650000022,431.0922816064273,1425.2049905699805,165.00606702963657,False,77.5,-4.145284442908633,20.367445639730565,432.45387231585136,1425.9859782748654,20.785,348.496,1.3241257060061375,0.98127625695615,1.3615907094240356,0.7809877048848648
1675512.0,-2.6201,-0.4581,9.1632,-0.068,0.0018,9.8063,0.0267,-0.6547,0.3766,104.53,-88.51,107.71,52.97726,-1.750223,20.86,6,352.33,20 / 21,-5.400291368825107,19.659258519299357,3.2462146500000437,430.5487965305408,1427.1572619650824,165.33188074463627,False,77.59999999999991,-4.085136627632627,20.490638146109955,432.05203820291587,1428.031964925038,20.893888888889066,348.7249999999987,1.3151547411924795,0.8313796268105982,1.5032416723750543,0.8747029599555844
1675612.0,6.97,1.0822,11.0752,0.0549,0.0274,9.8064,0.1547,-0.515,0.2483,108.17,-88.71,112.17,52.97726,-1.750223,20.86,6,352.33,20 / 21,-5.411558166818096,19.450038537617278,3.2774696500000866,430.00820405375794,1429.112726817931,165.6580649596367,False,77.70000000000005,-4.122037319516258,20.496563964221053,431.63680961957056,1430.0779515759225,20.90694444443975,348.62899999999473,1.289520847301838,1.0465254266037753,1.6286055658126202,0.9652247579915638
1675712.0,2.2002,-0.8826,9.8805,0.0983,0.0285,9.806,0.121,-0.4203,0.1589,122.64,-88.97,127.94,52.97726,-1.750223,20.86,6,352.33,20 / 21,-5.529745010475882,19.03378446971046,3.344589650000026,429.46113889489374,1431.0369179682955,165.9891679246364,False,77.79999999999995,-4.15388322125082,20.327987197967946,431.2215810362262,1432.1128187336694,20.748055555558402,348.45100000000065,1.3758617892250617,1.2942027282574848,1.7604421413324758,1.0759007653739445
1675812.0,-6.8144,1.5484,10.0297,0.1112,0.0053,9.8059,-0.0006,-0.1378,0.0578,130.63,-88.72,128.14,52.97726,-1.750223,20.86,6,352.33,20 / 21,-5.3104183243919,19.166721046512034,3.3594346500000123,428.91913072815083,1432.946943244105,166.3243691396361,False,77.89999999999986,-4.161724559744169,20.393577895201418,430.8063524528819,1434.1476858907085,20.813888888884406,348.4659999999993,1.1486937646477315,1.2268568486893834,1.8872217247310914,1.2007426466036577
1675912.0,-3.7252,0.4629,9.8214,0.1174,-0.025,9.8058,-0.0764,-0.0911,0.0349,113.08,-88.88,113.81,52.97726,-1.750223,20.86,6,352.33,20 / 21,-4.9002070140684735,19.533758114170933,3.3713246500000285,428.40859946122714,1434.8819672021416,166.66090710463658,False,78.0,-4.150205715083265,20.31541329932744,430.39112386956685,1436.1714335551799,20.735,348.454,0.7500012989852083,0.7816551851565059,1.9825244083397138,1.2894663530382786
1676012.0,-2.554,-2.3771,9.4507,0.1342,0.0169,9.8056,-0.0808,0.3055,-0.249,109.52,-88.8,109.99,52.97726,-1.750223,20.86,6,352.33,20 / 21,-4.839545288829747,19.859255539281293,3.354264650000044,427.92161184608267,1436.8516178848124,166.99718656963628,False,78.09999999999991,-4.148288964652163,20.508554919843277,429.982592521427,1438.217420205352,20.923888888886857,348.5650000000021,0.6912563241775844,0.6492993805619847,2.0609806753443536,1.3658023205396148
1676112.0,1.4262,0.5614,10.1222,0.092,0.0185,9.8061,-0.0609,0.5596,-0.4173,107.8,-88.91,108.54,52.97726,-1.750223,20.86,6,352.33,20 / 21,-4.868435376031097,19.947640623740245,3.3522446500000416,427.43621281283896,1438.8419626929663,167.33251203463675,False,78.20000000000005,-4.0633140466116116,20.373760182114978,429.57406117329964,1440.2411678706776,20.774999999993383,348.72099999999386,0.8051213294194852,0.42611955837473303,2.13784836046068,1.3992051777113375
1676212.0,-5.043,-1.4654,9.0854,-0.019,0.0054,9.8066,-0.1853,0.7647,-0.5039,100.32,-88.32,99.51,52.97726,-1.750223,20.86,6,352.33,20 / 21,-4.8554530790485595,20.13996767987788,3.33195965000006,426.9500183900854,1440.8463431081454,167.66672224963645,False,78.29999999999995,-4.092311675962088,20.1395420267729,429.16552982519937,1442.2426765504415,20.55111111111435,348.51399999999677,0.7631414030864718,-0.00042565310497977293,2.2155114351139673,1.3963334422960543
1676311.0,6.0832,3.1293,9.9637,-0.1078,-0.0145,9.806,-0.0509,0.7142,-0.4697,101.67,-88.01,100.02,52.97726,-1.750223,20.86,6,352.33,20 / 21,-4.7570703495068365,20.08171716207983,3.304031750000079,426.47419848037225,1442.837316507821,167.99520382393624,False,78.39899999999989,-4.13328769450744,20.20696529931561,428.754453527662,1444.24618673911,20.625361111115378,348.43974999999574,0.6237826549993963,0.1252481372357792,2.2802550472897565,1.408870231289029
1676412.0,4.7438,-1.1035,9.7241,0.0547,-0.0034,9.8065,-0.0952,0.9121,-0.6061,89.72,-87.9,94.49,52.97726,-1.750223,20.86,6,352.33,20 / 21,-4.685289316871066,19.52176660620432,3.3077940000000834,425.99735931721966,1444.8372924381215,168.32910102431163,False,78.5,-4.168867441507823,20.269622137593366,428.33507265848675,1446.301291373367,20.69388888888889,348.37800000000004,0.5164218753632435,0.747855531389046,2.33771334126709,1.4639989352453995
1676512.0,11.3817,0.6161,9.7681,-0.1086,-0.011,9.806,0.0054,0.7816,-0.5142,98.05,-87.44,95.0,52.97889,-1.750641,17.97,6,357.08,22 / 23,-4.7554386872490175,18.730176676531467,3.301739000000089,425.5253229170141,1446.7498896022566,168.65957767431132,False,78.59999999999991,-3.980616016583449,20.11094858326273,427.9399357808091,1448.29168055929,20.501111111110976,348.8039999999986,0.7748226706655683,1.3807719067312618,2.414612863795014,1.5417909570332995
1676611.0,4.186,1.3475,9.4855,0.1466,0.0054,9.8055,-0.0607,0.3203,-0.3142,98.32,-87.78,99.51,52.97889,-1.750641,17.97,6,357.08,22 / 23,-4.734384731695157,17.964444179374453,3.28393385000006,425.0555766577756,1448.5662733346269,168.98556848038686,False,78.69900000000007,-4.0151560282836565,20.093985192126166,427.54212000901526,1450.3061990454648,20.491211111110815,348.7000499999969,0.7192287034115008,2.1295410127517123,2.486543351239675,1.7399257108379516
1676711.0,9.3008,-0.4925,8.705,0.0448,-0.0117,9.8065,0.0696,-0.5318,0.2761,91.63,-87.39,91.77,52.97889,-1.750641,17.97,6,357.08,22 / 23,-4.702505375987649,17.296485366595306,3.2127938500001245,424.58373215239186,1450.3293198119238,169.31040486538657,False,78.79899999999998,-3.8220825354346797,19.94784215219958,427.1668069475301,1452.286024715003,20.31071111110322,349.1534100000199,0.8804228405529697,2.651356785604275,2.583074795138259,1.9567049030790713
1676812.0,2.502,1.4025,8.4438,0.1161,-0.0158,9.8059,0.1227,-0.6533,0.2791,83.96,-87.59,84.62,52.97889,-1.750641,17.97,6,357.08,22 / 23,-4.625249928264417,16.726761364713955,3.088336600000266,424.11268050952765,1452.047493771853,169.62861195311123,False,78.89999999999986,-3.7768687746260614,19.787781261657678,426.78801132377424,1454.2739676137303,20.144999999999033,349.1940000000477,0.8483811536383552,3.061019896943723,2.6753308142465926,2.2264738418773504
1676912.0,-5.4348,-1.3673,9.4284,0.0924,0.0178,9.8061,0.1547,-0.8982,0.3973,84.77,-87.25,84.58,52.97889,-1.750641,17.97,6,357.08,22 / 23,-4.604778570639795,16.893098630960925,3.001281600000147,423.6511790845818,1453.728486771639,169.93309286311168,False,79.0,-3.483782782957157,19.82427496703731,426.4531495630273,1456.2532373070876,20.128055555555555,350.033,1.1209957876826375,2.931176336076387,2.801970478445469,2.524750535448675
1677012.0,4.3523,0.5056,10.7312,-0.0071,0.0284,9.8065,0.2701,-0.8835,0.4217,91.12,-86.91,86.92,52.97889,-1.750641,17.97,6,357.08,22 / 23,-4.645106133309909,16.95643265685402,3.0285966000001223,423.18868484938474,1455.420963336028,170.23458677311143,False,79.09999999999991,-3.815496062328827,19.335186670400596,426.05801268531025,1458.1435510604726,19.708055555556058,348.83700000000664,0.8296100709810821,2.378754013546576,2.8693278359255032,2.7225877244445655
1677111.0,-6.9176,-1.0956,9.665,0.0638,0.0248,9.8063,0.0121,-0.1495,-0.0285,92.54,-86.99,91.66,52.97889,-1.750641,17.97,6,357.08,22 / 23,-4.630994845127641,17.099758075782066,3.067350150000185,422.72951785095137,1457.1067447772964,170.53633613723693,False,79.19900000000007,-3.658765869401028,19.402669596643893,425.6999784907103,1460.081011462737,19.744630555556647,349.3211100000145,0.9722289757266132,2.3029115208618265,2.970460639758926,2.9742666854406252
1677212.0,4.381,-0.3287,9.4408,-0.1165,-0.0146,9.8059,-0.0089,0.3322,-0.2625,96.01,-86.28,89.99,52.97889,-1.750641,17.97,6,357.08,22 / 23,-4.676904701777006,17.246515896299474,3.041721400000214,422.2594689238332,1458.8412316128845,170.8448442505116,False,79.29999999999995,-3.2912528193939026,19.254622042570823,425.37489469337174,1462.0131345073582,19.53388888888812,350.2999999999599,1.3856518823831032,2.0081061462713485,3.1154257695385468,3.17190289447376
1677312.0,6.6008,0.9617,10.4573,-0.0555,0.0197,9.8065,0.0002,0.7358,-0.4919,91.98,-86.63,90.2,52.97889,-1.750641,17.97,6,357.08,22 / 23,-4.646380427081087,16.712508507309284,3.0559614000002013,421.7933046673907,1460.5391828330635,171.14972839051137,False,79.39999999999986,-3.5997239643234207,19.18125596205131,425.0065467565414,1463.9479262318584,19.516111111106607,349.37100000005233,1.046656462757666,2.468747454742026,3.2132420891506968,3.408743398794968
1677411.0,4.0749,-0.4052,10.3546,-0.1008,0.0079,9.8061,-0.006,0.814,-0.4884,94.16,-86.44,91.91,52.97889,-1.750641,17.97,6,357.08,22 / 23,-4.612119074340511,16.19861825778928,3.115292100000297,421.3350089420696,1462.1682836079385,171.45520543876188,False,79.49900000000002,-3.2808150898412416,19.158832614169423,424.68829413910584,1465.8413534425788,19.437736111111043,350.2827900000007,1.3313039844992698,2.960214356380142,3.353285197036257,3.6730698346402733
1677511.0,6.7337,-0.2974,10.8028,-0.1172,0.0073,9.8059,-0.0349,0.6453,-0.4146,96.54,-86.4,94.23,52.97889,-1.750641,17.97,6,357.08,20 / 22,-4.6667492764898935,15.676918964506221,3.1924971000002267,420.8710655245285,1463.762060469052,171.77059489876163,False,79.59899999999993,-3.179428515911202,19.11492563517961,424.37345711163647,1467.7318895851101,19.37754444444362,350.5563300000037,1.4873207605786916,3.4380066706733885,3.5023915871079794,3.9698291160582357
1677612.0,-5.0935,-0.0302,8.9072,-0.0053,-0.0068,9.8066,-0.1473,0.3609,-0.2442,94.04,-86.49,91.91,52.97889,-1.750641,17.97,6,357.08,20 / 22,-4.670002885178048,15.610483710095197,3.197380450000232,420.3995595403637,1465.342074304121,172.09328371503702,False,79.70000000000005,-3.2121079637065124,18.763997873863065,424.0488421207638,1469.6299869828918,19.036944444443975,350.2860000000227,1.457894921471536,3.153514163767868,3.6492825804000972,4.287912678770681
1677712.0,3.059,0.626,8.7013,-0.0656,-0.0183,9.8064,0.0907,-0.0634,0.0766,93.14,-86.33,90.81,52.97889,-1.750641,17.97,6,357.08,20 / 22,-4.597618470120409,15.724061699306471,3.0971404500003232,419.93617847259924,1466.9088015745897,172.40800976003675,False,79.79999999999995,-2.9578497581432384,18.789725722030322,423.76086100649127,1471.5091812431424,19.02111111110169,351.0540000000101,1.6397687119771707,3.065664022723851,3.8246825338920303,4.600379668552705
1677812.0,1.5081,0.104,9.4563,0.0037,-0.0002,9.8066,0.0833,0.1063,-0.1972,91.16,-86.35,88.65,52.97889,-1.750641,17.97,6,357.08,20 / 22,-4.538360724444938,15.50882133717236,3.0243554500003893,419.4793795128714,1468.4704457264122,172.7140845550365,False,79.89999999999986,-2.8483827229332035,18.586059670869417,423.47287989224657,1473.366136518543,18.80305555555862,351.2870000000224,1.6899780015117343,3.077238333697057,3.9935003793751775,4.895690792130836
1677912.0,4.0799,-0.8166,8.5725,-0.1114,0.0381,9.8059,0.0873,0.7446,-0.3827,94.3,-86.17,87.96,52.97889,-1.750641,17.97,6,357.08,20 / 22,-4.5578487771755345,15.24732131554224,2.9451304500002813,419.0245690377897,1470.0082528590501,173.01255885003692,False,80.0,-2.728304414951245,18.65852911673966,423.2049904836596,1475.234211286237,18.856944444444444,351.681,1.8295443622242895,3.4112078011974205,4.180421445869911,5.225958427186924
1678012.0,-7.67,0.2073,8.9845,-0.0582,0.01,9.8064,-0.0258,0.555,-0.399,85.2,-86.57,83.27,52.97889,-1.750641,17.97,6,357.08,20 / 22,-4.603650728752665,15.445982260339084,2.842315450000375,418.56649406249375,1471.5429180378428,173.3019311450367,False,80.09999999999991,-2.5483555323690417,18.533678176507387,422.950495545463,1477.080047067797,18.7080555555542,352.1710000000065,2.0552951963836237,3.087695916168302,4.384001482969268,5.537129029954258
1678112.0,4.8731,-1.2072,9.8512,-0.1454,-0.0444,9.8054,-0.0357,-0.073,0.019,87.7,-86.09,81.13,52.97889,-1.750641,17.97,6,357.08,20 / 22,-4.644858715738953,15.600987405464936,2.803435450000322,418.1040685902685,1473.095266521135,173.58421869003712,False,80.20000000000005,-2.3812822049970435,18.45589988971208,422.71609231295946,1478.925882850068,18.608888888886145,352.6480000000102,2.2635765107419092,2.8549124842471425,4.612023722690935,5.830616328933047
1678212.0,-7.9901,0.7981,9.2064,0.0436,-0.0171,9.8065,-0.0306,-0.2255,0.1591,80.02,-86.85,75.5,52.97889,-1.750641,17.97,6,357.08,20 / 22,-4.695139428960648,15.77469362278888,2.775650450000347,417.637068683034,1474.6640505725463,173.8631729850369,False,80.29999999999995,-2.25911234763892,18.377779574245782,422.4950835508653,1480.760599139909,18.51611111110593,352.9920000000109,2.4360270813217277,2.6030859514569027,4.858014867831287,6.096548567362561
1678312.0,3.2941,2.0111,9.4783,-0.0438,-0.0082,9.8065,-0.1131,-0.791,0.4794,82.74,-86.73,77.87,52.97889,-1.750641,17.97,6,357.08,20 / 22,-4.575125990703939,16.04493227043836,2.729220450000389,417.1735554120512,1476.2550318672063,174.1384165300367,False,80.39999999999986,-2.1644629374513316,18.26833337238759,422.280772023949,1482.5841959366176,18.396111111109626,353.24300000001637,2.4106630532526077,2.223401101949232,5.1072166118977975,6.329164069411263
1678412.0,-7.2202,-0.0863,8.8593,0.1311,-0.0435,9.8056,-0.0296,-0.9515,0.6268,72.84,-87.22,69.47,52.97889,-1.750641,17.97,6,357.08,20 / 22,-4.5372539732446215,16.26018441935809,2.6654354500003024,416.7179364138531,1477.8702877016983,174.4081493250371,False,80.5,-2.0699860719534144,18.253001332984088,422.0731577322782,1484.407792734612,18.37,353.53,2.467267901291207,1.9928169136259974,5.3552213184250945,6.537505032913714
1678512.0,5.3789,-0.7628,10.8306,-0.0296,0.0041,9.8065,0.2189,-0.9494,0.4507,71.79,-86.58,67.16,52.97889,-1.750641,17.97,6,357.08,21 / 22,-4.574285789479498,16.36137600165555,2.669265450000299,416.2623594257173,1479.5013657227476,174.6748843700369,False,80.59999999999991,-1.957722843880728,18.162851512012157,421.88563514625963,1486.2202700381877,18.26805555555531,353.8480000000085,2.6165629455987705,1.8014755103566067,5.623275720542324,6.718904315440113
1678612.0,8.5341,1.5478,11.3868,0.0927,0.0319,9.8061,0.2161,-0.9389,0.2961,75.36,-86.7,70.62,52.97889,-1.750641,17.97,6,357.08,21 / 22,-4.317426974084806,15.725026091933628,2.799470450000477,415.8177737875385,1481.1056858274292,174.9483211650373,False,80.70000000000005,-1.7596475465127217,18.164970148938508,421.71150703065007,1488.0327473424736,18.249999999993882,354.4670000000207,2.5577794275720844,2.4399440570048796,5.893733243111569,6.927061515044443
1678712.0,-0.9358,1.2826,10.1114,0.1228,0.0365,9.8058,-0.0105,0.2613,-0.1034,75.28,-86.58,73.63,52.97889,-1.750641,17.97,6,357.08,21 / 22,-4.057505772616895,15.416818690861142,2.893715450000391,415.3990271502038,1482.6627780665674,175.23298046003708,False,80.79999999999995,-1.5201593325914664,17.97890345334675,421.5574706207218,1489.8118661687752,18.043055555565708,355.16700000002874,2.5373464400254284,2.5620847624856076,6.158443470518023,7.14908810220777
1678812.0,10.45,-1.227,10.3174,-0.0427,-0.0235,9.8065,-0.0894,0.6045,-0.4314,77.9,-86.1,71.15,52.97889,-1.750641,17.97,6,357.08,21 / 22,-3.930262990728018,14.977539145249535,2.9344904500003537,414.99963871203687,1484.1824959583716,175.52439075503685,False,80.89999999999986,-1.3281524817591002,18.229737405588622,421.4369203868267,1491.657701951747,18.278055555543098,355.8329999999919,2.6021105089689183,3.252198260339087,6.437281674789858,7.475205993375312
1678915.0,-1.4372,-0.6853,8.7018,0.1052,-0.026,9.806,-0.3006,0.9057,-0.554,72.38,-86.51,67.09,52.97889,-1.750641,17.97,6,357.08,21 / 22,-3.9075165556640448,14.522234458103911,2.903894300000334,414.5959930653974,1485.7017342989452,175.82506756966208,False,81.00299999999993,-1.3516627037417708,18.00553379740273,421.2928628573699,1493.512766913038,18.056222222222246,355.7069799999998,2.555853851922274,3.483299339298819,6.696869791972517,7.81103261409271
1679012.0,-1.8916,-2.2662,10.1913,0.0153,-0.0143,9.8066,-0.1392,0.8364,-0.3667,73.89,-85.69,66.85,52.97889,-1.750641,17.97,6,357.08,21 / 22,-4.065988663482578,14.66005963296321,2.8689646000003415,414.2092780622689,1487.1170755623616,176.10505122631207,False,81.09999999999991,-1.1734164409315777,17.931647828800852,421.18242544867996,1495.2492980822014,17.969999999999644,356.2560000000062,2.892572222551,3.2715881958376425,6.973147386411085,8.132222519839843
1679112.0,-6.3126,-2.5938,9.3526,-0.0572,-0.0128,9.8065,-0.0325,0.466,-0.5217,68.39,-85.94,62.46,52.97889,-1.750641,17.97,6,357.08,21 / 22,-4.412666336876477,14.99058086232707,2.865494600000337,413.78534531225034,1488.599607587128,176.3917741863125,False,81.20000000000005,-1.0279198934355407,17.914422378335086,421.0819669204264,1497.0395364009296,17.94388888888676,356.71600000000956,3.3847464434409362,2.9238415160080162,7.2966216081760535,8.439928813801544
1679211.0,-2.186,-1.5576,10.0163,-0.0936,-0.0051,9.8061,-0.1044,0.0451,-0.269,73.26,-85.5,66.05,52.97889,-1.750641,17.97,6,357.08,21 / 22,-4.7272566656555695,15.340524021208687,2.853396800000345,413.3329191236253,1490.100997278862,176.67485931061233,False,81.29899999999998,-0.9242439435641139,17.848747483225534,420.99577350322585,1498.8008640389655,17.872663888885775,357.035770000014,3.803012722091456,2.508223462016847,7.66285437960056,8.699866760103532
1679312.0,7.5896,-2.5478,10.5611,0.0515,-0.0454,9.8063,0.1719,-0.2949,0.3648,68.34,-85.7,61.5,52.97889,-1.750641,17.97,6,357.08,21 / 22,-4.787142215437866,15.045707011939207,2.90208385000029,412.8524419801306,1491.6355019460343,176.96551108343704,False,81.39999999999986,-0.7833388032861571,17.784701468460444,420.91453604003584,1500.5977740535263,17.80194444444184,357.4780000000208,4.003803412151709,2.7389944565212367,8.062094059905235,8.962272107492026
1679412.0,-0.0781,-0.9329,10.9152,0.1196,0.001,9.8059,0.1196,-0.4322,0.0654,69.58,-85.55,62.46,52.97889,-1.750641,17.97,6,357.08,21 / 22,-4.786262972667573,14.659773311181528,2.995233850000417,412.3737717207247,1493.1207759621923,177.26037696843747,False,81.5,-0.6679923400277126,17.743541586272674,420.85426092309314,1502.3657733865673,17.75611111111111,357.844,4.11827063263986,3.0837682750911455,8.48048920236846,9.244997424375015
1679511.0,6.4467,-1.7913,8.8052,-0.061,0.0247,9.8064,-0.0552,-0.7259,0.3972,74.19,-85.39,62.82,52.97889,-1.750641,17.97,6,357.08,21 / 23,-4.803937108157213,14.34092924475323,3.0005353000004136,411.89905681672417,1494.5563107387102,177.5571675413623,False,81.59899999999993,-0.5862732583937162,17.760185225151318,420.79458855735515,1504.116092727102,17.7698611111113,358.1093200000037,4.217663849763497,3.4192559803980878,8.895531740630986,9.559781988391705
1679612.0,-1.2155,0.5877,10.0273,0.0794,-0.0111,9.8063,0.0207,-0.6187,0.6723,62.72,-86.05,57.43,52.97889,-1.750641,17.97,6,357.08,21 / 23,-4.77986201749632,14.097931048826933,2.9611049000003695,411.41507496087814,1495.9924731835376,177.85823037146267,False,81.70000000000005,-0.43782330619361803,17.69958575087379,420.753802394893,1505.9017720543172,17.704999999999465,358.5830000000093,4.342038711302702,3.601654702046858,9.338727434014856,9.909298870779594
1679712.0,4.0944,0.6645,10.4353,-0.023,-0.0532,9.8064,-0.0632,-0.4395,0.2314,66.92,-85.96,57.95,52.97889,-1.750641,17.97,6,357.08,21 / 23,-4.648478387046312,14.018158410735426,3.003569900000331,410.94365794065146,1497.3982776565144,178.15646411146244,False,81.79999999999995,-0.34077865047261446,17.6836612072286,420.72031621880427,1507.6697713881897,17.686944444438662,358.8960000000096,4.3076997365736975,3.6655027964931737,9.776658278152809,10.271493731675264
1679811.0,-0.9679,-1.5969,8.5986,0.0374,-0.0107,9.8065,0.161,-0.1565,0.1002,61.95,-86.05,53.53,52.97889,-1.750641,17.97,6,357.08,21 / 23,-4.609171463052784,13.877627128744727,2.9748896000003504,410.4854042730719,1498.7791190407177,178.45239785671228,False,81.89899999999989,-0.270600176270938,17.552307349644067,420.6937951673549,1509.409082431223,17.554394444436824,359.1167700000127,4.338571286781845,3.67468022089934,10.208390894283013,10.629963390505281
1679913.0,-0.5979,0.8589,10.6254,-0.0216,0.0104,9.8066,0.1014,-0.0223,-0.0332,59.93,-86.11,51.8,52.97889,-1.750641,17.97,6,357.08,21 / 23,-4.660857917033877,13.961334779070853,2.955035300000333,410.01263277468706,1500.1989060980175,178.75482402661257,False,82.00099999999998,-0.23111504042773098,17.525749574211474,420.6733016276036,1511.2010998672597,17.527275,359.24447,4.429742876606146,3.564414795140621,10.660668852916558,11.00219376924224
1680011.0,1.494,0.0863,11.2964,-0.0344,0.0195,9.8065,-0.0421,0.2699,-0.2548,57.07,-86.29,49.11,52.97889,-1.750641,17.97,6,357.08,21 / 23,-4.577065593385742,13.978372287032593,3.0681518000002828,409.5599745226767,1501.5679517442559,179.04996019451247,False,82.09899999999993,-0.15736169527543803,17.55896271621113,420.6601750465767,1512.9228421125722,17.559669444444896,359.4865300000034,4.419703898110304,3.580590429178537,11.100200523899957,11.354890368316319
1680112.0,-0.7482,-1.2627,9.7163,-0.0397,0.0196,9.8065,-0.0789,0.3435,-0.2804,62.51,-86.39,50.98,52.97889,-1.750641,17.97,6,357.08,21 / 23,-4.586454730299643,13.951685391894696,3.1388215000003616,409.0972167463301,1502.9784196570433,179.36341234616285,False,82.20000000000005,-0.16201846254140798,17.614254881133423,420.64664663145044,1514.6972907517368,17.614999999992552,359.47300000001496,4.424436267758235,3.6625694892387273,11.549429885120333,11.71887109469344
1680212.0,5.3433,-0.0613,10.1698,-0.0806,0.0016,9.8063,-0.0717,0.2885,-0.2635,65.45,-86.31,53.52,52.97889,-1.750641,17.97,6,357.08,21 / 23,-4.5296165675314715,13.739828717353458,3.1524615000003493,408.64141318143896,1504.3629953625045,179.6779764961626,False,82.29999999999995,-0.006666934563617404,17.363054275598532,420.64664663145044,1516.4319316076255,17.3630555555581,359.97799998445055,4.522949632967854,3.6232255582450748,12.005233450011474,12.068936245120994
1680312.0,0.5721,0.5223,8.9828,-0.0005,-0.0038,9.8066,-0.0468,0.1739,-0.2412,60.63,-86.28,52.8,52.97889,-1.750641,17.97,6,357.08,21 / 23,-4.363196497316648,13.512147737122016,3.1294265000003705,408.19677252819696,1505.725594185227,179.99207089616235,False,82.39999999999986,0.01368316176601941,17.421939071083365,420.64664663145084,1518.1665724635145,17.42194444444871,0.045000000010743404,4.376879659082667,3.9097913339613495,12.449874103253876,12.440978278287503
1680412.0,5.1792,-1.2932,8.3773,-0.0427,0.0005,9.8065,-0.0873,0.1622,-0.1673,63.94,-86.08,51.57,52.97889,-1.750641,17.97,6,357.08,21 / 23,-4.249684715144431,13.268007907507661,3.016766500000217,407.7661284675733,1507.0646019674602,180.2993805461628,False,82.5,0.07145855511423571,17.49679852335496,420.6533438666815,1519.912332811706,17.496944444444445,0.2339999999999999,4.321143270258666,4.2287906158473,12.887215399108186,12.847730844245689
1680512.0,0.124,-0.011,10.3064,0.0494,-0.0282,9.8065,0.0494,0.033,-0.1177,54.31,-86.2,43.67,52.97889,-1.750641,17.97,6,357.08,21 / 22,-4.171482376110741,13.031654255787751,2.970286500000259,407.34507011301093,1508.379585075624,180.59873319616256,False,82.59999999999991,0.10351804464065457,17.495804869362154,420.6667383371038,1521.6692126524458,17.4961111111116,0.33900000000271474,4.275000420751396,4.464150613574402,13.321668224092889,13.289627576821886
1680612.0,5.5245,0.2592,10.5242,-0.011,0.0104,9.8066,0.1292,-0.3641,0.1166,55.26,-86.25,40.9,52.97889,-1.750641,17.97,6,357.08,21 / 22,-3.983169587151265,12.838226285697175,3.0311515000003424,406.9373375148473,1509.6730791027,180.898805096163,False,82.70000000000005,0.16462028419051877,17.531171557116426,420.68683004273066,1523.4149730007641,17.53194444444241,0.5380000000067984,4.147789871341784,4.692945271419251,13.749492527883376,13.741893898064063
1680712.0,2.114,-1.4372,9.4966,0.0735,0.0032,9.8063,0.0327,-0.4817,0.2137,54.98,-86.25,37.43,52.97889,-1.750641,17.97,6,357.08,21 / 22,-3.796035198064214,12.522254339224611,3.0515265000003238,406.54837727558686,1510.941103133945,181.20293899616274,False,82.79999999999995,0.2340700339864836,17.46148677964419,420.706921748385,1525.1607333490786,17.463055555557847,0.7680000000159843,4.030105232050698,4.939232440419579,14.158544472798155,14.21963021513352
1680812.0,-1.2282,0.8768,9.5661,0.0293,-0.0276,9.8065,0.0612,-0.527,0.2484,50.95,-86.42,34.26,52.97889,-1.750641,17.97,6,357.08,21 / 22,-3.782804582427193,12.50180133832462,3.023996500000349,406.16943528656265,1512.1923059178214,181.5067151461625,False,82.89999999999986,0.3478794432349865,17.51265623340706,420.7471051596645,1526.9064936973923,17.51611111110331,1.1379999999882902,4.1306840256621795,5.01085489508244,14.577669873101854,14.71418777957092
1680912.0,2.0199,-0.0852,10.402,0.0196,-0.0139,9.8065,0.0143,-0.3348,0.1167,48.97,-86.25,35.24,52.97889,-1.750641,17.97,6,357.08,21 / 22,-3.7099912398964254,12.530979162236866,3.0417365000003733,405.79479549544595,1513.4439449428512,181.81000179616294,False,83.0,0.28268068440194316,17.376589729950226,420.7738941005338,1528.6411345531587,17.378888888888888,0.932,3.9926719242983686,4.84561056771336,14.97909860508787,15.197189610307532
1681012.0,3.4872,0.6845,9.2802,-0.0117,0.0089,9.8066,0.0411,-0.2249,0.0014,56.64,-86.14,37.61,52.97889,-1.750641,17.97,6,357.08,21 / 22,-3.506490257835412,12.357215419637926,3.0451815000003704,405.4339714205597,1514.688354671944,182.1143476961627,False,83.09999999999991,0.4060393351304855,17.436384053135836,420.82077474703203,1530.3868949007658,17.44111111111111,1.334000000008472,3.9125295929658974,5.079168633497909,15.386803326472318,15.698540228821912
1681112.0,3.1413,0.5949,8.9176,0.0191,0.0193,9.8066,0.0857,-0.3876,-0.0257,58.33,-86.36,39.63,52.97889,-1.750641,17.97,6,357.08,21 / 22,-3.2556957257828048,12.14303364305798,2.9744065000002737,405.09586212137833,1515.9133671250804,182.41532709616314,False,83.20000000000005,0.5949959413327378,17.430959142282475,420.8810498639906,1532.1326552504472,17.44111111111111,1.955,3.8506916671155427,5.287925499224496,15.785187742612266,16.219288125366802
