time,acc_x,acc_y,acc_z,grav_x,grav_y,grav_z,gyro_yaw,gyro_pitch,gyro_roll,orient_yaw,orient_pitch,orient_roll,gps_lat,gps_lon,gps_speed,gps_accuracy,gps_orient,gps_sats,ins_vel_x,ins_vel_y,ins_vel_z,ins_pos_x,ins_pos_y,ins_pos_z,ins_is_reset,_t_sec,true_vel_x,true_vel_y,true_pos_x,true_pos_y,true_speed_ms,true_heading,err_vel_x,err_vel_y,err_pos_x,err_pos_y
3303496.0,-2.9346,1.7077,10.7054,0.0894,-0.091,9.8057,-0.0679,0.5829,-0.2636,314.89,-87.16,90.11,53.043278,-1.809921,14.83,3,240.48,19 / 19,-13.079959703835119,-6.943906988828858,0.0,0.0,0.0,0.0,False,0.0,-13.079959703835119,-6.943906988828858,0.0,0.0,14.808888888888887,242.037,0.0,0.0,0.0,0.0
3303597.0,1.1261,-1.0037,9.7879,0.015,-0.0432,9.8065,0.0806,0.3032,-0.125,325.5,-87.52,101.37,53.043278,-1.809921,14.83,3,240.48,19 / 19,-13.096558482078343,-7.01109523004524,0.04444000000004966,-1.321914168390106,-0.7047276120539289,0.0022442200000050137,False,0.10100000000011278,-12.922749568640503,-7.238850211120772,-1.2960534110295145,-0.7525672630860613,14.812130555552772,240.74391999998247,0.17380891343784022,-0.22775498107553194,0.025860757360591347,-0.04783965103213239
3303696.0,-0.9103,1.8118,10.1259,0.007,-0.0165,9.8066,0.0605,0.3228,-0.1485,331.43,-87.4,105.09,53.043278,-1.809921,14.83,3,240.48,19 / 19,-13.035332380370798,-6.986779223683727,0.05931475000000545,-2.6154427660774884,-1.3976223975114503,0.0073800801249924546,False,0.1999999999998181,-12.631595043418445,-7.3969910846745295,-2.533678458655983,-1.5011315085835117,14.638055555560278,239.6470000000225,0.4037373369523536,-0.41021186099080253,0.08176430742150531,-0.1035091110720614
3303797.0,1.2022,-0.4722,9.2869,0.0272,0.0019,9.8066,-0.0371,-0.4064,0.2821,331.29,-87.4,106.91,53.043278,-1.809921,14.83,3,240.48,19 / 19,-12.984952092557528,-6.9477533748975,0.049189499999994155,-3.929467131961836,-2.101316293740588,0.012859544749998553,False,0.3009999999999309,-12.885484398036311,-7.2985420435710715,-3.8298655730327673,-2.2310150078202917,14.808930555546313,240.47210000000044,0.09946769452121629,-0.3507886686735713,0.09960155892906863,-0.12969871407970368
3303896.0,0.2553,-0.0662,8.9099,-0.0472,0.0627,9.8063,-0.0264,0.0231,-0.0923,321.62,-87.72,95.56,53.043278,-1.809921,14.83,3,240.48,19 / 19,-12.839354121070409,-6.955412768533748,-0.020927250000119177,-5.207770289538486,-2.7895230178415478,0.014258526124994626,False,0.40000000000009095,-12.698890859921104,-7.1899541984236555,-5.080727252077077,-2.9355460625649146,14.59305555555853,240.48199999999986,0.1404632611493053,-0.23454142988990778,0.12704303746140866,-0.1460230447233668
3303996.0,-1.3471,2.758,9.7219,-0.0237,0.0236,9.8066,-0.0526,0.3007,0.0823,315.29,-88.16,91.04,53.043278,-1.809921,14.83,3,240.48,19 / 19,-12.898815885177159,-6.910643170236773,-0.07000225000007448,-6.494678789849694,-3.482825814779443,0.009712051124989077,False,0.5,-12.535293313445381,-7.246008901642451,-6.324168395386535,-3.669432578218279,14.47888888888889,239.97,0.36352257173177804,-0.3353657314056777,0.1705103944631583,-0.18660676343883598
3304096.0,-1.5816,4.2047,9.7275,0.0086,-0.0456,9.8065,0.0327,-0.1341,0.2721,326.44,-88.11,101.63,53.043278,-1.809921,14.83,3,240.48,19 / 19,-13.15322596124559,-6.74275925133444,-0.07819725000006703,-7.797280882169646,-4.165495935857383,0.0023020761249887417,False,0.599999999999909,-12.408036078784669,-7.7865644764901765,-7.567609538668958,-4.458916558121837,14.648888888887129,237.890000000003,0.745189882460922,-1.0438052251557366,0.22967134350068807,-0.2934206222644544
3304196.0,-1.3746,3.234,10.5261,-0.0231,0.0154,9.8066,0.0827,0.2233,-0.2246,342.01,-88.21,116.11,53.043278,-1.809921,14.83,3,240.48,19 / 19,-13.383615073698213,-6.509175960248187,-0.046182250000096146,-9.12412293391563,-4.828092696435911,-0.003916898875013761,False,0.6999999999998181,-12.32840789459244,-7.670773023915119,-8.797680347098627,-5.226161551759156,14.519999999995633,238.11000000000772,1.055207179105773,-1.1615970636669326,0.3264425868170022,-0.39806885532324454
3304296.0,1.1233,-0.6264,9.5353,0.0309,-0.013,9.8066,0.0449,0.0749,0.0912,334.74,-88.22,111.4,53.043278,-1.809921,14.83,3,240.48,19 / 19,-13.36963639313493,-6.41645279650166,-0.023777250000116514,-10.461785507256069,-5.474374134272816,-0.007414873875021212,False,0.7999999999997272,-12.229748045387325,-7.526145278040507,-10.014380820649508,-5.971167559837558,14.359999999993986,238.39200000002276,1.1398883477476058,-1.109692481538847,0.44740468660656063,-0.49679342556474193
3304396.0,0.8484,0.7286,10.0907,0.0325,-0.0256,9.8066,0.0133,-0.0834,-0.1598,332.69,-88.23,109.42,53.043278,-1.809921,14.83,3,240.48,19 / 19,-13.21657571319252,-6.399112119622234,-0.023142250000114176,-11.791096112577277,-6.115152380081342,-0.009760848875041282,False,0.900000000000091,-12.176317787167243,-7.3313186652388795,-11.231081294090819,-6.693934583723602,14.213055555557562,238.94799999999242,1.0402579260252782,-0.932206545616646,0.560014818486458,-0.5787822036422607
3304496.0,0.302,1.3976,9.0886,-0.0094,0.012,9.8066,0.1123,0.002,-0.0418,332.47,-88.39,108.96,53.043278,-1.809921,14.83,3,240.48,18 / 19,-13.14598949003717,-6.30711970707192,-0.044842250000094404,-13.109224372737563,-6.7504639714154715,-0.01316007387504862,False,1.0,-12.175677962557234,-7.332381221500062,-12.441096600215506,-7.427821099377119,14.213055555555556,238.943,0.9703115274799359,-1.0252615144281414,0.6681277725220571,-0.6773571279616473
3304596.0,0.7526,0.0668,10.8163,-0.0311,-0.0181,9.8066,0.0538,-0.083,0.0839,324.12,-88.59,100.89,53.043278,-1.809921,14.83,3,240.48,18 / 19,-13.066076305579221,-6.236935909319126,-0.030262250000107627,-14.419827662517191,-7.377666752234453,-0.016915298875055305,False,1.099999999999909,-12.20639723879787,-7.196719144767018,-13.664482241192584,-8.139468629472173,14.169999999999591,239.47700000000356,0.8596790667813519,-0.9597832354478921,0.7553454213246074,-0.76180187723772
3304696.0,-1.6408,1.6638,9.9434,-0.0163,0.0058,9.8065,-0.0556,0.1625,0.0944,340.17,-88.8,116.04,53.043278,-1.809921,14.83,3,240.48,18 / 19,-13.07487859965613,-6.189737052723723,0.02705774999984032,-15.72687540777777,-7.999000400336031,-0.017075523875068523,False,1.199999999999818,-12.213017489163075,-7.126135264596814,-14.88118271476968,-8.851116159567228,14.13999999999765,239.7369999999914,0.861861110493054,-0.9363982118730911,0.8456926930080897,-0.8521157592311974
3304796.0,-0.538,-0.3563,11.0505,-0.008,-0.0257,9.8065,0.1622,-0.0307,-0.171,350.63,-88.96,125.98,53.043278,-1.809921,14.83,3,240.48,18 / 19,-13.143743982655037,-6.204359330405161,0.0960877499997776,-17.037806536892138,-8.618705219491911,-0.010918248875093229,False,1.2999999999997272,-12.099518860913223,-7.14936614222189,-16.084512853414285,-9.562763691077386,14.053888888885659,239.4219999999865,1.044225121741814,-0.9450068118167287,0.9532936834778525,-0.9440584715854747
3304896.0,-1.6319,1.6318,8.4323,-0.0218,-0.032,9.8065,0.1498,0.1121,-0.22,348.01,-89.2,123.37,53.043278,-1.809921,14.83,3,240.48,18 / 19,-13.20684101205193,-6.210746104578163,0.08956274999975387,-18.355335786632278,-9.239460491243335,-0.001635723875082885,False,1.400000000000091,-11.99045487880236,-7.178413250812098,-17.2744726571257,-10.285530714256106,13.975000000001076,239.0920000000045,1.2163861332495696,-0.9676671462339348,1.0808631295065787,-1.0460702230127712
3304996.0,-1.2831,0.2539,9.0666,0.0088,-0.01,9.8066,-0.0971,-0.0296,0.1596,350.75,-89.26,128.13,53.043278,-1.809921,14.83,3,240.48,18 / 19,-13.311709736472165,-6.193017350060354,-0.01615725000014996,-19.681263324057277,-9.859648663974697,0.0020345511248939727,False,1.5,-12.089287555172497,-7.374699608091567,-18.48448796322344,-11.030536723042438,14.16111111111111,238.616,1.2224221812996685,-1.1816822580312127,1.1967753608338363,-1.1708880590677406
3305097.0,-0.645,-0.1842,10.4917,0.0185,0.0463,9.8065,0.0152,0.0164,0.0296,337.64,-89.38,111.05,53.043278,-1.809921,14.83,3,240.48,18 / 19,-13.342781761120305,-6.253906384582893,-0.018934750000153048,-21.0273151446872,-10.488218312574883,0.00026240512487669216,False,1.6010000000001128,-12.030052615777825,-7.1647730413045485,-19.693099384183792,-11.7493007284399,14.002005555555652,239.223119999997,1.3127291453424803,-0.9108666567216552,1.3342157605034082,-1.2610824158650171
3305196.0,-0.3753,-0.4104,10.3639,-0.0083,-0.0065,9.8066,0.0322,-0.0975,0.0683,357.47,-89.38,132.52,53.043278,-1.809921,14.83,3,240.48,18 / 19,-13.32920598532089,-6.3399853257799395,0.042559099999663924,-22.34757853813211,-11.111615952235988,0.0014318104498489998,False,1.699999999999818,-12.011903703010177,-7.206926520874922,-20.877777905714698,-12.45383178323346,14.008055555560876,239.03699999999634,1.3173022823107132,-0.8669411950949826,1.4698006324174138,-1.3422158309974712
3305297.0,-1.1814,-0.1566,10.5128,-0.0052,-0.0077,9.8066,0.0248,0.0524,-0.0023,6.55,-89.17,141.35,53.043278,-1.809921,14.83,3,240.48,18 / 19,-13.36155583446918,-6.42171807215963,0.1063607999997352,-23.695462010033015,-11.756081973832655,0.008952265399827054,False,1.8009999999999309,-12.160895949791081,-7.335440859009539,-22.099826513200746,-13.206065462252418,14.20197499999542,238.90164999999428,1.2006598846780978,-0.9137227868499096,1.5956354968322692,-1.4499834884197629
3305397.0,-0.5541,-4.2157,9.4298,0.0284,-0.0419,9.8065,0.105,-0.144,-0.094,9.85,-89.04,148.59,53.043278,-1.809921,14.83,3,240.48,18 / 19,-13.445572229359701,-6.688976693561102,0.12282579999972032,-25.03581841322324,-12.411616712118096,0.020411595399789408,False,1.90099999999984,-12.051649877143591,-7.306495232414099,-23.303022948437224,-13.928610095573152,14.093519444446812,238.77307999999186,1.3939223522161104,-0.6175185388529965,1.7327954647860153,-1.5169933834550555
3305496.0,-2.8731,1.7592,9.815,0.0025,0.009,9.8066,0.0062,0.1381,-0.1707,10.38,-89.07,145.02,53.043278,-1.809921,14.83,3,240.48,17 / 20,-13.59606807507965,-6.84253107162261,0.10458504999969087,-26.37437960829515,-13.081426346495773,0.03166843247477846,False,2.0,-11.98932817658562,-7.125536415635659,-24.481083154194856,-14.622132852867619,13.946944444444444,239.276,1.6067398984940304,-0.28300534401304844,1.8932964541002946,-1.540706506371846
3305597.0,-1.4437,1.9375,10.0343,-0.0388,0.0091,9.8065,-0.0601,-0.0873,0.148,354.95,-89.12,130.12,53.043278,-1.809921,14.83,3,240.48,17 / 20,-13.75911908837203,-6.697263281280132,0.1165030499997042,-27.755816560051002,-13.765185961318124,0.04283338152476038,False,2.1010000000001128,-11.999145269200937,-7.234275267665278,-25.689694575154938,-15.363247039462218,14.011219444444613,238.91425999999566,1.7599738191710923,-0.5370119863851457,2.066121984896064,-1.5980610781440934
3305696.0,-0.761,1.2101,12.3793,-0.0409,0.0053,9.8066,-0.0029,-0.0581,0.0447,2.52,-88.99,139.4,53.043278,-1.809921,14.83,3,240.48,17 / 20,-13.825526804648415,-6.601881779150598,0.2551178999992917,-29.12125653175145,-14.423493641807486,0.06122861854965592,False,2.199999999999818,-11.973921256197684,-7.296583841328915,-26.87437309665917,-16.07878639245709,14.021944444447255,238.6429999999884,1.8516055484507312,-0.6947020621783171,2.246883435092279,-1.655292750649604
3305796.0,-2.9414,0.8739,10.0718,-0.0232,-0.0143,9.8065,0.1313,0.0678,-0.088,13.24,-88.43,147.53,53.043278,-1.809921,14.83,3,240.48,17 / 20,-13.954919014883348,-6.526356720615792,0.39700789999916275,-30.510278822726775,-15.079905566795208,0.09383490854954898,False,2.299999999999727,-12.007072062146705,-7.439478845624556,-28.071018067906255,-16.823792399826804,14.12500000000307,238.218000000071,1.9478469527366435,-0.9131221250087647,2.43926075482052,-1.7438868330315955
3305896.0,-0.2185,0.9407,9.8749,-0.0145,-0.0641,9.8063,0.1232,-0.1604,0.0957,11.33,-87.69,149.24,53.043278,-1.809921,14.83,3,240.48,17 / 20,-14.055224454481236,-6.46778416243163,0.41367789999922344,-31.9107859962001,-15.729612610949943,0.13436919854961576,False,2.400000000000091,-12.291732433161076,-7.110085357542799,-29.30777404367821,-17.51320094643819,14.199999999998976,239.95299999997633,1.7634920213201593,-0.6423011951111688,2.6030119525218893,-1.783588335488247
3305996.0,-1.8771,-0.2673,10.1398,0.0026,-0.0059,9.8066,-0.0466,0.0512,-0.1248,3.03,-87.55,141.59,53.043278,-1.809921,14.83,3,240.48,17 / 20,-14.11117777110329,-6.490343247421684,0.4337478999992052,-33.31910610747805,-16.37751898144202,0.17674048854949867,False,2.5,-12.359351195015599,-6.975508952934119,-30.544530019534534,-18.20260949097463,14.191944444444445,240.56,1.7518265760876908,-0.48516570551243454,2.7745760879435153,-1.825090509532611
3306096.0,-1.2563,-3.0665,9.8966,0.0299,0.0089,9.8065,-0.0939,-0.2307,0.0989,359.37,-87.54,134.42,53.043278,-1.809921,14.83,3,240.48,17 / 20,-14.220399364424557,-6.710794456267479,0.454902899999186,-34.73568496425315,-17.03757586662588,0.22117302854937781,False,2.599999999999909,-11.955339040519469,-7.4374907345345465,-31.721119488448508,-18.9698544846121,14.080000000002006,238.114000000008,2.2650603239050877,-0.7266962782670676,3.0145654758046447,-1.9322786179862206
3306196.0,-2.4399,-1.1368,10.164,-0.0075,0.0237,9.8066,0.0186,-0.1021,0.0426,352.01,-87.36,129.55,53.043278,-1.809921,14.83,3,240.48,17 / 20,-14.342820154481291,-6.991305912267963,0.47726789999916563,-36.16384594019715,-17.72268088505203,0.267781568549253,False,2.699999999999818,-12.156209304267698,-7.391381709542187,-32.93781996199921,-19.703741000973395,14.22694444444483,238.69899999998864,2.1866108502135937,-0.4000757972742237,3.2260259781979386,-1.981060115921366
3306296.0,-0.8169,0.0855,10.1547,-0.0288,-0.018,9.8065,-0.0262,0.0578,-0.0699,346.93,-87.37,126.93,53.043278,-1.809921,14.83,3,240.48,17 / 20,-14.439340875921726,-7.117028902024502,0.5125378999991336,-37.60295399171599,-18.42809762576601,0.31727185854912293,False,2.799999999999727,-12.114143997918362,-7.487106308642103,-34.147835268098596,-20.448747009051342,14.241111111118183,238.28200000005063,2.3251968780033643,-0.37007740661760113,3.455118723617396,-2.020649383285331
3306396.0,-0.0446,-2.7387,9.3113,0.0117,-0.0083,9.8066,0.0206,0.0577,0.0153,354.45,-87.29,129.98,53.043278,-1.809921,14.83,3,240.48,17 / 20,-14.41301562194957,-7.30716405746685,0.5051728999991068,-39.0455718166148,-19.1493072737432,0.3681573985492201,False,2.900000000000091,-12.421852244468484,-7.311482730456153,-35.39127641132297,-21.16039453980518,14.41388888888653,239.51899999998312,1.9911633774810866,-0.004318672989302996,3.6542954052918333,-2.0110872660619776
3306497.0,-1.1681,0.263,9.1032,0.0032,-0.0005,9.8066,-0.0509,0.0954,-0.0023,353.04,-87.31,130.52,53.043278,-1.809921,14.83,3,240.48,18 / 20,-14.40801146780177,-7.491097603034988,0.44463349999931173,-40.501033684642316,-19.896619487596013,0.4161226217489778,False,3.000999999999749,-12.464219516493433,-7.291535968779063,-36.64675085598928,-21.89083401296751,14.440363888889264,239.67235000000278,1.943791951308338,0.1995616342559252,3.8542828286530337,-1.994214525371497
3306596.0,-1.2914,-1.3713,9.9855,0.0028,-0.0134,9.8066,0.0331,-0.0943,-0.0321,354.12,-87.5,129.62,53.043278,-1.809921,14.83,3,240.48,18 / 20,-14.470505755592264,-7.610165055665208,0.4186657999992698,-41.93052028720263,-20.64413198920288,0.45885593709897665,False,3.099999999999909,-12.181491627951686,-7.459272317615799,-37.838047693278305,-22.65040655666991,14.28388888889189,238.5190000000243,2.289014127640577,0.15089273804940895,4.092472593924327,-2.006274567467031
3306696.0,-1.4128,1.1705,8.5511,-0.0011,0.0362,9.8065,-0.0017,-0.0305,-0.0783,351.13,-87.81,126.8,53.043278,-1.809921,14.83,3,240.48,18 / 20,-14.552049010042692,-7.68856184754476,0.3648307999993188,-43.38164802548306,-21.409068334362683,0.49803076709887045,False,3.199999999999818,-12.598660389597283,-7.185857588967688,-39.11491467377208,-23.33981510191368,14.503888888892275,240.30100000001713,1.9533886204454092,0.5027042585770714,4.2667333517109824,-1.9307467675509962
3306796.0,-0.7572,0.2015,9.6491,0.0028,0.0343,9.8065,-0.0953,0.0083,0.1707,347.07,-87.83,123.05,53.043278,-1.809921,14.83,3,240.48,18 / 20,-14.612554567810115,-7.687332651756777,0.29417579999938315,-44.83987820437437,-22.17786305932706,0.5309810970987756,False,3.299999999999727,-12.78518777441448,-7.1076707091366185,-40.39178165423954,-24.02922364715881,14.628055555560216,240.92899999999895,1.827366793395635,0.5796619426201586,4.448096550134835,-1.8513605878317492
3306897.0,-1.1196,-0.1391,10.0926,0.0176,-0.0182,9.8065,-0.0432,0.0086,0.0114,344.37,-87.85,120.53,53.043278,-1.809921,14.83,3,240.48,18 / 20,-14.643891992265655,-7.752002018775656,0.3006599999993904,-46.31732875565985,-22.957549460189817,0.5610203049987472,False,3.40099999999984,-12.879370670839887,-7.170100351374915,-41.68783506517673,-24.75944073112348,14.740725000001953,240.89472000001325,1.764521321425768,0.5819016674007411,4.629493690483123,-1.8018912709336625
3306997.0,-1.0447,0.4291,10.6368,0.0104,-0.0451,9.8065,0.123,0.027,-0.1617,343.41,-87.9,119.61,53.043278,-1.809921,14.83,3,240.48,18 / 20,-14.690574704631164,-7.809797982910722,0.3564649999993396,-47.78405209050336,-23.73563946027343,0.5938765549986539,False,3.500999999999749,-12.67170174996032,-7.2940828261711035,-42.9381619309352,-25.504335544285635,14.62106944444419,240.07442000000012,2.0188729546708437,0.5157151567396188,4.845890159568157,-1.7686960840122055
3307097.0,0.2586,0.2618,10.8316,-0.0002,-0.0157,9.8066,0.1227,0.1441,-0.0889,343.28,-87.53,119.69,53.043278,-1.809921,14.83,3,240.48,18 / 20,-14.676208240810803,-7.828971463230984,0.4492199999996771,-49.2523912377808,-24.517577932583357,0.6341608049987513,False,3.6010000000001128,-12.754547350831354,-7.357616854079464,-44.208210040632885,-26.23799967078696,14.724574999996252,240.0210400000064,1.9216608899794494,0.47135460915152017,5.044181197147914,-1.7204217382036013
3307197.0,-0.1006,-2.1456,9.027,0.0202,-0.0329,9.8065,-0.0455,0.104,-0.1011,348.4,-87.29,124.49,53.043278,-1.809921,14.83,3,240.48,18 / 20,-14.590917806035943,-7.962506511583222,0.46148499999966597,-50.715747540121804,-25.30715183132335,0.679696054998677,False,3.701000000000022,-12.606787542744577,-7.15531770558281,-45.465823738889476,-26.949980785662834,14.495850000017239,240.42174000000216,1.984130263291366,0.8071888060004122,5.2499238012323275,-1.6428289543394854
3307297.0,0.2543,0.7043,11.2329,-0.0138,-0.0313,9.8066,0.0265,0.0727,0.0047,354.3,-86.73,129.95,53.043278,-1.809921,14.83,3,240.48,18 / 20,-14.509580978807962,-8.081540215244974,0.49381499999963663,-52.170772479362675,-26.10935416766403,0.7274610549985987,False,3.800999999999931,-13.119048686490585,-7.419765652932968,-46.80258981960014,-27.693986039404923,15.071949999987075,240.50900000005933,1.3905322923173777,0.6617745623120062,5.368182659762532,-1.5846318717408927
3307397.0,0.2348,-1.3862,10.9383,-0.0165,-0.0222,9.8066,0.1348,0.1606,-0.0697,359.98,-86.42,134.99,53.043278,-1.809921,14.83,3,240.48,18 / 20,-14.438369965311207,-8.169136477641276,0.6217099999995204,-53.61817002656732,-26.921888002307604,0.7832373049985059,False,3.90099999999984,-13.024789334245872,-6.963587917034548,-48.1118798620702,-28.340806927937003,14.76960000000064,241.86913000004142,1.4135806310653347,1.2055485606067275,5.506290164497123,-1.4189189256293986
3307496.0,-0.2466,1.0692,9.4949,0.0042,-0.0326,9.8066,0.1073,-0.0283,-0.1272,1.85,-86.42,138.48,53.043278,-1.809921,14.83,3,240.48,17 / 21,-14.391041760069188,-8.241729100456322,0.662295049999586,-55.04522590697596,-27.73422584842475,0.8467955549735644,False,4.0,-12.666673868729374,-7.5185286528182065,-49.30979501513657,-29.166429258049465,14.729999999999999,239.308,1.7243678913398135,0.7232004476381153,5.7354308918393855,-1.4322034096247158
3307596.0,-0.2187,-0.7417,10.7131,-0.0088,-0.0168,9.8066,0.0144,-0.1336,0.1629,5.26,-86.26,139.63,53.043278,-1.809921,14.83,3,240.48,17 / 21,-14.372016122754843,-8.28374373710281,0.692030049999559,-56.483378801115855,-28.560499490301954,0.91451180997346,False,4.099999999999909,-12.836302542888687,-7.402979634910415,-50.600032330455974,-29.88919628198481,14.818055555553467,240.02700000000175,1.5357135798661563,0.8807641021923951,5.88334647065988,-1.3286967916828551
3307696.0,-1.377,-1.5685,10.9694,-0.0106,0.0262,9.8066,-0.0675,-0.1041,0.2215,3.47,-86.07,139.87,53.043278,-1.809921,14.83,3,240.48,17 / 21,-14.416700897081002,-8.4543367747112,0.795490049999465,-57.92281465210634,-29.39740351589189,0.9888878149733435,False,4.199999999999818,-12.720307115318608,-7.297671676101657,-51.86352897607133,-30.611963304505814,14.665000000006874,240.15700000000155,1.696393781762394,1.156665098609543,6.05928567603501,-1.214559788613922
3307796.0,-0.7934,-0.0319,9.1522,0.0101,0.017,9.8066,0.002,-0.086,-0.1637,1.22,-85.7,137.89,53.043278,-1.809921,14.83,3,240.48,17 / 21,-14.484687486689491,-8.588193350758726,0.820905049999442,-59.36788407129355,-30.249530022164613,1.0697075699732155,False,4.299999999999727,-12.946090757393991,-7.410395782937799,-53.15376629141685,-31.34584982157504,14.91694444443851,240.2129999999827,1.5385967292955005,1.1777975678209263,6.214117779876702,-1.096319799410427
3307896.0,-1.9541,-2.1002,9.1249,0.0368,-0.0161,9.8066,-0.0644,-0.1134,-0.0763,2.1,-85.91,136.82,53.043278,-1.809921,14.83,3,240.48,17 / 21,-14.579981363372827,-8.748760324248535,0.7540950499991991,-60.82111751380196,-31.11637770591813,1.148457574973434,False,4.400000000000091,-12.765852008491755,-7.432588053100913,-54.423948104371114,-32.10197532132109,14.771944444446424,239.79100000000577,1.8141293548810715,1.3161722711476216,6.397169409430845,-0.9855976154029626
3307996.0,-1.6876,0.5094,9.1112,0.0116,0.0112,9.8066,-0.0269,-0.1053,0.0779,350.69,-86.26,126.88,53.043278,-1.809921,14.83,3,240.48,17 / 21,-14.718050001947347,-8.892370107097241,0.6852350499992618,-62.28601908206664,-31.998434227484616,1.2204240799732917,False,4.5,-12.844360742700227,-7.342644081758373,-55.70750025229099,-32.82474234454958,14.795,240.245,1.8736892592471204,1.5497260253388676,6.578518829775646,-0.8263081170649613
3308096.0,0.2259,0.4202,9.2629,0.0291,0.0304,9.8065,-0.0095,0.0282,-0.0324,339.53,-86.51,116.98,53.043278,-1.809921,14.83,3,240.48,17 / 21,-14.74185112886894,-8.900015098111043,0.6232750499993182,-63.75901413860611,-32.88805348774422,1.2858495849731613,False,4.599999999999909,-12.911177287808076,-7.328609429237166,-56.99773756763742,-33.55862886020355,14.846111111113075,240.41999999999663,1.8306738410608627,1.5714056688738767,6.76127657096869,-0.6705753724593251
3308197.0,-0.7118,-0.0755,9.7778,0.0153,-0.0107,9.8066,-0.0023,-0.0816,0.0214,337.41,-86.66,114.98,53.043278,-1.809921,14.83,3,240.48,17 / 21,-14.704464890551456,-8.929489800091815,0.5943587499992858,-65.2460530975885,-33.78844348510447,1.3473400918731595,False,4.701000000000022,-13.005707685943268,-7.454119417646937,-58.30782983029092,-34.32198203234893,14.99041944444568,240.18114000002106,1.6987572046081887,1.4753703824448783,6.93822326729758,-0.5335385472444543
3308296.0,-0.094,-1.7736,10.5811,-0.0253,0.0235,9.8065,-0.0868,0.2271,-0.0675,335.57,-86.62,113.14,53.043278,-1.809921,14.83,3,240.48,17 / 21,-14.637763666620698,-9.06138556589306,0.631265949999176,-66.6984934111642,-34.67899181571807,1.4080085145229029,False,4.799999999999727,-13.13296410425195,-7.313317141845992,-59.61163803554073,-35.037521384643846,15.031944444441955,240.8879999999795,1.5047995623687473,1.7480684240470676,7.086855375623465,-0.3585295689257748
3308396.0,3.2082,-1.2732,10.3206,0.027,-0.0189,9.8066,0.0421,0.1269,-0.115,337.03,-86.45,114.58,53.043278,-1.809921,14.83,3,240.48,17 / 21,-14.366331595956296,-9.173250654203045,0.6956859499994104,-68.14869817429832,-35.590723626726195,1.4743561095230735,False,4.900000000000091,-13.01562702493239,-7.397811909551957,-60.90187535079907,-35.78252739337967,14.97111111111194,240.38700000000682,1.3507045710239058,1.7754387446510878,7.246822823499251,-0.19180376665347154
3308496.0,2.1664,0.4408,8.8558,0.0107,-0.0205,9.8066,0.0776,-0.0184,0.0304,334.35,-86.62,114.04,53.043278,-1.809921,14.83,3,240.48,17 / 18,-14.038855107451607,-9.134958738940517,0.6738409499994303,-69.56895750946742,-36.50613409638254,1.5428324545229533,False,5.0,-12.952719563554469,-7.700549866963551,-62.17874233126644,-36.58313086570841,15.068888888888889,239.268,1.0861355438971376,1.4344088719769656,7.390215178200982,-0.07699676932587352
3308596.0,4.1959,1.6146,8.6011,-0.016,0.0224,9.8065,-0.1649,0.3213,-0.0742,330.27,-86.88,110.45,53.043278,-1.809921,14.83,3,240.48,17 / 18,-13.739995523922959,-8.922503216200248,0.5660209499995286,-70.95790004103489,-37.40900719413876,1.6048255495228447,False,5.099999999999909,-12.71721502522333,-7.576469876076194,-63.428868642002094,-37.35037585934619,14.80305555555528,239.21500000000003,1.0227804986996283,1.3460333401240536,7.529031399032796,0.05863133479257243
3308697.0,0.7012,3.0028,10.8126,0.0354,0.0131,9.8065,-0.1193,0.1357,0.0378,330.18,-87.24,107.93,53.043278,-1.809921,14.83,3,240.48,17 / 18,-13.570775384273055,-8.623652273644472,0.5559411499995174,-72.33709397190033,-38.295088046376904,1.6614846355728599,False,5.201000000000022,-12.699416654133143,-7.5667641620096795,-64.70486655072625,-38.11417381119697,14.78280555555482,239.2119999999823,0.8713587301399119,1.0568881116347928,7.632227421174079,0.18091423517993377
3308797.0,1.775,3.7572,9.3636,-0.0006,0.0133,9.8066,-0.0303,0.4551,-0.1091,334.55,-87.49,111.71,53.043278,-1.809921,14.83,3,240.48,17 / 18,-13.547033085071025,-8.296697687111127,0.5840861499994918,-73.6929843953663,-39.14110554441392,1.7184860005727585,False,5.300999999999931,-12.599410413035287,-7.677771232571312,-65.95526026815926,-38.88008446500908,14.754574999985246,238.64350000010808,0.9476226720357381,0.6189264545398148,7.737724127207031,0.2610210794048413
3308896.0,-0.672,4.5015,10.0682,0.0459,-0.0334,9.8065,0.0231,-0.0961,0.0745,332.3,-87.58,111.59,53.043278,-1.809921,14.83,3,240.48,17 / 18,-13.613254801363125,-7.938672667392125,0.5751018999994773,-75.03741864574695,-39.94475637696313,1.7758658090478001,False,5.400000000000091,-12.62370010662729,-6.949121931443517,-67.21935857873301,-39.507557435848895,14.410000000004748,241.16799999996522,0.9895546947358351,0.9895507359486082,7.8180600670139455,0.4371989411142323
3308996.0,1.2616,1.1825,10.0544,-0.0141,-0.0077,9.8066,0.0041,0.3061,-0.1796,333.76,-87.77,112.77,53.043278,-1.809921,14.83,3,240.48,17 / 18,-13.648905465856545,-7.70341076821465,0.6005668999994541,-76.4005266591067,-40.726860548742756,1.8346492490476933,False,5.5,-12.597077529913769,-6.5213390270205736,-68.49622555922679,-40.11912953269881,14.185,242.63,1.051827935942777,1.1820717411940764,7.904301099879916,0.6077310160439495
3309096.0,3.8795,1.0154,9.4266,0.0179,-0.0399,9.8065,0.1034,-0.2594,0.1738,342.43,-87.91,120.5,53.043278,-1.809921,14.83,3,240.48,17 / 18,-13.383619890109495,-7.550669339737194,0.5939518999994602,-77.75215292690378,-41.489564554139655,1.8943751890475846,False,5.599999999999909,-12.16884771827802,-6.613746684681095,-69.68618536301827,-40.80853807794257,13.849999999991747,241.4759999999844,1.2147721718314752,0.9369226550560992,8.065967563885508,0.6810264761970828
3309196.0,3.8812,0.7109,9.8298,-0.0171,0.0225,9.8065,-0.0401,0.2369,-0.144,343.59,-87.69,121.91,53.043278,-1.809921,14.83,3,240.48,17 / 18,-12.97573544771983,-7.395504455534374,0.5761068999994765,-79.07012069379404,-42.23687324390255,1.9528781290474782,False,5.699999999999818,-11.508687721851548,-6.555923422437721,-70.79592315756106,-41.497946623189065,13.244999999999045,240.33199999992627,1.467047725868282,0.8395810330966524,8.274197536232975,0.7389266207134852
3309298.0,3.7503,-0.3829,8.8528,-0.0011,-0.034,9.8065,0.1208,-0.637,0.3695,346.89,-87.72,124.93,53.043278,-1.809921,14.83,3,240.48,17 / 18,-12.543661924538398,-7.324388314701448,0.528641199999541,-80.37160995977744,-42.98758777518356,2.0092202821473517,False,5.80199999999968,-11.145870506123648,-7.0616685804691866,-71.8731710383661,-42.3001068239979,13.194622222192011,237.64374000002698,1.3977914184147497,0.26271973423226136,8.49843892141135,0.6874809511856625
3309396.0,-1.5236,5.1022,9.7361,0.0787,-0.0367,9.8062,-0.0802,-0.2167,0.0583,343.08,-87.79,121.38,53.043278,-1.809921,14.83,3,240.48,17 / 18,-12.445130198159209,-7.125475434898926,0.4784455999993305,-81.59606077379476,-43.69563109891695,2.0585675353475033,False,5.900000000000091,-10.586974781785065,-6.534310265752618,-72.90175090019794,-42.92124168332957,12.441111111121598,238.31699999999063,1.858155416374144,0.5911651691463087,8.694309873596822,0.774389415587379
3309497.0,3.6984,2.5824,9.7332,-0.0139,0.0495,9.8064,-0.0121,-0.4762,0.3051,345.78,-88.37,123.58,53.043278,-1.809921,14.83,3,240.48,16 / 19,-12.382977569872752,-6.771720065168705,0.4711735999993552,-82.84988021607613,-44.39743947166799,2.1065233049472747,False,6.000999999999749,-10.543608217242639,-6.0228659746353035,-73.98180655130362,-43.48255367452816,12.14261111111194,240.26380999999768,1.8393693526301131,0.7488540905334018,8.86807366477251,0.9148857971398243
3309597.0,-1.6314,5.5382,9.9518,-0.0604,0.0613,9.8062,0.0203,-0.2976,0.2109,342.94,-88.38,120.9,53.043278,-1.809921,14.83,3,240.48,16 / 19,-12.333480685862334,-6.402491950830536,0.4747585999993683,-84.08570312886738,-45.056150072470345,2.153819914947383,False,6.101000000000113,-10.335329998778956,-5.675855277105065,-75.02382359971534,-44.01673410198351,11.791299999992386,241.22532999998472,1.9981506870833776,0.7266366737254701,9.061879529152037,1.0394159704868358
3309696.0,3.7356,4.664,10.2737,-0.0283,0.0144,9.8065,0.0815,-0.3183,0.1117,349.6,-88.59,127.11,53.043278,-1.809921,14.83,3,240.48,16 / 19,-12.291847691594665,-5.947318479344461,0.5050624999992782,-85.30465688354788,-45.667465688762185,2.2023210593971716,False,6.199999999999818,-9.82543300793286,-5.6116032652376475,-75.97024275377866,-44.58916558395786,11.314999999991269,240.26799999999815,2.466414683661805,0.3357152141068136,9.334414129769215,1.0783001048043275
3309798.0,-0.6031,5.5174,10.4609,-0.0252,0.003,9.8065,0.0789,-0.3742,0.2307,359.28,-88.38,136.3,53.043278,-1.809921,14.83,3,240.48,16 / 19,-12.127954352917115,-5.451075005894348,0.5622487999992007,-86.55006678781629,-46.24878375650858,2.25675393569702,False,6.30199999999968,-9.535933471186247,-5.466050080173954,-76.93812129532508,-45.1453626066461,10.991477777770857,240.17807999995694,2.5920208817308676,-0.014975074279606204,9.611945492491216,1.103421149862477
3309897.0,1.3229,1.565,10.1022,-0.0374,-0.0169,9.8065,-0.0103,0.0733,-0.085,9.96,-87.92,144.24,53.043278,-1.809921,14.83,3,240.48,16 / 19,-12.04114417300331,-5.1732691640805,0.6092638999992769,-87.74643716485129,-46.774688792923186,2.3147438143470387,False,6.40099999999984,-9.276429018541569,-5.55865818605561,-77.85719811450055,-45.70734176572375,10.814588888895772,239.06749000005846,2.764715154461742,-0.3853890219751106,9.889239050350739,1.067347027199439
3309997.0,3.1377,1.4537,9.3654,0.0324,-0.0222,9.8066,0.0346,-0.169,0.0056,4.61,-87.64,141.18,53.043278,-1.809921,14.83,3,240.48,16 / 19,-11.760347277314985,-5.110406095349816,0.6019788999992836,-88.93651173736612,-47.28887255589424,2.3753059543469117,False,6.500999999999749,-8.5514556005697,-5.889970937517044,-78.69912810152184,-46.32958857598818,10.383619444445689,235.4415900000027,3.208891676745285,-0.7795648421672281,10.237383635844282,0.9592839799060542
3310096.0,0.5266,1.5263,10.112,-0.0185,-0.0116,9.8065,0.0694,0.2595,-0.2576,359.38,-87.37,134.43,53.043278,-1.809921,14.83,3,240.48,16 / 19,-11.529457705116034,-5.033413444970928,0.5952518499992727,-90.08935708399832,-47.790991623140926,2.434568876471936,False,6.599999999999909,-8.00992774397268,-5.753173538287929,-79.4933259930299,-46.90202005796592,9.861944444445006,234.3119999999998,3.5195299611433537,-0.7197600933170012,10.596031090968424,0.8889715651750052
3310196.0,1.5128,-1.1452,8.7641,0.0392,-0.0543,9.8064,-0.0438,0.0344,-0.0583,1.44,-87.23,134.46,53.043278,-1.809921,14.83,3,240.48,16 / 19,-11.382631348060917,-5.073395971604699,0.5583918499993062,-91.23496153665613,-48.29633209396925,2.4922510614718125,False,6.699999999999818,-8.041906558045277,-5.77912175401571,-80.31560158781716,-47.4691141844035,9.903055555537957,234.29800000004357,3.3407247900156403,-0.7057257824110117,10.919359948838974,0.8272179095657464
3310296.0,-2.2299,2.2971,10.7637,-0.0115,-0.0202,9.8066,-0.0762,0.1876,-0.1195,356.74,-86.79,133.94,53.043278,-1.809921,14.83,3,240.48,16 / 19,-11.377876040381238,-5.080505591557537,0.5541168499993101,-92.3729869060772,-48.8040271721269,2.5478764964716927,False,6.799999999999727,-7.665775601876393,-5.191095943158763,-81.08439584305994,-47.95837186103576,9.25805555553673,235.89499999994626,3.7121004385048453,-0.11059035160122654,11.288591063017265,0.8456553110911429
3310396.0,-0.3379,-0.5972,9.864,0.0135,-0.025,9.8065,0.066,0.0102,-0.0917,0.9,-86.68,135.79,53.043278,-1.809921,14.83,3,240.48,16 / 19,-11.464386208331305,-5.057844797815153,0.6048368499994947,-93.51510001851699,-49.31094469159738,2.605824181471844,False,6.900000000000091,-7.169938150073551,-5.098800690640072,-81.78633842391497,-48.480988017029915,8.798055555561831,234.5820000000179,4.294448058257754,-0.04095589282491918,11.72876159460202,0.8299566745674625
3310496.0,-1.0111,4.287,9.2397,0.0216,0.0129,9.8065,0.0166,0.0019,-0.135,357.93,-86.97,133.14,53.043278,-1.809921,14.83,3,240.48,17 / 18,-11.491884175146044,-4.931649664041961,0.579356849999518,-94.66291353768982,-49.81041941468978,2.665033866471741,False,7.0,-7.439046790166919,-4.629498169482104,-82.54844751173339,-48.89240924526816,8.761944444444445,238.105,4.052837384979125,0.30215149455985735,12.114466025956432,0.9180101694216205
3310597.0,-1.2897,1.6799,10.8519,0.0189,-0.0033,9.8066,-0.1552,0.1183,-0.0344,357.62,-87.33,130.99,53.043278,-1.809921,14.83,3,240.48,17 / 18,-11.569085383616454,-4.690852524371466,0.6035109999995449,-95.82749250040862,-50.2963557752052,2.72476869289676,False,7.101000000000113,-7.6708878712706206,-3.568925219219427,-83.37206013996865,-49.15060386510008,8.460636111109041,245.0500800000555,3.898197512345833,1.1219273051520386,12.455432360439971,1.145751910105119
3310697.0,0.7314,1.1814,9.9817,0.0053,0.0233,9.8066,-0.0766,-0.2043,0.1746,355.99,-87.45,127.52,53.043278,-1.809921,14.83,3,240.48,17 / 18,-11.553985450527192,-4.602485478600979,0.6645259999994896,-96.98364604211476,-50.7610226753534,2.788170542896654,False,7.201000000000022,-7.749612786272819,-3.0591698551438733,-84.17294319893377,-49.39790138166917,8.33208888889177,248.45891999981117,3.8043726642543723,1.5433156234571057,12.81070284318099,1.3631212936842303
3310796.0,0.3686,3.5132,9.242,-0.0063,0.0502,9.8065,-0.0416,-0.0725,0.0639,1.23,-87.7,132.32,53.043278,-1.809921,14.83,3,240.48,17 / 18,-11.451589526296926,-4.423463654734822,0.6452407999995471,-98.12242200346417,-51.207807157452194,2.8530039994964134,False,7.299999999999727,-7.450194614939381,-3.9421780909354833,-84.83477477518888,-49.9042830779328,8.428888888882431,242.11499999993444,4.001394911357545,0.4812855637993385,13.28764722827529,1.3035240795193914
3310896.0,-0.0913,-0.1246,11.098,-0.0047,-0.0555,9.8065,-0.0048,-0.1883,0.1479,5.81,-88.01,136.59,53.043278,-1.809921,14.83,3,240.48,17 / 18,-11.390632241400471,-4.3138459280056916,0.6815757999996794,-99.2645330918532,-51.64467263659081,2.919344829496616,False,7.400000000000091,-7.199732591427007,-4.071256516644989,-85.54340252346974,-50.33794329099125,8.271111111113264,240.51300000002186,4.190899649973464,0.24258941136070256,13.721130568383458,1.3067293455995639
3310996.0,0.8507,-1.1724,10.0381,-0.011,-0.0049,9.8066,0.1161,0.1534,-0.2151,10.97,-87.77,141.31,53.043278,-1.809921,14.83,3,240.48,17 / 18,-11.326518379225698,-4.4485950668659635,0.7577157999996103,-100.40039062288346,-52.082794686334,2.991309409496515,False,7.5,-7.325231479890845,-3.727079061935423,-86.29214127643586,-50.67152807154252,8.21888888888889,243.033,4.001286899334853,0.7215160049305407,14.108249346447607,1.4112666147914794
3311097.0,-0.4553,-1.3039,9.068,0.0286,-0.0222,9.8065,0.0853,-0.6019,0.1674,12.63,-87.85,142.87,53.043278,-1.809921,14.83,3,240.48,17 / 18,-11.297217592198779,-4.640395461533335,0.7321021999995817,-101.54288928944167,-52.54178870801867,3.0665452184965583,False,7.601000000000113,-6.966294294087859,-4.0673450628093875,-86.96774429763947,-51.130763117993666,8.066780555552219,239.72140000002278,4.330923298110919,0.5730503987239475,14.575144991802205,1.4110255900250053
3311196.0,-4.8997,4.9276,9.5302,-0.0112,0.0694,9.8063,-0.1482,-0.1526,0.1219,6.56,-87.68,136.91,53.043278,-1.809921,14.83,3,240.48,17 / 18,-11.509449162754601,-4.491924800534422,0.6818547499997314,-102.67181929380851,-52.99383856098968,3.136536087521316,False,7.699999999999818,-6.882561813530245,-3.7920152949520984,-87.66928576848484,-51.461012050736784,7.858055555556836,241.14700000005732,4.626887349224356,0.6999095055823235,15.00253352532367,1.532826510252896
3311296.0,3.1463,0.3002,8.9411,0.0097,0.0011,9.8066,-0.0323,-0.5934,0.2597,355.13,-87.76,124.61,53.043278,-1.809921,14.83,3,240.48,17 / 18,-11.522725589501965,-4.248372373648725,0.6247547499997834,-103.82342803142029,-53.43085341969844,3.201866562521232,False,7.799999999999727,-7.058874344749679,-3.558274579762976,-88.41133935399671,-51.77235784502257,7.90499999999701,243.24800000001616,4.463851244752286,0.6900977938857493,15.412088677423583,1.658495574675868
3311396.0,-2.6528,1.5064,9.4528,-0.0072,0.0211,9.8066,0.0516,-0.5895,0.1208,343.3,-87.51,113.86,53.043278,-1.809921,14.83,3,240.48,17 / 18,-11.458838339691074,-4.232978827063205,0.5637847499995617,-104.97250622788412,-53.854920979735574,3.2612935375214156,False,7.900000000000091,-7.017776248951535,-3.47709221915834,-89.10659676739935,-52.12818161039948,7.8319444444454405,243.6429999999946,4.441062090739538,0.7558866079048645,15.865909460484772,1.7267393693360944
3311496.0,-2.9198,0.3893,10.3733,-0.0233,0.0345,9.8066,-0.107,-0.0329,0.0886,342.57,-87.4,109.37,53.043278,-1.809921,14.83,3,240.48,17 / 18,-11.690418515652345,-4.264742395495727,0.5744247499995522,-106.12996907065025,-54.27980704086313,3.3182040125213197,False,8.0,-6.921632094688396,-3.39192122451427,-89.79516901339663,-52.46176639024236,7.708055555555555,243.893,4.7687864209639494,0.8728211709814571,16.334800057253617,1.8180406506207731
3311596.0,-3.2731,0.0636,9.4975,-0.0022,0.0316,9.8066,-0.0923,-0.16,0.0859,339.44,-87.49,105.92,53.043278,-1.809921,14.83,3,240.48,17 / 18,-11.926346159697216,-4.382897555504478,0.5872997499995406,-107.31080730441666,-54.71218903841275,3.3762902375212214,False,8.099999999999909,-6.975498390004022,-3.3681834208804116,-90.49042642687398,-52.79535117079029,7.7461111111089656,244.22600000005087,4.950847769693194,1.0147141346240662,16.820380877542675,1.916837867622462
3311696.0,1.4529,-0.2219,9.3848,-0.0025,0.0072,9.8066,0.0527,-0.358,0.1278,334.66,-87.52,102.04,53.043278,-1.809921,14.83,3,240.48,17 / 18,-11.944281318835325,-4.450339320395901,0.5507497499995739,-108.5043386783422,-55.15385088220737,3.4331927125211252,False,8.199999999999818,-7.034110026918502,-2.848250462515567,-91.23916517981533,-52.98438254556256,7.588888888896937,247.95600000010836,4.910171291916822,1.6020888578803345,17.265173498526863,2.1694683366448118
3311796.0,-2.7959,-1.1612,9.9259,-0.0257,0.0075,9.8066,0.0491,-0.3045,0.1243,331.07,-87.44,98.28,53.043278,-1.809921,14.83,3,240.48,17 / 18,-11.899801080166204,-4.576827395874569,0.5356197499995878,-109.69654279829119,-55.605209218020484,3.487511187521034,False,8.299999999999727,-7.494956492984149,-2.4456760170792418,-92.03470010481588,-53.16229442791268,7.883888888882307,251.92800000001125,4.404844587182056,2.1311513787953276,17.661842693475307,2.4429147901078068
3311896.0,-1.9522,-2.3341,9.9872,-0.0282,0.0266,9.8065,-0.0315,-0.1136,0.0085,338.04,-87.53,102.83,53.043278,-1.809921,14.83,3,240.48,17 / 18,-11.97358976775575,-4.871079416163381,0.5506097499996424,-110.89021234069163,-56.0776045586241,3.541822662521193,False,8.400000000000091,-7.353471802677372,-2.3605167996564207,-92.75001302054913,-53.41804276005097,7.72305555555775,252.20299999999625,4.620117965078377,2.5105626165069603,18.1401993201425,2.6595617985731295
3311996.0,-2.0885,-0.1134,9.6107,-0.002,0.0209,9.8066,0.0379,-0.1248,0.0973,340.8,-87.4,105.5,53.043278,-1.809921,14.83,3,240.48,17 / 18,-12.052643303167905,-5.092246715634748,0.5498397499996431,-112.09152399423672,-56.575770865213556,3.596845137521107,False,8.5,-7.0672353319948416,-2.5049993765271252,-93.42521493166774,-53.71826906120136,7.498055555555555,250.483,4.985407971173063,2.587247339107623,18.666309062568985,2.8575018040121947
3312097.0,-2.2326,-0.728,9.6966,0.0059,-0.0105,9.8065,-0.0013,-0.0446,-0.047,337.95,-87.44,104.56,53.043278,-1.809921,14.83,3,240.48,17 / 18,-12.175803523132672,-5.24578836480574,0.5343867499996259,-113.31506055896627,-57.09784163677639,3.651598575771131,False,8.601000000000113,-7.260591872615147,-2.481683680568584,-94.1811736654676,-53.93254168596054,7.673013888890581,251.12961999998356,4.9152116505175245,2.7641046842371564,19.13388689349867,3.16529995081585
3312197.0,-2.4701,-1.2356,9.7867,-0.0004,-0.005,9.8066,-0.0575,-0.0742,0.1713,336.33,-87.53,101.31,53.043278,-1.809921,14.83,3,240.48,17 / 18,-12.287909570745311,-5.461738790410546,0.5278867499996318,-114.53824621365905,-57.633217994536714,3.7047122507710455,False,8.701000000000022,-7.314063904352453,-2.650954662400634,-94.90297119365205,-54.23332396174859,7.779730555558036,250.0773999999275,4.973845666392858,2.8107841280099124,19.635275020007,3.3998940327881257
3312296.0,-2.9622,0.3407,9.4775,-0.0071,0.0556,9.8065,0.0146,0.1274,-0.1718,335.05,-87.51,100.16,53.043278,-1.809921,14.83,3,240.48,17 / 18,-12.449214790006575,-5.645539057038536,0.5106062999996832,-115.76273386951263,-58.183028247983806,3.7561176567458587,False,8.799999999999727,-7.271951332039965,-2.991047725174283,-95.59789434871982,-54.585589488792515,7.863055555560341,247.6419999999759,5.17726345796661,2.654491331864253,20.16483952079281,3.5974387591912915
3312396.0,-3.3531,-0.2625,10.1243,-0.0043,0.0289,9.8066,-0.089,0.1399,-0.0388,329.25,-87.82,94.5,53.043278,-1.809921,14.83,3,240.48,17 / 18,-12.659417320663607,-5.817806343309211,0.5100312999996811,-117.01816547505071,-58.75619551800328,3.8071495367460124,False,8.900000000000091,-7.348509845647914,-3.111238185737332,-96.33994793420958,-54.88581579204501,7.979999999998405,247.05300000000804,5.310907475015693,2.7065681575718794,20.678217540841132,3.870379725958273
3312496.0,-2.2901,0.484,10.205,-0.0083,-0.0011,9.8066,-0.0318,0.0217,0.0435,327.31,-87.91,90.19,53.04275,-1.811398,9.15,4,251.58,17 / 18,-12.835755145347061,-5.979848017759504,0.5458312999996486,-118.29292409835008,-59.34607823605618,3.8599426667459307,False,9.0,-7.507278402078446,-3.408928863101498,-97.08868668714956,-55.25275904845628,8.245,245.578,5.328476743268615,2.570919154658006,21.204237411200523,4.093319187599903
3312596.0,-0.8976,-2.5428,9.6546,0.0013,-0.0122,9.8066,0.0053,-0.213,0.1665,326.57,-88.14,90.05,53.04275,-1.811398,9.15,4,251.58,17 / 18,-12.841590765794797,-6.1740684251234725,0.5581462999996375,-119.576791393906,-59.95377405819978,3.915141546745845,False,9.099999999999909,-7.910904514054031,-3.0068087910657924,-97.91096228191185,-55.508507379905296,8.463055555560954,249.1890000000095,4.930686251740766,3.16725963405768,21.665829111994157,4.44526667829448
3312697.0,-2.3272,2.079,9.7848,-0.0122,0.0222,9.8066,0.0381,-0.0216,0.0308,324.83,-88.29,89.78,53.04275,-1.811398,9.15,4,251.58,17 / 18,-12.893040461518927,-6.308651248332778,0.5493643499996278,-120.8763902708868,-60.584151401710024,3.9710708345708703,False,9.201000000000022,-8.317960346813692,-3.0464434368272943,-98.75489781914996,-55.8118471404218,8.85828888888712,249.88479999999942,4.575080114705235,3.2622078115054833,22.12149245173684,4.772304261288227
3312796.0,-0.703,-0.7661,9.7908,-0.0094,0.0333,9.8065,-0.0486,0.1108,-0.061,321.25,-88.39,86.21,53.04275,-1.811398,9.15,4,251.58,17 / 18,-12.978303765878243,-6.359090765470959,0.5474981999996335,-122.15702181013916,-61.21120463139144,4.025365530795672,False,9.299999999999727,-8.26113729016525,-3.028870474636009,-99.57556897371614,-56.120079477458894,8.798888888893355,249.8650000001332,4.717166475712993,3.3302202908349496,22.58145283642301,5.091125153932545
3312896.0,-3.5134,1.2842,9.9794,0.0347,-0.0257,9.8065,0.0254,-0.3608,0.1788,315.75,-88.46,80.9,53.04275,-1.811398,9.15,4,251.58,17 / 18,-13.079000549931372,-6.498792300004334,0.5553431999996621,-123.45988702593438,-61.85409878466754,4.080507600795838,False,9.400000000000091,-8.52420683542478,-2.586764698949579,-100.43795557305688,-56.34246933020056,8.908055555554068,253.11899999995563,4.554793714506593,3.912027601054755,23.021931452877496,5.511629454466984
3312997.0,-1.7432,0.5825,9.9156,0.0123,-0.0215,9.8065,-0.0123,-0.0416,0.0342,311.2,-88.33,76.73,53.04275,-1.811398,9.15,4,251.58,17 / 18,-13.256614984672412,-6.6278241689551045,0.569569049999614,-124.78983561042736,-62.516992916347746,4.137315669420609,False,9.500999999999749,-8.921093262987979,-2.5602867663916107,-101.34265928230309,-56.58943326267427,9.28122500000017,253.9869799999981,4.335521721684433,4.067537402563493,23.44717632812427,5.927559653673477
3313097.0,-2.5034,3.0161,9.632,0.026,-0.0542,9.8064,-0.0494,-0.3645,0.2367,314.51,-88.07,77.93,53.04275,-1.811398,9.15,4,251.58,17 / 18,-13.45704982575591,-6.661733534503744,0.566284049999602,-126.12551885095364,-63.181470801523105,4.194108324420776,False,9.601000000000113,-8.886688503798293,-2.420263178384934,-102.23158599641505,-56.82338738757675,9.210388888889504,254.76520999998132,4.570361321957616,4.2414703561188105,23.89393285453859,6.358083413946353
3313196.0,-1.9359,-3.9266,9.6575,0.0192,-0.0183,9.8066,-0.0494,-0.0311,0.1069,312.38,-88.19,75.71,53.04275,-1.811398,9.15,4,251.58,17 / 18,-13.497989373778113,-6.851927156167486,0.5502559499996498,-127.4597932913266,-63.85039700570934,4.249377054420575,False,9.699999999999818,-8.872497201549658,-2.611654473244175,-103.09196704557198,-57.098594831414054,9.248888888894951,253.59799999995852,4.625492172228455,4.240272682923311,24.367826245754628,6.751802174295285
3313296.0,2.1164,-1.1472,9.5569,0.0449,-0.0293,9.8065,0.1126,-0.4184,0.0974,308.96,-87.98,75.15,53.04275,-1.811398,9.15,4,251.58,17 / 18,-13.232789203120017,-7.010685674880735,0.530310949999668,-128.79633222017029,-64.54352764726112,4.303405399420491,False,9.799999999999727,-9.011487051942218,-2.9146263554134766,-104.00114981700733,-57.40994062640625,9.4711111111102,252.0769999999453,4.221302151177799,4.096059319467258,24.795182403162954,7.133587020854868
3313397.0,0.4399,0.1773,8.537,-0.0057,0.0493,9.8065,0.0486,0.2865,-0.2192,318.13,-88.01,77.48,53.04275,-1.811398,9.15,4,251.58,17 / 18,-13.035309769042954,-6.947409859321096,0.45358124999958244,-130.122871218266,-65.24841147173909,4.353091955520509,False,9.90099999999984,-8.92392928010403,-3.118216181863439,-104.8863328372827,-57.74686125401659,9.453030555548924,250.7394900000008,4.111380488938924,3.8291936774576567,25.236538380983305,7.501550217722496
3313497.0,-1.2992,-2.8351,10.3714,0.0295,0.0016,9.8066,0.0349,-0.0219,0.0443,314.4,-88.22,77.59,53.04275,-1.811398,9.15,4,251.58,19 / 19,-12.895211404495354,-7.08009575233306,0.41833624999961455,-131.41939727694174,-65.94978675232116,4.396687830520429,False,10.000999999999749,-9.309202164175062,-3.2623105458886315,-105.82900829757851,-58.08044603315892,9.864274999999711,250.68755000000033,3.5860092403202923,3.8177852064444284,25.590388979363226,7.869340719162238
3313597.0,-4.1014,-1.3277,9.6905,-0.0015,0.02,9.8066,-0.0676,0.1201,-0.0091,311.27,-88.24,74.57,53.04275,-1.811398,9.15,4,251.58,19 / 19,-12.85056476315346,-7.4275539878948065,0.4407662499996962,-132.70668608532887,-66.67516923933519,4.439642955520551,False,10.101000000000113,-9.415750813094329,-3.3236302370332433,-106.77843577700575,-58.413697228229715,9.985161111111365,250.55765000002162,3.434813950059132,4.103923750861563,25.928250308323115,8.261472011105475
3313696.0,-3.4541,-0.9172,9.8397,0.0116,0.0111,9.8066,-0.0272,-0.0985,0.0354,303.67,-88.34,65.55,53.04275,-1.811398,9.15,4,251.58,19 / 19,-12.918733648071607,-7.787988251075015,0.4366527999997086,-133.98226635668073,-67.42833858016195,4.483075198495392,False,10.199999999999818,-9.5067013912158,-3.105616221495781,-107.7314732468218,-58.71092126776878,10.001111111119757,251.90900000002773,3.412032256855806,4.682372029579234,26.25079310985892,8.717417312393167
3313796.0,-0.7703,0.1963,10.0665,-0.0186,0.0108,9.8065,0.0451,0.0393,-0.0693,299.36,-88.35,62.9,53.04275,-1.811398,9.15,4,251.58,19 / 19,-12.930260690134652,-7.97521140564411,0.4512977999996953,-135.27471607358987,-68.21649856299719,4.527472728495322,False,10.299999999999727,-9.863301162096048,-3.0294488992990174,-108.71419286008167,-59.00002807720191,10.318055555562264,252.92600000000564,3.0669595280386037,4.945762506345092,26.560523213508205,9.216470485795277
3313896.0,-1.5816,-1.7726,10.3181,-0.0033,-0.0265,9.8065,0.0531,-0.0887,0.0822,307.14,-88.54,70.09,53.04275,-1.811398,9.15,4,251.58,19 / 19,-12.861126395282879,-8.112071433848111,0.4898627999998356,-136.56428542786543,-69.02086270497473,4.57453075849547,False,10.400000000000091,-10.027350287580106,-3.053425215481794,-109.7236531430033,-59.30025437903976,10.481944444442208,253.06399999999812,2.833776107702773,5.0586462183663174,26.840632284862124,9.720608325934975
3313996.0,-1.973,-0.9629,9.1102,-0.0013,0.0028,9.8066,-0.0425,0.1031,0.0398,308.28,-88.66,70.99,53.04275,-1.811398,9.15,4,251.58,19 / 19,-12.787273519989398,-8.333189271289301,0.4806127999998441,-137.84670542362787,-69.84312574023086,4.62305453849541,False,10.5,-9.821157615448527,-2.5472404227967527,-110.69300242138348,-59.52264423179765,10.146111111111113,255.46,2.966115904540871,5.7859488484925485,27.153703002244384,10.320481508433211
3314096.0,-3.0416,-2.8247,10.5308,-0.0031,0.0291,9.8065,0.1025,0.1245,-0.1164,309.35,-88.68,72.81,53.04275,-1.811398,9.15,4,251.58,19 / 19,-12.723500792123685,-8.646340938643139,0.4819977999998429,-139.12224413923235,-70.6921022507267,4.67118506849535,False,10.599999999999909,-10.146890371497618,-2.4694179729639356,-111.70914787179989,-59.76727307152759,10.443055555554054,256.32200000000296,2.576610420626068,6.1769229656792035,27.413096267432465,10.924829179199115
3314197.0,-0.2951,-0.3169,9.753,-0.0203,0.0239,9.8065,0.0456,0.0222,-0.0391,311.72,-88.79,76.5,53.04275,-1.811398,9.15,4,251.58,19 / 19,-12.633517074594945,-8.878312374446894,0.5158580499998807,-140.40277354150308,-71.57709724303874,4.721576788920393,False,10.701000000000022,-10.052102452160836,-2.4063415076900583,-112.70884781034135,-60.003339900025686,10.3361138888979,256.5375299999957,2.5814146224341084,6.471970866756836,27.693925731161727,11.57375734301305
3314297.0,-0.8508,-1.4009,10.5033,-0.0243,0.0187,9.8066,0.0781,0.0355,-0.1602,324.93,-89.06,86.56,53.04275,-1.811398,9.15,4,251.58,19 / 19,-12.553071397063125,-8.992596249432362,0.5480080499998515,-141.66210296508484,-72.47064267423188,4.774770093920331,False,10.80099999999993,-10.337026845596707,-2.5051129545343733,-113.73796248561506,-60.25942181625517,10.636280555544499,256.3769999999364,2.2160445514664175,6.487483294897988,27.924140479469784,12.211220857976713
3314397.0,-0.1217,1.3495,10.2638,-0.0086,0.028,9.8066,0.0423,0.0189,0.0902,331.48,-88.97,95.41,53.04275,-1.811398,9.15,4,251.58,19 / 19,-12.51480641699045,-9.04142287971943,0.605698049999799,-142.9154968557864,-73.37234363068865,4.832455398920262,False,10.90099999999984,-10.020128878124053,-2.703049336740867,-114.72756782125157,-60.54797265103249,10.378336111110661,254.9031099999822,2.494677538866396,6.338373542978564,28.187929034534818,12.824370979656159
3314497.0,-2.4154,2.2765,10.7855,-0.0558,0.0137,9.8064,-0.0545,0.3333,-0.1576,350.73,-89.36,111.41,53.04275,-1.811398,9.15,4,251.58,18 / 20,-12.627298552356956,-8.930239114489348,0.6774980499997338,-144.1726021042526,-74.27092673039827,4.89661520392018,False,11.000999999999749,-10.098044502566975,-2.5233477401830204,-115.73702810424206,-60.78281633604133,10.408711111110497,255.9707500000076,2.529254049789982,6.406891374306328,28.435574000010547,13.488110394356944
3314597.0,-1.6715,-0.8284,9.3921,0.0091,0.0013,9.8066,0.1013,-0.4395,0.0383,356.51,-89.28,117.06,53.04275,-1.811398,9.15,4,251.58,18 / 20,-12.792178720855693,-8.93518695661428,0.7057130499998365,-145.44357596791787,-75.16419803395671,4.96577575892041,False,11.101000000000113,-10.191057465714234,-3.155717878708272,-116.74688949728414,-61.14875883952873,10.66851111111491,252.79421000002566,2.601121255141459,5.779469077906008,28.696686470633722,14.015439194427977
3314696.0,-1.7877,1.9722,11.2888,0.0206,0.0021,9.8066,0.0975,-0.0663,0.1415,4.79,-89.24,127.56,53.04275,-1.811398,9.15,4,251.58,18 / 20,-12.90597564697758,-8.933397294638404,0.7585592499996793,-146.71563460912182,-76.04869295439109,5.03825723777017,False,11.199999999999818,-10.504306781735682,-2.933052778792674,-117.78596507203422,-61.41295798516351,10.906111111115749,254.39900000002373,2.4016688652418985,6.00034451584573,28.929669537087605,14.635734969227578
3314796.0,-0.2547,0.2122,8.7575,0.0289,-0.001,9.8066,-0.0045,-0.0334,-0.0164,3.3,-89.42,127.74,53.04275,-1.811398,9.15,4,251.58,18 / 20,-12.955503651992093,-8.876655622617168,0.7802092499996597,-148.00870857406912,-76.93919560025306,5.115195662770067,False,11.299999999999727,-10.712042827243103,-2.8164473744411955,-118.85559186196679,-61.679825809040295,11.0761111111116,255.268999999945,2.24346082474899,6.0602082481759725,29.15311671210233,15.259369791212762
3314896.0,-1.6911,1.5545,9.3373,0.0036,-0.012,9.8066,-0.1466,-0.1277,0.1538,341.24,-89.48,102.06,53.04275,-1.811398,9.15,4,251.58,18 / 20,-13.018866216325927,-8.868189585923679,0.7042842499993835,-149.30742706748975,-77.82643786068333,5.189420337770289,False,11.400000000000091,-10.654513293396166,-3.07023166616565,-119.90516314952313,-62.013410588860125,11.088055555555393,253.92500000001834,2.3643529229297613,5.797957919758028,29.40226391796662,15.813027271823202
3314996.0,-0.4428,-2.6003,9.3232,0.0309,-0.0285,9.8065,0.0122,0.0368,-0.0077,288.45,-89.53,52.31,53.04275,-1.811398,9.15,4,251.58,18 / 20,-12.941287501763357,-8.889800046794317,0.6566442499994269,-150.60543475339304,-78.71433734231842,5.257466762770168,False,11.5,-10.625304415698723,-3.1278016911901956,-120.96810477200347,-62.32475638385171,11.076111111111112,253.597,2.3159830860646338,5.761998355604121,29.63732998138957,16.38958095846671
3315096.0,-1.4041,-2.3036,10.2975,0.0159,0.0041,9.8066,0.0311,-0.3388,0.143,288.18,-89.36,49.97,53.04275,-1.811398,9.15,4,251.58,18 / 20,-12.668276724582114,-9.027376220303244,0.6570142499994266,-151.88591296470915,-79.61019615567248,5.323149687770051,False,11.599999999999909,-10.695452010277831,-3.3200028074602765,-122.02436122705844,-62.669460656825734,11.198888888890037,252.75500000003998,1.9728247143042825,5.707373412842967,29.861551737650714,16.94073549884675
3315196.0,2.0113,-3.0207,10.1935,-0.0174,0.0216,9.8066,0.073,0.2505,-0.2624,283.8,-89.43,45.46,53.04275,-1.811398,9.15,4,251.58,18 / 20,-12.34213825983929,-9.038407003464213,0.7008992499993867,-153.13643371392908,-80.51348531686003,5.39104536276993,False,11.699999999999818,-10.932825721882628,-2.789384233975243,-123.13409902162817,-62.902970002010946,11.283055555558116,255.68699999995584,1.4093125379566622,6.24902276948897,30.002334692300906,17.61051531484908
3315298.0,-1.2539,-1.5454,9.6416,0.0231,-0.0703,9.8063,0.0205,-0.2447,0.3366,254.28,-89.76,15.24,53.04275,-1.811398,9.15,4,251.58,18 / 20,-12.019336336540224,-8.967890685028982,0.7122110499993715,-154.37886891834276,-81.43180649897194,5.463113988069769,False,11.80199999999968,-10.9419289674255,-3.119553478124994,-124.22578686412868,-63.24211452819086,11.377966666668675,254.08702000003737,1.0774073691147237,5.848337206903988,30.15308205421408,18.189691970781077
3315396.0,-3.2236,1.5123,11.0066,-0.0474,0.0301,9.8064,-0.0721,0.4499,-0.2198,351.39,-89.83,115.95,53.04275,-1.811398,9.15,4,251.58,18 / 20,-12.04921404713246,-8.951058240289916,0.7629211499995843,-155.55822788714767,-82.30983499631624,5.535395465870021,False,11.900000000000091,-11.039634241516655,-2.9541377074166286,-125.30677843857906,-63.514542098839314,11.42805555555486,255.01899999998705,1.0095798056158056,5.996920532873287,30.251449448568607,18.795292897476926
3315496.0,-1.4792,-3.1698,8.9281,0.0134,0.0175,9.8066,-0.1037,0.2066,-0.0677,151.57,-89.9,-86.53,53.04275,-1.811398,9.15,4,251.58,18 / 18,-12.237030908493667,-8.736721677849566,0.7789911499995698,-156.77254013492788,-83.1942239922224,5.6124910808699084,False,12.0,-11.089531626792251,-2.637604253789598,-126.4165162331498,-63.748051444729725,11.398888888888889,256.621,1.1474992817014158,6.099117424059968,30.356023901778073,19.44617254749268
3315596.0,-1.9316,3.1561,9.9443,-0.0127,0.051,9.8065,-0.0821,0.5137,-0.2259,223.1,-89.64,-14.35,53.04275,-1.811398,9.15,4,251.58,18 / 18,-12.317112909964248,-8.692463414121264,0.7419461499996035,-158.00024732584967,-84.06568324682016,5.688537945869798,False,12.099999999999909,-11.0755323603045,-2.860203130585574,-127.5061985253889,-64.04827774658713,11.438888888889707,255.52000000001547,1.2415805496597478,5.832260283535689,30.494048800460774,20.017405500233025
3315696.0,0.1912,0.453,9.9887,-0.039,0.0301,9.8064,-0.0704,0.5245,-0.3111,208.73,-89.44,-28.65,53.04275,-1.811398,9.15,4,251.58,18 / 18,-12.378673240855985,-8.815376402743412,0.757931149999589,-159.23503663338957,-84.94107523766259,5.763531810869689,False,12.199999999999818,-11.188301996712218,-2.6544950761740855,-128.61593631993352,-64.28178709247754,11.498888888891269,256.653000000004,1.1903712441437673,6.160881326569327,30.619100313456045,20.659288145185045
3315796.0,-2.7533,0.6755,9.8419,0.0151,0.0293,9.8066,-0.0005,0.036,-0.1023,249.08,-89.41,14.82,53.04275,-1.811398,9.15,4,251.58,18 / 18,-12.369287710505208,-8.902413826980139,0.7687961499995792,-160.4724346809565,-85.82696474914796,5.8398681758695785,False,12.299999999999727,-11.279947166257118,-2.645895426053859,-129.7390444493572,-64.53753542392825,11.586111111117818,256.79899999994535,1.0893405442480901,6.2565184009262795,30.733390231599287,21.289429325219714
3315896.0,0.2054,1.0954,9.7263,-0.0047,0.0321,9.8066,0.026,0.235,-0.1719,254.84,-88.96,17.43,53.04275,-1.811398,9.15,4,251.58,18 / 18,-12.367712080048369,-8.984643542461795,0.7665411499995711,-161.70928467048867,-86.72131761762331,5.916635040869815,False,12.400000000000091,-11.37383256447934,-2.949310562679985,-130.8688377461564,-64.84888121889828,11.749999999997762,255.4630000000182,0.993879515569029,6.03533297978181,30.84044692433227,21.87243639872503
3315996.0,1.1793,-0.7804,10.359,0.0101,-0.0259,9.8066,-0.0988,0.0921,0.0385,243.21,-88.67,7.84,53.04275,-1.811398,9.15,4,251.58,18 / 18,-12.378898058716885,-8.854310937792505,0.7901411499995498,-162.9466151774258,-87.61326534163521,5.994469155869701,False,12.5,-11.25232489860482,-2.9198988640427306,-131.98526070812713,-65.13798802762393,11.625,255.453,1.1265731601120645,5.934412073749774,30.96135446929867,22.47527731401128
3316096.0,-0.0803,0.6261,9.7869,0.0125,0.0005,9.8066,-0.0444,0.2617,-0.1691,255.65,-88.74,17.81,53.04275,-1.811398,9.15,4,251.58,18 / 18,-12.363439565595565,-8.731520949851662,0.8167711499995256,-164.1837320586403,-88.49255693601663,6.074814770869581,False,12.599999999999909,-11.28147801700829,-3.230863468443307,-133.10836883755036,-65.49381179302482,11.734999999998417,254.0189999999971,1.081961548587275,5.500657481408355,31.07536322108993,22.998745142991808
3316196.0,-0.8944,-1.4996,9.6391,0.0178,-0.0105,9.8065,0.0139,0.2519,-0.085,256.67,-88.73,17.27,53.04275,-1.811398,9.15,4,251.58,18 / 18,-12.26543414087628,-8.70955625019809,0.8074061499995341,-165.41517574396275,-89.36461079601833,6.15602363586946,False,12.699999999999818,-11.157941583389324,-3.2402034865171423,-134.21810663212116,-65.8273965728674,11.618888888889792,253.80699999998947,1.1074925574869567,5.4693527636809485,31.197069111841586,23.537214223150926
3316296.0,0.5255,-1.874,9.2441,0.016,-0.0192,9.8065,0.0374,-0.1012,0.0908,259.59,-88.52,20.67,53.04275,-1.811398,9.15,4,251.58,18 / 18,-12.048667569266108,-8.634736682268683,0.7709011499995673,-166.63088082946877,-90.23182544264088,6.2349390008693435,False,12.799999999999727,-11.167598751378172,-3.3245371805239663,-135.32784442666545,-66.16098135271135,11.651944444446615,253.421999999972,0.881068817887936,5.310199501744716,31.303036402803315,24.070844089929537
3316396.0,-0.1425,-0.8086,10.1682,-0.0114,0.0228,9.8066,-0.0041,0.0759,-0.0116,250.79,-88.5,15.95,53.04275,-1.811398,9.15,4,251.58,18 / 18,-11.877810807668878,-8.524986633073777,0.7608511499995307,-167.82720474831987,-91.08981160841113,6.311526615869577,False,12.900000000000091,-11.177781236156738,-3.4733602802768964,-136.43758222116057,-66.52792461122047,11.704999999999279,252.73800000000932,0.7000295715121396,5.05162635279688,31.389622527159304,24.561886997190655
3316496.0,0.5021,-3.1864,9.3796,-0.0184,-0.0043,9.8065,0.0707,-0.2687,0.2338,246.76,-88.46,10.23,53.04275,-1.811398,9.15,4,251.58,18 / 18,-11.664810903848148,-8.367507781732984,0.7575761499995338,-169.00433583389466,-91.9344363291507,6.387447980869461,False,13.0,-11.246754113061552,-3.321407521431158,-137.56069035055722,-66.83927040550519,11.726944444444444,253.547,0.4180567907865953,5.0461002603018255,31.443645483337434,25.09516592364551
3316596.0,-1.0477,1.2811,10.1305,-0.046,0.0393,9.8064,0.0332,-0.2064,0.1346,246.46,-88.72,11.07,53.04275,-1.811398,9.15,4,251.58,18 / 18,-11.532596118552027,-8.288857858821181,0.7524161499995385,-170.1642061850136,-92.76725461117765,6.462947595869346,False,13.099999999999909,-11.386456381098641,-3.2749093924638055,-138.70385398231227,-67.17285518534808,11.84805555555467,253.95399999999137,0.14613973745338527,5.013948466357376,31.46035220270133,25.594399425829565
3316696.0,0.1118,-3.4704,9.8394,-0.0432,0.0581,9.8064,-0.0545,-0.2432,0.2747,222.87,-88.84,-15.93,53.04275,-1.811398,9.15,4,251.58,18 / 18,-11.43776921798589,-8.161177891679257,0.7702461499995223,-171.31272445183944,-93.58975639870192,6.5390807108692295,False,13.199999999999818,-11.287256913230966,-3.3820451800603957,-139.82027694428245,-67.52867895074957,11.783055555553121,253.31999999997066,0.1505123047549244,4.779132711618861,31.49244750755699,26.061077447952357
3316796.0,-2.3282,2.2651,9.5075,-0.0141,0.052,9.8065,-0.0311,-0.3292,0.1753,220.92,-88.75,-15.26,53.04275,-1.811398,9.15,4,251.58,18 / 18,-11.307306598619055,-8.117770885775133,0.7569261499995346,-172.44997824266866,-94.4037038375739,6.615439325869113,False,13.299999999999727,-11.136899507634757,-3.566021130421629,-140.92332957140124,-67.89562220857594,11.693888888892744,252.2450000000185,0.1704070909842983,4.551749755353504,31.526648671267424,26.508081628997957
3316896.0,-3.7809,-2.2603,10.1368,-0.033,0.0568,9.8064,-0.1275,-0.1686,0.1204,211.84,-88.37,-24.25,53.04275,-1.811398,9.15,4,251.58,18 / 18,-11.077715973586168,-8.209364744913737,0.7584761499995403,-173.569229371283,-95.22006061911131,6.6912094408693426,False,13.400000000000091,-11.254589785315854,-3.5060608302050063,-142.04643770077462,-68.25144597395285,11.788055555554271,252.69699999999384,-0.17687381172968664,4.70330391470873,31.522791670508383,26.968614645158453
3316996.0,-2.5453,2.5514,10.6745,-0.0111,0.0576,9.8064,0.0752,-0.3696,0.2673,224.37,-88.18,-13.31,53.04275,-1.811398,9.15,4,251.58,18 / 18,-10.85790501445187,-8.319429634733055,0.8183761499994858,-174.6660104206839,-96.0465003380929,6.770052055869222,False,13.5,-11.161313061751247,-3.7360394453994967,-143.14949032789286,-68.64062821663053,11.77,251.493,-0.30340804729937787,4.583390189333558,31.51652009279104,27.405872121462366
3317096.0,-0.7778,-3.017,10.5952,-0.0145,0.0444,9.8065,0.0315,-0.0491,-0.0714,227.64,-88.04,-9.71,53.04275,-1.811398,9.15,4,251.58,18 / 18,-10.710428044488296,-8.35285999728832,0.9011961499994106,-175.74442707362994,-96.8801148196932,6.856030670869089,False,13.599999999999909,-11.367844069922098,-3.6189806854796425,-144.29265395962142,-69.02981046072223,11.929999999997422,252.3410000000158,-0.6574160254338022,4.7338793118086775,31.451773114008517,27.850304358970973
3317196.0,1.0679,-1.507,9.2203,-0.0284,0.0083,9.8066,0.0354,-0.2732,0.3265,223.73,-88.32,-11.62,53.04275,-1.811398,9.15,4,251.58,18 / 18,-10.551627667936891,-8.114714318613272,0.9113061499994014,-176.80752985925022,-97.70349353548754,6.946655785868947,False,13.699999999999818,-11.257550840178407,-3.3348522012698005,-145.41576208904482,-69.34115625500772,11.741111111113643,253.49899999997967,-0.7059231722415156,4.779862117343471,31.391767770205405,28.36233728047982
3317296.0,2.3342,-2.1749,9.8015,-0.0463,0.0097,9.8065,0.1493,0.0601,-0.055,230.71,-88.78,-7.77,53.04275,-1.811398,9.15,4,251.58,18 / 18,-10.518276473148907,-7.7906070215852585,0.8817311499994284,-177.86102506630357,-98.49875960249675,7.036307650868807,False,13.799999999999727,-11.301844873013097,-3.508451040130141,-146.53887021846882,-69.70809951354143,11.833888888892048,252.75400000000002,-0.7835683998641905,4.2821559814551176,31.322154847834753,28.79066008895532
3317397.0,1.0546,1.431,9.8667,0.0116,-0.0017,9.8066,-0.0321,-0.3368,0.1774,240.3,-88.91,2.79,53.04275,-1.811398,9.15,4,251.58,18 / 18,-10.576817579497728,-7.547364133768083,0.8845035999994315,-178.92632731596342,-99.27332714584296,7.125502505743849,False,13.90099999999984,-11.375791481331492,-3.531452604982277,-147.6866466156596,-70.06737032093298,11.911330555555205,252.75379000000194,-0.7989739018337634,4.015911528785805,31.239680700303808,29.205956824909975
3317496.0,-1.3394,1.9648,9.2749,-0.0291,0.0401,9.8065,0.0199,0.2208,-0.108,238.57,-88.79,2.87,53.04275,-1.811398,9.15,4,251.58,18 / 18,-10.687894728587509,-7.575116613719219,0.8611544499993938,-179.97893057521534,-100.0218899428448,7.2119125792189305,False,14.0,-11.38911842147105,-3.561712575950524,-148.8051419795436,-70.40862755047938,11.933055555555557,252.634,-0.7012236928835414,4.013404037768694,31.173788595671738,29.613262392365414
3317596.0,-2.8829,-0.4469,9.3167,0.0193,-0.0048,9.8066,-0.0552,-0.1934,0.1643,240.93,-88.73,5.47,53.04275,-1.811398,9.15,4,251.58,18 / 18,-10.621868863313553,-7.728777190695992,0.8100694499994404,-181.04441875480944,-100.78708463306486,7.295473774218796,False,14.099999999999909,-11.467256596696354,-3.8616092688794437,-149.94830561129893,-70.80892928629002,12.09999999999884,251.3890000000095,-0.8453877333828004,3.8671679218165487,31.096113143510507,29.97815534677484
3317696.0,-0.4747,1.6908,9.8594,-0.0087,0.0412,9.8065,-0.0471,0.2908,-0.1232,246.83,-88.48,7.78,53.04275,-1.811398,9.15,4,251.58,18 / 18,-10.570390962136106,-7.831233108780334,0.7882094499994604,-182.10403174608095,-101.56508514803798,7.3753877192186685,False,14.199999999999818,-11.432439574527088,-3.695882895170977,-151.08478407557507,-71.17587254411715,12.01500000000128,252.0849999999874,-0.8620486123909821,4.135350213609357,31.019247670505877,30.389212603920825
3317800.0,1.7529,-1.5613,9.9495,-0.0223,0.0574,9.8064,0.0371,0.0775,-0.0233,225.83,-88.18,-9.27,53.04275,-1.811398,9.15,4,251.58,18 / 18,-10.625153915588687,-7.693715477346718,0.7983806499994869,-183.2062000797255,-102.37238247451867,7.457890404418827,False,14.304000000000087,-11.449087421974152,-3.805312964856048,-152.27394165929888,-71.56950258484142,12.06491111111424,251.61487999999142,-0.8239335063854654,3.8884025124906696,30.93225842042662,30.802879889677257
3317897.0,-0.7698,1.9124,10.5603,0.0041,-0.0146,9.8066,-0.0014,0.3213,-0.135,229.19,-88.22,-3.93,53.04275,-1.811398,9.15,4,251.58,18 / 18,-10.666200701501776,-7.597443090354846,0.8418608999993761,-184.23883077865176,-103.1140036650503,7.537442119593569,False,14.40099999999984,-11.504322516511671,-3.86808887870628,-153.38936184609716,-71.9471205565006,12.137199999998256,251.41589000000656,-0.8381218150098952,3.7293542116485665,30.8494689325546,31.166883108549712
3317996.0,0.941,-2.014,9.6852,0.0209,-0.0324,9.8065,0.007,0.3404,-0.1949,228.32,-88.3,-6.86,53.04275,-1.811398,9.15,4,251.58,18 / 18,-10.657999032271123,-7.5143946058472135,0.8731547999994267,-185.29437866547522,-103.86203963101352,7.622335396743647,False,14.5,-11.578501026219017,-3.984763353807239,-154.53433047304196,-72.34341927495458,12.245,251.009,-0.9205019939478944,3.5296312520399744,30.76004819243326,31.518620356058932
3318096.0,1.3844,0.0104,10.3279,0.0195,-0.0517,9.8065,0.0677,0.1266,-0.0402,238.26,-88.5,3.09,53.04275,-1.811398,9.15,4,251.58,18 / 18,-10.633649897443945,-7.281703004516531,0.8931447999994085,-186.35896111196,-104.60184451153103,7.710650376743509,False,14.599999999999909,-11.496139249966406,-3.854141583467049,-155.68417927222367,-72.72148202520735,12.12500000000116,251.46599999999566,-0.8624893525224611,3.4275614210494822,30.67478183973634,31.880362486323676
3318196.0,3.0349,-2.6708,9.6669,-0.002,-0.0351,9.8065,0.0245,0.4244,-0.2901,232.31,-88.73,-3.4,53.04275,-1.811398,9.15,4,251.58,18 / 18,-10.637781042584836,-6.949861347843149,0.9122197999993913,-187.42253265896048,-105.31342272914836,7.800918606743367,False,14.699999999999818,-11.555011536768815,-3.945352758008815,-156.8340280713786,-73.12178376101906,12.209999999999562,251.14799999997373,-0.9172304941839791,3.004508589834334,30.588504587581866,32.1916389681293
3318296.0,-0.303,0.9794,10.0607,0.0312,-0.047,9.8065,0.0671,-0.0919,0.0489,222.65,-88.92,-13.72,53.04275,-1.811398,9.15,4,251.58,18 / 18,-10.637009282989125,-6.721028417563637,0.9179347999993862,-188.4862721752382,-105.99696721741807,7.892426336743222,False,14.799999999999727,-11.471913790260498,-4.133536043555021,-157.9771917031338,-73.54432448238921,12.193888888887662,250.18499999997928,-0.8349045072713732,2.5874923740086153,30.509080472104415,32.45264273502886
3318396.0,-0.9031,4.2202,10.1945,-0.0018,-0.004,9.8066,-0.057,0.3434,-0.2038,245.99,-89.02,8.36,53.04275,-1.811398,9.15,4,251.58,18 / 18,-10.815164595286541,-6.823961866181516,0.9500297999995031,-189.5588808691559,-106.6742167316078,7.985824566743506,False,14.900000000000091,-11.406829281926884,-4.224267822264556,-159.11367016735878,-73.97798469544767,12.163888888889296,249.6790000000069,-0.5916646866403426,2.5996940439169594,30.445210701797123,32.696232036160126
3318496.0,0.8405,-3.1953,9.6105,0.0346,-0.0608,9.8064,0.0601,-0.4625,0.2428,275.81,-88.96,35.97,53.04275,-1.811398,9.15,4,251.58,18 / 18,-10.779125936298154,-6.871321120809691,0.9596147999994944,-190.63859539573414,-107.35898088095674,8.08130679674337,False,15.0,-11.192018385898452,-4.159606285420652,-160.22340796190343,-74.38940592439202,11.94,249.612,-0.4128924496002977,2.7117148353890395,30.41518743383071,32.96957495656471
3318597.0,0.8551,1.0182,9.7567,-0.0502,0.029,9.8064,0.0303,-0.0589,-0.0318,291.6,-88.76,52.01,53.04275,-1.811398,9.15,4,251.58,18 / 18,-10.579429983787744,-6.7536557907924255,0.9471867499994806,-191.71720246969969,-108.04704221499341,8.177600275018426,False,15.101000000000113,-11.176885345210906,-4.296159684146376,-161.34457739276777,-74.82706915485268,11.974155555557296,248.97418000001926,-0.5974553614231617,2.4574961066460492,30.37262507693191,33.21997306014073
3318697.0,3.6117,-3.5818,9.189,-0.0083,-0.0106,9.8066,0.0951,-0.5509,0.301,301.07,-88.9,62.59,53.04275,-1.811398,9.15,4,251.58,18 / 18,-10.292398723997785,-6.615674352233178,0.9138067499995111,-192.760793905088,-108.71550872214408,8.27064995001829,False,15.201000000000022,-11.36293836940737,-4.098467143665668,-162.4870056560765,-75.22781567176968,12.079513888878452,250.16585999995834,-1.0705396454095855,2.51720720856751,30.273788249011517,33.4876930503744
3318796.0,-1.1487,1.9223,10.134,-0.0634,0.0604,9.8062,0.088,-0.4485,0.2492,312.11,-88.7,72.13,53.04275,-1.811398,9.15,4,251.58,18 / 18,-10.083868374432447,-6.5283314662684155,0.8994368999995539,-193.7694191264573,-109.36613701015797,8.360405510692978,False,15.299999999999727,-10.932603418039227,-4.247942686991634,-163.5459361781111,-75.66814758092526,11.728888888897039,248.76600000006,-0.84873504360678,2.280388779276781,30.223482948346202,33.697989429232706
3318897.0,2.6845,-4.1871,9.1784,-0.053,0.0553,9.8063,0.0064,-0.4847,0.319,306.11,-88.79,70.3,53.04275,-1.811398,9.15,4,251.58,18 / 18,-9.869107813367782,-6.520471321831463,0.884241449999537,-194.77704442394236,-110.02510155095776,8.450481267368032,False,15.40099999999984,-11.222212355520446,-4.036456211051032,-164.69317776193444,-76.06166642642043,11.926105555558678,250.2168800000242,-1.3531045421526642,2.4840151107804314,30.08386666200792,33.96343512453733
3318996.0,-2.4043,4.8739,10.1463,-0.0494,0.0732,9.8062,0.0593,-0.6256,0.3887,298.58,-88.98,59.99,53.04275,-1.811398,9.15,4,251.58,18 / 18,-9.81934764540516,-6.514846055427609,0.869955749999514,-195.7516229691532,-110.67034976113312,8.537314028768124,False,15.5,-10.93307200287889,-4.258230765190968,-165.7587265997232,-76.4909900380789,11.733055555555554,248.72,-1.11372435747373,2.256615290236641,29.992896369430014,34.17935972305422
3319096.0,2.9172,-1.2741,10.1551,-0.0576,0.0745,9.8062,-0.0482,-0.0867,0.0485,262.36,-89.34,25.81,53.04275,-1.811398,9.15,4,251.58,18 / 18,-9.985521707673064,-6.316206213125429,0.9043607499994827,-196.74186643680622,-111.31190237456019,8.626029853767994,False,15.599999999999909,-10.981521598338324,-4.071342045929989,-166.85509405938814,-76.90241126702313,11.711944444443409,249.65799999998964,-0.9959998906652601,2.2448641671954395,29.886772377418083,34.409491107537065
3319196.0,3.3317,-2.5681,9.5338,-0.0209,0.0139,9.8066,0.1065,-0.5391,0.3615,261.68,-89.27,25.3,53.04275,-1.811398,9.15,4,251.58,18 / 18,-9.78887704592535,-5.924729111008059,0.9081407499994792,-197.73058637448523,-111.92394914076631,8.71665492876786,False,15.699999999999818,-10.85587787988541,-4.189152330376971,-167.93809118420046,-77.3249519876849,11.63611111110961,248.8990000000158,-1.0670008339600603,1.7355767806310878,29.792495190284768,34.59899715308141
3319296.0,2.0971,-2.3408,10.0801,-0.0654,0.0598,9.8062,-0.0324,0.3991,-0.1785,222.73,-89.46,-14.43,53.04275,-1.811398,9.15,4,251.58,18 / 18,-9.656817926531275,-5.519421139619724,0.9081707499994792,-198.70287112310717,-112.49615665329718,8.807470503767725,False,15.799999999999727,-10.84614658694538,-4.0599555148064965,-169.01440314155928,-77.72525372420422,11.581111111103086,249.4779999999733,-1.1893286604141053,1.4594656248132276,29.688467981547888,34.770902929092955
3319396.0,3.9777,-0.1459,8.8077,-0.0675,0.0681,9.8061,-0.0351,-0.2154,0.1619,201.7,-89.42,-33.34,53.04275,-1.811398,9.15,4,251.58,18 / 18,-9.846150824154929,-5.209550905367305,0.8718957499993474,-199.67801956064503,-113.03260525554848,8.89647382876799,False,15.900000000000091,-10.616301888261514,-4.11246388645003,-170.07065959654147,-78.1477944455451,11.385000000002675,248.82500000000888,-0.7701510641065852,1.097087018917275,29.60735996410355,34.88481081000337
3319496.0,-0.0463,3.8264,10.6812,-0.0583,0.0381,9.8064,-0.0788,0.3947,-0.0265,221.21,-89.49,-16.05,53.04275,-1.811398,9.15,4,251.58,18 / 20,-10.163167413587527,-5.202219993959603,0.8656757499993532,-200.67848547253124,-113.55319380051435,8.983352403767846,False,16.0,-10.568859569810156,-3.8785335225581843,-171.1336012190485,-78.52585719579818,11.258055555555556,249.848,-0.40569215622262966,1.3236864714014187,29.544884253482735,35.02733660471617
3319596.0,2.3302,-0.0086,9.6912,0.0293,-0.023,9.8065,-0.0382,0.0733,-0.1063,185.1,-89.09,-53.74,53.04275,-1.811398,9.15,4,251.58,18 / 20,-10.42371163604119,-5.26918762466499,0.9036307499993187,-201.70782942501174,-114.0767641814451,9.0718177287677,False,16.09999999999991,-10.284425644228861,-4.095789199685529,-172.14306150203902,-78.94839791787477,11.069999999996982,248.28500000001074,0.13928599181232926,1.1733984249794602,29.56476792297272,35.12836626357033
3319696.0,-0.7157,3.9805,10.4101,0.0224,0.0075,9.8066,-0.0263,0.3697,-0.2867,187.39,-88.81,-48.56,53.04275,-1.811398,9.15,4,251.58,18 / 20,-10.570895088126251,-5.398448457240084,0.9280307499992966,-202.75755976121914,-114.61014598553987,9.163400803767548,False,16.199999999999818,-10.13325562221662,-3.874986531349131,-173.15252178502874,-79.33758016055287,10.848888888882673,249.0729999999975,0.43763946590963165,1.523461925890953,29.605037976190403,35.272565824987
3319796.0,1.537,0.2309,10.1234,0.0112,-0.0266,9.8066,-0.0235,0.2642,-0.0579,179.52,-88.63,-56.82,53.04275,-1.811398,9.15,4,251.58,18 / 20,-10.681689303885253,-5.552884347145074,0.9740407499992548,-203.82018898081876,-115.15771262575863,9.25850437876739,False,16.299999999999727,-9.91439869026104,-3.8095537592887503,-174.13524139828698,-79.7267624032301,10.621111111101367,248.98100000000642,0.7672906136242137,1.7433305878563239,29.684947582531777,35.43095022252854
3319896.0,-0.8461,2.957,10.5364,0.0048,-0.0226,9.8066,-0.0172,0.2169,-0.0905,177.1,-88.78,-61.04,53.04275,-1.811398,9.15,4,251.58,18 / 20,-10.757925380336783,-5.6549274766576225,1.0263657499994452,-204.89216971503376,-115.71810321695081,9.358524703767689,False,16.40000000000009,-9.702351429646114,-3.6975964362629545,-175.10459067660048,-80.09370566173922,10.383055555558801,249.13799999999787,1.0555739506906683,1.957331040394668,29.78757903843328,35.62439755521159
3319996.0,1.9104,0.1509,10.0641,0.0155,-0.0259,9.8065,-0.0123,0.238,-0.1349,164.26,-88.57,-72.97,53.04275,-1.811398,9.15,4,251.58,18 / 20,-10.85391782813361,-5.785278052158659,1.0757257499994004,-205.97276187545629,-116.2901134933911,9.463629278767534,False,16.5,-9.483336864610251,-3.673584341256398,-176.04051411776936,-80.46064891956605,10.17,248.825,1.3705809635233592,2.1116937109022604,29.932247757686923,35.82946457382505
3320096.0,1.4927,-0.6711,9.4648,-0.0034,-0.0177,9.8066,0.0701,-0.1483,0.152,159.39,-88.58,-75.5,53.04275,-1.811398,9.15,4,251.58,18 / 20,-11.088425534162152,-5.773931831840146,1.0715057499994043,-207.06987904357007,-116.86807398759052,9.570990853767377,False,16.59999999999991,-9.17818850343846,-3.589133710982168,-176.9563820566587,-80.82759217739259,9.8549999999979,248.64200000000574,1.9102370307236924,2.184798120857978,30.113496986911372,36.04048181019793
3320196.0,-1.548,1.6704,9.5494,-0.0113,0.0154,9.8066,-0.0501,0.0136,-0.0942,156.08,-88.59,-81.58,53.04275,-1.811398,9.15,4,251.58,18 / 20,-11.13110599556062,-5.778948537666753,1.0415507499994316,-208.18085562005518,-117.44571800606533,9.676643678767222,False,16.699999999999818,-9.060524153211407,-3.46676489815696,-177.85219449321573,-81.17229644966142,9.701111111105865,249.06199999996636,2.0705818423492133,2.3121836395097928,30.32866112683945,36.27342155640392
3320296.0,0.8669,2.4177,9.323,0.018,0.0051,9.8065,-0.0353,-0.2793,0.1567,157.66,-88.41,-80.08,53.04275,-1.811398,9.15,4,251.58,18 / 20,-11.086799175943684,-5.918372023593599,1.0045057499994654,-209.2917508786294,-118.03058403412783,9.778946503767074,False,16.799999999999727,-8.805817891456636,-3.5883894944153942,-178.72795142746787,-81.5392397081933,9.508888888883535,247.82900000007933,2.280981284487048,2.3299825291782046,30.563799451161515,36.49134432593452
3320396.0,-0.8808,3.3333,9.9658,-0.0191,0.043,9.8064,0.0043,-0.1477,0.0112,167.5,-88.54,-72.31,53.04275,-1.811398,9.15,4,251.58,18 / 20,-11.064121522655537,-6.159743053439386,0.9882807499994064,-210.39929691356338,-118.63448978798168,9.87858582876738,False,16.90000000000009,-8.799373162124155,-3.2432943062274893,-179.60370836168687,-81.85058550245603,9.378055555557342,249.76699999997356,2.2647483605313816,2.9164487472118967,30.795588551876506,36.78390428552565
3320497.0,-0.3098,-1.0268,9.7059,-0.0002,-0.001,9.8067,0.0121,-0.3907,0.0727,169.77,-88.39,-69.95,53.04275,-1.811398,9.15,4,251.58,17 / 19,-11.036526695246163,-6.213579781250562,0.9912299499993964,-211.51537964856362,-119.2593425911314,9.97855111911698,False,17.00099999999975,-8.647970931163684,-3.2412849852062124,-180.46796680792457,-82.18739493517165,9.235438888889048,249.4538599999998,2.3885557640824793,2.9722947960443498,31.047412840639055,37.07194765595975
3320596.0,-0.2346,4.7707,10.6222,-0.019,0.0183,9.8066,0.0267,-0.4255,0.2282,173.51,-88.63,-65.91,53.04275,-1.811398,9.15,4,251.58,17 / 19,-11.047010462722357,-6.345100014117386,1.0266125499994536,-212.60851473788483,-119.88099724100312,10.078434322867086,False,17.09999999999991,-8.590426905719774,-3.2051659916868966,-181.31511122555398,-82.50663556971492,9.168888888888384,249.5390000000156,2.456583557002583,3.1399340224304892,31.293403512330855,37.3743616712882
3320696.0,2.7559,-1.9174,9.695,-0.0574,0.0442,9.8063,0.0003,-0.0344,-0.0608,156.91,-88.67,-80.64,53.04275,-1.811398,9.15,4,251.58,17 / 19,-11.232679749409563,-6.504010228471895,1.0618075499994217,-213.7224992484904,-120.52345275313199,10.182855327866934,False,17.199999999999818,-8.617841947545168,-3.02079617045726,-182.1708126575001,-82.80686187157355,9.131944444438934,250.68299999997075,2.614837801864395,3.4832140580146347,31.5516865909903,37.716590881558446
3320796.0,-0.6183,1.1555,9.5978,-0.0012,-0.0054,9.8066,0.0246,-0.5405,0.2614,152.31,-88.9,-85.21,53.04275,-1.811398,9.15,4,251.58,17 / 19,-11.410213233799752,-6.475482561990082,1.0457825499994364,-214.85464389764985,-121.1724273926545,10.288234832866781,False,17.299999999999727,-8.37052561669396,-3.1111414143708376,-183.00645858714114,-83.1182076658566,8.929999999996852,249.6110000000317,3.039687617105791,3.364341147619245,31.84818531050871,38.054219726797896
3320896.0,-2.527,4.5944,10.3747,-0.0404,0.0381,9.8064,0.0013,0.2931,-0.2298,144.84,-88.88,-94.59,53.04275,-1.811398,9.15,4,251.58,17 / 19,-11.19061929168009,-6.603442149040337,1.063742549999502,-215.98468552392796,-121.8263736282084,10.393711087867112,False,17.40000000000009,-8.339361065044876,-2.9718091622082716,-183.83541934927297,-83.40731447526954,8.853055555556605,250.38599999998942,2.8512582266352133,3.631632986832065,32.149266174655,38.41905915293886
3320997.0,-0.6571,1.8719,9.8449,0.0375,-0.0528,9.8064,0.0208,-0.1434,-0.0082,142.83,-89.03,-96.47,53.04275,-1.811398,9.15,4,251.58,17 / 19,-10.94193126279927,-6.756705186235275,1.0943606999993984,-217.1023793269254,-122.50106106863754,10.502695301991688,False,17.50099999999975,-8.333743927815041,-2.9206234608050075,-184.67908747981014,-83.6992011592721,8.830705555556111,250.68669999999912,2.6081873349842297,3.836081725430268,32.42329184711525,38.80185990936543
3321097.0,-0.9031,0.4641,9.8062,0.0122,0.0072,9.8066,-0.0594,0.3597,-0.3308,142.93,-89.48,-95.76,53.04275,-1.811398,9.15,4,251.58,17 / 19,-10.881574243623284,-6.785901639905779,1.0962506999994055,-218.1935546022505,-123.17819140994706,10.612225871992026,False,17.601000000000113,-8.133008222586902,-2.7919218980427774,-185.48144127561946,-83.97729966979725,8.598875000001296,251.05353000000085,2.748566021036382,3.9939797418630016,32.71211332663103,39.200891740149814
3321197.0,1.8115,-1.4686,9.0383,0.0483,-0.0515,9.8064,-0.0459,-0.0058,-0.0861,144.57,-89.64,-97.98,53.04275,-1.811398,9.15,4,251.58,17 / 19,-11.020045441069081,-6.7519467796447765,1.0578106999994406,-219.2886355864841,-123.85508383092397,10.71992894199187,False,17.701000000000022,-8.211399019172553,-2.8091296563388544,-186.29696485128056,-84.26618408867344,8.678619444440375,251.1142500000243,2.808646421896528,3.942817123305922,32.99167073520354,39.58889974225053
3321297.0,-2.3054,3.4337,9.869,0.0199,-0.0076,9.8066,-0.0604,0.418,-0.3226,255.79,-89.85,12.7,53.04275,-1.811398,9.15,4,251.58,17 / 19,-11.288641099940756,-6.8589666651717724,1.0225106999994726,-220.4040699135336,-124.53562950316419,10.823945011991722,False,17.80099999999993,-8.12064554546621,-2.647664926610199,-187.1058032594881,-84.53282952269785,8.541386111108745,251.9419700000465,3.1679955544745457,4.211301738561573,33.29826665404548,40.002799980466335
3321397.0,1.9476,-0.3944,9.5069,0.0594,-0.0696,9.8061,-0.0489,0.1758,-0.1919,240.52,-89.7,-0.99,53.04275,-1.811398,9.15,4,251.58,17 / 19,-11.422539061831406,-6.853560112789333,1.0106406999994835,-221.53962892162116,-125.22125584206162,10.925602581991576,False,17.90099999999984,-8.11509600057741,-2.4774668672852767,-187.90795650018654,-84.77756955662709,8.484850000002018,253.02296000000806,3.3074430612539967,4.376093245504057,33.631672421434615,40.44368628543454
3321496.0,-0.004,-0.6665,9.779,0.0244,-0.0249,9.8065,0.0043,-0.2487,0.0903,283.08,-89.5,39.41,53.042465,-1.812728,8.14,4,252.5,16 / 20,-11.375013272919547,-6.716744713548181,0.9944343999994573,-222.66810776219316,-125.89298593096642,11.024853799441685,False,18.0,-7.974126028920355,-2.510560510104245,-188.69553607596865,-85.03076040476165,8.36,252.524,3.4008872439991924,4.206184203443936,33.97257168622451,40.86222552620477
3321596.0,0.9713,-1.1817,9.5411,0.0282,-0.0505,9.8064,-0.0257,0.1813,-0.2181,293.58,-89.3,48.9,53.042465,-1.812728,8.14,4,252.5,16 / 20,-11.200142853645875,-6.67652966686852,0.9797743999994707,-223.79686556852042,-126.56264964998664,11.123564239441542,False,18.09999999999991,-8.079997804257152,-2.336755358746885,-189.49775616842524,-85.26426975065145,8.41111111110968,253.86999999999625,3.1201450493887233,4.339774308121635,34.299109400095176,41.29837989933519
3321696.0,-0.2622,1.3442,9.3171,0.0205,-0.0375,9.8065,0.0299,0.0539,-0.1266,307.93,-88.96,60.97,53.042465,-1.812728,8.14,4,252.5,16 / 20,-11.114812973107707,-6.6131009536823235,0.9420193999995051,-224.9126133598571,-127.22713118101358,11.219653929441403,False,18.199999999999818,-7.968004720529549,-2.3457157891913156,-190.2932910934283,-85.49777909654125,8.306111111106253,253.5960000000139,3.1468082525781584,4.267385164491008,34.61932226642878,41.729352084472325
3321796.0,0.5211,0.5302,10.4263,0.0178,-0.0199,9.8066,-0.067,0.1384,-0.1017,303.21,-88.88,60.52,53.042465,-1.812728,8.14,4,252.5,16 / 20,-11.10973892332949,-6.5403425685211385,0.9485243999994992,-226.02384095467795,-127.88480335712315,11.314181119441267,False,18.299999999999727,-7.817281085424552,-2.2260735714959465,-191.0620853486749,-85.73128844172282,8.128055555558749,254.1050000000237,3.292457837904937,4.3142689970251915,34.96175560600304,42.15351491540032
3321896.0,0.3497,1.6043,10.5466,0.0271,-0.0385,9.8065,0.0146,-0.0991,0.0564,312.27,-88.59,67.05,53.042465,-1.812728,8.14,4,252.5,16 / 20,-11.091205537509849,-6.43447818002878,1.0165043999997465,-227.13388817772395,-128.533544394553,11.412432559441587,False,18.40000000000009,-7.9146603544793335,-2.1675818418497452,-191.85762027365107,-85.94255880345425,8.206111111110047,254.68399999999212,3.176545183030515,4.266896338179034,35.27626790407288,42.59098559109874
3321996.0,1.9481,-0.602,10.3366,-0.0122,-0.0184,9.8065,0.0145,0.3431,-0.1985,319.76,-88.71,74.06,53.042465,-1.812728,8.14,4,252.5,16 / 20,-10.971280799835354,-6.335678643393211,1.0799993999996889,-228.2370124945902,-129.1720522357235,11.517257749441464,False,18.5,-7.901433014883521,-1.997462468060094,-192.64647003122866,-86.13159017822713,8.15,255.813,3.0698477849518326,4.338216175333117,35.590542463361544,43.04046205749637
3322097.0,1.5502,-2.736,9.3324,-0.0045,-0.0421,9.8065,0.0967,-0.2286,0.1336,330.17,-88.93,83.76,53.042465,-1.812728,8.14,4,252.5,16 / 20,-10.667756439987652,-6.395819649419413,1.0828122499996922,-229.32978387520248,-129.81499289951125,11.626479737766555,False,18.601000000000113,-7.7683507403239265,-2.0489879193252127,-193.42970424812933,-86.34475085302054,8.034050000000255,255.22410000002074,2.899405699663726,4.3468317300942,35.900079627073154,43.47024204649071
3322198.0,0.1703,2.6578,9.9203,-0.0263,0.0394,9.8065,0.0017,0.1197,0.0254,348.59,-89.06,104.22,53.042465,-1.812728,8.14,4,252.5,16 / 20,-10.484804714313231,-6.380058078744465,1.0646019499997539,-230.39798821349106,-130.46017472478135,11.73492415486616,False,18.70199999999977,-7.821154679163128,-1.8797836153174317,-194.21213624498523,-86.53633971181533,8.043961111102929,256.48415999995007,2.663650035150103,4.500274463427034,36.18585196850583,43.92383501296602
3322296.0,1.5343,0.1038,9.602,-0.0048,0.0224,9.8066,-0.047,-0.2635,0.2441,12.27,-89.46,127.2,53.042465,-1.812728,8.14,4,252.5,16 / 20,-10.382635646383438,-6.316869843920022,1.060142949999756,-231.42049279116475,-131.08232419299165,11.83903665496609,False,18.799999999999727,-7.472694613269389,-2.047242073810709,-194.93279729468583,-86.75428176820849,7.748055555555067,254.67900000005992,2.909941033114049,4.269627770109313,36.48769549647892,44.32804242478316
3322397.0,-0.1454,2.3981,9.6214,-0.0088,0.0523,9.8065,0.0016,-0.0223,0.0922,7.56,-89.64,122.65,53.042465,-1.812728,8.14,4,252.5,16 / 20,-10.259795934738973,-6.272228733163226,1.040452999999734,-232.4629355860126,-131.71807367113507,11.945116750441183,False,18.90099999999984,-7.509630509051525,-1.8536490431301533,-195.68888973175402,-86.93419515922153,7.735030555557286,256.1343700000138,2.750165425687448,4.418579690033073,36.77404585425859,44.78387851191354
3322497.0,3.2057,-2.0219,9.7597,0.0053,0.011,9.8066,-0.0023,-0.2364,0.2156,300.02,-89.8,55.61,53.042465,-1.812728,8.14,4,252.5,18 / 19,-10.027063977968771,-6.089331516916356,1.0288429999997446,-233.47727858164706,-132.3361516836385,12.048581550441064,False,19.00099999999975,-7.375896047836919,-1.937661416655749,-196.42399074314403,-87.13423483219579,7.6261638888893355,255.28089999999978,2.6511679301318516,4.151670100260607,37.053287838503024,45.201916851442704
3322596.0,2.4125,2.0232,10.0975,-0.013,0.0385,9.8065,-0.0395,-0.1279,0.0901,263.44,-89.47,21.26,53.042465,-1.812728,8.14,4,252.5,18 / 19,-9.91250574200427,-5.8619501997105115,1.0409160499997643,-234.46428728278732,-132.92774012861247,12.151034623416205,False,19.09999999999991,-7.197698200825802,-1.8788849116113502,-197.12553221399193,-87.32137589322126,7.438888888890049,255.3699999999949,2.7148075411784687,3.9830652880991613,37.33875506879539,45.60636423539121
3322696.0,2.6523,-1.0048,9.859,-0.0336,0.0526,9.8064,0.0237,0.0283,0.1427,214.63,-89.37,-27.98,53.042465,-1.812728,8.14,4,252.5,18 / 19,-10.085048732672382,-5.573073339918353,1.0580760499997488,-235.46416500652026,-133.49949130559338,12.255984228416086,False,19.199999999999818,-7.2673146285776395,-1.9480867797649692,-197.84753029719948,-87.52152676112651,7.523888888881445,254.99400000001032,2.8177341040947423,3.624986560153384,37.61663470932078,45.97796454446687
3322797.0,2.4376,-0.2547,9.4116,-0.0334,0.0254,9.8065,0.0785,-0.1036,0.1426,188.8,-89.27,-51.58,53.042465,-1.812728,8.14,4,252.5,18 / 19,-10.308808640198226,-5.3541091433490955,1.0407696999997296,-236.49405480385138,-134.051314020999,12.361975938791177,False,19.30099999999993,-7.013574411376936,-1.8313458149861968,-198.54947287808625,-87.71244845036146,7.248730555545466,255.36581999997804,3.2952342288212897,3.522763328362899,37.944581925765135,46.33886557063754
3322897.0,2.1944,-1.1797,9.4772,-0.0502,0.0376,9.8064,-0.0611,0.3125,-0.0547,163.61,-89.04,-76.09,53.042465,-1.812728,8.14,4,252.5,18 / 19,-10.599217318045419,-5.244713393565612,1.0045446999997625,-237.53945610176262,-134.58125514784425,12.464241658791058,False,19.40099999999984,-6.7682007201198,-1.8325148787936105,-199.21792277005574,-87.90147982582774,7.011894444446303,254.8501400000046,3.831016597925619,3.4121985147720015,38.32153333170689,46.67977532201651
3322996.0,1.0314,-0.3802,9.1798,0.0402,-0.0066,9.8065,-0.0181,0.0511,0.0464,153.0,-88.57,-89.16,53.042465,-1.812728,8.14,4,252.5,18 / 19,-10.838312205088855,-5.19077876370298,0.957207849999686,-238.6006138131595,-135.09781200962988,12.561348410016189,False,19.5,-6.648256456195664,-1.8353552142312288,-199.8731360305602,-88.08862088755332,6.896944444444444,254.567,4.19005574889319,3.355423549471751,38.727477782599294,47.00919112207656
3323096.0,0.4014,2.4353,9.9477,0.0244,0.0278,9.8065,-0.1689,0.4385,-0.2593,173.33,-88.55,-67.71,53.042465,-1.812728,8.14,4,252.5,18 / 19,-10.959772918143251,-5.280283833884334,0.9329178499997082,-239.69051806932012,-135.62136513950875,12.655854695016073,False,19.59999999999991,-6.043068713828119,-2.0648815083171796,-200.44806043017806,-88.32213023273488,6.386111111109704,251.13500000001977,4.916704204315132,3.215402325567154,39.24245763914206,47.299234906773876
3323196.0,0.9935,-0.1387,8.9984,0.0689,-0.0048,9.8064,-0.0734,0.0473,0.0797,188.46,-88.45,-54.41,53.042465,-1.812728,8.14,4,252.5,18 / 19,-11.059938222356255,-5.332050012527195,0.8995578499997385,-240.79150362634408,-136.15198183182883,12.747478480015962,False,19.699999999999818,-5.9950200786066,-1.8805641098503783,-201.05641066695316,-88.4889226233635,6.283055555552061,252.58399999999813,5.064918143749655,3.4514859026768168,39.735092959390926,47.66305920846534
3323296.0,-0.7672,3.6349,9.8136,0.0164,0.0348,9.8065,-0.0389,0.5638,-0.1783,199.24,-88.17,-41.14,53.042465,-1.812728,8.14,4,252.5,18 / 19,-11.164092020403132,-5.435581162878394,0.859492849999775,-241.90270513848105,-136.69036339059863,12.835431015015859,False,19.799999999999727,-5.8706121805617535,-1.8493073366637223,-201.65139056882234,-88.65571501257837,6.154999999999875,252.5150000000242,5.293479839841378,3.586273826214672,40.25131456965872,48.034648378020265
3323396.0,2.5817,-1.5671,10.7378,0.0813,-0.1038,9.8057,-0.0557,0.4889,-0.4282,199.57,-87.6,-41.95,53.042465,-1.812728,8.14,4,252.5,18 / 19,-11.309035720044452,-5.4330847594016145,0.9063978499999457,-243.02636152550753,-137.2337966867146,12.923725550016165,False,19.90000000000009,-5.8864824611739435,-1.7876645887366194,-202.2330001358264,-88.84474638875271,6.151944444444486,253.10699999999193,5.422553258870509,3.645420170664995,40.79336138968114,48.3890502979619
3323496.0,-1.7824,4.5639,11.0285,0.0661,-0.1054,9.8058,0.0672,0.6895,-0.4713,223.8,-88.17,-16.59,53.042465,-1.812728,8.14,4,252.5,18 / 19,-11.508285011911315,-5.4704656915671,1.0140478499998478,-244.16722756210427,-137.77897420926254,13.019747835016068,False,20.0,-5.66300381808822,-1.9090028204965857,-202.79455420053833,-89.0337777642326,5.976111111111111,251.371,5.845281193823095,3.561462871070515,41.372673361565944,48.74519644502995
3323596.0,3.5528,-4.4818,10.2007,0.0287,-0.0842,9.8062,-0.0218,0.7071,-0.3923,213.4,-88.33,-25.14,53.042465,-1.812728,8.14,4,252.5,18 / 19,-11.628389358867283,-5.3379855086933405,1.0948428499997742,-245.32406128064216,-138.31939676927507,13.125192370015952,False,20.09999999999991,-5.446183656469132,-1.859867893160294,-203.3427379303707,-89.21168964658,5.755000000000016,251.14499999998395,6.182205702398151,3.4781176155330464,41.98132335027145,49.107707122695075
3323696.0,2.3675,-1.0946,8.5727,0.0318,-0.0657,9.8063,0.1398,0.1441,-0.0066,216.69,-88.66,-20.39,53.042465,-1.812728,8.14,4,252.5,18 / 19,-11.721703695356638,-4.864468765066152,1.0528478499998124,-246.4915659333523,-138.82951948296258,13.232576905015835,False,20.199999999999818,-5.40787475915522,-1.9717265816124767,-203.87755132535068,-89.42296000690844,5.756111111101751,249.96800000010288,6.313828936201418,2.8927421834536755,42.61401460800161,49.40655947605414
3323797.0,1.8438,-0.2593,8.9318,0.0018,-0.0266,9.8066,-0.0857,0.5101,-0.3447,188.28,-88.61,-49.26,53.042465,-1.812728,8.14,4,252.5,18 / 19,-11.896450578976467,-4.652867955444506,0.9463534499996935,-247.68428272420743,-139.3101449873489,13.333536570665922,False,20.30099999999993,-5.195791867674549,-1.517502097675467,-204.41737859588108,-89.5359340521133,5.412894444443761,253.71876999991426,6.700658711301918,3.135365857769039,43.26690412832636,49.7742109352356
3323897.0,-0.5514,1.4489,10.1067,0.0872,-0.1037,9.8056,-0.0376,0.0048,-0.1684,186.82,-88.74,-53.47,53.042465,-1.812728,8.14,4,252.5,18 / 19,-12.006685717012108,-4.639113164678796,0.9176134499997197,-248.87943953900577,-139.77474404335464,13.426734915665808,False,20.40099999999984,-5.120520203831492,-1.6950210092478513,-204.91843189524272,-89.71406832430972,5.3938638888938195,251.68223000005406,6.886165513180615,2.944092155430945,43.961007643763054,50.06067571904492
3323996.0,0.2072,3.1028,11.3777,0.0201,-0.0326,9.8065,-0.0083,0.3687,-0.3197,265.06,-88.8,24.44,53.042465,-1.812728,8.14,4,252.5,18 / 19,-12.135888697913469,-4.659821006838028,1.0102328999998695,-250.0744969725465,-140.23504128484547,13.522163309990942,False,20.5,-4.729532088736474,-1.8783813098167246,-205.38171399864862,-89.91221768423696,5.088888888888889,248.33900000000003,7.406356609176995,2.7814396970213036,44.69278297389789,50.3228236006085
3324096.0,1.115,1.2995,10.7606,0.0554,-0.0561,9.8063,-0.0025,-0.1773,0.0432,281.93,-88.15,43.78,53.042465,-1.812728,8.14,4,252.5,18 / 19,-12.284140667849506,-4.551363319207293,1.1364828999997547,-251.29549844083354,-140.6956005011473,13.629499099990825,False,20.59999999999991,-4.802205970141827,-1.7932743637760715,-205.8630460541118,-90.07901007415825,5.126111111109717,249.52300000001915,7.481934697707679,2.758088955431221,45.432452386721735,50.61659042698906
3324196.0,1.1761,2.0876,10.5824,-0.0427,0.0379,9.8065,0.0707,0.1357,0.0229,282.15,-88.18,43.95,53.042465,-1.812728,8.14,4,252.5,18 / 19,-12.360082038318813,-4.3693235400934505,1.222967899999676,-252.52770957614084,-141.14163484411193,13.747471639990689,False,20.699999999999818,-4.748121137648825,-1.6415861933200038,-206.33100777469602,-90.24580246478656,5.023888888887418,250.92800000000753,7.611960900669988,2.7277373467734467,46.19670180144482,50.89583237932537
3324296.0,2.7494,-0.9988,9.6059,-0.0163,-0.009,9.8066,0.074,-0.1714,0.1438,274.36,-88.47,37.21,53.042465,-1.812728,8.14,4,252.5,18 / 19,-12.326303975448655,-4.117808914991435,1.2517178999996499,-253.76202887682808,-141.5659914668658,13.871205929990543,False,20.799999999999727,-4.704958628291406,-1.6013320411160097,-206.79896949530487,-90.40147536157441,4.969999999983754,251.20400000000103,7.6213453471572485,2.5164768738754253,46.96305938152321,51.16451610529138
3324396.0,0.4451,1.9128,9.5266,-0.0372,-0.0079,9.8065,0.0756,-0.0236,0.0425,286.2,-88.65,51.1,53.042465,-1.812728,8.14,4,252.5,18 / 19,-12.287358978806825,-3.900065047638317,1.2276778999995626,-254.99271202454534,-141.96688516499873,13.995175719990955,False,20.90000000000009,-4.329825029890687,-1.4715475951457269,-207.2201350437967,-90.54602876592723,4.573055555560971,251.22899999999967,7.957533948916138,2.4285174524925903,47.77257698074865,51.420856399071496
3324496.0,2.0233,-0.8657,9.5964,-0.023,-0.0052,9.8066,0.024,0.1332,-0.0272,307.71,-88.71,74.5,53.042465,-1.812728,8.14,4,252.5,18 / 19,-12.205680667693603,-3.782232282574967,1.203162899999585,-256.2173640068693,-142.35100003150905,14.116717759990802,False,21.0,-4.160013351327207,-1.6574892082367674,-207.62124509003857,-90.74617963383203,4.478055555555555,248.276,8.045667316366396,2.1247430743381996,48.596118916830704,51.60482039767702
3324596.0,2.8073,-0.3691,9.8802,0.0144,-0.0098,9.8066,-0.0156,-0.0079,0.0428,312.25,-88.35,79.94,53.042465,-1.812728,8.14,4,252.5,18 / 19,-11.927259835546288,-3.6374271894861723,1.1963278999995912,-257.4240110320302,-142.72198300511175,14.236692299990652,False,21.09999999999991,-3.978686507110752,-1.6309670990234375,-208.00898480137417,-90.92409151688582,4.299999999995593,247.70999999999455,7.948573328435536,2.0064600904627348,49.415026230656025,51.79789148822593
3324697.0,2.9302,-0.1246,9.9913,-0.017,0.016,9.8066,-0.0501,0.2078,0.0061,309.27,-88.15,79.18,53.042465,-1.812728,8.14,4,252.5,18 / 19,-11.644579457489897,-3.4357133317227078,1.209366999999606,-258.61438891632986,-143.0791766014332,14.358179892440747,False,21.201000000000022,-3.668428589680277,-1.5327999331560522,-208.38027900082125,-91.06975687121187,3.9757944444410556,247.32351000004277,7.97615086780962,1.9029133985666555,50.23410991550861,52.00941973022134
3324796.0,2.3638,0.1638,10.1344,0.0237,-0.0062,9.8066,-0.0192,0.0334,0.0254,304.42,-87.87,75.01,53.042465,-1.812728,8.14,4,252.5,18 / 19,-11.415130594865271,-3.222444141894265,1.2347307999995305,-259.75584456391806,-143.40875539637625,14.479162733540344,False,21.299999999999727,-3.5996068545758177,-1.399087339802436,-208.73766805200728,-91.17983984762736,3.8619444444353155,248.7599999999653,7.8155237402894535,1.8233568020918292,51.01817651191078,52.22891554874889
3324896.0,-0.1726,2.5329,10.3887,-0.0343,0.0345,9.8065,-0.0293,0.4547,-0.0922,300.31,-87.65,73.43,53.042465,-1.812728,8.14,4,252.5,18 / 19,-11.39511945371613,-3.0542534677339725,1.280220799999696,-260.8963570663513,-143.7225902768588,14.604910313540762,False,21.40000000000009,-3.3718213968810824,-1.3683321282627339,-209.06524125640453,-91.32439325268751,3.6388888888919317,247.91200000001157,8.02329805683505,1.6859213394712387,51.831115809946766,52.39819702417128
3324996.0,1.6734,1.9179,10.1037,0.0046,-0.0263,9.8066,0.0667,0.225,0.0473,299.47,-87.95,74.09,53.042465,-1.812728,8.14,4,252.5,18 / 19,-11.477922398976691,-2.864988283000572,1.324175799999656,-262.0400091589849,-144.01855236439525,14.73513014354061,False,21.5,-3.2777886072168783,-1.3341050986711924,-209.39281446082413,-91.44670767078455,3.5388888888888888,247.853,8.200133791759812,1.5308831843293798,52.647194698160774,52.5718446936107
3325097.0,-0.5194,2.1076,9.8804,0.0048,0.0014,9.8066,-0.0674,0.5722,-0.18,304.0,-87.85,78.71,53.042465,-1.812728,8.14,4,252.5,18 / 19,-11.549311471851329,-2.6954833814728185,1.342901199999677,-263.202884469463,-144.29935618345147,14.869817532040727,False,21.601000000000113,-2.886465845653778,-1.2761619130337207,-209.67606500513176,-91.58158711818031,3.156024999996787,246.14706999995582,8.662845626197551,1.4193214684390978,53.526819464331254,52.717769065271156
3325197.0,3.4187,-0.3443,8.864,0.0339,0.0004,9.8065,-0.0506,0.2545,0.0558,303.63,-87.98,78.09,53.042465,-1.812728,8.14,4,252.5,18 / 19,-11.468280268413928,-2.517556078270597,1.2994561999997165,-264.35376405647526,-144.56000815643839,15.001935402040576,False,21.701000000000022,-2.6405110003939862,-1.325132943317729,-209.92334934862853,-91.7263629124063,2.954411111109376,243.3496899999048,8.827769268019942,1.192423134952868,54.43041470784672,52.833645244032084
3325297.0,0.6805,2.7157,9.7712,-0.0197,0.0,9.8066,-0.0143,0.5441,-0.1497,300.48,-88.06,76.95,53.042465,-1.812728,8.14,4,252.5,18 / 19,-11.385424416037237,-2.2765654305098546,1.2505511999997612,-265.4964492906968,-144.7997142318772,15.129435772040434,False,21.80099999999993,-2.509192199545089,-1.440619180690245,-210.16374796967438,-91.89282171824647,2.8933499999882972,240.1369599999405,8.876232216492149,0.8359462498196095,55.3327013210224,52.90689251363074
3325397.0,2.6309,0.2319,10.2136,-0.019,0.0082,9.8066,-0.0282,0.3801,-0.1536,300.4,-88.0,76.97,53.042465,-1.812728,8.14,4,252.5,18 / 19,-11.355288875785638,-2.0469643537949658,1.2691261999997443,-266.63348495528686,-145.01589072109226,15.255419642040295,False,21.90099999999984,-2.237886014397704,-1.360106959176808,-210.37747277259686,-92.02647802002203,2.6188388888907475,238.70855000006156,9.117402861387934,0.6868573946181578,56.25601218269,52.989412701070236
3325496.0,0.3677,1.4401,10.1805,0.0277,-0.0215,9.8066,0.0047,0.3366,-0.105,299.68,-87.84,78.69,53.042465,-1.812728,8.14,4,252.5,17 / 19,-11.279697626964111,-1.8652588533182257,1.3077757999998068,-267.7539167871748,-145.20954576984468,15.382976291040478,False,22.0,-2.048606242390076,-1.4396777526730231,-210.5694039297481,-92.18059418784286,2.5038888888888886,234.902,9.231091384574036,0.4255811006452026,57.18451285742668,53.028951582001824
3325597.0,2.2157,-0.4901,9.6119,0.0036,-0.0153,9.8066,-0.0105,0.3973,-0.1168,298.54,-87.46,80.1,53.042465,-1.812728,8.14,4,252.5,17 / 19,-11.184726780762963,-1.7127328403163213,1.316820349999817,-268.8883702197663,-145.39023435037342,15.515518396615606,False,22.101000000000113,-1.9841212270412132,-1.4359603007390318,-210.76474452223857,-92.32648193132503,2.449244444438413,234.102249999964,9.20060555372175,0.27677253957728953,58.1236256975277,53.063752419048384
3325696.0,0.1776,1.0246,9.5035,0.022,-0.0134,9.8066,0.0221,0.056,0.0047,300.91,-87.42,82.34,53.042465,-1.812728,8.14,4,252.5,17 / 19,-11.077584541847965,-1.5815205688911482,1.2921742999998904,-269.9903546302322,-145.5532998941287,15.644663631790207,False,22.199999999999818,-1.629369355833863,-1.2798864336825282,-210.91034746901994,-92.4585815041415,2.071944444442239,231.85000000001992,9.448215186014103,0.30163413520862004,59.08000716121228,53.09471838998721
3325796.0,-0.9575,1.9154,9.5149,-0.0027,0.0195,9.8065,-0.0356,0.1556,0.0619,300.07,-87.59,83.03,53.042465,-1.812728,8.14,4,252.5,17 / 19,-11.1505055241575,-1.5290190300789364,1.2624292999999176,-271.10175913353146,-145.7088268740771,15.772393811790081,False,22.299999999999727,-1.5813455376526742,-1.2099048505121077,-211.07079148751555,-92.55865693809427,1.9911111111002195,232.58000000000158,9.569159986504825,0.31911417956682864,60.03096764601591,53.15016993598282
3325896.0,0.6157,1.354,10.0748,-0.0137,0.0216,9.8066,0.0282,0.0274,0.1152,295.43,-87.66,78.44,53.042465,-1.812728,8.14,4,252.5,17 / 19,-11.232670946299498,-1.4500995947825037,1.2612492999999134,-272.22091795705836,-145.8577828053207,15.898577741790533,False,22.40000000000009,-1.3706943047858604,-1.0472927588979744,-211.20449483624475,-92.65873237204022,1.7250000000036303,232.61799999999948,9.861976641513637,0.40280683588452937,61.01642312081361,53.19905043328049
3325997.0,-0.4837,1.1191,10.0568,-0.0019,-0.0025,9.8066,-0.0101,0.0091,-0.0128,291.23,-87.7,76.42,53.042465,-1.812728,8.14,4,252.5,17 / 19,-11.27065826187074,-1.373706030630616,1.287423449999825,-273.3573360820671,-146.00038498940359,16.027285715665084,False,22.50099999999975,-1.2449642699041212,-1.1027644825812204,-211.31927916114196,-92.78204754589058,1.6631388888890664,228.46575000000195,10.025693991966618,0.2709415480493955,62.03805692092513,53.21833744351301
3326097.0,-0.6111,0.9207,9.682,0.0035,-0.0002,9.8066,0.0103,0.0804,-0.0191,292.85,-87.66,75.95,53.042465,-1.812728,8.14,4,252.5,17 / 19,-11.31508709321393,-1.363611796449628,1.2936984499998478,-274.48662334982544,-146.1372508807581,16.156341810665538,False,22.601000000000113,-1.1731947872499566,-1.069488360928755,-211.43279330422666,-92.8821229798438,1.5875111111089306,227.64745999999755,10.141892305963973,0.29412343552087283,63.05383004559877,53.2551279009143
3326196.0,-0.3414,0.5977,9.7721,0.0068,-0.0043,9.8066,-0.0108,0.0253,-0.0084,292.22,-87.5,75.64,53.042465,-1.812728,8.14,4,252.5,17 / 19,-11.332348140426836,-1.3564198940543994,1.2858180499998715,-275.6076713938873,-146.27189244943764,16.284027877415145,False,22.699999999999818,-1.0697857790978604,-0.9804498169819966,-211.53206804069046,-92.98119765945656,1.4511111111077006,227.49499999990877,10.262562361328975,0.3759700770724028,64.07560335319684,53.29069478998109
3326297.0,0.5394,0.2615,9.8843,0.0056,-0.0049,9.8066,-0.023,-0.0117,0.0018,292.66,-87.33,76.37,53.042465,-1.812728,8.14,4,252.5,17 / 19,-11.296855926733336,-1.3083553513380388,1.2879945999998739,-276.7504461992802,-146.40646359933012,16.414005416240276,False,22.80099999999993,-0.9224913154639409,-0.9496930864092774,-211.61309227000478,-93.07082077054254,1.3239805555465256,224.17073000008364,10.374364611269396,0.3586622649287614,65.1373539292754,53.335642828787584
3326396.0,0.1786,0.5092,9.904,-0.0056,0.0109,9.8066,0.0127,-0.0284,0.0564,288.72,-87.18,74.97,53.042465,-1.812728,8.14,4,252.5,17 / 19,-11.250064832850619,-1.2382037793153189,1.2966570999998879,-277.8665187768814,-146.53251827629768,16.54194567539047,False,22.90000000000009,-0.8023366361811398,-0.7714587429027336,-211.69251205915506,-93.13687055694673,1.113055555558462,226.12399999997308,10.447728196669479,0.46674503641258525,66.17400671772631,53.39564771935095
3326497.0,0.2434,0.9855,10.3815,-0.002,0.0162,9.8066,-0.0171,0.0552,-0.0331,286.36,-87.18,72.68,53.042465,-1.812728,8.14,4,252.5,18 / 19,-11.246356742322424,-1.1671785027530752,1.330603199999773,-279.00258806642375,-146.65399008154174,16.674622320540003,False,23.00099999999975,-0.8383103315385765,-0.7187232638575484,-211.78002090089913,-93.19324638427324,1.1042694444446173,229.38866000001167,10.408046410783848,0.44845523889552685,67.22256716552462,53.4607436972685
3326596.0,0.5082,1.2871,9.5631,0.0096,0.0086,9.8066,-0.019,-0.0286,0.0827,285.88,-87.29,69.74,53.042465,-1.812728,8.14,4,252.5,18 / 19,-11.276781725110204,-1.0707087512548314,1.3470025499997995,-280.1174834205635,-146.7647655006153,16.807163805165196,False,23.09999999999991,-0.7233508045156585,-0.7359843408814175,-211.83958574279913,-93.27030446888345,1.031944444442686,224.50400000003,10.553430920594547,0.33472441037341394,68.27789767776434,53.49446103173186
3326696.0,-0.5869,1.91,9.8869,-0.0109,0.013,9.8066,-0.0057,0.0973,-0.0318,283.48,-87.29,67.4,53.042465,-1.812728,8.14,4,252.5,18 / 19,-11.36415717794462,-1.0034017061056646,1.338837549999807,-281.2495303657152,-146.86847102348324,16.941455810165053,False,23.199999999999818,-0.6572624679156529,-0.6192861896440498,-211.90643741711463,-93.31478243929367,0.9030555555526073,226.70399999996965,10.706894710028967,0.3841155164616148,69.34309294860057,53.55368858418957
3326796.0,0.6227,1.2495,9.7972,0.0215,-0.0066,9.8065,-0.0032,-0.0093,-0.0467,281.76,-87.24,66.45,53.042465,-1.812728,8.14,4,252.5,18 / 19,-11.452574233469365,-0.9325276036360235,1.3423775499998039,-282.39036693628486,-146.96526748897023,17.07551656516491,False,23.299999999999727,-0.5679281100793626,-0.5563116588492983,-211.95323358917835,-93.37037990283608,0.7949999999937017,225.5920000000542,10.884646123390002,0.37621594478672515,70.43713334710651,53.59488758613415
3326896.0,0.2053,1.7904,9.8621,0.004,0.0058,9.8066,-0.0128,0.0935,-0.028,283.27,-87.11,66.04,53.042465,-1.812728,8.14,4,252.5,18 / 19,-11.52611579883149,-0.8247172056419889,1.3446775499998123,-283.5393014379041,-147.05312972943446,17.20986932016538,False,23.40000000000009,-0.46823745807085343,-0.43792366875079675,-212.00002976123892,-93.41485787324294,0.6411111111132106,226.91599999998192,11.057878340760638,0.38679353689119217,71.53927167666518,53.63827185619152
3326996.0,-0.1369,0.1594,10.0961,0.0109,-0.0023,9.8066,-0.0104,0.0459,-0.0429,279.59,-87.03,64.08,53.042465,-1.812728,8.14,4,252.5,18 / 19,-11.554523166326517,-0.7643135857896421,1.3619225499997967,-284.69333338616093,-147.13258126900598,17.34519932516524,False,23.5,-0.32148758321811444,-0.3048671171924219,-212.0267704309975,-93.43709685809453,0.44305555555555554,226.52,11.233035583108402,0.45944646859722027,72.66656295516344,53.69548441091145
3327097.0,-0.945,0.0045,10.1293,-0.0041,0.0011,9.8066,0.0188,-0.0328,0.0236,279.51,-86.96,64.13,53.042465,-1.812728,8.14,4,252.5,18 / 19,-11.506873473720804,-0.7790136348092015,1.3928335999998314,-285.8579339164846,-147.2105192936463,17.484314510740376,False,23.601000000000113,-0.2597492133092829,-0.2627586759886738,-212.0535779524035,-93.45933584365285,0.369474999996092,224.67,11.247124260411521,0.5162549588205276,73.80435596408114,53.75118344999346
3327196.0,-0.9627,-0.7465,9.6164,-0.0093,-0.0128,9.8066,0.033,-0.0108,-0.0103,281.16,-87.03,65.61,53.042465,-1.812728,8.14,4,252.5,18 / 19,-11.423733587952839,-0.8428378423075491,1.3993873999998119,-286.99299896603407,-147.29080094176337,17.622529450239945,False,23.699999999999818,-0.08787780408280373,-0.08889595912691205,-212.06019626818124,-93.45933584365285,0.124999999998037,224.67,11.335855783870034,0.753941883180637,74.93280269785282,53.83146509811051
3327296.0,-0.8443,0.1671,9.5668,0.0071,-0.0025,9.8066,-0.0105,-0.0337,0.0355,281.13,-87.05,67.95,53.042465,-1.812728,8.14,4,252.5,18 / 19,-11.347555326895257,-0.9014661572411868,1.3778823999998315,-288.13156341177546,-147.37801614174072,17.7613929402398,False,23.799999999999727,-0.0372992457345721,-0.03773139598664607,-212.0468259333021,-93.45933584365285,0.05305555555706759,224.67,11.310256081160686,0.8637347612545407,76.08473747847336,53.918680298087864
3327396.0,-0.8436,0.107,9.9443,0.0004,0.0072,9.8066,-0.0371,0.0184,-0.0216,280.31,-87.06,67.14,53.042465,-1.812728,8.14,4,252.5,18 / 19,-11.311760239622735,-0.945705000531774,1.372772399999813,-289.26452919010546,-147.4703746996297,17.898925680240286,False,23.90000000000009,-0.06327201894025797,-0.06400509057202337,-212.03345559842384,-93.45933584365285,0.08999999999949598,224.67,11.248488220682477,0.8816999099597506,77.23107359168162,54.01103885597685
3327496.0,-0.8638,-0.0675,9.9096,0.0082,0.0094,9.8066,-0.0144,-0.0164,-0.0199,279.01,-87.02,65.94,53.042465,-1.812728,8.14,4,252.5,18 / 19,-11.263730420799035,-0.9921272766155018,1.384802399999802,-290.39330372312554,-147.56726631348698,18.03680442024014,False,24.0,-0.045696458123775534,-0.04622589874672018,-212.0267704309975,-93.44821635193468,0.06499999999999997,224.67,11.21803396267526,0.9459013778687816,78.36653329212805,54.11904996155231
3327597.0,-0.2563,0.0013,9.7517,0.0009,0.0037,9.8066,-0.0005,0.0098,-0.0116,277.56,-86.86,64.06,53.042465,-1.812728,8.14,4,252.5,18 / 19,-11.204971188448274,-1.0093426716395912,1.3872263999998047,-291.5279731543938,-147.66834054587397,18.176791874640276,False,24.101000000000113,-0.0043938902043637075,-0.004444797956571714,-212.0267704309975,-93.43709685809453,0.006250000000219794,224.67,11.20057729824391,1.0048978736830194,79.50120272339632,54.23124368777944
3327696.0,-0.7285,-0.3861,9.7872,0.0022,0.0025,9.8066,0.0003,-0.0282,0.0002,276.28,-86.82,62.71,53.042465,-1.812728,8.14,4,252.5,18 / 19,-11.129859224633032,-1.0199143648521203,1.3835435999998158,-292.63354725983805,-147.76878876918002,18.31394498963985,False,24.199999999999818,-0.01406044865352801,-0.01422335346058858,-212.0267704309975,-93.43709685809424,0.020000000000083368,224.67,11.115798775979504,1.0056910113915316,80.60677682884057,54.331691911085784
3327796.0,-1.0961,-0.1808,9.8248,0.0018,0.0053,9.8066,-0.0037,0.0053,0.0044,276.67,-86.79,61.66,53.042465,-1.812728,8.14,4,252.5,18 / 19,-11.049936580111542,-1.0728959884429867,1.3834785999998158,-293.74253705007425,-147.87342928684467,18.452296099639707,False,24.299999999999727,-0.01620857275292936,-0.016396365794396822,-212.0267704309972,-93.42597736637592,0.023055555555021225,224.67,11.033728007358611,1.0564996226485899,81.71576661907704,54.44745192046875
3327896.0,-0.6605,-0.3014,9.8736,0.0062,-0.0009,9.8066,-0.0216,-0.0418,0.0118,275.6,-86.76,60.8,53.042465,-1.812728,8.14,4,252.5,18 / 19,-10.973688919170373,-1.1215311685782483,1.3877335999998313,-294.84371832504235,-147.98315064469614,18.590856709640192,False,24.40000000000009,-0.007030224326859916,-0.007111676730391311,-212.02008526357136,-93.4148578732437,0.010000000000178108,224.67,10.966658694843513,1.114419491847857,82.82363306147099,54.568292771452434
3327996.0,-0.8623,0.0999,9.8043,0.0082,0.0024,9.8066,0.0089,-0.0223,0.0276,272.64,-86.72,60.08,53.042465,-1.812728,8.14,4,252.5,18 / 19,-10.908533960515523,-1.155384457268345,1.3909635999998284,-295.93782946902564,-148.09699642598835,18.72979156964005,False,24.5,-0.011326472526405885,-0.011457701398759687,-212.02008526357127,-93.41485787324355,0.016111111111111083,224.67,10.897207487989117,1.1439267558695851,83.91774420545437,54.6821385527448
3328097.0,-0.4935,-0.3035,9.7299,0.0094,0.0027,9.8066,0.0052,0.0,0.0245,274.12,-86.69,59.33,53.042465,-1.812728,8.14,4,252.5,18 / 19,-10.841679080486601,-1.18005866168612,1.386969049999824,-297.0362152275975,-148.21493630349568,18.870077168465187,False,24.601000000000113,-0.012769621353597806,-0.012917570594344289,-212.0134000961185,-93.40362718588655,0.018163888889060332,224.67,10.828909459133003,1.1671410910917757,85.022815131479,54.81130911760913
3328196.0,-0.8839,-0.286,9.8882,0.0007,0.0034,9.8066,-0.0058,-0.0136,-0.0072,270.54,-86.62,58.19,53.042465,-1.812728,8.14,4,252.5,18 / 19,-10.756332021403663,-1.2046584869992027,1.3872066499998232,-298.1053167771379,-148.33297980235525,19.00739886561476,False,24.699999999999818,-0.02030953694359653,-0.020544843887123968,-212.0134000961185,-93.39261888768495,0.02888888888845688,224.67,10.736022484460067,1.1841136431120787,86.0919166810194,54.94036091467031
3328296.0,-0.6539,-0.3153,9.8268,0.0057,0.002,9.8066,-0.0016,0.0213,0.0241,272.1,-86.59,57.67,53.042465,-1.812728,8.14,4,252.5,18 / 19,-10.669712079250713,-1.2360054350721417,1.3922916499998186,-299.17661898216966,-148.4550129984587,19.146373780614617,False,24.799999999999727,-0.009178348426682196,-0.009284689064625366,-212.0134000961182,-93.38149939525975,0.013055555555714716,224.67,10.660533730824032,1.2267207460075162,87.16321888605145,55.07351360319895
3328396.0,-0.5903,0.0175,9.7672,0.0028,0.0029,9.8066,0.0005,0.0081,-0.0086,269.11,-86.55,56.9,53.042465,-1.812728,8.14,4,252.5,18 / 19,-10.597987138247252,-1.2518388120740231,1.3913266499998151,-300.2400039430484,-148.57940521081645,19.285554695615104,False,24.90000000000009,-0.011912324553596497,-0.012050341126244028,-212.0067149286924,-93.38149939525975,0.016944444444391388,224.67,10.586074813693655,1.239788470947779,88.23328901435602,55.197905815556695
3328496.0,-0.6207,-0.2561,9.7734,0.0,0.0062,9.8066,0.0073,0.0133,-0.0235,271.2,-86.51,56.95,53.042465,-1.812728,8.14,4,252.5,19 / 21,-10.529026793578614,-1.265258748258665,1.3876916499998186,-301.29635463963876,-148.70526008883297,19.42450561061496,False,25.0,-0.009764200453798194,-0.009877328792034231,-212.0067149286923,-93.37037990283426,0.01388888888888889,224.67,10.519262593124816,1.2553814194666308,89.28963971094646,55.33488018599871
3328596.0,-0.6668,-0.337,9.848,0.0055,0.0016,9.8066,0.0035,0.0333,0.0083,268.1,-86.5,56.17,53.042465,-1.812728,8.14,4,252.5,19 / 21,-10.442135223939694,-1.281423697199578,1.3880966499998184,-302.34491274051373,-148.83259421110577,19.563295025614817,False,25.09999999999991,-0.009764200453760896,-0.0098773287919965,-212.00002976123955,-93.35926040970143,0.013888888888835837,224.67,10.432371023485933,1.2715463684075816,90.34488297927419,55.47333380140434
3328697.0,-0.786,-0.2587,9.9006,0.0007,0.005,9.8066,0.0002,0.0268,-0.0158,268.4,-86.44,55.74,53.042465,-1.812728,8.14,4,252.5,19 / 21,-10.353659579479915,-1.3040486563287246,1.3949292999998262,-303.3951003780876,-148.96316056495908,19.703837836089956,False,25.201000000000022,-0.0070165544460591,-0.007097848469915048,-212.00002976123955,-93.35914921477685,0.009980555555498255,224.67,10.346643025033856,1.2969508078588095,91.39507061684805,55.60401135018223
3328797.0,-0.841,-0.5959,9.7783,0.0012,0.0044,9.8066,-0.0003,0.0426,-0.0113,269.32,-86.39,55.12,53.042465,-1.812728,8.14,4,252.5,19 / 21,-10.253194172305008,-1.3359764428016137,1.3982092999998232,-304.4254430656759,-149.0951618199155,19.84349476608981,False,25.30099999999993,-0.00571205726567884,-0.005778237343549318,-211.999962909565,-93.34802972235121,0.008125000000294294,224.67,10.247482115039329,1.3301982054580643,92.4254801561109,55.747132097564275
3328897.0,-0.8651,-0.3178,9.9306,0.0007,0.0017,9.8066,-0.0277,0.0408,0.0071,268.81,-86.34,54.7,53.042465,-1.812728,8.14,4,252.5,19 / 21,-10.149796049121141,-1.3720965022681475,1.402989299999819,-305.44559257674626,-149.23056546716884,19.983554696089666,False,25.40099999999984,-0.010502374008174109,-0.010624054848781584,-211.99334459381336,-93.33702142485045,0.01493888888898671,224.67,10.139293675112967,1.361472447419366,93.4522479829329,55.893544042318396
3328997.0,-0.6561,-0.2877,9.8349,0.0015,0.0072,9.8066,0.0066,0.0114,-0.0074,267.58,-86.29,53.73,53.042465,-1.812728,8.14,4,252.5,19 / 21,-10.06167792372955,-1.397844247210852,1.410599299999812,-306.4561662753879,-149.36906250464267,20.12423412608952,False,25.50099999999975,-0.006340871774674843,-0.006414337317525073,-211.99327774213884,-93.33691022991914,0.009019444444413572,224.67,10.055337051954874,1.391429909893327,94.46288853324904,56.03215227472353
3329097.0,-0.8126,-0.129,9.7547,0.0031,0.0038,9.8066,-0.0109,0.0223,0.0109,267.12,-86.27,53.32,53.042465,-1.812728,8.14,4,252.5,19 / 21,-9.982592320649653,-1.4201142051823674,1.4094142999998078,-307.4583797876105,-149.50996042726285,20.265234806090014,False,25.601000000000113,-0.015286832230243942,-0.015463945956583703,-211.98665942636057,-93.32590193171764,0.021744444444127937,224.67,9.96730548841941,1.4046502592257837,95.47172036124994,56.184058495545216
3329196.0,-0.7032,-0.3109,9.6766,0.0003,0.0041,9.8065,-0.0175,0.0319,-0.0095,266.56,-86.22,52.85,53.042465,-1.812728,8.14,4,252.5,19 / 21,-9.902891215242763,-1.443655925511239,1.4004052999998347,-308.4427112226343,-149.65171704873177,20.40432087628958,False,25.699999999999818,-0.0013669880639153647,-0.0013828260312728543,-211.98665942636057,-93.32590193171734,0.0019444444449901134,224.67,9.901524227178847,1.442273099479966,96.4560517962737,56.32581511701443
3329296.0,-0.8286,-0.3731,9.7508,0.0012,0.0049,9.8066,0.0114,0.0062,-0.0167,266.11,-86.17,52.31,53.042465,-1.812728,8.14,4,252.5,19 / 21,-9.809893853994714,-1.4667721219986423,1.3911102999998433,-309.42835047609526,-149.79723845110712,20.543896656289437,False,25.799999999999727,-0.01542743671714501,-0.015606179491559614,-211.9866594263603,-93.31478243929169,0.02194444444464908,224.67,9.794466417277569,1.4511659425070826,97.44169104973497,56.48245601181543
3329396.0,-0.7043,-0.3341,9.8486,-0.0004,-0.0009,9.8066,-0.0286,0.0332,0.0033,263.58,-86.14,52.13,53.042465,-1.812728,8.14,4,252.5,19 / 21,-9.71534517737327,-1.4874775966657832,1.3904152999998407,-310.4046124276672,-149.9449509370409,20.68297293628993,False,25.90000000000009,-0.01894254888032052,-0.019162017856497876,-211.97997425893445,-93.30366294686681,0.026944444444376204,224.67,9.696402628492951,1.4683155788092852,98.42463816873274,56.64128799017408
3329496.0,-0.8711,-0.3999,9.7915,0.0022,-0.0007,9.8066,-0.0102,-0.0007,0.0047,265.38,-86.12,51.67,53.042465,-1.812728,8.14,4,252.5,18 / 19,-9.619110088453244,-1.5095767430345886,1.3917552999998395,-311.3713351909576,-150.09480365402578,20.822081466289784,False,26.0,-0.0027339761270634747,-0.0027656520617695647,-211.97997425893436,-93.30366294686665,0.003888888888888861,224.67,9.616376112326181,1.506811090972819,99.39136093202325,56.79114070715913
3329596.0,-0.8762,-0.1369,9.8526,0.0004,0.0028,9.8066,-0.0066,0.0048,0.0016,263.0,-86.1,51.63,53.042465,-1.812728,8.14,4,252.5,18 / 19,-9.531552626390411,-1.540939931845566,1.393295299999838,-312.3288683266989,-150.24732948776966,20.961333996289643,False,26.09999999999991,-0.005663236263210926,-0.005728850699387918,-211.97328909148158,-93.29254345373383,0.008055555555566897,224.67,9.525889390127201,1.535211081146178,100.35557923521733,56.954786034035834
3329696.0,-0.8029,-0.4386,9.8778,0.0038,-0.0005,9.8066,-0.0161,-0.0199,0.009,263.52,-86.09,51.47,53.042465,-1.812728,8.14,4,252.5,18 / 19,-9.441970926921801,-1.5670658950943759,1.3991502999998329,-313.2775445043637,-150.40272977911653,21.100956276289498,False,26.199999999999818,-0.006249088290585365,-0.006321490427058218,-211.97328909148158,-93.29254345373353,0.008888888889108684,224.67,9.435721838631215,1.5607444046673176,101.3042554128821,57.110186325383
3329797.0,-0.8317,-0.166,9.7507,0.0011,0.0051,9.8066,0.0013,-0.0121,-0.0158,266.55,-86.07,51.39,53.042465,-1.812728,8.14,4,252.5,18 / 19,-9.351207982728521,-1.5934412193743306,1.3999178999998338,-314.22660003930207,-150.56233538839737,21.24230922038964,False,26.30099999999993,-0.011955287035812593,-0.012093801373150904,-211.97322223980703,-93.2813127663836,0.017005555555814556,224.67,9.339252695692709,1.5813474180011797,102.25337779949504,57.281022622013765
3329897.0,-0.4988,-0.2671,9.6825,0.0044,0.001,9.8066,0.0014,-0.0454,-0.0039,262.25,-86.05,50.95,53.042465,-1.812728,8.14,4,252.5,18 / 19,-9.271669464407866,-1.604490363155393,1.3909128999998421,-315.15774391165803,-150.72223196752373,21.381850760389497,False,26.40099999999984,-0.01618709151234103,-0.01637463567146913,-211.9666039240554,-93.27019327395169,0.02302500000004891,224.67,9.255482372895525,1.588115727483924,103.19113998760264,57.452038693572035
3329996.0,-0.8469,-0.1645,9.7066,0.0025,-0.0002,9.8066,-0.0082,-0.0393,-0.0032,261.74,-86.03,50.67,53.042465,-1.812728,8.14,4,252.5,18 / 19,-9.191732601260226,-1.6129873896344722,1.3798149999998242,-316.07168231391006,-150.88149711628708,21.519001791439702,False,26.5,-0.014060448653469398,-0.01422335346052929,-211.9666039240554,-93.25918497575003,0.019999999999999997,224.67,9.177672152606757,1.5987640361739428,104.10507838985467,57.62231214053705
3330097.0,-0.768,-0.6194,9.8506,0.0033,0.0013,9.8065,-0.0031,-0.0341,-0.0066,262.63,-86.02,50.53,53.042465,-1.812728,8.14,4,252.5,18 / 19,-9.090763575175142,-1.6331354796737887,1.376981949999821,-316.9949483708211,-151.04542632118734,21.65822003741484,False,26.601000000000113,-0.0070087430857023484,-0.007089946606887781,-211.9599187566292,-93.25918497575003,0.009969444444396089,224.67,9.08375483208944,1.6260455330669008,105.03502961419187,57.786241345437304
3330196.0,-0.931,-0.6069,9.9121,0.0074,0.001,9.8066,-0.0302,0.0224,-0.0028,261.19,-86.01,50.14,53.042465,-1.812728,8.14,4,252.5,18 / 19,-8.96939333095906,-1.6532726278673056,1.384377249999799,-317.88892613767206,-151.20810352251013,21.794907317814413,False,26.699999999999818,-0.004882100226936395,-0.004938664396054846,-211.95991875662904,-93.25918497574973,0.006944444444497499,224.67,8.964511230732123,1.6483339634712506,105.92900738104302,57.948918546760396
3330296.0,-0.7427,-0.5085,9.9674,0.0035,0.0007,9.8066,-0.008,0.0331,-0.0189,263.51,-85.99,50.04,53.042465,-1.812728,8.14,4,252.5,18 / 19,-8.852562142955145,-1.67391764435127,1.397687249999787,-318.780023911367,-151.37446303612091,21.934010542814267,False,26.799999999999727,-0.006249088290694595,-0.0063214904271687135,-211.95323358917645,-93.24806548332454,0.008888888889264056,224.67,8.846313054664451,1.6675961539241013,106.82679032219053,58.12639755279638
3330397.0,-0.8673,-0.3314,9.8402,0.0036,-0.0021,9.8066,0.0047,-0.0144,-0.005,262.43,-85.93,49.87,53.042465,-1.812728,8.14,4,252.5,18 / 19,-8.749087110030436,-1.6947582841787068,1.407499399999798,-319.66890719864375,-151.54458117051186,22.075672468639404,False,26.90099999999984,-0.012664167988623149,-0.01281089544331583,-211.9531667375023,-93.24795428839339,0.01801388888895559,224.67,8.736422942041813,1.6819473887353908,107.71574046114145,58.296626882118474
3330496.0,-1.1094,-0.5182,9.9736,0.0003,0.0041,9.8066,-0.0285,-0.0062,-0.0174,263.1,-85.93,49.73,53.04241,-1.813062,0.0,3,227.8,18 / 19,-8.644954363104016,-1.7327579237034085,1.4174241499998141,-320.5299122515653,-151.7142432228023,22.21550618436461,False,27.0,-0.009764200453798194,-0.009877328792034231,-211.94654842175026,-93.23694599019173,0.01388888888888889,224.67,8.635190162650218,1.7228805949113744,108.58336382981503,58.47729723261058
3330597.0,-0.6856,-0.5891,9.8184,-0.0016,-0.0002,9.8066,-0.0033,-0.0318,0.0121,261.31,-85.92,49.35,53.04241,-1.813062,0.0,3,227.8,18 / 19,-8.526983078752956,-1.7595519029694977,1.4264484999998244,-321.39709509238,-151.8906048690495,22.35912175318975,False,27.101000000000113,-0.010461364366066497,-0.010582570067651046,-211.9464815700759,-93.23683479527438,0.014880555555366532,224.67,8.516521714386888,1.7489693329018468,109.45061352230414,58.65377007377512
3330696.0,-0.8251,-0.423,9.7789,-0.0027,-0.0004,9.8066,-0.0071,-0.0039,-0.0115,262.23,-85.9,48.89,53.04241,-1.813062,0.0,3,227.8,18 / 19,-8.417551674749976,-1.7716359450536139,1.425656499999827,-322.2358495626759,-152.06539866752613,22.50030095068931,False,27.199999999999818,-0.0021481240999474964,-0.002173012334360721,-211.93986325432405,-93.22582649847355,0.003055555555714717,224.67,8.415403550650028,1.7694629327192533,110.29598630835187,58.83957216905257
3330796.0,-0.855,-0.6656,9.9082,0.0005,0.0023,9.8066,-0.0208,-0.0134,0.0083,261.99,-85.91,48.64,53.04241,-1.813062,0.0,3,227.8,18 / 19,-8.302070255918045,-1.7923956563351147,1.4293464999998235,-323.07183065920856,-152.2436002475954,22.643051100689163,False,27.299999999999727,-0.006249088290694595,-0.0063214904271687135,-211.93986325432377,-93.2258264984731,0.008888888889264056,224.67,8.29582116762735,1.786074165907946,111.13196740488479,59.0177737491223
3330897.0,-0.7914,-0.18,9.7793,-0.0047,0.0028,9.8066,0.0005,-0.002,0.023,262.03,-85.91,48.87,53.04241,-1.813062,0.0,3,227.8,18 / 19,-8.197785930987596,-1.813197038039466,1.4330935999998278,-323.9050733966482,-152.4256826786615,22.787604325739306,False,27.40099999999984,-0.012664167988623149,-0.01281089544331583,-211.93317808687127,-93.21470700534074,0.01801388888895559,224.67,8.185121762998973,1.80038614259615,111.97189530977695,59.21097567332076
3330996.0,-0.7074,-0.4308,9.818,-0.0022,0.002,9.8066,-0.0029,0.0201,0.001,259.61,-85.92,48.51,53.04241,-1.813062,0.0,3,227.8,18 / 19,-8.107952893739949,-1.8258616268830616,1.4323015999998265,-324.71220746847354,-152.60581608257547,22.92944138813952,False,27.5,-0.009764200453798194,-0.009877328792034231,-211.93317808687127,-93.21470700534074,0.01388888888888889,224.67,8.09818869328615,1.8159842980910275,112.77902938160227,59.39110907723473
3331096.0,-0.9349,-0.394,9.8251,-0.0009,0.0007,9.8066,0.0085,-0.0102,0.026,260.4,-85.94,48.38,53.04241,-1.813062,0.0,3,227.8,18 / 19,-8.005185020396114,-1.8428198759380057,1.4337915999998252,-325.5178643641796,-152.78925015771637,23.072746048139372,False,27.59999999999991,-0.006249088290452157,-0.006321490426923467,-211.92649291944508,-93.21470700534059,0.008888888888919205,224.67,7.998935932105662,1.8364983855110821,113.59137144473453,59.57454315237578
3331197.0,-0.7889,-0.3491,9.7945,-0.0053,0.0013,9.8066,0.0111,0.0011,0.0189,262.12,-85.95,48.7,53.04241,-1.813062,0.0,3,227.8,18 / 19,-7.905066422748034,-1.8668597492839867,1.4341097499998257,-326.3213320620593,-152.9765889787903,23.217575066314517,False,27.701000000000022,-0.007922672248539864,-0.008014464582188385,-211.92642606777062,-93.20358751291525,0.011269444444911016,224.67,7.8971437504994935,1.8588452847017982,114.39490599428868,59.77300146587504
3331296.0,-0.8121,-0.2929,9.7518,0.0008,-0.0002,9.8066,0.0003,-0.028,-0.0113,259.52,-85.98,48.3,53.04241,-1.813062,0.0,3,227.8,18 / 19,-7.812741089554013,-1.884573330527131,1.4307932499998355,-327.09936353391595,-153.1622849162404,23.359387764814077,False,27.799999999999727,-0.018942548879705104,-0.01916201785587533,-211.9198077520189,-93.2035875129148,0.026944444443500817,224.67,7.793798540674308,1.8654113126712557,115.17955578189705,59.9586974033256
3331397.0,-0.8542,-0.5963,9.874,-0.0044,0.0041,9.8066,-0.014,-0.0041,0.008,260.08,-85.99,47.96,53.04241,-1.813062,0.0,3,227.8,18 / 19,-7.705385049996233,-1.9020209171212337,1.4314244999998362,-327.8830289039641,-153.35350792574684,23.503929761189223,False,27.90099999999984,-0.002987845338455857,-0.0030224626099513755,-211.9198077520189,-93.19235682485835,0.004249999999421938,224.67,7.702397204657776,1.8989984545112824,115.96322115194519,60.16115110088849
3331497.0,-0.7757,-0.3649,9.8528,-0.0002,0.0,9.8066,-0.0029,-0.0051,-0.0056,261.46,-85.99,47.94,53.04241,-1.813062,0.0,3,227.8,18 / 20,-7.596122240463732,-1.9184979232867057,1.4370994999998312,-328.6481042684864,-153.54453386776706,23.647355961189074,False,28.00099999999975,-0.027882650815922456,-0.028205700098589935,-211.91974090034438,-93.18134852735693,0.03966111111119124,224.67,7.568239589647809,1.8902922231881156,116.72836336814203,60.363185340410126
3331597.0,-0.899,-0.3439,9.7531,-0.0017,0.0019,9.8066,-0.0111,0.0405,-0.0192,260.14,-86.01,47.99,53.04241,-1.813062,0.0,3,227.8,18 / 20,-7.498918470351514,-1.9394065269092584,1.43672949999983,-329.4028563040299,-153.73742909027754,23.79104741118958,False,28.101000000000113,-0.004266955598263454,-0.004316392682072065,-211.91312258456614,-93.18134852735693,0.006069444444378506,224.67,7.494651514753251,1.9350901342271865,117.48973371946377,60.55608056292061
3331696.0,-0.8219,-0.3885,9.8179,-0.0006,-0.0009,9.8065,0.0094,0.0106,0.0107,258.86,-86.04,47.69,53.04241,-1.813062,0.0,3,227.8,18 / 20,-7.40079393063932,-1.959937699876522,1.4346356499998363,-330.14039206787675,-153.93044662950285,23.93317998611414,False,28.199999999999818,-0.001366988063590339,-0.0013828260309440626,-211.91312258456614,-93.18134852735663,0.001944444444527787,224.67,7.3994269425757295,1.958554873845578,118.22726948331061,60.74909810214622
3331796.0,-1.0245,-0.3382,9.8282,0.0006,0.0008,9.8066,-0.006,0.0071,-0.0197,261.26,-86.05,47.61,53.04241,-1.813062,0.0,3,227.8,18 / 20,-7.301270258673269,-1.9878710628620186,1.4362756499998348,-330.8754952773417,-154.1278370676396,24.076725551113995,False,28.299999999999727,-0.003515112163886858,-0.00355583836565785,-211.91312258456585,-93.17022903493144,0.005000000000738964,224.67,7.297755146509382,1.9843152244963609,118.96237269277586,60.957608032708166
3331896.0,-0.7007,-0.3471,9.7843,0.0012,-0.0031,9.8065,0.0009,0.0096,-0.0014,261.01,-86.09,47.28,53.04241,-1.813062,0.0,3,227.8,18 / 20,-7.205063113855373,-2.0120283991570034,1.4362356499998348,-331.6008119459708,-154.32783204074127,24.2203511161145,False,28.40000000000009,-0.016208572753131832,-0.016396365794601644,-211.90643741711344,-93.17022903493144,0.023055555555309235,224.67,7.188854541102241,1.9956320333624018,119.69437452885737,61.15760300580983
3331996.0,-0.7927,-0.4742,9.8584,-0.0015,-0.0024,9.8066,0.0046,0.0169,-0.0009,262.78,-86.11,47.68,53.04241,-1.813062,0.0,3,227.8,18 / 20,-7.10412004483987,-2.0251284500907007,1.4377056499998335,-332.3162711039049,-154.52968988320347,24.364048181114352,False,28.5,-0.004296248199671205,-0.004346024668495061,-211.90643741711335,-93.15910954250595,0.0061111111111111106,224.67,7.099823796640198,2.0207824254222055,120.40983368679156,61.37058034069753
3332098.0,-0.6131,-0.2952,9.7865,-0.0032,0.0002,9.8066,-0.0017,0.0118,-0.0005,261.18,-86.13,47.56,53.04241,-1.813062,0.0,3,227.8,18 / 20,-7.00447087410321,-2.034624115471605,1.4393172499998315,-333.03580924077005,-154.73673726404687,24.510776349014137,False,28.60199999999986,-0.012634875387175436,-0.012781263456852408,-211.8997522497137,-93.15888715267143,0.01797222222216614,224.67,6.991835998716034,2.021842852014753,121.13605699105634,61.57785011137544
3332197.0,-0.8734,-0.4274,9.8126,-0.0033,-0.0016,9.8066,-0.0001,-0.0122,-0.0052,262.89,-86.18,47.47,53.04241,-1.813062,0.0,3,227.8,18 / 20,-6.909574417279663,-2.0481934819900545,1.4386143499998303,-333.7245544826946,-154.93883673512155,24.65323396321435,False,28.701000000000022,-0.009729049332060938,-0.009841770408278126,-211.899685398039,-93.14799005078778,0.013838888888741551,224.67,6.899845367947602,2.038351711581776,121.8248690846556,61.79084668433377
3332297.0,-0.7633,-0.3801,9.798,-0.0042,0.0018,9.8066,-0.011,0.0089,0.0022,261.41,-86.24,47.4,53.04241,-1.813062,0.0,3,227.8,18 / 20,-6.8084012720648195,-2.068867665586391,1.4384793499998305,-334.4104532671612,-155.1446897925002,24.797088648214203,False,28.80099999999993,-0.006229559889440481,-0.006301735769234113,-211.89306708226096,-93.14787885584892,0.008861111110993383,224.67,6.802171712175379,2.062565929817157,122.51738618490023,61.996810936651286
3332396.0,-0.7942,-0.4255,9.7812,-0.0026,0.0007,9.8066,0.0099,0.0156,-0.0045,261.02,-86.31,47.05,53.04241,-1.813062,0.0,3,227.8,18 / 20,-6.708534175647705,-2.083790387416955,1.4367913999998279,-335.07954157182405,-155.3502463661242,24.939414550339414,False,28.90000000000009,-0.004296248199697847,-0.004346024668522011,-211.89306708226096,-93.1368705569478,0.0061111111111490065,224.67,6.704237927448006,2.079444362748433,123.1864744895631,62.2133758091764
3332497.0,-0.8065,-0.3941,9.8113,-0.0039,0.0012,9.8066,0.0034,-0.0005,0.0,258.97,-86.36,46.99,53.04241,-1.813062,0.0,3,227.8,19 / 21,-6.605277181622194,-2.0988997267547003,1.4357409999998314,-335.7518890453639,-155.56147221688914,25.084477436538904,False,29.00099999999975,-0.011353812287670056,-0.011485357919370843,-211.89300023058644,-93.13687055694764,0.016149999999990776,224.67,6.593923369334524,2.0874143688353293,123.85888881477746,62.4246016599415
3332597.0,-0.711,-0.3008,9.7453,-0.0096,-0.0041,9.8066,-0.0168,0.0062,-0.0001,261.85,-86.45,47.45,53.04241,-1.813062,0.0,3,227.8,19 / 21,-6.50992496674887,-2.111373513422497,1.432905999999821,-336.4076491527848,-155.77198587889876,25.22790978653941,False,29.101000000000113,-0.014060448653469398,-0.01422335346052929,-211.88638191480817,-93.13687055694764,0.019999999999999997,224.67,6.4958645180954,2.0971501599619677,124.52126723797664,62.63511532195112
