time,acc_x,acc_y,acc_z,grav_x,grav_y,grav_z,gyro_yaw,gyro_pitch,gyro_roll,orient_yaw,orient_pitch,orient_roll,gps_lat,gps_lon,gps_speed,gps_accuracy,gps_orient,gps_sats,ins_vel_x,ins_vel_y,ins_vel_z,ins_pos_x,ins_pos_y,ins_pos_z,ins_is_reset,_t_sec,true_vel_x,true_vel_y,true_pos_x,true_pos_y,true_speed_ms,true_heading,err_vel_x,err_vel_y,err_pos_x,err_pos_y
2582120.0,2.1313,2.4238,10.5873,-0.04,0.0362,9.8065,-0.1319,-0.5064,0.2103,114.71,-83.41,30.13,52.749237,-1.674216,15.96,4,344.96,22 / 23,-3.9302104253321737,15.326035756701623,0.0,0.0,0.0,0.0,False,0.0,-3.9302104253321737,15.326035756701623,0.0,0.0,15.821944444444444,345.617,0.0,0.0,0.0,0.0
2582219.0,4.2057,5.354,9.6843,-0.1044,0.0729,9.8058,0.0953,0.1142,-0.0091,117.28,-82.68,31.17,52.749237,-1.674216,15.96,4,344.96,22 / 23,-3.6179698695273617,15.010504617084964,0.032585850000052805,-0.3736349245961511,1.501658748504864,0.0016129995750052218,False,0.09900000000016007,-4.033146982624626,15.344481131093733,-0.3998023630121509,1.51914508810718,15.865669444445151,345.2734699999944,-0.4151771130972639,0.3339765140087696,-0.026167438415999777,0.017486339602315937
2582319.0,4.5989,3.7788,8.5874,-0.0073,-0.0752,9.8063,-0.0645,0.3465,0.1576,117.28,-82.68,31.17,52.749237,-1.674216,15.96,4,344.96,22 / 23,-3.30248577569849,14.545856294004698,-0.03449414999988608,-0.719657706857129,2.9794767940580034,0.0015175845750136448,False,0.19900000000006912,-3.9872631499656395,15.352664695329416,-0.7969797609583231,3.0536350760903543,15.861986111110989,345.44127000000515,-0.6847773742671497,0.8068084013247177,-0.07732205410119408,0.07415828203235098
2582419.0,6.2521,-1.6378,9.1008,0.0089,-0.0767,9.8063,-0.1832,0.0281,-0.1796,114.59,-82.83,27.88,52.749237,-1.674216,15.96,4,344.96,22 / 23,-3.336341362183191,14.143163131657724,-0.13074914999979848,-1.0515990637509112,4.41392776533982,-0.006744580424963068,False,0.29899999999997817,-4.10657822161765,15.510674162993968,-1.2074165975841025,4.599133360763664,16.045094444439126,345.1707500000079,-0.7702368594344593,1.3675110313362442,-0.1558175338331913,0.1852055954238443
2582520.0,2.3342,-0.8084,8.2084,-0.0454,-0.0263,9.8064,-0.2086,-0.0229,0.4109,105.15,-82.75,22.04,52.749237,-1.674216,15.96,4,344.96,22 / 23,-3.5195845139917514,13.937499943268815,-0.2471061999999284,-1.3978233204981323,5.8320012506251935,-0.025826275599970583,False,0.40000000000009095,-4.1024804518901306,15.399865336009139,-1.6220937622928697,6.160198935971536,15.936944444445947,345.08300000000116,-0.5828959378983791,1.462365392740324,-0.22427044179473743,0.32819768534634264
2582620.0,0.0483,2.008,8.3776,-0.1591,-0.0732,9.805,0.0047,-0.0919,-0.0207,105.15,-82.75,22.04,52.749237,-1.674216,15.96,4,344.96,22 / 23,-3.412461583411196,13.963129344446202,-0.39847119999979075,-1.7444256253679644,7.227032715009676,-0.05810514559992719,False,0.5,-4.253176283903998,15.441059115925091,-2.0461265715402366,7.694688924662185,16.016111111111112,344.6,-0.8407147004928017,1.4779297714788893,-0.30170094617227217,0.4676562096525094
2582720.0,1.0079,-3.3619,9.6558,-0.0094,-0.0204,9.8065,-0.0289,-0.4958,0.2427,103.03,-81.93,17.36,52.749237,-1.674216,15.96,4,344.96,22 / 23,-3.413868962730381,14.081083184260239,-0.4774661999997189,-2.085742152674733,8.629243341443722,-0.10190201559986284,False,0.599999999999909,-4.467735918212195,15.559321271664938,-2.4970820988045483,9.262537389214668,16.18805555555603,343.97899999999515,-1.0538669554818143,1.4782380874046996,-0.4113399461298153,0.6332940477709457
2582819.0,4.387,0.6224,9.3556,-0.057,0.0481,9.8063,0.0971,-0.5047,0.1608,102.6,-81.73,16.58,52.749237,-1.674216,15.96,4,344.96,22 / 23,-3.5313646930162728,14.009187866257333,-0.507260249999767,-2.4295312186347484,10.01971175844659,-0.1506459748749162,False,0.6990000000000691,-4.574204559889868,15.564469973165707,-2.9501914435428223,10.792690775523514,16.22270555555659,343.62259999998935,-1.042839866873595,1.5552821069083738,-0.5206602249080738,0.7729790170769242
2582919.0,0.1107,1.7973,11.2978,0.0057,-0.0207,9.8066,0.0258,-0.447,0.289,106.3,-81.17,18.8,52.749237,-1.674216,15.96,4,344.96,22 / 23,-3.385740254691853,13.914975195396083,-0.4552552499998142,-2.77538646601984,11.415919911527991,-0.19877174987485152,False,0.7989999999999782,-4.669217545303335,15.546934177346595,-3.4212043957393403,12.34930855402924,16.232955555555264,343.2833900000097,-1.2834772906114815,1.6319589819505111,-0.6458179297195001,0.9333886425012494
2583020.0,0.2836,-0.523,11.2199,0.0248,0.0011,9.8066,0.1515,-0.0607,-0.0608,106.3,-81.17,18.8,52.749374,-1.674284,16.51,4,341.88,22 / 23,-3.2452475533157834,14.033993839940619,-0.3085830499996503,-3.1102513503246,12.827342847814071,-0.23734558402486755,False,0.900000000000091,-4.6980034859604665,15.476544996737896,-3.8903327576909708,13.91048532346851,16.173888888889696,343.1140000000023,-1.452755932644683,1.4425511567972773,-0.7800814073663709,1.083142475654439
2583120.0,1.2006,3.5724,10.5103,0.0077,0.0704,9.8064,-0.0369,-0.0541,0.0302,108.6,-81.1,21.47,52.749374,-1.674284,16.51,4,341.88,22 / 23,-3.0376325412045384,14.066764255315215,-0.20273804999974643,-3.42439535505033,14.232380752575585,-0.2629116390248141,False,1.0,-4.742674433113285,15.744240700160171,-4.368211003025195,15.489453281861131,16.443055555555556,343.236,-1.7050418919087464,1.677476444844956,-0.9438156479748647,1.257072529285546
2583220.0,2.9194,-0.1452,10.3102,0.0275,-0.0646,9.8063,0.1487,0.0764,0.0626,110.74,-81.1,23.76,52.749374,-1.674284,16.51,4,341.88,22 / 23,-2.853559654136961,13.968402137571832,-0.14237804999980122,-3.7189549648171374,15.634139072218662,-0.28016744402477584,False,1.099999999999909,-4.728668556557436,15.631534915217031,-4.839358568845859,17.046182255402766,16.33111111111014,343.16899999998736,-1.8751089024204743,1.663132777645199,-1.1204036040287217,1.4120431831841032
2583319.0,1.435,-2.7715,10.1258,0.0268,-0.1033,9.806,-0.1262,0.288,-0.2035,110.74,-81.1,23.76,52.749374,-1.674284,16.51,4,341.88,22 / 23,-2.970659597884523,13.964196445097919,-0.10165439999973533,-4.007253817792667,17.01680270206305,-0.29224705029977244,False,1.1990000000000691,-4.957752521447748,15.486469035093107,-5.339111522577934,18.576335640311115,16.260711111109003,342.24829999997246,-1.987092923563225,1.5222725899951879,-1.3318577047852669,1.559532938248065
2583420.0,-0.811,1.1002,9.8647,-0.0086,0.0439,9.8065,0.0555,0.5223,-0.1099,106.07,-81.45,20.34,52.749374,-1.674284,16.51,4,341.88,22 / 23,-2.972565935446327,14.12282701582027,-0.08260579999971404,-4.30738670722621,18.435197386841,-0.301552190399755,False,1.300000000000182,-4.898966855329712,15.572596082552286,-5.835499136552623,20.14852070783284,16.324999999998226,342.53699999999185,-1.9264009198833847,1.4497690667320153,-1.5281124293264128,1.7133233209918401
2583520.0,3.1271,3.7916,8.4494,-0.02,-0.0221,9.8065,-0.1504,0.31,-0.0198,108.41,-81.26,21.74,52.749374,-1.674284,16.51,4,341.88,22 / 23,-2.69199363328951,14.091563239835166,-0.1475657999996549,-4.590614685662745,19.84591689962249,-0.313060770399713,False,1.400000000000091,-5.036109621764407,15.653724210795398,-6.347030779430731,21.705249680667304,16.443888888887265,342.16600000000506,-2.344115988474897,1.5621609709602318,-1.756416093767986,1.859332781044813
2583620.0,3.4503,-0.636,9.6986,-0.0713,-0.0673,9.8061,-0.1042,0.0577,-0.0863,106.43,-80.97,18.52,52.749374,-1.674284,16.51,4,341.88,22 / 23,-2.5543166825317605,13.879823457148326,-0.22083079999958816,-4.85293020145357,21.244486234470394,-0.3314806003996584,False,1.5,-4.983076446776602,15.417780594560295,-6.8383703837670575,23.2508591617836,16.203055555555554,342.089,-2.4287597642448415,1.5379571374119685,-1.9854401823134875,2.0063729273132047
2583720.0,1.689,-0.7608,9.3963,-0.0254,0.0477,9.8065,-0.0213,-0.1339,0.2351,106.43,-80.97,18.52,52.749374,-1.674284,16.51,4,341.88,22 / 23,-2.610154072723173,13.80756084096612,-0.24675079999956448,-5.111153739216082,22.628855449374857,-0.35485968039959476,False,1.599999999999909,-5.158721430023963,15.490536081731353,-7.356632706173666,24.79646864219242,16.32694444444551,341.58099999998973,-2.54856735730079,1.6829752407652325,-2.2454789669575836,2.167613192817562
2583820.0,2.5946,5.5741,8.013,0.0181,0.0667,9.8064,-0.1496,-0.49,0.2763,103.91,-80.75,19.92,52.749374,-1.674284,16.51,4,341.88,22 / 23,-2.3507862137168765,13.700617013192938,-0.3569507999999653,-5.359200753538987,24.004264342087815,-0.38504476039968105,False,1.7000000000002728,-5.388026513582168,15.494940957907444,-7.901817746612862,26.34207812260862,16.405000000003124,340.82599999998706,-3.0372402998652914,1.794323944714506,-2.5426169930738745,2.337813780520804
2583920.0,-0.4126,3.3233,9.3564,-0.0131,0.0552,9.8064,-0.0712,0.0259,-0.0408,109.32,-80.59,21.72,52.749374,-1.674284,16.51,4,341.88,22 / 23,-1.8635723032146245,13.62619738860666,-0.46914579999986317,-5.5699186793853706,25.37060506217655,-0.42634959039963494,False,1.800000000000182,-5.530820064594447,15.548661424146578,-8.460464146050287,27.898807095329815,16.50305555555288,340.4190000000111,-3.667247761379823,1.9224640355399192,-2.890545466664916,2.5282020331532635
2584020.0,-0.667,-1.6195,10.2026,0.007,-0.0126,9.8066,0.1126,0.0899,0.0041,109.32,-80.59,21.72,52.749516,-1.674365,16.84,4,337.67,22 / 23,-1.6738082613578409,13.79898550002338,-0.4718607999998606,-5.746787707613833,26.741864206606806,-0.47339992039957834,False,1.900000000000091,-5.645803127912058,15.332455679518135,-9.039302584057033,29.42217759018093,16.338888888891127,339.78500000000867,-3.971994866554217,1.5334701794947563,-3.2925148764432004,2.6803133835741235
2584119.0,1.5132,-0.3851,9.9932,0.0838,0.0028,9.8063,0.0254,0.0605,-0.0535,109.7,-80.66,21.38,52.749516,-1.674365,16.84,4,337.67,22 / 23,-1.6906431092482324,13.940801550438467,-0.4430270499998139,-5.913328050459103,28.114983665606886,-0.5186868689746355,False,1.999000000000251,-5.929791221054701,15.42360189430266,-9.639006128548402,30.952330975789227,16.52423888888933,338.970229999998,-4.239148111806468,1.4828003438641932,-3.7256780780892997,2.8373473101823414
2584220.0,2.7313,0.0224,9.428,0.0959,0.0014,9.8061,-0.0007,0.0175,0.1079,104.51,-81.18,22.66,52.749516,-1.674365,16.84,4,337.67,22 / 23,-1.6817621155070763,13.896431615620333,-0.452728099999781,-6.083634514308669,29.520763940488095,-0.5639225040494619,False,2.099999999999909,-5.877434147453078,15.445650400651537,-10.237363537143187,32.50227705857277,16.526111111111245,339.1669999999958,-4.1956720319460015,1.5492187850312042,-4.153729022834518,2.9815131180846777
2584319.0,0.2516,2.5841,9.5365,-0.0521,0.0115,9.8065,-0.0469,-0.1163,0.287,110.16,-80.87,22.59,52.749516,-1.674365,16.84,4,337.67,22 / 23,-1.5134843624307364,13.860888296978422,-0.4848436999998328,-6.241799214966847,30.894751276163955,-0.6103323081495178,False,2.199000000000069,-5.962586824732721,15.423590524147759,-10.830403708902601,34.03243044418137,16.536011111111407,338.8640599999909,-4.449102462301985,1.5627022271693374,-4.588604493935754,3.137679168017417
2584420.0,2.2958,0.3694,9.4419,-0.0174,0.0209,9.8065,-0.0131,-0.0661,-0.1237,110.16,-80.87,22.59,52.749516,-1.674365,16.84,4,337.67,22 / 23,-1.3231674821659638,13.838883586297717,-0.5169061499998685,-6.38505013311914,32.29358975627096,-0.6609206755745591,False,2.300000000000182,-6.166419555129252,15.330172010857373,-11.462347208204324,35.5712570344346,16.52388888888922,338.0880000000211,-4.843252072963288,1.4912884245596558,-5.077297075085184,3.2776672781636407
2584520.0,-0.2023,-0.2276,9.5231,-0.0198,0.007,9.8065,-0.0246,0.034,0.1796,110.78,-80.73,23.09,52.749516,-1.674365,16.84,4,337.67,22 / 23,-1.2579378981231735,13.886418703293867,-0.5493211499998389,-6.51410540213348,33.67985487074928,-0.714232040574496,False,2.400000000000091,-6.314566522178882,15.362888713941091,-12.095031082311674,37.10574702171015,16.609999999998827,337.6560000000059,-5.056628624055708,1.4764700106472244,-5.580925680178194,3.4258921509608697
2584620.0,-0.4278,-0.3639,10.0669,-0.011,-0.0003,9.8066,0.0557,0.0472,-0.1254,110.82,-80.67,22.93,52.749516,-1.674365,16.84,4,337.67,22 / 23,-1.1790361684011668,14.073992405376508,-0.5504861499998378,-6.635954105459586,35.07787542618153,-0.7692224055744298,False,2.5,-6.412715449154706,15.423007017444679,-12.74117631543405,38.651356502118816,16.703055555555554,337.423,-5.233679280753539,1.3490146120681707,-6.105222209974464,3.5734810759372877
2584720.0,1.7749,0.8536,9.6588,-0.0077,0.0039,9.8066,-0.0075,0.2846,-0.1613,110.82,-80.67,22.93,52.749516,-1.674365,16.84,4,337.67,22 / 23,-1.0846816471538805,14.149918412574758,-0.5448661499998428,-6.749139996237235,36.48907096707781,-0.823990020574364,False,2.599999999999909,-6.475963001774458,15.237923498172213,-13.387321548543596,40.16360750383636,16.556944444446888,336.9749999999953,-5.391281354620578,1.0880050855974552,-6.638181552306361,3.674536536758552
2584820.0,3.7067,-1.0896,9.5379,-0.0128,0.0328,9.8065,-0.1834,0.138,0.0149,110.27,-80.62,22.97,52.749516,-1.674365,16.84,4,337.67,22 / 23,-1.096947868670836,14.04485557329109,-0.5656961499999186,-6.858221472028868,37.89880966637623,-0.879518135574554,False,2.700000000000273,-6.638936160029566,15.363005623460596,-14.060389499726027,41.698097492533485,16.736111111110315,336.6289999999944,-5.54198829135873,1.318150050169507,-7.202168027697159,3.7992878261572542
2584920.0,3.1855,0.4519,10.183,-0.0044,-0.0233,9.8065,0.0328,-0.0261,0.0729,111.55,-80.41,23.06,52.749516,-1.674365,16.84,4,337.67,22 / 23,-1.1541161755435538,13.880858257757767,-0.5603161499999234,-6.970774674239485,39.2950953579274,-0.9358187505744949,False,2.800000000000182,-6.676376376115103,15.319504987184672,-14.733457450856422,43.22146798656552,16.71111111111179,336.45200000000483,-5.522260200571549,1.438646729426905,-7.762682776616937,3.92637262863812
2585020.0,3.7937,-0.3907,9.6142,-0.0415,-0.0527,9.8064,-0.0877,0.115,0.0455,104.31,-80.29,20.83,52.749653,-1.674459,17.19,4,334.68,22 / 23,-1.1697465005371874,13.697351012652287,-0.5511211499999317,-7.086967808043417,40.67400582144665,-0.9913906155744372,False,2.900000000000091,-7.007763324723404,15.312637042149241,-15.446909479079759,44.74483848212305,16.83999999999824,335.4090000000142,-5.838016824186217,1.6152860294969535,-8.359941671036342,4.070832660676402
2585119.0,2.3205,-0.3943,9.0711,-0.0198,-0.0388,9.8065,-0.1248,0.106,-0.0852,104.31,-80.29,20.83,52.749653,-1.674459,17.19,4,334.68,22 / 23,-1.204924500118338,13.569569569127946,-0.5970571500000059,-7.204514022576055,42.023718390246955,-1.048225441424526,False,2.999000000000251,-6.816470629322667,15.202449970918986,-16.11991012344206,46.24196697382705,16.660699999999572,335.8495500000011,-5.611546129204329,1.6328804017910397,-8.915396100866005,4.218248583580092
2585220.0,1.0894,-0.0859,8.4647,-0.0218,0.013,9.8065,-0.0775,0.0044,0.1099,109.51,-80.04,19.11,52.749653,-1.674459,17.19,4,334.68,22 / 23,-1.1897600719462587,13.565660316906682,-0.7019708999996507,-7.325445593464908,43.394047499487066,-1.1138263579492866,False,3.099999999999909,-7.111939382883695,15.185124475234451,-16.84689081749896,47.75822099383936,16.768055555554927,334.9039999999996,-5.9221793109374365,1.6194641583277694,-9.521445224034052,4.364173494352293
2585320.0,2.5646,1.1867,9.1833,-0.0451,0.0381,9.8064,-0.1044,-0.156,-0.0346,106.37,-79.71,19.79,52.749653,-1.674459,17.19,4,334.68,22 / 23,-1.1033707334803642,13.528133339400522,-0.8002359000000081,-7.440102133736656,44.74873718230735,-1.1889366979495428,False,3.200000000000273,-7.10057430255842,15.139526761990235,-17.560342845740024,49.259352503845456,16.72194444444699,334.8729999999962,-5.997203569078056,1.6113934225897122,-10.120240712003369,4.510615321538104
2585420.0,2.6061,-0.3804,9.4844,-0.0644,0.0835,9.806,-0.0359,0.0009,0.0692,106.37,-79.71,19.79,52.749653,-1.674459,17.19,4,334.68,22 / 23,-1.0538854062631164,13.423259946697332,-0.847515899999965,-7.547964940723732,46.09630684661102,-1.2713242879494666,False,3.300000000000182,-7.166919037673331,15.196730195063664,-18.273794873939316,50.77160350545266,16.801944444442263,334.75100000000333,-6.1130336314102145,1.7734702483663316,-10.725829933215584,4.6752966588416385
2585520.0,2.4101,-3.9064,9.6894,-0.0571,-0.1188,9.8057,-0.0976,0.526,-0.1597,108.56,-79.21,21.73,52.749653,-1.674459,17.19,4,334.68,22 / 23,-1.245785270630906,13.404418396333453,-0.869490899999945,-7.662948474568329,47.43769076376134,-1.357174627949384,False,3.400000000000091,-7.085816275314304,15.254625780807684,-18.987246902177134,52.294974001009884,16.819999999999755,335.08499999999543,-5.840031004683398,1.8502073844742313,-11.324298427608806,4.857283237248545
2585620.0,0.6392,4.1406,9.265,-0.0723,-0.1467,9.8052,-0.0275,0.476,-0.3337,104.8,-79.04,16.74,52.749653,-1.674459,17.19,4,334.68,22 / 23,-1.1928465405390978,13.42257150501917,-0.902435899999915,-7.784880065126718,48.77904025882775,-1.4457709679492963,False,3.5,-7.197635707172007,15.341601025217871,-19.70742960992906,53.82946398899291,16.94611111111111,334.866,-6.004789166632909,1.919029520198702,-11.922549544802344,5.050423730165164
2585720.0,1.2771,2.1974,9.6542,-0.0107,0.0161,9.8066,-0.0382,0.19,-0.0243,105.51,-78.95,17.13,52.749653,-1.674459,17.19,4,334.68,22 / 23,-0.8316828447286215,13.40415707245091,-0.9371408999998834,-7.886106534390011,50.12037668770003,-1.5377498079492025,False,3.599999999999909,-7.118939333714829,15.29099465878104,-20.420881638167067,55.341714991417625,16.866944444444663,335.03499999999383,-6.287256488986207,1.8868375863301292,-12.534775103777056,5.221338303717594
2585820.0,-0.8254,-3.3353,10.0351,-0.0082,-0.0431,9.8065,0.057,-0.1221,0.0486,105.51,-78.95,17.13,52.749653,-1.674459,17.19,4,334.68,22 / 23,-0.8112044226405529,13.553390420037326,-0.9333408999998695,-7.968250897758769,51.46825406232934,-1.6312738979495303,False,3.700000000000273,-7.247058869880106,15.248531162980264,-21.147795025423004,56.86508548698173,16.883055555552975,334.57999999999794,-6.435854447239553,1.6951407429429377,-13.179544127664236,5.396831424652383
2585920.0,1.098,-1.2996,10.9459,0.0135,-0.0169,9.8066,-0.08,0.0341,-0.0189,104.34,-78.97,15.8,52.749653,-1.674459,17.19,4,334.68,22 / 23,-0.9576714391182033,13.757252044351452,-0.8649558999999316,-8.056694690846626,52.83378618554754,-1.7211887379494386,False,3.800000000000182,-7.229453046567194,15.16708099014943,-21.867977733109246,58.37733648858893,16.801944444446658,334.51500000000175,-6.2717816074489905,1.4098289457979778,-13.81128304226262,5.543550303041393
2586020.0,2.1391,0.3084,10.2343,0.0264,-0.0286,9.8065,-0.0408,-0.2708,0.1959,103.22,-79.16,15.14,52.74979,-1.674561,17.19,4,334.64,22 / 23,-0.9670753271791028,13.770668380900265,-0.7866109000000029,-8.152932029161404,54.210182206808874,-1.8037670779493602,False,3.900000000000091,-7.315517029730872,15.195770318996287,-22.608352479403322,59.878467999295474,16.86499999999914,334.293000000003,-6.348441702551769,1.425101938096022,-14.455420450241919,5.6682857924866
2586120.0,-0.7622,-1.2219,10.0089,-0.0334,-0.0436,9.8064,0.0621,-0.0274,-0.0314,103.22,-79.16,15.14,52.74979,-1.674561,17.19,4,334.64,22 / 23,-0.9522328074528007,13.873000833284905,-0.7551159000000315,-8.248897435892912,55.59236566751687,-1.8808534179492917,False,4.0,-7.175349518065844,15.193980232206394,-23.321804507628134,61.39071900030524,16.803055555555556,334.721,-6.223116710613043,1.320979398921489,-15.072907071735221,5.798353332788366
2586220.0,-1.833,2.4792,8.5168,-0.0182,-0.01,9.8066,-0.0624,-0.2346,0.0386,102.32,-79.03,13.6,52.74979,-1.674561,17.19,4,334.64,22 / 23,-0.7885338303462209,14.146649805609645,-0.809495899999982,-8.335935767782784,56.99334819946033,-1.9590840079492213,False,4.099999999999909,-7.097151466514131,14.955322744995938,-24.028525856365317,62.86961152545286,16.553888888887606,334.612999999996,-6.308617636167909,0.8086729393862928,-15.692590088582532,5.876263325992532
2586320.0,-1.1156,1.3603,9.1596,-0.083,0.0052,9.8062,-0.0409,0.0162,-0.185,103.46,-78.55,13.23,52.74979,-1.674561,17.19,4,334.64,22 / 23,-0.4946113189708389,14.407485244611422,-0.9063409000003343,-8.40009302524887,58.42105495197657,-2.044875847949549,False,4.200000000000273,-7.133886454309022,14.833720506243615,-24.748708564119966,64.34850404990166,16.460000000009966,334.31600000002726,-6.639275135338183,0.4262352616321934,-16.348615538871094,5.927449097925091
2586420.0,1.37,-3.0444,9.038,0.0208,-0.0141,9.8065,-0.0183,0.2108,0.081,103.46,-78.55,13.23,52.74979,-1.674561,17.19,4,334.64,22 / 23,-0.5037479470549346,14.573306514592396,-0.9771259000002699,-8.450010988550114,59.870094539935444,-2.1390491879494937,False,4.300000000000182,-7.042401788479753,15.22300790642513,-25.44869923329183,65.88299403706587,16.773055555547014,335.1739999999766,-6.538653841424819,0.6497013918327337,-16.998688244741714,6.012899497130427
2586520.0,0.6033,-3.9143,9.2478,-0.0145,-0.0424,9.8065,0.0121,0.4086,-0.5178,102.81,-78.68,12.97,52.74979,-1.674561,17.19,4,334.64,22 / 23,-0.7904490270194884,14.715115358987516,-1.0435009000002093,-8.514720837253776,61.33451563361311,-2.240080527949426,False,4.400000000000091,-6.9342222246818075,14.96790713256122,-26.14195922297385,67.36188656150769,16.49611111111489,335.1430000000004,-6.143773197662319,0.2527917735737031,-17.627238385720073,6.02737092789458
2586620.0,-0.1678,-0.5588,9.899,0.0035,0.0256,9.8065,-0.1194,0.1341,0.0645,102.16,-78.59,10.86,52.74979,-1.674561,17.19,4,334.64,22 / 23,-0.9405212654107877,14.903036572668704,-1.066825900000188,-8.601269351875212,62.815423230194575,-2.3455968679493497,False,4.5,-6.911371221658971,14.721410388937281,-26.828488533168333,68.818540101097,16.263055555555553,334.851,-5.970849956248183,-0.18162618373142259,-18.227219181293123,6.003116870902424
2586720.0,-0.9612,0.5071,9.7854,0.0393,0.1172,9.8058,0.0403,-0.406,0.2383,104.23,-78.65,14.51,52.74979,-1.674561,17.19,4,334.64,22 / 23,-0.8547064711580444,15.116390755230057,-1.0632709000001914,-8.691030738703573,64.31639459658815,-2.452101707949272,False,4.599999999999909,-6.809104617890834,14.601506618742032,-27.51501784336245,70.26407414684587,16.11111111111055,334.9990000000051,-5.95439814673279,-0.5148841364880248,-18.823987104658876,5.9476795502577176
2586820.0,3.5412,-5.2325,8.5822,0.0225,-0.0122,9.8065,-0.0654,-0.4779,0.3721,104.23,-78.65,14.51,52.74979,-1.674561,17.19,4,334.64,22 / 23,-1.037596381356534,15.206987531159399,-1.125555900000418,-8.785645881329646,65.83256351091315,-2.5615430479497006,False,4.700000000000273,-6.6972819381302555,14.607919586344563,-28.181355115030215,71.72072768644152,16.069999999997357,335.37000000000853,-5.659685556773722,-0.5990679448148359,-19.39570923370057,5.888164175528374
2586920.0,5.0977,-5.2452,7.8265,-0.0161,-0.0539,9.8064,0.1335,-0.1988,-0.0478,102.07,-78.93,12.9,52.74979,-1.674561,17.19,4,334.64,22 / 23,-1.5696343791816232,15.064232587926321,-1.2857859000002723,-8.916007419356436,67.34612451686606,-2.6821101379496253,False,4.800000000000182,-6.594620190546664,14.563426012180638,-28.83423102759272,73.17738122521722,15.98694444444671,335.6379999999927,-5.02498581136504,-0.500806575745683,-19.918223608236282,5.831256708351162
2587020.0,2.4877,2.4263,10.1821,0.0024,0.0204,9.8065,-0.1611,0.2848,-0.067,99.89,-78.9,10.3,52.749928,-1.674661,16.72,6,337.18,22 / 23,-1.7124759855313627,14.888139655724858,-1.3660209000001993,-9.080112937591936,68.84374312904725,-2.814700477949528,False,4.900000000000091,-6.555437690686199,14.57562296812186,-29.493837619743495,74.62291527167356,15.98194444444451,335.783999999998,-4.842961705154837,-0.312516687602999,-20.41372468215156,5.779172142626308
2587120.0,1.9022,-1.842,10.726,-0.0118,0.0521,9.8065,-0.006,0.4863,-0.3005,99.89,-78.9,10.3,52.749928,-1.674661,16.72,6,337.18,22 / 23,-1.6557008194994263,14.829887345204725,-1.301280900000258,-9.248521777843322,70.32964447909238,-2.94806556794943,False,5.0,-6.42504995197106,14.548278760898146,-30.1265214938514,76.07956881055512,15.903888888888888,336.172,-4.769349132471634,-0.28160858430657854,-20.877999716008077,5.749924331462736
2587220.0,3.4541,-4.6264,10.6193,0.0215,-0.0436,9.8065,-0.1826,0.0634,-0.045,96.84,-78.72,11.4,52.749928,-1.674661,16.72,6,337.18,22 / 23,-1.9516989923636767,14.772714336583991,-1.2146809000003367,-9.428891768436314,71.80977456318047,-3.073863657949345,False,5.099999999999909,-6.35863489783972,14.607123723392833,-30.765936047459476,77.53622235014397,15.93111111110995,336.4760000000009,-4.406935905476043,-0.1655906131911582,-21.33704427902316,5.726447786963504
2587320.0,1.0834,-2.8271,10.3894,-0.037,0.0212,9.8065,0.0558,-0.1613,0.0568,94.6,-78.91,9.59,52.749928,-1.674661,16.72,6,337.18,22 / 23,-2.2935279469729255,14.753441374779031,-1.1449109000000828,-9.641153115403917,73.286082348754,-3.1918432479497953,False,5.200000000000273,-6.308221671117463,14.536353624412092,-31.385158562528474,78.981756396608,15.846111111118557,336.54100000001347,-4.0146937241445375,-0.2170877503669395,-21.744005447124557,5.695674047854013
2587420.0,2.755,-1.0531,10.053,-0.0278,0.0564,9.8064,-0.0201,-0.1815,-0.1079,94.6,-78.91,9.59,52.749928,-1.674661,16.72,6,337.18,22 / 23,-2.4519184006830006,14.746060243268833,-1.1034559000001203,-9.878425432786496,74.76105742965504,-3.304261587949703,False,5.300000000000182,-6.291997228301532,14.797877242322302,-32.01784243658997,80.47176841265822,16.07999999999362,336.9649999999884,-3.840078827618531,0.051816999053469814,-22.139417003803477,5.710710983003182
2587520.0,1.8271,-0.5569,10.1135,-0.0213,0.0824,9.8062,0.1266,0.0261,-0.2951,95.76,-78.72,11.2,52.749928,-1.674661,16.72,6,337.18,22 / 23,-2.5002387293350914,14.692711652432338,-1.0757959000001454,-10.126033289287175,76.23299602443876,-3.4132241779496173,False,5.400000000000091,-6.140257207560069,14.613519934700731,-32.6303342721287,81.91730245911548,15.851111111114232,337.20899999999665,-3.6400184782249774,-0.07919171773160727,-22.504300982841524,5.684306434676714
2587620.0,1.7134,-0.2522,10.1869,0.0209,0.0163,9.8066,-0.0725,-0.0276,0.0001,103.71,-78.54,13.55,52.749928,-1.674661,16.72,6,337.18,22 / 23,-2.5045708557355977,14.68715538663245,-1.0414409000001765,-10.376273768540482,77.70198937639067,-3.519086017949537,False,5.5,-6.065604117374661,14.812293529110274,-33.2360954281929,83.40731447668814,16.00611111111111,337.731,-3.561033261639063,0.12513814247782484,-22.859821659652415,5.705325100297472
2587721.0,2.1113,-3.7362,10.7743,0.0676,0.0557,9.8062,0.093,-0.2488,0.0092,99.49,-78.84,15.67,52.749928,-1.674661,16.72,6,337.18,22 / 23,-2.669940734734818,14.694524697114781,-0.9733719500001005,-10.63758660385953,79.18576422062156,-3.620834066874665,False,5.601000000000113,-5.84988764496653,14.942851346035019,-33.820453023400596,84.9122266137258,16.047144444443003,338.6205100000166,-3.179946910231712,0.24832664892023715,-23.182866419541064,5.726462393104242
2587820.0,1.8274,-3.0695,9.4459,0.0146,0.0255,9.8066,0.0037,-0.275,0.1279,99.49,-78.84,15.67,52.749928,-1.674661,16.72,6,337.18,22 / 23,-2.9704484241797315,14.719589722957776,-0.9433304000000519,-10.916785867226253,80.64176288441752,-3.7157108331998256,False,5.700000000000273,-5.546218559931893,14.962069899872267,-34.36684958616599,86.38733851042787,15.956944444447918,339.661000000015,-2.575770135752162,0.24248017691449064,-23.450063718939738,5.74557562601035
2587920.0,2.3273,-5.9192,8.8332,-0.0035,-0.0265,9.8066,-0.1153,0.4304,-0.289,100.52,-78.9,16.5,52.749928,-1.674661,16.72,6,337.18,22 / 23,-3.3831002299411033,14.757261358783657,-1.0100403999999912,-11.234463299932006,82.11560543850325,-3.813379373199739,False,5.800000000000182,-5.459873890182433,15.109920692636871,-34.91203462657599,87.91070900587457,16.066111111108135,340.13299999998713,-2.0767736602413294,0.35265933385321446,-23.67757132664398,5.795103567371314
2588021.0,0.2722,2.185,8.4312,0.0067,-0.0355,9.8065,-0.1756,0.0524,-0.0793,100.49,-78.8,15.33,52.750065,-1.674746,17.27,6,342.72,22 / 23,-3.5243436190701063,14.826585881731999,-1.1286598500001235,-11.583289214307461,83.60958972415096,-3.9213837358248655,False,5.901000000000295,-5.343740345542393,15.109024817747907,-35.44894093120955,89.4384161023989,16.026188888886256,340.52227999999053,-1.819396726472287,0.2824389360159074,-23.865651716902086,5.828826378247939
2588120.0,2.5041,0.3839,10.1883,0.0148,-0.1235,9.8058,0.1047,-0.2126,0.0055,100.49,-78.8,15.33,52.750065,-1.674746,17.27,6,342.72,22 / 23,-3.357605341146446,14.828983379617139,-1.177852949999977,-11.923945687837167,85.07754040258338,-4.03555611942453,False,6.0,-5.199920778276794,15.399666487037663,-35.96202063039067,90.96856948800047,16.253888888888888,341.342,-1.8423154371303476,0.5706831074205247,-24.0380749425535,5.891029085417088
2588220.0,2.4722,2.1997,10.0133,0.0243,0.0047,9.8065,0.0233,-0.5108,0.2638,96.68,-79.0,11.69,52.750065,-1.674746,17.27,6,342.72,22 / 23,-3.2047362881636348,14.731173219555355,-1.1484379500000037,-12.252062769302372,86.55554823254066,-4.151870664424424,False,6.099999999999909,-5.1556483586738215,15.347162278472855,-36.47355227328252,92.49193998285128,16.19000000000237,341.4310000000099,-1.9509120705101868,0.6159890589174992,-24.221489503980152,5.936391750310619
2588320.0,2.5334,-3.7311,9.5876,0.0133,0.0186,9.8066,0.0066,0.0096,-0.1488,97.04,-79.19,12.64,52.750065,-1.674746,17.27,6,342.72,22 / 23,-3.2535641310610304,14.659000606983543,-1.149057950000006,-12.57497779026478,88.02505692387295,-4.266745459424842,False,6.200000000000273,-5.0137837912802246,15.576868480608168,-36.97162255714799,94.05978844882549,16.363888888887907,342.15800000001457,-1.7602196602191942,0.9178678736246244,-24.396644766883206,6.034731524952534
2588420.0,4.0093,-4.6575,9.8502,0.0193,-0.0266,9.8065,-0.0652,0.3389,-0.1495,98.1,-79.23,13.5,52.750065,-1.674746,17.27,6,342.72,22 / 23,-3.6539956414991503,14.556014854100887,-1.157832949999998,-12.920355778892475,89.48580769692585,-4.382090004424738,False,6.300000000000182,-4.87989734550127,15.58702363115745,-37.45623148194796,95.616517422254,16.333055555556395,342.6159999999875,-1.2259017040021196,1.031008777056563,-24.535875703055485,6.13070972532816
2588520.0,3.2032,-0.5501,10.0188,0.054,-0.0583,9.8062,-0.0038,0.3313,-0.2323,98.1,-79.23,13.5,52.750065,-1.674746,17.27,6,342.72,22 / 23,-3.902019884880413,14.400646669352861,-1.1450479500000095,-13.29815655521111,90.93364077309721,-4.497234049424633,False,6.400000000000091,-4.613746449404135,15.75124554980738,-37.91391768875387,97.18436588751382,16.413055555554465,343.6739999999856,-0.7117265645237221,1.350598880454518,-24.61576113354276,6.2507251144166105
2588620.0,3.0761,2.5536,9.2704,0.0146,-0.0033,9.8066,0.0558,0.0572,-0.0895,93.7,-79.8,10.31,52.750065,-1.674746,17.27,6,342.72,22 / 23,-3.7801756037305614,14.251287660103808,-1.1612529499999946,-13.682266329641308,92.36623748956875,-4.612549094424528,False,6.5,-4.625991039963199,15.825807496025806,-38.37833457505979,98.77445333833224,16.488055555555555,343.706,-0.8458154362326376,1.5745198359219987,-24.69606824541848,6.40821584876349
2588720.0,3.4484,-0.4965,9.7911,0.0135,0.0219,9.8066,0.0481,-0.5224,0.3106,93.74,-79.95,10.75,52.750065,-1.674746,17.27,6,342.72,22 / 23,-3.6509113324979885,14.088245530174952,-1.1888429499999695,-14.053820676452398,93.7832141490814,-4.730053889424419,False,6.599999999999909,-4.340182271926441,15.863946526799952,-38.80236738428067,100.35342129672577,16.4469444444466,344.69900000000365,-0.6892709394284524,1.775700996625,-24.748546707828275,6.570207147644368
2588820.0,4.3051,-6.2385,10.1445,0.0254,0.0594,9.8064,0.0518,-0.1649,0.0323,93.74,-79.95,10.75,52.750065,-1.674746,17.27,6,342.72,22 / 23,-3.9643780656084107,13.892460583299629,-1.1727279499999108,-14.434585146359103,95.18224945476022,-4.848132434424842,False,6.700000000000273,-4.307207338574183,16.03664522095147,-39.233130873030795,101.96574773381776,16.605000000004015,344.96600000001246,-0.34282927296577226,2.1441846376518416,-24.79854572667169,6.7834982790575395
2588920.0,2.7344,-1.9368,9.7571,0.0511,-0.0167,9.8065,0.0036,0.2606,-0.2772,95.4,-80.07,12.81,52.750065,-1.674746,17.27,6,342.72,22 / 23,-4.348663381171817,13.739380739195314,-1.1583129499999238,-14.850237218697735,96.56384152088371,-4.9646844794247285,False,6.800000000000182,-4.229550347946455,16.18767997170738,-39.65716368219397,103.57807416937045,16.73111111110767,345.35699999998934,0.1191130332253616,2.448299232512065,-24.806926463496232,7.01423264848674
2589020.0,-0.1117,2.5169,9.2972,-0.0154,0.0033,9.8066,-0.1239,0.6233,-0.4125,93.09,-80.56,11.69,52.7502,-1.674799,17.31,6,347.62,22 / 23,-4.282644744874011,13.779810184269287,-1.1862629499998985,-15.281802624999635,97.9398010670557,-5.081913274424613,False,6.900000000000091,-4.083570109643686,16.28383445310158,-40.06100445292623,105.2126395913058,16.788055555554777,345.9219999999923,0.19907463523032476,2.5040242688322927,-24.77920182792659,7.272838524250105
2589120.0,0.8319,0.4779,10.137,0.0148,0.0704,9.8063,0.1298,-0.0277,-0.1145,95.39,-80.62,14.24,52.7502,-1.674799,17.31,6,347.62,22 / 23,-4.087481891694892,13.903588363913755,-1.1952179499998903,-15.7003089568277,99.3239709944636,-5.200987319424494,False,7.0,-3.898478790854161,16.43278524835321,-40.451383864616325,106.85832450637456,16.88888888888889,346.654,0.18900310084073046,2.529196884439454,-24.751074907788627,7.534353511910965
2589220.0,4.1401,-4.136,10.102,0.1228,0.033,9.8058,0.2322,-0.3252,0.209,95.39,-80.62,14.24,52.7502,-1.674799,17.31,6,347.62,22 / 23,-4.240227370911304,13.840919242922642,-1.1639329499999187,-16.116694419957632,100.71119637480415,-5.3189448644243775,False,7.099999999999909,-3.738445467756421,16.462808803784732,-40.82157123775026,108.50400942002898,16.881944444445985,347.206000000003,0.5017819031548831,2.6218895608620905,-24.70487681779263,7.7928130452248325
2589320.0,3.2027,-1.8901,9.3053,0.0439,0.0388,9.8064,0.009,-0.5156,0.2804,95.32,-81.31,15.96,52.7502,-1.674799,17.31,6,347.62,22 / 23,-4.521902750677606,13.671255030119177,-1.174232949999956,-16.55480092603867,102.08680508846125,-5.435853159424797,False,7.200000000000273,-3.7012651601348785,16.58706306777998,-41.19175861088545,110.16081382611713,16.995000000004104,347.4210000000148,0.8206375905427277,2.9158080376608027,-24.63695768484678,8.074008737655888
2589420.0,2.5579,6.0791,8.3659,0.0287,-0.0231,9.8066,0.0348,-0.3053,0.3228,100.1,-81.82,17.78,52.7502,-1.674799,17.31,6,347.62,22 / 23,-4.294637351185974,13.50659137080026,-1.2713379499998676,-16.995627931131448,103.44569740850598,-5.558131704424676,False,7.300000000000182,-3.5932838564295566,16.742636644388305,-41.54848462497841,111.83985721904814,17.12388888888537,347.8869999999872,0.7013534947564177,3.2360452735880454,-24.55285669384696,8.394159810542163
2589520.0,1.1415,2.0148,9.6309,0.0417,-0.2176,9.8041,-0.1127,0.987,-0.4702,100.1,-81.82,17.78,52.7502,-1.674799,17.31,6,347.62,22 / 23,-3.862360281658284,13.416274634139231,-1.352162949999794,-17.40347781277329,104.79184070875174,-5.68930674942454,False,7.400000000000091,-3.717070037617551,16.74034646212121,-41.91867199813873,113.51890061139399,17.148055555555224,347.4810000000055,0.1452902440407331,3.324071827981978,-24.515194185365438,8.727059902642253
2589620.0,1.5773,-4.941,10.2569,-0.0071,-0.0192,9.8066,-0.0777,0.8171,-0.4745,86.93,-82.19,8.84,52.7502,-1.674799,17.31,6,347.62,22 / 23,-3.968784234802703,13.418603238816404,-1.3384379499998065,-17.795035038595984,106.1335846023983,-5.823836794424398,False,7.5,-3.559765084824733,16.70293549348451,-42.26866733273034,115.18682451131434,17.078055555555554,347.969,0.40901914997796984,3.284332254668106,-24.473632294134354,9.05323990891604
2589720.0,1.7443,-6.6457,11.1091,-0.0112,0.0977,9.8061,0.049,0.1101,-0.1724,88.53,-82.18,10.4,52.7502,-1.674799,17.31,6,347.62,22 / 23,-4.51131142128922,13.404072491364088,-1.250802949999886,-18.219039821400195,107.47471838890611,-5.953298839424265,False,7.599999999999909,-3.719633407446545,16.917862945732413,-42.652316064905875,116.87698739679286,17.321944444443243,347.6000000000023,0.7916780138426747,3.5137904543683245,-24.43327624350568,9.402269007886744
2589820.0,2.1835,6.7836,9.4858,0.0502,-0.0235,9.8065,0.0342,-0.7343,0.4301,98.44,-82.25,16.54,52.7502,-1.674799,17.31,6,347.62,22 / 23,-4.474842330703167,13.319263724222578,-1.2017229499997075,-18.66834750900145,108.8108851996903,-6.075925134424692,False,7.700000000000273,-3.6516492944004613,16.84257651505499,-43.02250343804042,118.5449112960151,17.233888888895006,347.76700000002313,0.8231930363027056,3.523312790832412,-24.354155929038967,9.734026096324797
2589920.0,0.7922,7.8039,9.8093,0.0802,-0.0885,9.8059,0.014,-0.236,0.0853,98.44,-82.25,16.54,52.7502,-1.674799,17.31,6,347.62,22 / 23,-3.7136555892667524,13.22964592788031,-1.217632949999693,-19.077772404999575,110.13833068229424,-6.196892929424552,False,7.800000000000182,-3.4762940119948653,17.07585220124532,-43.35903741360561,120.26843265935277,17.426111111105868,348.49299999998027,0.23736157727188711,3.8462062733650093,-24.281265008606038,10.13010197705853
2590020.0,1.3481,-0.7146,10.6664,0.0025,-0.0344,9.8066,-0.0623,0.7004,-0.3519,90.03,-82.77,9.62,52.75035,-1.674846,18.11,4,348.64,22 / 23,-3.320085256061091,13.23403305236928,-1.1745129499997322,-19.429459447265646,111.46151463130552,-6.316500224424414,False,7.900000000000091,-3.483244766203249,17.237700250061973,-43.70903274819658,121.99195402210852,17.58611111110893,348.5759999999989,-0.16315951014215768,4.0036671976926925,-24.27957330093093,10.530439390802997
2590120.0,1.995,-6.5425,12.1301,0.0062,0.0066,9.8066,-0.1525,0.6061,-0.3716,89.47,-82.78,8.02,52.75035,-1.674846,18.11,4,348.64,22 / 23,-3.6460678070914496,13.235891532247388,-1.015352949999877,-19.777767100422956,112.78501086053515,-6.425993519424295,False,8.0,-3.491687644515489,17.192910013689275,-44.05229740330056,123.7154753855716,17.54388888888889,348.52,0.15438016257596043,3.957018481441887,-24.2745303028776,10.930464525036442
2590220.0,1.0796,-4.5884,11.6369,0.0278,0.0268,9.8065,0.0588,0.1064,0.0593,93.89,-82.94,9.29,52.75035,-1.674846,18.11,4,348.64,22 / 23,-4.163096286561268,13.265410809562765,-0.8076679500000657,-20.16822530510524,114.11007597762446,-6.517144564424209,False,8.099999999999909,-3.4140058165750533,17.535757448263602,-44.38883137889042,125.49459421116228,17.864999999998346,348.9829999999949,0.7490904699862151,4.270346638700838,-24.220606073785184,11.384518233537818
2590320.0,1.7608,0.899,9.7211,0.0858,-0.0073,9.8062,0.1217,-0.4746,0.2276,96.25,-83.44,9.21,52.75035,-1.674846,18.11,4,348.64,22 / 23,-4.308796825808351,13.302615685965906,-0.7204329499997483,-20.59181996072526,115.43847730240573,-6.593549609424477,False,8.200000000000273,-3.5044776272047846,17.394373500121272,-44.73882671349651,127.22923506705959,17.743888888890737,348.6090000000065,0.804319198603566,4.0917578141553665,-24.147006752771247,11.790757764653861
2590419.0,1.5742,1.2364,9.1063,0.0278,-0.0595,9.8064,0.0192,-0.016,-0.0586,96.25,-83.44,9.21,52.75035,-1.674846,18.11,4,348.64,22 / 23,-4.167033644424782,13.29217914114706,-0.7593349999996325,-21.01137356900055,116.75491964634391,-6.666798122949229,False,8.298999999999978,-3.454293740194934,17.46300006923408,-45.07865872201067,128.96854610996232,17.80136388888722,348.81095999999417,0.7127399042298479,4.170820928087021,-24.067285153010122,12.21362646361841
2590520.0,1.4433,-0.103,8.3623,-0.0206,-0.005,9.8066,-0.1228,0.4427,-0.2612,89.26,-83.63,6.26,52.75035,-1.674846,18.11,4,348.64,22 / 23,-4.072576153422219,13.304685384950732,-0.8676423499997534,-21.42747386379229,118.09806130491334,-6.748960479124289,False,8.400000000000091,-3.586325453398319,17.591204436396538,-45.445548062207976,130.7541142408371,17.953055555553494,348.4770000000046,0.4862507000238998,4.286519051445806,-24.018074198415686,12.656052935923768
2590620.0,3.5932,-5.7512,9.0821,0.0247,-0.0164,9.8066,0.0066,0.4809,-0.3956,87.6,-83.37,7.56,52.75035,-1.674846,18.11,4,348.64,22 / 23,-4.324582190132752,13.21369908285082,-0.9760873499996547,-21.847331780969657,119.42398052830221,-6.841146964124175,False,8.5,-3.3699716808933107,17.654291740907183,-45.775351358270534,132.53323306784293,17.973055555555558,349.19300000000004,0.954610509239441,4.440592658056364,-23.928019577300876,13.10925253954072
2590720.0,0.1581,-2.5802,10.0445,0.0328,0.0014,9.8065,-0.0343,-0.7301,0.4783,87.6,-83.37,7.56,52.75035,-1.674846,18.11,4,348.64,22 / 23,-4.703439637307265,13.182101363011437,-1.0004223499996325,-22.298732872341247,120.74377055059412,-6.93997244912405,False,8.599999999999909,-3.3760530647052,17.587795965924844,-46.11188533385994,134.29011290858384,17.908888888892804,349.1340000000089,1.327386572602065,4.405694602913407,-23.81315246151869,13.546342357989715
2590820.0,0.9999,1.6987,9.9167,0.0171,0.0287,9.8065,0.083,-0.5567,0.3986,92.08,-83.54,8.88,52.75035,-1.674846,18.11,4,348.64,22 / 23,-4.712727029631301,13.28758652973533,-0.9830273499995692,-22.76954120568989,122.06725494523627,-7.039144934124371,False,8.700000000000273,-3.227879583295441,17.9075194531187,-46.428227270909325,136.11370970671462,18.196111111116046,349.7819999999859,1.48484744633586,4.619932923383368,-23.658686065219435,14.046454761478344
2590920.0,-0.6465,5.0232,10.0824,0.0299,-0.0042,9.8066,0.2363,0.216,-0.2514,94.66,-83.67,11.83,52.75035,-1.674846,18.11,4,348.64,22 / 23,-4.329957724493258,13.415716130562124,-0.9637373499995867,-23.221675443395707,123.40242007824993,-7.13648316912424,False,8.800000000000182,-3.3949138822166023,18.034351630832834,-46.77149192597485,137.91506751773346,18.35111111110688,349.3390000000121,0.9350438422766554,4.61863550027071,-23.549816482579143,14.51264743948353
2591020.0,0.5079,2.5238,10.3826,0.0687,-0.0428,9.8063,-0.2053,0.7588,-0.3375,94.66,-83.67,11.83,52.75051,-1.674888,18.52,4,350.39,22 / 23,-3.9027294264910037,13.560274708545679,-0.9211523499996254,-23.633309800944545,124.7512196202041,-7.230727654124115,False,8.900000000000091,-3.237451389205942,17.939099716152025,-47.08783386300929,139.70530583645802,18.228888888890552,349.7699999999941,0.6652780372850615,4.378825007606347,-23.454524062064742,14.954086216253927
2591120.0,2.4885,-1.2741,9.3221,0.0283,-0.1144,9.8059,0.0465,-0.2383,0.0935,92.1,-84.09,9.72,52.75051,-1.674888,18.52,4,350.39,22 / 23,-3.8004626862519797,13.572058230393678,-0.9165823499996294,-24.018469406581342,126.10783626714984,-7.322614389123994,False,9.0,-2.862404686298398,18.168960676979022,-47.36379172299846,141.55114161943172,18.393055555555556,351.047,0.9380579999535819,4.596902446585345,-23.345322316417114,15.443305352281882
2591220.0,-0.0405,-4.2245,9.967,-0.0043,0.0174,9.8066,-0.0106,-0.3384,0.2894,84.02,-84.05,2.06,52.75051,-1.674888,18.52,4,350.39,22 / 23,-4.048164890974096,13.602634100722705,-0.9327923499996146,-24.41090078544229,127.46657088370442,-7.415083124123872,False,9.099999999999909,-2.919154678161969,18.049352588563256,-47.64648026248836,143.3636189230074,18.283888888890967,350.8129999999916,1.129010212812127,4.446718487840551,-23.23557947704607,15.897048039302987
2591320.0,0.1803,-2.4401,9.7217,0.0194,0.0486,9.8064,0.0801,0.1162,-0.1223,86.91,-84.19,4.74,52.75051,-1.674888,18.52,4,350.39,22 / 23,-4.356782323410537,13.741233822905416,-0.9290223499996008,-24.831148146163052,128.8337642798908,-7.508173859124172,False,9.200000000000273,-3.140220744056615,18.166705991454414,-47.96282219955005,145.18721571901727,18.436111111114226,350.1930000000074,1.2165615793539222,4.425472168548998,-23.131674053386995,16.353451439126474
2591420.0,1.033,-2.373,10.3886,0.0515,0.0336,9.8064,-0.0034,0.0831,-0.1639,86.91,-84.19,4.74,52.75051,-1.674888,18.52,4,350.39,22 / 23,-4.566413032829101,13.841274126300954,-0.9041723499996233,-25.277307913974628,130.21288967734986,-7.59983359412405,False,9.300000000000182,-3.0832184127828626,18.27563409473544,-48.27243345706039,147.02193200943262,18.533888888886217,350.4239999999937,1.4831946200462385,4.434359968434487,-22.99512554308576,16.809042332082754
2591519.0,0.8806,0.0175,9.5763,-0.0288,0.0401,9.8065,0.1403,-0.2651,0.0095,92.4,-84.49,7.8,52.75051,-1.674888,18.52,4,350.39,22 / 23,-4.646620475669896,13.910457061804879,-0.886768149999675,-25.733353072643972,131.586600371157,-7.688485148873752,False,9.398999999999887,-2.9176025634891176,18.249885345492412,-48.552295111155104,148.82729283887087,18.48163888888972,350.91701999999214,1.7290179121807783,4.339428283687534,-22.818942038511132,17.24069246771387
2591619.0,1.1657,0.1134,9.9184,-0.0371,0.0694,9.8063,-0.1085,-0.0394,0.0238,93.27,-84.24,11.75,52.75051,-1.674888,18.52,4,350.39,22 / 23,-4.600078283955437,13.977743933038912,-0.8926981499996965,-26.19568801062692,132.98101042090425,-7.777458463874044,False,9.499000000000251,-2.892887250545383,18.465705071658647,-48.84164702335158,150.6839145287988,18.690936111111615,351.0962400000004,1.7071910334100537,4.487961138619735,-22.645959012724656,17.70290410789454
2591720.0,0.0809,0.0489,10.7183,0.0639,0.1033,9.8058,0.0421,0.0629,-0.1222,93.27,-84.24,11.75,52.75051,-1.674888,18.52,4,350.39,22 / 23,-4.548556745290269,14.085605895752655,-0.8410164499998715,-26.657694079602265,134.39820958725343,-7.865011051173726,False,9.599999999999909,-3.0018265854378288,18.34913491265879,-49.140691114071984,152.54831986380808,18.593055555556084,350.70900000000137,1.5467301598524403,4.263529016906135,-22.48299703446972,18.150110276554642
2591820.0,1.7704,-0.6226,10.8241,0.0959,0.0341,9.8061,0.2058,-0.1011,-0.024,98.97,-84.54,18.33,52.75051,-1.674888,18.52,4,350.39,22 / 23,-4.5361307662270685,14.165603287134683,-0.7445614499995206,-27.111928455179786,135.81077004640295,-7.944289946173984,False,9.700000000000273,-2.975687305079876,18.392787685484898,-49.43684101259032,154.38303615365862,18.63194444444649,350.8100000000242,1.5604434611471922,4.227184398350214,-22.324912557410535,18.572266107255672
2591920.0,0.9937,2.175,11.1924,0.1018,0.0689,9.8058,0.0317,-0.238,0.1001,106.72,-85.04,24.01,52.75051,-1.674888,18.52,4,350.39,22 / 23,-4.416983225421624,14.163179298753201,-0.6244014499996299,-27.559584154761815,137.22720917569606,-8.01273809117388,False,9.800000000000182,-2.74086840358441,18.494112876079726,-49.70606819303178,156.2399914289236,18.69611111110936,351.56999999997925,1.6761148218372135,4.330933577326524,-22.146484038269968,19.012782253227527
2592020.0,1.7879,-2.0292,10.0366,-0.015,-0.0091,9.8066,0.0767,0.1568,-0.185,106.72,-85.04,24.01,52.75068,-1.674927,18.77,4,351.83,22 / 23,-4.365401638143116,14.181911395131456,-0.5436164499997034,-27.998703397939654,138.644463710389,-8.071138986173793,False,9.900000000000091,-2.7055553670716184,18.50520727143561,-49.97529537349283,158.0969467036164,18.701944444444365,351.6819999999985,1.659846271071498,4.323295876304153,-21.976591975553173,19.45248299322739
2592120.0,1.1609,-2.8495,11.5283,0.0395,0.0625,9.8063,-0.116,0.5029,-0.2342,106.05,-84.97,23.14,52.75068,-1.674927,18.77,4,351.83,22 / 23,-4.557551166108042,14.263612651258955,-0.4460364499997921,-28.444851038151807,140.06673991270722,-8.120621631173723,False,10.0,-2.589897538472387,18.29369051149434,-50.23106119493903,159.90942400789987,18.47611111111111,351.94199999999995,1.9676536276356553,4.0300778602353855,-21.786210156787224,19.842684095192652
2592220.0,1.223,1.4534,11.4257,0.0164,0.0822,9.8063,0.0848,0.0416,-0.2576,110.64,-85.08,27.98,52.75068,-1.674927,18.77,4,351.83,22 / 23,-4.575195198011221,14.315826756910203,-0.2790014499999439,-28.901488356357355,141.49571188311438,-8.156873526173676,False,10.099999999999909,-2.663481592750671,18.322420440681434,-50.50028837541308,161.74414029632672,18.515000000000626,351.72900000000925,1.9117136052605495,4.00659368377123,-21.598800019055723,20.248428413212338
2592320.0,-1.7395,12.7759,8.6356,0.0728,0.1631,9.805,0.2112,-1.2998,0.8152,121.54,-85.03,40.09,52.75068,-1.674927,18.77,4,351.83,22 / 23,-3.8307493622283095,14.110536766425167,-0.25660144999986234,-29.32178558437086,142.91703005928633,-8.183653671173763,False,10.200000000000273,-2.4538622310987526,18.398190286824324,-50.74259283783309,163.57885658688565,18.56111111112186,352.4029999999786,1.376887131129557,4.287653520399157,-21.420807253462225,20.661826527599317
2592420.0,0.6608,-0.9027,10.2677,0.0228,-0.2436,9.8036,-0.0074,-0.0358,0.1147,121.54,-85.03,40.09,52.75068,-1.674927,18.77,4,351.83,22 / 23,-3.175378795023295,13.973227465205396,-0.29210144999983,-29.672091992233124,144.32121827086658,-8.211088816173723,False,10.300000000000182,-2.7187060588126384,18.70231639663904,-51.02528137728858,165.46917034013245,18.89888888887967,351.72900000001846,0.4566727362106566,4.729088931433646,-21.353189385055455,21.14795206926587
2592520.0,0.8836,-7.6261,10.4642,-0.029,-0.0565,9.8063,-0.0903,1.189,-0.7725,105.74,-85.73,24.54,52.75068,-1.674927,18.77,4,351.83,22 / 23,-3.508540414493515,14.170950835798566,-0.23617144999988085,-30.00628795270866,145.7284271859155,-8.237502461173683,False,10.400000000000091,-2.457094148769247,18.189796957205317,-51.25412448069264,167.2594086595668,18.355000000007422,352.3069999999921,1.0514462657242682,4.018846121406751,-21.247836527983978,21.53098147365128
2592620.0,1.9359,-6.4871,9.7852,0.0332,0.0809,9.8062,-0.0611,1.0192,-0.6099,102.86,-85.74,21.55,52.75068,-1.674927,18.77,4,351.83,22 / 23,-4.147286560890029,14.367104485871405,-0.20436644999990974,-30.38907930147749,147.15532995199771,-8.259529356173653,False,10.5,-2.6842913092089797,18.63460268644069,-51.536813020181356,169.16084190396063,18.826944444444443,351.80300000000005,1.4629952516810492,4.267498200569285,-21.147733718703865,22.005511951962916
2592720.0,-1.076,8.174,8.9797,0.0358,0.1626,9.8052,0.1193,-0.9423,0.5142,102.86,-85.74,21.55,52.75068,-1.674927,18.77,4,351.83,22 / 23,-4.000575196569725,14.465791282759938,-0.24678644999987115,-30.796472389350107,148.59697474042798,-8.282087001173622,False,10.599999999999909,-2.7527870531992114,18.558898749014222,-51.80604020065587,171.00667768693523,18.761944444444527,351.5629999999992,1.247788143370514,4.093107466254285,-21.009567811305764,22.409702946507252
2592820.0,-0.8502,-3.3099,10.3755,0.0072,-0.0375,9.8065,0.0466,-1.0244,0.5821,119.15,-85.62,34.4,52.75068,-1.674927,18.77,4,351.83,22 / 23,-3.619063195562682,14.690807033166706,-0.25969144999991806,-31.177454308958115,150.0548046562296,-8.307410896173703,False,10.700000000000273,-2.7744192056388868,18.561856248975744,-52.08199806061835,172.8636329623431,18.768055555551257,351.4990000000135,0.8446439899237954,3.8710492158090375,-20.90454375166024,22.808828306113497
2592920.0,1.4629,-9.8102,10.2408,-0.0198,-0.1063,9.806,0.0347,-0.1223,0.1685,110.15,-85.93,25.62,52.75068,-1.674927,18.77,4,351.83,22 / 23,-4.1238462691020175,15.049296385142945,-0.20954144999996357,-31.564599782191,151.54180982714374,-8.330872541173676,False,10.800000000000182,-2.6183370859931583,18.448172544744622,-52.33776388205914,174.69834925134379,18.63305555555924,351.9219999999885,1.5055091831088592,3.398876159601677,-20.773164099868143,23.156539424200048
2593020.0,-2.0484,2.6896,9.6406,0.0092,0.0153,9.8066,-0.0562,0.7187,-0.5075,93.94,-85.96,12.13,52.750847,-1.674963,18.53,4,353.22,22 / 23,-4.397271427383995,15.401347149737164,-0.19613644999997573,-31.990655667014913,153.06434200388637,-8.351156436173655,False,10.900000000000091,-2.7338523005815265,18.50020563098404,-52.61372174202045,176.55530452674327,18.701111111110183,351.5940000000045,1.6634191268024683,3.098858481246877,-20.62306607500554,23.490962522856904
2593120.0,-0.3294,5.8924,9.8787,0.019,0.0322,9.8065,0.0531,0.4406,-0.4868,93.94,-85.96,12.13,52.750847,-1.674963,18.53,4,353.22,22 / 23,-3.9125727269158013,15.659402435102134,-0.20083644999997144,-32.40614787472953,154.6173794831269,-8.371005081173635,False,11.0,-2.8046770205218547,18.610964786043382,-52.89641028150981,178.43449878628704,18.82111111111111,351.43,1.1078957063939465,2.9515623509412485,-20.490262406780282,23.817119303160126
2593219.0,-0.2106,8.9861,8.9349,0.0133,0.0381,9.8065,0.1861,-0.7624,0.3744,99.73,-86.27,14.95,52.750847,-1.674963,18.53,4,353.22,22 / 23,-3.1240198983709244,15.755122324390562,-0.24042160000003535,-32.754459209681784,156.1723984587243,-8.392847354648671,False,11.09900000000016,-2.570852245551904,18.41064534757127,-53.14295507203617,180.23985961643353,18.589286111107363,352.05073000001005,0.5531676528190204,2.655523023180706,-20.38849586235439,24.067461157709232
2593319.0,1.771,-10.6459,9.1766,0.0348,-0.1064,9.806,-0.0948,-1.2186,0.8827,93.27,-86.69,9.3,52.750847,-1.674963,18.53,4,353.22,22 / 23,-3.160025933400387,15.797856304393198,-0.3155115999999669,-33.068661501270064,157.75004739016205,-8.420644014648646,False,11.19900000000007,-2.5298777141508335,17.94834895024682,-53.391990213954884,182.00841492424786,18.125769444430635,351.9768099999976,0.6301482192495533,2.150492645853623,-20.32332871268482,24.258367534085806
2593420.0,-2.1367,-10.603,10.2987,0.0357,-0.1209,9.8058,0.1104,-0.6131,0.3369,93.27,-86.69,9.3,52.750847,-1.674963,18.53,4,353.22,22 / 23,-4.183365132634895,16.04868363191504,-0.3224805999999746,-33.43950275010526,159.35829765694743,-8.452862620748679,False,11.300000000000182,-2.730125979130965,18.63917244009332,-53.677169104844516,183.92752816325907,18.83805555553599,351.6670000000084,1.4532391535039304,2.5904888081782786,-20.237666354739254,24.56923050631164
2593520.0,0.5996,-2.0057,8.9724,0.0169,0.1016,9.806,-0.0101,0.963,-0.8721,76.73,-86.86,-3.47,52.750847,-1.674963,18.53,4,353.22,22 / 23,-4.775904905784809,16.305978997974393,-0.33959059999995894,-33.88746625202584,160.97603078844043,-8.485966180748646,False,11.400000000000091,-2.4238742066413854,18.317268077790587,-53.912742887775984,185.7400054661297,18.47694444444937,352.46199999998913,2.352030699143423,2.011289079816194,-20.025276635750146,24.763974677689276
2593620.0,0.2541,5.9214,8.4206,0.043,0.0929,9.806,-0.2058,0.6499,-0.3876,109.45,-87.14,23.53,52.750847,-1.674963,18.53,4,353.22,22 / 23,-4.5476145825291265,16.3059758571259,-0.4506055999998579,-34.35364222644111,162.60662853119396,-8.525475990748602,False,11.5,-2.408763148033479,18.328506870692483,-54.1483166706794,187.57472175667823,18.48611111111111,352.51300000000003,2.1388514344956477,2.0225310135665815,-19.79467444423829,24.968093225484267
2593719.0,2.1835,-2.3276,9.6508,0.0714,0.1254,9.8055,-0.1383,0.0054,0.1425,122.03,-87.16,40.55,52.750847,-1.674963,18.53,4,353.22,22 / 23,-4.32442529253908,16.302634591799247,-0.5269296499999812,-34.792808200257696,164.22075474841836,-8.573863985623671,False,11.59900000000016,-2.1105556354893604,18.18582912699611,-54.348217852172226,189.35806599042138,18.30791111110823,353.38024000001406,2.2138696570497194,1.8831945351968642,-19.55540965191453,25.137311242003022
2593819.0,0.9929,-2.8697,9.2615,-0.0332,0.0067,9.8066,0.0039,-0.152,-0.0852,122.03,-87.16,40.55,52.750847,-1.674963,18.53,4,353.22,22 / 23,-4.506683719400042,16.43203643554568,-0.5619796499999492,-35.23436365085425,165.8574882997841,-8.628309450623618,False,11.69900000000007,-2.2785211899769364,18.295391010359168,-54.58345510111385,191.2034569936854,18.43673611111502,352.9009299999854,2.228162529423106,1.8633545748134885,-19.3490914502596,25.345968693901284
2593920.0,0.8889,2.5799,7.032,-0.0539,0.0425,9.8063,-0.0667,-0.3445,0.1465,121.57,-86.98,39.23,52.750847,-1.674963,18.53,4,353.22,22 / 23,-4.445645358200872,16.487910769150094,-0.7296295500001364,-35.6864562692736,167.5199456336231,-8.693535715223696,False,11.800000000000182,-1.8042505117880716,17.97467399123208,-54.74734714720334,193.00103417697864,18.065000000010176,354.26799999996257,2.6413948464128008,1.4867632220819864,-19.060890877929744,25.481088543355526
2594020.0,0.0382,-0.9515,9.3539,-0.075,-0.0111,9.8063,0.0432,-0.3337,0.2172,117.07,-86.63,34.38,52.751015,-1.674989,17.93,6,356.4,22 / 23,-4.286157058275191,16.534219736671513,-0.8909995499999896,-36.123046390097,169.1710521589127,-8.774567170223628,False,11.900000000000091,-1.6862354366576038,18.094655516959005,-54.90888345547729,194.8135114812606,18.173055555554082,354.6759999999944,2.5999216216175873,1.5604357802874915,-18.785837065380285,25.642459322347918
2594120.0,-0.6379,-2.3812,11.0575,0.0244,-0.0212,9.8065,0.0682,-0.0652,-0.0753,117.07,-86.63,34.38,52.751015,-1.674989,17.93,6,356.4,22 / 23,-4.309983192003344,16.773073550801335,-0.851094550000026,-36.55285340261054,170.83641682328482,-8.86167187522355,False,12.0,-1.650523975288176,18.038534898544594,-55.070419763764626,196.614869293118,18.113888888888887,354.772,2.6594592167151676,1.2654613477432584,-18.51756636115409,25.778452469833184
2594220.0,-0.8836,-4.0358,10.9621,0.0465,0.0591,9.8063,0.011,0.2971,-0.3123,115.95,-86.81,33.57,52.751015,-1.674989,17.93,6,356.4,22 / 23,-4.454032003891874,17.12107488283087,-0.7307795500001354,-36.9910541624049,172.5311242449649,-8.940765580223486,False,12.099999999999909,-1.4686943390346328,18.076544558433852,-55.21176403350879,198.41622710497523,18.13611111111085,355.35500000001434,2.9853376648572416,0.9554696756029806,-18.220709871103892,25.885102860010335
2594320.0,-0.1459,-5.5662,10.8208,-0.0089,-0.0092,9.8066,-0.1014,-0.3625,0.266,123.42,-86.87,41.47,52.751015,-1.674989,17.93,6,356.4,22 / 23,-4.727655090223547,17.5393162821217,-0.6222995499997407,-37.45013851711234,174.26414380321884,-9.008419535223727,False,12.200000000000273,-1.1356788894190337,18.081313820158957,-55.31272422619509,200.21758491613298,18.116944444440527,356.4060000000195,3.5919762008045133,0.5419975380372577,-17.862585709082744,25.953441112914135
2594420.0,-1.2204,0.5428,9.5266,-0.0825,0.0033,9.8062,0.0761,-0.6863,0.3716,117.75,-86.45,37.43,52.751015,-1.674989,17.93,6,356.4,22 / 23,-4.78458769526905,17.869162792096606,-0.585594549999774,-37.92575065638654,176.03456775692814,-9.068814240223647,False,12.300000000000182,-0.9357685079093685,17.969540190149658,-55.40022305981984,202.0078232354343,17.993888888892247,357.0189999999833,3.8488191873596813,0.10037739805305179,-17.474472403433296,25.97325547850616
2594520.0,-0.2221,4.2087,10.5605,0.0745,-0.0866,9.8059,0.0868,-0.4869,0.3505,117.75,-86.45,37.43,52.751015,-1.674989,17.93,6,356.4,22 / 23,-4.428235594592395,17.957369885926923,-0.5619045499997956,-38.3863918208792,177.8258943908277,-9.126189195223573,False,12.400000000000091,-0.4910454164817306,17.90437867208907,-55.427145777891674,203.79806155415858,17.91111111111224,358.4289999999808,3.937190178110664,-0.05299121383785277,-17.040753957012477,25.97216716333088
2594620.0,1.0816,2.1572,11.2933,0.0613,-0.062,9.8062,0.1472,-0.0066,-0.0029,115.02,-87.06,32.64,52.751015,-1.674989,17.93,6,356.4,22 / 23,-4.052726456400119,17.912191940177706,-0.44987954999989743,-38.81043992342844,179.6193724821313,-9.176778400223512,False,12.5,-0.6484522785417541,17.820150176477387,-55.494452572979625,205.57718038116468,17.831944444444442,357.916,3.4042741778583654,-0.09204176370031902,-16.684012649551185,25.957807899033384
2594719.0,0.8222,-6.5395,11.357,0.0232,0.0058,9.8066,-0.1632,0.4692,-0.3629,113.47,-87.91,28.94,52.751015,-1.674989,17.93,6,356.4,22 / 23,-4.188737569825568,18.050298259041742,-0.29954804999965434,-39.218392392727274,181.39951574699555,-9.21387506642355,False,12.59900000000016,-0.797333012783265,17.74968845339914,-55.58773979103345,207.31649142350167,17.767594444443404,357.4279299999921,3.3914045570423026,-0.3006098056426012,-16.369347398306175,25.916975676506127
2594820.0,3.3828,-4.9786,9.2877,-0.0073,0.1823,9.8049,0.0817,-0.1937,0.0291,113.47,-87.91,28.94,52.751015,-1.674989,17.93,6,356.4,22 / 23,-4.703701788707768,18.231619388277213,-0.2474623499995962,-39.66746058033371,183.2317525881872,-9.241499091623542,False,12.700000000000273,-1.107481732726287,17.588222517523565,-55.730026355897486,209.0798205702272,17.623055555556927,356.39699999998794,3.5962200559814814,-0.6433968707536479,-16.062565775563776,25.84806798204002
2594920.0,-1.1815,-2.5985,9.8422,-0.0824,0.1027,9.8057,-0.0512,-0.6277,0.1899,130.76,-87.27,49.53,52.751015,-1.674989,17.93,6,356.4,22 / 23,-4.938167446751979,18.429795407389747,-0.2716323499995742,-40.14955404210626,185.06482332796887,-9.267453826623477,False,12.800000000000182,-1.2267891021236283,17.623463629178918,-55.86463994613159,210.83670041083937,17.666111111109934,356.0180000000104,3.711378344628351,-0.8063317782108292,-15.71508590402533,25.771877082870503
2595020.0,-3.3504,4.9254,10.4875,-0.0086,0.0221,9.8065,-0.039,-0.3459,0.2213,130.68,-86.04,51.45,52.751175,-1.674999,17.34,6,358.84,21 / 22,-4.562106079007841,18.632180371835748,-0.23581234999960668,-40.62456771839382,186.91792211692845,-9.292826061623414,False,12.900000000000091,-1.00306722775841,17.327936304830814,-55.95213877979075,212.54910228187802,17.35694444444866,356.6869999999908,3.559038851249431,-1.3042440670049338,-15.327571061396931,25.63118016494957
2595120.0,1.2085,5.2566,10.9706,0.0177,0.0625,9.8064,0.0139,0.7471,-0.5274,138.3,-85.87,56.23,52.751175,-1.674999,17.34,6,358.84,21 / 22,-3.9901132372937167,18.458910690377355,-0.1435723499996905,-41.052178684208506,188.7724766700374,-9.31179529662336,False,13.0,-0.6833206866794048,17.547811723857368,-55.992522856849845,214.31710161504293,17.56111111111111,357.77,3.306792550614312,-0.9110989665199867,-14.940344172641339,25.544624945005523
2595220.0,4.4089,-1.4988,9.753,0.0615,-0.0327,9.8064,-0.1146,0.6318,-0.34,138.3,-85.87,56.23,52.751175,-1.674999,17.34,6,358.84,21 / 22,-3.9220858193580086,18.218690191485635,-0.08805734999974098,-41.44778863704073,190.60635671412888,-9.323376781623322,False,13.099999999999909,-0.6095239971173885,17.675604847679743,-56.05309897246346,216.0851009482078,17.686111111105895,358.0250000000165,3.31256182224062,-0.5430853438058918,-14.605310335422729,25.47874423407893
2595320.0,3.1539,-4.2417,9.5977,-0.0925,-0.0168,9.8061,-0.2167,0.2119,-0.0872,139.88,-86.25,58.39,52.751175,-1.674999,17.34,6,358.84,21 / 22,-4.239870564227992,18.273346309203877,-0.10118734999978869,-41.85588645622151,192.43095853916998,-9.332839016623334,False,13.200000000000273,-0.23042669299706897,17.302354585961062,-56.053098972465385,217.79750281925445,17.303888888893574,359.23699999998,4.009443871230923,-0.9709917232428147,-14.197212516243873,25.36654428008447
2595420.0,2.0619,-0.6111,9.6843,-0.144,0.0268,9.8055,-0.038,-0.2668,0.0005,134.41,-85.55,51.38,52.751175,-1.674999,17.34,6,358.84,21 / 22,-4.440305862972593,18.37151322483572,-0.11775234999977358,-42.289895277581145,194.2632015158703,-9.343786001623302,False,13.300000000000182,-0.42393274405912623,17.44596113834715,-56.11367508804865,219.5543826598666,17.451111111107092,358.60800000001717,4.016373118913467,-0.9255520864885689,-13.823779810467506,25.29118114399631
2595520.0,3.0662,0.3372,9.8112,0.0246,0.0322,9.8065,0.0599,-0.267,0.0541,134.41,-85.55,51.38,52.751175,-1.674999,17.34,6,358.84,21 / 22,-4.483020375939152,18.295004576769532,-0.12364234999976817,-42.73606158952633,196.09652740594888,-9.355855736623269,False,13.400000000000091,-0.06692623104728479,17.429871510702714,-56.10021372903565,221.28902351504863,17.430000000000287,359.779999999984,4.416094144891867,-0.865133066066818,-13.364152139509322,25.19249610909975
2595620.0,3.5678,-3.5769,10.2827,0.0125,-0.0198,9.8065,0.0101,0.0374,-0.0219,137.13,-85.52,54.39,52.751175,-1.674999,17.34,6,358.84,21 / 22,-4.681959333387366,18.27693916721996,-0.09961234999978999,-43.19431057499224,197.92512459314668,-9.367018471623236,False,13.5,0.1273454078554629,17.413423252814653,-56.073291010992406,223.03478386407016,17.413888888888888,0.419,4.809304741242829,-0.8635159144053084,-12.87898043600017,25.109659270923487
2595721.0,0.9716,-2.0108,10.4744,-0.0076,-0.0155,9.8066,-0.0964,0.2682,-0.1882,137.18,-85.65,54.06,52.751175,-1.674999,17.34,6,358.84,21 / 22,-4.889421694349067,18.41872212033794,-0.04185044999972546,-43.67766531689347,199.77825548817043,-9.37416234302322,False,13.601000000000113,0.3272908651064862,17.3390747084388,-56.039368386240994,224.77565163538142,17.342163888889235,1.081380000002184,5.216712559455553,-1.0796474118991384,-12.361703069347527,24.997396147210992
2595820.0,1.2208,-0.6514,10.7024,0.0378,0.0022,9.8065,0.12,0.1954,-0.1506,142.01,-85.79,56.38,52.751175,-1.674999,17.34,6,358.84,21 / 22,-4.906836674257943,18.52978360250587,0.03554280000039974,-44.1625801061403,201.60720652145415,-9.374474571698189,False,13.700000000000273,0.3690956640941772,17.359965602976928,-56.01271489537601,226.49294608201606,17.363888888892326,1.218000000033201,5.275932338352121,-1.1698179995289415,-11.85013478923571,24.885739560561916
2595920.0,0.8003,1.7237,10.5429,0.1001,0.0907,9.8057,0.0423,-0.4098,0.2428,142.01,-85.79,56.38,52.751175,-1.674999,17.34,6,358.84,21 / 22,-4.795429643487475,18.502169716039383,0.11714280000032559,-44.647693422027125,203.4588041873797,-9.366840291698159,False,13.800000000000182,0.6892970936011512,17.45834219467588,-55.925216061737885,228.24982592333555,17.471944444441494,2.260999999971542,5.484726737088627,-1.0438275213635038,-11.27752263971076,24.791021735955837
2596020.0,1.6222,1.986,10.6247,-0.0022,0.038,9.8065,0.08,-0.1182,-0.1338,151.05,-85.66,66.83,52.75134,-1.674992,17.62,6,3.89,19 / 22,-4.633721816750161,18.347411819961582,0.194857800000255,-45.11915099503858,205.3012832641781,-9.351240261698145,False,13.900000000000091,0.7246405861994366,17.50111552094899,-55.85790926663545,229.99558627235754,17.516111111110508,2.3709999999984994,5.358362402949598,-0.8462962990125931,-10.738758271596872,24.694303008179446
2596120.0,0.268,-1.316,9.6702,-0.0009,0.0141,9.8066,-0.0942,0.2639,-0.0605,151.81,-85.58,67.29,52.75134,-1.674992,17.62,6,3.89,19 / 22,-4.531034103258576,18.322861785014695,0.22893780000022407,-45.5773887910386,207.13479694442523,-9.33005048169814,False,14.0,0.722856250810306,17.532048887026413,-55.777141112478596,231.7524661130974,17.546944444444442,2.361,5.253890354068882,-0.7908128979882818,-10.199752321439995,24.617669168672165
2596220.0,-0.1447,-6.9813,9.3174,0.0062,-0.0057,9.8066,-0.1355,0.5595,-0.3535,151.81,-85.58,67.29,52.75134,-1.674992,17.62,6,3.89,19 / 22,-4.56362669058214,18.734425727157525,0.1976528000002525,-46.032121830730226,208.98766132003215,-9.308720951698136,False,14.099999999999909,1.0655364429343614,17.431352420630912,-55.66271956077684,233.48710696827882,17.46388888888893,3.4980000000165212,5.629163133516501,-1.3030733065266134,-9.630597730046617,24.499445648246677
2596320.0,-0.6223,-5.5064,10.3423,0.0192,0.0128,9.8066,0.0028,-0.1101,0.2014,148.97,-85.63,67.5,52.75134,-1.674992,17.62,6,3.89,19 / 22,-4.669899572731216,19.35043732857314,0.19997280000026096,-46.49379814389757,210.89190447282562,-9.288839671698039,False,14.200000000000273,1.4339498356471725,17.407984837253313,-55.5146446115304,235.22174782417505,17.466944444441165,4.709000000008467,6.103849408378389,-1.942452491319827,-9.020846467632829,24.32984335134944
2596420.0,-1.4351,0.4361,9.0915,0.0478,0.0052,9.8064,0.1132,-0.2879,-0.0158,156.72,-85.54,72.91,52.75134,-1.674992,17.62,6,3.89,19 / 22,-4.541341622677452,19.65638540534448,0.19099780000026917,-46.954360203667584,212.84224560951972,-9.26929114169803,False,14.300000000000182,1.5058148940610312,17.298472731735608,-55.359838982768544,236.9452691875127,17.363888888891697,4.9749999999927415,6.047156516738483,-2.3579126736088725,-8.40547877910096,24.103023577992985
2596520.0,-0.0735,-4.4215,8.2833,0.041,0.046,9.8064,0.0491,-0.3354,0.1846,163.16,-85.37,76.95,52.75134,-1.674992,17.62,6,3.89,19 / 22,-4.353583982353387,19.90179051406582,0.07907280000037105,-47.39910648391872,214.82015440548844,-9.255787611698011,False,14.400000000000091,1.7681837861789662,17.395365793746194,-55.171379956438706,238.69102953653382,17.484999999998347,5.80399999998869,6.121767768532353,-2.5064247203196253,-7.772273472519984,23.87087513104538
2596620.0,-1.5252,-0.2933,9.7059,-0.0648,-0.0835,9.806,-0.1245,-0.4366,0.333,163.16,-85.37,76.95,52.75134,-1.674992,17.62,6,3.89,19 / 22,-4.170242295444602,20.16521940625905,-0.0021321999995550234,-47.82529779780823,216.82350490150287,-9.251940581697975,False,14.5,1.8142830534207106,17.41966363092055,-54.98965160962206,240.42567039171536,17.51388888888889,5.946000000000001,5.984525348865313,-2.7455557753385023,-7.164353811813825,23.602165490212485
2596721.0,-1.5373,0.6981,10.7982,-0.1185,-0.1389,9.8049,-0.0956,-0.2094,0.0379,149.32,-85.85,64.44,52.75134,-1.674992,17.62,6,3.89,19 / 22,-3.843514719860557,20.2467302093932,0.04285320000049523,-48.22999252708159,218.86430835709558,-9.249884171197925,False,14.601000000000113,1.7810980173606448,17.723018186944014,-54.80536560458964,242.23325511970154,17.812311111106858,5.738880000014054,5.624612737221201,-2.5237120224491854,-6.575373077508047,23.368946762605958
2596821.0,0.6031,-0.9695,11.0617,0.0346,-0.0879,9.8062,0.1931,-0.1323,0.1028,149.32,-85.85,64.44,52.75134,-1.674992,17.62,6,3.89,19 / 22,-3.6437249673905328,20.33834274787336,0.1551832000003931,-48.60435451144381,220.89356200495706,-9.23998235119789,False,14.701000000000022,2.0255807554302163,17.427159205476652,-54.54946516956638,243.9676735850255,17.544519444439867,6.629920000034257,5.669305722820749,-2.9111835423967065,-5.945110658122573,23.074111580068433
2596920.0,2.5233,-2.3976,10.511,0.0678,-0.1155,9.8057,-0.0121,-0.2452,0.2422,148.62,-86.63,64.38,52.75134,-1.674992,17.62,6,3.89,19 / 22,-3.6977884228869167,20.457219174370934,0.25217350000054994,-48.96775942426313,222.91294232011143,-9.21981819454781,False,14.800000000000182,2.362685599920543,17.22566555667075,-54.28293026091542,245.66295143583295,17.386944444448787,7.809999999967476,6.06047402280746,-3.2315536177001825,-5.3151708366522925,22.750009115721525
2597020.0,0.8969,-1.1142,10.1113,-0.0121,0.0619,9.8064,0.0956,-0.1725,0.0484,148.62,-86.63,64.38,52.751495,-1.674965,17.8,6,7.13,20 / 22,-3.7693731778141726,20.576218123680874,0.3026235000005041,-49.34111750429784,224.96461418501215,-9.192078344547783,False,14.900000000000091,2.457940340321714,17.596103096288402,-54.04062579851045,247.43095076970442,17.76694444443926,7.951999999998064,6.227313518135887,-2.980115027392472,-4.699508294212606,22.46633658469227
2597119.0,0.9088,-3.7662,11.3415,0.0382,0.0015,9.8065,-0.1788,0.3207,-0.1697,153.53,-86.29,66.35,52.751495,-1.674965,17.8,6,7.13,20 / 22,-3.7930129587668957,20.79744369148437,0.39367875000065133,-49.71545561805921,227.01261044486614,-9.15761138317267,False,14.999000000000251,2.239433509578559,17.501589740449155,-53.86737810786652,249.1592535145403,17.644294444444153,7.2916699999984225,6.032446468345455,-3.295853951035216,-4.151922489807312,22.146643069674155
2597219.0,-0.9949,1.0554,9.555,-0.0062,0.0303,9.8065,0.0724,-0.0437,-0.0872,153.8,-86.32,69.92,52.751495,-1.674965,17.8,6,7.13,20 / 22,-3.679378778332104,20.963702795300225,0.45783875000059304,-50.08907520491382,229.10066776920348,-9.115035508172646,False,15.09900000000016,2.626612852891126,18.017706230844162,-53.625746713399764,250.98207194746533,18.208180555564688,8.293810000016311,6.30599163122323,-2.9459965644560633,-3.536671508485945,21.881404178261846
2597320.0,-1.7217,5.1185,9.2836,0.0168,0.0418,9.8065,0.0152,-0.6055,0.4271,156.53,-86.14,72.84,52.751495,-1.674965,17.8,6,7.13,20 / 22,-3.2550135278160712,20.774825619158136,0.4187164000005494,-50.43926201637469,231.208463454136,-9.070769473097538,False,15.200000000000273,2.442595580526172,17.808266390346482,-53.42140328341451,252.76830724860645,17.97499999998755,7.810000000027407,5.6976091083422435,-2.9665592288116542,-2.9821412670398217,21.559843794470453
2597420.0,-0.3372,3.0201,9.0611,0.0212,-0.0375,9.8065,-0.0356,-0.0172,0.0796,156.53,-86.14,72.84,52.751495,-1.674965,17.8,6,7.13,20 / 22,-2.826250936173239,20.47732401582779,0.3552864000006071,-50.74332523957388,233.27107093588342,-9.032069333097516,False,15.300000000000182,2.6509555146867507,17.382910668708952,-53.152176102973065,254.4918286112368,17.583888888899562,8.670999999976507,5.47720645085999,-3.094413347118838,-2.408850863399188,21.220757675353383
2597520.0,1.7729,-5.5139,11.2214,0.0225,-0.0468,9.8064,-0.0102,0.4929,-0.3755,158.54,-86.8,72.39,52.751495,-1.674965,17.8,6,7.13,20 / 22,-2.7611847184186296,20.601408744984926,0.3887464000005767,-51.02269702230322,235.3250075739222,-8.99486769309749,False,15.400000000000091,2.5031961991015996,17.60599539022663,-52.90987164054133,256.2598279451086,17.783055555552835,8.0920000000079,5.26438091752023,-2.995413354758295,-1.887174618238113,20.93482037118642
2597620.0,-2.9431,1.2846,11.9422,0.0025,0.0263,9.8065,-0.0244,0.5198,-0.1417,158.91,-87.1,73.08,52.751495,-1.674965,17.8,6,7.13,20 / 22,-2.610666585665314,20.84672270807763,0.5662614000004152,-51.29128958750717,237.39741414657342,-8.947117303097484,False,15.5,2.3066242877569434,17.53000782996364,-52.72814329373733,257.9944688002904,17.68111111111111,7.496,4.917290873422258,-3.316714878113988,-1.4368537062301598,20.59705465371698
2597720.0,0.0383,1.509,10.2294,0.007,0.0477,9.8065,-0.0455,0.2114,-0.1421,158.91,-87.1,73.08,52.751495,-1.674965,17.8,6,7.13,20 / 22,-2.2513318694808078,20.796240353860924,0.694176400000299,-51.534389510264255,239.47956229966846,-8.884095413097505,False,15.599999999999909,2.3054792970909,17.4553504084127,-52.499300190334836,259.7402291493121,17.606944444445443,7.524000000002619,4.556811166571707,-3.3408899454482253,-0.9649106800705809,20.260666849643627
2597820.0,1.6552,-3.4777,10.5653,0.0152,-0.0243,9.8066,0.1074,-0.2438,-0.0124,161.6,-87.04,76.0,52.751495,-1.674965,17.8,6,7.13,20 / 22,-2.185271375254002,20.887518456781866,0.753246400000514,-51.7562196725018,241.56375024020818,-8.811724273097202,False,15.700000000000273,2.3737683355242294,17.51992077291718,-52.27718776644457,261.48598949763476,17.68000000000092,7.716000000005889,4.559039710778231,-3.367597683864684,-0.5209680939427699,19.922239257426583
2597920.0,0.335,1.2857,9.6686,-0.0093,0.055,9.8065,-0.1284,-0.1743,0.0544,165.51,-87.23,80.16,52.751495,-1.674965,17.8,6,7.13,20 / 22,-2.1436962034706935,20.97338477488996,0.7842764000004858,-51.972668051437836,243.65679540178988,-8.734848133097222,False,15.800000000000182,2.434296338881112,17.54077954406515,-52.028152624530875,263.2428693389543,17.7088888888881,7.900999999994952,4.577992542351805,-3.4326052308248123,-0.05548457309303956,19.5860739371644
2598020.0,-0.0688,1.0956,9.7067,-0.0254,0.1132,9.8059,-0.0686,-0.1006,-0.0233,165.51,-87.23,80.16,52.751656,-1.674932,18.0,6,6.46,20 / 21,-1.9512100155437015,20.862224376617263,0.7723764000004967,-52.17741336238837,245.74857585936334,-8.657015493097242,False,15.900000000000091,2.381367116021765,17.546081392076495,-51.785848162113076,264.9997491796943,17.706944444444467,7.729000000002347,4.332577131565467,-3.316142984540768,0.39156520027529496,19.251173320330935
2598120.0,-1.1305,-0.5907,8.9047,-0.0085,0.0444,9.8065,0.1828,-0.1344,-0.0114,162.74,-86.55,80.52,52.751656,-1.674932,18.0,6,6.46,20 / 21,-1.7136576771525251,20.86670990401386,0.7222814000005423,-52.360656747023015,247.835022573393,-8.582282603097259,False,16.0,2.4780199347384357,17.59637227393871,-51.536813020181356,266.7566290204343,17.77,8.016,4.191677611890961,-3.2703376300751508,0.823843726841659,18.921606447041285
2598219.0,0.0962,-2.7666,9.8151,0.0119,-0.0072,9.8066,0.0582,0.0868,-0.0378,166.82,-86.24,81.65,52.751656,-1.674932,18.0,6,6.46,20 / 21,-1.5311478838012709,21.053071214459575,0.6780531500004708,-52.521274622290484,249.91005173876079,-8.512966042872096,False,16.09900000000016,2.3879213865556763,17.539996795135938,-51.336911838701766,268.4849317652699,17.701799999998897,7.752659999995742,3.919069270356947,-3.5130744193236367,1.1843627835887176,18.574880026509106
2598319.0,0.0872,-0.9143,9.1056,0.0015,0.0168,9.8066,0.0492,0.5112,-0.3352,161.49,-86.14,82.11,52.751656,-1.674932,18.0,6,6.46,20 / 21,-1.4108529700015904,21.24021154318751,0.6434231500005024,-52.66837466498049,252.0247158766412,-8.446892227872107,False,16.19900000000007,2.282623702880188,17.612103308717327,-51.13499145334288,270.2417004124863,17.759411111112858,7.384689999989059,3.6934766728817783,-3.628108234470183,1.533383211637613,18.216984535845086
2598420.0,3.1912,5.8244,8.7929,0.008,0.0479,9.8065,-0.1865,0.6022,-0.1704,161.49,-86.14,82.11,52.751656,-1.674932,18.0,6,6.46,20 / 21,-1.3127539806227067,20.97245454322814,0.5568257500004058,-52.80591681598717,254.15645551400758,-8.386279658421994,False,16.300000000000182,2.0262368215334514,17.504225807881863,-50.99835865925691,271.9939100652586,17.621111111114903,6.603000000021227,3.3389908021561583,-3.468228735346276,1.8075581567302592,17.837454551251028
2598520.0,0.0451,1.1615,8.584,-0.0248,-0.0522,9.8065,-0.0399,0.0076,-0.0156,169.02,-85.89,83.97,52.751656,-1.674932,18.0,6,6.46,20 / 21,-1.1875907068777727,20.596414171086337,0.4450057500005075,-52.930934050362076,256.2348989497214,-8.336188083421995,False,16.40000000000009,2.0209692860808297,17.582288064760274,-50.78970759439895,273.750789905998,17.698055555554507,6.557000000000628,3.2085599929586026,-3.0141261063260636,2.141226455963128,17.515890956276564
2598620.0,0.6539,-0.8981,8.4856,-0.0181,-0.0632,9.8064,0.0296,-0.0262,0.1031,163.62,-86.23,81.32,52.751656,-1.674932,18.0,6,6.46,20 / 21,-1.0473004271855824,20.577794231780175,0.3178207500006232,-53.04267860706514,258.29360936986285,-8.298046758421973,False,16.5,1.7852897387763769,17.618668684881733,-50.62144060661024,275.50766974744533,17.70888888888889,5.7860000000000005,2.8325901659619594,-2.9591255468984414,2.421238000454899,17.214060377582484
2598720.0,-0.5154,-1.8134,11.2253,0.0552,0.0068,9.8064,-0.0346,0.0666,-0.0054,163.62,-86.23,81.32,52.751656,-1.674932,18.0,6,6.46,20 / 21,-0.9169371077311299,20.719148047079404,0.3227007500006189,-53.140890483810885,260.35845648380393,-8.26602068342194,False,16.59999999999991,1.9026369157302747,17.46863487298324,-50.47336565735168,277.2423106033344,17.5719444444463,6.215999999986603,2.8195740234614046,-3.250513174096163,2.667524826459207,16.88385411953044
2598820.0,-1.5308,-0.2332,11.5037,0.0791,-0.0219,9.8062,0.1363,-0.2891,0.2123,167.94,-86.27,86.25,52.751656,-1.674932,18.0,6,6.46,20 / 21,-0.6698782593854736,20.847415313696832,0.47848575000118576,-53.220231252167004,262.4367846518503,-8.225961358421705,False,16.700000000000273,1.6153914063481067,17.634220769941866,-50.35221342613456,278.99919044408307,17.70805555555868,5.23399999999548,2.2852696657335803,-3.213194543754966,2.8680178260324425,16.562405792232767
2598920.0,-0.2189,-3.623,9.2546,0.0286,-0.035,9.8065,0.0059,-0.1738,0.2371,176.88,-86.47,93.17,52.751656,-1.674932,18.0,6,6.46,20 / 21,-0.4217229094177922,21.04262866070553,0.5357357500011337,-53.27481131060712,264.5312868505685,-8.175250283421635,False,16.800000000000182,1.5803853523122804,17.735838718237602,-50.19740779737269,280.77830927025224,17.806111111108436,5.092000000003874,2.0021082617300725,-3.3067899424679297,3.0774035132344295,16.24702241968373
2599020.0,1.3501,-2.7038,8.4153,0.0036,0.0017,9.8066,-0.1768,0.8651,-0.4906,177.19,-86.46,93.52,52.75181,-1.674907,17.87,6,3.97,21 / 23,-0.3211763858719411,21.32804110252783,0.43856575000122217,-53.31195627537157,266.64982033872826,-8.126535208421561,False,16.90000000000009,1.8699889455690126,17.661278021238182,-50.042602168612945,282.5240696192748,17.76000000000063,6.043999999987012,2.1911653314409536,-3.6667630812896483,3.2693541067586267,15.874249280546564
2599120.0,-1.6203,6.7418,8.3019,-0.1303,0.0391,9.8057,-0.1893,0.6961,-0.2059,177.19,-86.46,93.52,52.75181,-1.674907,17.87,6,3.97,21 / 23,-0.12433116278009637,21.098793913488016,0.29376075000135393,-53.33423165280415,268.77116208952714,-8.089918883421467,False,17.0,1.3860590668486512,17.421059090397115,-49.92144993739699,284.2587104744564,17.476111111111113,4.549,1.5103902296287477,-3.6777348230909013,3.4127817154071565,15.487548384929255
2599220.0,0.4807,-3.6237,9.2129,-0.0052,-0.0818,9.8062,-0.0329,0.2841,-0.0623,164.61,-86.12,82.38,52.75181,-1.674907,17.87,6,3.97,21 / 23,0.07630266176637718,20.925366510250925,0.18883575000144937,-53.336633077854835,270.87237011071215,-8.065789058421348,False,17.09999999999991,1.3821761509939936,17.784426195148924,-49.75991362911003,286.0489487938878,17.83805555555527,4.444000000006862,1.3058734892276165,-3.140940315102,3.5767194487448037,15.176578683175649
2599320.0,0.5117,-3.5974,10.3849,0.0664,-0.0652,9.8061,0.0615,-0.1187,0.2391,160.67,-87.13,78.61,52.75181,-1.674907,17.87,6,3.97,21 / 23,0.09624888134721331,21.271157447619935,0.18806075000144656,-53.32800550069912,272.98219630861337,-8.046944233421135,False,17.200000000000273,1.5364299699278074,17.750574421239236,-49.625300038879764,287.82806761948683,17.81694444444524,4.946999999967499,1.4401810885805941,-3.5205830263806988,3.702705461819356,14.845871310873463
2599420.0,0.449,3.0467,10.6395,0.0865,-0.0677,9.806,0.0176,-0.3184,0.1853,160.67,-87.13,78.61,52.75181,-1.674907,17.87,6,3.97,21 / 23,0.2161343709952414,21.303475719367114,0.2586157500013825,-53.312386338082014,275.1109279669608,-8.024610408421013,False,17.300000000000182,1.2216025807259339,17.800074963139306,-49.517609166713875,289.5960669532312,17.841944444443765,3.926000000027858,1.0054682097306924,-3.5034007562278084,3.794777171368139,14.485138986270385
2599520.0,0.3419,-2.5795,7.7828,-0.0059,0.0007,9.8066,-0.1471,-0.3312,0.3437,171.45,-87.65,87.07,52.75181,-1.674907,17.87,6,3.97,21 / 23,0.3841622728949769,21.283033479271896,0.1990657500014367,-53.28237150588753,277.2402534268908,-8.001726333420894,False,17.40000000000009,1.0423032284373712,17.716310030427675,-49.423379653554825,291.3640662871042,17.74694444444574,3.367000000007626,0.6581409555423943,-3.566723448844222,3.858991852332707,14.123812860213434
2599620.0,0.5409,-3.7527,8.1232,-0.0718,-0.0119,9.8063,-0.1763,-0.0727,0.0646,162.51,-87.58,80.47,52.75181,-1.674907,17.87,6,3.97,21 / 23,0.4410760739480334,21.581797930079812,0.013700750001605366,-53.24110958854542,279.3834949973564,-7.991088008420752,False,17.5,0.7644565803035244,17.664577443581475,-49.349342178925085,293.13206562097713,17.68111111111111,2.478,0.323380506355491,-3.917220486498337,3.8917674096203356,13.748570623620708
2599720.0,-1.9139,0.3002,8.5083,-0.107,-0.0203,9.806,0.0622,0.2542,-0.2208,149.15,-87.42,66.27,52.75181,-1.674907,17.87,6,3.97,21 / 23,0.6194048419264043,21.825430249794827,-0.13538924999825894,-53.18808554275174,281.5538564063482,-7.9971724334205785,False,17.59999999999991,0.832402709455497,17.69042695158489,-49.275304704282526,294.9000649548503,17.71000000000198,2.693999999994925,0.21299786752909267,-4.135003298209938,3.9127808384692173,13.34620854850209
2599820.0,-1.5354,3.1267,9.7104,-0.0496,-0.0514,9.8064,-0.0462,0.2483,-0.1467,149.15,-87.42,66.27,52.75181,-1.674907,17.87,6,3.97,21 / 23,1.0217071432398404,21.82336948100846,-0.20511924999851255,-53.106029943493134,283.7362963928963,-8.014197858420479,False,17.700000000000273,0.7234034074236234,17.840339472952532,-49.22145926820836,296.67918378045005,17.855000000001688,2.3219999999971668,-0.29830373581621694,-3.983030008055927,3.8845706752847704,12.942887387553753
2599920.0,-1.3671,2.6286,10.011,-0.0498,-0.0119,9.8064,-0.0625,-0.1376,0.1841,137.42,-87.5,57.0,52.75181,-1.674907,17.87,6,3.97,21 / 23,1.465926281215317,21.75091827670771,-0.19971424999851745,-52.98164827227049,285.9150107807801,-8.034439533420311,False,17.800000000000182,0.6977576002602485,17.894456910230364,-49.154152473084615,298.4694220997514,17.908055555554107,2.2330000000024284,-0.7681686809550686,-3.8564613664773475,3.8274957991858756,12.55441131897129
2600020.0,-0.2081,-2.3012,9.2843,-0.0336,-0.0198,9.8065,-0.0449,-0.3483,0.3004,132.83,-87.44,52.01,52.75197,-1.674897,17.81,6,0.34,20 / 23,1.6754570643320235,21.881402495150954,-0.21561424999850295,-52.82457910499327,288.09662681937107,-8.055205958420144,False,17.90000000000009,0.5140088452119511,17.811473721779866,-49.10030703698402,300.2485409260503,17.818888888890104,1.6530000000079128,-1.1614482191200723,-4.069928773371089,3.724272068009249,12.151914106679214
2600120.0,-0.1449,-4.0965,10.2433,-0.0127,-0.0184,9.8065,0.0685,-0.0701,0.0741,132.83,-87.44,52.01,52.75197,-1.674897,17.81,6,0.34,20 / 23,1.5966261016201546,22.212885731503274,-0.21989924999849902,-52.66097494669581,290.3013412307018,-8.076981633419974,False,18.0,0.45148875743947636,17.714247314009864,-49.05992295992539,302.0054207674979,17.72,1.46,-1.1451373441806783,-4.49863841749341,3.601051986770422,11.704079536796144
2600220.0,-1.1549,-3.3287,11.4129,0.0566,0.0163,9.8064,0.0249,0.3021,-0.2238,133.15,-87.46,49.1,52.75197,-1.674897,17.81,6,0.34,20 / 23,1.5134518475198213,22.61407069722779,-0.11775424999859187,-52.50547104923895,292.54268905213627,-8.093864308419814,False,18.09999999999991,0.36815263254050545,17.84314685368672,-49.01953888284035,303.79565908480737,17.846944444444183,1.1819999999917872,-1.1452992149793157,-4.77092384354107,3.485932166398598,11.2529700326711
2600320.0,0.5676,2.8796,9.8828,0.0507,-0.0274,9.8065,0.1028,-0.4972,0.4516,139.6,-87.61,56.22,52.75197,-1.674897,17.81,6,0.34,20 / 23,1.6527256850289382,22.733831004339585,-0.03363424999828578,-52.347162172610936,294.8100841372229,-8.101433733419686,False,18.200000000000273,0.18046871358860808,17.82714211350934,-48.99261616479745,305.5747779125284,17.82805555555183,0.5799999999977717,-1.4722569714403302,-4.906688890830246,3.3545460078134894,10.764693775305545
2600420.0,-1.9182,2.6679,9.2939,-0.0054,-0.12,9.8058,-0.0427,-0.5633,0.3447,125.35,-88.07,41.9,52.75197,-1.674897,17.81,6,0.34,20 / 23,2.030752662450983,22.708014836392007,-0.05546424999826585,-52.16298825523711,297.0821764292574,-8.10588865841951,False,18.300000000000182,0.15764769178604873,17.710409481305366,-48.98588548529712,307.3427772462727,17.7111111111143,0.5100000000019099,-1.8731049706649343,-4.997605355086641,3.1771027699399923,10.260600817015302
2600519.0,-1.1125,2.8727,7.3034,-0.088,-0.004,9.8062,-0.1819,0.1408,0.0538,125.35,-88.07,41.9,52.75197,-1.674897,17.81,6,0.34,20 / 23,2.469335240783536,22.789436745040522,-0.20475624999782138,-51.940233904027664,299.3343002825316,-8.118769573169278,False,18.398999999999887,0.12300900048837314,17.658157333044226,-48.9725587398592,309.09309658610306,17.65858611111195,0.39912000000177233,-2.346326240295163,-5.131279411996296,2.9676751641684618,9.758796303571444
2600619.0,-1.7002,-1.0738,7.9509,-0.0612,0.0432,9.8063,0.0872,0.2058,-0.2378,118.72,-87.64,34.19,52.75197,-1.674897,17.81,6,0.34,20 / 23,2.7345226059588885,22.978055118621796,-0.4227062499986142,-51.680041011689596,301.6226748757231,-8.150142698169214,False,18.49900000000025,-0.10859675255424887,17.558704357192617,-48.992414244412416,310.8390793242743,17.559055555555318,356.04560000084956,-2.8431193585131376,-5.419350761429179,2.6876267672771803,9.216404448551202
2600720.0,-0.4846,-5.3125,10.6816,-0.008,0.09,9.8062,-0.0674,-0.396,0.2709,121.37,-86.75,38.61,52.75197,-1.674897,17.81,6,0.34,20 / 23,2.630880473830579,23.37161272142703,-0.4722366499984465,-51.40908815616115,303.9633331016376,-8.195337314618913,False,18.59999999999991,-0.19363983420078698,17.75088829251122,-49.01953888284118,312.6356557540515,17.7519444444433,359.37499999999625,-2.824520308031366,-5.6207244289158105,2.3895492733199646,8.672322652413925
2600820.0,-0.3458,-3.146,11.357,0.0096,0.1074,9.806,0.1022,-0.3493,0.1891,121.37,-86.75,38.61,52.75197,-1.674897,17.81,6,0.34,20 / 23,2.412208632689375,23.754844500574105,-0.35097164999800534,-51.15693370083423,306.31965596274625,-8.236497729618884,False,18.700000000000273,-0.2775177548924511,17.665875891389174,-49.05319228041191,314.4036550886399,17.668055555556926,359.100000000005,-2.689726387581826,-6.088968609184931,2.103741420422317,8.083999125893627
2600920.0,3.0601,4.3926,9.658,0.0986,0.0935,9.8056,0.0763,0.2328,-0.1027,133.14,-86.43,47.72,52.75197,-1.674897,17.81,6,0.34,20 / 23,2.4751051444578875,23.703624802843947,-0.2808866499980691,-50.912568011977086,308.692579427915,-8.26809064461866,False,18.800000000000182,-0.22966764479833102,17.709621948619187,-49.073384318939674,316.17165442167686,17.711111111109933,359.2569999999957,-2.704772789256219,-5.99400285422476,1.8391836930374126,7.479074993761856
2601020.0,2.1454,-1.5186,8.9406,-0.0225,-0.0263,9.8066,-0.0933,0.4693,-0.1303,146.55,-86.49,62.7,52.75212,-1.6749,17.54,6,357.15,20 / 22,2.5533606402139286,23.52821793617156,-0.33162164999802296,-50.66114472274372,311.0541715648636,-8.298716059618437,False,18.90000000000009,-0.2592826429227771,17.684210436026227,-49.09357635748227,317.9285342624172,17.68611111111145,359.16000000000133,-2.8126432831367056,-5.844007500145334,1.567568365261451,6.874362697553579
2601120.0,-0.8298,-2.7574,9.6793,-0.0421,-0.0721,9.8063,-0.032,-0.2231,0.0324,139.82,-86.67,55.14,52.75212,-1.6749,17.54,6,357.15,20 / 22,2.5240678880214653,23.738006659285464,-0.38129164999797777,-50.407273296332185,313.41748279463434,-8.334361724618205,False,19.0,-0.40642491947441545,17.61142213064699,-49.133960434553835,319.6854141031572,17.61611111111111,358.67800000000005,-2.930492807495881,-6.126584528638475,1.2733128617783507,6.267931308522861
2601220.0,2.0455,-3.8933,9.3374,-0.0023,0.0039,9.8066,0.1042,-0.5446,0.4186,139.82,-86.67,55.14,52.75212,-1.6749,17.54,6,357.15,20 / 22,2.4180753876425922,24.035678847657426,-0.4111216499979506,-50.16016613254921,315.8061670699793,-8.373982389617966,False,19.09999999999991,-0.5625689816988375,17.59795467690978,-49.19453655015507,321.44229394460456,17.606944444444093,358.16899999999384,-2.9806443693414297,-6.4377241707476465,0.9656295823941363,5.6361268746252335
2601320.0,1.2443,5.5832,9.3375,-0.0185,0.0604,9.8064,-0.0525,-0.6605,0.4476,139.63,-86.65,55.22,52.75212,-1.6749,17.54,6,357.15,20 / 22,2.5026159767660108,23.94851950615819,-0.4580416499981212,-49.91413156432788,318.20537698767885,-8.417440554617928,False,19.200000000000273,-0.7009624633305609,17.56713179566674,-49.2685740247853,323.1991737860599,17.581111111113657,357.7149999999909,-3.203578440096572,-6.381387710491449,0.6455575395425797,4.993796798381027
2601420.0,0.1011,8.2862,8.359,-0.0366,0.053,9.8063,-0.1018,0.6875,-0.408,137.51,-86.27,55.8,52.75212,-1.6749,17.54,6,357.15,20 / 22,3.0652837010085565,23.472784212320565,-0.5538816499980339,-49.635736580439406,320.57644217360064,-8.46803671961769,False,19.300000000000182,-0.7922307819954888,17.64333347377966,-49.356072858423424,324.9560536259647,17.66111111110893,357.4290000000078,-3.8575144830040453,-5.829450738540906,0.27966372201598233,4.379611452364088
2601520.0,0.8751,-1.3752,11.2982,0.037,-0.1078,9.8059,-0.2232,0.7208,-0.3388,137.51,-86.27,55.8,52.75212,-1.6749,17.54,6,357.15,20 / 22,3.4142299341735707,23.274014353261013,-0.5516866499980358,-49.311760898680596,322.9137821018776,-8.523315134617443,False,19.40000000000009,-0.8808505024945632,17.60102808095228,-49.44357169206791,326.71293346741203,17.623055555556075,357.135000000004,-4.295080436668134,-5.672986272308734,-0.1318107933873165,3.799151365534442
2601619.0,2.0657,0.9979,9.4237,0.0071,0.0088,9.8065,-0.1175,0.4436,-0.084,132.19,-86.87,50.92,52.75212,-1.6749,17.54,6,357.15,20 / 22,3.4498438668635085,23.28089770420823,-0.49681094999794706,-48.97198924552871,325.21825024872606,-8.575215765817328,False,19.49900000000025,-1.0104599650637978,17.574225554314598,-49.543522282814145,328.441236212948,17.60325555555551,356.70929999999896,-4.460303831927306,-5.706672149893631,-0.5715330372854339,3.222985964221948
2601719.0,-0.0424,4.7535,9.1895,-0.0057,0.023,9.8065,0.0515,-0.0452,-0.0165,133.31,-86.87,52.13,52.75212,-1.6749,17.54,6,357.15,20 / 22,3.7354633370363133,23.11064214551189,-0.5468159499979015,-48.61272388533405,327.53782724121,-8.627397110817073,False,19.59900000000016,-1.0751064388135756,17.57818259418445,-49.65780922092519,330.19800485807065,17.611030555555683,356.50006999999675,-4.810569775849888,-5.532459551327438,-1.0450853355911391,2.660177616860665
2601820.0,-0.1741,1.2189,10.126,-0.0232,0.0883,9.8062,-0.006,-0.4978,0.2652,138.09,-86.4,56.63,52.75212,-1.6749,17.54,6,357.15,20 / 22,4.109267272213995,23.00220530205308,-0.5618548499979182,-48.216564989566464,329.8665260373146,-8.683384986216925,False,19.700000000000273,-1.2033795663572524,17.574960833477242,-49.773374988157116,331.97245349721425,17.61611111111034,356.08300000000276,-5.312646838571248,-5.427244468575839,-1.5568099985906514,2.1059274598996467
2601920.0,1.0496,-3.9807,10.0307,0.0414,0.0051,9.8065,0.1312,0.0393,0.0057,138.09,-86.4,56.63,52.75212,-1.6749,17.54,6,357.15,20 / 22,4.136877193071225,23.163198985541314,-0.534684849997943,-47.80425776630258,332.1747962516922,-8.738211971216668,False,19.800000000000182,-1.1756901858809534,17.552614105120245,-49.88779653983671,333.7182138454016,17.591944444445105,356.1679999999977,-5.312567378952179,-5.610584880421069,-2.08353877353413,1.5434175937093642
2602020.0,1.8081,0.271,10.1293,0.0266,-0.006,9.8066,0.0164,0.3567,-0.3154,144.03,-86.54,59.95,52.752285,-1.674915,17.75,6,354.74,20 / 22,4.056208368274917,23.291544381098785,-0.5073498499979677,-47.394603488235646,334.4975334200221,-8.790313706216416,False,19.90000000000009,-1.368759228553683,17.524683600238063,-50.029140809607455,335.46397419442326,17.578055555555746,355.53400000000863,-5.4249675968285995,-5.766860780860721,-2.634537321371809,0.9664407744011783
2602120.0,1.7976,3.8866,9.0887,0.0177,0.0509,9.8064,-0.011,0.4445,-0.1556,149.59,-86.4,66.42,52.752285,-1.674915,17.75,6,354.74,20 / 22,4.175583951443856,23.07766024012997,-0.5271148499979497,-46.98301387225008,336.8159936510814,-8.842036941216165,False,20.0,-1.256054058263065,17.458764401792262,-50.15029304080984,337.1986150496048,17.503888888888888,355.885,-5.431638009706921,-5.618895838337707,-3.1672791685597588,0.38262139852344035
2602220.0,0.3686,2.0577,7.5436,0.0456,0.0677,9.8062,0.1996,0.0301,0.0124,149.59,-86.4,66.42,52.752285,-1.674915,17.75,6,354.74,20 / 22,4.399424507882271,22.82183273048718,-0.6761648499978141,-46.554263449284164,339.11096829961014,-8.902200926215897,False,20.09999999999991,-1.351109739701641,17.44776497065582,-50.28490663102717,338.9332559054935,17.499999999998895,355.5719999999938,-5.7505342475839125,-5.374067759831359,-3.7306431817430052,-0.177712394116611
2602320.0,0.6361,-0.6662,7.9482,0.0249,-0.0364,9.8065,-0.1402,-0.0048,0.0082,155.47,-86.17,72.88,52.752285,-1.674915,17.75,6,354.74,20 / 22,4.562044335893824,22.787505587741922,-0.8822398499985638,-46.10619000709373,341.3914352155299,-8.980121161216,False,20.200000000000273,-1.4809009386323164,17.35582387942014,-50.43298158028699,340.6678967613901,17.418888888889914,355.12299999999493,-6.04294527452614,-5.431681708321783,-4.326791573193262,-0.7235384541397707
2602420.0,0.2916,-0.7906,8.4615,-0.039,-0.0224,9.8065,-0.0884,-0.1495,0.1377,153.46,-86.38,70.35,52.752285,-1.674915,17.75,6,354.74,20 / 22,4.659450180198092,22.874395686379387,-1.042419849998418,-45.645115281289556,343.67453027923386,-9.076354146215762,False,20.300000000000182,-1.5324941878673528,17.3836917993983,-50.58778720904885,342.40253761573797,17.451111111110233,354.96200000000437,-6.191944368065444,-5.490703886981088,-4.942671927759292,-1.2719926634958938
2602520.0,0.3616,-0.5266,8.4436,-0.0181,-0.0188,9.8065,0.0233,0.0241,-0.0251,142.38,-86.31,61.99,52.752285,-1.674915,17.75,6,354.74,20 / 22,4.76270042517893,22.9729441076317,-1.1778298499982949,-45.174007751021136,345.9668972689323,-9.187366631215497,False,20.40000000000009,-1.6385893637906455,17.321557651227504,-50.749323517309236,344.1371784730414,17.398888888889605,354.596000000005,-6.401289788969575,-5.651386456404197,-5.575315766288099,-1.8297187958909262
2602619.0,1.4933,-0.7173,9.1738,0.0027,-0.0334,9.8066,0.0284,-0.1672,0.0861,142.38,-86.31,61.99,52.752285,-1.674915,17.75,6,354.74,20 / 22,4.809344876449826,23.040729661091877,-1.2766268999984545,-44.70019150858975,348.2445741204878,-9.308862240340533,False,20.49900000000025,-1.7587834014099162,17.36559770137834,-50.929234580657806,345.85447291967523,17.45443888888902,354.2168299999991,-6.568128277859742,-5.675131959713536,-6.229043072068059,-2.3901012008125804
2602719.0,1.3972,1.3822,9.5,0.0164,0.0362,9.8065,0.185,-0.2374,0.0866,141.88,-86.45,61.5,52.752285,-1.674915,17.75,6,354.74,20 / 22,4.874221888302448,23.002575777037116,-1.3236018999984116,-44.216013170352575,350.54673939239217,-9.438873680340258,False,20.59900000000016,-1.7715797711766321,17.32809949793035,-51.110962927487606,347.57810547805553,17.418424999999406,354.16250999999914,-6.64580165947908,-5.674476279106766,-6.894949757135031,-2.9686339143366354
2602820.0,2.1091,-0.1756,8.7858,0.0157,-0.0191,9.8065,0.0033,-0.2217,0.1322,147.91,-86.14,67.4,52.752285,-1.674915,17.75,6,354.74,20 / 22,4.92996090591855,22.924417315756624,-1.3906406499984865,-43.72090193924386,352.86605254358085,-9.575942929115254,False,20.700000000000273,-1.9225654880234468,17.39211574735968,-51.301239237273776,349.3299815468752,17.498055555555176,353.6920000000016,-6.852526393941997,-5.532301568396946,-7.580337298029917,-3.5360709967056323
2602920.0,1.5225,-5.3988,9.117,0.0114,-0.0304,9.8066,-0.1029,0.3979,-0.094,147.91,-86.14,67.4,52.752285,-1.674915,17.75,6,354.74,20 / 22,4.793164123453073,23.12427801187741,-1.4761656499984086,-43.23474568777572,355.1684873099605,-9.719283244114967,False,20.800000000000182,-1.9054785171291964,17.381980134924042,-51.489698263604204,351.0646224026377,17.486111111111438,353.7439999999986,-6.698642640582269,-5.742297876953369,-8.254952575828483,-4.103864907322759
2603020.0,0.2497,-0.7392,8.9052,-0.0013,-0.0439,9.8065,0.1153,0.3649,-0.2665,146.76,-86.32,66.81,52.752438,-1.674941,17.7,6,353.21,21 / 23,4.719052365174391,23.39844308090773,-1.555720649998336,-42.759134863344784,357.4946233645976,-9.870877559114666,False,20.90000000000009,-1.9322999023774676,17.499753299518385,-51.67815728993496,352.8103827502445,17.606111111109474,353.69900000000064,-6.651352267551858,-5.8986897813893435,-8.919022426590175,-4.684240614353087
2603120.0,-1.7743,4.6395,8.4695,0.0492,0.0532,9.8063,-0.0612,0.6782,-0.3901,144.36,-86.53,64.38,52.752438,-1.674941,17.7,6,353.21,21 / 23,5.058086562556212,23.3525751856482,-1.6676506499982342,-42.2702779169587,359.8321742779233,-10.032046124114348,False,21.0,-1.8789786483240019,17.435155064993747,-51.86661631626572,354.5450236061334,17.53611111111111,353.849,-6.937065210880213,-5.917420120654452,-9.596338399307022,-5.287150671789902
2603220.0,1.6003,1.7952,8.7835,0.0262,0.0671,9.8064,-0.0829,0.1551,-0.0492,146.3,-86.28,69.83,52.752438,-1.674941,17.7,6,353.21,21 / 23,5.410799028931478,23.164222941092547,-1.7856656499981267,-41.74683363738479,362.1580141842582,-10.20471193911401,False,21.09999999999991,-1.9979734004510286,17.56870119352969,-52.061806022097485,356.3019034468732,17.681944444445058,353.51199999999864,-7.408772429382506,-5.595521747562856,-10.314972384712696,-5.856110737384995
2603320.0,3.0828,-1.3767,8.7401,-0.1067,0.1122,9.8053,0.0128,-0.6331,0.2519,146.3,-86.28,69.83,52.752438,-1.674941,17.7,6,353.21,21 / 23,5.390957313953641,23.081699442307713,-1.8901506499985068,-41.20674582023857,364.47031030343663,-10.38850275411451,False,21.200000000000273,-2.032566912034934,17.61003211480217,-52.2704570869446,358.0476637959029,17.726944444440026,353.41600000000517,-7.423524225988575,-5.471667327505543,-11.063711266706036,-6.422646507533727
2603420.0,4.7396,-2.0952,9.8834,-0.0381,0.0566,9.8063,0.0134,-0.3911,0.2312,144.8,-85.39,67.9,52.752438,-1.674941,17.7,6,353.21,21 / 23,5.132971340927607,23.069376147786734,-1.9396406499984618,-40.680549387494985,366.77786408293923,-10.579992319114185,False,21.300000000000182,-1.966927825354194,17.477725628790758,-52.46564679276198,359.7934241440902,17.588055555559347,353.5789999999956,-7.099899166281801,-5.591650518995976,-11.785097405266995,-6.98443993884905
2603520.0,-2.6572,6.1668,10.2017,0.0123,-0.0318,9.8065,-0.0401,0.2719,-0.0492,143.65,-84.98,65.79,52.752438,-1.674941,17.7,6,353.21,21 / 23,5.329595114678057,22.919458431293673,-1.916050649998483,-40.15742106471518,369.07730581189116,-10.772776884113856,False,21.40000000000009,-2.0485019185688498,17.783515369628482,-52.66756717814773,361.5614234779626,17.90111111110684,353.4290000000021,-7.378097033246906,-5.135943061665191,-12.510146113432548,-7.515882333928573
2603620.0,-3.7545,6.873,9.4076,0.0163,-0.066,9.8064,-0.1222,1.0359,-0.5651,143.65,-84.98,65.79,52.752438,-1.674941,17.7,6,353.21,21 / 23,6.134426446587736,22.656642312252075,-1.9162506499984828,-39.584219986652414,371.3561108490664,-10.96439194911353,False,21.5,-2.0810221409380825,17.752330857137355,-52.876218242994234,363.340542304261,17.87388888888889,353.314,-8.215448587525819,-4.904311455114719,-13.29199825634182,-8.015568544805376
2603720.0,0.9277,-3.1418,10.6849,-0.0389,0.0492,9.8064,-0.0771,-0.0825,0.0452,141.41,-85.35,63.91,52.752438,-1.674941,17.7,6,353.21,21 / 23,6.513779096300425,22.660375072346124,-1.8922906499985046,-38.95180970950858,373.62196171829424,-11.154819014113206,False,21.59999999999991,-2.0964788382253556,17.689254498317347,-53.0848693078544,365.0974221450012,17.813055555557202,353.24099999999527,-8.61025793452578,-4.971120574028777,-14.133059598345817,-8.524539573293055
2603820.0,4.6622,-5.782,11.6097,0.0084,0.06,9.8064,0.1868,-0.7201,0.3119,144.27,-84.51,66.04,52.752438,-1.674941,17.7,6,353.21,21 / 23,6.180577169864908,22.92730759743468,-1.7582256499980167,-38.31709189619801,375.9013458517916,-11.337344829113697,False,21.700000000000273,-2.2182081682478683,17.796177207519722,-53.30698173173085,366.8654214774683,17.93388888889207,352.89499999998765,-8.398785338112777,-5.131130389914958,-14.989889835532843,-9.035924374323258
2603920.0,3.4278,1.0527,10.1468,0.0276,-0.0321,9.8065,0.2366,-0.9663,0.4014,147.44,-84.25,70.36,52.752438,-1.674941,17.7,6,353.21,21 / 23,5.869177686038115,22.95530903672939,-1.651065649998114,-37.71460415340341,378.1954766834977,-11.507809394113348,False,21.800000000000182,-2.351710424007586,17.879893918541725,-53.5425555146305,368.65565979747697,18.03388888888616,352.5070000000105,-8.220888110045701,-5.075415118187664,-15.827951361227093,-9.53981688602073
2604020.0,-0.7564,9.5797,9.1773,0.0361,-0.0492,9.8064,-0.0268,-0.9129,0.6876,147.44,-84.25,70.36,52.752598,-1.674974,18.24,6,352.61,21 / 23,6.207321061537195,22.496901508424717,-1.6655256499981008,-37.11077921602519,380.46808721075337,-11.673638959113008,False,21.90000000000009,-2.3092306953649238,17.875346829491214,-53.77139861803328,370.43477862377586,18.023888888889026,352.6389999999982,-8.51655175690212,-4.621554678933503,-16.660619402008088,-10.033308586977512
2604121.0,3.7123,-1.0282,9.8224,-0.0635,0.0281,9.8064,0.0639,-0.3506,0.1588,146.58,-84.48,69.63,52.752598,-1.674974,18.24,6,352.61,21 / 23,6.480584197013878,22.113206349150502,-1.6965124499981352,-36.47004000046765,382.72089765756346,-11.843421883163007,False,22.001000000000204,-2.34788562291793,17.951005829673417,-54.00253015244346,372.24280813147396,18.1039,352.5483500000003,-8.828469819931808,-4.162200519477086,-17.532490151975814,-10.47808952608949
2604220.0,1.5572,-4.2558,10.0166,0.0052,-0.0224,9.8066,-0.0545,0.5637,-0.2429,139.91,-83.92,64.68,52.752598,-1.674974,18.24,6,352.61,21 / 23,6.262346708268479,22.238562876437502,-1.6853402999981684,-35.839264920658046,384.91631023422354,-12.010823594287325,False,22.09999999999991,-2.306146375386839,17.957525272021805,-54.2290848247985,374.0041357695062,18.105000000000327,352.681999999996,-8.56849308365532,-4.2810376044156975,-18.389819904140452,-10.912174464717339
2604319.0,2.8031,-3.0737,10.9743,0.0408,-0.0625,9.8063,-0.1724,0.7175,-0.3139,139.91,-83.92,64.68,52.752598,-1.674974,18.24,6,352.61,21 / 23,6.017155311128691,22.458886381758116,-1.617149099998058,-35.2314295706969,387.1288339725078,-12.174296819587402,False,22.19900000000007,-2.400782601756125,17.968976253032814,-54.46896624260579,375.78748000254916,18.128650000000707,352.3899499999912,-8.417937912884815,-4.4899101287253025,-19.237536671908885,-11.341353969958618
2604420.0,1.2283,3.2179,11.6573,0.0435,-0.0386,9.8065,0.0505,-0.4966,0.234,142.37,-84.81,64.84,52.752598,-1.674974,18.24,6,352.61,21 / 23,6.017387745126186,22.39991221196953,-1.4647249499978878,-34.623685146355356,389.3942033014936,-12.329931459112371,False,22.300000000000182,-2.5557901403563426,18.208450311909697,-54.73388578817236,377.617970885523,18.3869444444374,352.0100000000103,-8.57317788548253,-4.191461900059831,-20.110200641817002,-11.776232415970583
2604519.0,0.7564,7.1916,12.0579,0.0107,0.0041,9.8066,-0.0529,-0.7367,0.5852,144.26,-85.18,66.99,52.752598,-1.674974,18.24,6,352.61,21 / 23,6.402170561175282,21.99830731844311,-1.261680899998492,-34.00891701019526,391.59191516824245,-12.46488854868679,False,22.398999999999887,-2.741062722503091,18.154495318772145,-55.0004206968413,379.40131511855805,18.36026944444487,351.41402000000954,-9.143233283678374,-3.843811999670965,-20.99150368664604,-12.190600049684406
2604620.0,2.935,3.8421,11.5952,-0.0193,0.0469,9.8065,0.1542,0.2794,-0.2751,148.11,-84.89,67.76,52.752598,-1.674974,18.24,6,352.61,21 / 23,6.724719003951691,21.50391870408487,-1.0576709999982643,-33.34600908715561,393.7887775823826,-12.582015819636757,False,22.5,-2.753325126492071,18.102927687843316,-55.279070828621755,381.2206865085305,18.31111111111111,351.352,-9.478044130443761,-3.400991016241555,-21.933061741466148,-12.568091073852088
2604720.0,3.7834,-9.8283,10.4981,-0.0511,0.0939,9.806,-0.1099,1.1431,-0.7278,148.11,-84.89,67.76,52.752598,-1.674974,18.24,6,352.61,21 / 23,6.446698681633429,21.640201616024612,-0.933670999998377,-32.68743820287695,395.9459835983861,-12.681582919636499,False,22.59999999999991,-2.7031350225112427,18.257083512865435,-55.548298009082714,383.044283305239,18.456111111110864,351.5780000000016,-9.149833704144672,-3.383118103159177,-22.860859806205767,-12.901700293147087
2604820.0,4.5098,-5.1357,9.2013,0.0024,-0.0548,9.8064,0.1326,-0.5022,0.2176,146.93,-84.17,68.79,52.752598,-1.674974,18.24,6,352.61,21 / 23,5.862080178396392,22.110961846521704,-0.9293659999983612,-32.071999259873216,398.1335417715214,-12.774734769636675,False,22.700000000000273,-2.663239814337942,18.24469913046585,-55.81079451004434,384.8678801026635,18.438055555559437,351.6950000000021,-8.525319992734333,-3.8662627160558536,-23.738795250171123,-13.265661668857888
2604920.0,2.5223,0.1475,10.0453,-0.0016,-0.1026,9.8061,-0.0455,-0.6412,0.512,144.17,-84.66,65.19,52.752598,-1.674974,18.24,6,352.61,21 / 23,5.59751390704371,22.190220428034976,-0.9477009999983446,-31.49901955560173,400.3486008852472,-12.868588119636424,False,22.800000000000182,-2.6596966257385617,18.368440702980518,-56.08002169049917,386.7025963930788,18.55999999999667,351.7609999999982,-8.25721053278227,-3.8217797250544585,-24.581002134897442,-13.646004492168402
2605020.0,2.5181,5.2252,10.6193,-0.0179,-0.1005,9.806,0.0721,-0.336,0.1066,144.17,-84.66,65.19,52.75275,-1.675011,18.44,6,351.26,21 / 23,5.711273908034036,21.895725915282362,-0.8951359999983923,-30.933580164848358,402.5528982024111,-12.960729969636176,False,22.90000000000009,-2.7253161448741072,18.41133150843655,-56.35597955046085,388.537312682213,18.611944444443736,351.5800000000024,-8.436590052908143,-3.484394406845812,-25.422399385612493,-14.015585520198101
2605120.0,2.4257,2.3808,9.4379,-0.074,0.059,9.8062,0.1166,0.3311,-0.2915,138.61,-85.06,60.21,52.75275,-1.675011,18.44,6,351.26,21 / 23,5.906871454423762,21.519162708708325,-0.8729409999984123,-30.352672896725995,404.7236426336086,-13.049133819635935,False,23.0,-2.7441812515783313,18.452059350069465,-56.63193741044948,390.3720289706398,18.655,351.541,-8.651052706002094,-3.0671033586388603,-26.279264513723486,-14.351613662968816
2605220.0,3.2555,-8.5458,9.3513,-0.1306,0.1791,9.8041,-0.1101,0.766,-0.6021,138.11,-83.77,61.31,52.75275,-1.675011,18.44,6,351.26,21 / 23,5.64094529592078,21.645813572700256,-0.9141459999983748,-29.775282059209292,406.8818914476771,-13.138488169635693,False,23.09999999999991,-2.7514348751989375,18.543092727959127,-56.907895270424724,392.2289842467473,18.746111111111862,351.56000000000114,-8.392380171119717,-3.1027208447411283,-27.132613211215432,-14.652907200929803
2605320.0,1.3442,0.6555,9.4471,-0.0433,0.1048,9.806,-0.0105,0.0755,0.0073,140.44,-83.14,63.15,52.75275,-1.675011,18.44,6,351.26,21 / 23,5.357696608409902,21.871421154366733,-0.9548909999985229,-29.22534996399076,409.05775318403835,-13.231940019635879,False,23.200000000000273,-2.7328884284952064,18.60142736055057,-57.183853130401225,394.0859395214485,18.80111111111368,351.6420000000045,-8.090585036905107,-3.2699937938161625,-27.958503166410466,-14.971813662589852
2605420.0,-0.5272,4.3344,10.1408,0.0174,-0.0463,9.8064,0.0067,-0.4636,0.2058,140.44,-83.14,63.15,52.75275,-1.675011,18.44,6,351.26,21 / 23,5.640987131659712,21.734198442348756,-0.9561609999985217,-28.675415776987776,411.23803416387216,-13.327492619635644,False,23.300000000000182,-2.6986565919718846,18.688099919510535,-57.45981099035639,395.9428947967135,18.881944444442237,351.78299999999615,-8.339643723631596,-3.0460985228382214,-28.78439521336861,-15.29513936715864
2605520.0,-1.1184,1.7477,11.9028,0.0307,0.0114,9.8065,0.1803,-0.6059,0.4276,141.96,-83.41,62.33,52.75275,-1.675011,18.44,6,351.26,21 / 23,6.054157750469408,21.62860302274715,-0.8346459999986322,-28.090658532881854,413.40617423712496,-13.41703296963542,False,23.40000000000009,-2.6178943894134163,18.943857980895,-57.71557681181634,397.83320854868225,19.12388888888559,352.1319999999952,-8.672052139882824,-2.6847450418521497,-29.624918278934487,-15.572965688442707
2605620.0,1.3706,-5.8432,10.2479,0.0809,0.0294,9.8062,0.1823,0.434,-0.3509,145.82,-83.55,66.59,52.75275,-1.675011,18.44,6,351.26,21 / 23,6.091613524319992,21.86901205543782,-0.7077759999987476,-27.483369969142935,415.5810549910322,-13.494154069635218,False,23.5,-2.624571817582045,18.77942916833607,-57.978073312763094,399.70128331721565,18.961944444444445,352.04400000000004,-8.716185341902037,-3.089582887101752,-30.49470334362016,-15.879771673816549
2605720.0,0.9771,-4.8412,9.1183,-0.0725,0.0199,9.8063,-0.1792,0.4664,-0.2872,145.82,-83.55,66.59,52.75275,-1.675011,18.44,6,351.26,21 / 23,5.857187463981023,22.311184527971328,-0.7201309999987364,-26.885929919728426,417.79006482020066,-13.565549419635028,False,23.59999999999991,-2.7536083407429404,18.88222033783845,-58.2540311727519,401.59159706989254,19.0819444444451,351.70299999999656,-8.610795804723963,-3.428964190132877,-31.368101253023475,-16.19846775030811
2605820.0,-0.2764,2.3355,8.7942,-0.008,-0.0196,9.8066,-0.1658,0.4516,-0.1241,141.18,-83.21,64.18,52.75275,-1.675011,18.44,6,351.26,21 / 23,5.924616220593993,22.474318033812683,-0.8051709999990457,-26.29683973549753,420.029339948298,-13.641814519635194,False,23.700000000000273,-2.844433830910786,18.917349079127764,-58.54345039173011,403.47079133015285,19.13000000000016,351.44899999999325,-8.76905005150478,-3.556968954684919,-32.246610656232576,-16.558548618145153
2605920.0,0.7269,-0.8036,10.0917,0.0062,0.0108,9.8066,-0.0065,0.0495,-0.0357,140.22,-83.25,63.96,52.75275,-1.675011,18.44,6,351.26,21 / 23,6.1111922967413514,22.48005660611568,-0.8415409999990127,-25.69504930963131,422.2770586802924,-13.724150119635022,False,23.800000000000182,-2.9155020538466117,18.911585675823453,-58.83286961072608,405.3611050833997,19.134999999999867,351.2360000000058,-9.026694350587963,-3.5684709302922286,-33.13782030109476,-16.915953596892678
2606020.0,-1.0895,-3.7929,10.2308,0.0261,0.0333,9.8065,0.1101,-0.0849,0.0507,140.22,-83.25,63.96,52.752934,-1.675043,19.31,4,351.54,21 / 22,6.133645348030739,22.750021246505053,-0.8060809999990448,-25.082807427393263,424.53856257292136,-13.80653121963485,False,23.90000000000009,-2.836226396561591,19.091587413067998,-59.12228882971634,407.26253832850205,19.301111111108842,351.54999999999575,-8.96987174459233,-3.658433833437055,-34.03948140232308,-17.276024244419318
2606120.0,-0.2428,-1.6386,9.9015,0.1028,0.0645,9.8058,0.1185,0.256,-0.3955,145.16,-83.19,66.0,52.752934,-1.675043,19.31,4,351.54,21 / 22,6.176127577541713,23.07969168590903,-0.7801309999990683,-24.4673187811152,426.83004821954,-13.885841819634685,False,24.0,-2.8797850445834126,19.154731480681054,-59.40497736920589,409.17509106673754,19.37,351.45,-9.055912622125126,-3.9249602052279755,-34.937658588090684,-17.654957152802467
2606220.0,-0.1706,2.6022,10.6417,-0.0104,0.0238,9.8066,0.0166,0.4611,-0.2119,151.98,-83.09,73.71,52.752934,-1.675043,19.31,4,351.54,21 / 22,6.373438633714266,23.10119989046763,-0.7336359999991106,-23.83984047055297,429.1390927983567,-13.961530169634525,False,24.09999999999991,-2.9089521701058105,19.135151482861847,-59.701127267737114,411.0765243125477,19.35500000000086,351.35599999999823,-9.282390803820077,-3.9660484076057827,-35.86128679718414,-18.062568485809038
2606320.0,-0.6605,-0.2105,12.0857,-0.0163,-0.0003,9.8065,-0.0108,0.1047,-0.0889,150.82,-83.05,73.01,52.752934,-1.675043,19.31,4,351.54,21 / 22,6.634253992223043,23.06566327150214,-0.577930999998544,-23.18945583925374,431.4474359564636,-14.027108519634647,False,24.200000000000273,-2.9616443122668605,19.190871385280403,-59.997277166256104,412.9890770507924,19.418055555558517,351.2270000000038,-9.595898304489904,-3.874791886221736,-36.807821327002365,-18.45835890567122
2606420.0,0.8381,-1.259,9.6837,0.0513,0.0087,9.8064,0.075,-0.0639,0.0568,150.82,-83.05,73.01,52.752934,-1.675043,19.31,4,351.54,21 / 22,6.758631238782353,23.177213947892618,-0.4701259999986421,-22.51981157770408,433.75957981743124,-14.079511369634458,False,24.300000000000182,-2.9354447783297,19.289028506988142,-60.28669638522531,414.9127492820211,19.51111111110857,351.3469999999967,-9.694076017112053,-3.8881854409044756,-37.76688480752124,-18.846830535410163
2606520.0,0.5244,-2.4417,10.7928,-0.0079,0.0041,9.8066,-0.0139,0.3236,-0.1874,152.61,-83.15,75.42,52.752934,-1.675043,19.31,4,351.54,21 / 22,6.780627873867853,23.357174452734746,-0.4269659999986813,-21.842848622072186,436.0862992374605,-14.124365969634283,False,24.40000000000009,-2.8775266246910935,19.297753685709566,-60.57611560422896,416.83642151268236,19.51111111111111,351.5189999999977,-9.658154498558947,-4.0594207670251805,-38.73326698215678,-19.249877724778116
2606620.0,0.7559,-3.0657,9.306,0.0033,0.0129,9.8066,0.1057,0.3388,-0.1606,153.0,-83.09,75.85,52.752934,-1.675043,19.31,4,351.54,21 / 22,6.767560595016214,23.618811040047465,-0.4026909999987034,-21.165439198628597,438.43509851209745,-14.165848819634114,False,24.5,-2.959422874198348,19.45115526778992,-60.872265502733335,418.78233272890196,19.675,351.349,-9.726983469214561,-4.167655772257543,-39.70682630410474,-19.65276578319549
2606720.0,1.0713,-2.451,10.4483,0.0555,0.0252,9.8064,0.0805,-0.2339,-0.0309,153.0,-83.09,75.85,52.752934,-1.675043,19.31,4,351.54,21 / 22,6.730731364551386,23.86840874019743,-0.39564099999870983,-20.490524600650833,440.80945950110754,-14.205765419633948,False,24.59999999999991,-2.964063023419305,19.32512033784795,-61.17514608077859,420.70600496027106,19.55111111111351,351.2800000000032,-9.694794387970692,-4.543288402349482,-40.68462148012776,-20.10345454083648
2606820.0,-0.7214,8.3257,11.8605,0.0214,-0.0778,9.8063,-0.0195,-1.0592,0.741,155.29,-83.09,78.81,52.752934,-1.675043,19.31,4,351.54,21 / 22,7.004790020932752,23.632086834988815,-0.26086599999821947,-19.803748531374126,443.1844842798755,-14.238590769633914,False,24.700000000000273,-2.910039102494048,19.51112527601152,-61.4645652997706,422.66303566892515,19.726944444446033,351.5169999999901,-9.9148291234268,-4.120961558977296,-41.66081676839647,-20.521448610950358
2606920.0,-0.1387,8.2946,10.973,0.008,-0.0781,9.8063,0.1993,-0.1711,-0.0198,154.52,-83.56,78.12,52.752934,-1.675043,19.31,4,351.54,21 / 22,7.567458622774201,22.93722198075947,-0.09985599999836581,-19.07513609918944,445.5129497206608,-14.256626869633727,False,24.800000000000182,-3.0235457110629973,19.544454530421163,-61.76744587776724,424.6089468850035,19.77694444444308,351.2060000000085,-10.591004333837198,-3.392767450338308,-42.692309778577794,-20.90400283565731
2607021.0,3.3447,-3.819,11.4029,0.0265,-0.162,9.8052,-0.0663,0.5287,-0.3816,151.27,-84.47,75.35,52.75311,-1.675082,19.84,4,351.65,22 / 23,7.684507385640739,22.696078628200414,0.0396553000017901,-18.304911815763624,447.81743140141583,-14.259667004983559,False,24.901000000000295,-3.0529972719785436,19.516956006492485,-62.08015324788927,426.574428409014,19.754299999999525,351.1093900000007,-10.737504657619283,-3.179122621707929,-43.77524143212565,-21.24300299240184
2607120.0,3.3299,-4.1372,11.6937,-0.0088,0.0234,9.8066,-0.3204,0.7225,-0.2392,151.27,-84.47,75.35,52.75311,-1.675082,19.84,4,351.65,22 / 23,7.372150587856826,22.93251856861598,0.21207865000127696,-17.559607246077714,450.0760469626515,-14.247206174458444,False,25.0,-3.0798986197040823,19.553931816704917,-62.38666839284618,428.51188880986876,19.794999999999998,351.04900000000004,-10.452049207560908,-3.3785867519110617,-44.82706114676847,-21.56415815278274
2607220.0,2.5642,1.1538,10.3575,-0.016,0.0166,9.8065,0.0732,0.3456,-0.1988,152.94,-84.51,76.31,52.75311,-1.675082,19.84,4,351.65,22 / 23,7.207840874861762,22.972126438310617,0.33397365000116613,-16.83060767294245,452.3712792129958,-14.219903559458347,False,25.09999999999991,-3.0492573570473174,19.67202243503859,-62.69627965036559,430.4800390116473,19.90694444444372,351.1890000000018,-10.25709823190908,-3.300104003272029,-45.86567197742314,-21.891240201348467
2607319.0,0.2793,0.7485,9.171,-0.0322,-0.0219,9.8065,0.0309,-0.3019,0.2547,151.84,-84.5,75.14,52.75311,-1.675082,19.84,4,351.65,22 / 23,7.293693305356007,22.870968596138116,0.3297760500011594,-16.112781731020508,454.64051241720466,-14.187047949308178,False,25.19900000000007,-2.9967946879340324,19.62695016094045,-62.996131422644574,432.4285077121132,19.85441944444287,351.31869000000387,-10.29048799329004,-3.244018435197667,-46.88334969162406,-22.212004705091488
2607420.0,1.2476,1.3933,10.1443,-0.0354,-0.015,9.8065,0.0923,0.0095,-0.0112,151.84,-84.5,75.14,52.75311,-1.675082,19.84,4,351.65,22 / 23,7.447293025711011,22.7884391735088,0.3147270500011426,-15.368361921300792,456.9463125095744,-14.154500542758026,False,25.300000000000182,-3.043821493946709,19.801309419458523,-63.30204080640903,434.42745890820265,20.03388888888398,351.2610000000016,-10.491114519657721,-2.987129754050276,-47.933678885108236,-22.518853601371745
2607520.0,2.092,2.2386,10.048,0.0571,0.0446,9.8063,0.0451,0.167,-0.2766,149.94,-84.48,72.81,52.75311,-1.675082,19.84,4,351.65,22 / 23,7.558702552264217,22.599827865935737,0.3436770500011163,-14.618062142402714,459.21572586154457,-14.121580337757942,False,25.40000000000009,-3.111710912750941,19.803126669151826,-63.61838274346913,436.4067286024068,20.046111111110942,351.0700000000026,-10.670413465015159,-2.7967011967839106,-49.00032060106641,-22.808997259137755
2607620.0,2.1838,0.3438,9.3093,-0.0145,-0.0159,9.8066,-0.0026,-0.0275,0.1811,152.72,-84.44,76.13,52.75311,-1.675082,19.84,4,351.65,22 / 23,7.603428498378137,22.43545122654789,0.33087705000112805,-13.859955589871285,461.4674898161667,-14.08785263275786,False,25.5,-3.1355318696974597,19.891329051945057,-63.9347246805162,438.39711778903643,20.136944444444442,351.042,-10.738960368075597,-2.5441221746028333,-50.074769090644914,-23.070372027130247
2607720.0,1.1827,-3.2336,7.7422,-0.046,-0.0359,9.8065,-0.2166,0.2064,0.2284,149.78,-84.49,72.63,52.75311,-1.675082,19.84,4,351.65,22 / 23,7.550067716884654,22.53052187757456,0.20278705000124464,-13.102280779108835,463.71578847137073,-14.061169427757767,False,25.59999999999991,-3.09031691679779,19.93691466485603,-64.24433593806228,440.38750697637363,20.174999999999955,351.18900000000343,-10.640384633682444,-2.5936072127185312,-51.14205515895344,-23.3282814949971
2607821.0,0.9219,-5.7018,7.6671,-0.0424,-0.038,9.8064,0.1557,0.2797,-0.5229,149.78,-84.49,72.63,52.75311,-1.675082,19.84,4,351.65,22 / 23,7.399768275976461,22.922259124875996,-0.009514949998992356,-12.347314061468506,466.01115391199704,-14.051409186707643,False,25.701000000000022,-3.0038777718332144,19.947779244279648,-64.54364925593819,442.39791124980394,20.172686111113244,351.4363499999924,-10.403646047809676,-2.9744798805963484,-52.19633519446968,-23.6132426621931
2607920.0,-1.0104,-1.4543,8.2012,-0.0285,0.0065,9.8066,0.0664,0.1101,0.1825,150.06,-84.55,69.2,52.75311,-1.675082,19.84,4,351.65,22 / 23,7.3911389805932615,23.28433373148281,-0.19489244999929206,-11.61516415226712,468.2983802583905,-14.061527353007573,False,25.800000000000182,-3.1064471639060507,20.006374012829877,-64.8568277735928,444.3794048426299,20.246111111109087,351.17400000000725,-10.497586144499312,-3.2779597186529337,-53.24166362132568,-23.9189754157606
2608020.0,-1.8258,1.788,8.2461,-0.0172,0.0236,9.8065,-0.1876,0.0406,-0.1107,147.06,-84.38,69.01,52.753284,-1.675123,20.42,4,351.2,22 / 23,7.6895779603898635,23.405463372370487,-0.353192449999148,-10.86112830521865,470.6328701135811,-14.08893159800747,False,25.90000000000009,-3.0785331239591427,20.05509246562234,-65.16643903113923,446.3920330148181,20.2899999999994,351.27299999999866,-10.768111084349005,-3.3503709067481466,-54.305310725920585,-24.240837098762995
2608120.0,-0.2861,0.1596,7.9722,0.0188,0.0086,9.8066,0.0518,-0.605,0.1767,147.06,-84.38,69.01,52.753284,-1.675123,20.42,4,351.2,22 / 23,7.995348541389664,23.44378881133434,-0.5229424499989935,-10.076881980130386,472.97533272276416,-14.132738343007338,False,26.0,-3.12142901982852,20.14459991844396,-65.48278096817283,448.4046611870065,20.385,351.19199999999995,-11.116777561218184,-3.299188892890381,-55.405898988042445,-24.57067153575764
2608220.0,-1.3823,-4.3869,7.8766,-0.0183,-0.0445,9.8065,-0.2763,-0.0682,0.3395,147.89,-84.4,70.24,52.753284,-1.675123,20.42,4,351.2,22 / 23,8.11828806774276,23.728839333831907,-0.7111674499988223,-9.271200149674497,475.3339641300203,-14.194443838007173,False,26.09999999999991,-3.1846379075516102,20.16395152160748,-65.79912290523339,450.4172893591951,20.413888888890117,351.0250000000007,-11.302925975294372,-3.564887812224427,-56.52792275555889,-24.91667477082524
2608320.0,0.305,-0.7598,9.1636,-0.0131,-0.0259,9.8066,0.0109,0.2602,-0.4465,146.54,-84.48,68.72,52.753284,-1.675123,20.42,4,351.2,22 / 23,8.190926860660687,24.03683810972756,-0.8398224499992902,-8.455739403251359,477.722248002207,-14.27199333300736,False,26.200000000000273,-3.1799424736457316,20.25579979739633,-66.12219552178234,452.44103702381835,20.5038888888888,351.0780000000046,-11.370869334306418,-3.78103831233123,-57.66645611853099,-25.28121097838863
2608420.0,-0.1506,1.7338,9.3874,-0.0272,0.0925,9.8062,-0.0688,0.2352,0.1805,148.41,-83.94,70.29,52.753284,-1.675123,20.42,4,351.2,22 / 23,8.373710915688527,24.051657419414582,-0.8929374499992419,-7.627507514434651,480.1266727786619,-14.358631328007208,False,26.300000000000182,-3.1289538204413923,20.260928033524817,-66.43180677929269,454.46478468969985,20.501111111111186,351.2209999999961,-11.502664736129919,-3.7907293858897653,-58.80429926485803,-25.66188808896203
2608520.0,0.8394,-1.8584,8.4626,-0.049,-0.0044,9.8064,0.14,0.5086,-0.3001,148.41,-83.94,70.29,52.753284,-1.675123,20.42,4,351.2,22 / 23,8.50674039953714,24.09766969073252,-0.9811024499991616,-6.783484948674135,482.53413913416705,-14.452333323007043,False,26.40000000000009,-3.214113890587523,20.359806621850172,-66.76161007536761,456.49965184673925,20.61194444444293,351.0290000000026,-11.720854290124663,-3.7378630688823478,-59.97812512669348,-26.034487287427794
2608620.0,2.547,-2.6616,9.3961,0.0356,-0.0442,9.8065,-0.1126,0.0711,0.0153,147.19,-83.81,67.9,52.753284,-1.675123,20.42,4,351.2,22 / 23,8.408155904391057,24.25818298485534,-1.0688324499990818,-5.937740133478495,484.95193176794425,-14.554830068006861,False,26.5,-3.2089004620558734,20.306073132191912,-67.07795201242826,458.5345190044863,20.558055555555555,351.02,-11.617056366446931,-3.952109852663426,-61.14021187894976,-26.417412763457946
2608720.0,3.7512,-2.6453,11.7372,0.0862,-0.0331,9.8061,0.2011,-0.5903,0.2834,152.07,-84.24,71.08,52.753284,-1.675123,20.42,4,351.2,22 / 23,8.168038294704774,24.385191465706782,-0.9928324499991509,-5.108930423524457,487.38410049047013,-14.657913313006679,False,26.59999999999991,-3.2212802213203955,20.430666676591674,-67.40775530849027,460.5693861615263,20.68305555555715,351.0400000000007,-11.389318516025169,-3.9545247891151085,-62.29882488496581,-26.814714328943808
2608820.0,2.3006,6.5438,12.5124,-0.0068,0.1158,9.8059,-0.2143,-0.8687,0.5124,152.07,-84.24,71.08,52.753284,-1.675123,20.42,4,351.2,22 / 23,8.161037145506342,24.119293860269433,-0.7610174499983076,-4.292476651510931,489.80932475677776,-14.745605808006871,False,26.700000000000273,-3.221921208996684,20.54894702224323,-67.7308279250526,462.62649230484095,20.7999999999986,351.0890000000074,-11.382958354503025,-3.570346838026204,-63.43835127354166,-27.182832451936804
2608920.0,3.6384,-3.7443,11.6255,-0.0282,0.001,9.8065,0.2462,0.269,-0.4225,151.43,-83.61,73.61,52.753284,-1.675123,20.42,4,351.2,22 / 23,8.132126928370711,23.902750204460858,-0.5347874499985132,-3.4778184478178193,492.2104269600121,-14.810396053006654,False,26.800000000000182,-3.132066201939761,20.518438287635494,-68.04043918256293,464.6724789555721,20.756111111112308,351.3209999999937,-11.264193130310472,-3.3843119168253644,-64.56262073474511,-27.53794800444001
2609020.0,4.1037,-4.7928,10.4895,-0.0121,-0.007,9.8065,-0.2074,0.846,-0.3466,145.76,-83.71,70.48,52.753468,-1.675169,20.98,4,350.58,21 / 23,7.743981994044622,24.120966739689493,-0.4097024499986269,-2.6840130016977746,494.61161280721745,-14.857620548006468,False,26.90000000000009,-3.2393699688409,20.536080010677605,-68.37024247863786,466.7295850988774,20.789999999999537,351.03600000000387,-10.983351962885521,-3.584886729011888,-65.68622947694008,-27.882027708340047
2609120.0,2.9495,-0.644,10.6706,0.0242,0.0062,9.8066,-0.0933,0.6043,-0.3475,149.79,-83.75,71.75,52.753468,-1.675169,20.98,4,350.58,21 / 23,7.4607403209097924,24.217787368042103,-0.33236244999869724,-1.9237768859507454,497.02855051260184,-14.8947237930063,False,27.0,-3.1957062183998666,20.690775969558768,-68.68658441568512,468.79781073390126,20.936111111111114,351.22,-10.656446539309659,-3.527011398483335,-66.76280752973437,-28.23073977870058
2609221.0,0.9401,4.8341,11.3634,0.0181,0.0246,9.8065,0.1737,-0.0699,0.0233,149.79,-83.75,71.75,52.753468,-1.675169,20.98,4,350.58,21 / 23,7.5661298670389,23.9913780057274,-0.21011709999856065,-1.1649199414584892,499.4631133639799,-14.922119010281191,False,27.101000000000113,-3.1399255524627327,20.80592770614165,-69.00608977211657,470.89783811842665,21.04152499999934,351.41796999999843,-10.706055419501633,-3.185450299585753,-67.84116983065807,-28.565275245553266
2609320.0,0.6604,1.9776,11.1112,0.0068,-0.0414,9.8065,-0.0047,-0.4517,0.1971,151.26,-83.7,73.49,52.753468,-1.675169,20.98,4,350.58,21 / 23,7.830718825484632,23.711686508965368,-0.06848274999833157,-0.4027759311773421,501.824415057461,-14.93590970285606,False,27.200000000000273,-3.170680270499608,20.759257853357315,-69.31926828978094,472.94538149850604,20.99999999999793,351.3159999999948,-11.00139909598424,-2.9524286556080526,-68.91649235860359,-28.879033558954973
2609420.0,0.3331,-6.836,10.9261,0.0241,-0.0331,9.8066,-0.0599,-0.1118,0.2104,150.5,-84.23,72.41,52.753468,-1.675169,20.98,4,350.58,21 / 23,7.834509216215537,23.949949197460697,0.05271725000155826,0.38048547090695395,504.20749684278013,-14.936697977855898,False,27.300000000000182,-3.219367290071577,20.685983158933766,-69.64234090633208,475.01360713337954,20.93500000000177,351.15400000000443,-11.053876506287114,-3.263966038526931,-70.02282637723903,-29.193889709400594
2609520.0,3.888,-1.3281,8.4051,0.0315,-0.0119,9.8065,0.0308,0.3006,-0.2713,150.5,-84.23,72.41,52.753468,-1.675169,20.98,4,350.58,21 / 23,7.617468408572816,24.25397121288136,0.0386122500015711,1.1530843521456688,506.617692863295,-14.932131502855746,False,27.40000000000009,-3.2519112156091143,20.84481082518327,-69.97214420239399,477.10407175396153,21.096944444442233,351.1330000000003,-10.869379624181931,-3.4091603876980905,-71.12522855453966,-29.513621109333485
2609620.0,-0.2824,1.7098,8.2606,-0.0275,0.0384,9.8065,0.1015,0.5487,-0.3526,152.73,-84.21,75.89,52.753468,-1.675169,20.98,4,350.58,21 / 23,7.635915755618924,24.195906229985866,-0.10876774999829483,1.9157535603545623,509.0401867354362,-14.935639277855579,False,27.5,-3.2520824837613773,20.84590865719509,-70.29521681895537,479.18341688211865,21.098055555555558,351.13300000000004,-10.887998239380302,-3.3499975727907767,-72.21097037930993,-29.85676985331753
2609720.0,-2.4805,2.182,9.1783,-0.0162,-0.0002,9.8066,0.0391,-0.284,0.0823,154.59,-83.76,73.66,52.753468,-1.675169,20.98,4,350.58,21 / 23,8.01676522690925,24.12439877027763,-0.21748774999819587,2.6983876094802595,511.45620198544714,-14.951952052855388,False,27.59999999999991,-3.1645635664674887,20.59636125072525,-70.61828943551656,481.24052302471756,20.838055555559645,351.2650000000027,-11.18132879337674,-3.528037519552381,-73.31667704499682,-30.215678960729576
2609820.0,2.3074,-5.558,11.0612,0.0128,0.0027,9.8066,0.1969,-0.7252,0.3913,151.17,-83.78,74.35,52.753468,-1.675169,20.98,4,350.58,21 / 23,8.110157664002017,24.312532618598105,-0.18617774999808193,3.504733754028756,513.8780485548997,-14.972135327855275,False,27.700000000000273,-3.1368087875899926,20.90401452592128,-70.93463137257868,483.34210713844266,21.138055555557365,351.46600000000154,-11.246966451592009,-3.4085180926768253,-74.43936512660744,-30.535941416457035
2609920.0,2.7075,-6.7862,10.4773,0.0555,-0.0149,9.8064,0.1006,-0.4882,0.2773,151.17,-83.78,74.35,52.753468,-1.675169,20.98,4,350.58,21 / 23,7.7611313516127165,24.78303252157174,-0.08991774999816946,4.298298204808771,516.332826811906,-14.985940102855075,False,27.800000000000182,-3.127332472765627,20.963010676062723,-71.25770398911645,485.4436912520053,21.194999999998444,351.5149999999986,-10.888463824378343,-3.820021845509018,-75.55600219392522,-30.889135559900694
2610020.0,-0.2392,-0.8088,9.9862,-0.0356,0.1155,9.8058,-0.1477,0.3386,-0.267,152.64,-83.71,75.04,52.753654,-1.675215,21.29,4,351.84,22 / 23,7.639841629021693,25.104955938287524,-0.04740774999820807,5.068346853839791,518.8272262348967,-14.992806377854887,False,27.90000000000009,-3.2961228162507705,21.072661806584396,-71.58750728517836,487.55639485885354,21.32888888888706,351.1100000000055,-10.935964445272464,-4.032294131703129,-76.65585413901815,-31.270831376043134
2610120.0,2.7811,-4.1658,7.8416,-0.0827,0.0026,9.8062,-0.0981,0.474,-0.3585,146.71,-83.46,71.33,52.753654,-1.675215,21.29,4,351.84,22 / 23,7.567979001666167,25.299156749977584,-0.13668274999812682,5.828737885373492,521.3474318693077,-15.002010902854694,False,28.0,-3.1287986523224203,21.144768714583414,-71.8971185427249,489.66909846499476,21.375,351.583,-10.696777653988587,-4.15438803539417,-77.72585642809838,-31.678333404312923
2610219.0,-0.1386,4.3957,8.8997,-0.0864,-0.034,9.8061,-0.0507,-0.1337,0.1321,146.71,-83.46,71.33,52.753654,-1.675215,21.29,4,351.84,22 / 23,7.627061769400473,25.280846776840736,-0.2788467499983567,6.5808924035425065,523.8511420438892,-15.022579613104554,False,28.09900000000016,-3.062048930859507,20.976410096184555,-72.19697031496413,491.72765014257556,21.19872499999715,351.69487000000186,-10.689110700259981,-4.304436680656181,-78.77786271850664,-32.123491901313685
2610320.0,0.449,2.4896,10.1999,-0.0441,0.0,9.8065,-0.227,-0.6345,0.4473,146.4,-83.33,66.75,52.753654,-1.675215,21.29,4,351.84,22 / 23,7.970719732089208,25.046583239143896,-0.30478859999838565,7.368580369368615,526.3926772596993,-15.052053198279422,False,28.200000000000273,-3.185378948948543,21.174803639627484,-72.52307173729301,493.87226669243574,21.413055555552692,351.4450000000056,-11.15609868103775,-3.8717795995164117,-79.89165210666162,-32.52041056726358
2610420.0,0.9512,0.1426,10.4959,-0.0064,0.0038,9.8066,0.1931,-0.452,0.1888,140.38,-83.18,63.14,52.753654,-1.675215,21.29,4,351.84,22 / 23,8.148451799786175,24.967570209606972,-0.2506635999984348,8.174538945961652,528.8933849321346,-15.079825808279239,False,28.300000000000182,-3.107204856686743,21.095449182323556,-72.83941367433044,495.9849702977159,21.32305555555801,351.6209999999952,-11.255656656472919,-3.8721210272834163,-81.0139526202921,-32.908414634418705
2610520.0,2.9176,-2.4726,11.2007,-0.0255,0.0225,9.8066,-0.2373,0.6171,-0.1855,139.72,-82.98,62.89,52.753654,-1.675215,21.29,4,351.84,22 / 23,8.080468631460954,25.01395318168825,-0.1464985999985295,8.98598496752327,531.3924611016971,-15.09968391827907,False,28.40000000000009,-3.3600229612110333,21.310629448472653,-73.17594764989282,498.11991289012246,21.573888888885467,351.0400000000079,-11.440491592671988,-3.7033237332155977,-82.16193261741608,-33.272548211574644
2610620.0,-0.1977,2.7173,11.3536,-0.0172,-0.0495,9.8065,-0.0263,0.5021,-0.3579,139.72,-82.98,62.89,52.753654,-1.675215,21.29,4,351.84,22 / 23,8.139481408415355,24.999791907627507,0.0005514000013367992,9.79698246951635,533.8931483561606,-15.106981278278923,False,28.5,-3.2279237208849616,21.33609510034956,-73.49902026648104,500.2437359886894,21.578888888888887,351.397,-11.367405129300316,-3.6636968072779474,-83.29600273599739,-33.6494123674712
2610720.0,1.1757,1.6509,12.9833,0.0145,0.026,9.8065,0.0637,0.0232,-0.0795,137.32,-83.14,59.33,52.753654,-1.675215,21.29,4,351.84,22 / 23,8.40064873595787,24.88830112364025,0.23673140000112206,10.623988976734259,536.3875530077217,-15.09511713827881,False,28.59999999999991,-3.1351247741374806,21.220771912251568,-73.80863152400053,502.35643959483065,21.451111111110666,351.596,-11.53577351009535,-3.6675292113886826,-84.43262050073479,-34.0311134128911
2610820.0,2.2677,-1.6675,9.9568,0.0009,0.0844,9.8063,-0.1136,-0.1247,0.1375,139.3,-82.77,62.02,52.753654,-1.675215,21.29,4,351.84,22 / 23,8.425798528966386,24.8639077703738,0.40307140000172725,11.465311339983533,538.8751634524315,-15.063126998278552,False,28.700000000000273,-3.1304154289399175,21.18889568800149,-74.11824278154863,504.46914320168946,21.418888888893225,351.5959999999927,-11.556213957906303,-3.6750120823723087,-85.58355412153216,-34.40602025074202
2610920.0,1.6076,-4.2123,9.2376,-0.0918,0.0864,9.8058,-0.033,-0.2439,0.3017,139.3,-82.77,62.02,52.753654,-1.675215,21.29,4,351.84,22 / 23,8.241427272732551,25.04466742147309,0.38212640000174636,12.298672630067722,541.3705922120215,-15.023867108278413,False,28.800000000000182,-3.2355089942430206,21.310783808861,-74.4413153980864,506.60408579252663,21.554999999996287,351.36700000000627,-11.47693626697557,-3.7338836126120896,-86.73998802815413,-34.766506419494874
2611020.0,0.0442,-0.7082,11.176,0.0121,-0.0767,9.8063,-0.0633,0.258,-0.1504,139.82,-82.04,61.46,52.753845,-1.675262,21.37,4,350.93,22 / 23,8.173230121483659,25.26108228201372,0.4221414000017101,13.119405499777786,543.8858796971936,-14.983653718278276,False,28.90000000000009,-3.189324038377828,21.264097137434067,-74.75765733513364,508.72790889180106,21.50194444444517,351.4699999999986,-11.362554159861487,-3.9969851445796536,-87.87706283491143,-35.157970805392495
2611120.0,1.8678,3.0439,11.2339,0.0677,-0.1251,9.8056,0.0627,0.4761,-0.2175,137.66,-82.85,60.1,52.753845,-1.675262,21.37,4,350.93,22 / 23,8.335554069955636,25.197030755322906,0.561971400001583,13.944844709349,546.4087853490581,-14.934448078278157,False,29.0,-3.083917061737366,21.256343134640066,-75.06726859266662,510.84061249794246,21.47888888888889,351.745,-11.419471131693001,-3.9406876206828407,-89.01211330201562,-35.56817285111566
2611220.0,0.6321,-0.7635,9.9813,0.0262,-0.0514,9.8064,-0.0836,0.1539,-0.0671,140.4,-83.18,59.35,52.753845,-1.675262,21.37,4,350.93,22 / 23,8.474142231832655,25.115833045360354,0.6420664000015102,14.785329524437651,548.92442853909,-14.874246188278057,False,29.09999999999991,-3.139381677766394,21.301010031457967,-75.38361052971379,512.9755550903493,21.53111111111009,351.61599999999623,-11.61352390959905,-3.8148230139023873,-90.16894005415145,-35.94887344874064
2611320.0,0.8795,-3.4362,9.4904,-0.0583,0.0412,9.8064,-0.0421,-0.4991,0.1518,140.4,-83.18,59.35,52.753845,-1.675262,21.37,4,350.93,22 / 23,8.437884985832628,25.3107058304887,0.6349864000014844,15.630930885323991,551.4457554828916,-14.810393548277675,False,29.200000000000273,-3.229550701490654,21.21166439199734,-75.70668314627655,515.0882586957923,21.456111111108335,351.34299999999587,-11.667435687323282,-4.099041438491362,-91.33761403160054,-36.35749678709931
2611420.0,0.971,-4.6021,8.8743,-0.018,0.0208,9.8066,0.118,-0.1198,0.2404,137.11,-82.77,58.49,52.753845,-1.675262,21.37,4,350.93,22 / 23,8.255674931052786,25.636260884821517,0.5725564000015412,16.4656088811675,553.9931038186548,-14.75001640827758,False,29.300000000000182,-3.2647144595919655,21.118026703343087,-76.02975576281432,517.1898428093551,21.368888888891266,351.21200000000357,-11.520389390644752,-4.51823418147843,-92.49536464398182,-36.80326100929972
2611520.0,0.6401,0.41,9.1772,-0.0262,0.0088,9.8066,-0.0692,0.2631,-0.3812,139.9,-82.63,57.89,52.753845,-1.675262,21.37,4,350.93,22 / 23,8.205229741170443,25.821847084073887,0.49446640000161224,17.288654114777913,556.5660092170973,-14.69666526827747,False,29.40000000000009,-3.170690355201395,21.12729209170512,-76.34609769986157,519.3025464154958,21.363888888888955,351.4649999999965,-11.37592009637184,-4.694554992368769,-93.63475181463949,-37.26346280160146
2611620.0,0.0781,0.1636,10.1654,-0.0017,-0.0793,9.8063,0.021,0.2382,-0.0581,139.9,-82.63,57.89,52.753845,-1.675262,21.37,4,350.93,22 / 23,8.351347509529596,25.859388467141105,0.48093140000162454,18.116482977312163,559.1500709946557,-14.647895378277353,False,29.5,-3.1410821057708667,21.199672796097495,-76.66243963690866,521.4263695147699,21.43111111111111,351.57199999999995,-11.492429615300463,-4.65971567104361,-94.77892261422082,-37.72370147988579
2611720.0,0.1284,0.981,11.3242,-0.002,-0.0155,9.8066,-0.0248,-0.2765,0.2493,137.44,-82.97,55.39,52.753845,-1.675262,21.37,4,350.93,22 / 23,8.535344469872028,25.896045740181233,0.5747464000015392,18.960817576281478,561.7378427050195,-14.595111488277242,False,29.59999999999991,-3.035011348903871,21.13205534022058,-76.96532021494079,523.527953627071,21.348888888888823,351.82699999999755,-11.570355818775898,-4.763990399960651,-95.92613779122226,-38.209889077948446
2611820.0,-0.0087,-0.4859,10.7143,0.0277,0.0686,9.8063,0.0493,0.0712,-0.0096,139.34,-82.92,57.32,52.753845,-1.675262,21.37,4,350.93,22 / 23,8.70115222969659,25.960944773446442,0.6960064000019803,19.822642411263043,564.3306922307103,-14.531573848276835,False,29.700000000000273,-3.0999210743405468,21.117577565478587,-77.27493147248848,525.640657234636,21.343888888886795,351.6489999999988,-11.801073304037136,-4.843367207967855,-97.09757388375152,-38.690034996074246
2611920.0,1.5352,-3.4009,9.6171,0.084,0.1556,9.805,-0.0645,0.3119,-0.2652,145.72,-82.49,64.72,52.753845,-1.675262,21.37,4,350.93,22 / 23,8.684944116397384,26.152219786561176,0.7319114000019478,20.691947228566953,566.9363504587083,-14.460177958276704,False,29.800000000000182,-3.1043214703297433,21.05038803524141,-77.58454272998543,527.7422413481988,21.27805555555735,351.611000000001,-11.789265586727128,-5.101831751319764,-98.27648995855239,-39.19410911050943
2612021.0,-0.1733,0.6786,8.3076,-0.0233,-0.0508,9.8064,0.0586,0.3571,0.0139,145.72,-82.49,64.72,52.754032,-1.675308,21.0,4,352.11,22 / 23,8.715000064181998,26.294197992033386,0.6466371000018527,21.570644409687194,569.5848945565302,-14.390561259026434,False,29.901000000000295,-2.9570055428879987,21.064153129724758,-77.88358682068113,529.8647301081246,21.270694444445876,352.0089899999989,-11.672005607069996,-5.2300448623086275,-99.45423123036832,-39.720164448405626
2612119.0,-0.9748,3.6896,8.8143,-0.037,-0.038,9.8064,-0.128,-0.2019,0.3926,141.29,-82.66,59.67,52.754032,-1.675308,21.0,4,352.11,22 / 23,9.047762700663192,26.23148826433287,0.5245585000019072,22.441019785164222,572.158653183091,-14.333172674626276,False,29.99900000000025,-2.904508771863862,20.947790904015804,-78.16721765531794,531.9133854362964,21.148194444444144,352.10601000000025,-11.952271472527054,-5.283697360317067,-100.60823744048216,-40.24526774679464
2612220.0,-0.0365,2.2175,9.4013,-0.0102,-0.0047,9.8066,0.0484,-0.2947,0.124,138.4,-82.83,56.0,52.754032,-1.675308,21.0,4,352.11,22 / 23,9.434960601180766,26.1179230558712,0.4539746500021462,23.374397311904183,574.8022984547524,-14.28375675055124,False,30.09999999999991,-2.9308669227624704,20.925747754406537,-78.46626174602534,534.0358741962125,21.129999999999846,352.02699999999817,-12.365827523943237,-5.192175301464662,-101.84065905792951,-40.76642425853993
2612320.0,0.2473,-2.6731,10.8003,-0.0167,-0.0172,9.8065,0.1519,-0.1239,0.045,138.4,-82.83,56.0,52.754032,-1.675308,21.0,4,352.11,22 / 23,9.564851574439587,26.214601989465685,0.4833896500022533,24.324387920688658,577.4189247070287,-14.236888535550849,False,30.200000000000273,-2.9778669468234584,20.907887897829788,-78.76914232404538,536.1263388175115,21.118888888888094,351.8939999999959,-12.542718521263044,-5.306714091635897,-103.09353024473404,-41.29258588951723
2612420.0,-0.2179,0.9846,11.8062,0.0594,-0.0544,9.8062,-0.0446,-0.1735,0.1249,137.91,-82.91,55.53,52.754032,-1.675308,21.0,4,352.11,22 / 23,9.6604755488565,26.364403231519304,0.6330496500021172,25.285654276852586,580.0478749680756,-14.18106657055068,False,30.300000000000182,-3.021352102635681,20.876388095854075,-79.07202290204202,538.2056839455172,21.09388888888957,351.7650000000035,-12.681827651492181,-5.488015135665229,-104.3576771788946,-41.84219102255838
2612521.0,-0.4137,0.6228,11.6342,0.0547,-0.0578,9.8062,-0.0503,0.4314,-0.2839,137.53,-83.92,56.78,52.754032,-1.675308,21.0,4,352.11,22 / 23,9.891992514839497,26.41512168135754,0.8263182000023331,26.273053914070335,582.7132409761788,-14.107368494125373,False,30.401000000000295,-2.917313794261548,20.859935091611764,-79.3644709268268,540.3057113300358,21.062950000001074,352.038660000005,-12.809306309101046,-5.555186589745777,-105.63752484089713,-42.40752964614296
2612619.0,-1.7693,1.3604,10.6162,0.0727,-0.0557,9.8062,-0.0475,0.6063,-0.3427,141.04,-84.45,57.75,52.754032,-1.675308,21.0,4,352.11,22 / 23,10.187939710640963,26.49152314626801,0.9555361000022756,27.25697059311844,585.3056665727313,-14.020057633425186,False,30.49900000000025,-3.0586601381510232,20.74667744817681,-79.66129389329835,542.3325724530533,20.970938888888668,351.613339999999,-13.246599848791986,-5.744845698091197,-106.91826448641679,-42.97309411967797
2612720.0,0.8582,-4.9491,9.9522,-0.0592,0.0602,9.8063,-0.1953,-0.1819,0.0848,141.04,-84.45,57.75,52.754032,-1.675308,21.0,4,352.11,22 / 23,10.26805659964186,26.74167729666832,1.0037686500021124,28.289998406784225,587.9939431950904,-13.9211127435503,False,30.59999999999991,-2.9053688572292335,20.50912052489414,-79.95374191808156,544.3992413602854,20.71388888888785,351.93699999999905,-13.173425456871094,-6.232556771774181,-108.24374032486578,-43.59470183480505
2612820.0,0.1648,-5.3278,9.0248,0.0005,0.0119,9.8066,0.0886,-0.4628,0.4679,136.86,-83.72,55.36,52.754032,-1.675308,21.0,4,352.11,22 / 23,10.044549975742683,27.180973749437904,0.9719536500019967,29.305628735557146,590.6900757474056,-13.822326628549735,False,30.700000000000273,-2.917912143554702,20.43073972808295,-80.2431611370863,546.4341085166274,20.638055555554917,351.8720000000063,-12.962462119297385,-6.750234021354952,-109.54878987264345,-44.2559672307782
2612920.0,-0.2636,-1.4628,10.3519,0.0103,0.0034,9.8065,0.0094,0.1858,0.0347,137.27,-83.75,55.89,52.754032,-1.675308,21.0,4,352.11,22 / 23,9.967273030951878,27.52256905473826,0.9601236500020076,30.306219885890965,593.4252528876119,-13.725722763549623,False,30.800000000000182,-2.8441756175277013,20.420942190522418,-80.52584967655518,548.4800951673585,20.6180555555561,352.07099999999457,-12.81144864847958,-7.1016268642158416,-110.83206956244615,-44.945157720253405
2613021.0,0.5082,0.0622,11.3101,0.0951,-0.0383,9.8061,0.1191,0.1882,-0.1951,137.27,-83.75,55.89,52.75422,-1.675352,20.32,4,351.4,22 / 23,10.06287608142517,27.656679780015555,1.0635830000021231,31.317742416067134,596.2118049537701,-13.6235255777243,False,30.901000000000295,-2.8628851285577643,20.428651885442623,-80.81823039453108,550.5464304891129,20.628280555556252,352.02248000000174,-12.925761209982934,-7.228027894572932,-112.13597281059822,-45.665374464657134
2613121.0,1.1006,-1.0314,10.9666,0.0471,0.0525,9.8063,-0.0114,0.0447,0.0425,142.03,-84.28,58.46,52.75422,-1.675352,20.32,4,351.4,22 / 23,10.125828065890412,27.72716466272549,1.1967530000020021,32.32717762343199,598.9809971759046,-13.510508777724196,False,31.001000000000204,-2.9082230924272934,20.359998586153175,-81.11438029306207,552.5810752570044,20.56665555555525,351.87084999999973,-13.034051158317705,-7.367166076572314,-113.44155791649406,-46.39992191890019
2613220.0,0.2199,-2.2814,10.2045,-0.0213,0.022,9.8066,-0.0685,0.1543,-0.0522,142.47,-84.05,62.97,52.75422,-1.675352,20.32,4,351.4,22 / 23,10.13082734033801,27.89223757080793,1.2738641000017725,33.329882066037314,601.7341575864563,-13.388213231274372,False,31.09999999999991,-2.9288053018056783,20.217011482533298,-81.40756869258088,554.5735771474666,20.42805555555321,351.75699999999813,-13.059632642143688,-7.675226088274631,-114.7374507586182,-47.160580438989655
2613320.0,-0.8601,5.1961,11.2953,-0.0608,0.0758,9.8061,-0.0407,-0.4101,0.3075,143.39,-83.48,62.86,52.75422,-1.675352,20.32,4,351.4,22 / 23,10.401335736440931,27.86739168974147,1.3681891000021156,34.356490219879994,604.5221390494938,-13.256110571273698,False,31.200000000000273,-2.9513794892656318,20.03994502128698,-81.70371859109964,556.575085826532,20.256111111115654,351.6220000000117,-13.352715225706563,-7.827446668454492,-116.06020881097965,-47.94705322296181
2613420.0,-2.0411,3.5327,11.0766,0.026,-0.0607,9.8064,0.1117,-0.5648,0.3676,143.39,-83.48,62.86,52.75422,-1.675352,20.32,4,351.4,22 / 23,10.9379086571942,27.676578382876837,1.5061191000019902,35.42345243956078,607.2993375531222,-13.112395161273623,False,31.300000000000182,-2.8428547627724225,20.199822887809127,-81.98640713055515,558.5988334924134,20.398888888884994,351.98899999999,-13.780763419966622,-7.47675549506771,-117.40985957011594,-48.700504060708795
2613520.0,-2.2245,-5.6097,9.4004,0.0134,-0.0124,9.8066,0.0526,-0.4305,0.199,140.32,-84.24,60.67,52.75422,-1.675352,20.32,4,351.4,22 / 23,11.189464212471634,27.959780160193667,1.549304100001951,36.52982108304307,610.0811554802732,-12.959624001273564,False,31.40000000000009,-2.873673994683789,19.959188930725784,-82.27582634957199,560.5892226790442,20.16500000000319,351.8070000000025,-14.063138207155422,-8.000591229467883,-118.80564743261505,-49.49193280122904
2613620.0,-2.0907,-0.7868,11.0919,0.0069,0.0604,9.8064,-0.1897,-0.2497,0.2356,142.59,-84.21,63.36,52.75422,-1.675352,20.32,4,351.4,22 / 23,11.312375842630667,28.419774212693678,1.5932541000019111,37.65491308579716,612.900133198915,-12.802496091273515,False,31.5,-2.9055780301178675,19.863616018008816,-82.57197624808975,562.5684923732484,20.075,351.67800000000005,-14.217953872748534,-8.556158194684862,-120.22688933388692,-50.33164082566657
2613719.0,-1.2037,3.1385,10.5391,0.0167,0.0464,9.8065,0.037,0.2465,-0.0179,142.59,-84.21,63.36,52.75422,-1.675352,20.32,4,351.4,22 / 23,11.669856788515359,28.500865136984974,1.6931302500020726,38.79253360104073,615.7177048467287,-12.639820065948054,False,31.59900000000016,-2.907670990454926,19.601183859575958,-82.85850127489086,564.5059527755127,19.815674999995807,351.5621699999981,-14.577527778970286,-8.899681277409016,-121.65103487593159,-51.21175207121598
2613819.0,-2.7468,-1.5036,10.1781,-0.0009,-0.0672,9.8064,-0.1063,-0.0069,-0.0366,142.2,-84.48,62.82,52.75422,-1.675352,20.32,4,351.4,22 / 23,12.033998854735334,28.632140690188,1.7483252500020225,39.97772638320219,618.5743551380847,-12.467747290948006,False,31.69900000000007,-2.90241728230584,19.44723659923333,-83.14792049389438,566.4409668877616,19.66263055555105,351.51149999999853,-14.936416137041174,-9.184904090954667,-123.12564687709656,-52.13338825032304
2613919.0,-1.8313,-0.5879,10.0205,-0.0107,0.0209,9.8066,0.1493,0.246,0.0195,139.66,-85.04,60.66,52.75422,-1.675352,20.32,4,351.4,22 / 23,12.303738815465996,28.937187163396647,1.777590250001996,41.19461326671115,621.4528215307613,-12.291451515947966,False,31.798999999999978,-2.8148878055237487,19.131183705466643,-83.43067634015839,568.3537420164007,19.337161111120515,351.6297999999965,-15.118626620989744,-9.806003457930004,-124.62528960686953,-53.0990795143606
2614020.0,-1.4241,1.2984,11.4572,0.0018,0.0133,9.8066,0.0327,0.3533,-0.2325,139.66,-85.04,60.66,52.754395,-1.675396,18.28,4,351.02,22 / 23,12.608584436403207,29.100348304048563,1.8717424500021012,42.45268559093195,624.3837170718706,-12.107160214597553,False,31.90000000000009,-2.8315349965593812,18.784736031915447,-83.71619176502973,570.2409423116195,18.99694444444904,351.42800000000284,-15.44011943296259,-10.315612272133116,-126.16887735596168,-54.142774760251086
2614119.0,-2.4611,0.7813,9.4407,-0.0414,0.0015,9.8065,-0.0347,-0.0341,0.1275,143.43,-84.99,61.33,52.754395,-1.675396,18.28,4,351.02,22 / 23,12.980564030507946,29.21581461562576,1.935330150002204,43.7193484400461,627.2703671363992,-11.918710120897035,False,31.99900000000025,-2.897228546917766,18.668692089615014,-84.00938016456297,572.0793280342705,18.892169444444193,351.17851999999937,-15.877792577425712,-10.547122526010746,-127.72872860460907,-55.191039102128684
2614220.0,-7.4437,0.798,10.2893,-0.02,0.0567,9.8064,-0.1149,0.2002,-0.1397,139.05,-84.57,59.03,52.754395,-1.675396,18.28,4,351.02,22 / 23,13.572673122201161,29.55380002593643,1.941223500002184,45.06028691625337,630.238232675788,-11.722944161572476,False,32.09999999999991,-2.767628979967749,18.454736457891485,-84.2815688440218,573.932613875446,18.661111111104464,351.4709999999989,-16.34030210216891,-11.099063568044944,-129.34185576027517,-56.30561880034202
2614319.0,-5.6849,-2.8502,11.862,0.0327,0.0454,9.8064,0.1678,0.5884,-0.4302,145.04,-84.49,62.35,52.754395,-1.675396,18.28,4,351.02,22 / 23,14.18293859642194,30.11820284477785,2.0668545000023872,46.43418969632743,633.1919968178931,-11.524544300571929,False,32.19900000000007,-2.720622525188272,17.97402465300111,-84.54810375267893,575.7049498116878,18.178761111096666,351.39278999999766,-16.90356112161021,-12.144178191776742,-130.98229344900636,-57.48704700620533
2614419.0,-2.5134,-6.6384,13.0417,0.1403,0.0787,9.8053,-0.0366,0.3439,-0.066,145.04,-84.49,62.35,52.754395,-1.675396,18.28,4,351.02,22 / 23,14.408924749305166,30.810287267997285,2.3313745000021466,47.863782863612485,636.2384213235291,-11.304632850571902,False,32.29899999999998,-2.616231742095831,17.505366224704282,-84.81066756041506,577.4401466420853,17.699788888902653,351.4999099999968,-17.025156491401,-13.304921043293003,-132.67445042402755,-58.798274681443786
2614519.0,-3.6349,5.5498,10.3095,0.0501,0.1453,9.8054,-0.0857,-0.6252,0.4617,152.84,-84.5,72.16,52.754395,-1.675396,18.28,4,351.02,22 / 23,14.77588010987943,31.047471581357733,2.518269500001977,49.32302310657039,639.331309265994,-11.062150650571917,False,32.39899999999989,-2.603432718540067,17.281093855734866,-85.07316406137507,579.1637792004717,17.476100000003502,351.4326900000011,-17.379312828419497,-13.766377725622867,-134.39618716794547,-60.16753006552233
2614620.0,-5.6489,7.4412,9.2857,0.0842,0.1425,9.8052,0.2294,-0.6514,0.432,162.94,-83.93,79.92,52.754395,-1.675396,18.28,4,351.02,22 / 23,15.62419283235019,30.63719763742829,2.517355450001976,50.8582267901547,642.4463850615462,-10.807851590596433,False,32.5,-2.571992468857458,16.650580492680334,-85.33155484781794,580.8378188201907,16.848055555555554,351.219,-18.19618530120765,-13.986617144747957,-136.18978163797266,-61.60856624135545
2614720.0,-3.5415,-0.0332,9.8607,0.0323,-0.1011,9.806,0.1365,0.1259,-0.211,162.94,-83.93,79.92,52.754395,-1.675396,18.28,4,351.02,22 / 23,16.347229300408195,30.433219887190475,2.4940104500019973,52.456797896791166,645.4999059377743,-10.557283295596463,False,32.59999999999991,-2.52899377507288,16.13691781970767,-85.58058998976341,582.4390257648491,16.333888888882424,351.09299999999104,-18.876223075481075,-14.296302067482806,-138.03738788655457,-63.06088017292518
2614820.0,-5.3473,-4.181,9.7932,-0.0161,0.0025,9.8066,-0.2766,0.6731,-0.1325,159.05,-84.55,79.99,52.754395,-1.675396,18.28,4,351.02,22 / 23,16.865319214245176,30.79881738772055,2.496040450002005,54.117425322529876,648.561507801531,-10.307780750595356,False,32.70000000000027,-2.6359451025310805,15.639417937248702,-85.84981717023885,583.9957547376888,15.859999999984048,350.43299999999704,-19.501264316776258,-15.159399450471849,-139.96724249276872,-64.56575306384218
2614920.0,-4.3116,-2.9947,9.6366,0.0103,-0.0223,9.8065,-0.0227,0.6048,-0.3379,159.05,-84.5,79.13,52.754395,-1.675396,18.28,4,351.02,22 / 23,17.361682064976037,31.33371751548672,2.4868654500020133,55.82877538648938,651.6681345466885,-10.05863545559538,False,32.80000000000018,-2.577504059524616,15.141068017969825,-86.1123136711532,585.4968862468713,15.35888888890256,350.33900000000256,-19.939186124500655,-16.192649497516893,-141.94108905764259,-66.1712482998172
2615020.0,-5.1697,5.402,10.3542,0.0288,-0.0709,9.8063,-0.1959,0.2067,0.2007,158.82,-84.95,79.24,52.754543,-1.675434,14.12,4,348.89,22 / 23,18.021657160946695,31.419674210541064,2.5057404500019964,57.59794234778391,654.8058041329871,-9.809005160595408,False,32.90000000000009,-2.573435656993971,14.7178201563292,-86.37481017211343,586.9646592788869,14.94111111111681,350.0820000000035,-20.595092817940667,-16.701854054211864,-143.97275251989734,-67.84114485410021
2615120.0,-4.5681,-7.4388,10.7671,-0.0298,-0.0823,9.8062,0.1318,-0.3441,0.0859,158.82,-84.95,79.24,52.754543,-1.675434,14.12,4,348.89,22 / 23,18.612381305312677,31.718399517482375,2.5811404500019277,59.42964427109521,657.9627078193854,-9.554661115595444,False,33.0,-2.6895992913447775,14.445636930610226,-86.64403735258776,588.3990738322103,14.693888888888889,349.45300000000003,-21.301980596657454,-17.272762586872147,-146.07368162368297,-69.56363398717508
2615220.0,-4.9002,-6.9308,10.8149,0.042,0.0102,9.8065,0.1586,-0.5073,0.3741,154.96,-85.58,76.08,52.754543,-1.675434,14.12,4,348.89,22 / 23,18.938668715699986,32.59906836848879,2.6795754500018383,61.30719677214414,661.178581213681,-9.291625320595495,False,33.09999999999991,-2.639327550544524,13.829282787856446,-86.91326453304889,589.7667714309792,14.078888888884878,349.19499999999385,-21.57799626624451,-18.76978558063234,-148.22046130519303,-71.41180978270177
2615319.0,-5.8861,-0.3916,10.9034,-0.0037,0.0505,9.8065,-0.0219,0.2966,-0.1449,163.07,-85.74,81.74,52.754543,-1.675434,14.12,4,348.89,22 / 23,19.457760013048386,33.142872368822495,2.7837729500020068,63.20781999422026,664.4328072801832,-9.021189574794867,False,33.19900000000007,-2.6897546010849336,13.523030762245119,-87.18646281443833,591.0987754566606,13.787938888880175,348.75048999998666,-22.14751461413332,-19.619841606577374,-150.3942828086586,-73.33403182352254
2615420.0,-5.059,7.2447,9.2302,-0.0352,0.1659,9.8051,-0.1073,0.9155,-0.5078,163.07,-85.74,81.74,52.754543,-1.675434,14.12,4,348.89,22 / 23,20.264169302865085,32.98781063629696,2.810048100002036,65.21377742467612,667.7724067719454,-8.738701611769347,False,33.30000000000018,-2.7633773839558313,13.000668444433925,-87.46518025298056,592.3909716985136,13.291111111124586,348.00000000002035,-23.027546686820916,-19.987142191863036,-152.67895767765668,-75.38143507343182
2615520.0,-1.6854,0.7452,9.4494,-0.0283,-0.0152,9.8066,-0.1695,0.907,-0.439,161.22,-84.39,82.41,52.754543,-1.675434,14.12,4,348.89,22 / 23,20.87823842756326,32.72452591377885,2.7633631000020786,67.27089781119567,671.0580235994462,-8.460031051769395,False,33.40000000000009,-2.668829295899773,12.274317192221986,-87.73440743345517,593.602996399789,12.561111111121068,347.73300000000364,-23.547067723463034,-20.450208721556862,-155.00530524465086,-77.45502719965714
2615620.0,-0.9196,-4.8823,9.7975,-0.0106,-0.0525,9.8065,-0.1418,0.4918,-0.233,152.67,-84.74,76.86,52.754543,-1.675434,14.12,4,348.89,22 / 23,21.07082222783852,32.98777617656422,2.7450431000020954,69.36835084396385,674.3436387039603,-8.184610741769436,False,33.5,-2.4416089853946534,12.007327596512512,-87.96998121635905,594.7927821147969,12.253055555555555,348.506,-23.51243121323317,-20.980448580051707,-157.3383320603229,-79.55085658916346
2615720.0,-4.5836,0.2625,10.4758,-0.0237,-0.0688,9.8063,-0.102,-0.4693,0.2388,152.67,-85.02,73.31,52.754543,-1.675434,14.12,4,348.89,22 / 23,21.378752962814758,33.36559309762184,2.7780431000020656,71.49082960349459,677.6613071676666,-7.908456431769479,False,33.59999999999991,-2.76714011133572,11.40923028096466,-88.25940043536232,595.9269703662609,11.739999999993357,346.36699999999706,-24.14589307415048,-21.95636281665718,-159.7502300388569,-81.73433680140568
2615820.0,-5.817,5.2887,10.0521,-0.0422,0.0454,9.8064,0.1571,-0.3396,0.3637,152.67,-85.02,73.31,52.754543,-1.675434,14.12,4,348.89,22 / 23,22.137703381135463,33.4040493482442,2.823773100002232,73.66665242070002,680.999789289972,-7.628365621768245,False,33.70000000000027,-2.693956596896511,10.92583439331488,-88.52189693632374,597.0055611541864,11.25305555554155,346.14899999999375,-24.831659978031972,-22.47821495492932,-162.18854935702376,-83.99422813578565
2615920.0,-5.475,-0.1025,10.7744,0.0258,0.0094,9.8066,0.0961,0.1285,-0.1898,154.11,-84.39,74.29,52.754543,-1.675434,14.12,4,348.89,22 / 23,22.931621437914906,33.470950221953345,2.884433100002177,75.92011866165049,684.3435392684788,-7.342955311768285,False,33.80000000000018,-2.6245205400219582,10.489712216395326,-88.78439343726487,598.039673973745,10.81305555556756,345.9530000000054,-25.556141977936864,-22.98123800555802,-164.70451209891536,-86.30386529473378
2616020.0,-4.1388,-5.1223,11.1701,0.0727,-0.0112,9.8063,-0.043,0.8193,-0.2752,160.29,-84.62,78.06,52.754658,-1.675476,9.56,4,343.19,22 / 23,23.456507449213785,33.93869290493505,3.000993100002071,78.23952510600482,687.7140214248202,-7.04868400176834,False,33.90000000000009,-2.8585741103787528,10.013872170429755,-89.07381265626776,599.0293088194336,10.413888888894336,344.06800000002573,-26.31508155959254,-23.924820734505296,-167.31333776227257,-88.68471260538661
2616120.0,-2.4804,-4.6949,9.9603,0.0562,-0.0687,9.8062,0.0486,0.0621,-0.1114,160.29,-84.62,78.06,52.754658,-1.675476,9.56,4,343.19,22 / 23,23.776705495995934,34.53580483598229,3.076848100002002,80.60118575326315,691.137746311863,-6.744791941768413,False,34.0,-2.7861121627521643,9.50189890482048,-89.3497705162432,599.9633462029936,9.901944444444444,343.658,-26.5628176587481,-25.03390593116181,-169.95095626950635,-91.17440010886935
2616220.0,-3.6139,-0.2338,10.1689,0.0053,-0.0195,9.8066,0.0194,-0.256,0.442,157.27,-85.11,80.1,52.754658,-1.675476,9.56,4,343.19,22 / 23,24.14987251627131,34.90718722685859,3.1026431000019783,82.99751465387433,694.6098959150019,-6.435817381768495,False,34.09999999999991,-2.719779299358403,9.038552097513028,-89.6122670172036,600.8640251092751,9.43888888888286,343.2529999999816,-26.869651815629712,-25.868635129345563,-172.60978167107794,-93.74587080572678
2616320.0,-0.641,2.8498,9.7786,0.0178,-0.0199,9.8065,0.0472,-0.2523,0.1733,159.98,-85.41,79.24,52.754658,-1.675476,9.56,4,343.19,22 / 23,24.564285608739286,34.89331449009638,3.1193531000020394,85.43322256013373,698.0999210008623,-6.124717571767163,False,34.20000000000027,-2.7945415468847723,8.551932347654486,-89.88822487717967,601.7091065520166,8.996944444428024,341.903999999995,-27.35882715562406,-26.341382142441894,-175.3214474373134,-96.39081444884573
2616420.0,-0.6328,2.1513,9.7555,0.0725,-0.0193,9.8063,0.1906,0.1457,0.1062,163.66,-85.64,83.98,52.754658,-1.675476,9.56,4,343.19,22 / 23,24.878452154134685,34.6948107116693,3.115393100002043,87.90535944827518,701.5793272609475,-5.812980261767242,False,34.30000000000018,-2.656539342742534,8.054318369651906,-90.15072137812079,602.4985905311557,8.481111111125186,341.7460000000043,-27.53499149687722,-26.640492342017392,-178.05608082639597,-99.08073672979174
2616520.0,-0.0031,-1.9096,9.5962,0.0304,0.0124,9.8065,-0.0376,0.5908,-0.1753,163.66,-85.64,83.98,52.754658,-1.675476,9.56,4,343.19,22 / 23,25.087612369096135,34.70527095717788,3.102313100002055,90.40366267443444,705.0493313443867,-5.50209495176732,False,34.40000000000009,-2.8118038002910555,7.704023808732721,-90.43340991759632,603.2658355255016,8.20111111111493,339.9490000000245,-27.89941616938719,-27.00124714844516,-180.83707259203078,-101.78349581888506
2616620.0,0.7503,-3.6427,9.1824,-0.0021,-0.0283,9.8066,-0.0823,0.1717,-0.0583,165.91,-85.67,86.74,52.754658,-1.675476,9.56,4,343.19,22 / 23,25.155612068719964,34.97412739220849,3.0605781000020933,92.91582389632296,708.5333012618529,-5.193950391767393,False,34.5,-2.776168052008211,7.349243004359863,-90.71609845708576,603.9886025473156,7.856111111111111,339.306,-27.931780120728174,-27.624884387848624,-183.63192235340873,-104.54469871453728
2616720.0,0.1647,-1.4558,9.7688,-0.0162,-0.0204,9.8066,0.0,-0.2804,0.3281,164.26,-86.06,85.04,52.754658,-1.675476,9.56,4,343.19,22 / 23,25.22271677504198,35.218225430085845,3.0274731000021236,95.43474033850877,712.0429189029644,-4.889547831767459,False,34.59999999999991,-2.915370823951122,7.249653269416128,-91.0122483556036,604.711369571251,7.813888888888903,338.09299999999314,-28.138087598993103,-27.968572160669716,-186.44698869411238,-107.3315493317134
2616820.0,-1.8983,2.785,9.791,-0.0246,-0.0123,9.8066,0.0773,-0.2443,0.1544,164.26,-86.06,85.04,52.754658,-1.675476,9.56,4,343.19,22 / 23,25.4995524544086,35.189047531993545,3.024798100002114,97.97085379999054,715.5632825510812,-4.586934271766146,False,34.70000000000027,-2.9794520995386935,7.224755372087425,-91.30839825410965,605.4341365951889,7.81499999999694,337.5889999999696,-28.479004553947295,-27.96429215990612,-189.2792520541002,-110.12914595589234
2616920.0,0.0208,1.0982,9.9344,-0.0031,0.0141,9.8066,-0.0112,0.4884,-0.1911,166.53,-85.93,83.07,52.754658,-1.675476,9.56,4,343.19,22 / 23,25.815993904574313,35.03492356056771,3.030403100002109,100.53663111793735,719.0744811057061,-4.28417421176621,False,34.80000000000018,-3.061336143254732,7.0858638638527776,-91.61127883211967,606.1346646328072,7.718888888891511,336.63400000002605,-28.877330047829044,-27.949059696714933,-192.147909950057,-112.93981647289888
2617020.0,-0.7854,-2.0225,10.1101,0.0213,0.048,9.8065,-0.0875,0.5115,-0.1914,168.21,-85.69,85.55,52.754726,-1.675526,7.77,6,333.77,22 / 23,26.021263949776117,35.09004177157899,3.0519631000020895,103.12849401065252,722.5807293723103,-3.980055901766277,False,34.90000000000009,-3.2339223074044066,7.043028220138348,-91.94108212819441,606.8463121629021,7.749999999999575,335.33700000001767,-29.255186257180522,-28.047013551440642,-195.0695761388469,-115.7344172094082
2617120.0,-0.0965,-1.8033,9.918,-0.0061,0.0249,9.8065,0.0062,0.1994,0.0115,172.31,-85.54,85.48,52.754726,-1.675526,7.77,6,333.77,22 / 23,26.207242169597578,35.27994395388613,3.072703100002071,105.73991931661882,726.0992286585804,-3.6738225917663474,False,35.0,-3.2005325620975333,6.898740197960306,-92.25742406524168,607.5246012157206,7.6049999999999995,335.112,-29.40777473169511,-28.381203755925824,-197.9973433818605,-118.57462744285976
2617220.0,-0.6558,1.2777,9.7231,-0.0765,-0.0542,9.8062,-0.0811,-0.0038,0.0626,172.31,-85.54,85.48,52.754726,-1.675526,7.77,6,333.77,22 / 23,26.41623040921125,35.29762667234225,3.0740931000020697,108.37109294555687,729.6281071898886,-3.36648278176642,False,35.09999999999991,-3.312923679133714,6.786486689605662,-92.58722736130387,608.2028902685385,7.551944444443421,333.9799999999882,-29.729154088344963,-28.511139982736584,-200.95832030686074,-121.42521692135017
2617320.0,-0.7698,1.1713,9.974,-0.0305,0.0029,9.8065,0.0996,0.0518,-0.0939,162.43,-85.76,78.89,52.754726,-1.675526,7.77,6,333.77,22 / 23,26.68672552396252,35.19622836758034,3.078283100002085,111.02624074222521,733.1527999418976,-3.058863971765093,False,35.20000000000027,-3.381316196013844,6.668687952504809,-92.92376133689551,608.8589403350936,7.476944444444444,333.112999999975,-30.068041719976364,-28.52754041507553,-203.95000207912074,-124.29385960680395
2617420.0,-0.2963,-1.1053,9.6997,-0.0474,0.0862,9.8061,-0.067,0.1998,0.0489,161.79,-85.2,77.56,52.754726,-1.675526,7.77,6,333.77,22 / 23,26.912729626178784,35.226988708937476,3.0813031000020823,113.70621349972984,736.6739607957203,-2.7508846617651646,False,35.30000000000018,-3.4725937151914796,6.621615445986047,-93.27375667148814,609.5149904015981,7.476944444444444,332.3260000000215,-30.385323341370263,-28.60537326295143,-206.97997017121799,-127.1589703941222
2617520.0,1.0592,-3.1672,10.4104,0.0513,0.1098,9.8058,0.012,0.4829,-0.2859,161.79,-85.2,77.56,52.754726,-1.675526,7.77,6,333.77,22 / 23,26.9844653451893,35.43681825559584,3.10614310000206,116.40107324829579,740.2071511439437,-2.4415123517652386,False,35.40000000000009,-3.649483856417388,6.5235644077259405,-93.6372133651075,610.1710404695648,7.475000000000026,330.77600000002116,-30.633949201606686,-28.913253847869896,-210.03828661340327,-130.03611067437896
2617620.0,0.9004,-0.3169,10.0506,0.0531,0.0297,9.8064,0.0944,0.5192,-0.2293,170.28,-84.66,82.78,52.754726,-1.675526,7.77,6,333.77,22 / 23,27.012781674701593,35.58453626835233,3.148528100002021,119.10093559928788,743.758218870138,-2.128778791765319,False,35.5,-3.663749384063219,6.470910979728163,-94.000670058754,610.8159710443989,7.436111111111111,330.482,-30.676531058764812,-29.113625288624167,-213.10160565804188,-132.94224782573906
2617720.0,0.6414,2.8186,9.5428,0.0104,-0.0031,9.8066,0.0204,-0.04,0.1928,179.24,-84.48,88.94,52.754726,-1.675526,7.77,6,333.77,22 / 23,27.109497169138283,35.43040106983062,3.147533100002022,121.80704954147741,747.3089657370439,-1.8139757317654033,False,35.59999999999991,-3.638007161897293,6.35643393316977,-94.3641267523738,611.4386626336742,7.323888888887403,330.2159999999852,-30.747504331035575,-29.073967136660855,-216.1711762938512,-135.87030310336968
2617820.0,1.6096,-1.536,9.7515,0.0054,0.0277,9.8065,0.0039,-0.1585,0.0223,174.63,-84.32,89.28,52.754726,-1.675526,7.77,6,333.77,22 / 23,27.1654221173632,35.33053134868818,3.131583100001964,124.52079550581236,750.8470123579826,-1.5000199217640617,False,35.70000000000027,-3.702282311371201,6.192683641758464,-94.73431412550964,612.0613542229515,7.214999999999682,329.12699999997005,-30.8677044287344,-29.13784770692972,-219.255109631322,-138.7856581350311
2617920.0,1.1403,-3.6363,10.0549,-0.0175,0.0344,9.8065,0.01,-0.0048,0.1669,174.63,-84.32,89.28,52.754726,-1.675526,7.77,6,333.77,22 / 23,27.17886985945426,35.554666890647646,3.141238100001955,127.23801010465075,754.3912722699462,-1.186378861764151,False,35.80000000000018,-3.7981057816367003,6.122615247710852,-95.11123217814372,612.6618068266245,7.205000000000272,328.1870000000256,-30.97697564109096,-29.43205164293679,-222.34924228279448,-141.72946544332171
2618019.0,1.5038,-2.7765,9.9775,0.0129,0.0303,9.8066,-0.0213,0.3959,-0.3003,178.93,-83.94,88.39,52.754787,-1.675587,7.53,6,326.31,22 / 23,27.20062946031367,35.837892557516916,3.1619835500018936,129.92979532097127,757.9252039626198,-0.8743693900898892,False,35.89899999999989,-3.8817283619237286,6.119171199090089,-95.4977077956891,613.2672632025041,7.246524999999336,327.61082000000926,-31.082357822237398,-29.718721358426826,-225.42750311666038,-144.6579407601157
2618120.0,1.8953,-0.1715,9.03,0.0249,0.0072,9.8065,-0.0446,0.2695,-0.2273,180.16,-83.64,90.26,52.754787,-1.675587,7.53,6,326.31,22 / 23,27.2002519167258,35.949883944810644,3.1313906500018596,132.67703983051481,761.5504866759914,-0.5565539929893448,False,36.0,-4.001641227705801,6.141316429294716,-95.89872168101057,613.8849510196161,7.33,326.91200000000003,-31.2018931444316,-29.80856751551593,-228.5757615115254,-147.66553565637525
2618220.0,2.0742,3.6164,9.7281,0.0299,0.0041,9.8066,0.0905,-0.0358,0.1479,180.16,-83.64,90.26,52.754787,-1.675587,7.53,6,326.31,22 / 23,27.173053376148484,35.740992382876506,3.0886306500018983,135.39570509515605,765.1350304923725,-0.24555292798943978,False,36.09999999999991,-4.119436457444278,6.107545638030937,-96.30929313121642,614.4965231157585,7.366944444445865,326.00099999999935,-31.29248983359276,-29.633446744845568,-231.70499822637248,-150.63850737661403
2618320.0,2.8858,-1.1326,10.5761,-0.0009,-0.0127,9.8066,-0.0407,-0.2122,0.1908,181.3,-83.7,92.08,52.754787,-1.675587,7.53,6,326.31,22 / 23,27.097240374639412,35.581445294502956,3.123175650002024,138.1092197827053,768.7011523762544,0.06503738701188627,False,36.20000000000027,-4.182763694298468,6.1904756773858125,-96.72659526095232,615.1192147057438,7.4711111111163895,325.9539999999877,-31.28000406893788,-29.390969617117143,-234.83581504365765,-153.58193767051057
2618420.0,2.2524,-2.3256,10.8309,0.0142,0.0399,9.8065,0.0969,-0.0711,0.0639,186.61,-83.59,92.5,52.754787,-1.675587,7.53,6,326.31,22 / 23,27.024522462739704,35.72136918503978,3.2128606500019425,140.8153079245718,772.2662931002283,0.3818392020117965,False,36.30000000000018,-4.318360152165457,6.298784489379773,-97.16408942918305,615.7419062942665,7.636944444439919,325.56600000001055,-31.34288261490516,-29.422584695660003,-237.97939735375485,-156.52438680596174
2618520.0,1.9354,-0.2631,9.6603,0.0467,0.0429,9.8064,0.0019,0.4554,-0.0969,187.78,-83.31,94.58,52.754787,-1.675587,7.53,6,326.31,22 / 23,26.997836371030626,35.81801922544539,3.2567556500019026,143.51642586625786,775.8432625207492,0.7053200170116946,False,36.40000000000009,-4.581934707078549,6.380195870035801,-97.6217756359743,616.3868368690999,7.854999999997025,324.316000000017,-31.579771078109175,-29.437823355409588,-241.13820150223216,-159.4564256516494
2618620.0,2.2262,1.3758,10.2052,0.0349,-0.0047,9.8065,-0.0142,0.4411,-0.208,187.78,-83.31,94.58,52.754787,-1.675587,7.53,6,326.31,22 / 23,26.94944737012913,35.731415759748934,3.269365650001891,146.2137900533134,779.4207342700057,1.0316260820115875,False,36.5,-4.7686765003244185,6.3561313883035115,-98.10638456080916,617.0206479500935,7.946111111111112,323.121,-31.718123870453546,-29.375284371445424,-244.32017461412255,-162.40008631991225
2618721.0,3.6291,1.0602,10.056,-0.0155,0.0224,9.8066,-0.1003,0.231,-0.0656,188.49,-83.2,95.83,52.754787,-1.675587,7.53,6,326.31,22 / 23,26.806068544309074,35.59062309266536,3.3020846000019275,148.92844360699556,783.0224972320567,1.3634843196371509,False,36.60100000000011,-4.822277503993835,6.534228585207601,-98.59604149526623,617.6833697136658,8.121000000003342,323.57278999998704,-31.62834604830291,-29.05639450745776,-247.5244851022618,-165.3391275183909
2618819.0,2.3698,-1.3274,10.2515,-0.0404,0.0437,9.8064,-0.1112,0.1055,0.0538,187.05,-82.98,93.61,52.754787,-1.675587,7.53,6,326.31,22 / 23,26.67726060932032,35.58587667317185,3.3361004000019125,151.54912673552224,786.5101457205811,1.688755384637194,False,36.69900000000007,-5.0387328407997565,6.63059327919039,-99.09074643938986,618.3371958828507,8.327888888895147,322.7682099999756,-31.715993450120077,-28.955283393981464,-250.6398731749121,-168.17294983773047
2618920.0,1.4366,-2.0623,9.9901,-0.0257,-0.0306,9.8065,0.0712,-0.0275,0.2,187.05,-82.98,93.61,52.754787,-1.675587,7.53,6,326.31,22 / 23,26.675214584939713,35.72124216719624,3.367829550001948,154.2434267328354,790.1111552220237,2.0273038471127673,False,36.80000000000018,-5.297521832614544,6.648695552989974,-99.6275181304216,619.0110371380925,8.501111111106443,321.4530000000356,-31.97273641755426,-29.072546614206264,-253.870944863257,-171.1001180839312
2619020.0,1.0044,-2.0506,9.9,0.0226,-0.0158,9.8066,-0.0206,0.3314,-0.2519,186.92,-83.17,92.54,52.75485,-1.675664,8.82,6,319.23,22 / 23,26.745201068629935,35.88287851484213,3.3816695500019356,156.91444751551145,793.6913612561224,2.364778802112655,False,36.90000000000009,-5.466597194303251,6.7473136394983415,-100.17943385037155,619.6782066977778,8.683888888886395,320.98600000000636,-32.211798262933186,-29.135564875343793,-257.093881365883,-174.01315455834458
2619120.0,0.6877,-0.0455,10.2608,0.0274,-0.0244,9.8065,0.0161,0.2523,0.0437,187.52,-83.29,94.05,52.75485,-1.675664,8.82,6,319.23,22 / 23,26.839788299352083,35.939438762859986,3.409044550001911,159.59369698390813,797.2824771200043,2.7043145071125383,False,37.0,-5.663608058829737,6.791404517078984,-100.74481092935027,620.3564957505957,8.843055555555555,320.17400000000004,-32.50339635818182,-29.148034245781,-260.3385079132584,-176.92598136940853
2619220.0,1.0134,-1.2141,10.8476,0.0187,-0.0603,9.8064,0.0444,0.1043,-0.0633,193.49,-83.63,95.44,52.75485,-1.675664,8.82,6,319.23,22 / 23,26.932949741922155,35.94969607377909,3.483799550001843,162.2823338859694,800.876933861833,3.0489567121124126,False,37.09999999999991,-5.884992893168612,6.758942733349476,-101.33711072638616,621.0347848027064,8.961944444446356,318.9539999999908,-32.817942635090766,-29.190753340429612,-263.61944461235555,-179.84214905912654
2619320.0,1.7414,-2.791,9.9365,0.0122,-0.0042,9.8066,0.0425,-0.2151,0.1262,193.49,-83.63,95.44,52.75485,-1.675664,8.82,6,319.23,22 / 23,27.00427663285268,36.10075825440445,3.542339550002056,164.97919520471794,804.4794565782553,3.4002636671138857,False,37.20000000000027,-6.0572615642824825,6.793745286046534,-101.94287188241329,621.713073855528,9.101944444447762,318.27999999998974,-33.061538197135164,-29.307012968357913,-266.9220670871312,-182.76638272272726
2619420.0,0.8026,-3.2631,9.7159,0.0051,0.0081,9.8066,0.0646,-0.229,0.2068,200.03,-83.63,96.12,52.75485,-1.675664,8.82,6,319.23,22 / 23,27.124061932068614,36.339218828186965,3.5442945500020544,167.68561213296155,808.1014554323816,3.754595372113769,False,37.30000000000018,-6.1651041167380285,6.836956414944509,-102.56209439746077,622.4024824007217,9.20611111110827,317.95800000000884,-33.28916604880664,-29.502262413242455,-270.2477065304223,-185.69897303165988
2619520.0,1.5583,1.4971,10.5864,-0.0086,0.0073,9.8066,-0.0718,0.1852,-0.1256,194.31,-83.61,95.56,52.75485,-1.675664,8.82,6,319.23,22 / 23,27.2014116296225,36.36726319056037,3.578744550002023,170.40188581104363,811.7367795333157,4.110747327113649,False,37.40000000000009,-6.417358490759551,6.776683259835131,-103.20823963056921,623.0807714535401,9.333055555553825,316.5600000000191,-33.61877012038205,-29.59057993072524,-273.6101254416128,-188.65600807977557
2619620.0,-0.214,1.9486,10.6176,0.0104,0.0017,9.8066,0.0278,0.4674,-0.2231,194.31,-83.61,95.56,52.75485,-1.675664,8.82,6,319.23,22 / 23,27.251149875148876,36.13887653886471,3.6582795500019505,173.12451388627971,815.3620865197837,4.472598532113518,False,37.5,-6.56925288241903,6.910943609003714,-103.86784622271998,623.7701799987836,9.535,316.452,-33.820402757567905,-29.227932929860994,-276.9923601089997,-191.59190652100006
2619720.0,0.98,-1.9154,10.5496,0.0282,0.0105,9.8065,0.0338,-0.1105,0.1493,194.59,-83.59,96.07,52.75485,-1.675664,8.82,6,319.23,22 / 23,27.371400317122013,36.06840481008089,3.7359745500018797,175.85564139589079,818.9724505872277,4.842311237113374,False,37.59999999999991,-6.637749153542694,6.961559425262549,-104.52745281487131,624.470708036453,9.618888888890377,316.363999999991,-34.00914947066471,-29.106845384818342,-280.3830942107621,-194.5017425507748
2619820.0,-1.0599,-3.1545,9.1212,0.0245,0.0087,9.8066,0.0298,-0.2659,0.116,200.94,-83.27,97.99,52.75485,-1.675664,8.82,6,319.23,22 / 23,27.60619584075127,36.21452455648517,3.7388495500018903,178.60452120379446,822.5865970555692,5.216052442114922,False,37.70000000000027,-6.794222697525665,6.962298674177836,-105.21398212505565,625.1601165817002,9.728055555558447,315.69999999998663,-34.40041853827694,-29.252225882307336,-283.8185033288501,-197.426480473869
2619922.0,0.9558,-2.3365,8.8461,0.0359,0.0359,9.8065,-0.0131,-0.0541,0.0587,196.63,-83.0,98.98,52.75485,-1.675664,8.82,6,319.23,22 / 23,27.85536264247241,36.381743222425065,3.654903550002004,181.43306068643503,826.2890067122886,5.59313385021461,False,37.802000000000135,-6.908094323039435,6.9777327258254696,-105.92083808732721,625.8746551793786,9.818888888888889,315.2873399999913,-34.76345696551185,-29.404010496599597,-287.35389877376224,-200.41435153291002
2620019.0,1.4594,1.2183,10.1521,0.0049,-0.0015,9.8066,0.1056,0.1517,-0.1283,196.63,-83.0,98.98,52.75491,-1.675762,9.67,6,315.27,22 / 23,27.908183060073117,36.385391802249025,3.62507120000208,184.13759265300158,829.8182127609763,5.946212625588907,False,37.89899999999989,-6.870548546939796,7.014706869123623,-106.58024275907293,626.5541673766029,9.818888888888889,315.594829999995,-34.778731607012915,-29.370684933125403,-290.7178354120745,-203.2640453843734
2620120.0,1.4835,0.0534,8.2839,0.0105,0.0132,9.8066,-0.0975,0.3316,-0.2033,200.94,-82.89,98.76,52.75491,-1.675762,9.67,6,315.27,22 / 23,27.90130727029076,36.28084473107602,3.5656175500020137,186.9559719146881,833.4878577059133,6.309342407464519,False,38.0,-7.027910269985277,7.012472057073239,-107.29376209411762,627.2617006953648,9.928055555555556,314.937,-34.92921754027604,-29.268372674002784,-294.2497340088057,-206.2261570105485
2620220.0,0.705,-3.5351,8.4919,-0.0223,0.0253,9.8065,-0.0214,0.0843,-0.0436,205.5,-82.73,98.35,52.75491,-1.675762,9.67,6,315.27,22 / 23,28.018703065457945,36.37814770461185,3.423742550002143,189.75197243147298,837.1208073276944,6.658810412464409,False,38.09999999999991,-7.111820525328811,7.081351216404399,-108.00721412235534,627.9733482254597,10.03611111111073,314.87700000000007,-35.13052359078676,-29.29679648820745,-297.75918655382833,-209.14745910223462
2620320.0,-1.0047,-2.2701,9.1823,-0.0651,0.0758,9.8061,-0.0765,-0.1053,0.046,205.5,-82.73,98.35,52.75491,-1.675762,9.67,6,315.27,22 / 23,28.29649757427069,36.526548840379434,3.3267875500017903,192.56773246346967,840.7660421549572,6.996336917465833,False,38.20000000000027,-7.091446702720102,7.0620506700014065,-108.71393547109598,628.6738762631329,10.008055555560587,314.88099999999633,-35.387944276990794,-29.46449817037803,-301.28166793456563,-212.09216589182427
2620420.0,-0.7586,-2.8588,10.6117,-0.0227,0.0054,9.8066,-0.0266,0.0033,0.0905,197.78,-82.32,92.52,52.75491,-1.675762,9.67,6,315.27,22 / 23,28.61634442969322,36.634610547564726,3.335822550001782,195.4133745636653,844.4241001243511,7.329467422465709,False,38.30000000000018,-7.21769956838503,7.159233762345218,-109.43411817876886,629.3966432870158,10.166111111106797,314.7670000000031,-35.83404399807825,-29.47537678521951,-304.84749274243416,-215.0274568373353
2620520.0,1.6409,-0.7579,10.2904,0.0217,-0.0311,9.8066,0.1077,0.2413,-0.1121,196.52,-82.29,92.31,52.75491,-1.675762,9.67,6,315.27,22 / 23,28.781609309894375,36.73304017220064,3.400262550001724,198.28327225064206,848.092482660336,7.666271677465578,False,38.40000000000009,-7.3866925188495,7.189769326505027,-110.17449292506294,630.1194103095364,10.30805555555362,314.2260000000074,-36.16830182874388,-29.543270845695613,-308.457765175705,-217.9730723507996
2620620.0,0.2284,0.6068,10.7396,0.0594,-0.0562,9.8063,0.029,-0.051,0.0252,196.52,-82.29,92.31,52.75491,-1.675762,9.67,6,315.27,22 / 23,28.848474558785075,36.682785866657014,3.4710975500016596,201.1647764440734,851.7632739622755,8.009839682465435,False,38.5,-7.40827091027466,7.333142688362166,-110.91486767134418,630.8532968258974,10.42388888888889,314.708,-36.25674546905974,-29.349643178294848,-312.0796441154176,-220.9099771363782
2620720.0,-0.2149,-1.2138,10.2577,0.0991,0.0037,9.8061,0.1363,-0.2275,0.1328,199.86,-82.49,95.57,52.75491,-1.675762,9.67,6,315.27,22 / 23,29.011366135538612,36.621877395887566,3.5402975500015965,204.05776847878695,855.4285071253994,8.360409437465279,False,38.59999999999991,-7.522989166024548,7.366283679199064,-111.66870377665384,631.5871833415508,10.528888888888385,314.39699999999436,-36.53435530156316,-29.2555937166885,-315.7264722554408,-223.84132378384857
2620820.0,0.7332,-3.176,9.4598,-0.0031,0.0306,9.8065,-0.0079,-0.166,0.0302,201.64,-82.13,99.72,52.75491,-1.675762,9.67,6,315.27,22 / 23,29.214259194749715,36.74121777526976,3.5455075500016155,206.96904974531196,859.0966618839706,8.714699692466729,False,38.70000000000027,-7.549435376786256,7.286077388904691,-112.42253988195375,632.3099503647825,10.491944444447848,313.98300000000273,-36.76369457153597,-29.45514038636507,-319.3915896272657,-226.7867115191881
2620920.0,-0.2514,-2.3651,9.6696,-0.0259,0.0263,9.8065,-0.0892,0.1948,-0.0519,200.76,-82.04,98.29,52.75491,-1.675762,9.67,6,315.27,22 / 23,29.43935939350506,36.91208384784103,3.5213125500016376,209.90173067472205,862.7793269651228,9.06804069746657,False,38.80000000000018,-7.615459131903275,7.371650282620675,-113.18310666673564,633.0438368803827,10.59888888888597,314.06799999999765,-37.054818525408336,-29.540433565220358,-323.08483734145767,-229.73549008474004
2621020.0,1.7923,-0.3411,8.8838,-0.0512,-0.0275,9.8064,-0.0976,0.3779,-0.2194,200.76,-82.04,98.29,52.754974,-1.675873,10.4,6,313.58,22 / 23,29.562963322016763,36.97066359703254,3.468317550001686,212.85184681049546,866.4734643373631,9.417522202466419,False,38.90000000000009,-7.684412432625086,7.369344039220143,-113.95040413106013,633.7888428884618,10.64694444444379,313.8010000000036,-37.24737575464185,-29.6013195578124,-326.8022509415556,-232.68462144890134
2621120.0,-0.3559,1.2748,9.0852,-0.0249,0.0522,9.8064,0.0701,0.1723,-0.1559,194.68,-82.3,96.63,52.754974,-1.675873,10.4,6,313.58,22 / 23,29.638587625676298,36.86504193410414,3.3861025500017607,215.81192435787742,870.1652496139166,9.76024320746628,False,39.0,-7.8162647523121604,7.429553478484676,-114.73789363392714,634.533848896541,10.783888888888889,313.547,-37.45485237798846,-29.435488455619463,-330.54981799180456,-235.63140071737553
2621219.0,-2.2133,-3.649,8.5468,-0.0308,-0.0321,9.8065,-0.0605,-0.238,0.1699,198.76,-82.12,94.8,52.754974,-1.675873,10.4,6,313.58,22 / 23,29.953858527165895,36.85161665004943,3.288028200001602,218.76175044244786,873.8142242138381,10.090612679591981,False,39.09900000000016,-7.91161794518494,7.445594159997498,-115.51750824176771,635.271404845942,10.864188888890185,313.2618799999954,-37.865476472350835,-29.40602249005193,-334.27925868421556,-238.54281936789607
2621319.0,-1.8231,-3.6077,9.6711,-0.0901,0.004,9.8061,0.1057,-0.2838,0.0333,198.76,-82.12,94.8,52.754974,-1.675873,10.4,6,313.58,22 / 23,30.412565893855813,37.04022763553239,3.2182582000016655,221.78007166349622,877.5088164281138,10.415926999591848,False,39.19900000000007,-7.979074969381364,7.528370175823325,-116.31832449007335,636.0274191522373,10.970050000003146,313.3352300000023,-38.39164086323718,-29.511857459709063,-338.0983961535696,-241.4813972758766
2621420.0,1.7651,0.537,8.5438,-0.0205,0.0449,9.8065,0.004,-0.1408,0.1245,191.76,-82.25,91.04,52.754974,-1.675873,10.4,6,313.58,22 / 23,30.622942916169464,37.09343151014882,3.1476390000015866,224.86236485840593,881.2525662149749,10.737404808192371,False,39.30000000000018,-7.970530262069582,7.564808414875289,-117.12055418100404,636.7911059084082,10.988888888888404,313.5039999999954,-38.593473178239044,-29.52862309527353,-341.98291903941,-244.46146030656666
2621520.0,-0.7154,0.4009,9.1913,-0.0074,-0.024,9.8065,-0.0754,0.2604,-0.0787,190.03,-81.77,90.11,52.754974,-1.675873,10.4,6,313.58,22 / 23,30.724603191179824,36.99062890703067,3.053729000001672,227.9297421637706,884.9567692358305,11.047473208192253,False,39.40000000000009,-8.134283392083468,7.54985237017515,-117.94169708142822,637.5472314096204,11.098055555554067,312.8660000000087,-38.85888658326329,-29.44077653685552,-345.8714392451988,-247.4095378262101
2621620.0,-2.3907,-9.4183,7.3255,-0.0569,0.0845,9.806,-0.0229,0.7961,-0.6062,185.19,-81.9,89.14,52.754974,-1.675873,10.4,6,313.58,22 / 23,31.08331432946664,37.36372696365873,2.898904000001813,231.02013803980012,888.6744870293616,11.345104858192157,False,39.5,-8.105521785370923,7.589259848210985,-118.7493786228249,638.3033569101254,11.103888888888887,313.116,-39.188836114837564,-29.77446711544774,-349.76951666262505,-250.3711301192361
2621720.0,0.0803,-2.3635,8.1292,-0.0888,0.1992,9.8042,-0.2883,0.6916,-0.3673,185.19,-81.9,89.14,52.754974,-1.675873,10.4,6,313.58,22 / 23,31.419482583676302,37.887834634495384,2.690974000002002,234.14527788545442,892.4370651092659,11.624598758192093,False,39.59999999999991,-8.094405511277037,7.564547470362212,-119.56379084373563,639.059482412045,11.078888888889328,313.0619999999981,-39.51388809495334,-30.32328716413317,-353.70906872919005,-253.37758269722087
2621820.0,1.3218,5.2084,8.636,-0.0402,-0.007,9.8065,-0.0101,0.1671,-0.1237,182.24,-80.45,83.6,52.754974,-1.675873,10.4,6,313.58,22 / 23,31.519019287617,37.70048636269454,2.5485690000014842,237.29220297903052,896.2164811591391,11.88657590819322,False,39.70000000000027,-8.136592804003596,7.566547935840866,-120.37820306466362,639.8156079132611,11.111111111114894,312.92099999999067,-39.6556120916206,-30.133938426853675,-357.67040604369413,-256.40087324587796
2621920.0,1.1058,-4.4076,8.7495,-0.0348,-0.0322,9.8065,0.0481,-0.6185,0.3164,176.15,-80.74,80.47,52.754974,-1.675873,10.4,6,313.58,22 / 23,31.544954115779483,37.62476363573061,2.4371790000015854,240.44540164919746,899.982743659057,12.135863308193148,False,39.80000000000018,-8.262521857327048,7.605500151674431,-121.19934596502878,640.5828529068432,11.229999999996755,312.629000000008,-39.807475973106534,-30.01926348405618,-361.6447476142263,-259.39989075221376
2622020.0,-0.198,-5.7998,8.7815,-0.0614,-0.0192,9.8064,-0.0864,-0.5569,0.4185,176.15,-80.74,80.47,52.755047,-1.675997,11.01,6,313.17,22 / 23,31.63933566963434,38.10583480509165,2.3330640000016802,243.60461613846527,903.7692735810946,12.374375458193095,False,39.90000000000009,-8.252630533910468,7.691395008188528,-122.02721954495435,641.3500979011884,11.281111111110413,312.9839999999952,-39.89196620354481,-30.414439796903125,-365.63183568341964,-262.4191756799062
2622120.0,0.1627,-2.2201,8.5937,-0.0009,0.0865,9.8062,-0.0209,0.3,-0.1673,175.28,-80.82,78.18,52.755047,-1.675997,11.01,6,313.17,22 / 23,31.78661869205041,38.482016856806645,2.2211590000017822,246.77591385654662,907.598666164186,12.60208660819306,False,40.0,-8.30286323379628,7.725494376118713,-122.86182380440759,642.1284623872518,11.341111111111111,312.937,-40.08948192584669,-30.75652248068793,-369.6377376609542,-265.4702037769342
2622220.0,-0.1046,0.1437,9.4595,0.018,0.0031,9.8066,-0.1104,0.2117,-0.1649,180.0,-80.13,78.68,52.755047,-1.675997,11.01,6,313.17,22 / 23,31.9476864147293,38.555202440979194,2.143154000001853,249.9626291118827,911.4505271290718,12.820302258193044,False,40.09999999999991,-8.277772099475074,7.675773668813168,-123.68296670483268,642.8845878884642,11.288888888889534,312.83899999999676,-40.22545851420438,-30.879428772166026,-373.6455958167154,-268.5659392406076
2622320.0,-0.5753,-0.1567,9.7188,0.0355,-0.0073,9.8065,0.0889,0.0152,-0.0619,181.56,-80.17,79.9,52.755047,-1.675997,11.01,6,313.17,22 / 23,32.153212251355434,38.51601221301174,2.121404000001774,253.1676740451986,915.3040878617854,13.033530158194,False,40.20000000000027,-8.344478368153341,7.673141200765437,-124.51757096427619,643.6518328821061,11.336111111111395,312.6000000000105,-40.497690619508774,-30.842871012246306,-377.6852450094748,-271.65225497967936
2622420.0,0.9029,-2.4279,8.7474,-0.0123,-0.0075,9.8066,-0.0634,-0.2324,0.1113,181.56,-80.17,79.9,52.755047,-1.675997,11.01,6,313.17,22 / 23,32.31115294988296,38.60425347672366,2.0640490000018263,256.3908923052576,919.1601011462687,13.242802808193991,False,40.30000000000018,-8.306789273047517,7.726983691789251,-125.34544454415507,644.4301973688202,11.344999999999756,312.92899999999105,-40.61794222293048,-30.877269784934413,-381.7363368494126,-274.7299037774485
2622520.0,-1.2784,-3.444,8.9157,-0.0865,0.01,9.8062,0.0368,0.033,-0.1226,175.89,-80.21,79.48,52.755047,-1.675997,11.01,6,313.17,22 / 23,32.49316645385492,38.87032261369297,1.9665390000019152,259.63110827544153,923.0338299507861,13.444332208193995,False,40.40000000000009,-8.372491304421814,7.778293073561797,-126.18004880359483,645.2085618555913,11.428055555554424,312.8930000000005,-40.86565775827673,-31.092029540131172,-385.8111570790364,-277.8252680951948
2622619.0,-3.7552,-1.8801,8.6517,-0.1071,0.0477,9.8059,-0.0116,0.1248,-0.0703,174.66,-79.87,76.04,52.755047,-1.675997,11.01,6,313.17,22 / 23,32.89302838688447,39.132643406056644,1.8652669500017514,262.8677249200634,926.8949767687699,13.634006602719483,False,40.49900000000025,-8.475479166984874,7.771721164272008,-127.01963376589367,645.9791426974964,11.499280555555726,312.51976999999914,-41.36850755386934,-31.360922241784635,-389.88735868595705,-280.9158340712735
2622720.0,0.4109,-2.3044,9.4313,0.0034,0.0094,9.8066,-0.0671,-0.0015,-0.0489,174.66,-79.87,76.04,52.755047,-1.675997,11.01,6,313.17,22 / 23,33.21779304041206,39.33798739204857,1.7879868000020132,266.2063214021305,930.8577436240607,13.818495917094047,False,40.59999999999991,-8.387991986405583,7.861435054431459,-127.86944936101722,646.7764103208514,11.496111111112667,313.1439999999958,-41.60578502681764,-31.476552337617107,-394.0757707631477,-284.08133330320936
2622820.0,2.3961,-0.0555,10.1926,-0.0153,0.0135,9.8065,-0.013,-0.1226,-0.0214,174.73,-79.82,76.18,52.755047,-1.675997,11.01,6,313.17,22 / 23,33.241579642334564,39.42187990301526,1.788516800002015,269.52929003628,934.7957369888283,13.997321097094899,False,40.70000000000027,-8.513921207803449,7.89336719450893,-128.7175149794894,647.5658943000518,11.61000000000153,312.8340000000184,-41.75550085013801,-31.52851270850633,-398.2468050157694,-287.22984268877644
2622920.0,2.5098,-0.947,10.2554,-0.0224,-0.0137,9.8066,-0.0243,-0.1949,-0.0132,174.49,-79.73,75.72,52.755047,-1.675997,11.01,6,313.17,22 / 23,33.16711854860132,39.42830520768621,1.8302518000019772,272.84972494582377,938.7382462443597,14.178259527094934,False,40.80000000000018,-8.468770061338184,8.01187824324427,-129.5655805979228,648.3664977723231,11.658055555554245,313.4119999999843,-41.63588860993951,-31.41642696444194,-402.41530554374657,-290.37174847203664
2623020.0,2.4398,-2.7577,9.3094,-0.0901,0.0038,9.8062,0.0139,-0.0846,-0.0019,174.49,-79.73,75.72,52.755116,-1.676118,11.41,6,313.57,21 / 23,33.07758768477001,39.568871292580354,1.8278268000019795,276.16196025748934,942.6881050693695,14.361163457094966,False,40.90000000000009,-8.51543832968881,7.959411805393358,-130.41364621639116,649.1559817515199,11.656111111111139,313.0670000000047,-41.593026014458815,-31.609459487186996,-406.5756064738805,-293.5321233178496
2623120.0,0.6782,-1.3726,9.8457,-0.0425,0.0143,9.8065,-0.0929,0.0673,-0.0008,168.07,-79.65,72.82,52.755116,-1.676118,11.41,6,313.57,21 / 23,33.07072250715965,39.7443174714906,1.8049168000020004,279.4693757670828,946.6537645075695,14.542800637094999,False,41.0,-8.546941928181896,7.998926241813044,-131.26844251436023,649.9565852238493,11.706111111111111,313.103,-41.617664435341545,-31.74539122967755,-410.737818281443,-296.6971792837202
2623220.0,0.2922,-0.8566,9.6012,-0.0146,-0.0078,9.8066,0.0223,0.1535,-0.1109,167.71,-79.51,71.58,52.755116,-1.676118,11.41,6,313.57,21 / 23,33.175704401684484,39.84334377283786,1.796596800002008,282.781697112522,950.6331475697823,14.722876317095036,False,41.09999999999991,-8.50374661217467,8.072293264987648,-132.11650813282864,650.76830818719,11.725000000001584,313.50900000000416,-41.67945101385915,-31.771050507850212,-414.89820524535065,-299.8648393825923
2623320.0,-0.3888,-2.1354,9.6301,-0.0714,0.0154,9.8063,-0.0148,0.0187,0.0336,167.07,-79.33,69.48,52.755116,-1.676118,11.41,6,313.57,21 / 23,33.32309712839142,39.99217840310261,1.7774968000019387,286.1066371890379,954.6249236785939,14.901580997095884,False,41.20000000000027,-8.544583281147553,8.197683142034975,-132.9713044308287,651.591150645081,11.841111111110793,313.81299999997606,-41.86768040953897,-31.794495261067638,-419.0779416198666,-303.03377303351283
2623420.0,0.1951,-1.5294,9.6467,0.0085,0.025,9.8065,0.0463,0.0025,-0.0866,167.07,-79.33,69.48,52.755116,-1.676118,11.41,6,313.57,21 / 23,33.46725380269394,40.17560418156583,1.7606718000019541,289.4461547355891,958.6333128078236,15.078489427095917,False,41.30000000000018,-8.644131550148575,8.078005933842126,-133.83283140824938,652.391754116645,11.831111111111385,313.0610000000205,-42.11138535284252,-32.0975982477237,-423.2789861438385,-306.2415586911786
2623520.0,-0.7222,-2.3537,9.064,-0.0026,-0.0099,9.8065,-0.0762,0.3689,-0.1471,167.1,-79.2,69.91,52.755116,-1.676118,11.41,6,313.57,21 / 23,33.62528042211452,40.37334762827896,1.715541800001995,292.8007814468265,962.6607603983122,15.252300107095957,False,41.40000000000009,-8.666837913487855,8.22164772173463,-134.70108906526013,653.2145965738251,11.946111111109543,313.48999999999415,-42.292118335602375,-32.15169990654432,-427.5018705120866,-309.44616382448703
2623620.0,-0.895,-7.6058,8.7735,0.0043,0.0099,9.8066,0.0171,0.2719,-0.3132,166.57,-79.3,69.85,52.755116,-1.676118,11.41,6,313.57,21 / 23,33.76511187336486,40.87979373065074,1.626751800002076,296.1703010615974,966.723417466255,15.419414787096008,False,41.5,-8.652214585169975,8.367027754895059,-135.5626160427436,654.059678015857,12.03611111111111,314.04,-42.41732645853483,-32.512765975755684,-431.732917104341,-312.663739450398
2623719.0,2.3842,1.0837,9.4793,-0.0487,0.0855,9.8061,-0.0947,-0.8681,0.421,166.57,-79.3,69.85,52.755116,-1.676118,11.41,6,313.57,21 / 23,33.79236170442669,41.180844583154105,1.5594070500019672,299.5143960037035,970.7854190627949,15.577129650171463,False,41.59900000000016,-8.642819258205623,8.406339793140498,-136.4155277504675,654.8853003466696,12.056736111111444,314.2053300000027,-42.435180962632316,-32.77450479001361,-435.929923754171,-315.90011871612523
2623819.0,1.2582,5.1313,10.1807,-0.0466,0.0018,9.8065,0.0472,-0.5424,0.4235,162.05,-78.74,69.02,52.755116,-1.676118,11.41,6,313.57,21 / 23,33.883469039195816,40.848103398287016,1.5617420500019652,302.89818754088157,974.8868664618632,15.733187105171517,False,41.69900000000007,-8.735849892537146,8.36727115964896,-137.2903814734026,655.7192622969834,12.09654444444563,313.7654599999868,-42.61931893173296,-32.48083223863806,-440.18856901428416,-319.1676041648798
2623919.0,-0.3753,-1.4299,10.3192,-0.0082,-0.0552,9.8064,0.069,0.0686,-0.2267,161.3,-78.67,66.74,52.755116,-1.676118,11.41,6,313.57,21 / 23,34.07222969787826,40.67754955952361,1.606072050001925,306.29597247773216,978.96314910975,15.891577810171567,False,41.79899999999998,-8.747665735816708,8.513973179421209,-138.15870643714595,656.5752408415387,12.20694444444125,314.2243199999866,-42.81989543369497,-32.163576380102405,-444.4546789148781,-322.3879082682113
2624020.0,0.6759,-1.5289,9.0182,0.0052,0.0219,9.8066,0.0374,0.339,-0.2301,160.2,-79.0,65.65,52.755188,-1.676242,12.07,6,315.63,21 / 23,34.18485490050403,40.83531773895544,1.5921391000019096,309.7429552499543,983.0795489083278,16.05308747324694,False,41.90000000000009,-8.81105484751634,8.641084187230444,-139.04910802972944,657.4511232784748,12.341111111109294,314.4419999999971,-42.99590974802037,-32.19423355172499,-448.79206327968376,-325.6284256298529
2624119.0,0.492,-4.1183,10.0778,-0.001,0.0411,9.8065,-0.0066,-0.007,0.0865,160.2,-79.0,65.65,52.755188,-1.676242,12.07,6,315.63,21 / 23,34.208169336635926,41.102173443622966,1.5665327500018682,313.1284099496982,987.135454721872,16.20944172982238,False,41.99900000000025,-8.838759089051377,8.604071661710782,-139.9286732283163,658.309770502492,12.335061111111097,314.22914999999955,-43.046928425687305,-32.49810178191218,-453.0570831780145,-328.8256842193799
2624219.0,0.9805,-2.5906,9.3374,-0.0058,0.0187,9.8065,-0.0423,-0.1465,0.0143,160.81,-78.7,66.43,52.755188,-1.676242,12.07,6,315.63,21 / 23,34.200654583318986,41.416536937980446,1.5566277500018773,316.5488511456928,991.2613902409483,16.365599754822426,False,42.09900000000016,-8.767028171333799,8.798974853568327,-140.79713280572577,659.1880992282915,12.421075000001391,315.1041400000142,-42.967682754652785,-32.61756208441212,-457.3459839514186,-332.0732910126568
2624320.0,1.0979,0.5669,9.7844,0.0149,0.0048,9.8065,0.1187,0.037,0.0051,161.66,-78.34,66.75,52.755188,-1.676242,12.07,6,315.63,21 / 23,34.24354683865387,41.49991693797433,1.5318070000018496,320.0052833175063,995.4486711616887,16.52156570969779,False,42.20000000000027,-8.877681880383683,8.8297784733,-141.69426507782495,660.0864430413574,12.521111111113303,314.8450000000099,-43.12122871903755,-32.670138464674324,-461.69954839533125,-335.36222812033134
2624420.0,1.8587,0.4702,8.9554,0.0074,-0.001,9.8066,-0.07,0.2167,-0.256,161.66,-78.34,66.75,52.755188,-1.676242,12.07,6,315.63,21 / 23,34.29422728438792,41.42340053256292,1.4881320000018894,323.4321720236553,999.5948370352118,16.67256265969784,False,42.30000000000018,-8.878202518981333,8.926680235782284,-142.5827147733005,660.9760024537346,12.58999999999812,315.15599999999154,-43.172429803369255,-32.49672029678064,-466.0148867969558,-338.61883458147713
2624520.0,3.3666,-2.9721,8.7811,-0.0474,-0.0591,9.8063,0.001,-0.2165,-0.0254,155.95,-78.36,66.95,52.755188,-1.676242,12.07,6,315.63,21 / 23,34.17242713293362,41.46680917250869,1.3942920000019747,326.85550474451827,1003.7393475204616,16.8166838596979,False,42.40000000000009,-9.019157739461763,8.948285795093215,-143.48462582786868,661.8766813593093,12.704999999998432,314.77400000000523,-43.19158487239538,-32.51852337741548,-470.34013057238695,-341.86266616115233
2624620.0,2.8081,-3.7187,9.4859,-0.0111,0.0271,9.8066,0.096,-0.3696,0.1685,154.71,-78.53,64.16,52.755188,-1.676242,12.07,6,315.63,21 / 23,33.92325964415729,41.6804076681522,1.326977000002036,330.26028908336974,1007.8967083624908,16.952747309697976,False,42.5,-8.914214643145195,9.181424966209402,-144.37307552342244,662.7995992504425,12.796944444444446,315.846,-42.837474287302484,-32.49898270194279,-474.63336460679216,-345.0971091120483
2624720.0,2.9457,0.9818,9.3663,0.0,0.0747,9.8063,-0.0386,-0.299,0.1244,155.6,-78.14,65.07,52.755188,-1.676242,12.07,6,315.63,21 / 23,33.774407155288934,41.72187685482305,1.2889220000020707,333.645172423339,1012.0668225886358,17.083542259698064,False,42.59999999999991,-9.081412643067983,9.089658414118361,-145.28171725747836,663.7002781567252,12.84888888888949,315.0260000000056,-42.85581979835692,-32.63221844070469,-478.92688968081734,-348.3665444319106
2624820.0,0.9819,-0.7439,8.9688,0.021,0.0713,9.8063,-0.0181,-0.1768,0.0198,155.6,-78.14,65.07,52.755188,-1.676242,12.07,6,315.63,21 / 23,33.772160874991044,41.667473058560795,1.2250120000018383,337.0225008248653,1016.2362900843201,17.209238959698716,False,42.70000000000027,-9.047128449829042,9.18587765927198,-146.18362831205127,664.6231960464489,12.8930555555624,315.4360000000146,-42.81928932482009,-32.481595399288814,-483.20612913691656,-351.6130940378712
2624920.0,0.7927,-2.6209,8.6639,-0.0139,0.0214,9.8066,-0.0127,0.3132,-0.2737,156.52,-77.81,66.41,52.755188,-1.676242,12.07,6,315.63,21 / 23,33.79549045744462,41.821640752810325,1.1259820000019285,340.400883391484,1020.4107457748848,17.3267886596988,False,42.80000000000018,-9.122885024921393,9.41244332091523,-147.09227004606794,665.5683529237797,13.108055555549688,315.8949999999875,-42.91837548236602,-32.409197431895095,-487.49315343755194,-354.84239285110516
2625023.0,0.4023,-3.9779,8.9057,-0.051,0.0448,9.8063,-0.1066,0.1443,-0.1429,156.85,-77.45,65.63,52.75527,-1.676367,12.75,6,316.67,21 / 23,33.78220899931174,42.14472172388983,1.0207314500018616,343.8811349135092,1024.7350134424375,17.437344402374066,False,42.90300000000025,-9.153523464375393,9.319410189720609,-148.03469979129002,666.5206262755762,13.062977777775437,315.5138799999837,-42.93573246368713,-32.825311534169224,-491.9158347047992,-358.21438716686134
2625120.0,2.8706,-1.8317,9.5538,-0.01,0.0588,9.8064,0.1217,-0.2818,-0.015,156.85,-77.45,65.63,52.75527,-1.676367,12.75,6,316.67,21 / 23,33.692766243744146,42.374180046895276,0.9647721500020043,347.15367121278905,1028.8341801783101,17.533641326974006,False,43.0,-9.06428686700406,9.675471084492745,-148.9095535142201,667.4697861702969,13.258055555555554,316.868,-42.7570531107482,-32.698708962402534,-496.0632247270091,-361.3643940080133
2625220.0,-0.2074,1.7598,10.2061,-0.0358,-0.0052,9.8065,-0.0835,-0.0729,0.1747,151.28,-77.11,66.0,52.75527,-1.676367,12.75,6,316.67,21 / 23,33.74657462363087,42.37187080833589,0.9721021500019977,350.5256382561547,1033.071482721068,17.63048504197412,False,43.09999999999991,-9.050960565139253,9.75056779968634,-149.8114645687887,668.4483015235589,13.303888888892082,317.1310000000077,-42.79753518877013,-32.62130300864955,-500.3371028249434,-364.623181197509
2625320.0,-2.5054,-0.9069,10.1817,0.0098,-0.0375,9.8065,-0.123,0.119,-0.0382,157.25,-77.03,65.12,52.75527,-1.676367,12.75,6,316.67,21 / 23,34.06646607670324,42.43143652786333,1.0108271500021386,353.91629029118377,1037.3116480878932,17.729631506974687,False,43.20000000000027,-9.111805073181701,10.012689775159318,-150.71337562333503,669.4490558637979,13.538055555553035,317.69699999998085,-43.17827114988494,-32.41874675270402,-504.6296659145188,-367.86259222409535
2625420.0,-0.2405,-5.1705,9.0519,0.0395,-0.0742,9.8063,-0.0069,0.1666,-0.1484,156.66,-77.52,65.33,52.75527,-1.676367,12.75,6,316.67,21 / 23,34.24558928842738,42.79731463296223,0.9918421500021559,357.3318930594372,1041.5730856459306,17.82976497197481,False,43.30000000000018,-9.162434820285013,9.858573846532929,-151.62874803685204,670.427571218403,13.458888888891048,317.0960000000164,-43.4080241087124,-32.9387407864293,-508.96064109628924,-371.1455144275276
2625520.0,-0.5502,-3.8657,10.1022,0.0842,0.0355,9.8061,0.0145,-0.1826,0.1168,156.66,-77.52,65.33,52.75527,-1.676367,12.75,6,316.67,21 / 23,34.275233323487946,43.26218809072018,0.9688821500021768,360.75793419002986,1045.876060782111,17.92780118697494,False,43.40000000000009,-9.277800364019617,9.801399671926472,-152.55758180947706,671.4060865730795,13.496111111110604,316.57200000000716,-43.553033687507565,-33.46078841879371,-513.3155159995069,-374.4699742090314
2625620.0,-0.7479,-1.5098,9.9099,0.0246,0.0305,9.8065,0.1303,-0.5172,0.2821,157.38,-77.51,67.8,52.75527,-1.676367,12.75,6,316.67,21 / 23,34.40195330861536,43.56790907810423,0.9888221500021588,364.1917935216319,1050.2175656405482,18.02568640197507,False,43.5,-9.317668695796343,10.006672688795488,-153.48641558210244,672.406840912607,13.673055555555555,317.04200000000003,-43.719622004411704,-33.56123638930874,-517.6782091037344,-377.8107247279412
2625720.0,1.5315,0.9989,10.9162,0.013,-0.0582,9.8064,-0.0698,-0.2409,0.2037,158.16,-77.33,69.63,52.75527,-1.676367,12.75,6,316.67,21 / 23,34.527913114571035,43.608153469392995,1.0494621500021037,367.6382868427881,1054.5763687679191,18.12760061697519,False,43.59999999999991,-9.45590393428105,9.953304522072667,-154.4354413932301,673.4075952521347,13.728888888889163,316.46800000000724,-43.98381704885209,-33.65484894732033,-522.0737282360182,-381.16877351578444
2625820.0,1.5664,-4.4136,11.409,0.0148,-0.1842,9.8048,0.0638,0.0848,-0.0876,158.16,-77.33,69.63,52.75527,-1.676367,12.75,6,316.67,21 / 23,34.493805296391095,43.73885935735539,1.185057150002597,371.08937276334876,1058.9437194092725,18.23932658197583,False,43.70000000000027,-9.376895171586407,10.05513712588131,-155.37100584537438,674.4083495916676,13.748888888895609,316.9989999999981,-43.8707004679775,-33.68372223147408,-526.4603786087232,-384.5353698176049
2625920.0,1.2102,-2.6037,11.5145,0.014,-0.0281,9.8065,-0.1759,0.0197,0.193,151.11,-78.36,68.05,52.75527,-1.676367,12.75,6,316.67,21 / 23,34.393833955382355,44.039676980686956,1.3505671500024465,374.53375472593433,1063.3326462261707,18.366107796975967,False,43.80000000000018,-9.53156147189204,10.19955567205662,-156.3200316564332,675.4313429173868,13.959999999994238,316.93900000000167,-43.925395427274395,-33.84012130863034,-530.8537863823675,-387.9013033087839
2626021.0,3.6311,-3.0801,9.5726,-0.0191,-0.0202,9.8065,-0.011,-0.1679,-0.0006,155.91,-78.69,67.86,52.755356,-1.6765,13.67,6,318.22,20 / 21,34.217657837196406,44.23661438905595,1.4249940500025298,377.9986350614634,1067.7905989403478,18.506273637576374,False,43.901000000000295,-9.585773919500133,10.17122321918312,-157.29207639152443,676.4534466833006,13.976438888888511,316.69731999999965,-43.80343175669654,-34.06539116987283,-535.2907114529878,-391.33715225704714
2626120.0,2.1469,1.5518,9.5566,-0.0869,0.0061,9.8062,0.2467,-0.3153,0.0358,155.39,-78.44,65.62,52.755356,-1.6765,13.67,6,318.22,20 / 21,34.096704871602036,44.22537374972219,1.401031100002601,381.38019601553884,1072.1694673532043,18.64616188250121,False,44.0,-9.602391574876439,10.200149211848645,-158.23827531727133,677.4662100751341,14.008888888888889,316.72900000000004,-43.69909644647848,-34.02522453787354,-539.6184713328101,-394.70325727807017
2626220.0,4.0784,0.6811,9.4613,-0.0403,-0.0268,9.8064,-0.0167,-0.0476,0.0226,155.39,-78.44,65.62,52.755356,-1.6765,13.67,6,318.22,20 / 21,34.03174860229847,44.03243038328274,1.371261100002628,384.78661868923075,1076.5823575598504,18.784776492501347,False,44.09999999999991,-9.618424955121007,10.40551783347449,-159.2007624874411,678.5114423857792,14.170000000001773,317.25100000000214,-43.65017355741948,-33.626912549808246,-543.9873811766719,-398.07091517407116
2626320.0,2.8025,-1.3492,9.7617,0.0152,0.0228,9.8065,0.2298,-0.0564,-0.2325,154.09,-78.49,63.65,52.755356,-1.6765,13.67,6,318.22,20 / 21,33.87610264036187,43.956122869338,1.351746100002557,388.18201125137614,1080.9817852224974,18.920926852502102,False,44.20000000000027,-9.677856538960645,10.527539732119163,-160.16998033711573,679.5677941874403,14.300000000001786,317.408000000006,-43.55395917932252,-33.42858313721884,-548.3519915884918,-401.41399103505705
2626420.0,0.9781,-3.385,10.2424,0.0342,0.025,9.8065,-0.0664,0.1139,0.0473,149.74,-78.43,64.98,52.755356,-1.6765,13.67,6,318.22,20 / 21,33.76184432426911,44.12559356907443,1.3712861000025394,391.5639085996046,1085.385871044414,19.057078462502233,False,44.30000000000018,-9.68128510382265,10.600502109476963,-161.13246750721535,680.6352654842735,14.35611111110958,317.5949999999949,-43.443129428091765,-33.52509145959747,-552.6963761068199,-404.75060556014046
2626520.0,2.9684,-2.5393,9.8179,0.052,0.0481,9.8063,0.1025,-0.2603,-0.0908,149.74,-78.43,64.98,52.755356,-1.6765,13.67,6,318.22,20 / 21,33.60908381311917,44.33689778175365,1.393636100002519,394.93245500647095,1089.8089956119513,19.19532457250236,False,44.40000000000009,-9.727607114796637,10.667662570221339,-162.10841603639963,681.7027367797698,14.436944444443341,317.6389999999994,-43.33669092791581,-33.66923521153231,-557.0408710428705,-408.10625883218154
2626620.0,0.7309,0.7097,9.2183,-0.0035,-0.013,9.8066,0.0405,-0.3014,-0.1152,150.85,-78.24,66.92,52.755356,-1.6765,13.67,6,318.22,20 / 21,33.569738278476535,44.37624322832119,1.3647811000025454,398.2913961110477,1094.244652662451,19.33324543250249,False,44.5,-9.813618643058394,10.68270324854706,-163.0910952451118,682.7702080759733,14.50611111111111,317.428,-43.383356921534926,-33.69353997977413,-561.3824913561594,-411.4744445864777
2626720.0,0.3705,-4.1309,8.6491,-0.0395,-0.0453,9.8064,-0.0133,-0.1922,0.1578,155.47,-78.43,65.79,52.755356,-1.6765,13.67,6,318.22,20 / 21,33.62228959405855,44.55245627929738,1.2774861000026247,401.65099750467135,1098.6910876378279,19.465358792502627,False,44.59999999999991,-9.659706689138817,10.939454263402538,-164.04685173578088,683.8821573425865,14.593888888890078,318.5549999999956,-43.281996283197365,-33.61300201589484,-565.6978492404522,-414.80893029524134
2626820.0,0.2723,-3.4651,7.9479,-0.0696,-0.0427,9.8063,-0.1834,-0.0779,-0.0544,149.36,-78.48,63.42,52.755356,-1.6765,13.67,6,318.22,20 / 21,33.58876070441333,44.92176374862213,1.1266711000020762,405.01155001960717,1103.1647986392402,19.5855666525033,False,44.70000000000027,-9.780087636017297,10.94919674171655,-165.02280026495785,684.9718676236466,14.681111111118112,318.22799999997864,-43.36884834043063,-33.972567006905585,-570.034350284565,-418.19293101559356
2626920.0,1.8103,-1.0312,9.0495,-0.0473,-0.005,9.8065,0.0882,0.0681,-0.0413,149.36,-78.48,63.42,52.755356,-1.6765,13.67,6,318.22,20 / 21,33.55117430813878,45.11811468871135,0.9958761000021952,408.3685467702317,1107.6667925611027,19.691694012503415,False,44.80000000000018,-10.056302151899338,10.996085638771827,-166.03913287114042,686.0726973970471,14.901111111105108,317.55600000001834,-43.60747646003812,-34.12202904993953,-574.4076796413722,-421.5940951640556
2627020.0,-0.7585,-1.0211,9.7896,-0.0181,-0.0086,9.8066,0.0449,0.0696,-0.1419,149.12,-78.47,62.84,52.75545,-1.676641,14.51,6,319.52,20 / 22,33.61982748596238,45.2359691390025,0.9571661000022305,411.72709685993374,1112.1844967524844,19.78934612250355,False,44.90000000000009,-9.758402443292358,11.161861512928159,-167.0016200413249,687.1957661560856,14.826111111112134,318.8379999999825,-43.37822992925474,-34.07410762607434,-578.7287169012586,-424.9887305963988
2627120.0,-0.531,-2.3687,9.1569,0.0355,-0.0688,9.8062,-0.0023,0.0503,-0.1008,143.99,-78.92,62.69,52.75545,-1.676641,14.51,6,319.52,20 / 22,33.74149567809252,45.47467758320075,0.9238261000022608,415.0951630181334,1116.7200290885905,19.883395732503686,False,45.0,-9.796062170632293,11.248445965026423,-167.98429925003688,688.318834915832,14.91611111111111,318.948,-43.537557848724816,-34.226231618174324,-583.0794622681703,-428.40119417275855
2627220.0,0.6248,-2.5143,8.5119,-0.0705,-0.0181,9.8063,-0.1852,0.2464,-0.0692,143.99,-78.92,62.69,52.75545,-1.676641,14.51,6,319.52,20 / 22,33.754769233786945,45.740752925587074,0.8266011000023494,418.46997626372433,1121.2808006140258,19.970917092503836,False,45.09999999999991,-9.823387884077976,11.228281086523959,-168.96697845873564,689.4530231672969,14.918888888889875,318.8180000000044,-43.57815711786492,-34.51247183906312,-587.43695472246,-431.8277774467289
2627320.0,-1.7989,-3.0202,8.0007,-0.0224,-0.002,9.8066,0.1498,0.2039,-0.2193,147.4,-78.75,60.66,52.75545,-1.676641,14.51,6,319.52,20 / 22,33.81259116448561,46.06625378984609,0.6715661000017855,421.84834428365025,1125.8711509498141,20.045825452504314,False,45.20000000000027,-9.806785641422683,11.33844644247489,-169.94292698792495,690.5983309118996,14.991111111111332,319.143000000003,-43.619376805908296,-34.7278073473712,-591.7912712715752,-435.2728200379146
2627420.0,-1.505,-2.3771,8.9772,0.0202,0.0084,9.8066,-0.1135,0.0829,-0.0563,142.5,-78.63,60.08,52.75545,-1.676641,14.51,6,319.52,20 / 22,33.95598564036996,46.450608175370526,0.5397961000019054,425.2367731238899,1130.4969940480707,20.106393562504444,False,45.30000000000018,-9.792704736261138,11.359780120932527,-170.92560619656572,691.7325191632817,14.998055555555366,319.23699999999747,-43.748690376631096,-35.090828054438,-596.1623793204557,-438.764474884789
2627520.0,-0.3142,-1.2067,8.7813,-0.0142,-0.0115,9.8066,0.1639,-0.0526,-0.109,141.6,-78.64,59.54,52.75545,-1.676641,14.51,6,319.52,20 / 22,34.076263743445665,46.72448397770397,0.44705610000198975,428.6383855930776,1135.1557486557203,20.155736172504593,False,45.40000000000009,-9.753214414015174,11.570833117875365,-171.8948240462499,692.9000658934372,15.133055555553712,319.8719999999914,-43.82947815746084,-35.1536508598286,-600.5332096393275,-442.2556827622832
2627620.0,-0.3641,-3.7262,8.0483,0.0062,0.0139,9.8066,-0.2804,-0.0372,0.1783,141.6,-78.64,59.54,52.75545,-1.676641,14.51,6,319.52,20 / 22,34.10713479443382,47.01681611682594,0.30787110000211637,432.04755551996845,1139.8428136604425,20.193482532504763,False,45.5,-9.65334933688784,11.565771551436034,-172.85731121640626,694.0564931304607,15.065,320.15,-43.76048413132166,-35.45104456538991,-604.9048667363747,-445.7863205299818
2627720.0,-0.6248,-3.3614,8.7615,-0.0432,0.0034,9.8065,0.054,-0.1098,-0.0088,148.15,-78.47,59.54,52.75545,-1.676641,14.51,6,319.52,20 / 22,34.10495028771343,47.40211804177873,0.1676961000022439,435.4581597740727,1144.5637603683685,20.21726089250496,False,45.59999999999991,-9.70270690524736,11.511320676222114,-173.83325974560404,695.2129203674838,15.054999999998458,319.8730000000005,-43.80765719296079,-35.890797365556615,-609.2914195196768,-449.3508400008848
2627820.0,-0.1025,-0.0608,8.8677,-0.0595,-0.0116,9.8064,0.049,-0.0049,-0.0765,141.35,-78.34,57.9,52.75545,-1.676641,14.51,6,319.52,20 / 22,34.2061576614071,47.636020315350024,0.06849110000188299,438.87371517154116,1149.3156672862424,20.22907025250521,False,45.70000000000027,-9.622664044507935,11.430924742465272,-174.78901623625066,696.3471086203726,14.94194444446173,319.90900000006786,-43.82882170591503,-36.20509557288475,-613.6627314077919,-452.96855866586975
2627920.0,1.6522,-2.2173,9.2976,-0.0578,0.056,9.8063,0.1504,0.0033,-0.1137,141.35,-78.34,57.9,52.75545,-1.676641,14.51,6,319.52,20 / 22,34.231656461360565,47.75524151627421,-0.003908899998051177,442.29560587767645,1154.0852303778192,20.232299362505398,False,45.80000000000018,-9.524783689237537,12.20916543719377,-175.75150340636364,697.6147307829748,15.484999999985183,322.04099999994185,-43.7564401505981,-35.54607607908044,-618.0471092840401,-456.47049959484445
2628020.0,0.2923,-4.0436,9.9546,-0.0236,-0.0291,9.8065,0.0056,0.1295,-0.1074,142.1,-77.87,57.62,52.755554,-1.676782,15.02,6,320.91,21 / 22,34.119830852344656,48.01841500960427,-0.02196389999803478,445.7131802433586,1158.8739132041087,20.231005722505593,False,45.90000000000009,-9.604486651432033,11.894472616820732,-176.707259897046,698.7933970055593,15.288055555558243,321.0800000000131,-43.72431750377669,-36.12394239278353,-622.4204401404046,-460.0805161985494
2628120.0,-0.898,-2.8382,10.969,0.0396,-0.0404,9.8064,0.0456,0.1919,-0.0172,136.54,-78.2,57.8,52.755554,-1.676782,15.02,6,320.91,21 / 22,34.07316746667134,48.38694135145587,0.043551100001905624,449.12283015930626,1163.6941810221574,20.232085082505787,False,46.0,-9.798338895253124,11.76784709882401,-177.71013114427348,699.9831827205667,15.313055555555556,320.218,-43.87150636192447,-36.619094252631854,-626.8329613035797,-463.71099830159073
2628220.0,0.6613,-1.2703,9.6759,0.0877,-0.0545,9.806,-0.0249,0.0369,0.0099,136.54,-78.2,57.8,52.755554,-1.676782,15.02,6,320.91,21 / 22,34.09046105586306,48.63574961395865,0.09513110000185876,452.5310115854299,1168.5453155704238,20.239019192505967,False,46.09999999999991,-9.88776413378172,11.621781729068505,-178.70627171199953,701.1396099575907,15.258888888887487,319.60900000002533,-43.97822518964478,-37.01396788489015,-631.2372832974295,-467.4057056128331
2628321.0,0.2059,-2.2485,10.4225,0.0619,-0.0297,9.8064,-0.0622,-0.242,0.1331,141.47,-78.78,58.59,52.755554,-1.676782,15.02,6,320.91,21 / 22,34.098426021085515,48.82748594930329,0.11962865000188616,455.97455038281964,1173.467208966374,20.249864559881168,False,46.20100000000002,-9.440928107759763,11.854705895706326,-179.62413447700135,702.3523018272507,15.154711111107087,321.4666900000106,-43.539354128845275,-36.97278005359696,-635.598684859821,-471.1149071391234
2628419.0,2.1772,-4.2479,10.0247,-0.0034,-0.0006,9.8066,0.1501,-0.165,0.1483,141.87,-79.14,59.51,52.755554,-1.676782,15.02,6,320.91,21 / 22,33.963901428213724,49.081473529524885,0.16048975000186794,459.30960442783385,1178.2647479808345,20.263590361481345,False,46.29899999999998,-9.281127694678862,11.806193935218987,-180.52779550815876,703.5073947252976,15.017511111115134,321.8283099999894,-43.24502912289259,-37.2752795943059,-639.8373999359926,-474.75735325553694
2628519.0,3.1754,-4.0855,10.1383,-0.0247,-0.0879,9.8061,-0.0544,-0.3485,0.0706,135.18,-79.45,57.16,52.755554,-1.676782,15.02,6,320.91,21 / 22,33.6433436553937,49.300474853386234,0.1879747500018429,462.6899666820111,1183.1838453999756,20.281013586481514,False,46.39899999999989,-9.320928409995712,11.915092845163363,-181.46322534670674,704.7080775435811,15.127761111109326,321.9646599999979,-42.96427206538941,-37.38538200822287,-644.1531920287179,-478.47576785639444
2628619.0,-0.8073,1.8793,11.012,0.0068,0.0236,9.8065,-0.0672,-0.0366,0.1764,135.18,-79.45,57.16,52.755554,-1.676782,15.02,6,320.91,21 / 22,33.62938948054799,49.39035224339805,0.2648247500021225,466.05360333882044,1188.1183867548327,20.303653561481795,False,46.49900000000025,-9.475128644814767,11.995743553696375,-182.43877003512475,705.9309993460295,15.286463888889266,321.69572999999934,-43.10451812536276,-37.39460868970167,-648.4923733739452,-482.18738740880326
2628720.0,-0.4351,-6.1808,11.1907,-0.0027,0.0153,9.8066,-0.0872,0.4548,-0.2533,140.51,-79.38,57.84,52.755554,-1.676782,15.02,6,320.91,21 / 22,33.697068940395404,49.69553031656461,0.39558945000167983,469.4535894890666,1193.122223824094,20.337004478581875,False,46.59999999999991,-9.530093925704067,12.121033138109626,-183.41774737009726,707.1774944747817,15.418888888888684,321.82400000001775,-43.22716286609947,-37.57449717845498,-652.8713368591639,-485.9447293493122
2628820.0,1.8623,-7.4555,10.4864,-0.0343,-0.0282,9.8065,-0.277,0.2742,-0.2677,134.4,-79.43,56.84,52.755554,-1.676782,15.02,6,320.91,21 / 22,33.3370713783961,50.231176375516355,0.49877945000205526,472.80529650501836,1198.1185591587162,20.381722923582224,False,46.70000000000027,-9.243645768314597,12.322126675686434,-184.33311978368823,708.433997145059,15.403888888905412,323.1239999999956,-42.5807171467107,-37.90904969982992,-657.1384162887066,-489.6845620136571
2628920.0,-2.2922,-4.5844,11.1271,-0.129,-0.0538,9.8056,0.1189,-0.1972,0.0177,134.13,-79.09,52.86,52.755554,-1.676782,15.02,6,320.91,21 / 22,33.067112090876286,50.764772207053404,0.5987894500019644,476.125505678479,1203.16835658784,20.436601368582377,False,46.80000000000018,-9.586062948256739,12.714208405438256,-185.3494523898708,709.7794557574643,15.92305555554139,322.9850000000038,-42.653175039133025,-38.05056380161515,-661.4749580683498,-493.38890083037563
2629020.0,-1.017,-5.3368,7.9941,-0.0413,0.024,9.8065,-0.0403,-0.5275,0.0512,129.08,-78.81,52.52,52.755657,-1.676943,14.89,4,323.82,21 / 22,32.94873985266997,51.31835113461079,0.5741844500019868,479.4262982756533,1208.2725127549186,20.49525006358252,False,46.90000000000009,-9.609550252164063,12.890322509487353,-186.33886227809796,711.1249143699678,16.07805555555344,323.29599999999573,-42.558290104834036,-38.42802862512344,-665.7651605537512,-497.1475983849508
2629120.0,-3.9766,-7.0918,10.1598,-0.0553,0.1086,9.8058,0.2076,-0.1733,-0.109,129.08,-78.81,52.52,52.755657,-1.676943,14.89,4,323.82,21 / 22,32.760591192027434,52.01418140477614,0.5012144500020533,482.7117648278852,1213.4391393818833,20.549020008582673,False,47.0,-9.222553897595875,12.71941476450934,-187.26096537121006,712.4036560265033,15.711111111111112,324.055,-41.98314508962331,-39.2947666402668,-669.9727301990953,-501.03548335537994
2629220.0,-5.886,-7.3182,10.5107,-0.0012,-0.0154,9.8065,0.1301,0.2732,-0.2828,135.98,-78.16,53.92,52.755657,-1.676943,14.89,4,323.82,21 / 22,32.71100896650838,52.961338535385735,0.5540744500020054,485.98534483580903,1218.6879153788866,20.601784453582827,False,47.09999999999991,-8.996772639423211,12.756574072776626,-188.14941506674953,713.6712781906119,15.609999999990752,324.8060000000076,-41.707781605931594,-40.204764462609106,-674.1347599025586,-505.0166371882747
2629320.0,-4.7686,-1.1735,9.67,0.0017,-0.0372,9.8065,-0.2151,0.4774,-0.1867,135.26,-78.32,53.21,52.755657,-1.676943,14.89,4,323.82,21 / 22,32.944934894350475,53.73243500360919,0.5824444500021086,489.2681420288639,1224.0226040558557,20.65861039858324,False,47.20000000000027,-8.486303402900651,12.285992814809191,-188.98401932617878,714.8944223836061,14.931944444432764,325.3659999999887,-41.43123829725113,-41.4464421888,-678.2521613550427,-509.12818167224964
2629420.0,-4.1951,0.9208,9.105,-0.0014,-0.0423,9.8065,-0.0622,0.194,-0.0377,135.26,-78.32,53.21,52.755657,-1.676943,14.89,4,323.82,21 / 22,33.40231230073539,54.1517698999162,0.5405294500021468,492.58550438861516,1229.416814301027,20.7147590935834,False,47.30000000000018,-8.351850063636187,11.932553185082881,-189.78497018802958,716.0174911418561,14.565000000010011,325.0110000000097,-41.754162364371574,-42.219216714833316,-682.3704745766447,-513.3993231591709
2629520.0,-2.4454,-1.8166,11.3147,-0.0142,0.0346,9.8065,-0.0808,0.0574,-0.0308,134.97,-78.49,52.31,52.755657,-1.676943,14.89,4,323.82,21 / 22,33.753543161129485,54.51266860033183,0.5808494500021102,495.94329716170535,1234.8500362260345,20.770828038583563,False,47.40000000000009,-7.963517334081932,11.661396600849015,-190.54553697282776,717.14055990231,14.121111111117168,325.670999999991,-41.71706049521142,-42.85127199948281,-686.4888341345331,-517.7094763237245
2629620.0,-1.8202,1.7544,11.348,-0.0147,0.0509,9.8065,0.2132,0.4284,-0.3853,135.92,-78.22,53.04,52.755657,-1.676943,14.89,4,323.82,21 / 22,34.05032003254775,54.75806705128006,0.7333194500019716,499.33349032138614,1240.31357300861,20.836536483583707,False,47.5,-7.812216647846592,11.599547234573794,-191.31283443716575,718.2858676469074,13.985,326.04,-41.86253668039434,-43.15851981670626,-690.6463247585518,-522.0277053617027
2629720.0,0.5435,0.9357,11.4204,0.1082,-0.0495,9.8059,-0.0373,0.2829,-0.146,135.92,-78.22,53.04,52.755657,-1.676943,14.89,4,323.82,21 / 22,34.3387519054512,54.799027072912835,0.8910744500018283,502.752943918283,1245.7914277148147,20.917756178583822,False,47.59999999999991,-7.874459059692291,11.428755457495399,-192.1137852990606,719.4311753900902,13.878888888884484,325.43300000000926,-42.21321096514349,-43.37027161541744,-694.8667292173436,-526.3602523247246
2629820.0,3.8654,-4.3199,9.6312,0.031,-0.0705,9.8063,-0.1239,-0.1453,0.1418,136.07,-78.86,54.35,52.755657,-1.676943,14.89,4,323.82,21 / 22,34.21185971197433,54.86096535239927,0.96298945000209,506.18047449916673,1251.2744273361002,21.010459373584354,False,47.70000000000027,-7.558694350905108,11.253190132847019,-192.85416004535708,720.554244149839,13.556111111097104,326.11099999999357,-41.770554062879434,-43.60777521955225,-699.0346345445238,-530.7201831862612
2629920.0,4.5655,-5.1818,8.6618,-0.0481,-0.0296,9.8064,0.0012,-0.5392,0.3181,134.13,-79.28,53.52,52.755657,-1.676943,14.89,4,323.82,21 / 22,33.72554083175863,54.99427595894137,0.89697445000215,509.5773445263503,1256.7671894016623,21.10345756858448,False,47.80000000000018,-7.35169722409889,10.862086291523553,-193.54742003501522,721.5883569679829,13.116111111123116,325.9090000000055,-41.07723805585752,-44.13218966741782,-703.1247645613655,-535.1788324336794
2630019.0,0.2554,-0.2417,9.0159,-0.1664,-0.0588,9.805,0.0531,-0.1147,0.1292,132.67,-78.79,48.76,52.755753,-1.677074,12.96,4,327.24,20 / 23,33.510018788136456,55.10811192088607,0.8011622500024352,512.9055047275252,1262.2172576016976,21.18751533523446,False,47.89899999999989,-7.001788104514424,10.251010984755561,-194.17377707034234,722.5020456809066,12.414036111122332,325.6654600000039,-40.51180689265088,-44.85710093613051,-707.0792817978676,-539.715211920791
2630120.0,-0.9167,1.9118,10.5695,-0.0229,-0.0626,9.8064,-0.1091,0.3255,-0.2259,132.67,-78.79,48.76,52.755753,-1.677074,12.96,4,327.24,20 / 23,33.739583671044265,55.17799222509701,0.7997533000024337,516.3016096517176,1267.786705861076,21.268361570509793,False,48.0,-7.24342520383582,10.674398873774392,-194.9272093348916,723.6232241250231,12.899999999999999,325.84,-40.983008874880085,-44.503593351322614,-711.2288189866092,-544.1634817360529
2630220.0,-0.9293,-0.195,11.0074,0.0439,-0.0466,9.8063,0.0437,0.5508,-0.2597,131.29,-79.02,47.3,52.755753,-1.677074,12.96,4,327.24,20 / 23,34.00650876537117,55.291438752878925,0.8979333000023445,519.6889142735354,1273.3101774099696,21.353245900509954,False,48.09999999999991,-7.284426119174294,10.991390373772674,-195.6473920426289,724.7240538985023,13.1861111111037,326.4660000000181,-41.290934884545464,-44.30004837910625,-715.3363063161643,-548.5861235114672
2630320.0,-0.7665,-13.1847,9.3227,0.0021,-0.0821,9.8063,-0.0465,0.5683,-0.5017,128.96,-79.8,45.53,52.755753,-1.677074,12.96,4,327.24,20 / 23,33.6801368437024,55.8848216996721,0.9337733000024749,523.0732465540013,1278.8689904326175,21.444831230510527,False,48.20000000000027,-6.738678084755463,10.69752641740205,-196.2733452372279,725.7359277311691,12.643055555560197,327.791999999954,-40.41881492845786,-45.18729528227005,-719.3465917912292,-553.1330627014484
2630419.0,-2.8202,-6.0174,9.291,-0.0507,-0.1092,9.8058,0.0313,-1.0494,0.5692,128.96,-79.8,45.53,52.755753,-1.677074,12.96,4,327.24,20 / 23,33.187923102118646,56.72997157692635,0.8842931000026223,526.3832155213096,1284.4434226997926,21.534825517310512,False,48.29899999999998,-7.083629139840049,10.646105406636876,-196.97966274513044,726.781716016831,12.787430555551364,326.3614500000415,-40.271552241958695,-46.083866170289475,-723.36287826644,-557.6617066829616
2630520.0,-3.9196,1.7722,9.9618,-0.0823,0.1048,9.8057,0.0439,-1.204,0.4207,122.97,-79.34,41.57,52.755753,-1.677074,12.96,4,327.24,20 / 23,33.35576390192022,57.26769254494259,0.866087850002602,529.7436717150173,1290.2003047379533,21.623219755285874,False,48.40000000000009,-6.296584220865675,10.853880659696243,-197.5790970624528,727.8597508303661,12.548055555558841,329.88099999995177,-39.652348122785895,-46.413811885246346,-727.3227687774701,-562.3405539075872
2630620.0,-3.732,4.1256,9.5605,-0.0229,0.0245,9.8065,0.0095,-0.1736,0.0771,131.16,-77.97,43.56,52.755753,-1.677074,12.96,4,327.24,20 / 23,33.94741883723635,57.50331931176863,0.8615378500026062,533.108830851972,1295.9388553307836,21.709601040286056,False,48.5,-6.707273983581254,10.611908496766354,-198.2454343341036,728.8938636478786,12.553888888888888,327.705,-40.6546928208176,-46.891410815002274,-731.3542651860756,-567.044991682905
2630720.0,-1.2318,-7.0206,10.7179,-0.005,0.0085,9.8066,-0.136,0.5493,-0.4547,131.19,-77.92,43.65,52.755753,-1.677074,12.96,4,327.24,20 / 23,34.14272162158076,57.89074479932782,0.894792850002576,536.5133378749098,1301.7085585363332,21.797417575286236,False,48.59999999999991,-6.051367445566832,11.081499620030078,-198.8377341311121,730.0391713931825,12.626111111105963,331.36200000001344,-40.194089067147594,-46.80924517929774,-735.3510720060219,-571.6693871431506
2630820.0,-1.929,-2.1407,10.7229,0.0703,-0.0693,9.8061,0.0556,0.3462,-0.3571,131.19,-77.92,43.65,52.755753,-1.677074,12.96,4,327.24,20 / 23,34.042906467709045,58.41648338031133,0.9861678500029085,539.9226192793867,1307.5239199453363,21.89146561028685,False,48.70000000000027,-5.685089740064348,10.849655923557126,-199.39638053060628,731.1066426886833,12.248888888881442,332.3459999999923,-39.727996207773394,-47.5668274567542,-739.318999809993,-576.4172772566529
2630920.0,-2.2023,0.5334,10.0945,0.0166,0.0303,9.8066,-0.0268,0.0285,0.1381,130.7,-78.57,44.96,52.755753,-1.677074,12.96,4,327.24,20 / 23,34.25826435315552,58.73139068356229,1.0463728500028537,543.3376778204268,1313.3813136485246,21.993092645287046,False,48.80000000000018,-5.621620730205917,10.618738407450875,-199.96175760953065,732.1629944909697,12.015000000006381,332.10300000000666,-39.87988508336144,-48.11265227611141,-743.2994354299575,-581.2183191575549
2631019.0,-2.6068,-3.1706,9.214,-0.0226,0.0245,9.8065,0.033,-0.2502,-0.1207,131.39,-78.37,45.07,52.755848,-1.677187,11.35,4,332.31,21 / 23,34.45608119592733,59.10184123433074,1.0312852500028988,546.7390379250963,1319.214058628443,22.095936721237024,False,48.89899999999989,-5.291450813601081,9.925342153059498,-200.47483730871303,733.0986997995964,11.247750000012264,331.93668000000264,-39.74753200952841,-49.176499081271245,-747.2138752338094,-586.1153588288465
2631120.0,-1.3674,-3.6676,9.0716,-0.0698,-0.0011,9.8063,-0.1146,-0.1913,0.2258,131.39,-78.37,45.07,52.755848,-1.677187,11.35,4,332.31,21 / 23,34.47229513971341,59.586435231869,0.9642364000028241,550.2199209300501,1325.2078165899927,22.196710564562427,False,49.0,-4.970936023926097,9.748859417286164,-200.9780902158021,734.0755472299154,10.943055555555556,332.983,-39.44323116363951,-49.837575814582834,-751.1980111458522,-591.1322693600773
2631219.0,-2.1705,-2.1196,9.8885,-0.0381,-0.0108,9.8065,0.0299,0.0439,-0.0274,127.12,-78.07,43.74,52.755848,-1.677187,11.35,4,332.31,21 / 23,34.49774228478682,60.01490483156034,0.9319030000027719,553.6339377825684,1331.128082923142,22.290569464862855,False,49.09900000000016,-4.875830969548948,10.064813374410589,-201.4578530513902,735.0993189199552,11.183680555559446,334.1521900000189,-39.37357325433577,-49.950091457149746,-755.0917908339586,-596.0287640031869
2631319.0,-0.4359,-1.6968,10.0887,-0.0169,-0.0203,9.8065,-0.0295,0.0157,0.0826,126.63,-78.06,43.0,52.755848,-1.677187,11.35,4,332.31,21 / 23,34.556151728464926,60.34894927565802,0.9500980000027555,557.0866324832278,1337.1462756284975,22.384669514863045,False,49.19900000000007,-4.402005821960843,10.008278531123523,-201.8824916217794,736.0893985460674,10.933661111103548,336.2588400000627,-38.95815755042577,-50.3406707445345,-758.9691241050073,-601.0568770824301
2631420.0,-0.7009,-1.8413,10.0733,0.0641,-0.0118,9.8064,0.1843,0.0932,-0.1614,126.52,-78.4,43.83,52.755848,-1.677187,11.35,4,332.31,21 / 23,34.580072593271325,60.61881854738737,0.9778073500027864,560.5780118114794,1343.255147903568,22.482028735038433,False,49.30000000000018,-4.293588779642273,9.197151482484186,-202.3107647590893,736.9666153234717,10.150000000021313,334.9750000000356,-38.873661372913595,-51.42166706490318,-762.8887765705688,-606.2885325800963
2631519.0,0.0648,-2.4138,9.1331,0.0897,-0.0408,9.8061,0.0863,0.1052,0.0022,126.52,-78.4,43.83,52.755848,-1.677187,11.35,4,332.31,21 / 23,34.56000791388419,60.88456735221812,0.9576658000028464,564.0004457965734,1349.2695655055807,22.57783465596343,False,49.39899999999989,-4.506606318658057,9.032592074224727,-202.75721073109247,737.8472791417869,10.094450000000888,333.4840600000238,-39.06661423254225,-51.85197527799339,-766.7576565276659,-611.4222863637938
2631619.0,0.4901,-2.6061,9.3655,0.0165,-0.0068,9.8065,0.1096,-0.0739,-0.0384,129.87,-78.96,44.46,52.755848,-1.677187,11.35,4,332.31,21 / 23,34.48043933836948,61.13082274499572,0.9019308000026438,567.4524681591987,1355.3703350104636,22.67081448596404,False,49.49900000000025,-4.439237889904458,8.604548764353405,-203.19483951293415,738.6707887685251,9.682213888887906,332.7096699999982,-38.91967722827394,-52.526273980642316,-770.6473076721329,-616.6995462419385
2631720.0,-0.3503,-1.7467,9.9604,0.0525,0.0508,9.8063,0.0944,0.0293,-0.1547,130.93,-79.0,46.69,52.755848,-1.677187,11.35,4,332.31,21 / 23,34.449249487292995,61.37549170519722,0.887417100002693,570.9334174448828,1361.5569038901774,22.761176554914005,False,49.59999999999991,-3.94661823099751,8.430872842394269,-203.5828631867919,739.5129791419952,9.30888888889878,334.91499999999536,-38.3958677182905,-52.944618862802955,-774.5162806316747,-622.0439247481822
2631820.0,2.2304,-1.3851,9.5379,0.0366,0.051,9.8064,0.0119,-0.0095,0.0217,130.93,-79.0,46.69,52.755848,-1.677187,11.35,4,332.31,21 / 23,34.409693308493196,61.512842000128856,0.8816671000026722,574.3763645846847,1367.701320575466,22.849630764914597,False,49.70000000000027,-4.307841960507393,9.062087170050823,-204.01362667552797,740.4358970338378,10.033888888875936,334.5750000000075,-38.71753526900059,-52.45075483007803,-778.3899912602126,-627.2654235416283
2631920.0,1.932,-0.9416,9.6503,-0.0047,0.0268,9.8066,-0.0283,-0.0368,-0.0486,136.64,-78.96,48.59,52.755848,-1.677187,11.35,4,332.31,21 / 23,34.327001564853305,61.5404055960426,0.8604121000026916,577.8131993283489,1373.853982955269,22.936734724914785,False,49.80000000000018,-4.097281171825353,8.711506547988066,-204.41746744620355,741.2809784758083,9.626944444455548,334.81099999999356,-38.424282736678656,-52.82889904805454,-782.2306667745524,-632.5730044794607
2632020.0,1.4118,0.319,9.1517,-0.0024,0.0111,9.8066,-0.0901,0.1285,-0.1514,137.95,-78.72,49.29,52.755928,-1.677252,10.21,6,333.34,21 / 23,34.33389738863624,61.538756618300276,0.8198471000027285,581.2462442760202,1380.0079410659805,23.02074768491498,False,49.90000000000009,-3.851470375485972,8.746505762930072,-204.80111617836644,742.1594183972385,9.556944444445401,336.2339999999806,-38.18536776412221,-52.792250855370206,-786.0473604543866,-637.848522668742
2632120.0,0.4201,0.4771,10.4083,-0.0143,0.0209,9.8066,-0.006,-0.0051,0.0911,133.48,-78.57,49.39,52.755928,-1.677252,10.21,6,333.34,21 / 23,34.44357629553145,61.541614816321285,0.8171821000027311,584.6851179602255,1386.1619596377059,23.102599144915178,False,50.0,-4.076555034580444,8.55320548391285,-205.21168762857184,743.0044998392709,9.475,334.517,-38.520131330111894,-52.98840933240844,-789.8968055887974,-643.157459798435
2632220.0,-0.5846,-1.0388,10.8664,0.0353,0.0137,9.8065,-0.0491,-0.0998,0.0291,133.48,-78.57,49.39,52.755928,-1.677252,10.21,6,333.34,21 / 23,34.57375987047949,61.66634412566191,0.9002521000026557,588.1359847685229,1392.3223575847994,23.18847085491537,False,50.09999999999991,-4.008730110927005,8.583056824717332,-205.60879771976224,743.8607007744356,9.473055555552266,334.9650000000047,-38.582489981406496,-53.083287300944576,-793.7447824882852,-648.4616568103638
2632320.0,0.2723,-4.4366,10.506,0.0368,-0.0209,9.8065,0.1936,-0.269,0.0768,135.05,-78.62,51.1,52.755928,-1.677252,10.21,6,333.34,21 / 23,34.536066251893665,61.96810138934148,0.9882071000029757,591.5914760746541,1398.5040798605721,23.282893814915994,False,50.20000000000027,-3.856115293971997,8.388037497827332,-205.978985092911,744.6835432309135,9.231944444447407,335.31100000003806,-38.39218154586566,-53.58006389151414,-797.5704611675651,-653.8205366296586
2632420.0,2.0534,3.0743,9.5919,0.0216,0.0248,9.8065,-0.0284,0.1252,-0.1395,130.35,-78.97,52.11,52.755928,-1.677252,10.21,6,333.34,21 / 23,34.563797636018435,62.03902201635143,1.0124371000029537,595.0464692690466,1404.7044360308512,23.3829260249162,False,50.30000000000018,-3.7171410049470057,8.552104287793338,-206.34244178651767,745.5286246735914,9.32499999999746,336.50799999996735,-38.28093864096544,-53.4869177285581,-801.3889110555642,-659.1758113572598
2632520.0,3.4296,0.024,8.6484,0.0244,0.0504,9.8064,-0.0406,0.2332,-0.1829,130.35,-78.97,52.11,52.755928,-1.677252,10.21,6,333.34,21 / 23,34.64361641109134,61.836990205760436,0.9437871000030162,598.5068399713989,1410.8982366419511,23.480737234916408,False,50.40000000000009,-4.096297783837009,8.33689398134953,-206.75974391623618,746.3514671307728,9.28888888888938,333.8330000000365,-38.739914194928346,-53.50009622441091,-805.2665838876351,-664.5467695111784
2632620.0,-0.0482,-2.8119,9.773,-0.0267,0.0349,9.8065,0.0063,0.2001,-0.168,135.12,-78.7,53.25,52.755928,-1.677252,10.21,6,333.34,21 / 23,34.579479076117096,61.90807567551965,0.8841921000030705,601.9679947457562,1417.0854899360095,23.572136194916627,False,50.5,-3.650100149122711,8.488484487903266,-207.1097392508418,747.1965485742193,9.24,336.732,-38.22957922523981,-53.41959118761638,-809.077733996598,-669.8889413617902
2632720.0,0.8311,-2.8044,9.1783,0.0328,0.0018,9.8065,-0.04,-0.1467,0.1396,136.67,-78.46,54.19,52.755928,-1.677252,10.21,6,333.34,21 / 23,34.50448343651584,62.176115978098736,0.8510921000031006,605.4221928713847,1423.2896995186848,23.658900404916857,False,50.59999999999991,-3.2441579744962272,7.8066430930583905,-207.3924277903336,747.9081961043172,8.453888888901156,337.4339999999611,-37.748641411012066,-54.369472885040345,-812.8146206617183,-675.3815034143676
2632820.0,4.2373,-0.1797,7.9967,0.0563,-0.018,9.8064,0.0193,0.0919,-0.0457,140.78,-78.76,55.04,52.755928,-1.677252,10.21,6,333.34,21 / 23,34.36150617580484,62.20831563965028,0.7291771000026572,608.8654923520132,1429.5089210995948,23.73791386491743,False,50.70000000000027,-4.014803126221161,8.447544263478582,-207.85011399714196,748.8311139954567,9.353055555578916,334.57999999997566,-38.376309302026,-53.7607713761717,-816.7156063491552,-680.6778071041381
2632920.0,3.0848,1.7387,8.6816,-0.0479,-0.1249,9.8056,-0.1583,0.3429,-0.1486,140.78,-78.76,55.04,52.755928,-1.677252,10.21,6,333.34,21 / 23,34.28352675922456,61.99665560978019,0.5824271000027907,612.2977439987616,1435.7191696620607,23.803494074917644,False,50.80000000000018,-4.451075416089526,9.051760926205889,-208.34145360146903,749.809629350062,10.086944444424422,333.81500000002086,-38.73460217531408,-52.944894683574304,-820.6391976002305,-685.9095403119987
2633020.0,2.5089,0.4504,9.2364,-0.0164,-0.0082,9.8066,-0.0563,0.2734,-0.1592,137.48,-79.05,50.42,52.756004,-1.677317,10.89,6,333.17,20 / 22,34.2956888689397,61.815050947138054,0.49766210000286787,615.7267047801666,1441.909754989901,23.857498534917877,False,50.90000000000009,-4.158604406383159,9.02153855215624,-208.75202505166362,750.710308255639,9.933888888890976,335.25199999998034,-38.454293275322854,-52.79351239498182,-824.4787298318303,-691.1994467342621
2633119.0,1.4099,-1.5486,9.9911,-0.0226,-0.0613,9.8064,0.0471,-0.0019,0.1111,136.05,-79.22,48.61,52.756004,-1.677317,10.89,6,333.17,20 / 22,34.26462418718321,61.81148880429849,0.478565000002837,619.1204402764503,1448.0292687076071,23.90582177636824,False,50.99900000000025,-4.413442814073625,9.59749906029169,-209.20513439638796,751.7120633499742,10.563638888890393,335.30447000000015,-38.678067001256835,-52.2139897440068,-828.3255746728382,-696.3172053576329
2633219.0,3.3585,-0.6383,9.4572,0.032,-0.0994,9.806,0.066,0.117,0.1035,136.05,-79.22,48.61,52.756004,-1.677317,10.89,6,333.17,20 / 22,34.166301752082965,61.81757890863594,0.4703150000028446,622.5419865734104,1454.2107220932483,23.95326577636848,False,51.09900000000016,-4.607609826680491,9.750957822778693,-209.66948397592537,752.69091228873,10.784775000003473,334.70802999999034,-38.77391157876346,-52.06662108585724,-832.2114705493358,-701.5198098045182
2633320.0,3.6757,-0.6009,9.4521,0.0565,-0.0528,9.8062,0.0043,0.0688,-0.08,134.24,-79.77,47.1,52.756004,-1.677317,10.89,6,333.17,20 / 22,34.01977108779763,61.70738502676348,0.43476300000280493,625.9853832518282,1460.4487327719928,23.998972215368816,False,51.20000000000027,-3.919207629503042,9.991911384477536,-210.0510461974254,753.7125712756368,10.73305555554543,338.58299999987025,-37.93897871730067,-51.71547364228594,-836.0364294492537,-706.736161496356
2633420.0,1.1956,0.7756,10.0725,0.0858,-0.1024,9.8057,0.0191,0.0983,0.0974,132.97,-80.54,46.62,52.756004,-1.677317,10.89,6,333.17,20 / 22,34.0027649778375,61.625617094090394,0.430328000002809,629.3865100551069,1466.61538287803,24.04222676536906,False,51.30000000000018,-4.4826245611215825,9.40097346258327,-210.50873240418392,754.6132501811463,10.415000000008677,334.50700000011113,-38.48538953895908,-52.22464363150712,-839.8952424592908,-712.0021326968837
2633520.0,1.8847,-1.5708,9.4686,0.0127,-0.1077,9.806,-0.0357,-0.0735,-0.0128,130.17,-81.02,43.99,52.756004,-1.677317,10.89,6,333.17,20 / 22,34.01105759178351,61.638276065365616,0.42671800000281235,632.7872011835849,1472.778577535997,24.0850790653693,False,51.40000000000009,-5.127167036435187,9.660689000335225,-211.04718676510376,755.6140045206713,10.936944444437325,332.04400000003363,-39.1382246282187,-51.97758706503039,-843.8343879486887,-717.1645730153258
2633620.0,2.3545,-2.16,9.3167,0.0014,-0.0014,9.8066,-0.0713,-0.305,0.1352,130.17,-81.02,43.99,52.756004,-1.677317,10.89,6,333.17,20 / 22,33.870709474856916,61.7042756646827,0.3853180000028501,636.1812895369138,1478.945705122494,24.125680865369546,False,51.5,-4.726668152159073,9.685098850192862,-211.50487297192342,756.5702808897897,10.776944444444444,333.986,-38.59737762701599,-52.01917681448984,-847.6861625088372,-722.3754242327043
2633720.0,1.7165,-0.6253,8.6702,-0.0097,-0.0019,9.8065,0.0736,-0.0641,0.1339,129.61,-81.03,43.99,52.756004,-1.677317,10.89,6,333.17,20 / 22,33.771829050915,61.74611041512983,0.30399800000292415,639.5634164631994,1485.118224426479,24.160146665369805,False,51.59999999999991,-4.7016192636571015,9.456841132278857,-211.96928985821717,757.4931987809265,10.561111111126186,333.56500000000824,-38.4734483145721,-52.28926928285097,-851.5327063214165,-727.6250256455525
2633820.0,3.0756,-1.9498,9.624,-0.047,-0.0315,9.8065,0.0827,-0.114,-0.1376,129.12,-80.93,41.97,52.756004,-1.677317,10.89,6,333.17,20 / 22,33.65775434878623,61.75170484444089,0.23804300000268425,642.9348956331967,1491.29311518948,24.187248715370185,False,51.70000000000027,-5.083319676087073,10.500381399108315,-212.51447489866564,758.649626018653,11.666111111078704,334.167999999989,-38.7410740248733,-51.251323445332574,-855.4493705318623,-732.643489170827
2633921.0,4.8376,-0.7708,7.9619,0.088,-0.0271,9.8062,-0.033,0.0264,0.1911,129.12,-80.93,41.97,52.756004,-1.677317,10.89,6,333.17,20 / 22,33.43731992178822,61.639623383310834,0.135659300003031,646.3231968838492,1497.5243772649603,24.20612068152041,False,51.80099999999993,-4.705776150364829,9.567117265482961,-212.95129599892365,759.5175024210316,10.661824999959173,333.81020000003207,-38.14309607215305,-52.07250611782787,-859.2744928827728,-738.0068748439287
2634021.0,3.8509,-0.9318,8.389,0.0597,0.0161,9.8064,0.0339,0.1349,-0.0736,129.33,-81.43,43.33,52.75609,-1.67739,12.17,6,332.87,19 / 23,33.23386163591088,61.466788809340116,-0.0274606999975624,649.6567559617463,1503.6796978746152,24.211530611520704,False,51.901000000000295,-5.501471396826072,10.685079755174844,-213.55564371229445,760.6832700309715,12.018250000007734,332.7581899999803,-38.735333032736946,-50.781709054165276,-863.2123996740407,-742.9964278436437
2634120.0,4.4434,-1.2093,9.8421,-0.0168,0.0234,9.8065,0.0344,-0.1427,0.0673,130.53,-81.67,46.43,52.75609,-1.67739,12.17,6,332.87,19 / 23,33.02601747174924,61.32742988443861,-0.0958795999973587,652.9366199775657,1509.758011699939,24.205425266670975,False,52.0,-4.8934516580176775,10.240929199571884,-214.01541642972322,761.6630085303007,11.35,334.46,-37.91946912976692,-51.08650068486672,-866.9520364072889,-748.0950031696384
2634219.0,4.56,0.803,9.1982,-0.0489,-0.0293,9.8064,0.0579,-0.3917,0.0476,129.2,-81.56,44.28,52.75609,-1.67739,12.17,6,332.87,19 / 23,32.862680574481246,61.106395395902865,-0.1242430999974045,656.1981105308594,1515.8184860513259,24.194529193021218,False,52.09900000000016,-5.404727762614673,10.443173390287123,-214.5618129924888,762.7087968146429,11.758925000006611,332.63740999997054,-38.267408337095915,-50.663222005615744,-870.7599235233481,-753.1096892366829
2634321.0,1.1099,2.3317,8.3379,-0.0426,-0.0162,9.8065,-0.0036,-0.3604,0.3257,129.2,-81.56,44.28,52.75609,-1.67739,12.17,6,332.87,19 / 23,32.943629354524354,60.89343846104161,-0.2301802999972609,659.5542323372341,1522.0404775780216,24.176453599621514,False,52.20100000000002,-5.37840902717,10.472171127263893,-215.11123836102774,763.7859420703935,11.772586111109764,332.81536999998383,-38.322038381694355,-50.42126733377772,-874.6654706982619,-758.2545355076281
2634421.0,0.7609,-5.7981,9.917,-0.0534,0.0235,9.8064,0.0099,0.4681,-0.0681,133.01,-81.08,41.92,52.75609,-1.67739,12.17,6,332.87,19 / 23,32.90154175263025,61.05197658493283,-0.2981002999971991,662.8464908925888,1528.1377483303147,24.150039569621814,False,52.30099999999993,-5.457528190452134,10.380842789983065,-215.65628878784815,764.8096025642706,11.728038888883173,332.2675599999717,-38.35906994308239,-50.67113379494977,-878.502779680437,-763.3281457660441
2634521.0,1.4608,-6.0102,10.552,0.0175,-0.0254,9.8065,-0.1456,0.6247,-0.4354,129.33,-80.6,41.53,52.75609,-1.67739,12.17,6,332.87,19 / 23,32.52556754095069,61.461011701018926,-0.25531529999704344,666.1178463572797,1534.2633977446346,24.122368789622,False,52.401000000000295,-5.373632664946772,10.645684345720458,-216.18814708284867,765.9002024054378,11.925038888881842,333.2165499999971,-37.89920020589746,-50.815327355298464,-882.3059934401284,-768.3631953391969
2634620.0,2.2148,-0.3026,9.4044,0.0515,-0.0936,9.806,-0.0617,0.2396,0.0029,129.33,-80.6,41.53,52.75609,-1.67739,12.17,6,332.87,19 / 23,32.30450008699218,61.62689036532586,-0.23833184999709392,669.3269347048533,1540.3562488969005,24.097933255697363,False,52.5,-5.598661978402929,11.21398032504952,-216.72788027289275,767.0670819650913,12.533888888888889,333.469,-37.90316206539511,-50.412910040276344,-886.0548149777461,-773.2891669318092
2634720.0,0.0521,2.2766,9.8279,0.0244,-0.0243,9.8065,0.0855,-0.3433,0.1345,130.37,-81.38,39.06,52.75609,-1.67739,12.17,6,332.87,19 / 23,32.44595948316687,61.583512524597296,-0.25738184999707653,672.5644576833583,1546.5167690413912,24.073147570697678,False,52.59999999999991,-5.419639591282735,11.6113416605235,-217.2528732748129,768.2791066656575,12.813888888889629,334.97900000001783,-37.865599074449605,-49.972170864073796,-889.8173309581713,-778.2376623757336
2634820.0,-0.463,-2.1363,10.5178,0.0173,0.0479,9.8064,0.0902,-0.2679,0.157,130.17,-81.48,39.11,52.75609,-1.67739,12.17,6,332.87,19 / 23,32.60341609690554,61.701782849413746,-0.2207618499969433,675.8169264623738,1552.681033810114,24.04924038569789,False,52.70000000000027,-5.175987740051802,11.781171618148491,-217.7576742381969,769.4911313669375,12.86805555557812,336.2819999999195,-37.77940383695734,-49.920611231265255,-893.5746007005707,-783.1899024431766
2634920.0,0.7789,-4.7923,10.8892,0.0373,0.0938,9.806,0.1862,-0.0766,-0.0696,128.76,-81.28,42.8,52.75609,-1.67739,12.17,6,332.87,19 / 23,32.46307501569738,62.01734854370989,-0.1310768499970248,679.0702510180009,1558.8669903797645,24.031648450698206,False,52.80000000000018,-6.004291391949716,12.177105786169179,-218.38362743273132,770.7253950515578,13.576944444425102,333.75300000006905,-38.46736640764709,-49.840242757540715,-897.4538784507322,-788.1415953282067
2635020.0,-1.3094,-0.9643,10.1412,0.1113,0.02,9.806,-0.0112,0.2644,-0.2046,128.76,-81.28,42.8,52.756187,-1.677474,13.39,6,332.44,19 / 22,32.39146775088259,62.32925293050568,-0.06022184999708917,682.312978156327,1565.0843204534697,24.022083515698508,False,52.90000000000009,-5.376576658022981,11.694354393262438,-218.9018897551405,771.8484638113072,12.871111111120742,335.3089999999788,-37.768044408905574,-50.634898537243245,-901.2148679114674,-793.2358566421625
2635120.0,-2.7271,0.1348,11.0756,0.0432,0.0328,9.8064,0.0015,0.1978,-0.15,130.35,-81.7,46.26,52.756187,-1.677474,13.39,6,332.44,19 / 22,32.626022583092336,62.619153826995884,0.019953150002837927,685.5638526730228,1571.3317407913391,24.020070080698797,False,53.0,-6.371092683833211,11.849738573005515,-219.56822702679025,773.0493690180322,13.453888888888887,331.735,-38.99711526692555,-50.76941525399037,-905.1320796998131,-798.282371773307
2635221.0,0.2674,-3.46,10.5221,0.1459,0.0026,9.8055,0.072,-0.0372,-0.0644,132.14,-82.32,50.48,52.756187,-1.677474,13.39,6,332.44,19 / 22,32.724059807401574,62.93297145702657,0.12016535000294987,688.8640318337464,1577.6721231181893,24.027146064949097,False,53.10100000000011,-6.200377849727418,11.79203099052702,-220.18596879237398,774.251163785824,13.322961111107883,332.2645800000468,-38.92443765712899,-51.14094046649954,-909.0500006261203,-803.4209593323653
2635319.0,2.5238,-4.2621,8.2044,0.0658,0.0049,9.8064,-0.0915,-0.3449,0.3729,132.14,-82.32,50.48,52.756187,-1.677474,13.39,6,332.44,19 / 22,32.49140884769176,63.18617151753226,0.07671215000296927,692.0595897978445,1583.8519611239399,24.036793062449384,False,53.19900000000007,-5.512155227459554,11.90918125916301,-220.70046193423008,775.4280508891092,13.123149999993954,335.16342000008774,-38.00356407515131,-51.27699025836925,-912.7600517320745,-808.4239102348307
2635419.0,1.2585,-2.0899,7.629,0.0302,0.0418,9.8065,0.0794,-0.422,0.1557,137.61,-82.58,52.64,52.756187,-1.677474,13.39,6,332.44,19 / 22,32.27891379506311,63.36610657754007,-0.11228284999685881,695.2981059299793,1590.1795750286876,24.03501452744969,False,53.29899999999998,-6.210650154026759,11.831371945164348,-221.34539564501063,776.5959312039532,13.3625611111041,332.3041800000838,-38.48956394908987,-51.534734632375724,-916.64350157499,-813.5836438247344
2635520.0,0.2474,3.6762,8.7104,0.0257,0.0163,9.8065,0.295,-0.1154,0.0019,140.6,-82.46,56.49,52.756187,-1.677474,13.39,6,332.44,19 / 22,32.42444239732081,63.335394727806374,-0.2776147999970434,698.5656254176984,1596.5780008446147,24.015324696124974,False,53.40000000000009,-5.839229148775036,11.813744164043436,-221.92396485582458,777.7862728931307,13.178055555558107,333.6979999999806,-38.26367154609585,-51.52165056376294,-920.4895902735229,-818.7917279514841
2635620.0,1.4917,-0.2026,8.8538,0.0528,-0.0326,9.8064,0.0422,0.4405,-0.2216,141.13,-82.8,57.43,52.756187,-1.677474,13.39,6,332.44,19 / 22,32.62360682140925,63.22657254678668,-0.38006979999695023,701.8180278786319,1602.9060992083387,23.982440466125304,False,53.5,-6.189111779196189,12.69687049570149,-222.54318737091643,779.1317315056316,14.125,334.01300000000003,-38.812718600605436,-50.52970205108519,-924.3612152495484,-823.7743677027071
2635720.0,1.9919,-3.3093,8.9724,0.0133,-0.0105,9.8066,0.0554,0.0553,-0.1337,141.13,-82.8,57.43,52.756187,-1.677474,13.39,6,332.44,19 / 22,32.53464975582182,63.33323939636488,-0.4694247999968689,705.0759407074905,1609.2340898054904,23.93996573612565,False,53.59999999999991,-6.040292487598137,12.917525562755761,-223.14221784742713,780.4438316401513,14.26000000000644,334.93899999998854,-38.574942243419954,-50.41571383360912,-928.2181585549176,-828.7902581653391
2635820.0,2.4844,-2.2967,8.2339,-0.0072,0.0317,9.8065,-0.129,-0.1606,0.1622,141.14,-82.86,58.22,52.756187,-1.677474,13.39,6,332.44,19 / 22,32.34134899686169,63.49029366329115,-0.5897747999973066,708.3197406451366,1615.5752664584963,23.88700575612575,False,53.70000000000027,-6.435633556058536,13.251898273330006,-223.8085551191081,781.8004097457954,14.731944444456575,334.09700000002636,-38.776982552920224,-50.23839538996114,-932.1282957642446,-833.774856712701
2635920.0,0.053,-0.4024,10.2874,0.0242,0.0319,9.8065,0.1788,-0.2835,0.0349,137.05,-82.5,59.36,52.756187,-1.677474,13.39,6,332.44,19 / 22,32.31076150400541,63.599423581758934,-0.6443747999972569,711.552346170177,1621.929752320743,23.825298276126077,False,53.80000000000018,-6.404977227048539,13.688707570329006,-224.4547003521836,783.2125853134571,15.113055555545156,334.92499999997744,-38.71573873105395,-49.910716011429926,-936.0070465223606,-838.717167007286
2636020.0,-0.1709,1.8979,9.3491,0.0214,0.0767,9.8063,-0.1556,0.1768,-0.0375,137.05,-82.5,59.36,52.75629,-1.677562,14.55,6,332.85,19 / 23,32.516838327912474,63.63892878689948,-0.643214799997258,714.7937261617699,1628.2916699391703,23.76091879612641,False,53.90000000000009,-6.187978196850653,13.087812891506472,-225.053730828708,784.4579684927196,14.476944444453121,334.6950000000031,-38.704816524763125,-50.551115895393,-939.8474569904779,-843.8337014464507
2636120.0,1.2315,0.0681,10.1302,0.0143,0.0004,9.8066,-0.08,0.3878,-0.3817,146.35,-82.24,64.2,52.75629,-1.677562,14.55,6,332.85,19 / 23,32.695491964425685,63.61577956889439,-0.6499147999972518,718.0543426763838,1634.6544053569542,23.696262316126745,False,54.0,-6.23939774551225,13.396299555339267,-225.67968402328762,785.8034271052214,14.778055555555556,335.026,-38.934889709937934,-50.21948001355512,-943.7340266996714,-848.8509782517327
2636220.0,-1.8012,-3.3274,11.7614,0.0467,0.0377,9.8064,-0.0341,0.2039,0.0846,147.54,-82.16,66.19,52.75629,-1.677562,14.55,6,332.85,19 / 23,32.79688310951539,63.83049719460577,-0.5359997999973553,721.3289614300779,1641.0267191951234,23.63696658612707,False,54.09999999999991,-6.4941446713204,13.164188695105524,-226.332559935924,787.0932882541825,14.6788888888902,333.74200000001355,-39.29102778083579,-50.666308499500246,-947.6615213660019,-853.9334309409409
2636320.0,0.1344,-2.5606,10.5486,0.0937,0.0755,9.8059,0.1871,-0.1781,-0.0769,150.73,-82.05,71.25,52.75629,-1.677562,14.55,6,332.85,19 / 23,32.88141619228538,64.18423299007094,-0.4011647999968646,724.6128763951799,1647.4274557043805,23.59010835612719,False,54.20000000000027,-6.306751033254182,13.361344109207302,-226.95851313052086,788.438746866693,14.775000000003438,334.7319999999895,-39.18816722553956,-50.82288888086364,-951.5713895257007,-858.9887088376875
2636420.0,4.0743,1.7577,10.5298,0.0954,0.0669,9.8059,-0.0114,-0.0474,-0.0368,150.73,-82.05,71.25,52.75629,-1.677562,14.55,6,332.85,19 / 23,32.84609241343112,64.16835886110734,-0.32790979999693115,727.8992518254628,1653.8450852969336,23.553654626127532,False,54.30000000000018,-6.430521944696936,13.422135828117527,-227.60465836359637,789.8175639570802,14.883055555552605,334.40100000000905,-39.27661435812806,-50.74622303298981,-955.5039101890592,-864.0275213398534
2636519.0,2.6917,1.9608,9.975,-0.0115,-0.0177,9.8065,-0.0257,0.237,-0.0593,154.25,-82.09,76.68,52.75629,-1.677562,14.55,6,332.85,19 / 23,32.802478679596355,63.894872256543756,-0.2837805499970625,731.148856094558,1660.1842152372385,23.52337595380292,False,54.39899999999989,-6.608989797164547,13.491814380252592,-228.26433226254298,791.1605762809577,15.023580555553309,333.90204000000796,-39.4114684767609,-50.403057876291165,-959.413188357101,-869.0236389562808
2636620.0,-0.1565,1.6009,10.1925,-0.0424,-0.0391,9.8064,-0.1239,0.2258,-0.098,152.3,-82.18,74.31,52.75629,-1.677562,14.55,6,332.85,19 / 23,32.939333165616986,63.72365032394006,-0.25579344999703113,734.468817592745,1666.6289506275602,23.496127466803188,False,54.5,-6.533746471105677,13.834744560392652,-228.92387154788457,792.5863176297735,15.299999999999999,334.72,-39.473079636722666,-49.88890576354741,-963.3926891406296,-874.0426329977868
2636720.0,0.7803,-3.5673,9.7366,-0.0087,-0.0595,9.8064,0.0424,-0.0298,0.0867,152.3,-82.18,74.31,52.75629,-1.677562,14.55,6,332.85,19 / 23,33.03524791862725,63.84357835020514,-0.24000344999704543,737.7675466469542,1673.0073120612617,23.471337621803507,False,54.59999999999991,-6.7700582454047,13.473648410040564,-229.60367017855194,793.898417764293,15.078888888892367,333.3219999999868,-39.80530616403195,-50.36992994016458,-967.3712168255062,-879.1088942969687
2636820.0,-1.8155,-2.5316,9.564,0.0516,-0.0043,9.8065,-0.0257,-0.3693,0.3735,151.16,-82.46,72.74,52.75629,-1.677562,14.55,6,332.85,19 / 23,33.104996553066265,64.18708613216083,-0.2556384499971023,741.074558870551,1679.4088452854032,23.44655552680371,False,54.70000000000027,-7.113852152185221,13.583860129354543,-230.3238528863068,795.2438763760964,15.333888888896368,332.35900000002266,-40.21884870525149,-50.60322600280629,-971.3984117568577,-884.1649689093068
2636920.0,-1.8232,0.1773,9.9863,0.1015,-0.0212,9.8061,0.2241,-0.0599,0.0171,154.33,-82.84,76.43,52.75629,-1.677562,14.55,6,332.85,19 / 23,33.37898940998652,64.41929355537144,-0.2587884499970994,744.3987581687006,1685.839164269774,23.42083418180402,False,54.80000000000018,-7.051416814796737,13.880483498004278,-231.03057423499237,796.6338129603231,15.568888888882476,333.06899999998063,-40.430406224783255,-50.53881005736716,-975.429332403693,-889.205351309451
2637020.0,-0.8414,1.0723,9.2014,0.0675,-0.0523,9.8062,-0.0736,0.3349,-0.1472,159.13,-83.28,78.33,52.75641,-1.677661,15.12,6,331.55,20 / 22,33.69563850249548,64.4498141252342,-0.28006844999707997,747.7524895643216,1692.2826196537985,23.393891336804337,False,54.90000000000009,-7.220582548252783,13.815811393254537,-231.750756942744,798.0237495432362,15.588888888888615,332.407000000009,-40.91622105074826,-50.63400273197966,-979.5032465070657,-894.2588701105623
2637120.0,0.4837,-3.5839,8.1339,-0.0105,0.0126,9.8066,-0.1457,0.5104,-0.1694,159.13,-83.28,78.33,52.75641,-1.677661,15.12,6,331.55,20 / 22,33.84127879181184,64.60043892625536,-0.39396844999697633,751.129335429034,1698.7351323063672,23.360189491804665,False,55.0,-7.184820651307438,13.743294340249854,-232.46420897098196,799.402566633724,15.508055555555554,332.4,-41.02609944311928,-50.85714458600551,-983.593544400016,-899.3325656726432
2637220.0,0.8919,-4.1372,9.4593,0.0214,0.0195,9.8065,0.0409,-0.2453,0.1867,154.53,-83.27,77.42,52.75641,-1.677661,15.12,6,331.55,20 / 22,33.79793150097891,64.96067213827058,-0.49497344999688436,754.5112959436705,1705.2131878595876,23.31574239680501,False,55.09999999999991,-7.490167860361285,13.594200070139033,-233.21804507629057,800.7480252462275,15.521111111107986,331.14600000002196,-41.288099361340194,-51.36647206813155,-987.729341019961,-904.4651626133601
2637320.0,0.3147,-1.54,9.4011,0.0273,0.0385,9.8065,0.0683,-0.2814,0.2093,157.27,-83.15,81.66,52.75641,-1.677661,15.12,6,331.55,20 / 22,33.7962730479417,65.2298343339921,-0.5326184499970212,757.8910061711288,1711.7227131832244,23.264362801805127,False,55.20000000000027,-7.0008333593342424,13.595289521274852,-233.8978437069618,802.1046033511653,15.291944444460079,332.754000000014,-40.79710640727595,-51.63454481271725,-991.7888498780906,-909.6181098320591
2637420.0,-1.9355,3.4152,10.205,0.0291,0.0738,9.8063,0.0394,0.0281,-0.0101,157.27,-83.15,81.66,52.75641,-1.677661,15.12,6,331.55,20 / 22,34.079948402989054,65.20720412423802,-0.5329784499970208,761.2848172436723,1718.24456510613,23.211082956805473,False,55.30000000000018,-7.117700498227817,14.086986274106227,-234.6180264146614,803.5501373968089,15.783055555542155,333.193999999988,-41.19764890121687,-51.120217850131795,-995.9028436583336,-914.6944277093212
2637520.0,-2.3949,1.4083,9.9643,0.0106,0.012,9.8065,-0.063,0.3534,-0.1266,158.9,-82.63,84.59,52.75641,-1.677661,15.12,6,331.55,20 / 22,34.54538215394502,65.0945849449724,-0.5051784499970461,764.7160837715159,1724.7596545595845,23.159175111805816,False,55.40000000000009,-7.09739536395642,14.235795046511383,-235.3314784428994,804.9734324577068,15.906944444442756,333.50099999999577,-41.64277751790144,-50.85878989846101,-1000.0475622144153,-919.7862221018777
2637619.0,1.5313,-1.7979,9.8871,0.0035,-0.0631,9.8064,-0.0324,0.0003,0.13,163.61,-82.82,85.49,52.75641,-1.677661,15.12,6,331.55,20 / 22,34.75589922320133,65.15644842315291,-0.493392499997027,768.1464971996902,1731.207080711317,23.109745849781028,False,55.49900000000025,-7.337871092066719,14.049743694360899,-236.0644494417061,806.3384613779939,15.850569444444309,332.4228899999974,-42.09377031526805,-51.10670472879201,-1004.2109466413963,-924.8686193333232
2637719.0,0.331,-4.7358,9.5348,0.0194,-0.1361,9.8057,-0.0507,-0.3551,0.1991,163.15,-83.61,84.45,52.75641,-1.677661,15.12,6,331.55,20 / 22,34.74778436176644,65.45688047840177,-0.5029624999970181,771.6216813789355,1737.7377471563889,23.05992809978137,False,55.59900000000016,-7.396598157518259,13.565477874075457,-236.79816081529458,807.6732452770823,15.450974999993548,331.3982399999836,-42.144382519284704,-51.891402604326316,-1008.4198421942301,-930.0645018793066
2637820.0,-0.4521,-0.8216,10.0569,0.0072,-0.0766,9.8063,0.1035,-0.3551,0.3061,163.15,-83.61,84.45,52.75641,-1.677661,15.12,6,331.55,20 / 22,34.8491636197796,65.74207088003887,-0.5040532999970192,775.1363272520075,1744.3632941999974,23.009073801881616,False,55.70000000000027,-7.674447422265193,12.670022559398866,-237.58625607931708,808.8430159053095,14.813055555583247,328.79600000005473,-42.5236110420448,-53.07204832064,-1012.7225833313246,-935.520278294688
2637920.0,0.5238,-1.1261,10.4616,-0.0167,-0.0038,9.8066,-0.1147,-0.1981,0.1394,162.49,-83.94,82.82,52.75641,-1.677661,15.12,6,331.55,20 / 22,34.99200881919711,65.84943541866397,-0.45879329999706026,778.6283858739532,1750.9428695149265,22.960931471881956,False,55.80000000000018,-7.7191322664536415,13.651858064413284,-238.34009218455853,810.3330279227744,15.68305555553182,330.5149999999531,-42.71114108565075,-52.19757735425069,-1016.9684780585118,-940.6098415921522
2638020.0,0.9168,-1.0101,8.6369,-0.0482,-0.0153,9.8065,0.0815,-0.0501,-0.0064,159.7,-83.94,80.02,52.75652,-1.677766,14.91,6,330.26,21 / 22,35.064012313032926,65.9476517744139,-0.4845332999970367,782.1311869305615,1757.5327238745745,22.913765141882294,False,55.90000000000009,-7.651977182015408,13.534743320972686,-239.10738964888287,811.678486533867,15.548055555557397,330.518,-42.71598949504833,-52.41290845344121,-1021.2385765794444,-945.8542373407074
2638120.0,0.4146,0.2677,9.9376,-0.017,-0.0181,9.8066,-0.1215,-0.2333,0.1793,159.7,-83.94,80.02,52.75652,-1.677766,14.91,6,330.26,21 / 22,35.162624360699205,65.9845541556371,-0.5364732999969893,785.6425187642449,1764.129334171071,22.86271481188264,False,56.0,-7.745739892451272,13.557176688125624,-239.88141779272163,813.0350646402104,15.613888888888889,330.259,-42.90836425315048,-52.42737746751148,-1025.5239365569664,-951.0942695308605
2638220.0,0.0039,-2.318,9.8273,-0.0771,0.0155,9.8062,0.0005,-0.0753,0.1058,158.74,-84.0,78.78,52.75652,-1.677766,14.91,6,330.26,21 / 22,35.279320899031326,66.09938889802983,-0.5288932999969962,789.1646160272282,1770.7335313237484,22.80944648188299,False,56.09999999999991,-7.549042109430113,13.55014874941704,-240.63525389803146,814.369403759581,15.511111111112486,330.87699999999825,-42.82836300846144,-52.54924014861279,-1029.7998699252598,-956.3641275641673
2638320.0,3.2033,-2.6989,9.7488,-0.1183,-0.0087,9.8058,-0.0462,0.1144,-0.2454,150.49,-83.76,72.66,52.75652,-1.677766,14.91,6,330.26,21 / 22,35.201822349891,66.28627082868533,-0.5307532999970029,792.6886731896872,1777.3528143101082,22.756464151883097,False,56.20000000000027,-7.6273767077682395,13.62189171495504,-241.40255136238596,815.725981864515,15.611944444436327,330.7539999999951,-42.829199057659245,-52.66437911373029,-1034.091224552073,-961.6268324455932
2638420.0,2.2518,-0.1904,10.1631,-0.0521,-0.0392,9.8063,0.0595,0.1595,-0.1831,150.49,-83.76,72.66,52.75652,-1.677766,14.91,6,330.26,21 / 22,35.060944692212885,66.33033811208227,-0.5158232999970165,796.2018115417892,1783.9836447571406,22.704135321883445,False,56.30000000000018,-7.539015181469947,13.379050518012566,-242.15638746762738,817.0492014920707,15.3569444444514,330.5990000000042,-42.599959873682835,-52.95128759406971,-1038.3581990094167,-966.93444326507
2638520.0,1.6983,0.8647,10.4565,0.0063,-0.008,9.8066,0.0104,0.0449,0.0936,146.68,-83.8,69.16,52.75652,-1.677766,14.91,6,330.26,21 / 22,35.076781647113584,66.25859917112544,-0.46550829999706217,799.7086978587523,1790.6130916212949,22.655068741883785,False,56.40000000000009,-7.373818222451723,13.47302017824779,-242.89003153439498,818.3946601045734,15.358888888888862,331.3079999999904,-42.45059986956531,-52.785578992877646,-1042.5987293931473,-972.2184315167215
2638620.0,2.7006,-1.4594,9.6265,-0.0221,-0.0296,9.8066,-0.1239,-0.2362,0.1403,147.57,-83.86,69.21,52.75652,-1.677766,14.91,6,330.26,21 / 22,35.04073730484783,66.22744811828723,-0.44202329999708345,803.2145738063472,1797.2373939857596,22.60969216188412,False,56.5,-7.295088616377052,13.552416143026818,-243.61694492166131,819.7512382095022,15.391111111111112,331.707,-42.33582592122488,-52.67503197526041,-1046.8315187280084,-977.4861557762574
2638720.0,2.1679,-3.1051,10.5452,-0.0739,-0.1394,9.8053,0.1149,-0.2289,0.2336,141.59,-84.26,61.18,52.75652,-1.677766,14.91,6,330.26,21 / 22,34.8673558611612,66.34052101460577,-0.4141032999971088,806.7099784646445,1803.8657924423983,22.56688583188445,False,56.59999999999991,-7.553831695291723,13.484472455321105,-244.38424238598583,821.096696822006,15.456111111114208,330.74300000001074,-42.42118755645292,-52.856048559284666,-1051.0942208506303,-982.7690956203922
2638820.0,0.7271,-0.6031,10.0931,0.0049,-0.0518,9.8064,0.0325,-0.0133,0.0583,141.59,-84.26,61.18,52.75652,-1.677766,14.91,6,330.26,21 / 22,34.796221029368255,66.4738739033666,-0.36285329999692234,810.1931573091836,1810.506512188321,22.528038001884607,False,56.70000000000027,-7.4772928672917605,13.78580149774618,-245.1380784913114,822.4866334049244,15.683055555551444,331.52500000000026,-42.27351389666001,-52.68807240562042,-1055.331235800495,-988.0198787833966
2638920.0,-0.4795,-2.2171,9.9284,0.0155,0.0206,9.8066,0.0084,-0.0157,-0.0562,139.79,-84.51,59.45,52.75652,-1.677766,14.91,6,330.26,21 / 22,34.85195888751496,66.6555056619022,-0.34244329999694084,813.6755663050245,1817.1629811665784,22.492773171884945,False,56.80000000000018,-7.413561671226376,13.673425427263426,-245.86499187852476,823.8432115097546,15.553888888892413,331.53399999999976,-42.265520558741336,-52.98208023463877,-1059.5405581835494,-993.3197696568238
2639020.0,-0.021,-4.3443,9.7911,-0.0065,0.0344,9.8065,0.0158,0.1636,-0.0791,141.78,-84.46,62.89,52.75664,-1.677864,14.63,4,331.95,21 / 23,34.821485475944776,67.00713650774155,-0.33713329999694563,817.1592385231943,1823.8461132750544,22.45879434188528,False,56.90000000000009,-7.467592129814959,13.524172273525812,-246.60536662480564,825.1886701222583,15.448888888890322,331.094000000006,-42.289077605759736,-53.482964234215736,-1063.7646051479999,-998.6574431527962
2639121.0,-2.0402,-1.7502,7.8509,0.0109,-0.0294,9.8066,0.0364,0.1566,-0.1566,141.78,-84.46,62.89,52.75664,-1.677864,14.63,4,331.95,21 / 23,34.87216661088564,67.39158548727576,-0.43668394999705673,820.6787679535831,1830.6332487358104,22.41971657076054,False,57.001000000000204,-7.279912710849257,13.263527552458202,-247.3188859598378,826.5018822055845,15.130069444443127,331.23865999999776,-42.1520793217349,-54.12805793481756,-1067.997653913421,-1004.1313665302259
2639220.0,-0.4013,0.0108,10.4626,0.0113,0.0134,9.8065,0.0841,-0.3686,0.0833,141.83,-84.64,62.29,52.75664,-1.677864,14.63,4,331.95,21 / 23,35.0700515557104,67.61061967992734,-0.5010240499968651,824.1409077528193,1837.315857891567,22.373300024760976,False,57.09999999999991,-7.218696370637655,12.612209641658225,-247.9918866041966,827.7127949573464,14.531944444450692,330.21500000003886,-42.28874792634805,-54.998410038269114,-1072.1327943570159,-1009.6030629342206
2639320.0,-2.506,1.6592,10.4449,0.0495,0.0166,9.8065,0.2995,-0.9721,0.2694,140.01,-84.73,65.42,52.75664,-1.677864,14.63,4,331.95,21 / 23,35.39201285657612,67.71938485374862,-0.4363140499966296,827.6640109734465,1844.0823581182754,22.32643311976113,False,57.20000000000027,-6.790394343719595,13.363781076373945,-248.67841591438437,829.1027315409722,14.990000000016197,333.06399999991476,-42.18240720029572,-54.355603777374675,-1076.342426887831,-1014.9796265773032
2639419.0,3.9111,-8.7688,11.7059,0.1799,0.0806,9.8047,0.2802,-0.8592,0.4464,140.01,-84.73,65.42,52.75664,-1.677864,14.63,4,331.95,21 / 23,35.2662769185926,68.02580526474003,-0.3107077999970034,831.1615963173069,1850.8017450291206,22.289455538186555,False,57.29899999999998,-7.650158253372554,13.473228763600275,-249.4713572676018,830.4457438647512,15.493799999985375,330.41278000007696,-42.916435171965155,-54.552576501139754,-1080.6329535849088,-1020.3560011643694
2639520.0,-0.718,0.5789,7.3378,-0.1396,0.2194,9.8031,0.2451,-0.7024,0.1218,152.75,-84.93,78.05,52.75664,-1.677864,14.63,4,331.95,21 / 23,35.040050621211776,68.29357898977023,-0.33947259999703544,834.712065858071,1857.6858739339812,22.25662142798682,False,57.40000000000009,-7.325125706514829,13.401819256613456,-250.1995494839626,831.793648764466,15.273055555558635,331.33999999998696,-42.3651763277266,-54.89175973315677,-1084.9116153420337,-1025.8922251695153
2639620.0,-2.1894,9.5285,8.3993,-0.0128,0.0596,9.8064,-0.074,0.5142,-0.2382,153.96,-83.41,76.85,52.75664,-1.677864,14.63,4,331.95,21 / 23,35.56279437256064,67.94852727943466,-0.5332825999968591,838.2422081077564,1864.4979792474353,22.212983667987164,False,57.5,-7.116709325449891,13.315544672888771,-250.9062708327132,833.116868392118,15.098055555555556,331.87699999999995,-42.67950369801053,-54.63298260654589,-1089.1484789404697,-1031.3811108553173
2639720.0,2.4088,-4.7564,9.6207,0.0159,-0.0995,9.8061,-0.1273,0.5783,-0.373,151.86,-83.97,75.21,52.75664,-1.677864,14.63,4,331.95,21 / 23,35.82163521453877,67.76699123280603,-0.6129475999967866,841.8114295871081,1871.283755173041,22.155672157987535,False,57.59999999999991,-6.6486106657110255,13.643152820574457,-251.55914674533713,834.5068049757379,15.176944444444555,334.0189999999845,-42.4702458802498,-54.12383841223158,-1093.3705763324454,-1036.7769501973032
2639820.0,0.2566,-0.992,10.5324,-0.0064,-0.0052,9.8066,-0.0404,0.1604,0.0801,151.86,-83.97,75.21,52.75664,-1.677864,14.63,4,331.95,21 / 23,35.73742746500156,68.0062565101098,-0.5859575999966884,845.3893827210982,1878.0724175602115,22.095726897987642,False,57.70000000000027,-6.921931735144861,13.515586781712946,-252.25240673504803,835.8411440951156,15.185000000000759,332.8810000000414,-42.65935920014642,-54.490669728396846,-1097.6417894561462,-1042.231273465096
2639920.0,-1.4157,-0.0595,10.0843,-0.0334,-0.0195,9.8065,0.0813,0.1559,-0.2863,152.44,-83.98,74.76,52.75664,-1.677864,14.63,4,331.95,21 / 23,35.93320428263702,68.12714755044256,-0.5357875999967339,848.9729143084768,1884.879087763233,22.03963963798802,False,57.80000000000018,-6.62368283974493,13.69076794314378,-252.91874400665134,837.2199611847955,15.208888888888238,334.18199999996455,-42.55688712238195,-54.436379607298775,-1101.891658315128,-1047.6591265784375
2640022.0,3.0284,-7.8851,8.9342,-0.0047,0.0039,9.8066,-0.2197,0.292,-0.3713,150.31,-84.25,72.41,52.756767,-1.677962,14.54,4,335.74,22 / 23,35.83423906618264,68.4871838786241,-0.5661223999966927,852.6330539192617,1891.8464186661058,21.983442227988434,False,57.902000000000044,-6.444940502376101,13.538325218238686,-253.5714853056928,838.5932185289709,14.994116666662476,334.54320000000195,-42.27917956855874,-54.94885866038541,-1106.2045392249545,-1053.253200137135
2640120.0,-0.1466,-4.3491,9.4555,-0.1308,0.1584,9.8044,-0.0404,-0.2089,0.0358,150.31,-84.25,72.41,52.756767,-1.677962,14.54,4,335.74,22 / 23,35.57878094633766,68.99017603171752,-0.6260787999966658,856.1322918998736,1898.5828093017096,21.925024369188787,False,58.0,-6.605627070573647,13.790713180138665,-254.22449583191184,839.9553563809195,15.29111111111111,334.406,-42.184408016911306,-55.19946285157886,-1110.3567877317855,-1058.6274529207901
2640220.0,-2.6026,5.0149,9.5541,-0.0257,-0.0157,9.8066,0.1489,-0.7727,0.267,150.52,-83.07,70.71,52.756767,-1.677962,14.54,4,335.74,22 / 23,-6.511672697480356,13.841771130064927,-0.6562637999966383,-254.87737174453392,841.345292963832,21.86090723918918,True,58.09999999999991,-6.511672697480356,13.841771130064927,-254.87737174453392,841.345292963832,15.296944444437708,334.80600000002687,0.0,0.0,0.0,0.0
2640319.0,-0.2433,3.7773,9.9863,-0.0012,-0.0018,9.8066,0.01,-0.7156,0.4844,145.57,-83.07,69.25,52.756767,-1.677962,14.54,4,335.74,22 / 23,-5.99826449178819,13.600807675238347,-0.6598723499966441,-255.49661363540372,842.7037006146967,21.795758499764407,False,58.19900000000007,-5.843751980292579,13.606050478766452,-255.43043168001861,842.6662886920119,14.807994444429799,336.75729000005845,0.15451251149561163,0.005242803528105355,0.06618195538510463,-0.03741192268478244
2640420.0,2.8901,-10.458,10.8099,-0.0544,0.0731,9.8062,-0.0405,0.6201,-0.414,146.18,-82.54,69.09,52.756767,-1.677962,14.54,4,335.74,22 / 23,-6.130985676054382,13.874622136451622,-0.6001358999965773,-256.1091407688805,844.0912098201886,21.732128083139678,False,58.30000000000018,-5.570366842230204,13.90789964657684,-255.98793386393805,844.0918076522872,14.981944444439563,338.1729999999619,0.5606188338241784,0.03327751012521851,0.12120690494242581,0.0005978320986059771
2640519.0,0.891,-10.5808,11.3624,-0.004,0.0377,9.8066,-0.241,0.8686,-0.5311,146.18,-82.54,69.09,52.756767,-1.677962,14.54,4,335.74,22 / 23,-6.704533719934581,14.700146411381509,-0.47346539999695436,-256.74449897898006,845.5056608633022,21.678984818790155,False,58.39899999999989,-5.69615448493193,13.866661887365854,-256.5609839175501,845.4678448686687,14.9910194444443,337.6681000000081,1.0083792350026508,-0.8334845240156543,0.18351506142994367,-0.03781599463343355
2640619.0,-0.6782,-0.4072,10.5931,0.0231,-0.0693,9.8063,0.0401,0.2454,-0.1242,147.78,-82.34,69.86,52.756767,-1.677962,14.54,4,335.74,22 / 23,-6.854072788954131,15.213031704184301,-0.3563553999965283,-257.42242930442694,847.001319769086,21.63749377879033,False,58.49900000000025,-5.818588100510973,14.5678211658526,-257.1598124737169,846.9898810243974,15.686861111112773,338.2273000000014,1.0354846884431579,-0.6452105383317015,0.26261683071004427,-0.011438744688575753
2640720.0,-0.3412,2.6914,9.7661,0.0464,-0.0374,9.8064,0.2964,-0.5375,0.1094,150.46,-83.11,69.84,52.756767,-1.677962,14.54,4,335.74,22 / 23,-6.586097891172354,15.196176995965251,-0.3186874499966558,-258.10115792377104,848.5369848084383,21.60340411486579,False,58.59999999999991,-5.299772984351952,13.816470408163816,-257.66387306233145,848.350573342553,14.798055555556386,339.0140000000023,1.2863249068204023,-1.3797065878014347,0.43728486143959344,-0.18641146588527135
2640820.0,-0.9644,-2.9055,9.9493,0.019,0.0179,9.8066,0.0499,-0.7654,0.276,150.46,-83.11,69.84,52.756767,-1.677962,14.54,4,335.74,22 / 23,-6.366956360631428,15.290459499344692,-0.31358244999663726,-258.7488106363636,850.0613166332093,21.57179061986601,False,58.70000000000027,-5.280858457766696,13.88881251086268,-258.1888660642562,849.7293904323417,14.858888888906272,339.18199999998444,1.086097902864732,-1.4016469884820122,0.5599445721073835,-0.331926200867656
2640920.0,0.6873,-7.2669,9.4019,-0.0194,-0.0037,9.8066,0.1633,-0.2189,0.1159,147.8,-83.08,71.07,52.756767,-1.677962,14.54,4,335.74,22 / 23,-6.453016912720609,15.786417356803206,-0.32668744999662536,-259.3898093000306,851.6151604760154,21.539777124866376,False,58.80000000000018,-5.597889166315435,14.351921888067421,-258.77443518172174,851.1749244793999,15.4049999999851,338.6920000000133,0.8551277464051745,-1.4344954687357845,0.6153741183088641,-0.4402359966154563
2641020.0,-1.9492,-1.1535,9.0531,-0.0034,0.0274,9.8066,-0.1336,0.5589,-0.4376,147.25,-83.01,70.23,52.756897,-1.678047,14.38,4,340.81,20 / 23,-6.460246722552262,16.238092340653882,-0.3846024499965726,-260.03547248179365,853.2163859608868,21.50421262986675,False,58.90000000000009,-5.059104167293793,13.5846495122439,-259.23885206803106,852.4981441063478,14.496111111123511,339.57399999998796,1.4011425552584695,-2.6534428284099825,0.7966204137625823,-0.7182418545389737
2641120.0,-0.3634,0.5009,9.7527,0.0652,0.0181,9.8063,-0.0742,0.5258,-0.2461,153.32,-83.12,73.39,52.756897,-1.678047,14.38,4,340.81,20 / 23,-6.214770797152809,16.37832362519643,-0.42497744999653575,-260.6692233577783,854.8472067591778,21.463733634867133,False,59.0,-4.750009670660054,13.622559749611023,-259.70326895433703,853.8547222112763,14.426944444444443,340.777,1.4647611264927551,-2.755763875585407,0.9659544034412875,-0.9924845479014266
2641220.0,0.1316,-0.0544,8.589,0.0429,-0.0616,9.8063,0.2315,-0.5723,0.3307,153.32,-83.12,73.39,52.756897,-1.678047,14.38,4,340.81,20 / 23,-6.024340753597152,16.407934047385638,-0.4885574499964778,-261.28117893531527,856.4865196428054,21.418056889867522,False,59.09999999999991,-5.148275812651083,13.778485711521675,-260.24172331527234,855.255778286615,14.708888888890797,339.512,0.876064940946069,-2.6294483358639624,1.0394556200429292,-1.2307413561903786
2641320.0,-0.312,-5.8417,9.5419,-0.041,-0.0794,9.8061,0.07,-0.5448,0.2736,150.49,-83.55,73.94,52.756897,-1.678047,14.38,4,340.81,20 / 23,-5.992887840018105,16.71781220631357,-0.5626774499967474,-261.8820403649982,858.1428069554964,21.36549514486767,False,59.20000000000027,-5.196549066624238,13.909902193485472,-260.76671631717943,856.6457148702405,14.848888888875397,339.51500000003193,0.7963387733938676,-2.807910012828099,1.115324047818774,-1.4970920852559857
2641420.0,0.5926,-4.8073,8.347,-0.1107,-0.104,9.8054,-0.2446,-0.1827,0.1391,143.89,-83.7,66.06,52.756897,-1.678047,14.38,4,340.81,20 / 23,-6.12471053752057,17.218571151886714,-0.648897449996669,-262.4879202838746,859.8396261234049,21.304916399868052,False,59.30000000000018,-4.810891893780088,13.599115566340808,-261.2176718444242,857.9911734826458,14.425000000011565,340.5179999999727,1.3138186437404817,-3.6194555855459054,1.27024843945037,-1.848452640759092
2641519.0,-1.2401,-1.7042,9.7539,-0.047,-0.0458,9.8063,0.06,0.0531,-0.0239,143.89,-83.7,66.06,52.756897,-1.678047,14.38,4,340.81,20 / 23,-6.129891519975498,17.56875800638774,-0.7237612499964461,-263.09452308571883,861.5615989167343,21.236969794218595,False,59.39899999999989,-4.636567215295213,13.525578855188275,-261.66411781646786,859.3341858065223,14.298225000002025,341.07833999999104,1.4933243046802849,-4.043179151199464,1.4304052692509686,-2.2274131102119554
2641620.0,1.252,-2.0487,10.4543,0.0294,-0.0128,9.8065,0.027,0.0861,0.0782,138.42,-83.75,62.57,52.756897,-1.678047,14.38,4,340.81,20 / 23,-6.087701354112352,17.790517040468924,-0.6937187999964125,-263.71151152586094,863.3472423066025,21.165387051693877,False,59.5,-4.301132940830903,13.396460555881891,-262.08592950143566,860.682090706945,14.07,342.2,1.786568413281449,-4.394056484587033,1.6255820244252845,-2.66515159965752
2641720.0,-0.5935,-3.8537,10.0408,0.023,0.0135,9.8065,0.0032,0.0306,-0.2117,142.72,-83.92,63.32,52.756897,-1.678047,14.38,4,340.81,20 / 23,-6.139651819986601,18.07762054337921,-0.6496287999964525,-264.32287918456535,865.1406491857933,21.098219671694295,False,59.59999999999991,-3.87055380764402,13.406335380911177,-262.4695782335975,862.0275493201547,13.953888888884649,343.89600000000246,2.2690980123425812,-4.671285162468035,1.8533009509678777,-3.1130998656386737
2641820.0,-0.7282,-3.6156,9.6963,-0.0014,0.0603,9.8064,-0.0157,-0.2364,0.0869,143.98,-83.63,65.18,52.756897,-1.678047,14.38,4,340.81,20 / 23,-6.14982015204181,18.489661485113817,-0.6434387999964298,-264.937352783169,866.9690132872246,21.033566291694417,False,59.70000000000027,-3.7433656402077533,13.11945801379489,-262.8195735682055,863.306290975989,13.643055555557112,344.07499999996037,2.406454511834057,-5.370203471318927,2.117779214963491,-3.6627223112355978
2641920.0,-2.3498,-2.3792,9.3213,-0.0064,0.0383,9.8066,-0.0111,-0.1639,0.0,143.98,-83.63,65.18,52.756897,-1.678047,14.38,4,340.81,20 / 23,-6.041014255770218,18.893962629706703,-0.6732237999964026,-265.54689450355903,868.8381944929639,20.967733161694834,False,59.80000000000018,-4.0419691661717465,13.081736426385872,-263.22341433889443,864.6183911104125,13.69194444444311,342.830000000034,1.9990450895984715,-5.812226203320831,2.323480164664602,-4.21980338255139
2642020.0,-0.0969,-2.6797,8.4312,0.033,0.0181,9.8066,-0.1647,-0.199,0.0959,144.94,-83.42,66.07,52.757015,-1.678106,12.81,4,346.68,21 / 23,-5.927759422698322,19.241741560711528,-0.7662637999963179,-266.1453331874819,870.7449797024831,20.895758781695264,False,59.90000000000009,-3.5349492304417702,13.280651713724833,-263.5599483144726,865.9416107373569,13.743055555554857,345.0949999999691,2.3928101922565514,-5.961089846986695,2.585384873009332,-4.803368965126197
2642120.0,-2.202,-3.4939,7.5772,-0.0012,0.0145,9.8066,-0.0668,-0.3618,0.2563,146.45,-83.44,67.98,52.757015,-1.678106,12.81,4,346.68,21 / 23,-5.842902153486219,19.62715830226024,-0.9465087999961539,-266.7338662662906,872.6884246956299,20.810120151695717,False,60.0,-3.450351112805069,12.745107256845204,-263.89648229004894,867.2092329014667,13.203888888888889,344.852,2.39255104068115,-6.882051045415038,2.8373839762416537,-5.479191794163171
2642220.0,-3.0342,2.1176,10.097,0.0806,0.0828,9.8059,0.417,-0.213,-0.0628,146.45,-83.44,67.98,52.757015,-1.678106,12.81,4,346.68,21 / 23,-5.499216816632932,19.893578930783256,-1.0434637999960656,-267.30097221479605,874.6644615572803,20.710621521696197,False,60.09999999999991,-3.4344867989054566,12.958708097316496,-264.2532083041529,868.5324525284101,13.406111111105844,345.15600000003036,2.064730017727475,-6.934870833466761,3.047763910643141,-6.132009028870243
2642320.0,3.9879,1.6024,9.3411,0.025,-0.0048,9.8066,0.0487,0.2094,-0.283,151.09,-83.26,73.62,52.757015,-1.678106,12.81,4,346.68,21 / 23,-5.284219210618872,19.780310108247345,-1.0522237999960975,-267.8401440161606,876.6481560092391,20.605837141696206,False,60.20000000000027,-2.844216707438567,12.705543330422254,-264.4955127665869,869.7555967221163,13.020000000004261,347.3819999999769,2.4400025031803048,-7.074766777825092,3.3446312495736947,-6.892559287122822
2642420.0,0.2051,-5.0674,7.9163,-0.0598,-0.0192,9.8064,0.2023,0.2779,-0.3892,149.12,-83.33,70.96,52.757015,-1.678106,12.81,4,346.68,21 / 23,-5.391604073244325,19.879783688901714,-1.1700187999959903,-268.37393518035327,878.6311606990947,20.4947250116967,False,60.30000000000018,-3.0354315547251147,12.798865112880783,-264.79839334458353,871.0232188847185,13.153888888885234,346.6580000000198,2.3561725185192106,-7.080918576020931,3.575541835769741,-7.607941814376204
2642520.0,-0.9925,-0.3216,8.182,-0.0339,0.0425,9.8064,-0.1934,0.0235,-0.1489,147.09,-83.16,67.64,52.757015,-1.678106,12.81,4,346.68,21 / 23,-5.332231978636143,20.192053466356633,-1.3457687999958305,-268.9101269829468,880.6347525568558,20.368935631697223,False,60.40000000000009,-2.936916287116204,12.312631447833304,-265.08781256360095,872.2463630770043,12.65805555556232,346.584000000001,2.395315691519939,-7.879422018523329,3.822314419345844,-8.388389479851526
2642620.0,-2.4239,-0.3402,8.5623,-0.0125,0.0252,9.8065,-0.0347,-0.8783,0.8032,147.09,-83.16,67.64,52.757015,-1.678106,12.81,4,346.68,21 / 23,-5.042570439668029,20.37518974335087,-1.4892187999957,-269.42886710386153,882.6631147173393,20.227186251697777,False,60.5,-2.734229997883975,12.42151846138678,-265.3503090645481,873.4806267638363,12.718888888888888,347.586,2.3083404417840536,-7.953671281964089,4.078558039313407,-9.182487953503028
2642720.0,0.1105,6.0946,10.4333,0.0115,-0.0161,9.8066,0.161,-0.5937,0.092,147.74,-83.08,68.35,52.757015,-1.678106,12.81,4,346.68,21 / 23,-4.627503041248593,20.256291292448672,-1.520103799995672,-269.9123707779069,884.6946887691274,20.076720121698344,False,60.59999999999991,-2.652885967108157,12.297097057659427,-265.6128055655082,874.714890449961,12.579999999999028,347.8260000000022,1.9746170741404359,-7.959194234789246,4.299565212398704,-9.979798319166434
2642820.0,1.3064,-0.9053,10.8682,0.0166,-0.0648,9.8064,-0.2535,0.9201,-0.7013,146.97,-83.48,67.23,52.757015,-1.678106,12.81,4,346.68,21 / 23,-4.38444195587148,20.059781657996464,-1.4356937999953647,-270.36296802776457,886.710492416657,19.928930241698254,False,60.70000000000027,-2.6039474067663524,12.234858361955474,-265.8685713869418,875.9380346429571,12.50888888887886,347.9850000000009,1.7804945491051272,-7.824923296040989,4.4943966408227425,-10.772457773699898
2642920.0,2.0323,-7.0519,9.4385,0.0115,-0.0959,9.8061,0.0128,0.155,-0.1038,146.97,-83.48,67.23,52.757015,-1.678106,12.81,4,346.68,21 / 23,-4.577161565988277,20.365239148071748,-1.4010237999953963,-270.8110482038571,888.7317434569585,19.787094361698845,False,60.80000000000018,-2.532545744829585,11.927998083715602,-266.1176065288689,877.1167008647459,12.193888888897483,348.0129999999993,2.044615821158692,-8.437241064356146,4.6934416749882075,-11.615042592212603
2643021.0,-0.4344,-7.491,8.8694,-0.0654,0.0869,9.806,-0.0168,-0.7825,0.3093,144.67,-83.98,64.85,52.757137,-1.678145,12.19,4,350.39,21 / 22,-4.893784482660957,20.99599555747582,-1.4669464999954698,-271.28933097931446,890.820485809591,19.642261861549144,False,60.901000000000295,-2.764406240662564,12.024341424296361,-266.40998724685716,878.3407346173882,12.338025000000036,347.0526300000062,2.129378241998393,-8.971654133179458,4.879343732457301,-12.479751192202798
2643120.0,-3.2213,5.7198,9.6207,-0.0195,0.0332,9.8066,0.0382,-1.068,0.6725,145.95,-82.84,65.78,52.757137,-1.678145,12.19,4,350.39,21 / 22,-4.639449289922187,21.23257652277142,-1.5225448999953042,-271.7612260510559,892.910800127557,19.49428203725004,False,61.0,-2.875152272185617,11.995237572126111,-266.70317564638924,879.5296307727447,12.335,346.521,1.7642970177365696,-9.23733895064531,5.058050404666687,-13.3811693548123
2643219.0,-3.3626,6.4119,9.798,0.0063,-0.0077,9.8066,-0.0342,0.5254,-0.2121,146.42,-82.89,65.82,52.757137,-1.678145,12.19,4,350.39,21 / 22,-3.8729950718437247,20.979392495577883,-1.5321775999953198,-272.18259204696403,895.0002925939687,19.34307327350026,False,61.09900000000016,-2.7298669571645493,11.671579222633643,-266.9697105550464,880.6965103331039,11.986574999994366,346.83582000000507,1.1431281146791754,-9.30781327294424,5.212881491917642,-14.30378226086475
2643320.0,-1.2005,-5.1458,9.8655,0.0469,-0.1213,9.8057,-0.1933,0.9519,-0.4625,146.42,-82.89,65.82,52.757137,-1.678145,12.19,4,350.39,21 / 22,-3.4805262394866667,21.118686513785292,-1.5296424999953169,-272.55394487318665,897.1262455839438,19.18845135845056,False,61.20000000000027,-2.034771050602929,11.949102114355673,-267.1137470965816,881.93144118903,12.121111111101625,350.336000000014,1.4457551888837377,-9.169584399429619,5.440197776605032,-15.194804394913831
2643420.0,-2.1857,-8.7752,10.0058,-0.0052,0.044,9.8065,-0.0075,0.4993,-0.4105,143.9,-83.63,64.34,52.757137,-1.678145,12.19,4,350.39,21 / 22,-3.581046914870303,21.853167812926824,-1.5167424999953285,-272.90702353090415,899.2748383002775,19.036132108451167,False,61.30000000000018,-1.895376404252934,11.670140999839992,-267.28874476389797,883.0878684259691,11.823055555563688,350.774999999988,1.6856705106173688,-10.183026813086832,5.6182787670061884,-16.186969874308375
2643520.0,0.1881,-3.9751,9.6214,-0.0089,0.0929,9.8062,0.0018,-0.297,0.2567,146.32,-83.16,66.68,52.757137,-1.678145,12.19,4,350.39,21 / 22,-3.707371088130312,22.500417812682667,-1.516047499995329,-273.27144443105385,901.492517581556,18.884492608451772,False,61.40000000000009,-1.4845555568657691,11.759720268852202,-267.4300890336302,884.2665346492579,11.853055555555148,352.8049999999723,2.2228155312645432,-10.740697543830464,5.8413553974236265,-17.225982932298052
2643620.0,1.1773,3.8853,9.6762,-0.0179,0.0658,9.8063,0.0353,-0.2138,0.2243,146.32,-83.16,66.68,52.757137,-1.678145,12.19,4,350.39,21 / 22,-3.6032947683202727,22.53104246813668,-1.5318324999953148,-273.63697772387604,903.7440905955949,18.73209860845238,False,61.5,-1.829847772276318,11.661194194057913,-267.62527873946107,885.4452008711326,11.803888888888888,351.082,1.7734469960439547,-10.869848274078766,6.011698984414977,-18.298889724462356
2643720.0,-0.5722,2.2631,9.7064,-0.003,-0.0249,9.8065,-0.0513,0.3395,-0.2338,144.5,-82.78,67.68,52.757137,-1.678145,12.19,4,350.39,21 / 22,-3.2932398246944845,22.328559914791878,-1.5433674999953042,-273.9818044535265,905.9870707147393,18.578338608452988,False,61.59999999999991,-1.5776141871943006,11.634638954421487,-267.77335368872036,886.6016281081555,11.741111111107795,352.2779999999899,1.715625637500184,-10.693920960370392,6.208450764806116,-19.38544260658375
2643820.0,0.4211,-2.5064,9.8156,0.0085,-0.0388,9.8065,-0.0163,0.702,-0.2925,146.77,-82.89,66.89,52.757137,-1.678145,12.19,4,350.39,21 / 22,-3.1279667462296743,22.413024985261934,-1.5479324999953208,-274.30286478207387,908.2241499597501,18.423773608452894,False,61.70000000000027,-1.6919784111656846,11.37288400604565,-267.94835135602307,887.724696867908,11.498055555563294,351.538000000012,1.4359883350639897,-11.040140979216284,6.354513426050801,-20.499453091842042
2643920.0,0.907,-4.6416,9.0302,-0.0427,-0.058,9.8064,-0.1653,0.4917,-0.2487,144.04,-83.02,63.64,52.757137,-1.678145,12.19,4,350.39,21 / 22,-3.2249677733624216,22.734864915588368,-1.5863074999952858,-274.6205115080532,910.4815444547905,18.267061608453506,False,61.80000000000018,-1.6514966969356684,11.624381651654057,-268.10988766429864,888.8811241041399,11.74111111110448,351.91399999998976,1.5734710764267532,-11.110483263934311,6.5106238437545585,-21.600420350650666
2644020.0,-1.312,2.4932,9.7681,-0.016,0.0135,9.8066,0.0965,-0.4066,0.2076,143.14,-82.81,62.21,52.757236,-1.678172,11.4,6,349.98,21 / 22,-3.11058907778418,22.908149894085884,-1.6270574999952485,-274.93728935061023,912.7636951952721,18.106393358454124,False,61.90000000000009,-1.4014248295090774,11.540218084909466,-268.251231934044,890.070909819854,11.625000000001585,353.07599999998416,1.7091642482751026,-11.367931809176419,6.686057416566257,-22.69278537541811
2644119.0,-1.5162,2.4743,9.9373,-0.021,-0.0096,9.8065,-0.0028,-0.3066,0.2896,143.14,-82.81,62.21,52.757236,-1.678172,11.4,6,349.98,21 / 22,-2.6931387439129573,22.868363514605026,-1.6224985499952411,-275.2245738777847,915.029632609006,17.945540333979334,False,61.99900000000025,-1.9653450898481668,11.157155350943436,-268.4511331155359,891.1497229974021,11.329099999999293,350.0089799999927,0.7277936540647905,-11.71120816366159,6.773440762248754,-23.879909611603807
2644219.0,0.3291,-0.1595,10.1064,0.0393,-0.0326,9.8064,0.1098,0.0677,-0.0726,139.27,-82.78,61.16,52.757236,-1.678172,11.4,6,349.98,21 / 22,-2.41907981306827,22.88917148112781,-1.6009785499952607,-275.4801848056335,917.3175093587905,17.784366478979955,False,62.09900000000016,-1.9118613309690904,11.065918304584146,-268.6397267554436,892.2284249809485,11.229861111109555,350.19778000000355,0.5072184820991796,-11.823253176543664,6.840458050189909,-25.089084377842028
2644319.0,-0.3683,-4.7334,9.0313,0.0046,-0.0128,9.8066,-0.0772,0.3912,-0.1026,138.67,-83.22,61.4,52.757236,-1.678172,11.4,6,349.98,21 / 22,-2.4254711876338937,23.159474481623906,-1.624758549995239,-275.7224123556684,919.619941656926,17.623079623980576,False,62.19900000000007,-1.6752745045425173,11.296434753380293,-268.80819566363,893.3840738534892,11.420013888894612,351.5642200000409,0.7501966830913764,-11.863039728243614,6.914216692038394,-26.235867803436804
2644420.0,1.2413,-4.4186,9.2241,0.0039,-0.0154,9.8066,-0.0649,-0.1004,0.1763,138.26,-83.3,61.04,52.757236,-1.678172,11.4,6,349.98,21 / 22,-2.6101688958609564,23.563354412350844,-1.6933324999953157,-275.97671217988517,921.9794445160744,17.455516025955866,False,62.30000000000018,-1.9488532410256596,11.20568246479265,-269.0050680393399,894.5075873923929,11.3738888888902,350.1340000000394,0.6613156548352968,-12.357671947558194,6.971644140545266,-27.471857123681502
2644520.0,-1.2529,1.0197,8.9626,-0.0737,0.0057,9.8063,-0.0043,-0.3274,0.1894,138.26,-83.3,61.04,52.757236,-1.678172,11.4,6,349.98,21 / 22,-2.5701924023901395,23.777564231791015,-1.7646624999952507,-276.2357302447975,924.3464904482794,17.282616275956496,False,62.40000000000009,-1.9225168386916887,10.996260197968711,-269.1935270656709,895.5861781810231,11.163055555558431,350.0830000000007,0.6476755636984508,-12.781304033822304,7.042203179126602,-28.760312267256268
2644619.0,-0.8069,2.5862,8.7016,-0.0301,-0.0814,9.8062,0.0734,-0.5252,0.3139,136.66,-82.98,58.6,52.757236,-1.678172,11.4,6,349.98,21 / 22,-2.2234754216478736,23.803735544409935,-1.8611429499954066,-276.4730168020877,926.7017647872051,17.10313890618167,False,62.49900000000025,-1.9833620062489885,10.96420823480818,-269.3934282471635,896.698016252474,11.142155555555505,349.74639999999926,0.2401134153988851,-12.839527309601756,7.079588554924214,-30.00374853473113
2644720.0,1.9441,-3.0747,9.0942,-0.0383,-0.1574,9.8052,-0.0818,-0.2446,0.206,130.46,-83.45,51.62,52.757236,-1.678172,11.4,6,349.98,21 / 22,-2.1397745670287796,23.86285446894347,-1.9529266999950958,-276.69336092651514,929.1089275828713,16.910528388857802,False,62.59999999999991,-2.070599403229267,11.081263450975117,-269.60409851587616,897.7878377286906,11.273055555552391,349.4160000000097,0.0691751637995126,-12.781591017968355,7.08926241063898,-31.321089854180627
2644820.0,0.7474,-6.2957,10.2968,-0.0398,-0.0408,9.8064,-0.1079,0.5948,-0.2914,130.46,-83.45,51.62,52.757236,-1.678172,11.4,6,349.98,21 / 22,-2.444117461276076,24.17142429633015,-1.9640416999951362,-276.9225555279312,931.5106415211437,16.714679968857578,False,62.70000000000027,-1.8931625639936294,10.87759486625008,-269.79255754219446,898.8553090249001,11.041111111114542,350.1270000000028,0.5509548972824465,-13.293829430080072,7.129997985736736,-32.65533249624366
2644920.0,-0.9405,2.3679,9.5833,-0.0183,0.0414,9.8065,-0.0744,0.4865,-0.2637,124.88,-83.42,48.72,52.757236,-1.678172,11.4,6,349.98,21 / 22,-2.4499236881883926,24.431590917379637,-1.9507016999951483,-277.1672575854042,933.940792281827,16.51894279885824,False,62.80000000000018,-1.8945787934022857,10.98673266500623,-269.9810165685115,899.9561387975932,11.14888888888595,350.21599999999756,0.5553448947861068,-13.444858252373407,7.186241016892666,-33.98465348423383
2645020.0,-1.6357,2.2809,9.8108,0.0139,-0.0133,9.8065,0.137,0.0716,0.0134,126.24,-83.19,49.88,52.75734,-1.678202,11.1,6,349.79,21 / 23,-2.0557647507186028,24.51945148060655,-1.9616616999951384,-277.39254200734933,936.3883444017241,16.323324628858906,False,62.90000000000009,-1.8605608231953847,10.851654870259752,-270.1627449153282,901.0347295862231,11.010000000001895,350.2709999999993,0.19520392752321802,-13.667796610346796,7.229797092021158,-35.35361481550103
2645120.0,1.945,-2.9791,9.5768,0.0552,-0.0644,9.8062,-0.0374,-0.1488,0.009,127.75,-83.67,48.85,52.75734,-1.678202,11.1,6,349.79,21 / 23,-1.9600150068458737,24.64744873436876,-1.972946699995128,-277.59333099522735,938.8466894124706,16.126594208859572,False,63.0,-1.8508151449539199,10.849376253468797,-270.35120394165887,902.1244398672777,11.00611111111111,350.319,0.10919986189195385,-13.798072480899961,7.242127053568481,-36.72224954519288
2645220.0,0.4627,-2.8477,10.6672,-0.0247,0.0378,9.8065,0.07,-0.4159,0.1232,127.75,-83.67,48.85,52.75734,-1.678202,11.1,6,349.79,21 / 23,-2.129825218672056,24.844031124181083,-1.9414116999951565,-277.79782300650305,941.3212634053958,15.930876288860237,False,63.09999999999991,-1.8250421796836778,10.893174286791917,-270.5329322884621,903.2141501483327,11.045000000002224,350.4889999999982,0.3047830389883781,-13.950856837389166,7.264890718040931,-38.10711325706313
2645320.0,0.6225,0.8677,9.8456,-0.0324,0.0226,9.8065,-0.0155,-0.0449,0.0527,128.8,-83.42,49.6,52.75734,-1.678202,11.1,6,349.79,21 / 23,-2.1069837918469134,24.973633557457138,-1.8964366999949929,-278.0096634570298,943.8121466394869,15.73898386886003,False,63.20000000000027,-1.8778323130939103,11.049626923128287,-270.72139131479355,904.3149799225256,11.208055555555617,350.3550000000034,0.22915147875300312,-13.924006634328851,7.288272142236224,-39.49716671696126
2645420.0,-0.677,0.4254,9.6455,0.0122,-0.008,9.8066,0.0781,0.1579,-0.118,125.88,-83.06,49.58,52.75734,-1.678202,11.1,6,349.79,21 / 23,-1.9222093891102787,25.051478981295045,-1.9025466999949874,-278.21112311607743,946.3134022664221,15.549034698860703,False,63.30000000000018,-1.857708991043992,11.054999651949027,-270.9031196615969,905.4158096966333,11.209999999999948,350.4609999999971,0.06450039806628682,-13.996479329346018,7.308003454480513,-40.8975925697888
2645520.0,-0.6598,-1.2083,9.6656,0.0084,-0.002,9.8066,-0.0913,0.1668,-0.0679,125.88,-83.06,49.58,52.75734,-1.678202,11.1,6,349.79,21 / 23,-1.7842733387919338,25.246304956630397,-1.9176566999949736,-278.3964472524724,948.8282914633161,15.358024528861378,False,63.40000000000009,-1.8099583578633947,10.837961784156757,-271.07811732891275,906.4944004852632,10.988055555558585,350.5189999999992,-0.025685019071460813,-14.40834317247364,7.318329923559645,-42.333890978052864
2645620.0,-1.0226,-1.4173,9.8467,-0.0138,-0.0023,9.8066,-0.007,-0.0205,0.0994,125.95,-83.11,49.74,52.75734,-1.678202,11.1,6,349.79,21 / 23,-1.710688458240063,25.509085076749898,-1.922706699994969,-278.57119534232385,951.3660609649828,15.166006358862056,False,63.5,-1.4979327101617699,10.80471534094785,-271.219461598658,907.5618717807596,10.908055555555555,352.107,0.21275574807829312,-14.704369735802048,7.351733743665875,-43.80418918422322
2645720.0,-0.191,-1.6427,9.4716,-0.0215,-0.0067,9.8065,-0.035,0.055,0.0018,123.98,-83.11,48.37,52.75734,-1.678202,11.1,6,349.79,21 / 23,-1.6722466362020048,25.765681944906145,-1.9374566999949554,-278.7403420970458,953.9297993160633,14.972998188862736,False,63.59999999999991,-1.8099097213013389,10.884435254667968,-271.40792062498855,908.6515820618142,11.033888888887729,350.55900000000275,-0.13766308509933411,-14.881246690238177,7.332421472057263,-45.27821725424906
2645820.0,0.896,-1.9415,8.8114,-0.0427,-0.0081,9.8065,-0.1073,0.09,-0.1155,123.6,-82.93,46.27,52.75734,-1.678202,11.1,6,349.79,21 / 23,-1.7145678922293726,25.95831839209659,-2.0039716999951973,-278.909682823468,956.5159993329228,14.775926768862512,False,63.70000000000027,-1.7580663712936526,10.806820556267892,-271.5829182922783,909.7301728504483,10.948888888889497,350.76000000000175,-0.04349847906428006,-15.151497835828698,7.326764531189724,-46.78582648247448
2645923.0,-0.9645,-2.3174,9.7726,-0.0743,-0.0224,9.8063,-0.1137,-0.0453,0.1528,123.6,-82.93,46.27,52.75734,-1.678202,11.1,6,349.79,21 / 23,-1.765840207956484,26.209142963522726,-2.0569806499949967,-279.08892384062693,959.202623592727,14.566787722838807,False,63.802999999999884,-1.7544089634147972,10.824584543030412,-271.7635697303699,910.8407877778399,10.965863888891068,350.7936200000222,0.011431244541686869,-15.384558420492315,7.325354110257024,-48.36183581488717
2646020.0,0.4469,-1.8251,9.8188,0.0004,0.005,9.8066,-0.048,-0.0198,-0.0129,120.96,-82.59,42.91,52.757435,-1.678231,10.91,6,349.87,21 / 23,-1.801512240470498,26.45913783253517,-2.058042799994999,-279.261940434376,961.7570352113413,14.367209085513865,False,63.90000000000009,-1.878786953709059,10.731783849043646,-271.94637498589833,911.8762349337883,10.895000000000996,350.07000000001017,-0.07727471323856094,-15.727353983491524,7.315565448477685,-49.88080027755302
2646120.0,2.6987,-0.6765,9.5976,-0.0069,0.0096,9.8066,0.0265,-0.0579,0.0632,121.74,-82.53,43.27,52.757435,-1.678231,10.91,6,349.87,21 / 23,-1.8702415657439375,26.517622357080562,-2.06788779999499,-279.4455281246866,964.4058732208197,14.160912555514553,False,64.0,-1.9034647591491656,10.974201723556897,-272.1348340122291,912.9770647079757,11.138055555555555,350.16,-0.03322319340522806,-15.543420633523665,7.310694112457497,-51.42880851284394
2646220.0,2.9736,-0.0649,9.6255,-0.0346,0.0143,9.8065,-0.0202,-0.1232,-0.0669,121.74,-82.53,43.27,52.757435,-1.678231,10.91,6,349.87,21 / 23,-1.9293282780983334,26.422764125429186,-2.087397799994972,-279.6355066168785,967.0528925449428,13.953148275515243,False,64.09999999999991,-1.809253786497745,10.78738430169262,-272.316562359032,914.0445360041791,10.938055555552868,350.4790000000088,0.12007449160058847,-15.635379823736566,7.3189442578465105,-53.00835654076366
2646320.0,-0.3514,0.6821,9.8595,-0.0475,0.0195,9.8065,-0.0303,-0.1534,0.1114,120.85,-82.31,43.01,52.757435,-1.678231,10.91,6,349.87,21 / 23,-1.8513671572084067,26.423398734312126,-2.0938127999949954,-279.82454138864455,969.6952006879394,13.744087745514983,False,64.20000000000027,-1.6582423562494233,10.61233716903487,-272.4780986673196,915.1008878065479,10.741111111115975,351.1190000000187,0.19312480095898343,-15.811061565277257,7.346442721324934,-54.59431288139149
2646420.0,-0.5488,-0.9937,9.9332,-0.0004,0.0114,9.8066,-0.0681,0.1043,-0.0642,121.97,-82.0,42.92,52.757435,-1.678231,10.91,6,349.87,21 / 23,-1.719797086242019,26.59811064973911,-2.0848427999950037,-280.0030996008169,972.3462761571395,13.535154965515673,False,64.30000000000018,-1.5716596945250925,10.779921193031559,-272.62617361656777,916.1794785950987,10.893888888884721,351.704999999984,0.14813739171692664,-15.81818945670755,7.376925984249112,-56.16679756204087
2646520.0,1.8385,-0.1409,8.7564,-0.0091,0.0215,9.8066,0.0237,0.0295,-0.0133,123.01,-81.88,43.47,52.757435,-1.678231,10.91,6,349.87,21 / 23,-1.6801204090985655,26.699678610252654,-2.131027799994962,-280.17309547558375,975.0111656201367,13.324361435516366,False,64.40000000000009,-2.305309115972919,10.623869665518995,-272.8886701175115,917.2358303988772,10.871111111111423,347.75700000005384,-0.6251887068743536,-16.07580894473366,7.284425358072269,-57.775335221259525
2646620.0,1.5454,-0.9437,9.0413,-0.0464,-0.0012,9.8065,-0.0823,-0.042,-0.0136,123.01,-81.88,43.47,52.757435,-1.678231,10.91,6,349.87,21 / 23,-1.6933506418667161,26.711451596356444,-2.2218077999948793,-280.34176902813186,977.6817221304648,13.106719655517072,False,64.5,-1.91796244865785,10.736985478230652,-273.0703984643291,918.3033016943732,10.906944444444445,349.872,-0.2246118067911338,-15.974466118125791,7.271370563802748,-59.378420436091574
2646720.0,0.3813,1.3014,8.6443,-0.0774,-0.0162,9.8063,-0.0859,-0.1503,0.0968,118.24,-81.66,42.41,52.757435,-1.678231,10.91,6,349.87,21 / 23,-1.6076654840328102,26.75384619784153,-2.3181927999947916,-280.50681983442666,980.3549870201722,12.879719625517795,False,64.59999999999991,-2.208620559293747,10.634177438471097,-273.29251088823054,919.3596534981505,10.861111111107506,348.267000000009,-0.6009550752609369,-16.119668759370434,7.214308946196127,-60.995333522021724
2646820.0,1.4138,-0.3716,8.7991,-0.0996,-0.0601,9.8059,-0.1372,-0.1295,0.0792,116.34,-81.29,38.55,52.757435,-1.678231,10.91,6,349.87,21 / 23,-1.4959613924673396,26.787030728469592,-2.4266877999951864,-280.66200117825224,983.0320308664975,12.642475595517434,False,64.70000000000027,-2.035788605877194,10.399557505536029,-273.48770059406365,920.371527329403,10.596944444450493,348.92399999999793,-0.5398272134098543,-16.387473222933565,7.174300584188586,-62.66050353709454
2646920.0,0.7332,-1.4349,9.6911,-0.0638,-0.0341,9.8064,0.0053,-0.0683,0.0769,116.34,-81.29,38.55,52.757435,-1.678231,10.91,6,349.87,21 / 23,-1.5153765853781682,26.86862663065299,-2.4828427999951352,-280.81256807714436,985.7148137344512,12.396999065518141,False,64.80000000000018,-2.0844825184035787,10.58362428839426,-273.7030823384222,921.4389986262362,10.78694444443926,348.8580000000018,-0.5691059330254105,-16.28500234225873,7.109485738722185,-64.27581510821506
2647020.0,0.9251,-0.4245,9.9373,-0.0278,-0.014,9.8065,-0.0646,-0.0686,-0.0378,118.08,-81.04,36.34,52.757538,-1.67826,10.74,6,349.64,21 / 23,-1.5252091598750226,26.972820632618507,-2.482087799995136,-280.96459736440687,988.4068860976124,12.148752535518854,False,64.90000000000009,-1.4899952893194652,10.746083200926703,-273.83096524915425,922.5398283990085,10.848888888888043,352.10599999995566,0.03521387055555736,-16.226737431691802,7.133632115252624,-65.86705769860396
2647120.0,-0.4858,-0.885,10.1334,-0.0221,-0.0346,9.8065,-0.0214,0.0375,0.0584,114.28,-80.94,35.39,52.757538,-1.67826,10.74,6,349.64,21 / 23,-1.4873381689635161,27.12028982959227,-2.4592177999951566,-281.11522473084864,991.1115416207205,11.901687255519564,False,65.0,-2.07211844252896,10.261771763590954,-274.0396163139997,923.5405827392449,10.46888888888889,348.584,-0.5847802735654437,-16.858518066001317,7.075608416848922,-67.57095888147558
2647220.0,2.1314,-0.4705,9.6946,0.0204,-0.0015,9.8065,0.0444,0.0815,-0.011,115.91,-80.85,33.34,52.757538,-1.67826,10.74,6,349.64,21 / 23,-1.4792792273001303,27.21509717657794,-2.4484827999951664,-281.2635556006617,993.8283109710266,11.656302225520271,False,65.09999999999991,-1.5649400533048423,10.396769796313391,-274.18769126325884,924.5969345423157,10.513888888892263,351.4399999999997,-0.08566082600471203,-16.81832738026455,7.075864337402834,-69.23137642871086
2647320.0,1.0791,-0.747,9.2625,0.0398,-0.0034,9.8065,0.0653,0.0228,-0.0523,116.42,-81.07,33.88,52.757538,-1.67826,10.74,6,349.64,21 / 23,-1.4957218085581403,27.235872908611327,-2.481292799995286,-281.41230565245513,996.550859475296,11.409813445519852,False,65.20000000000027,-1.6056379609207985,10.640650313029965,-274.34922757153396,925.6755253309495,10.761111111113719,351.418999999978,-0.10991615236265817,-16.59522259558136,7.063078080921173,-70.87533414434643
2647420.0,2.3469,-0.8543,10.1943,0.0399,-0.0126,9.8065,-0.0716,0.0226,0.0897,116.42,-81.07,33.88,52.757538,-1.67826,10.74,6,349.64,21 / 23,-1.5342890562675655,27.25565983730217,-2.4891177999952787,-281.56380619569626,999.2754361125892,11.16129291552055,False,65.30000000000018,-1.7472365092299607,10.70135591229584,-274.52422523883695,926.7429966270755,10.843055555553319,350.72700000001885,-0.21294745296239515,-16.55430392500633,7.039580956859311,-72.53243948551369
2647520.0,-1.2595,-0.4345,10.3026,0.0406,0.0103,9.8065,0.1116,-0.0298,-0.02,112.5,-81.31,34.13,52.757538,-1.67826,10.74,6,349.64,21 / 23,-1.5162022433771163,27.377219850996635,-2.444937799995319,-281.7163307606784,1002.0070800970017,10.914590135521244,False,65.40000000000009,-2.016763530795509,10.134332833255119,-274.73287630368264,927.6992729969036,10.333055555562513,348.74500000002706,-0.5005612874183927,-17.242887017741516,6.98345445699573,-74.3078071000981
2647620.0,0.5521,-0.4018,9.2909,0.0658,0.0135,9.8064,-0.0375,0.0571,0.0221,116.43,-81.63,35.64,52.757538,-1.67826,10.74,6,349.64,21 / 23,-1.437914597492869,27.569075900647704,-2.4459277999953177,-281.86403660272174,1004.7543948845814,10.670046855521935,False,65.5,-1.9019177758123103,10.381102034613738,-274.9213353300137,928.7222663212817,10.553888888888888,349.61800000000005,-0.46400317831944116,-17.187973866033964,6.942701272708064,-76.0321285632997
2647720.0,0.6069,-1.1279,9.2026,0.018,-0.0472,9.8065,0.0538,0.0187,-0.0505,111.57,-81.84,34.23,52.757538,-1.67826,10.74,6,349.64,21 / 23,-1.4284378025508375,27.687749382982858,-2.5019177999952666,-282.0073542227238,1007.5172361487604,10.422654575522632,False,65.59999999999991,-1.7778241531773553,10.173891725348644,-275.09633299731587,929.7230206601031,10.328055555560246,350.0880000000138,-0.3493863506265178,-17.51385765763421,6.9110212254079215,-77.7942154886573
2647820.0,0.4957,-1.2705,8.3886,-0.0053,-0.0028,9.8066,-0.1012,-0.0119,0.0484,111.57,-81.84,34.23,52.757538,-1.67826,10.74,6,349.64,21 / 23,-1.4628953426511686,27.826891413323384,-2.6030227999956344,-282.1519208799844,1010.2929681885857,10.167407545522158,False,65.70000000000027,-1.6519807311172183,10.543308678454556,-275.25786930559184,930.790491957016,10.671944444437537,351.094999999943,-0.18908538846604972,-17.28358273486883,6.894051574392563,-79.50247623156974
2647920.0,2.0468,0.264,8.3157,-0.0096,-0.0052,9.8066,-0.0012,-0.1021,0.0659,111.89,-81.82,34.04,52.757538,-1.67826,10.74,6,349.64,21 / 23,-1.4592501555433923,27.87336476317898,-2.748472799995502,-282.298028154894,1013.0779809974083,9.899832765522845,False,65.80000000000018,-1.940427253287588,10.273352280284154,-275.4597896909363,931.7690073109138,10.45500000000592,349.3040000000489,-0.4811770977441956,-17.600012482894826,6.83823846395768,-81.30897368649448
2648020.0,0.6203,0.8047,8.8979,-0.0631,-0.0021,9.8064,0.0243,-0.0195,-0.0336,114.44,-81.48,33.04,52.757633,-1.678287,10.76,4,349.73,21 / 22,-1.36001700293389,27.87212200020854,-2.868457799995393,-282.4389915128177,1015.8652553355752,9.618986235523556,False,65.90000000000009,-1.65190374972498,10.147534660236678,-275.61459531971076,932.7697616511483,10.281111111113482,350.75399999998024,-0.29188674679108995,-17.724587339971862,6.824396193106963,-83.09549368442686
2648120.0,-0.9632,-1.2269,9.972,0.0228,0.0022,9.8065,0.1221,0.1078,-0.0609,114.44,-81.48,33.04,52.757633,-1.678287,10.76,4,349.73,21 / 22,-1.2676052813205123,28.037731936834597,-2.905627799995359,-282.57037262703034,1018.6607480324247,9.330281955524281,False,66.0,-1.684132716513718,10.270896623016853,-275.7828623074987,933.7816354831016,10.408055555555556,350.68800000000005,-0.4165274351932058,-17.766835313817744,6.787510319531634,-84.87911254932317
2648220.0,-0.253,-2.7734,10.1004,0.0569,-0.0083,9.8064,-0.0013,0.1499,-0.1507,111.16,-81.6,33.5,52.757633,-1.678287,10.76,4,349.73,21 / 22,-1.3278721190036595,28.312952754304444,-2.8826727999953796,-282.70014649704643,1021.4782822669791,9.040866925525007,False,66.09999999999991,-1.6430382959174175,10.18949261377488,-275.9443986157868,934.7823898226305,10.321111111117151,350.8399999999728,-0.3151661769137579,-18.123460140529566,6.755747881259651,-86.6958924443486
2648320.0,0.3147,-2.3881,10.1173,0.0383,0.0109,9.8065,0.0673,-0.0717,0.1659,115.13,-82.13,34.72,52.757633,-1.678287,10.76,4,349.73,21 / 22,-1.4661548276112937,28.554776011533704,-2.8524527999952696,-282.8398478443777,1024.3216687052814,8.754110645524431,False,66.20000000000027,-2.081870445359586,10.560640106587929,-276.1597803601602,935.8721001043955,10.76388888887934,348.8480000000674,-0.6157156177482923,-17.994135904945775,6.6800674842174885,-88.44956860088587
2648420.0,2.2225,-0.5345,9.4259,0.0545,0.006,9.8064,-0.0868,0.0128,0.059,115.7,-82.4,35.98,52.757633,-1.678287,10.76,4,349.73,21 / 22,-1.5462876709197482,28.642162052178094,-2.855957799995266,-282.9904699693041,1027.1815156084645,8.468690115525163,False,66.30000000000018,-1.6434062474204103,10.334030510169738,-276.32131666842236,936.8950934287001,10.463888888897074,350.96399999994225,-0.09711857650066213,-18.308131542008354,6.66915330088176,-90.28642217976437
2648520.0,1.4764,0.3997,9.2354,-0.0333,-0.0026,9.8065,-0.0649,0.0758,-0.0713,115.7,-82.4,35.98,52.757633,-1.678287,10.76,4,349.73,21 / 22,-1.5249463224773314,28.617369532670036,-2.9035577999952227,-283.1440316689738,1030.0444921877042,8.1807143355259,False,66.40000000000009,-1.7543005525107025,10.311839291390337,-276.4963143357244,937.9292062476264,10.460000000000052,350.3450000000085,-0.22935423003337108,-18.305530241279698,6.647717333249432,-92.1152859400778
2648620.0,0.1629,-0.8586,9.9502,-0.0214,-0.0061,9.8065,-0.0418,0.2074,-0.136,111.66,-82.02,34.22,52.757633,-1.678287,10.76,4,349.73,21 / 22,-1.4792662321086578,28.69301352030143,-2.924942799995203,-283.294242296703,1032.9100113403501,7.889289305526644,False,66.5,-1.4857852616823606,10.244764318276516,-276.6376586054696,938.9633190644311,10.351944444444445,351.74800000000005,-0.0065190295737027615,-18.448249202024915,6.656583691233379,-93.94669227591908
2648720.0,0.5989,-1.6029,10.4748,0.0058,0.0097,9.8066,-0.0087,0.0703,0.0018,110.79,-81.88,33.43,52.757633,-1.678287,10.76,4,349.73,21 / 22,-1.5112800232054815,28.848644075176615,-2.88435779999524,-283.4437696094686,1035.7870942201214,7.598824275527385,False,66.59999999999991,-1.8785880989579309,10.122150549883116,-276.8328483113008,939.9640734053739,10.295000000002236,349.48600000001545,-0.3673080757524494,-18.7264935252935,6.610921298167796,-95.82302081474745
2648820.0,2.3272,0.0543,10.0249,0.0185,0.0225,9.8065,-0.0209,-0.056,0.0273,110.79,-81.88,33.43,52.757633,-1.678287,10.76,4,349.73,21 / 22,-1.540267156428929,28.88698419398711,-2.8400377999950788,-283.59634696845086,1038.6738756335901,7.312604495526828,False,66.70000000000027,-1.7046061697175878,10.31904426758,-277.0011152990897,940.9981862221837,10.458888888888483,350.619999999997,-0.16433901328865885,-18.56793992640711,6.595231669361169,-97.67568941140644
2648920.0,1.7883,0.4187,9.8149,0.0147,-0.0065,9.8065,0.0352,-0.0806,0.0755,111.6,-82.07,34.75,52.757633,-1.678287,10.76,4,349.73,21 / 22,-1.4961111374655496,28.833348689342266,-2.828712799995089,-283.7481658831454,1041.559892277754,7.029166965527577,False,66.80000000000018,-1.7194301675250763,10.303630294449185,-277.169382286879,942.0434185327525,10.44611111111146,350.52600000000257,-0.2233190300595267,-18.52971839489308,6.578783596266419,-99.51647374500146
2649020.0,1.2281,0.9237,9.4173,-0.0071,-0.0123,9.8066,-0.0242,0.1256,-0.0193,111.39,-82.27,34.49,52.757725,-1.678311,10.68,4,349.8,20 / 23,-1.3918132145698903,28.814937470264834,-2.8477677999950717,-283.89256210074706,1044.4423065857318,6.745342935528327,False,66.90000000000009,-1.7884869665172767,10.36178263478722,-277.35111063369516,943.0775313502648,10.514999999999059,350.20700000000437,-0.3966737519473864,-18.453154835477612,6.5414514670519,-101.36477523546694
2649120.0,0.9318,-2.0407,9.9259,-0.0191,-0.0447,9.8065,-0.0789,0.1818,-0.0773,109.54,-82.26,32.38,52.757725,-1.678311,10.68,4,349.8,20 / 23,-1.3884660922117789,28.879292691542847,-2.8612727999950596,-284.031576066086,1047.3270180938196,6.45989090552908,False,67.0,-1.4493648064712163,10.090327662508042,-277.4857242239665,944.0782856905004,10.193888888888889,351.826,-0.06089871425943749,-18.788965029034806,6.545851842119532,-103.2487324033192
2649220.0,0.4495,-2.763,9.3761,0.0003,-0.054,9.8065,-0.0178,0.1338,0.0257,109.54,-82.26,32.38,52.757725,-1.678311,10.68,4,349.8,20 / 23,-1.5458302962223924,29.044218775619658,-2.8768377999950454,-284.1782908855076,1050.223193667175,6.172985375529835,False,67.09999999999991,-1.6726393266444561,10.103595126149177,-277.65399121171447,945.1012790162945,10.24111111111403,350.60000000000895,-0.1268090304220637,-18.94062364947048,6.524299673793109,-105.12191465088063
2649320.0,-0.1333,0.0306,9.3591,0.0188,0.0016,9.8066,0.0107,-0.1501,0.0831,106.3,-82.54,30.31,52.757725,-1.678311,10.68,4,349.8,20 / 23,-1.5924174615752675,29.227374927700566,-2.920742799995205,-284.335203273398,1053.1367733523516,5.883106345529268,False,67.20000000000027,-1.5895482443165212,10.333458345539695,-277.8222581995168,946.1576308179549,10.455000000000673,351.2549999999813,0.002869217258746337,-18.89391658216087,6.5129450738812125,-106.97914253439671
2649420.0,0.3249,0.3697,9.6917,0.0201,-0.0032,9.8066,0.0212,-0.1737,0.145,109.66,-82.66,30.43,52.757725,-1.678311,10.68,4,349.8,20 / 23,-1.4891951947469497,29.36389172199018,-2.9488677999951793,-284.489283906214,1056.0663366848335,5.589625815530016,False,67.30000000000018,-1.6989338014996356,10.33743333475265,-277.99052518730605,947.2028631285237,10.476111111110535,350.667000000016,-0.20973860675268585,-19.02645838723753,6.498758718907936,-108.86347355630971
2649520.0,0.9601,-0.8579,10.5716,-0.0266,-0.0293,9.8065,-0.0726,-0.0839,-0.04,109.66,-82.66,30.43,52.757725,-1.678311,10.68,4,349.8,20 / 23,-1.4413971478585608,29.461086450491955,-2.916367799995209,-284.63581352334415,1059.007585593455,5.296364035530763,False,67.40000000000009,-1.8592848130653354,10.430584115181182,-278.18571489312353,948.2480954398761,10.594999999998379,349.8930000000106,-0.41788766520677467,-19.03050233531077,6.450098630220623,-110.75949015357878
2649620.0,0.3322,-2.6131,10.7148,-0.043,-0.0464,9.8063,-0.0767,0.1372,-0.0841,108.39,-82.56,28.78,52.757725,-1.678311,10.68,4,349.8,20 / 23,-1.536431819760046,29.606261606630728,-2.832712799995285,-284.784704971725,1061.9609529963084,5.0089100055315,False,67.5,-1.9106721796068624,10.151760035682305,-278.3741739194544,949.2377302862716,10.33,349.341,-0.3742403598468165,-19.454501570948423,6.410531052270585,-112.7232227100368
2649720.0,0.4844,-1.5111,10.6707,-0.047,-0.0444,9.8064,0.0373,0.1489,-0.1784,106.56,-82.38,26.27,52.757725,-1.678311,10.68,4,349.8,20 / 23,-1.658355249235866,29.782920171069076,-2.7441027999953653,-284.94444432517463,1064.9304120851907,4.730069225532221,False,67.59999999999991,-1.79577755010886,10.266065896619471,-278.54917158677097,950.2384846272153,10.421944444450366,350.0779999999753,-0.137422300872994,-19.516854274449607,6.395272738403662,-114.69192745797545
2649820.0,1.7242,-0.7015,9.9021,0.0201,0.0656,9.8064,0.0663,-0.2123,0.0689,113.27,-82.37,29.29,52.757725,-1.678311,10.68,4,349.8,20 / 23,-1.7110537117069207,29.864717836484445,-2.6961277999951907,-285.11291477322237,1067.9127939855791,4.4580576955317035,False,67.70000000000027,-2.2081603479078917,10.629166304783375,-278.7847453696759,951.3393143999928,10.856111111112314,348.26399999996596,-0.49710663620097106,-19.23555153170107,6.328169403546497,-116.57347958558637
2649920.0,0.2632,2.6588,10.8628,0.0385,0.0961,9.806,-0.0558,-0.2639,0.1086,113.27,-82.37,29.29,52.757725,-1.678311,10.68,4,349.8,20 / 23,-1.5587769974011734,29.878140492671033,-2.638547799995243,-285.2764063086776,1070.8999369020341,4.191323915532425,False,67.80000000000018,-2.414451753725351,10.622958055662547,-279.03378051158955,952.4179051885435,10.89388888888786,347.19500000002915,-0.8556747563241778,-19.255182437008486,6.242625797088067,-118.48203171349064
2650020.0,1.3736,0.9464,10.1995,-0.0007,-0.0155,9.8065,0.0981,-0.1693,0.0706,113.95,-82.33,33.83,52.75782,-1.678335,10.64,4,350.98,21 / 22,-1.3240069706762996,29.874319543542168,-2.5660977999953087,-285.4205455070814,1073.887559903842,3.931091635533134,False,67.90000000000009,-1.8188883709226191,10.350284574505253,-279.1953168198659,953.4408985136314,10.508888888894141,350.0329999999613,-0.49488140024631955,-19.524034969036915,6.225228687215463,-120.44666139021058
2650120.0,1.0734,-3.4416,9.7775,-0.0266,-0.059,9.8064,0.0262,-0.0517,0.0293,111.06,-82.32,31.0,52.75782,-1.678335,10.64,4,350.98,21 / 22,-1.388837764581298,29.94876524113591,-2.5479127999953253,-285.55618774384413,1076.8787141430732,3.675391105533835,False,68.0,-1.6288316997030314,10.5216126756847,-279.3568531281532,954.4972503174089,10.646944444444445,351.2,-0.2399939351217335,-19.42715256545121,6.19933461569093,-122.38146382566435
2650220.0,1.7693,-1.1492,9.5511,0.0239,0.0107,9.8066,0.0577,-0.2916,0.1792,111.06,-82.32,31.0,52.75782,-1.678335,10.64,4,350.98,21 / 22,-1.5580951894360013,30.045793023891083,-2.562147799995312,-285.70353439154485,1079.8784420563218,3.4198880755345353,False,68.09999999999991,-1.6677276835575887,10.1519836233022,-279.51838943642707,955.5091241500703,10.288055555560577,350.67100000001324,-0.10963249412158738,-19.893809400588882,6.185144955117778,-124.36931790625147
2650320.0,1.504,1.3466,9.8964,0.0279,0.0305,9.8065,0.0663,-0.3117,0.107,112.0,-82.43,31.82,52.75782,-1.678335,10.64,4,350.98,21 / 22,-1.5120229732728987,30.035325682022226,-2.5704377999953425,-285.8570402996809,1082.8824979916283,3.1632587955340687,False,68.20000000000027,-1.5489490262687577,10.54293417062981,-279.67319506520096,956.57659544557,10.656111111104869,351.641999999995,-0.03692605299585905,-19.492391511392416,6.183845234479918,-126.30590254605829
2650420.0,1.3931,0.0867,9.3539,0.0212,0.0007,9.8065,0.1226,-0.1011,0.0804,114.22,-82.73,34.77,52.75782,-1.678335,10.64,4,350.98,21 / 22,-1.4011775398724216,30.018705563360758,-2.588587799995326,-286.002700325338,1085.8851995538946,2.90530751553477,False,68.30000000000018,-1.5487947298006326,10.344700811770908,-279.8280006939628,957.5995887705818,10.46000000000535,351.4850000000043,-0.14761718992821105,-19.674004751589848,6.174699631375233,-128.2856107833128
2650519.0,1.577,-1.0589,9.0065,0.0385,-0.0291,9.8065,0.0753,0.0547,-0.0897,110.52,-83.0,34.26,52.75782,-1.678335,10.64,4,350.98,21 / 22,-1.403685472743247,30.042747970982393,-2.650606349995141,-286.1415410444621,1088.8582415038356,2.645967405111014,False,68.39899999999989,-1.3962569374033682,10.258430611089311,-279.96126814830455,958.6233604599163,10.353025000001711,352.2492799999877,0.007428535339878861,-19.78431735989308,6.180272896157533,-130.23488104391936
2650620.0,1.6318,-1.5688,8.6868,0.0124,-0.0046,9.8066,0.0568,0.335,-0.0856,110.52,-83.0,34.26,52.75782,-1.678335,10.64,4,350.98,21 / 22,-1.4891858471145112,30.087064792962323,-2.747566349995249,-286.28763104611505,1091.8947970484182,2.3733596837611945,False,68.5,-1.4372627345003393,10.239622836414268,-280.1039585539385,959.6344559283291,10.339999999999998,352.01,0.05192311261417193,-19.847441956548053,6.183672492176527,-132.26034112008915
2650720.0,0.7619,1.1348,8.7602,-0.0092,0.0055,9.8066,-0.1737,0.1909,-0.1002,114.87,-82.95,36.25,52.75782,-1.678335,10.64,4,350.98,21 / 22,-1.4556778372221935,30.124003645467802,-2.8558813499951508,-286.43487423033173,1094.905350470337,2.0931872987619293,False,68.59999999999991,-1.507314543508808,10.431663475542376,-280.258764182699,960.6796882382674,10.540000000001896,351.777999999972,-0.05163670628661454,-19.692340169925426,6.176110047632733,-134.22566223206957
2650820.0,-0.6123,-1.2844,9.1665,-0.0099,-0.0403,9.8066,0.0781,-0.1952,0.1173,115.01,-82.8,35.81,52.75782,-1.678335,10.64,4,350.98,21 / 22,-1.3597106705576107,30.260823279945267,-2.9402113499954576,-286.57564365572125,1097.9245918166187,1.8033826637613446,False,68.70000000000027,-1.9053745264451603,10.50753138539996,-280.46741524755777,961.7805180124589,10.678888888887052,349.7220000000609,-0.5456638558875495,-19.753291894545306,6.108228408163484,-136.1440738041598
2650920.0,1.3303,-1.4422,9.9419,0.002,-0.0737,9.8063,0.163,-0.3456,0.1303,115.01,-82.8,35.81,52.75782,-1.678335,10.64,4,350.98,21 / 22,-1.3924984579972528,30.426146807707234,-2.9654563499954345,-286.7132541121489,1100.9589403209986,1.5080992787620686,False,68.80000000000018,-1.544961921511086,10.508144169913102,-280.6087595173056,962.8368698147452,10.621111111112686,351.6359999999478,-0.1524634635138331,-19.91800263779413,6.104494594843288,-138.1220705062534
2651020.0,1.0137,3.7828,9.3335,0.0178,0.0483,9.8065,0.1259,-0.331,0.0024,110.35,-83.02,34.11,52.75791,-1.678355,10.67,4,352.08,21 / 23,-1.226193156397906,30.427351088300053,-2.982351349995419,-286.8441886928685,1104.0016152157962,1.2107088937627963,False,68.90000000000009,-1.6791424803710528,10.23934384229799,-280.7702958255923,963.7931461838658,10.376111111114454,350.6870000000129,-0.4529493239731468,-20.188007246002066,6.073892867276186,-140.20846903193035
2651120.0,1.847,-1.9909,8.3961,-0.0419,0.0051,9.8065,-0.1759,-0.2538,0.3363,114.09,-83.22,35.62,52.75791,-1.678355,10.67,4,352.08,21 / 23,-1.0961206607853946,30.41551313488992,-3.076536349995333,-286.96030438372753,1107.043758426953,0.9077645087635342,False,69.0,-1.3618797120753217,10.434557100095159,-280.89817873630915,964.8161395089513,10.523055555555556,352.564,-0.26575905128992705,-19.98095603479476,6.062125647418384,-142.22761891800167
2651221.0,-2.4408,-0.7075,9.7391,-0.0354,-0.0271,9.8065,0.0582,-0.6778,0.1718,108.67,-83.1,33.71,52.75791,-1.678355,10.67,4,352.08,21 / 23,-1.1226614894105014,30.647559429062706,-3.1511803999954164,-287.07235288231254,1110.127443591436,0.5932648128886502,False,69.10100000000011,-1.210736871625804,10.307394350834002,-281.02040787623326,965.8826100517646,10.378261111110117,353.3005900000057,-0.08807538221530264,-20.340165078228704,6.051945006079279,-144.2448335396715
2651321.0,-1.6363,4.4008,10.1916,-0.0588,0.0952,9.806,-0.3057,0.0116,0.1035,108.67,-83.1,33.71,52.75791,-1.678355,10.67,4,352.08,21 / 23,-0.7926518734780272,30.932633823582197,-3.135310399995431,-287.1681185504569,1113.2064532540655,0.27894027288939366,False,69.20100000000002,-1.1377020988302242,10.245999155263242,-281.1277622144569,966.8930383503698,10.308980555535063,353.6644900000244,-0.345050225352197,-20.686634668318955,6.040356336000002,-146.31341490369573
2651420.0,-0.9418,1.3898,8.4116,0.0023,0.0057,9.8066,-0.0622,0.9042,-0.5218,112.55,-82.41,36.55,52.75791,-1.678355,10.67,4,352.08,21 / 23,-0.38506914672866466,31.102677981576537,-3.185310349995512,-287.2264157409572,1116.2772011884258,-0.033930454235663876,False,69.30000000000018,-0.9195779161290885,9.558925277437163,-281.20105931432164,967.7516855736243,9.603055555575011,354.5049999999768,-0.5345087694004238,-21.543752704139372,6.02535642663554,-148.52551561480152
2651520.0,2.3277,-10.6978,8.9922,0.0359,-0.0708,9.8063,-0.0237,1.2734,-0.7915,112.33,-82.76,34.16,52.75791,-1.678355,10.67,4,352.08,21 / 23,-0.7422893631111127,31.359917154700526,-3.2957853499954113,-287.2827836664491,1119.4003309452369,-0.3579852392349153,False,69.40000000000009,-1.3866166688408785,10.279959911016904,-281.36259562259323,968.819156869115,10.37305555554505,352.3180000000299,-0.6443273057297658,-21.079957243683623,5.920188043855887,-150.5811740761219
2651621.0,1.3234,-6.4942,9.7777,-0.0305,-0.0074,9.8065,-0.271,0.563,-0.3603,112.33,-82.76,34.16,52.75791,-1.678355,10.67,4,352.08,21 / 23,-1.5151766184151114,31.66569641872732,-3.338377049995459,-287.39678569851634,1122.5831244306985,-0.6930104404348284,False,69.5010000000002,-1.5729674349411815,10.672442253729182,-281.53227605309223,969.9408912885693,10.787736111109949,351.6157599999999,-0.0577908165260701,-20.99325416499814,5.864509645424107,-152.64223314212916
2651720.0,-2.1726,6.1793,9.9209,-0.0465,0.1236,9.8057,0.0582,-0.9135,0.3021,112.15,-82.61,33.32,52.75791,-1.678355,10.67,4,352.08,21 / 23,-1.4155272308541775,31.855243315581873,-3.334154699995471,-287.5418555390547,1125.7274109475375,-1.0233007620583963,False,69.59999999999991,-1.5003915245402417,10.150823932455172,-281.6722068801258,970.9096214896982,10.261111111113525,351.5920000000154,-0.08486429368606418,-21.7044193831267,5.869648658928895,-154.81778945783924
2651820.0,1.1776,-0.6307,10.2269,-0.0753,0.0999,9.8058,0.0604,-0.6713,0.4766,116.24,-81.97,36.0,52.75791,-1.678355,10.67,4,352.08,21 / 23,-1.038859484639117,31.942119360677907,-3.307429699995374,-287.66457487482984,1128.917279081362,-1.3553799820591466,False,69.70000000000027,-1.3225126173704447,10.353934718641867,-281.8000897908705,971.9770927859063,10.438055555562205,352.72099999996186,-0.28365313273132764,-21.58818464203604,5.864485083959323,-156.94018629545576
2651920.0,1.5655,-6.6154,9.9327,-0.0368,-0.1278,9.8057,-0.0031,-0.2715,0.1014,108.01,-82.07,30.45,52.75791,-1.678355,10.67,4,352.08,21 / 23,-1.333451508624015,32.07607799566746,-3.2801146999953987,-287.7831904244929,1132.1181889491763,-1.6847572020583856,False,69.80000000000018,-1.56949145028142,10.530627834581244,-281.96162609913273,973.0334445881927,10.646944444438745,351.5230000000327,-0.23603994165740483,-21.545450161086215,5.821564325360157,-159.08474436098368
2652019.0,-0.36,1.9499,11.8376,0.002,-0.0392,9.8066,0.0646,0.0763,0.0404,110.37,-81.94,29.29,52.758007,-1.678376,10.81,4,351.92,20 / 22,-1.481900351455368,32.23544309388209,-3.1733431999957165,-287.9225503415664,1135.3016092430996,-2.004203368106995,False,69.89899999999989,-1.437770004714236,9.994607719226346,-282.0948935534614,973.9801581943203,10.097494444453229,351.8140599999953,0.04413034674113181,-22.240835374655745,5.827656788105003,-161.3214510487793
2652120.0,-1.8632,9.986,8.2827,-0.0675,0.0552,9.8062,-0.1802,1.6037,-0.9629,110.37,-81.94,29.29,52.758007,-1.678376,10.81,4,351.92,20 / 22,-0.782562965334232,32.28069694649211,-3.1477396999956877,-288.0369057390644,1138.559674315142,-2.3234180545569174,False,70.0,-1.578287936092752,10.664959633346369,-282.2577759976376,975.0794312390736,10.78111111111111,351.582,-0.79572497075852,-21.615737313145736,5.7791297414268,-163.4802430760684
2652220.0,1.8742,-4.7442,8.7034,0.0292,-0.1717,9.8051,-0.0786,1.1542,-0.6553,113.11,-81.23,30.43,52.758007,-1.678376,10.81,4,351.92,20 / 22,-0.4392773246279492,32.34714141630745,-3.279099699995568,-288.0979977535625,1141.791066233279,-2.644760024556188,False,70.09999999999991,-1.5273214196425784,10.424822618479444,-282.4058509469097,976.0913050717351,10.536111111110209,351.66500000001224,-1.088044095014629,-21.922318797828005,5.692146806652772,-165.69976116154396
2652320.0,5.8133,-9.2077,10.9772,0.0022,0.0559,9.8065,-0.0924,0.184,-0.2065,98.62,-82.46,20.67,52.758007,-1.678376,10.81,4,351.92,20 / 22,-1.1113350261414343,32.289711870610965,-3.2757346999955557,-288.1755283711012,1145.0229088976366,-2.9725017445569364,False,70.20000000000027,-1.355556929012946,10.381876776979599,-282.5404645371277,977.1587763672361,10.470000000008755,352.56099999999714,-0.2442219028715118,-21.907835093631366,5.635063833973504,-167.86413253040052
2652420.0,-0.5778,7.5983,9.6665,-0.0504,0.2344,9.8037,0.1754,-0.804,0.3828,107.74,-81.86,29.96,52.758007,-1.678376,10.81,4,351.92,20 / 22,-1.1647290625732134,32.1415465353347,-3.2242146999956027,-288.28933157553683,1148.244471817931,-3.2974992145561988,False,70.30000000000018,-1.4078957613338956,10.652363799882954,-282.6818088068755,978.2262476633621,10.744999999992498,352.47100000000245,-0.2431666987606822,-21.48918273545174,5.60752276866134,-170.018224154569
2652520.0,-1.5368,3.2561,9.5902,0.0895,0.0498,9.8061,0.0257,-0.4259,0.4248,107.74,-81.86,29.96,52.758007,-1.678376,10.81,4,351.92,20 / 22,-0.5282592915594193,32.2293819886881,-3.2420446999955863,-288.3739809932434,1151.4630182441292,-3.620812184555464,False,70.40000000000009,-1.4384100772177923,10.343519023343264,-282.8231530766202,979.2158825111735,10.443055555559674,352.0830000000053,-0.910150785658373,-21.885862965344835,5.550827916623177,-172.2471357329557
2652620.0,1.3242,-3.1032,9.6893,0.0278,-0.0306,9.8065,0.0682,-0.0257,-0.1727,111.86,-82.39,35.72,52.758007,-1.678376,10.81,4,351.92,20 / 22,-0.42573264706921154,32.39844898130452,-3.2587346999955713,-288.4216805901748,1154.694409792626,-3.9458511545547266,False,70.5,-1.3470331380553309,10.301189934694914,-282.95103598733675,980.2499953279777,10.388888888888888,352.55,-0.9213004909861193,-22.097259046609604,5.4706446028380356,-174.44441446464828
2652720.0,1.5554,0.6168,9.3219,0.0448,-0.0063,9.8065,0.0223,0.1845,-0.0166,115.44,-82.65,36.22,52.758007,-1.678376,10.81,4,351.92,20 / 22,-0.4974175692722813,32.45392051275079,-3.288839699995544,-288.4678381009918,1157.9370282673258,-4.2732298745539845,False,70.59999999999991,-1.1651052089514409,10.401896743149075,-283.0654575390387,981.2841081454895,10.46694444444334,353.60899999997014,-0.6676876396791596,-22.052023769601718,5.402380561953123,-176.65292012183625
2652820.0,0.7193,3.4417,9.2116,0.0014,0.0951,9.8061,-0.156,0.25,-0.0946,115.44,-82.65,36.22,52.758007,-1.678376,10.81,4,351.92,20 / 22,-0.2560396011162227,32.403465371187266,-3.3428296999957405,-288.50551095951135,1161.1798975615345,-4.604813344554755,False,70.70000000000027,-1.5500436510947917,10.26979399463408,-283.22699384732584,982.3071014712899,10.386111111119636,351.4170000000342,-1.294004049978569,-22.13367137655319,5.2785171121855115,-178.8727960902446
2652920.0,0.4227,-0.5391,9.4512,0.0395,-0.0235,9.8065,0.038,-0.0527,-0.0436,118.83,-82.4,40.04,52.758007,-1.678376,10.81,4,351.92,20 / 22,-0.038880998630850455,32.4276846020452,-3.3903546999956973,-288.5202569894987,1164.4214550601932,-4.941472564554021,False,70.80000000000018,-1.3920863726482982,10.562549123564835,-283.3616074375332,983.3968117522654,10.653888888881582,352.4919999999707,-1.3532053740174477,-21.86513547848036,5.158649551965482,-181.02464330792782
2653020.0,1.1378,-3.0649,9.8708,0.0518,-0.0262,9.8064,-0.024,-0.2082,0.1914,118.67,-82.74,40.13,52.758095,-1.678396,10.8,4,352.93,21 / 24,-0.11957969698038827,32.57878486355129,-3.404919699995684,-288.52818002427927,1167.6717785334702,-5.281236284553281,False,70.90000000000009,-1.5346876915892862,10.379095910272675,-283.5096823867918,984.4198050773537,10.491944444446654,351.58900000001233,-1.415107994608898,-22.199688953278617,5.018497637487485,-183.2519734561165
2653120.0,0.3675,-1.9566,10.371,0.0116,0.0102,9.8066,0.0854,-0.1917,0.0053,118.67,-82.74,40.13,52.758095,-1.678396,10.8,4,352.93,21 / 24,-0.26130997296149094,32.766376016853144,-3.3734946999957125,-288.5472245077763,1170.9390365774875,-5.620157004552543,False,71.0,-1.4551836181564166,10.545068308809062,-283.6577573360373,985.4983958652748,10.645000000000001,352.14300000000003,-1.1938736451949257,-22.22130770804408,4.889467171739,-185.4406407122127
2653220.0,-0.8402,-0.2689,10.4295,0.0265,0.0434,9.8065,0.0242,-0.0101,0.0251,119.2,-82.77,40.81,52.758095,-1.678396,10.8,4,352.93,21 / 24,-0.23191766737405545,32.97305837220656,-3.3141346999957664,-288.57188588979307,1174.2260082969376,-5.954538474551813,False,71.09999999999991,-1.4208203796541534,10.537700882839825,-283.7923709262813,986.5658671614777,10.633055555551463,352.32099999999656,-1.188902712280098,-22.435357489366734,4.779514963511758,-187.66014113545987
2653320.0,-0.3791,-2.1788,9.5976,-0.0113,-0.023,9.8066,-0.1301,-0.0679,0.1498,120.52,-82.77,43.17,52.758095,-1.678396,10.8,4,352.93,21 / 24,-0.18997467947049823,33.21869471203276,-3.2934446999956912,-288.5929805071354,1177.5355959511617,-6.284917444552588,False,71.20000000000027,-1.4261168247789664,10.234169625154793,-283.9337151960267,987.5888604865695,10.333055555563353,352.0670000000074,-1.2361421453084682,-22.984525086877966,4.6592653111086975,-189.94673546459217
2653420.0,-0.9992,-3.7113,9.9782,-0.0677,-0.0578,9.8062,0.0041,0.0929,-0.1568,121.53,-82.59,39.35,52.758095,-1.678396,10.8,4,352.93,21 / 24,-0.2861958357172167,33.55831428980147,-3.2953196999956895,-288.61678903289476,1180.8744464012505,-6.614355664551857,False,71.30000000000018,-1.4171303556169261,10.482700076386205,-284.0750594657611,988.6340927971384,10.578055555548872,352.3009999999936,-1.1309345198997094,-23.075614213415268,4.541729567133643,-192.2403536041121
2653520.0,-0.3439,-0.9006,9.024,-0.0695,-0.0014,9.8063,-0.0435,0.1039,-0.0094,121.53,-82.59,39.35,52.758095,-1.678396,10.8,4,352.93,21 / 24,-0.3264553044487961,33.863427636038864,-3.3258746999956617,-288.64742158990305,1184.2455334975393,-6.945415384551123,False,71.40000000000009,-1.4350320310147473,10.44886214782108,-284.2164037355326,989.679325107076,10.546944444444868,352.18000000000166,-1.1085767265659512,-23.414565488217782,4.431017854370452,-194.56620839046332
2653620.0,2.3728,-2.6529,9.9226,-0.0213,-0.0464,9.8065,-0.1255,-0.1077,0.1061,117.51,-82.24,37.73,52.758095,-1.678396,10.8,4,352.93,21 / 24,-0.41172947471348276,33.98905108976959,-3.3592096999956316,-288.6843308288611,1187.6381574338266,-7.279669604550383,False,71.5,-1.4479945050289067,10.514654024697395,-284.3577480052506,990.7245574184283,10.613888888888889,352.159,-1.036265030315424,-23.474397065072196,4.326582823610522,-196.9136000153983
2653720.0,1.1174,-2.9382,9.9669,-0.0125,-0.0072,9.8066,-0.0597,0.1869,-0.1897,118.51,-82.58,35.8,52.758095,-1.678396,10.8,4,352.93,21 / 24,-0.6268129326333389,34.100600561198995,-3.345399699995644,-288.7362579492284,1191.042640016372,-7.6149000745496425,False,71.59999999999991,-1.3788217710309971,10.502936566827438,-284.492361595481,991.7697897283658,10.59305555555479,352.52100000000826,-0.7520088383976582,-23.59766399437156,4.243896353747402,-199.2728502880061
2653820.0,-1.1032,-1.6095,9.7206,-0.0468,0.0145,9.8065,-0.0841,0.1233,0.1427,118.51,-82.58,35.8,52.758095,-1.678396,10.8,4,352.93,21 / 24,-0.7126632981932289,34.34200167339737,-3.3416896999956305,-288.80323176076996,1194.4647701281142,-7.949254544550422,False,71.70000000000027,-1.2611281835198311,10.461202317617579,-284.6202445062119,992.815022039016,10.536944444448618,353.12599999996706,-0.5484648853266022,-23.880799355779793,4.182987254558043,-201.64974808909824
2653920.0,0.8524,-3.2235,9.8272,0.0483,-0.0154,9.8065,-0.0612,0.1494,-0.202,114.97,-82.3,35.39,52.758095,-1.678396,10.8,4,352.93,21 / 24,-0.8110832969818755,34.59517983319901,-3.3449646999956273,-288.87941909052864,1197.911629203441,-8.28358726454968,False,71.80000000000018,-1.4677414436341247,10.56660514976221,-284.7683194554735,993.8713738420096,10.668055555551978,352.0920000000282,-0.6566581466522492,-24.0285746834368,4.1110996350551545,-204.04025536143138
2654020.0,-0.6784,-1.9155,9.0183,-0.0142,0.0383,9.8066,0.0458,0.0564,-0.0085,114.94,-82.59,35.53,52.758186,-1.678413,10.5,4,353.82,22 / 24,-0.9419237039107113,34.836046712649825,-3.3833546999955924,-288.9670694405732,1201.3831905307302,-8.620003234548935,False,71.90000000000009,-1.4496955872676704,10.370272446061746,-284.909663725205,994.8943671670969,10.471111111113798,352.04200000000066,-0.5077718833569591,-24.465774266588078,4.057405715368191,-206.4888233636333
2654120.0,1.9733,-3.3268,7.6356,-0.0122,0.0093,9.8066,0.0456,0.053,0.0356,116.75,-82.3,37.44,52.758186,-1.678413,10.5,4,353.82,22 / 24,-1.0994562621483102,35.032596833745856,-3.5313246999954577,-289.06913843887605,1204.8766227080469,-8.965737204548173,False,72.0,-1.2458848058837977,10.432816139907283,-285.0375466359081,995.9395994777416,10.506944444444445,353.19,-0.14642854373548753,-24.599780693838575,4.0315918029679665,-208.93702323030527
2654220.0,1.6575,-1.708,9.0954,-0.0413,0.056,9.8064,-0.1208,0.4048,-0.2833,116.75,-82.3,37.44,52.758186,-1.678413,10.5,4,353.82,22 / 24,-1.295820074415277,35.12073210990018,-3.6754396999953265,-289.18890225570414,1208.384289155226,-9.326075424547385,False,72.09999999999991,-1.3107631698349467,10.477215015474492,-285.16542954665124,996.9737122952536,10.558888888887882,352.86900000000384,-0.01494309541966965,-24.64351709442569,4.023472709052896,-211.41057685997248
2654320.0,-2.1947,4.1835,9.7829,-0.0204,0.0018,9.8066,-0.1903,0.6899,-0.3019,119.31,-81.64,39.05,52.758186,-1.678413,10.5,4,353.82,22 / 24,-1.0601172373374044,35.212864325929914,-3.7121896999954602,-289.3066991212922,1211.9009689770303,-9.695456894548268,False,72.20000000000027,-1.2507323489087872,10.410134177393445,-285.2933124573666,998.0078251134777,10.484999999997394,353.14900000005645,-0.19061511157138278,-24.80273014853647,4.013386663925587,-213.8931438635526
2654420.0,3.287,-4.0943,9.9609,0.0474,-0.0761,9.8062,-0.1236,0.6651,-0.4016,118.83,-81.65,37.91,52.758186,-1.678413,10.5,4,353.82,22 / 24,-0.9669963599992392,35.293256385492036,-3.705664699995466,-289.4080548011589,1215.4262750125981,-10.066349614547477,False,72.30000000000018,-0.9206127130600806,10.362240931602157,-285.3740806115044,999.0419379309143,10.403055555557792,354.92299999995157,0.04638364693915853,-24.931015453889877,4.033974189654543,-216.38433708168384
2654519.0,4.7723,-7.0673,10.4316,0.0788,-0.0841,9.806,0.204,-0.5001,0.2318,118.83,-81.65,37.91,52.758186,-1.678413,10.5,4,353.82,22 / 24,-1.5294945030165494,35.34171177574951,-3.667094299995581,-289.5316310988778,1218.9227059365692,-10.431301185045948,False,72.39899999999989,-1.0374109103459894,10.448751221164624,-285.4806945749554,1000.0987345141527,10.500130555554003,354.3299900000095,0.49208359267056,-24.892960554584885,4.050936523922417,-218.82397142241643
2654620.0,0.202,-0.0564,9.001,-0.077,0.0354,9.8062,0.0768,-0.4809,0.3224,115.84,-82.29,36.36,52.758186,-1.678413,10.5,4,353.82,22 / 24,-1.8527654670350717,35.431861562392925,-3.6762196499955913,-289.70243522736564,1222.4967713901494,-10.802138539520916,False,72.5,-1.3303630085720002,10.538303376079444,-285.623115753435,1001.1546415370549,10.621944444444443,352.805,0.5224024584630715,-24.89355818631348,4.079319473930639,-221.34212985309455
2654720.0,2.782,-1.3068,10.0784,-0.0085,-0.0254,9.8066,-0.0688,-0.1176,-0.0397,113.55,-81.69,35.4,52.758186,-1.678413,10.5,4,353.82,22 / 24,-1.870037656789223,35.463364877003066,-3.702914649995567,-289.8885753835567,1226.0415327121161,-11.17109525452014,False,72.59999999999991,-1.1678638389530005,10.372516465860517,-285.7375373051228,1002.1998738476998,10.438055555556401,353.5760000000094,0.7021738178362225,-25.09084841114255,4.151038078433885,-223.84165886441633
2654820.0,0.7674,-3.1783,9.9544,-0.0594,-0.045,9.8063,-0.0202,-0.2442,0.1245,111.06,-81.47,32.84,52.758186,-1.678413,10.5,4,353.82,22 / 24,-2.0484233815919883,35.52828440165961,-3.6819396499954906,-290.08449843547646,1229.5911151760622,-11.540337969521035,False,72.70000000000027,-1.0496042323206434,10.447407858199048,-285.84522817731107,1003.2451061583499,10.500000000003146,354.2629999999635,0.998819149271345,-25.080876543460562,4.239270258165391,-226.34600901771228
2654919.0,0.6667,-0.8053,9.6522,-0.0407,-0.0059,9.8065,-0.0169,0.0179,-0.0243,111.06,-81.47,32.84,52.758186,-1.678413,10.5,4,353.82,22 / 24,-2.162883851199371,35.67860962388,-3.6822712999954894,-290.292958143499,1233.115856430316,-11.904866411544504,False,72.79899999999998,-1.2683526963939826,10.521707254802454,-285.97183225892394,1004.2908944440118,10.597899999997157,353.126480000033,0.8945311548053883,-25.156902369077546,4.3211258845750535,-228.82496198630417
2655020.0,1.0548,-0.9175,9.5241,-0.0058,0.0004,9.8066,-0.0102,0.0257,-0.0079,114.51,-81.26,32.07,52.758286,-1.678431,10.56,4,354.22,22 / 23,-2.1758191244937546,35.77816176314343,-3.704339799995514,-290.51206264377174,1236.7244233853646,-12.277890272094465,False,72.90000000000009,-1.1905510716352767,10.617347594193507,-286.09426331924715,1005.3800487499723,10.68388888888773,353.6019999999933,0.9852680528584778,-25.160814168949923,4.417799324524594,-231.34437463539234
2655120.0,-0.6356,1.1316,9.8686,-0.0131,0.0052,9.8066,0.016,-0.0884,0.0048,114.6,-81.18,32.04,52.758286,-1.678431,10.56,4,354.22,22 / 23,-2.0699457065515445,35.895604931735846,-3.7153697999955035,-290.7243508853238,1240.3081117201052,-12.648875752093678,False,73.0,-1.2615428778487954,10.430934336194,-286.2221462299767,1006.4141615674848,10.506944444444445,353.10400000000004,0.8084028287027492,-25.464670595541847,4.5022046553471,-233.8939501526204
2655220.0,0.3675,-1.5746,9.5247,0.0254,-0.0715,9.8063,0.0318,-0.2154,0.2048,114.6,-81.18,32.04,52.758286,-1.678431,10.56,4,354.22,22 / 23,-1.9795743713913816,36.05798854973411,-3.7263697999954934,-290.92682688922076,1243.9057913941754,-13.02096273209289,False,73.09999999999991,-0.9155445276008958,10.509083452332698,-286.2961837045937,1007.4482743849965,10.548888888888493,355.0209999999701,1.0640298437904858,-25.548905097401416,4.630643184627047,-236.4575170091789
2655320.0,0.1348,-0.8831,9.8044,0.0602,0.024,9.8064,0.0429,-0.1412,0.0209,112.21,-81.48,29.89,52.758286,-1.678431,10.56,4,354.22,22 / 23,-2.00028870845358,36.227607139163204,-3.7405797999955452,-291.1258200432137,1247.5200711786333,-13.394310212093801,False,73.20000000000027,-1.3128584387002378,10.437758510330124,-286.43752797433825,1008.4601482176633,10.520000000001716,352.83100000002617,0.6874302697533423,-25.78984862883308,4.688292068875455,-239.05992296096997
2655420.0,0.7074,0.6971,10.2995,0.0263,0.007,9.8065,-0.005,-0.1313,0.1414,113.3,-81.75,31.72,52.758286,-1.678431,10.56,4,354.22,22 / 23,-1.9253603968754995,36.33605912410244,-3.7160497999955675,-291.32210249848,1251.1482544917933,-13.767141692093018,False,73.30000000000018,-1.1689394511558717,10.509077352178336,-286.5519495260312,1009.516500020657,10.573888888887419,353.65299999997757,0.7564209457196278,-25.826981771924103,4.770152972448784,-241.63175447113633
2655520.0,1.5643,-1.9287,10.0894,0.0314,-0.068,9.8063,-0.0144,0.0319,-0.0666,110.83,-82.07,29.6,52.758286,-1.678431,10.56,4,354.22,22 / 23,-1.9267135163057276,36.396420020664145,-3.6772697999956026,-291.51470619413885,1254.7848784490284,-14.13680767209224,False,73.40000000000009,-1.2959163085543717,10.510409170018926,-286.6865631162612,1010.5728518237275,10.58999999999978,352.9710000000093,0.630797207751356,-25.88601085064522,4.828143077877655,-244.21202662530084
2655620.0,1.4805,-1.4701,9.4187,0.0409,0.008,9.8065,0.0469,0.2701,-0.1272,110.83,-82.07,29.6,52.758286,-1.678431,10.56,4,354.22,22 / 23,-2.0442478513283127,36.46212950264099,-3.682529799995598,-291.71325426252037,1258.4278059251903,-14.504797652091465,False,73.5,-1.4609296247208572,10.50276840644952,-286.8346380655199,1011.6180841343727,10.60388888888889,352.081,0.5833182266074555,-25.959361096191472,4.87861619700044,-246.80972179081766
2655720.0,1.5017,-1.6119,9.6649,0.0074,0.0217,9.8066,0.108,0.1726,-0.0828,110.76,-82.27,30.56,52.758286,-1.678431,10.56,4,354.22,22 / 23,-2.1459038584138144,36.52506538349673,-3.709014799995574,-291.92276184800727,1262.077165669494,-14.874374882090688,False,73.59999999999991,-1.0609024861406253,10.475303678149627,-286.9288675786793,1012.6633164450175,10.528888888888305,354.2169999999783,1.085001372273189,-26.049761705347102,4.9938942693279955,-249.4138492244765
2655820.0,4.9392,-3.234,8.9144,0.0005,-0.0057,9.8066,0.0046,0.3071,-0.2431,113.51,-82.34,33.18,52.758286,-1.678431,10.56,4,354.22,22 / 23,-2.3959303050402365,36.46678163962218,-3.760714799995762,-292.1498535561808,1265.7267580206633,-15.247861362091614,False,73.70000000000027,-1.3451199661147168,10.399479723111538,-287.070211848424,1013.6974292625356,10.486111111114992,352.6300000000272,1.0508103389255197,-26.067301916510637,5.079641707756821,-252.0293287581277
2655920.0,1.8196,1.4841,9.6283,0.0334,0.0734,9.8062,-0.0211,0.4344,-0.1761,113.51,-82.34,33.18,52.758286,-1.678431,10.56,4,354.22,22 / 23,-2.5087398035912316,36.33474170382426,-3.8142447999957136,-292.3950870616122,1269.3668341878322,-15.626609342090843,False,73.80000000000018,-1.2034413198126415,10.539571701898016,-287.19136407963066,1014.7760200510863,10.608055555552228,353.4859999999766,1.3052984837785901,-25.79517000192624,5.203722981981514,-254.59081413674585
2656020.0,2.474,1.8207,9.4757,0.0241,0.0182,9.8065,0.126,-0.0068,-0.1321,117.91,-82.41,37.92,52.758385,-1.678446,10.57,4,354.76,20 / 22,-2.3468805142388454,36.20860225458953,-3.8397097999956906,-292.63786807750347,1272.9940013857495,-16.009307072090063,False,73.90000000000009,-1.1637995617495398,10.529769815632207,-287.3057856313188,1015.8212523617323,10.593888888889083,353.6929999999972,1.1830809524893056,-25.678832438957322,5.332082446184643,-257.1727490240172
2656120.0,2.9975,1.5871,9.7579,0.0795,0.0067,9.8063,0.1334,-0.2154,-0.0275,117.91,-82.41,37.92,52.758385,-1.678446,10.57,4,354.76,20 / 22,-2.211470445909102,36.02177256947569,-3.8586947999956736,-292.8657856255107,1276.6055201269494,-16.39422730208928,False,74.0,-1.0817291387857964,10.539634105143392,-287.41347650351935,1016.8776041648026,10.595,354.14,1.1297413071233056,-25.482138464332294,5.452309121991334,-259.72791596214677
2656220.0,3.7305,-1.6747,9.2821,0.044,-0.0421,9.8064,0.0424,-0.1625,0.1406,118.64,-82.8,39.93,52.758385,-1.678446,10.57,4,354.76,20 / 22,-2.2606433845617877,35.86257315882516,-3.8873597999956475,-293.089391317034,1280.1997374133612,-16.781530032088494,False,74.09999999999991,-1.147345923366814,10.547781630851908,-287.5278980552207,1017.9228364747405,10.610000000000163,353.7919999999961,1.1132974611949737,-25.31479152797325,5.561493261813325,-262.27690093862066
2656320.0,1.8927,-2.268,9.78,0.0468,-0.0608,9.8063,-0.0844,0.2616,-0.1386,116.59,-83.21,38.4,52.758385,-1.678446,10.57,4,354.76,20 / 22,-2.455118084292788,35.840375666729734,-3.9149197999957477,-293.3251793904776,1283.7848848546519,-17.171644012089484,False,74.20000000000027,-1.2005962672357675,10.553874756883715,-287.6490502864232,1018.9791882785229,10.621944444445557,353.5100000000087,1.2545218170570205,-25.28650090984602,5.676129104054439,-264.805696576129
2656420.0,2.4132,-0.201,8.8891,0.0157,0.0168,9.8065,0.1446,0.1727,-0.215,116.59,-83.21,38.4,52.758385,-1.678446,10.57,4,354.76,20 / 22,-2.5521150197209352,35.84035444337589,-3.962129799995705,-293.57554104567805,1287.368921360154,-17.5654964920887,False,74.30000000000018,-1.1540865676280965,10.594269634400256,-287.76347183810276,1020.0244205883844,10.65694444444349,353.78299999999257,1.3980284520928388,-25.24608480897563,5.812069207575291,-267.3445007717696
2656520.0,-0.6264,-0.6667,8.9009,0.0387,0.0119,9.8065,0.1453,-0.0894,-0.0319,114.79,-83.25,39.49,52.758385,-1.678446,10.57,4,354.76,20 / 22,-2.524660597881007,35.91830175866471,-4.053294799995622,-293.8293798265579,1290.9568541702527,-17.9662677220879,False,74.40000000000009,-1.1431153624957526,10.603561301186685,-287.8778933898175,1021.0918918845873,10.664999999999889,353.8469999999991,1.3815452353852542,-25.314740457478024,5.951486436740424,-269.86496228566534
2656620.0,-1.1612,-2.2895,8.9584,0.0123,0.013,9.8066,0.0916,-0.1987,0.0346,119.06,-83.42,40.87,52.758385,-1.678446,10.57,4,354.76,20 / 22,-2.503167664117609,36.20357411681844,-4.140994799995542,-294.0807712396576,1294.5629479640236,-18.375982202087084,False,74.5,-1.0884865237116215,10.371929451384073,-287.98558426200464,1022.1037657172488,10.428888888888888,354.009,1.4146811404059874,-25.831644665434364,6.095186977652986,-272.45918224677473
2656720.0,-0.3249,-3.0893,8.6766,0.0549,-0.0143,9.8064,-0.1022,0.0515,0.124,118.55,-83.74,41.63,52.758385,-1.678446,10.57,4,354.76,20 / 22,-2.587964520131028,36.530920620603716,-4.239909799995452,-294.33532784886984,1298.1996727008914,-18.79502743208625,False,74.59999999999991,-1.0166706395657708,10.404334371401188,-288.0865444546908,1023.1489980271866,10.453888888890841,354.4190000000082,1.5712938805652572,-26.12658624920253,6.248783394179043,-275.05067467370475
2656820.0,-0.6522,-2.2524,9.5186,0.0094,0.0014,9.8065,0.1639,-0.0467,-0.2196,118.55,-83.74,41.63,52.758385,-1.678446,10.57,4,354.76,20 / 22,-2.6848304530760374,36.834893165588184,-4.31081479999571,-294.59896759753116,1301.8679633902143,-19.222563662087364,False,74.70000000000027,-0.9204523111352293,10.55689343990234,-288.18077396783656,1024.205349830968,10.596944444439034,355.0169999999944,1.7643781419408082,-26.277999725685845,6.418193629694599,-277.6626135592462
2656919.0,1.632,0.1884,8.9472,0.0056,0.0103,9.8066,0.0339,-0.0787,-0.1041,119.43,-83.78,41.94,52.758385,-1.678446,10.57,4,354.76,20 / 22,-2.6846527772172553,36.972795405572946,-4.367616049995541,-294.8647570174299,1305.521443974476,-19.65214598916065,False,74.79899999999998,-0.9372391686393616,10.386442965940635,-288.2740611858567,1025.2071049252272,10.428644444449331,354.843750000005,1.7474136085778937,-26.58635243963231,6.590695831573214,-280.3143390492487
2657020.0,2.1114,0.7499,8.4563,0.0275,0.0195,9.8065,0.1917,-0.0709,-0.0386,121.87,-83.77,45.11,52.75848,-1.678457,10.44,4,356.27,20 / 23,-2.6206297460470434,36.91618489229607,-4.479210949995665,-295.13267378485506,1309.2528374795224,-20.098910752660707,False,74.90000000000009,-1.031746156054495,10.5055690783295,-288.3826943531751,1026.2624559734916,10.556111111109349,354.39100000000616,1.5888835899925484,-26.410615813966572,6.749979431679947,-282.9903815060309
2657120.0,-0.4669,-0.6614,9.8552,0.0689,0.0406,9.8063,-0.0649,0.044,-0.0425,121.87,-83.77,45.11,52.75848,-1.678457,10.44,4,356.27,20 / 23,-2.5383593163859652,36.97058197514308,-4.544300949995606,-295.39062323797646,1312.947175822891,-20.55008634765986,False,75.0,-0.8048409070660892,10.369924949583389,-288.456731827805,1027.2854492985784,10.401111111111112,355.56199999999995,1.7335184093198759,-26.600657025559688,6.933891410171441,-285.6617265243126
2657220.0,-0.8994,-0.747,10.4795,-0.0225,0.0148,9.8066,-0.0246,0.0396,-0.0346,125.71,-83.98,49.05,52.75848,-1.678457,10.44,4,356.27,20 / 23,-2.4321693210183497,37.188521878055234,-4.508230949995639,-295.63914966984646,1316.6551310155476,-21.00271294265901,False,75.09999999999991,-0.7065750115237309,10.491233328504636,-288.5240386229341,1028.330681609224,10.515000000001745,356.146999999986,1.725594309494619,-26.6972885495506,7.115111046912375,-288.32444940632354
2657320.0,-0.6051,-1.4819,10.2836,-0.0106,-0.0022,9.8066,0.0154,0.0231,0.0729,122.75,-83.72,48.76,52.75848,-1.678457,10.44,4,356.27,20 / 23,-2.355205597922845,37.43376070857632,-4.45074094999543,-295.8785184157944,1320.3862451448927,-21.450661537660192,False,75.20000000000027,-0.9048402032200412,10.604522420424978,-288.6249988156075,1029.4315113820023,10.643055555556376,355.12300000001005,1.4503653947028035,-26.829238288151345,7.253519600186905,-290.9547337628903
2657420.0,-1.7888,-1.9991,10.3123,-0.0194,-0.0199,9.8066,-0.0316,-0.0716,-0.0458,123.75,-83.71,47.13,52.75848,-1.678457,10.44,4,356.27,20 / 23,-2.3096398328006487,37.752773601843295,-4.401610949995474,-296.1117606873304,1324.1455718604102,-21.893279132659334,False,75.30000000000018,-0.8487657593709798,10.635073427539702,-288.72595900827304,1030.5323411568172,10.668888888888183,355.4369999999914,1.460874073429669,-27.117700174303593,7.3858016790573515,-293.613230703593
2657520.0,-0.7081,-0.5381,10.5006,-0.0366,-0.0292,9.8065,-0.1017,-0.0111,0.029,123.75,-83.71,47.13,52.75848,-1.678457,10.44,4,356.27,20 / 23,-2.2197466797242833,38.04955286634928,-4.341630949995529,-296.33823001295644,1327.9356881838164,-22.330441227658486,False,75.40000000000009,-0.5755391248727251,10.858646982178767,-288.7865351238752,1031.6665294082811,10.873888888886093,356.96599999997915,1.6442075548515582,-27.190905884170512,7.551694889081261,-296.2691587755353
2657620.0,0.0203,-1.7669,10.1759,-0.0183,-0.0187,9.8065,0.0143,-0.0371,-0.0401,120.81,-83.53,43.43,52.75848,-1.678457,10.44,4,356.27,20 / 23,-2.1760552935731345,38.26396238838608,-4.288470949995577,-296.5580201116211,1331.7513639465496,-22.76194632265765,False,75.5,-0.7631795022081234,10.495344457078007,-288.8605725984911,1032.689522733369,10.523055555555556,355.841,1.4128757913650112,-27.76861793130808,7.697447513129987,-299.06184121318074
2657720.0,2.3123,-1.0718,8.7274,0.0024,-0.0073,9.8066,0.0832,0.0984,-0.0815,119.53,-83.48,41.17,52.75848,-1.678457,10.44,4,356.27,20 / 23,-2.2379537407121357,38.364273531750165,-4.3239709499955445,-296.7787205633351,1335.582775742553,-23.192568417656815,False,75.59999999999991,-0.8316726276341757,10.744805824163974,-288.9480714321488,1033.7792330151299,10.7769444444399,355.57399999999626,1.40628111307796,-27.61946770758619,7.830649131186306,-301.80354272742306
2657820.0,-0.2096,-0.9354,9.0165,0.0229,-0.0151,9.8066,0.0009,0.0736,-0.066,119.53,-83.48,41.17,52.75848,-1.678457,10.44,4,356.27,20 / 23,-2.2604379660082765,38.45369671174168,-4.417440949995885,-297.003640148672,1339.4236742547414,-23.62963901265798,False,75.70000000000027,-0.856301680602692,10.408725308860447,-289.02883958627865,1034.7799873553706,10.443888888891754,355.2970000000394,1.4041362854055845,-28.04497140288123,7.974800562393341,-304.6436868993708
2657920.0,0.1442,-1.1862,9.138,-0.0083,-0.009,9.8065,-0.0609,0.0314,0.0229,119.18,-83.64,41.08,52.75848,-1.678457,10.44,4,356.27,20 / 23,-2.23501033262238,38.640279814518884,-4.490380949995818,-297.22841256360334,1343.2783730810509,-24.07503010765716,False,75.80000000000018,-0.6366556283389068,10.514631935275148,-289.0826850223884,1035.8141001721,10.533888888886432,356.53499999996626,1.598354704283473,-28.125647879243736,8.145727541214967,-307.46427290895076
2658020.0,0.6152,-0.7776,9.4081,-0.0158,0.0056,9.8065,0.0402,0.0645,-0.0351,116.02,-83.54,40.93,52.75857,-1.678466,10.44,4,357.17,20 / 22,-2.2266195490540213,38.78755397573188,-4.54374094999577,-297.45149405768694,1347.1497647705598,-24.526736202656327,False,75.90000000000009,-0.5971221005344589,10.476886427245951,-289.1432611379758,1036.8815714683028,10.493888888889433,356.73799999999727,1.6294974485195624,-28.31066754848593,8.308232919711145,-310.26819330225703
2658120.0,1.2598,-0.7997,9.4273,0.0403,0.0072,9.8065,0.0969,-0.0786,0.0376,119.76,-83.73,42.22,52.75857,-1.678466,10.44,4,357.17,20 / 22,-2.2282422068748997,38.876781380577306,-4.582635949995734,-297.6742371454832,1351.0329815383718,-24.983055047655487,False,76.0,-0.5936965447400614,10.520205446571486,-289.1971065740762,1037.9490427637988,10.536944444444444,356.77,1.6345456621348382,-28.356575934005818,8.477130571406974,-313.08393877457297
2658220.0,2.57,-1.7204,9.1029,0.0772,0.0211,9.8063,0.0819,-0.0802,0.0408,119.76,-83.73,42.22,52.75857,-1.678466,10.44,4,357.17,20 / 22,-2.3154938824032127,38.90405762669708,-4.636790949995685,-297.9014239499469,1354.922023488732,-25.44402639265464,False,76.09999999999991,-0.4706567238769977,10.576477434289274,-289.244221330662,1039.0165140592953,10.586944444444827,357.4520000000117,1.844837158526215,-28.327580192407808,8.657202619284874,-315.90550942943673
2658319.0,1.0374,-0.282,9.5208,0.0333,-0.0054,9.8066,0.0311,0.0949,-0.0593,122.37,-84.05,45.42,52.75857,-1.678466,10.44,4,357.17,20 / 22,-2.3729457816981623,38.92694086715893,-4.685776149995764,-298.1335017133203,1358.7746579141842,-25.90549346410496,False,76.19900000000007,-0.3144480042968789,10.610049070033263,-289.2775381942442,1040.0843189407412,10.614719444445276,358.3024100000255,2.0584977774012834,-28.31689179712567,8.855963519076113,-318.690338973443
2658420.0,-0.075,0.7549,9.5707,0.0277,-0.0098,9.8066,0.081,0.0033,-0.0045,123.1,-84.31,46.69,52.75857,-1.678466,10.44,4,357.17,20 / 22,-2.2539584486986297,38.99862378207356,-4.712127049995793,-298.3671603769556,1362.7098989289748,-26.380087575705065,False,76.30000000000018,-0.8465715057599484,10.654475503009381,-289.3788349208875,1041.1736956371876,10.68805555555356,355.45700000007787,1.4073869429386812,-28.34414827906418,8.988325456068083,-321.53620329178716
2658520.0,1.0375,0.5583,10.6162,0.0472,0.0089,9.8065,-0.0843,-0.1264,0.1135,123.1,-84.31,46.69,52.75857,-1.678466,10.44,4,357.17,20 / 22,-2.1006195108334262,39.04636797656068,-4.683447049995819,-298.58488927493204,1366.6121485169028,-26.84986628070422,False,76.40000000000009,-0.6179106381006223,10.252507493302723,-289.43268035700237,1042.1633304842921,10.271111111116799,356.55099999998504,1.482708872732804,-28.79386048325796,9.15220891792967,-324.4488180326107
2658620.0,0.5517,0.4055,10.7146,0.0249,0.0137,9.8066,0.0257,-0.0332,0.0842,122.34,-84.51,48.73,52.75857,-1.678466,10.44,4,357.17,20 / 22,-1.979401718680384,39.07825214367318,-4.597572049995898,-298.7888903364075,1370.518379522911,-27.313917235703382,False,76.5,-0.4812087444606049,10.638010749766888,-289.47979511356175,1043.2530407646382,10.648888888888889,357.41,1.498192974219779,-28.440241393906295,9.30909522284577,-327.2653387582727
2658720.0,2.6452,-1.1676,10.1661,0.0087,-0.002,9.8066,0.1138,0.068,-0.1175,123.49,-84.67,51.17,52.75857,-1.678466,10.44,4,357.17,20 / 22,-1.9744873283934963,39.09032296420028,-4.534202049995955,-298.98658478876104,1374.426808278301,-27.77050594070256,False,76.59999999999991,-0.6363272492901065,10.545819675670364,-289.5471019086901,1044.3205120601338,10.564999999997422,356.54700000001003,1.3381600791033899,-28.544503288529917,9.439482880070955,-330.10629621816724
2658820.0,1.4618,-1.4005,11.1369,0.0014,-0.0313,9.8066,-0.0547,0.2779,-0.1767,124.19,-84.89,52.08,52.75857,-1.678466,10.44,4,357.17,20 / 22,-2.0689473232953284,39.11341978851362,-4.449717049995648,-299.1887565213462,1378.336995415951,-28.219701895703775,False,76.70000000000027,-0.4920378751502106,10.364438263580904,-289.594216665263,1045.3435053859328,10.376111111112985,357.28200000000817,1.5769094481451178,-28.748981524932713,9.594539856083202,-332.99349003001817
2658920.0,-1.4271,0.9204,11.2612,-0.0121,-0.0554,9.8065,0.0216,0.1177,-0.0966,124.19,-84.89,52.08,52.75857,-1.678466,10.44,4,357.17,20 / 22,-1.9628285213941972,39.24699746607209,-4.310477049995774,-299.3903453135805,1382.2550162786767,-28.657711600702946,False,76.80000000000018,-0.4478901262399768,10.425383419077841,-289.641331421859,1046.3887376957946,10.434999999998393,357.539999999993,1.5149383951542204,-28.82161404699425,9.749013891721518,-335.86627858288216
2659021.0,-1.4068,-3.016,11.1226,-0.0259,-0.0069,9.8065,-0.1274,-0.0813,0.1554,125.09,-85.01,46.21,52.758667,-1.678473,10.18,4,358.76,21 / 23,-1.8384930783605398,39.547903568112325,-4.170566799995618,-299.58231205436834,1386.2341587809076,-29.08600431512799,False,76.9010000000003,-0.5364059288097693,10.287337916082128,-289.69571531230645,1047.4216273693619,10.301313888889611,357.01517999999754,1.3020871495507704,-29.260565652030195,9.886596742061897,-338.8125314115457
2659120.0,-1.5011,-3.3308,10.6775,-0.015,-0.0224,9.8065,0.031,-0.3301,0.0754,120.62,-84.81,44.31,52.758667,-1.678473,10.18,4,358.76,21 / 23,-1.9019084492547487,39.96173735873374,-4.06232019999594,-299.76746192998473,1390.1698860067747,-29.49353222162636,False,77.0,-0.49463413396458816,10.226934181490044,-289.74902229401914,1048.4013658686913,10.238888888888889,357.231,1.4072743152901606,-29.7348031772437,10.018439635965592,-341.76852013808343
2659220.0,0.1441,-2.4394,10.6416,-0.0291,-0.0117,9.8065,-0.2267,0.2021,-0.1806,120.62,-84.81,44.31,52.758667,-1.678473,10.18,4,358.76,21 / 23,-1.996494186141814,40.2962694536846,-3.977030199996018,-299.9623820617544,1394.182786347392,-29.895499741625592,False,77.09999999999991,-0.37290304241733546,10.352174763460866,-289.782675691577,1049.4243591937777,10.35888888888574,357.9369999999886,1.6235911437244785,-29.944094690223736,10.179706370177371,-344.7584271536143
2659321.0,-0.3359,-1.8983,10.2496,-0.003,-0.0075,9.8066,-0.0186,-0.0411,0.0313,119.35,-84.7,42.73,52.758667,-1.678473,10.18,4,358.76,21 / 23,-2.062590890042447,40.54632750222657,-3.912496249995946,-300.16736585810196,1398.2653374936701,-30.293920827350632,False,77.20100000000002,-0.511114209176735,10.116699145317185,-289.83699227525625,1050.4684795546855,10.12960555556001,357.1077000000135,1.5514766808657119,-30.429628356909383,10.33037358284571,-347.79685793898466
2659421.0,-1.5564,-0.8287,9.3582,-0.0089,0.0363,9.8065,0.0426,-0.063,-0.0273,118.4,-84.59,41.98,52.758667,-1.678473,10.18,4,358.76,21 / 23,-2.0213824505617835,40.82840640717714,-3.912771249995946,-300.371564525132,1402.3340741891366,-30.68518420234987,False,77.30099999999993,-0.4359144699349329,10.27299047104927,-289.8841743386205,1051.469567478927,10.282236111113539,357.57020000000836,1.5854679806268506,-30.555415936127872,10.487390186511504,-350.8645067102095
2659520.0,-1.2618,-1.7084,10.5902,-0.0228,0.0379,9.8065,0.0015,-0.024,-0.0389,119.99,-84.37,43.32,52.758667,-1.678473,10.18,4,358.76,21 / 23,-1.9481294119865253,41.14283489932194,-3.896183799995919,-300.56805536232844,1406.3916506338148,-31.07172747732509,False,77.40000000000009,-0.4817830514330904,10.18972781739577,-289.9374813203466,1052.4933391689667,10.201111111112228,357.2930000000038,1.4663463605534348,-30.95310708192617,10.630574041981845,-353.8983114648481
2659620.0,-1.3859,-0.8812,10.2556,0.0202,0.0342,9.8065,-0.0086,0.1764,-0.1172,119.99,-84.37,43.32,52.758667,-1.678473,10.18,4,358.76,21 / 23,-1.8763920885808536,41.45271038693802,-3.834558799995975,-300.7592814373566,1410.521427898124,-31.458264607324335,False,77.5,-0.35212093964561914,9.90985723468125,-289.9644040384171,1053.4829740160694,9.91611111111111,357.965,1.5242711489352345,-31.542853152256775,10.79487739893949,-357.0384538820547
2659720.0,-1.5056,-1.4925,9.8571,0.0063,-0.0251,9.8066,0.0537,-0.1412,0.114,121.86,-84.37,45.69,52.758667,-1.678473,10.18,4,358.76,21 / 23,-1.7837549031895674,41.766619273723144,-3.8095887999959976,-300.94228878694497,1414.6823943811535,-31.840471987323586,False,77.59999999999991,-0.4012423617574947,9.478455541864468,-289.9980574359611,1054.3836529216455,9.486944444444227,357.5760000000245,1.3825125414320727,-32.288163731858674,10.944231350983898,-360.29874145950794
2659820.0,-1.4239,-1.2271,9.0857,0.0274,-0.0033,9.8065,0.0792,0.0154,0.0398,119.4,-84.51,46.4,52.758667,-1.678473,10.18,4,358.76,21 / 23,-1.706772239818156,42.09123559237472,-3.8431137999961194,-301.116815144096,1418.8752871244735,-32.22310711732458,False,77.70000000000027,-0.10397291525687376,9.470540391746201,-290.0115187949766,1055.362168277031,9.471111111100129,359.37099999996565,1.6027993245612822,-32.62069520062852,11.105296349119385,-363.51311884744246
2659920.0,-0.9262,-1.4987,9.7256,0.0515,-0.015,9.8065,0.0098,0.0077,0.06,119.4,-84.51,46.4,52.758667,-1.678473,10.18,4,358.76,21 / 23,-1.6514672023534946,42.39221274191894,-3.8832137999960827,-301.2847271162044,1423.0994595411844,-32.60942349732384,False,77.80000000000018,-0.27185191180922824,9.122061200768297,-290.0384415130181,1056.2628471818332,9.126111111120524,358.2930000000294,1.3796152905442665,-33.27015154115064,11.246285603186323,-366.8366123593512
2660020.0,-1.2601,-1.1195,9.5266,0.0626,-0.0096,9.8064,-0.0276,0.0678,-0.1265,123.45,-84.82,47.19,52.758755,-1.678476,8.25,4,359.32,20 / 23,-1.5851280112134947,42.68019416738178,-3.9012687999960662,-301.4465568768826,1427.3530798866454,-32.998647627323095,False,77.90000000000009,-0.6434386865605708,8.745250082324667,-290.1057483081456,1057.0856896390162,8.76888888889376,355.7920000000341,0.9416893246529239,-33.93494408505711,11.340808568736975,-370.26739024762924
2660120.0,-0.855,-2.9239,9.1529,-0.0165,-0.0117,9.8066,-0.0946,-0.0188,0.1484,124.61,-85.15,49.02,52.758755,-1.678476,8.25,4,359.32,20 / 23,-1.5665414038271583,43.003710438016235,-3.9479587999960235,-301.6041403476345,1431.6372751169115,-33.39110900732234,False,78.0,-0.35266414038346067,8.57163709987706,-290.1394017056903,1057.941890574888,8.578888888888889,357.644,1.2138772634436976,-34.432073338139176,11.464738641944166,-373.6953845420235
2660220.0,-1.819,-2.5035,9.9451,-0.031,-0.0018,9.8066,0.1023,0.0453,-0.1833,120.92,-85.01,47.74,52.758755,-1.678476,8.25,4,359.32,20 / 23,-1.5994112763336013,43.38885523961161,-3.973723799996,-301.7624379816424,1435.9569034007889,-33.78719313732158,False,78.09999999999991,-0.15581712748011534,8.405500336962799,-290.14613238523225,1058.7869720169192,8.406944444440027,358.93799999995434,1.443594148853486,-34.98335490264881,11.616305596410143,-377.16993138386965
2660320.0,-0.6632,-3.1268,10.703,0.014,0.0262,9.8066,-0.0018,-0.018,0.003,120.92,-85.01,47.74,52.758755,-1.678476,8.25,4,359.32,20 / 23,-1.6573345288447836,43.76854832389219,-3.9219837999958114,-301.9252752719019,1440.3147735789798,-34.181978517322605,False,78.20000000000027,-0.6216714166911751,8.05911358424938,-290.220169859834,1059.576455996121,8.08305555555361,355.5890000000622,1.0356631121536086,-35.70943473964281,11.705105412067894,-380.7383175828588
2660420.0,-1.3592,-1.2581,8.7378,-0.002,0.0014,9.8066,0.1098,-0.258,0.1277,124.54,-84.99,49.73,52.758755,-1.678476,8.25,4,359.32,20 / 23,-1.6639512166996244,44.09363274675347,-3.9306087999958037,-302.091339559179,1444.707882632508,-34.574608147321825,False,78.30000000000018,-0.34389753251658695,8.014569680083067,-290.25382325741595,1060.4104179449594,8.021944444446113,357.5429999999467,1.3200536841830375,-36.0790630666704,11.83751630176306,-384.29746468754865
2660520.0,-0.7371,-1.6143,9.8448,0.0208,0.0032,9.8066,-0.0153,-0.0715,-0.0433,124.68,-85.17,48.6,52.758755,-1.678476,8.25,4,359.32,20 / 23,-1.5948036118572568,44.38210266059414,-3.982143799995757,-302.2542773006067,1449.1316694028715,-34.97024577732105,False,78.40000000000009,-0.11485509129631385,8.054181107225943,-290.2672846164181,1061.2221409111298,8.054999999999549,359.18299999997765,1.479948520560943,-36.3279215533682,11.986992684188579,-387.90952849174164
2660620.0,0.3175,-0.7161,10.1906,-0.0127,0.0361,9.8065,0.0338,0.0222,-0.0561,124.68,-85.17,48.6,52.758755,-1.678476,8.25,4,359.32,20 / 23,-1.5507007038672955,44.586087780692765,-3.961038799995776,-302.41155251639276,1453.5800789249317,-35.367404907320264,False,78.5,-0.11663593896307846,7.843021672734099,-290.2740152959458,1061.9782664116356,7.843888888888889,359.148,1.434064764904217,-36.74306610795867,12.137537220446973,-391.6018125132962
2660722.0,-1.0107,-1.4433,10.09,-0.0351,0.0007,9.8065,-0.1005,0.0379,-0.0805,128.62,-84.99,50.1,52.758755,-1.678476,8.25,4,359.32,20 / 23,-1.4806743707137544,44.79797970646213,-3.9270064999956706,-302.5661526451969,1458.1386663667909,-35.76969521762108,False,78.60200000000032,-0.12131454478247407,7.74341760518332,-290.2878804957316,1062.782872901552,7.744372222218155,359.1021799999921,1.3593598259312802,-37.05456210127881,12.278272149465295,-395.3557934652388
2660820.0,-0.4147,-2.406,9.7337,-0.002,-0.0406,9.8066,0.0114,-0.0227,-0.0358,123.49,-84.83,47.25,52.758755,-1.678476,8.25,4,359.32,20 / 23,-1.464034978941508,45.07767976950945,-3.9166968999956753,-302.7104434033299,1462.5425736811114,-36.15403668422048,False,78.70000000000027,-0.17461609609310855,7.521028793378099,-290.30766869348935,1063.523875892046,7.523055555546447,358.6699999885851,1.2894188828483995,-37.55665097613135,12.402774709840571,-399.0186977890655
2660920.0,-1.1637,-0.2012,10.1678,-0.0015,0.0308,9.8066,-0.0109,-0.151,-0.0452,121.77,-84.91,45.48,52.758755,-1.678476,8.25,4,359.32,20 / 23,-1.407258416222377,45.341037085728956,-3.9022868999956883,-302.854008073088,1467.0635095238692,-36.54498587421969,False,78.80000000000018,0.009473135415109718,7.236938244298676,-290.30093801397567,1064.2355234220893,7.23694444445225,0.07500000978421895,1.4167315516374865,-38.10409884143028,12.553070059112315,-402.82798610177997
2661020.0,-1.1228,0.652,10.0795,0.0216,0.071,9.8063,0.0246,-0.3054,0.1705,121.77,-84.91,45.48,52.758827,-1.678477,7.04,4,2.0,21 / 24,-1.206196568327741,45.55314054962321,-3.8705868999957174,-302.9846808223154,1471.6082184056327,-36.933629564218904,False,78.90000000000009,0.041883556528216744,7.383770100099252,-290.3009380139755,1064.9805294308749,7.383888888886884,0.3249999999965894,1.2480801248559577,-38.16937044952395,12.6837428083399,-406.6276889747578
2661120.0,-0.1165,-1.6385,9.8868,0.0107,-0.0126,9.8066,0.0611,-0.1888,0.0467,127.95,-84.76,51.58,52.758827,-1.678477,7.04,4,2.0,21 / 24,-1.0817664038871164,45.75853593956295,-3.8529368999957336,-303.09907897092603,1476.1738022300879,-37.31980575421812,False,79.0,-0.026298115698427302,7.1410626877479,-290.3009380139755,1065.6921769616777,7.14111111111111,359.789,1.0554682881886892,-38.61747325181505,12.798140956950533,-410.4816252684102
2661220.0,0.2943,-3.3112,10.113,0.0065,-0.0175,9.8066,-0.0719,0.0802,-0.0616,129.47,-85.05,50.53,52.758827,-1.678477,7.04,4,2.0,21 / 24,-1.1438248918763714,46.01852497409666,-3.833611899995751,-303.2103585357141,1480.7626552757667,-37.70413319421735,False,79.09999999999991,0.19551218806773749,6.726047923064444,-290.27401529594545,1066.370466014496,6.72888888889114,1.665000000009318,1.3393370799441089,-39.292477051032215,12.936343239768632,-414.3921892612707
2661320.0,-0.4306,-1.2913,10.6713,-0.0079,0.0009,9.8066,-0.0084,-0.0571,0.043,129.47,-85.05,50.53,52.758827,-1.678477,7.04,4,2.0,21 / 24,-1.1795450168410853,46.279395878978576,-3.775061899995538,-303.32652703115036,1485.3775513184373,-38.0845668842183,False,79.20000000000027,0.2824347790167759,6.888100943497144,-290.2470925778889,1067.0709940521676,6.893888888878676,2.347999999970683,1.461979795857861,-39.39129493548143,13.079434453261456,-418.3065572662697
2661419.0,-0.4009,-2.6788,10.5165,-0.0514,-0.0617,9.8063,-0.0142,-0.154,-0.0417,126.6,-85.01,50.24,52.758827,-1.678477,7.04,4,2.0,21 / 24,-1.1765375881426618,46.54304773426339,-3.69712414999577,-303.4431531200967,1489.9722622772792,-38.454440093691765,False,79.29899999999998,0.1648780430036359,6.57418786273664,-290.23376583246505,1067.7314919169069,6.57626388889811,1.4362100000264695,1.3414156311462977,-39.968859871526746,13.209387287631671,-422.2407703603724
2661520.0,-0.843,-0.6197,10.0586,-0.014,0.0262,9.8065,-0.0241,-0.1318,0.0202,123.64,-84.59,46.34,52.758827,-1.678477,7.04,4,2.0,21 / 24,-1.1453904822067722,46.81333802123221,-3.648553249995716,-303.5604104876495,1494.6867597579371,-38.82539680239175,False,79.40000000000009,0.10488261155379616,6.399140538996142,-290.2269005393471,1068.3608552010808,6.40000000000236,0.9390000000066574,1.2502730937605684,-40.41419748223607,13.333509948302378,-426.32590455685636
2661620.0,-0.0608,-4.221,9.8949,-0.0187,0.0349,9.8065,-0.0616,0.1344,-0.18,125.49,-84.39,47.45,52.758827,-1.678477,7.04,4,2.0,21 / 24,-1.1901859872070497,47.11127107185801,-3.6315432499957314,-303.6771893111201,1499.3829902125874,-39.18940162739099,False,79.5,0.36499442582194014,6.451628094690931,-290.1865164622891,1068.9946662827815,6.461944444444445,3.238,1.55518041302899,-40.65964297716708,13.490672848831025,-430.3883239298059
2661720.0,-0.2355,-3.0957,8.8497,-0.0259,-0.0691,9.8064,-0.0679,0.0081,0.0779,125.49,-84.39,47.45,52.758827,-1.678477,7.04,4,2.0,21 / 24,-1.3497794442673867,47.4543352218215,-3.674978249995692,-303.8041875826937,1504.1112705272672,-39.55472770239023,False,79.59999999999991,0.2318435038436137,6.307685095140324,-290.16632442374623,1069.6284773651894,6.31194444444263,2.1050000000181033,1.5816229481110005,-41.14665012668118,13.637863158947482,-434.48279316207777
2661820.0,-1.0528,-2.0388,10.0897,-0.0032,-0.0975,9.8061,0.0006,-0.2869,0.0205,120.88,-84.48,43.12,52.758827,-1.678477,7.04,4,2.0,21 / 24,-1.4047460543206265,47.774913909470854,-3.7086732499958144,-303.9419138576236,1508.8727329838491,-39.92391027739115,False,79.70000000000027,0.36989230371158194,6.1678073563370965,-290.1259403466742,1070.2511689537603,6.178888888888605,3.4320000000005413,1.7746383580322085,-41.60710655313376,13.81597351094939,-438.62156403008885
2661920.0,-1.6603,-0.1773,10.2114,-0.0149,-0.0165,9.8065,-0.0301,-0.0848,-0.1384,116.35,-84.46,41.8,52.758827,-1.678477,7.04,4,2.0,21 / 24,-1.321861482601377,48.083913767943876,-3.6742832499958458,-304.0782442344696,1513.6656743677154,-40.2930581023904,False,79.80000000000018,0.3711875566156521,6.158824546763505,-290.0855562696187,1070.8738605429903,6.170000000000242,3.448999999999536,1.6930490392170292,-41.92508922118037,13.992687964850916,-442.79181382472507
2662021.0,-3.0234,-1.0258,10.1767,-0.1176,0.1626,9.8045,-0.0375,0.1214,0.0762,116.35,-84.46,41.8,52.75889,-1.67847,5.93,4,4.97,22 / 24,-1.1610434005446237,48.461913898385916,-3.635155849995802,-304.20363093106863,1518.5412386648704,-40.662184776940386,False,79.9010000000003,0.38797792480655174,5.955584463375479,-290.04490296537926,1071.4691981810277,5.968213888888707,3.7273000000088237,1.5490213253511755,-42.506329435010436,14.158727965689366,-447.0720404838428
2662120.0,-2.8358,-1.4132,10.5242,0.0095,-0.0242,9.8065,-0.0489,0.1406,-0.0903,122.92,-83.4,46.56,52.75889,-1.67847,5.93,4,4.97,22 / 24,-1.0070125471145663,48.904106049926,-3.581319649995962,-304.31094970047747,1523.3608566522976,-41.019400314188914,False,80.0,0.30952214866567035,5.975878368411902,-290.0182494744899,1072.063646258706,5.983888888888889,2.965,1.3165346957802366,-42.9282276815141,14.292700225987574,-451.2972103935915
2662220.0,-2.6298,-1.5304,10.0119,0.0338,-0.0287,9.8065,0.1574,-0.0136,0.0968,119.39,-83.78,43.24,52.75889,-1.67847,5.93,4,4.97,22 / 24,-0.8711304706802654,49.34166353344205,-3.535179649996004,-304.40485685136713,1528.2731451314614,-41.375225279188186,False,80.09999999999991,0.5458428933440138,5.719010450746683,-289.9576733589024,1072.641859876864,5.744999999996861,5.451999999998405,1.4169733640242792,-43.62265308269537,14.447183492464717,-455.6312852545975
2662320.0,-3.4914,-4.1236,10.3875,0.0749,-0.0787,9.806,0.07,-0.2546,0.1872,119.4,-84.39,41.34,52.75889,-1.67847,5.93,4,4.97,22 / 24,-0.8508555338006295,49.87879540326802,-3.495874649995861,-304.4909561515915,1533.234168078315,-41.72677799418906,False,80.20000000000027,0.5127782131348806,5.491109496633096,-289.91055860230364,1073.208954003304,5.514999999989274,5.334999999920674,1.36363374693551,-44.38768590663493,14.580397549287852,-460.02521407501104
2662420.0,-2.9615,-1.2622,10.018,-0.0024,0.1014,9.8061,-0.0374,0.3328,-0.1974,119.4,-84.39,41.34,52.75889,-1.67847,5.93,4,4.97,22 / 24,-0.8107179371983297,50.42378355325603,-3.4562646499958967,-304.5740348251414,1538.2492970261367,-42.07438495918833,False,80.30000000000018,0.25682819791827893,5.17168237745393,-289.89036656377584,1073.7093311723243,5.1780555555647485,2.843000000067994,1.0675461351166087,-45.252101175802096,14.68366826136554,-464.5399658538124
2662520.0,-3.7292,2.3483,9.8324,-0.0525,0.1908,9.8046,-0.0279,0.3742,-0.4048,123.75,-84.06,46.27,52.75889,-1.67847,5.93,4,4.97,22 / 24,-0.4706048650417584,50.80067036877094,-3.444409649995907,-304.63810096525333,1543.3105197222335,-42.419418674187604,False,80.40000000000009,0.3120406771318037,4.8148993360050145,-289.8567131662186,1074.1985888496627,4.825000000004817,3.7079999999881994,0.7826455421735621,-45.985771032765925,14.781387799034746,-469.11193087257084
2662620.0,-3.7051,-1.169,10.5765,-0.0731,0.2085,9.8041,0.0059,0.1488,-0.0089,131.06,-82.99,52.63,52.75889,-1.67847,5.93,4,4.97,22 / 24,-0.05848016749701401,51.18253328950533,-3.404629649995943,-304.6645552168802,1548.4096799051426,-42.76187063918689,False,80.5,0.11824196107897356,4.52150974756023,-289.849982486704,1074.6544880490171,4.523055555555556,1.4980000000000002,0.17672212857598757,-46.6610235419451,14.814572730176224,-473.7551918561255
2662720.0,-2.8835,-2.0967,10.4974,-0.0034,-0.0885,9.8062,-0.0446,-0.0753,0.1652,131.06,-82.99,52.63,52.75889,-1.67847,5.93,4,4.97,22 / 24,0.17536007089280747,51.64364995116288,-3.3315996499960097,-304.6587112217104,1553.5509890671715,-43.09868210418618,False,80.59999999999991,0.29735181245742265,4.1543720222911755,-289.80959840963214,1075.054789784828,4.164999999996112,4.094000000025279,0.12199174156461517,-47.4892779288717,14.84911281207826,-478.49619928234347
2662820.0,-1.2577,-2.0116,9.4345,0.0241,-0.0486,9.8064,0.0884,0.024,0.0601,127.15,-83.3,49.18,52.75889,-1.67847,5.93,4,4.97,22 / 24,0.28563739640454494,52.042221124534144,-3.3156696499959515,-304.6356613483455,1558.735282620975,-43.43104556918699,False,80.70000000000027,0.40200083082905225,3.8591184656454143,-289.7692143325608,1075.443972028921,3.879999999983668,5.946999999930701,0.1163634344245073,-48.18310265888873,14.866447015784672,-483.29131059205406
2662920.0,-1.8173,-1.5159,9.4292,0.0191,-0.0373,9.8065,-0.0165,0.1312,-0.0177,126.81,-84.04,46.82,52.75889,-1.67847,5.93,4,4.97,22 / 24,0.36991967278646953,52.38644682555866,-3.3531496499959172,-304.602883494886,1563.956716018475,-43.76448653418628,False,80.80000000000018,0.22138145812558957,3.359658485927885,-289.7490222940197,1075.7886763011643,3.366944444458443,3.770000000059399,-0.14853821466087996,-49.02678833963077,14.853861200866277,-488.16803971731065
2663020.0,-1.6555,0.3668,10.2799,0.0221,-0.0388,9.8065,-0.0556,0.1185,-0.0468,126.81,-84.04,46.82,52.758926,-1.678466,2.6,4,2.61,21 / 23,0.5603309121800544,52.67548594149503,-3.3483596499959214,-304.5563709656377,1569.2098126568228,-44.09956199918557,False,80.90000000000009,-0.02568456813335049,3.0279466227986744,-289.76248365306054,1076.0889026037312,3.028055555560179,359.51399999514683,-0.5860154803134049,-49.64753931869636,14.79388731257717,-493.1209100530916
2663120.0,-1.2797,0.1056,10.1253,-0.0468,0.0035,9.8064,-0.1004,0.0551,-0.0579,126.24,-84.28,45.77,52.758926,-1.678466,2.6,4,2.61,21 / 23,0.7984889482632895,52.89550368070147,-3.3087646499959575,-304.4884299726156,1574.4883621379279,-44.43241821418486,False,81.0,-0.01567285143294691,2.7630111047215102,-289.7624836530607,1076.3780094124565,2.7630555555555554,359.675,-0.8141617996962365,-50.13249257597995,14.725946319554907,-498.11035272547133
2663220.0,-1.3157,-1.6122,10.252,-0.0318,0.047,9.8064,-0.0153,-0.0836,0.0736,122.07,-84.05,44.37,52.758926,-1.678466,2.6,4,2.61,21 / 23,0.93398534992085,53.16405626810716,-3.2705646499959924,-304.4018062577065,1579.7913401353635,-44.761384679184154,False,81.09999999999991,-0.07556971640306781,2.5688887126425257,-289.77594501207545,1076.6226382507716,2.569999999996002,358.3150000000168,-1.009555066323918,-50.595167555464634,14.625861245631029,-503.1687018845919
2663320.0,-0.5566,-0.826,10.1072,-0.0199,0.107,9.806,-0.0179,0.0559,-0.0418,125.59,-83.6,48.58,52.758926,-1.678466,2.6,4,2.61,21 / 23,1.0093411861437716,53.43153102721544,-3.2332696499958566,-304.3046399309029,1585.121119500149,-45.08657639418493,False,81.20000000000027,-0.01788289599221066,2.2768742181112476,-289.7692143325608,1076.8450281035296,2.27694444444066,359.54999998863406,-1.0272240821359822,-51.154656809104196,14.535425598342101,-508.27609139661945
2663420.0,-0.883,-1.1132,9.7221,-0.0049,0.0045,9.8066,-0.0043,0.0225,0.0108,125.59,-83.6,48.58,52.758926,-1.678466,2.6,4,2.61,21 / 23,1.102265459779751,53.664879755491405,-3.2224696499958663,-304.1990595986068,1590.4759400392795,-45.409363359184226,False,81.30000000000018,0.09386965524687851,2.1560130492883567,-289.7490222940197,1077.067417957685,2.1580555555587995,2.493000009742218,-1.0083958045328725,-51.50886670620305,14.450037304587113,-513.4085220815946
2663520.0,-1.0082,-0.7774,9.7348,-0.0036,0.0122,9.8066,-0.0182,0.0767,-0.0715,129.05,-83.56,48.62,52.758926,-1.678466,2.6,4,2.61,21 / 23,1.2176043774516356,53.91117033040494,-3.2302896499958593,-304.0830661067454,1595.8547425435695,-45.73200132418352,False,81.40000000000009,0.019103603326655394,1.9510175858387653,-289.7557529735331,1077.2564493331658,1.9511111111139343,0.5610000000263571,-1.1985007741249802,-51.96015274456618,14.327313133212272,-518.5982932104037
2663620.0,-0.9417,-1.1502,9.8297,0.0021,0.0097,9.8066,0.0158,0.0716,-0.087,127.04,-83.47,49.32,52.758926,-1.678466,2.6,4,2.61,21 / 23,1.336446078968639,54.159729105513215,-3.232729649995857,-303.95536358392445,1601.2582875153605,-46.055152289182814,False,81.5,0.04421946004226297,1.7505527020945013,-289.74902229401914,1077.4343612155128,1.7511111111111108,1.4469999999999998,-1.292226618926376,-52.40917640341871,14.20634128990531,-523.8239262998477
2663720.0,-1.0703,-0.4801,9.9947,-0.0141,0.0696,9.8063,-0.0178,0.0773,-0.046,127.04,-83.47,49.32,52.758926,-1.678466,2.6,4,2.61,21 / 23,1.4648137192516153,54.40419297965609,-3.222174649995867,-303.8153005940136,1606.6864836196141,-46.37789750418211,False,81.59999999999991,-0.0060623246861941805,1.6619333875436682,-289.7557529735331,1077.6011536054339,1.661944444442413,359.7909999951112,-1.4708760439378095,-52.74225959211242,14.059547620480487,-529.0853300141803
2663820.0,-0.9902,-0.8546,10.0479,-0.0121,-0.0054,9.8066,-0.022,0.0084,0.0252,129.72,-83.16,51.63,52.758926,-1.678466,2.6,4,2.61,21 / 23,1.6121131392438464,54.63864993863552,-3.2007096499957886,-303.6614542510883,1612.1386257655486,-46.69904171918286,False,81.70000000000027,0.03794403208571823,1.5125797052113192,-289.74902229401914,1077.7568265022223,1.5130555555524343,1.4369999999890177,-1.574169107158128,-53.1260702334242,13.912431957069145,-534.3817992633262
2663920.0,-1.0444,-0.8594,9.8038,-0.013,-0.0053,9.8066,-0.0122,0.0524,0.0029,130.43,-83.13,49.77,52.758926,-1.678466,2.6,4,2.61,21 / 23,1.7507803611038901,54.879519016078405,-3.1887896499957993,-303.49330957607106,1617.6145342132793,-47.018516684182146,False,81.80000000000018,0.026966845870375088,1.4147430117273498,-289.74902229401914,1077.8902604141497,1.4150000000026752,1.0920000000094134,-1.723813515233515,-53.46477600435105,13.744287282051914,-539.7242737991296
2664020.0,-0.8913,-1.2195,9.8677,-0.0137,-0.0034,9.8066,-0.0082,0.0773,-0.0321,126.72,-83.09,48.7,52.758938,-1.678466,0.0,6,0.64,19 / 23,1.865506195238158,55.13071774550931,-3.185879649995802,-303.3124952482541,1623.1150460513536,-47.337250149181436,False,81.90000000000009,-0.015164744278285007,1.2168499543500524,-289.7557529735331,1078.0125748343687,1.2169444444471464,359.28599999511334,-1.880670939516443,-53.913867791159255,13.556742274720989,-545.1024712169849
2664120.0,-1.0875,-0.919,9.8484,-0.024,0.0053,9.8065,-0.008,-0.0036,-0.005,126.72,-83.09,48.7,52.758938,-1.678466,0.0,6,0.64,19 / 23,1.971146157350554,55.38975690775249,-3.1807396499958065,-303.12066263062485,1628.6410697840117,-47.65558111418073,False,82.0,-0.04109690554067625,1.1954048830745327,-289.7624836530607,1078.1348892531728,1.1961111111111111,358.031,-2.0122430628912302,-54.19435202467796,13.358178977564137,-550.506180530839
2664219.0,-0.2979,-0.7135,10.0488,-0.0046,0.0084,9.8066,0.0196,0.0124,-0.0147,128.72,-82.89,47.69,52.758938,-1.678466,0.0,6,0.64,19 / 23,2.0813661145520688,55.60602697570916,-3.1666865999957836,-302.92006327316534,1634.135361086252,-47.96977871355582,False,82.09900000000016,-0.016225787623421018,0.8563309594159352,-289.7624836530607,1078.2119473377832,0.8564861111056198,358.91804000001434,-2.09759190217549,-54.74969601629323,13.157579620104627,-555.9234137484689
2664319.0,-0.1766,-0.9278,9.7571,-0.0104,0.0092,9.8066,-0.018,0.0481,-0.0184,125.99,-82.81,47.72,52.758938,-1.678466,0.0,6,0.64,19 / 23,2.163931114043857,55.78866537683431,-3.1570565999957925,-302.7077984117357,1639.7050957038741,-48.28596587355511,False,82.19900000000007,-0.07464675133731721,0.9162781032090522,-289.7758103984858,1078.3118003811878,0.9193305555575404,355.34517999989276,-2.238577865381174,-54.87238727362526,12.931988013249907,-561.3932953226863
2664421.0,-0.0538,-0.5366,9.879,-0.0183,-0.014,9.8065,0.0091,0.0779,-0.0865,125.99,-82.81,47.72,52.758938,-1.678466,0.0,6,0.64,19 / 23,2.2437263434708186,55.96188613672765,-3.155893799995794,-302.4830078814028,1645.4043738310581,-48.60792634395424,False,82.30099999999993,-0.030947126592020948,0.7178813839650038,-289.76921433256143,1078.4022018574462,0.7185500000075936,357.5373299999516,-2.2746734700628397,-55.24400475276265,12.713793548841352,-567.0021719736119
2664520.0,-0.0033,0.0171,10.0912,-0.0195,-0.0056,9.8066,-0.0541,0.0768,0.0187,125.46,-82.77,46.7,52.758938,-1.678466,0.0,6,0.64,19 / 23,2.3534409012954782,56.09618886946375,-3.138227249995765,-302.2554481027865,1650.9512485438736,-48.91948533592932,False,82.40000000000009,-0.006865701262210699,0.46494931137643786,-289.76921433256143,1078.4462350474516,0.465000000003494,359.1539999999777,-2.360306602557689,-55.631239558087316,12.486233770225056,-572.505013496422
2664620.0,0.1412,-1.5276,9.913,-0.0272,-0.0094,9.8066,0.0222,-0.0308,0.0018,124.69,-82.67,45.63,52.758938,-1.678466,0.0,6,0.64,19 / 23,2.416221123594426,56.253038297183764,-3.118682249995783,-302.0169650015422,1656.568709902201,-49.232330810928616,False,82.5,0.006111894471424044,0.4360682813282091,-289.7624836530607,1078.490713018569,0.4361111111111111,0.8029999999999999,-2.4101092291230017,-55.81697001585555,12.254481348481477,-578.0779968836318
2664720.0,-0.061,-1.7356,9.8338,-0.0149,-0.012,9.8066,0.0072,-0.0739,0.0579,124.02,-82.64,44.79,52.758938,-1.678466,0.0,6,0.64,19 / 23,2.4064770067969903,56.462939029633354,-3.1120072499957887,-301.77583009502285,1662.2045087685367,-49.543865285927914,False,82.59999999999991,0.003073179771600639,0.37304289712575395,-289.7624836530609,1078.5240714965532,0.37305555555427095,0.47200000481546067,-2.4034038270253895,-56.0898961325076,12.013346441961971,-583.6804372719835
2664820.0,-0.027,-0.8257,9.7178,-0.0125,-0.0063,9.8066,0.0224,0.0386,-0.0479,124.02,-82.64,44.79,52.758938,-1.678466,0.0,6,0.64,19 / 23,2.429382100342776,56.660135651036576,-3.1150922499958,-301.534037139665,1667.8606625025907,-49.855220260928625,False,82.70000000000027,-0.0318177542152971,0.2770679390748782,-289.77594501207557,1078.5574299745379,0.2788888888903921,353.44900000011745,-2.461199854558073,-56.3830677119617,11.758092127589407,-589.3032325280528
2664920.0,0.1703,-0.1044,9.7281,-0.0074,0.0023,9.8066,-0.0184,0.1063,-0.0365,123.29,-82.6,44.24,52.758938,-1.678466,0.0,6,0.64,19 / 23,2.512688936595744,56.802801315842,-3.123462249995792,-301.2869335878183,1673.5338093509295,-50.16714798592792,False,82.80000000000018,-0.01627722357912393,0.3257046342652005,-289.77594501207557,1078.5907884532269,0.32611111110982266,357.13899999989934,-2.5289661601748676,-56.477096681576796,11.510988575742715,-594.9430208977026
2665020.0,0.4713,-0.331,9.7742,-0.0166,0.0062,9.8065,0.0004,0.072,-0.0382,124.09,-82.5,44.06,52.758938,-1.678466,0.0,6,0.64,19 / 23,2.6026195745021017,56.910933080180534,-3.129012249995787,-301.0311681622636,1679.2194960707254,-50.47977171092721,False,82.90000000000009,-0.005198462378488608,0.20298900125759517,-289.77594501207557,1078.6130274380785,0.2030555555572343,358.532999999981,-2.60781803688059,-56.70794407892294,11.255223150188044,-600.606468632647
2665120.0,0.9742,-1.1762,9.8083,0.0001,-0.008,9.8066,0.0062,-0.0248,0.0168,124.09,-82.5,44.06,52.758938,-1.678466,0.0,6,0.64,19 / 23,2.6264377355778903,57.01506168210069,-3.1305522499957856,-300.76971529675984,1684.9157958088342,-50.7927499359265,False,83.0,-0.002204546289035041,0.08608288698951508,-289.7826756915763,1078.6241469305041,0.08611111111111111,358.533,-2.6286422818669255,-56.92897879511118,10.987039605183554,-606.2916488783301
2665220.0,1.3364,-0.889,9.7578,0.0034,-0.0085,9.8066,0.0375,-0.0315,0.0282,123.31,-82.52,43.76,52.758938,-1.678466,0.0,6,0.64,19 / 23,2.6024926000771753,57.098854962120726,-3.1329122499957833,-300.5082687799773,1690.6214916410402,-51.1059231609258,False,83.09999999999991,-0.002716569943239833,0.10607633170877405,-289.7826756915764,1078.6463859153553,0.10611111111022435,358.533,-2.605209170020415,-56.992778630411955,10.725593088400899,-611.9751057256849
2665320.0,1.0696,-0.4062,9.7698,0.0013,0.0,9.8066,-0.0011,0.031,-0.0093,122.94,-82.6,43.47,52.758938,-1.678466,0.0,6,0.64,19 / 23,2.6071933777886316,57.15744589328264,-3.1371972499957987,-300.24778448108304,1696.334306683831,-51.419428635926515,False,83.20000000000027,-0.0010524930670467235,0.04109763637010714,-289.7894063711038,1078.6463859153557,0.0411111111120307,358.533,-2.6082458708556784,-57.11634825691254,10.458378109979265,-617.6879207684754
2665420.0,1.5478,0.1304,9.8043,-0.0077,0.0057,9.8066,-0.0015,0.0795,-0.0491,122.94,-82.6,43.47,52.758938,-1.678466,0.0,6,0.64,19 / 23,2.648727275889737,57.17937692324986,-3.139157249995797,-299.98498844839935,1702.0511478246524,-51.73324636092581,False,83.30000000000018,-0.0017920827897760473,0.06997705651972105,-289.7894063711038,1078.6575054084879,0.06999999999921176,358.533,-2.650519358679513,-57.10939986673014,10.195582077295569,-623.3936424161645
2665520.0,1.2603,-0.7594,9.7494,-0.0065,-0.0019,9.8066,-0.0094,0.0879,-0.0328,123.05,-82.54,43.5,52.758938,-1.678466,0.0,6,0.64,19 / 23,2.670312830764844,57.20291622335048,-3.1421372499957942,-299.71903644306684,1707.7702624819772,-52.0473110859251,False,83.40000000000009,-0.00289435593429871,0.11301850001467939,-289.7894063711038,1078.6686249009133,0.11305555555496816,358.533,-2.673207186699143,-57.089897723335795,9.92963007196306,-629.1016375810639
2665620.0,1.4523,-1.0101,9.767,-0.0069,-0.0095,9.8065,0.0051,-0.0447,0.036,122.68,-82.5,43.0,52.758938,-1.678466,0.0,6,0.64,19 / 23,2.6465073348572274,57.261380981915714,-3.14698224999579,-299.453195434786,1713.4934773422353,-52.36176706092439,False,83.5,0.009794273907242636,0.18084608584796946,-289.7894063711038,1078.6797443940463,0.1811111111111111,3.1,-2.636713060949985,-57.080534896067746,9.663789063682202,-634.813732948189
2665720.0,1.6184,-0.4135,9.7241,-0.0054,-0.0024,9.8066,0.0035,-0.0583,0.036,121.83,-82.5,42.0,52.758938,-1.678466,0.0,6,0.64,19 / 23,2.627317098092179,57.295421310267365,-3.153092249995784,-299.1895042131388,1719.2213174568392,-52.676770785923686,False,83.59999999999991,-0.004698766496997604,0.27301512414705686,-289.7894063711039,1078.7019833788977,0.2730555555553244,359.01399999997955,-2.6320158645891767,-57.02240618612031,9.400097842034882,-640.5193340779415
2665820.0,1.5554,0.3448,9.6989,-0.0128,0.0004,9.8066,0.0299,0.0094,0.0169,121.83,-82.5,42.0,52.758938,-1.678466,0.0,6,0.64,19 / 23,2.662543847893098,57.28905524701188,-3.1626072499958187,-298.92501116583855,1724.950541284724,-52.99255576092442,False,83.70000000000027,-0.01111335501795029,0.25586987821267515,-289.79613705061837,1078.7353418575897,0.2561111111145773,357.5129999998537,-2.673657202911048,-57.0331853687992,9.128874115220185,-646.2151994271344
2665920.0,1.7455,0.2594,9.6734,-0.0042,0.0014,9.8066,-0.0189,0.0855,-0.0437,121.7,-82.41,41.7,52.758938,-1.678466,0.0,6,0.64,19 / 23,2.7230443364308408,57.25960430540337,-3.1746572499958075,-298.65573175662263,1730.6779742623396,-53.30941898592371,False,83.80000000000018,-0.045013391607608706,0.362213741558482,-289.8095984096324,1078.768700334864,0.364999999997029,352.91600000012545,-2.7680577280384493,-56.89739056384489,8.846133346990257,-651.9092739274756
2666020.0,2.2252,-0.8386,9.6293,-0.0028,-0.0009,9.8066,0.0207,0.0792,-0.0434,124.49,-82.37,41.5,52.758926,-1.678466,0.0,6,359.16,19 / 21,2.7152244479262047,57.23446511039072,-3.1901872499957933,-298.38381831740503,1736.4026777331242,-53.627661210923,False,83.90000000000009,-0.05177906469898569,0.5514633529896696,-289.81632908914673,1078.8242977984064,0.5538888888863119,354.63599999997655,-2.76700351262519,-56.68300175740105,8.567489228258296,-657.5783799347178
2666120.0,2.7562,0.1025,9.5706,-0.0027,0.0005,9.8066,0.0303,0.0224,0.0039,124.49,-82.37,41.5,52.758926,-1.678466,0.0,6,359.16,19 / 21,2.67143461413454,57.170873782857896,-3.210857249995774,-298.11448536430225,1742.1229446777813,-53.94771343592229,False,84.0,-0.05421111772755224,0.4316087982360061,-289.823059768661,1078.8687757688162,0.43499999999999994,352.841,-2.7256457318620924,-56.73926498462189,8.291425595641272,-663.2541689089651
2666220.0,3.1515,0.6555,9.7203,0.0018,0.0131,9.8066,0.0199,0.0124,0.027,121.57,-82.36,41.45,52.758926,-1.678466,0.0,6,359.16,19 / 21,2.667473282540587,57.02700047022731,-3.2269772499957594,-297.84753996946876,1747.8328383904304,-54.26960516092157,False,84.09999999999991,-0.029115754530730727,0.6793763852522541,-289.82979044817523,1078.935492724785,0.6800000000002311,357.54599999998885,-2.696589037071318,-56.34762408497505,8.017749521293524,-668.8973456656454
2666320.0,4.0814,0.7193,9.4375,0.0366,0.0283,9.8065,0.0488,0.0683,0.005,123.09,-82.34,43.18,52.758926,-1.678466,0.0,6,359.16,19 / 21,2.6545477664263775,56.81054824745028,-3.2497522499958422,-297.58143891701945,1753.524715826335,-54.59344163592233,False,84.20000000000027,-0.039742464976781196,0.6958103873407562,-289.84325180719037,1079.013329173887,0.69694444445288,356.73099999996157,-2.6942902314031585,-56.11473786010952,7.738187109829084,-674.511386652448
2666420.0,3.432,-0.274,9.4122,0.0758,0.0577,9.8061,0.0477,0.2074,-0.0583,128.71,-82.51,47.21,52.758926,-1.678466,0.0,6,359.16,19 / 21,2.585624208613253,56.612144388555585,-3.2879322499958072,-297.31943031826773,1759.1958504581303,-54.920325860921615,False,84.30000000000018,-0.07508832630032436,0.9590093104016395,-289.8567131662178,1079.1022851154078,0.961944444437214,355.523000000033,-2.6607125349135776,-55.653135078153944,7.462717152049947,-680.0935653427225
2666520.0,0.5955,-0.1698,10.1524,0.0475,0.0148,9.8064,-0.0308,0.1958,-0.0286,128.71,-82.51,47.21,52.758926,-1.678466,0.0,6,359.16,19 / 21,2.578505483692484,56.580025310293586,-3.2903672499958048,-297.06122383365266,1764.8554589430676,-55.249240835920894,False,84.40000000000009,-0.03170622675912716,1.0295118820017357,-289.8567131662181,1079.2134800417855,1.0299999999990717,358.235999999963,-2.6102117104516114,-55.55051342829185,7.204510667434533,-685.6419789012821
2666620.0,0.1457,-0.5812,10.5702,-0.038,-0.0101,9.8065,-0.0481,0.1602,-0.0039,129.76,-82.67,49.1,52.758926,-1.678466,0.0,6,359.16,19 / 21,2.6634004772757707,56.68497083018805,-3.234902249995855,-296.7991285356045,1770.5187087500865,-55.57550431092018,False,84.5,-0.09250611853327702,1.2836154490813543,-289.8769052047605,1079.3357944605896,1.2869444444444444,355.87800000000004,-2.755906595809048,-55.4013553811067,6.9222233308440195,-691.1829142894969
2666720.0,0.8899,-0.3775,10.4068,-0.0767,-0.0091,9.8062,-0.0791,0.1336,0.019,128.03,-82.35,46.64,52.758926,-1.678466,0.0,6,359.16,19 / 21,2.730596923308778,56.78522504826665,-3.166717249995917,-296.5294286655755,1776.1922185440042,-55.89558528591948,False,84.59999999999991,-0.10367390726213527,1.5345574648547657,-289.89709724328975,1079.491467358793,1.5380555555598645,356.1349999999646,-2.8342708305709134,-55.25066758341189,6.632331422285745,-696.7007511852112
2666819.0,5.0713,0.8592,9.2138,-0.0499,0.0311,9.8064,0.0161,0.1714,-0.0366,128.03,-82.35,46.64,52.758926,-1.678466,0.0,6,359.16,19 / 21,2.7010435679053497,56.64972595903996,-3.1663558999959163,-296.26056246125995,1781.8072486188748,-56.209072406844584,False,84.69900000000007,-0.20756295688429516,1.8390386803795506,-289.92375073416605,1079.6786084198184,1.8507305555649198,353.564959999923,-2.908606524789645,-54.81068727866041,6.336811727093902,-702.1286401990565
2666920.0,4.2139,0.3984,8.8615,0.0134,0.038,9.8065,-0.0054,0.2476,-0.0481,128.35,-82.01,46.37,52.758926,-1.678466,0.0,6,359.16,19 / 21,2.59765505314353,56.355392398156745,-3.244024899996003,-295.99297818089667,1787.5140070959196,-56.53279663724454,False,84.80000000000018,-0.24535313841535814,2.2234482869978867,-289.9576733589021,1079.914008080148,2.2369444444339925,353.70299999999554,-2.843008191558888,-54.13194411115886,6.0353048219945435,-707.5999990157716
2667026.0,2.8574,-0.1495,9.7093,-0.0092,0.015,9.8066,-0.0393,0.1535,0.0254,126.03,-81.93,47.96,52.75894,-1.678464,3.35,4,352.41,19 / 21,2.521250107357815,56.170901400172305,-3.2992773999958818,-295.7216762073907,1793.477900667218,-56.879591659143344,False,84.90599999999995,-0.27596696880231064,2.3901446592524542,-289.987019121569,1080.163529494762,2.4060555555512995,353.4220800000168,-2.7972170761601256,-53.78075674091985,5.734657085821709,-713.3143711724558
2667120.0,3.0744,0.4506,9.7472,-0.0381,0.0176,9.8065,0.0151,0.1676,-0.0068,129.43,-81.69,47.63,52.75894,-1.678464,3.35,4,352.41,19 / 21,2.4872589106350116,56.04796499275883,-3.306646999995886,-295.4862762835449,1798.7521873876885,-57.19007010594313,False,85.0,-0.3596508871244784,2.663886992562496,-290.02498015400397,1080.414385249204,2.688055555555555,352.311,-2.84690979775949,-53.38407800019633,5.461296129540926,-718.3378021384844
2667220.0,4.3453,1.6129,9.8163,0.0151,0.0229,9.8066,0.0254,0.0932,0.0935,129.43,-81.69,47.63,52.75894,-1.678464,3.35,4,352.41,19 / 21,2.468843952815154,55.805307247262654,-3.3091369999958835,-295.2384711403726,1804.3448509996845,-57.520859305942416,False,85.09999999999991,-0.42569644967752696,2.915193511890421,-290.0720949105903,1080.7146115517698,2.946111111115147,351.69199999998204,-2.894540402492681,-52.89011373537223,5.1663762297823155,-723.6302394479146
2667320.0,4.2216,0.2439,9.328,0.017,-0.005,9.8066,0.0083,0.2631,-0.061,130.34,-81.67,48.73,52.75894,-1.678464,3.35,4,352.41,19 / 21,2.4041784791616365,55.52581090228426,-3.3325869999959687,-294.9948200187729,1809.911406907182,-57.85294550594322,False,85.20000000000027,-0.5418265702895325,3.19634599952072,-290.1394017056925,1081.0370768384817,3.2419444444536487,350.37899999997865,-2.946005049451169,-52.32946490276354,4.855418313080406,-728.8743300687004
2667420.0,4.0331,-1.3643,9.4651,0.014,-0.0025,9.8065,-0.0288,0.2619,-0.0105,130.4,-81.79,49.7,52.75894,-1.678464,3.35,4,352.41,19 / 21,2.233486713496002,55.35482238889111,-3.3735969999959314,-294.7629367591402,1815.4554385717358,-58.188254705942505,False,85.30000000000018,-0.6308853914705698,3.4742955115800975,-290.20670850081626,1081.3817811114322,3.531111111103221,349.70800000001833,-2.864372104966572,-51.88052687731101,4.556228258323927,-734.0736574603036
2667520.0,3.161,-0.0334,9.6444,-0.0105,-0.0039,9.8066,-0.0585,0.273,-0.1185,130.4,-81.79,49.7,52.75894,-1.678464,3.35,4,352.41,19 / 21,2.0864854425146087,55.23326494407308,-3.3987869999959086,-294.5469381513399,1820.984842938379,-58.52687390594179,False,85.40000000000009,-0.7501018734439414,3.46672209319257,-290.28747665495956,1081.715365891275,3.5469444444442284,347.79100000002614,-2.83658731595855,-51.766542850880505,4.259461496380311,-739.2694770471039
2667620.0,2.1982,1.4258,9.5362,-0.0157,0.0072,9.8065,-0.0017,-0.1061,0.0467,133.65,-81.76,49.3,52.75894,-1.678464,3.35,4,352.41,19 / 21,2.1007701109894503,55.08829224132209,-3.420421999995889,-294.33757537366483,1826.5009207976436,-58.86783435594107,False,85.5,-0.9036572385644515,3.975535133573402,-290.3884368476188,1082.1156676270853,4.076944444444444,347.194,-3.004427349553902,-51.112757107748685,3.949138526046056,-744.3852531705584
2667720.0,3.0936,0.4405,9.5645,0.0314,0.0147,9.8065,0.0416,-0.0509,0.1962,130.22,-81.56,49.68,52.75894,-1.678464,3.35,4,352.41,19 / 21,2.135530372812067,54.93048574611514,-3.4460519999958654,-294.12576034947494,1832.0018596970106,-59.211158055940345,False,85.59999999999991,-1.0133374135639261,4.252886726871479,-290.4961277198193,1082.549327841588,4.37194444444667,346.5979999999876,-3.1488677863759933,-50.67759901924366,3.629632629655646,-749.4525318554226
2667820.0,2.6632,-0.967,8.7662,0.0232,-0.0071,9.8066,-0.0528,0.0279,-0.0531,134.63,-81.77,51.6,52.75894,-1.678464,3.35,4,352.41,19 / 21,2.0674518932134474,54.839368594385036,-3.5101819999960986,-293.9156112361729,1837.4903524140555,-59.558969755941206,False,85.70000000000027,-1.1210608771938464,4.394251643878482,-290.6105492715214,1082.9829880546797,4.535000000011398,345.6879999999959,-3.1885127704072938,-50.44511695050655,3.305061964651486,-754.5073643593757
2667919.0,2.5435,-1.2866,9.8672,0.0164,-0.0224,9.8065,0.0542,0.0625,0.0215,134.63,-81.77,51.6,52.75894,-1.678464,3.35,4,352.41,19 / 21,1.9524016243547624,54.82986323211667,-3.558687049995954,-293.71662848705387,1842.9189793894511,-59.90887877391477,False,85.79899999999998,-1.219416428723227,4.734974994706232,-290.73048998040247,1083.4673531552085,4.889474999989709,345.55831000000376,-3.171818053077989,-50.09488823741044,2.9861385066514003,-759.4516262342427
2668019.0,3.0688,-1.0688,9.2897,-0.0146,0.0018,9.8066,0.008,0.0628,-0.0286,130.47,-81.89,50.49,52.758984,-1.678478,5.63,4,345.52,19 / 21,1.82020788132085,54.80421548367026,-3.581507049995933,-293.52799801177025,1848.4006833252354,-60.26588847891404,False,85.89899999999989,-1.2363106958910917,4.7629936339405115,-290.8583055843234,1083.9345942368439,4.920830555555111,345.4490900000018,-3.056518577211942,-50.04122184972975,2.6696924274468756,-764.4660890883915
2668120.0,2.6307,0.1215,8.9916,-0.0221,0.0023,9.8066,-0.0153,-0.0193,-0.0267,130.6,-81.69,49.74,52.758984,-1.678478,5.63,4,345.52,19 / 21,1.7377627366347455,54.72430559069503,-3.648773049996008,-293.3483204955633,1853.931873639497,-60.63101762396404,False,86.0,-1.3371928395492347,5.069669305635253,-291.00092868318876,1084.4507610859514,5.243055555555555,345.224,-3.07495557618398,-49.65463628505978,2.3473918123745534,-769.4811125535457
2668220.0,2.141,-2.281,9.9149,-0.0568,-0.0007,9.8064,-0.0863,-0.1208,0.0682,130.6,-81.69,49.74,52.758984,-1.678478,5.63,4,345.52,19 / 21,1.640239175667424,54.720012947321095,-3.6841130499959758,-293.17942039994836,1859.404089566393,-60.9976619289633,False,86.09999999999991,-1.476402017293226,5.254579672141111,-291.1557343119884,1084.9844967351144,5.458055555556962,344.3060000000138,-3.1166411929606497,-49.46543327517998,2.023686087959959,-774.4195928312786
2668320.0,3.6936,-0.0951,9.7925,-0.0383,0.0111,9.8065,0.06,-0.2085,0.0276,126.03,-81.44,48.27,52.758984,-1.678478,5.63,4,345.52,19 / 21,1.5067582949733755,54.67838598469705,-3.6794080499959585,-293.02207052641575,1864.8740095130138,-61.36583798396424,False,86.20000000000027,-1.409392275988338,5.3795511153447375,-291.29707858170764,1085.5182323828658,5.561111111120024,345.318999999975,-2.9161505709617135,-49.29883486935231,1.7249919447081083,-779.355777130148
2668420.0,2.7488,1.0517,9.8113,0.0145,0.0053,9.8066,0.0912,0.1085,-0.0997,129.44,-81.17,48.34,52.758984,-1.678478,5.63,4,345.52,19 / 21,1.481743832610422,54.50567237051565,-3.679883049995958,-292.8726454200367,1870.3332124307694,-61.7338025389635,False,86.30000000000018,-1.5576286516520947,5.629597853826572,-291.45861488996985,1086.0853265078497,5.84111111110347,344.5340000000214,-3.0393724842625165,-48.87607451668907,1.4140305300668388,-784.2478859229197
2668520.0,2.5642,0.491,9.1002,0.0491,0.0106,9.8064,-0.0154,-0.0072,0.0169,127.86,-81.35,49.87,52.758984,-1.678478,5.63,4,345.52,19 / 21,1.511741792648585,54.36110540963373,-3.714973049995926,-292.72297113877386,1875.776551319772,-62.10354534396276,False,86.40000000000009,-1.5254470447137107,5.882369003607234,-291.61342051874317,1086.6746596198475,6.076944444441227,345.4619999999873,-3.0371888373622955,-48.4787364060265,1.1095506200306886,-789.1018916999244
2668620.0,3.2302,-0.6851,9.7713,0.0838,-0.0311,9.8062,0.0735,-0.2396,0.1646,127.86,-81.35,49.87,52.758984,-1.678478,5.63,4,345.52,19 / 21,1.4607370514539617,54.25147228678054,-3.7520630499958925,-292.57434719656885,1881.2071802045878,-62.47689714896201,False,86.5,-1.5632922629279602,6.088621371205812,-291.7682261475029,1087.2862317166966,6.2861111111111105,345.6,-3.024029314381922,-48.16285091557473,0.8061210490659505,-793.9209484878911
2668720.0,2.7341,-2.0313,8.5352,0.0286,0.0246,9.8065,0.092,-0.1693,-0.0128,134.43,-81.85,50.97,52.758984,-1.678478,5.63,4,345.52,19 / 21,1.306841324891568,54.22354288896348,-3.817403049995833,-292.4359682777517,1886.63093096337,-62.85537045396125,False,86.59999999999991,-1.52863524696689,6.083954329618176,-291.92303177627633,1087.886684320414,6.273055555560576,345.89599999998745,-2.8354765718584583,-48.139588559345306,0.5129365014753944,-798.7442466429561
2668820.0,1.649,-3.321,9.6573,0.024,0.032,9.8065,-0.0192,0.0692,-0.0598,132.63,-81.82,52.6,52.758984,-1.678478,5.63,4,345.52,19 / 21,1.105575931212991,54.348114613526604,-3.8884430499960914,-292.3153474149461,1892.0595138385142,-63.240662758962245,False,86.70000000000027,-1.7216448660566739,6.414070138790693,-292.0980294435661,1088.5316148945433,6.641111111112791,344.97500000000275,-2.827220797269665,-47.93404447473591,0.2173179713799982,-803.527898943971
2668920.0,0.8983,2.8575,10.0855,-0.0684,-0.0296,9.8064,-0.1166,0.4558,-0.25,132.63,-81.82,52.6,52.758984,-1.678478,5.63,4,345.52,19 / 21,1.1456774888088634,54.371676750214114,-3.881968049996097,-292.2027847439451,1897.4955034066963,-63.6291833139615,False,86.80000000000018,-1.7257340114394482,6.467610886450417,-292.2730271108691,1089.1765454693304,6.693888888887449,345.0599999999977,-2.8714115002483114,-47.9040658637637,-0.07024236692404884,-808.3189579373659
2669021.0,0.3473,2.249,9.5319,-0.0887,-0.0658,9.806,-0.062,0.2227,-0.0855,130.23,-81.63,49.87,52.759033,-1.678499,7.17,4,346.73,20 / 24,1.4391407571501094,54.25940406927976,-3.881760999996097,-292.072251422524,1902.9813729880868,-64.02125163098654,False,86.9010000000003,-1.689746165863493,6.673145298382998,-292.44297676854904,1089.8618398025183,6.883761111106801,345.79013999999296,-3.128886923013602,-47.58625877089676,-0.3707253460250399,-813.1195331855686
2669120.0,1.8736,-2.9113,10.6195,-0.0151,-0.0332,9.8065,-0.0048,-0.2193,0.0997,127.36,-81.46,45.63,52.759033,-1.678499,7.17,4,346.73,20 / 24,1.477099465797164,54.29790656348741,-3.8551250499961762,-291.92789753148855,1908.3549598643929,-64.40422749046002,False,87.0,-1.7064634827061937,7.052597453348686,-292.609561086459,1090.5553625591094,7.256111111111111,346.398,-3.183562948503358,-47.24530911013872,-0.6816635549704415,-817.7995973052834
2669220.0,3.7225,-4.4879,9.3716,-0.0178,-0.0228,9.8066,0.0934,-0.367,0.0679,127.32,-81.46,44.49,52.759033,-1.678499,7.17,4,346.73,20 / 24,1.1466938560522402,54.41416688743546,-3.8362350499961932,-291.79670786539623,1913.790563536934,-64.78879549545928,False,87.09999999999991,-1.8366188227072888,7.185951307382442,-292.7980201127897,1091.3003685678957,7.416944444445714,345.6629999999976,-2.983312678759529,-47.22821558005302,-1.0013122473934573,-822.4901949690384
2669320.0,1.6567,-2.8693,9.1279,-0.0001,-0.0824,9.8062,-0.0094,0.055,0.0708,127.32,-81.46,44.49,52.759033,-1.678499,7.17,4,346.73,20 / 24,0.8244836888701209,54.537704781671344,-3.8919250499963955,-291.69814898814974,1919.2381571204091,-65.17520350046031,False,87.20000000000027,-1.8821303631442565,7.270329105078687,-292.98647913910753,1092.0120160987015,7.510000000001591,345.4860000000145,-2.7066140520143773,-47.26737567659266,-1.2883301509577905,-827.2261410217077
2669420.0,3.2526,1.8085,10.2279,0.0111,-0.0668,9.8063,-0.0815,0.3576,-0.27,127.7,-81.74,41.83,52.759033,-1.678499,7.17,4,346.73,20 / 24,0.7660392576088223,54.48880010119594,-3.9048000499963837,-291.6186228408259,1924.6894823645475,-65.5650397554596,False,87.30000000000018,-1.8364821825132491,7.3335484721443445,-293.16147680639716,1092.734783121877,7.559999999998636,345.9409999999876,-2.6025214401220715,-47.1552516290516,-1.5428539655712825,-831.9546992426706
2669520.0,2.3253,1.8685,10.2282,-0.0343,0.037,9.8065,-0.0567,0.4156,-0.263,118.91,-81.92,39.85,52.759033,-1.678499,7.17,4,346.73,20 / 24,0.8883991132860646,54.28099181495332,-3.862660049996422,-291.5359009222812,1930.1279719603501,-65.95341276045887,False,87.40000000000009,-1.71110028941944,7.6324930849275985,-293.3297437941855,1093.5020281155137,7.821944444440871,347.3639999999806,-2.5994994027055047,-46.64849873002572,-1.7938428719043031,-836.6259438448365
2669620.0,3.06,-3.0391,10.046,-0.0651,0.0032,9.8064,0.1177,-0.3379,0.0743,118.91,-81.92,39.85,52.759033,-1.678499,7.17,4,346.73,20 / 24,0.8222195086375459,54.20626822173506,-3.8296150499964523,-291.4503699911851,1935.5523349621797,-66.33802651545817,False,87.5,-1.6635774928871252,7.7106374816023,-293.49801078198703,1094.2803926022843,7.888055555555555,347.825,-2.485797001524671,-46.49563074013276,-2.0476407908019496,-841.2719423598953
2669720.0,2.9892,-0.7885,9.5051,0.0144,-0.0387,9.8065,0.0691,-0.4065,0.1669,119.56,-81.58,38.71,52.759033,-1.678499,7.17,4,346.73,20 / 24,0.6231858077835535,54.16727126762629,-3.8327250499964496,-291.3780997253641,1940.9710119366428,-66.72114352045746,False,87.59999999999991,-1.6395825452594066,7.681978526221418,-293.6595470902606,1095.0365181034974,7.855000000003016,347.95200000002745,-2.26276835304296,-46.48529274140487,-2.2814473648965077,-845.9344938331453
2669820.0,3.2402,0.6589,9.2075,-0.0408,0.0018,9.8065,-0.18,-0.1861,0.1561,116.57,-81.74,36.16,52.759033,-1.678499,7.17,4,346.73,20 / 24,0.5853792524477343,54.03140823032916,-3.8777600499966134,-291.31767147235234,1946.3809459115603,-67.10666777545852,False,87.70000000000027,-1.4072601809900838,7.952558673907607,-293.7941606805321,1095.8482410675483,8.07611111110684,349.9649999999984,-1.9926394334378181,-46.07884955642156,-2.476489208179771,-850.532704844012
2669920.0,2.8713,-0.4397,10.3966,-0.0376,-0.0265,9.8065,0.0346,-0.1006,-0.1779,116.89,-81.25,35.37,52.759033,-1.678499,7.17,4,346.73,20 / 24,0.5679372875940496,53.89065024833322,-3.878220049996613,-291.2600056453503,1951.7770488354886,-67.49446678045783,False,87.80000000000018,-1.3907057730573305,7.8192339146162615,-293.9355049502264,1096.6377250466874,7.941944444448105,349.9150000000014,-1.95864306065138,-46.07141633371696,-2.675499304876098,-855.1393237888012
2670020.0,2.8231,-1.3246,11.112,-0.0824,-0.0372,9.8061,0.0486,-0.1176,0.0279,116.89,-81.25,35.37,52.759113,-1.678523,8.99,6,352.0,19 / 20,0.4709673651002654,53.81328232055677,-3.783455049996699,-291.2080604127156,1957.1622454639282,-67.87755053545715,False,87.90000000000009,-1.3162095689778923,8.01655556018312,-294.0701185404705,1097.4605675045746,8.123888888886407,350.6759999999896,-1.7871769340781576,-45.79672676037365,-2.862058127754892,-859.7016779593537
2670120.0,0.8628,0.0072,9.2359,-0.0114,0.0122,9.8065,-0.0481,-0.1218,-0.0018,115.71,-80.82,32.49,52.759113,-1.678523,8.99,6,352.0,19 / 20,0.4387273529628912,53.81611100189984,-3.746725049996732,-291.1625756768125,1962.5437151300462,-68.25405954045648,False,88.0,-1.0867681088017391,8.385985344677648,-294.1778094126579,1098.3167684397392,8.456111111111111,352.616,-1.5254954617646304,-45.43012565722219,-3.0152337358454133,-864.2269466903069
2670220.0,-0.3555,-3.6217,9.5557,0.0341,-0.0556,9.8064,-0.0049,0.0332,0.1838,115.23,-80.93,32.72,52.759113,-1.678523,8.99,6,352.0,19 / 20,0.37116147374949604,54.00971696127106,-3.7878100499966947,-291.1220812354769,1967.9350065282,-68.6307862954558,False,88.09999999999991,-1.2310554313016802,8.261842387710894,-294.30569232337416,1099.1507303893468,8.353055555562541,351.525000000016,-1.602216905051176,-45.74787457356017,-3.1836110878972477,-868.7842761388531
2670320.0,4.5271,-4.3596,8.7736,0.095,-0.0554,9.806,0.0232,0.218,-0.3293,115.23,-80.93,32.72,52.759113,-1.678523,8.99,6,352.0,19 / 20,0.02773222571445677,54.13094973074348,-3.8520100499969283,-291.10213655050364,1973.3420398628202,-69.01277730045688,False,88.20000000000027,-1.1261208159318818,8.793183547949356,-294.4268445545906,1100.0625287880573,8.86500000000016,352.7019999999736,-1.1538530416463386,-45.33776618279413,-3.324708004086972,-873.2795110747629
2670420.0,2.3179,-2.9194,8.7953,0.0283,-0.0328,9.8065,0.064,0.2211,-0.0172,114.58,-81.57,32.34,52.759113,-1.678523,8.99,6,352.0,19 / 20,-0.3412103991650445,54.11484000733834,-3.9542300499968355,-291.11781045917616,1978.7543293497195,-69.4030893054562,False,88.30000000000018,-1.2537787212283693,8.780941801321317,-294.56145814481135,1100.929849215585,8.869999999999862,351.8740000000226,-0.9125683220633248,-45.33389820601702,-3.4436476856351987,-877.8244801341345
2670520.0,0.8106,2.7431,7.9114,-0.0562,0.009,9.8064,0.1184,-0.4972,0.34,112.96,-81.55,30.42,52.759113,-1.678523,8.99,6,352.0,19 / 20,-0.3088146699610801,54.12180940250209,-4.099560049996703,-291.15031171263246,1984.1661618202065,-69.80577881045552,False,88.40000000000009,-1.0611861304049315,8.72067136157854,-294.6624183374852,1101.7860501507503,8.78500000000116,353.06199999998375,-0.7523714604438514,-45.40113804092355,-3.51210662485272,-882.3801116694563
2670620.0,1.9293,2.3191,9.6247,-0.0718,0.0112,9.8064,-0.0873,0.1275,-0.1984,112.69,-81.14,29.75,52.759113,-1.678523,8.99,6,352.0,19 / 20,-0.028052505136801242,54.04141635686995,-4.203420049996608,-291.16715507138736,1989.5743231081701,-70.22092781545481,False,88.5,-1.0700113657421155,8.9059516996884,-294.77010920967217,1102.6867290563246,8.97,353.149,-1.0419588606053143,-45.13546465718155,-3.602954138284815,-886.8875940518456
2670720.0,0.8507,1.3956,10.6062,-0.013,-0.0102,9.8066,0.0177,0.3383,-0.189,112.69,-81.14,29.75,52.759113,-1.678523,8.99,6,352.0,19 / 20,0.1898627968241476,53.985921514099864,-4.172540049996636,-291.159064556803,1994.9756900017137,-70.63972582045409,False,88.59999999999991,-0.9475482423775706,8.961153708381516,-294.85760804333023,1103.5874079619002,9.011111111115692,353.9640000000066,-1.1374110392017183,-45.02476780571835,-3.698543486527228,-891.3882820398135
2670820.0,1.617,-0.8245,10.5187,-0.0549,-0.0038,9.8064,-0.1264,-0.0833,0.0798,109.17,-81.09,29.21,52.759113,-1.678523,8.99,6,352.0,19 / 20,0.26799322640895207,54.00426424472087,-4.096960049996361,-291.13617175564127,2000.3751992896744,-71.05320082545525,False,88.70000000000027,-0.9044708870080493,9.30308028891646,-294.95856823599,1104.543684331021,9.346944444441261,354.4469999999821,-1.1724641134170013,-44.70118395580441,-3.8223964803487434,-895.8315149586533
2670920.0,2.3059,-1.3293,9.3002,-0.0585,-0.0079,9.8064,-0.0122,-0.0694,0.0676,112.5,-80.78,28.24,52.759113,-1.678523,8.99,6,352.0,19 / 20,0.1923850855590626,54.00784934568583,-4.08668004999637,-291.1131528400429,2005.7758049691897,-71.46238283045452,False,88.80000000000018,-0.9847041245537065,9.194364542793545,-295.0527977491552,1105.4554827296627,9.246944444447173,353.88700000001523,-1.177089210112769,-44.81348480289228,-3.939644909112303,-900.3203222395271
2671020.0,2.5155,-1.3643,9.6625,0.0107,-0.0323,9.8065,0.0317,0.0549,0.0283,112.5,-80.78,28.24,52.759193,-1.678539,10.18,6,353.44,18 / 21,0.07539785852723754,53.98139456932544,-4.11921004999634,-291.0997636928386,2011.1752671649353,-71.87267733545377,False,88.90000000000009,-1.0977856131041515,9.774658487007454,-295.1941420188986,1106.500715040304,9.836111111103072,353.592000000004,-1.173183471631389,-44.20673608231799,-4.094378326059996,-904.6745521246314
2671120.0,1.8785,-0.9262,9.4326,0.0124,0.0093,9.8066,-0.0148,0.1884,-0.147,110.96,-80.91,27.28,52.759193,-1.678539,10.18,6,353.44,18 / 21,-0.014869134432576883,53.966192740703875,-4.145120049996317,-291.0967372566339,2016.572646530432,-72.28589384045303,False,89.0,-0.876751049976044,10.162249140636431,-295.2883715320714,1107.5459473509488,10.2,355.069,-0.8618819155434672,-43.80394360006744,-4.19163427543748,-909.0266991794831
2671219.0,1.2875,0.8341,9.6873,0.0203,0.0188,9.8065,-0.004,0.151,0.0405,108.06,-81.04,27.86,52.759193,-1.678539,10.18,6,353.44,18 / 21,0.019611709587865157,53.97055235324513,-4.169543349996356,-291.0965024991637,2021.915515412591,-72.69746967875334,False,89.09900000000016,-1.11804970801936,10.287900283432071,-295.42163898638665,1108.5917356359914,10.348500000002401,353.7978399999795,-1.1376614176072253,-43.68265206981306,-4.325136487222949,-913.3237797765996
2671319.0,2.5223,-2.746,9.3447,-0.0115,-0.0011,9.8066,-0.0829,-0.0839,0.1977,109.61,-81.14,29.82,52.759193,-1.678539,10.18,6,353.44,18 / 21,-0.04212672390369426,53.974487769377035,-4.19860834999633,-291.0976282498795,2027.3127674187172,-73.1158772637526,False,89.19900000000007,-1.2423639815143688,10.179307429953356,-295.5495892039111,1109.6040542476553,10.25484999999715,353.04150999997773,-1.2002372576106746,-43.79518033942368,-4.45196095403162,-917.7087131710618
2671419.0,4.8062,-1.6929,9.1165,-0.015,-0.0108,9.8066,0.1378,-0.0149,0.0455,109.61,-81.14,29.82,52.759193,-1.678539,10.18,6,353.44,18 / 21,-0.2819060247300006,53.85337156114702,-4.256213349996277,-291.11382988731117,2032.7041603852385,-73.53861834875184,False,89.29899999999998,-1.469787376192798,10.38411774445739,-295.7107889782123,1110.6709695684408,10.487638888882103,351.9440100000317,-1.1878813514627975,-43.46925381668963,-4.596959090901123,-922.0331908167977
2671520.0,3.3067,-1.6328,10.7121,-0.0154,-0.0354,9.8065,-0.0742,0.0558,-0.0778,109.32,-81.06,29.31,52.759193,-1.678539,10.18,6,353.44,18 / 21,-0.48414670390444803,53.67442208822053,-4.245340699996265,-291.15251555010724,2038.1343139645376,-73.96794682827694,False,89.40000000000009,-0.9384194968694792,10.708962080790771,-295.7864418159004,1111.7713545631589,10.749999999996453,354.9919999999583,-0.4542727929650312,-42.96546000742976,-4.63392626579315,-926.3629594013787
2671620.0,3.1338,0.293,10.3058,0.0196,-0.0647,9.8064,-0.0741,0.1386,0.2555,107.25,-81.09,26.49,52.759193,-1.678539,10.18,6,353.44,18 / 21,-0.5595902683619548,53.54305785941909,-4.175110699996329,-291.2047023987205,2043.4951879619148,-74.38896939827619,False,89.5,-1.1182072404454033,10.427157635150612,-295.9210554061569,1112.8054673820861,10.486944444444445,353.879,-0.5586169720834485,-43.11590022426848,-4.716353007436396,-930.6897205798286
2671720.0,2.4932,1.6959,10.7872,0.038,-0.088,9.8062,-0.1545,-0.0652,0.3308,107.25,-81.09,26.49,52.759193,-1.678539,10.18,6,353.44,18 / 21,-0.4620167207893579,53.398113542521386,-4.101125699996396,-291.255782748178,2048.842246532007,-74.80278121827544,False,89.59999999999991,-0.7947817411915908,10.474891263582228,-295.98836220127214,1113.850699692024,10.505000000000138,355.6610000000052,-0.33276502040223294,-42.92322227893916,-4.732579453094161,-934.9915468399829
2671820.0,1.4406,-0.6253,11.1786,-0.0285,-0.0607,9.8064,-0.1779,-0.0893,0.0315,103.99,-81.44,23.63,52.759193,-1.678539,10.18,6,353.44,18 / 21,-0.3841469346741659,53.34714283395418,-3.9835006999959677,-291.29809093095133,2054.17950935085,-75.20701253827653,False,89.70000000000027,-0.7259830870651914,10.489908176787068,-296.05566899637546,1114.8959320012605,10.515000000006145,356.0409999999832,-0.34183615239102555,-42.85723465716711,-4.757578065424127,-939.2835773495895
2671921.0,1.6289,-1.8273,11.1674,-0.0443,-0.005,9.8065,0.1171,0.122,-0.0703,98.15,-81.22,20.16,52.759193,-1.678539,10.18,6,353.44,18 / 21,-0.4657469152567895,53.37885315413757,-3.8454993499964347,-291.3410105703727,2059.5691721482303,-75.60237704079981,False,89.80099999999993,-0.8438963127234843,10.675185798604765,-296.15864839289145,1115.9963169958962,10.708674999998163,355.4802200001002,-0.3781493974666948,-42.70366735553281,-4.817637822518748,-943.5728551523341
2672019.0,3.2204,-1.6068,10.2962,-0.0663,-0.0444,9.8063,-0.2261,0.1014,0.0325,98.15,-81.22,20.16,52.759277,-1.678569,11.21,4,353.01,19 / 21,-0.6065036818750803,53.329112190660595,-3.754834649996475,-291.39355084963216,2064.797862450123,-75.9747934067993,False,89.89899999999989,-1.467214313094114,10.66878026184654,-296.3565303705566,1117.042438865483,10.769380555554575,352.1697800000535,-0.8607106312190337,-42.66033192881405,-4.962979520924421,-947.7554235846399
2672120.0,2.2132,0.5434,9.0044,-0.0002,-0.0513,9.8065,0.117,-0.024,0.0252,100.07,-80.87,18.2,52.759277,-1.678569,11.21,4,353.01,19 / 21,-0.6383115814368626,53.23027825001579,-3.7706259999964926,-291.45641402042946,2070.179111667383,-76.35482916962437,False,90.0,-1.7475948653604214,10.86929375601134,-296.5537392802424,1118.1650628457603,11.008888888888889,350.866,-1.109283283923559,-42.360984494004455,-5.097325259812919,-952.0140488216227
2672220.0,2.4726,0.473,9.395,0.005,-0.0078,9.8066,-0.157,-0.0107,0.1379,97.15,-81.01,15.92,52.759277,-1.678569,11.21,4,353.01,19 / 21,-0.5608144859752671,53.15533218079531,-3.8313209999964375,-291.5163703238,2075.498392188919,-76.73492651962367,False,90.09999999999991,-1.163561874042213,10.976556573573028,-296.64796879340247,1119.265892619241,11.038055555557643,353.94899999996665,-0.6027473880669458,-42.178775607222285,-5.131598469602466,-956.2324995696779
2672321.0,1.899,-0.5079,9.5019,0.0066,-0.0259,9.8066,0.0486,0.0696,-0.1694,97.09,-81.07,14.98,52.759277,-1.678569,11.21,4,353.01,19 / 21,-0.531627464544357,53.10410626401088,-3.867499199996478,-291.57153864230133,2080.8644938303873,-77.12371693972375,False,90.20100000000002,-1.6523232067982356,11.072877844133103,-296.8447065555343,1120.400970430358,11.195500000012613,351.51240000002986,-1.1206957422538786,-42.03122841987778,-5.273167913232953,-960.4635234000293
2672420.0,2.6489,-1.7233,9.9601,0.0742,0.0236,9.8063,0.0693,0.082,-0.0581,97.09,-81.07,14.98,52.759277,-1.678569,11.21,4,353.01,19 / 21,-0.6119369085141769,53.05869170896015,-3.8749885499964902,-291.62814507876783,2086.119552330058,-77.50697008334902,False,90.30000000000018,-1.5095669077351201,11.531613406232076,-296.9979641280089,1121.5898665856337,11.629999999988026,352.5419999999716,-0.8976299992209432,-41.52707830272807,-5.369819049241073,-964.5296857444243
2672520.0,2.2302,-1.357,10.716,0.0365,-0.0169,9.8065,0.153,-0.2973,0.0251,97.52,-81.48,16.27,52.759277,-1.678569,11.21,4,353.01,19 / 21,-0.7373750910775915,53.00201800113533,-3.8218485499965387,-291.69561067874736,2091.422587815558,-77.89181193834833,False,90.40000000000009,-1.6861346363287353,11.674981256250383,-297.18642315433874,1122.779652301349,11.796111111108845,351.7820000000103,-0.9487595452511438,-41.32703674488495,-5.490812475591383,-968.6429355142091
2672620.0,2.8114,0.1832,9.6442,0.0161,-0.0025,9.8066,0.0556,-0.0554,0.1135,97.33,-81.57,16.25,52.759277,-1.678569,11.21,4,353.01,19 / 21,-0.7694615655045061,52.92542997823746,-3.7845035499965727,-291.7709525115764,2096.7189602145218,-78.27212954334763,False,90.5,-1.3783409717304829,11.067557291062815,-297.28738334699943,1123.791526134012,11.153055555555556,352.901,-0.6088794062259768,-41.85787268717465,-5.516430835423023,-972.9274340805098
2672720.0,1.7185,0.0704,9.7765,0.0592,0.0219,9.8064,-0.0042,0.0731,-0.089,97.33,-81.57,16.25,52.759277,-1.678569,11.21,4,353.01,19 / 21,-0.72743414891644,52.864938504707524,-3.794133549996564,-291.8457972972974,2102.008478638664,-78.65106139834694,False,90.59999999999991,-1.0042638082912285,11.623641721639363,-297.3816128601714,1124.9813118497261,11.666944444441265,355.0620000000014,-0.27682965937478854,-41.241296783068165,-5.5358155628740064,-977.0271667889381
2672820.0,1.4497,-0.7046,10.6705,-0.0003,0.0079,9.8066,-0.0402,0.1362,-0.1118,101.29,-81.9,17.47,52.759277,-1.678569,11.21,4,353.01,19 / 21,-0.7196420100381863,52.87863910143161,-3.752448549996412,-291.9181511052454,2107.2956575189905,-79.02839050334796,False,90.70000000000027,-0.9637230535864276,11.393202052075178,-297.4691116938168,1126.1155001004884,11.433888888887457,355.16499999999604,-0.24408104354824134,-41.485437049356435,-5.5509605885713995,-981.1801574185022
2672920.0,1.7985,-0.9581,10.2889,-0.0019,-0.0102,9.8065,0.0472,-0.1233,0.0649,97.56,-81.93,17.3,52.759277,-1.678569,11.21,4,353.01,19 / 21,-0.7633654850287885,52.89505306739842,-3.6851435499964733,-291.9923014799987,2112.584342127427,-79.40027010834727,False,90.80000000000018,-0.9846861403057747,11.346240933832423,-297.5700718864823,1127.2385688594459,11.388888888890117,355.04000000000343,-0.2213206552769862,-41.548812133566,-5.577770406483637,-985.3457732679813
2673020.0,1.8448,-1.2671,9.8469,-0.0123,-0.0274,9.8066,-0.0213,-0.1031,-0.008,96.61,-81.88,16.11,52.75937,-1.678587,11.7,6,354.18,18 / 20,-0.8385998456818938,52.89389089609234,-3.659018549996497,-292.07239974653413,2117.873789325597,-79.76747821334659,False,90.90000000000009,-1.2820516660908097,11.729029053493157,-297.73160819476794,1128.461713052435,11.798888888883297,353.7620000000174,-0.44345182040891584,-41.16486184259918,-5.659208448233812,-989.412076273162
2673120.0,-0.634,-0.0538,9.6716,0.0142,0.0026,9.8066,0.0017,0.1174,0.0218,96.61,-81.88,16.11,52.75937,-1.678587,11.7,6,354.18,18 / 20,-0.8549141324895556,53.00784623868246,-3.6637585499964924,-292.1570754454426,2123.168876182331,-80.13361706834591,False,91.0,-1.72894934907206,11.841389001496534,-297.9335285800998,1129.6737377530014,11.966944444444445,351.69300000000004,-0.8740352165825044,-41.166457237185924,-5.776453134657174,-993.4951384293297
2673220.0,2.8925,0.2861,9.3632,-0.0026,-0.0077,9.8065,-0.0939,0.0564,-0.1064,96.89,-82.09,16.38,52.75937,-1.678587,11.7,6,354.18,18 / 20,-0.8004183269608043,53.06070050262086,-3.692683549996466,-292.23984206841504,2128.4723035193915,-80.50143917334523,False,91.09999999999991,-2.124958362452954,11.425181635960305,-298.15564100398814,1130.807926005174,11.621111111113402,349.46399999999875,-1.32454003549215,-41.635518866660554,-5.915798935573093,-997.6643775142174
2673320.0,1.1425,-2.5447,10.757,0.0253,-0.0087,9.8065,0.0107,-0.0002,-0.0446,99.55,-82.03,16.28,52.75937,-1.678587,11.7,6,354.18,18 / 20,-0.8776159535579288,53.04497948541325,-3.6673385499963738,-292.3237437824413,2133.7775875188127,-80.86944027834622,False,91.20000000000027,-2.1742446003003977,11.586654463315037,-298.3777534278931,1131.997711719475,11.788888888873423,349.3719999999135,-1.296628646742469,-41.458325022098215,-6.054009645451799,-1001.7798757993376
2673420.0,1.4737,-1.4199,10.1264,0.0785,-0.0112,9.8063,0.1022,-0.1311,0.0045,99.55,-82.03,16.28,52.75937,-1.678587,11.7,6,354.18,18 / 20,-1.030075424850604,53.11225604055698,-3.6038335499964314,-292.4191283513616,2139.085449295106,-81.23299888334553,False,91.30000000000018,-2.6090954025974553,10.997803693120352,-298.6671726468623,1133.031824537619,11.303055555568811,346.6540000000742,-1.5790199777468512,-42.114452347436625,-6.2480442955006765,-1006.0536247574871
2673520.0,0.4503,-0.0816,9.4815,0.0502,-0.0118,9.8064,0.0618,-0.3253,0.2115,98.35,-82.84,16.71,52.75937,-1.678587,11.7,6,354.18,18 / 20,-1.0566100272444168,53.19373258489181,-3.604103549996431,-292.5234626239663,2144.400748726374,-81.59339573834484,False,91.40000000000009,-2.527930252879776,11.312092000448336,-298.9162077888086,1134.2104907594896,11.591111111107182,347.4029999999898,-1.471320225635359,-41.881640584443474,-6.392745164842324,-1010.1902579668842
2673620.0,0.2486,2.4886,9.3484,-0.0029,0.0376,9.8065,0.1556,-0.2147,0.0859,94.99,-83.27,17.21,52.75937,-1.678587,11.7,6,354.18,18 / 20,-0.8846286432674468,53.315202602344264,-3.6432735499963953,-292.62052455749176,2149.726195485731,-81.95576459334416,False,91.5,-1.84089293558846,11.596739737362403,-299.03062934049836,1135.389156982779,11.741944444444444,350.98,-0.9562642923210132,-41.71846286498186,-6.410104783006602,-1014.3370385029518
2673720.0,2.4974,-3.9355,9.9521,0.0168,0.0571,9.8064,-0.1393,0.8272,-0.2733,97.73,-83.33,20.15,52.75937,-1.678587,11.7,6,354.18,18 / 20,-0.9180163398912521,53.36141516923624,-3.658913549996381,-292.71065680664964,2155.060026374305,-82.32087394834346,False,91.59999999999991,-1.3680755077402158,12.901556584627249,-299.13158953318447,1136.8791689996422,12.973888888888276,353.9470000000186,-0.4500591678489637,-40.45985858460899,-6.420932726534829,-1018.1808573746628
2673820.0,3.9106,-6.8297,9.6776,0.015,-0.0303,9.8066,-0.1488,0.9521,-0.4997,97.73,-83.33,20.15,52.75937,-1.678587,11.7,6,354.18,18 / 20,-1.4349765084357122,53.28168429807974,-3.658093549996378,-292.8283064490664,2160.39218134769,-82.68672430334443,False,91.70000000000027,-1.056675135782395,12.885635628826803,-299.21908836683065,1138.1690301486108,12.928888888898058,355.3119999999887,0.3783013726533173,-40.396048669252934,-6.3907819177642295,-1022.2231511990792
2673920.0,-1.1289,-0.3478,10.3186,-0.0376,0.0085,9.8065,-0.0494,0.4848,-0.2026,94.22,-83.74,14.05,52.75937,-1.678587,11.7,6,354.18,18 / 20,-1.7584610927879971,53.35845953102409,-3.638948549996395,-292.98797832912743,2165.7241885391404,-83.05157640834373,False,91.80000000000018,-1.1613541713110909,13.165822303832803,-299.346971277551,1139.5256082534409,13.216944444436585,354.9590000000096,0.5971069214769062,-40.192637227191284,-6.358992948423577,-1026.1985802856996
2674020.0,0.9218,0.2372,10.4334,-0.0696,0.1248,9.8056,-0.181,0.087,0.0398,96.69,-83.24,19.99,52.75948,-1.678605,12.33,6,355.15,19 / 21,-1.7123596996049586,53.536425069506485,-3.582013549996447,-293.1615193687469,2171.068932769162,-83.41262451334305,False,91.90000000000009,-0.8888368039146652,12.96456687036187,-299.4210087521686,1140.8043499099776,12.995000000003028,356.07799999998474,0.8235228956902934,-40.571858199144614,-6.2594893834216805,-1030.2645828591844
2674120.0,0.2871,2.2528,8.1346,0.0712,0.0846,9.806,-0.028,0.0165,0.0138,96.69,-83.24,19.99,52.75948,-1.678605,12.33,6,355.15,19 / 21,-1.5392562130551128,53.628299437189305,-3.634278549996399,-293.32410016437973,2176.427168994492,-83.77343911834237,False,92.0,-0.9990803396010016,12.963502528693489,-299.5219689448411,1142.0942110596454,13.001944444444444,355.593,0.5401758734541112,-40.664796908495816,-6.197868780461363,-1034.3329579348467
2674220.0,3.3679,-8.3114,10.8617,-0.0123,0.0057,9.8066,-0.1237,0.3315,-0.1978,104.45,-83.57,24.82,52.75948,-1.678605,12.33,6,355.15,19 / 21,-1.8060307168073977,53.70338704526292,-3.665128549996371,-293.4913645108727,2181.79375331861,-84.13840947334167,False,92.09999999999991,-1.3367596678143088,12.882776815671754,-299.6700438940722,1143.372952714765,12.951944444441853,354.0760000000308,0.4692710489930889,-40.82061022959117,-6.178679383199494,-1038.420800603845
2674320.0,-0.2441,0.9497,7.7925,-0.075,0.026,9.8062,-0.0691,0.5384,-0.352,105.28,-83.11,25.13,52.75948,-1.678605,12.33,6,355.15,19 / 21,-2.1218720908384667,53.79996136812875,-3.7130835499965453,-293.6877596512557,2187.168920739299,-84.50732007834266,False,92.20000000000027,-0.8171116909074575,12.735758889356935,-299.73735068922934,1144.629455387163,12.761944444450972,356.3289999999732,1.3047603999310091,-41.06420247877181,-6.0495910379736415,-1042.5394653521362
2674420.0,-1.2808,4.1513,7.9252,-0.105,0.1045,9.8055,-0.2391,0.581,-0.3315,106.64,-82.35,28.34,52.75948,-1.678605,12.33,6,355.15,19 / 21,-1.7730820771867506,53.956268539659106,-3.9078635499963683,-293.8825073596568,2192.5567322346837,-84.88836743334195,False,92.30000000000018,-1.020533360110488,12.926722704771857,-299.85177224092234,1145.9304360284546,12.96694444443885,355.486000000023,0.7525487170762626,-41.02954583488725,-5.969264881265531,-1046.6262962062292
2674520.0,-0.4995,1.7489,9.398,-0.0149,0.0825,9.8063,0.0831,-0.3567,0.1234,106.64,-82.35,28.34,52.75948,-1.678605,12.33,6,355.15,19 / 21,-1.3805389005005533,54.11122494859944,-4.022368549996264,-294.04018840854104,2197.960106909092,-85.28487903834123,False,92.40000000000009,-0.8806086429037395,12.860998176544541,-299.93927107456756,1147.1869387001393,12.891111111112146,356.0829999999919,0.49993025759681375,-41.2502267720549,-5.899082666026516,-1050.7731682089525
2674620.0,2.1497,-4.116,9.0598,0.0003,-0.0041,9.8066,-0.0206,-0.4367,0.3213,109.74,-82.11,31.53,52.75948,-1.678605,12.33,6,355.15,19 / 21,-1.431110002908107,54.23020690357882,-4.080143549996211,-294.18077085371135,2203.3771785016957,-85.69000464334049,False,92.5,-0.8315983071401116,12.670795521494972,-300.0133085491972,1148.421202385557,12.698055555555555,356.245,0.5995116957679953,-41.559411382083844,-5.832537695485826,-1054.9559761161386
2674720.0,1.9233,-2.3637,9.0571,-0.0736,-0.0535,9.8061,-0.0822,-0.0572,0.0441,107.72,-81.8,28.44,52.75948,-1.678605,12.33,6,355.15,19 / 21,-1.7130177777934836,54.29386015269829,-4.154963549996142,-294.33797724274626,2208.8033818545046,-86.10175999833973,False,92.59999999999991,-0.9229349191084417,12.695385125344167,-300.11426874186975,1149.6665855641081,12.728888888890499,355.84200000001,0.7900828586850419,-41.59847502735412,-5.776291499123488,-1059.1367962903964
2674820.0,-0.2276,0.3453,9.5799,-0.0985,0.0137,9.806,-0.1237,0.0931,-0.0755,107.72,-81.8,28.44,52.75948,-1.678605,12.33,6,355.15,19 / 21,-1.7476676056417777,54.396343562882905,-4.20377854999632,-294.51101151191864,2214.2378920403034,-86.51969710334087,False,92.70000000000027,-0.7672774630044847,12.824011340197318,-300.1883062165008,1150.9564467130747,12.846944444448486,356.5759999999664,0.980390142637293,-41.57233222268559,-5.6772947045821525,-1063.2814453272288
2674920.0,2.2259,1.2877,9.2114,-0.0488,-0.0512,9.8064,-0.1259,-0.029,0.1486,108.17,-81.23,27.8,52.75948,-1.678605,12.33,6,355.15,19 / 21,-1.6134042206499752,54.428289898356255,-4.244878549996283,-294.6790651032331,2219.6791237133602,-86.94212995834012,False,92.80000000000018,-1.0131790020163147,12.934266937519745,-300.3027277681804,1152.2574273550736,12.973888888885426,355.5210000000288,0.6002252186336605,-41.49402296083651,-5.62366266494729,-1067.4216963582867
2675020.0,0.9224,-3.0821,12.0884,0.0651,-0.0236,9.8064,-0.1344,0.5314,-0.1541,104.69,-81.06,23.1,52.75959,-1.678624,12.76,6,353.99,19 / 20,-1.6639058061951375,54.451318291344776,-4.16055354999636,-294.8429306045752,2225.1231041228402,-87.36240156333936,False,92.90000000000009,-0.9761681960357311,12.94936977011497,-300.4036879608537,1153.5695274881775,12.986111111110944,355.68899999999775,0.6877376101594064,-41.50194852122981,-5.560757356278486,-1071.5535766346627
2675120.0,2.7526,5.058,11.4681,0.156,-0.0215,9.8054,0.2018,0.4785,-0.3352,106.29,-81.97,23.88,52.75959,-1.678624,12.76,6,353.99,19 / 20,-1.53924832364648,54.398537213129984,-3.963393549996539,-295.00308831106713,2230.565596898059,-87.76859891833864,False,93.0,-1.178521051923641,13.140312135643812,-300.5383015511105,1154.903866608255,13.193055555555555,354.875,0.3607272717228389,-41.25822507748617,-5.53521324004339,-1075.6617302898042
2675220.0,0.5237,2.1743,8.9343,0.0538,0.0752,9.8062,0.1959,-0.1097,0.1384,106.29,-81.97,23.88,52.75959,-1.678624,12.76,6,353.99,19 / 20,-1.1546465561575117,54.29452602417912,-3.9239385499965747,-295.1377830550572,2236.0002500599194,-88.16296552333793,False,93.09999999999991,-1.475397118143731,13.393984782119029,-300.70656853888414,1156.2938031925803,13.474999999994937,353.71400000001177,-0.32075056198621943,-40.90054124206009,-5.568785483826957,-1079.706446867339
2675320.0,0.9493,-4.1571,10.2308,-0.0164,0.0554,9.8064,0.1309,0.2505,-0.1895,109.15,-82.01,29.99,52.75959,-1.678624,12.76,6,353.99,19 / 20,-1.182303827878676,54.41472632693644,-3.946348549996656,-295.2546305742594,2241.435712677495,-88.55647987833902,False,93.20000000000027,-1.2386493569146662,13.045215666404733,-300.79406737253015,1157.505827893154,13.103888888890834,354.57599999999576,-0.056345529035990216,-41.3695106605317,-5.539436798270742,-1083.9298847843409
2675420.0,3.6026,-5.1277,9.5071,0.0222,-0.009,9.8065,0.0385,0.7147,-0.5046,112.12,-81.66,33.23,52.75959,-1.678624,12.76,6,353.99,19 / 20,-1.6046695315857402,54.51558562697676,-3.940118549996662,-295.3939792422325,2246.8822282751858,-88.95080323333832,False,93.30000000000018,-1.275074139730593,13.103106919282402,-300.91521960373683,1158.7845695481813,13.164999999998331,354.4420000000036,0.3295953918551473,-41.412478707694355,-5.52124036150434,-1088.0976587270045
2675521.0,2.2417,0.7462,9.4529,0.0421,-0.034,9.8064,-0.2033,0.5542,-0.1463,112.12,-81.66,33.23,52.75959,-1.678624,12.76,6,353.99,19 / 20,-1.8210630682615594,54.472325382734624,-3.973110199996699,-295.566978738525,2252.3861177811823,-89.35042128521343,False,93.4010000000003,-1.4762415962368096,13.044635915177082,-301.07190982275887,1160.0872181144096,13.127944444444571,353.5433800000168,0.3448214720247498,-41.42768946755754,-5.504931084233874,-1092.2988996667727
2675622.0,0.3053,7.5523,9.2998,0.028,-0.0092,9.8065,0.1445,0.0352,-0.0807,109.33,-82.14,31.58,52.75959,-1.678624,12.76,6,353.99,19 / 20,-1.377906169880853,54.36164689009514,-4.0165704999965515,-295.72852668505067,2257.8822333809417,-89.75390016056173,False,93.50199999999995,-1.8155492940400786,12.98628884535142,-301.2634649616644,1161.3767456781416,13.112883333333368,352.0404800000005,-0.43764312415922557,-41.37535804474372,-5.53493827661373,-1096.5054877028
2675719.0,-2.1839,5.0415,9.7656,0.0176,0.0311,9.8066,0.0513,-0.3145,0.2725,108.58,-82.57,32.02,52.75959,-1.678624,12.76,6,353.99,19 / 20,-0.6838153771578233,54.39501144499242,-4.043143649996608,-295.82852018008225,2263.1569313102045,-90.14479629683723,False,93.59900000000016,-2.387353586266596,12.693210080354696,-301.50502904933904,1162.5200519147356,12.915919444441196,349.34775999995554,-1.703538209108773,-41.701801364637724,-5.676508869256793,-1100.636879395469
2675820.0,0.9148,-2.2756,9.2745,0.0352,0.0604,9.8063,-0.0624,0.3544,-0.0693,111.61,-82.65,35.15,52.75959,-1.678624,12.76,6,353.99,19 / 20,-0.4367672658970805,54.56801749932806,-4.0720902499966405,-295.8851096035566,2268.659564271899,-90.55461560878734,False,93.70000000000027,-2.633977225617477,12.685542128691463,-301.7767465812168,1163.799460741087,12.95611111112839,348.2700000001271,-2.1972099597203965,-41.8824753706366,-5.891636977660198,-1104.860103530812
2675920.0,4.2847,-2.1182,8.7387,0.0563,-0.0335,9.8064,-0.0255,0.7434,-0.306,111.61,-82.65,35.15,52.75959,-1.678624,12.76,6,353.99,19 / 20,-0.6393267609199355,54.55348062796896,-4.1520952499965675,-295.9389143048974,2274.115639178259,-90.96582488378662,False,93.80000000000018,-1.8175363077100233,13.37596960987504,-301.9382828895058,1165.2338752943056,13.498888888874077,352.26199999989103,-1.1782095467900877,-41.17751101809392,-5.999368584608362,-1108.8817638839532
2676020.0,3.436,-0.3245,9.187,0.0635,-0.0156,9.8064,0.1227,0.3837,-0.1766,109.21,-83.5,34.24,52.759712,-1.678655,13.08,6,349.52,20 / 22,-0.7942123598506569,54.38464557524653,-4.236475249996491,-296.0105912609359,2279.562545488415,-91.3852534087859,False,93.90000000000009,-1.428782137129366,13.95705848681641,-302.0728964797237,1166.6905288331868,14.029999999992755,354.15499999997417,-0.6345697772787092,-40.42758708843012,-6.062305218787799,-1112.872016655228
2676120.0,-1.2745,3.2698,10.3869,0.1306,-0.0125,9.8057,0.0866,-0.2965,0.2301,109.5,-84.24,36.05,52.759712,-1.678655,13.08,6,349.52,20 / 22,-0.5990733794560184,54.38322200139673,-4.238445249996489,-296.0802555479012,2285.000938867242,-91.80899943378516,False,94.0,-1.556203344878856,13.959637119032388,-302.2613555060537,1168.1805408500522,14.046111111111111,353.639,-0.9571299654228376,-40.423584882364345,-6.181099958152515,-1116.8203980171897
2676220.0,-0.8221,0.5111,10.924,0.0735,0.0399,9.8062,0.0434,-0.0653,0.1602,109.5,-84.24,36.05,52.759712,-1.678655,13.08,6,349.52,20 / 22,-0.29389533422862923,54.56867890825614,-4.153565249996566,-296.12490398358534,2290.4485339127195,-92.22859995878443,False,94.09999999999991,-2.156507375850792,14.591503553014336,-302.50365996847216,1169.7039113448998,14.749999999990981,351.59299999996716,-1.862612041622163,-39.977175355241805,-6.378755984886823,-1120.7446225678198
2676321.0,0.0604,-1.3812,11.2335,0.0461,0.0345,9.8064,0.1451,0.0893,-0.0522,115.54,-84.56,39.89,52.759712,-1.678655,13.08,6,349.52,20 / 22,-0.21935443498093618,54.77245232129471,-4.025083149996423,-296.1508230969305,2295.970261039818,-92.64162170298454,False,94.20100000000002,-2.6438455045816913,13.838724909233981,-302.8092328183215,1171.052372220666,14.089011111111462,349.18415000000334,-2.424491069600755,-40.933727412060726,-6.658409721391024,-1124.917888819152
2676420.0,0.624,-0.3465,10.1445,0.0562,0.046,9.8063,0.0892,0.2771,-0.1526,119.31,-84.72,44.07,52.759712,-1.678655,13.08,6,349.52,20 / 22,-0.2018351159215681,54.914896886877955,-3.9377304999962814,-296.1716719797002,2301.3997848256313,-93.03578097865982,False,94.30000000000018,-2.6185892348579656,13.855840825694331,-303.075767726946,1172.4504260333551,14.101111111110777,349.2979999999969,-2.4167541189363977,-41.059056061183625,-6.904095747245833,-1128.9493587922761
2676520.0,-1.0947,2.8521,8.5101,0.0269,-0.0071,9.8065,-0.0477,0.2257,-0.0582,118.31,-84.88,44.52,52.759712,-1.678655,13.08,6,349.52,20 / 22,0.0342830094194464,55.009617350161,-3.9856654999962378,-296.1800495850253,2306.896010537478,-93.43195077865909,False,94.40000000000009,-2.7465875948825866,13.847179389000551,-303.3651869459625,1173.840362616269,14.11694444444423,348.78100000000705,-2.780870604302033,-41.16243796116045,-7.185137360937176,-1133.0556479212091
2676619.0,-0.0523,1.3687,8.7365,-0.025,-0.0332,9.8065,0.0835,-0.2037,0.1488,118.31,-84.88,44.52,52.759712,-1.678655,13.08,6,349.52,20 / 22,0.3578437138178169,55.09307057270763,-4.102817149996427,-296.16063931222504,2312.3460935896687,-93.83233066983438,False,94.49900000000025,-3.032241785166104,13.574457196940989,-303.6850288363452,1175.1943832376535,13.909044444443946,347.4078699999967,-3.390085498983921,-41.51861337576664,-7.524389524120181,-1137.1517103520152
2676720.0,0.5226,-2.4005,9.0341,-0.0085,-0.0093,9.8066,-0.1179,-0.2334,0.3169,116.23,-84.84,41.85,52.759712,-1.678655,13.08,6,349.52,20 / 22,0.41202106702726693,55.229791764264014,-4.195873499996112,-296.1217611407925,2317.917398137667,-94.25141454765757,False,94.59999999999991,-3.0251034823355747,13.031543245866567,-303.9709481020004,1176.4423238997506,13.378055555563018,346.93099999998344,-3.4371245493628417,-42.19824851839745,-7.84918696120792,-1141.4750742379165
2676820.0,0.7495,-0.8181,9.8125,-0.021,-0.0097,9.8066,0.0947,0.115,-0.067,118.41,-84.75,40.71,52.759712,-1.678655,13.08,6,349.52,20 / 22,0.3504804189212075,55.381712320855016,-4.234208499996251,-296.08363606649493,2323.447973341943,-94.67291864765873,False,94.70000000000027,-3.4354574857168636,13.494563974567605,-304.3344047956361,1177.8322604826692,13.924999999995261,345.71699999996594,-3.7859379046380712,-41.88714834628741,-8.250768729141157,-1145.6157128592738
2676920.0,-1.8304,1.619,11.5387,0.0331,0.0223,9.8065,-0.1716,0.1135,-0.0846,118.41,-84.75,40.71,52.759712,-1.678655,13.08,6,349.52,20 / 22,0.525482283824235,55.54388660165582,-4.14731349999633,-296.0398379313577,2328.9942532880636,-95.09199474765798,False,94.80000000000018,-3.647434485556115,13.284481887501867,-304.7247842072976,1179.1888385874993,13.776111111115174,344.6470000000292,-4.17291676938035,-42.25940471415395,-8.684946275939922,-1149.8054147005644
2677020.0,-3.0872,6.2994,8.6818,0.0414,0.0395,9.8065,0.2202,-0.7266,0.2927,119.78,-84.85,43.01,52.75984,-1.678711,13.32,6,342.31,18 / 19,1.1059152793297669,55.69571678830311,-4.116953499996358,-295.9582680532001,2334.5562334575566,-95.50520809765723,False,94.90000000000009,-3.761250108883373,13.46856139590029,-305.1017022599461,1180.5342972000028,13.983888888886053,344.3970000000034,-4.86716538821314,-42.22715539240282,-9.143434206746008,-1154.0219362575538
2677120.0,-6.156,2.2489,7.6035,0.021,0.0264,9.8065,0.0565,-0.9276,0.7058,123.38,-85.17,47.74,52.75984,-1.678711,13.32,6,342.31,18 / 19,1.8404252524954456,55.99553026980115,-4.283353499996206,-295.81095102660896,2340.140795810457,-95.92522344765648,False,95.0,-4.08853371660447,13.154258513811731,-305.53246574868035,1181.8686363200807,13.775,342.73400000000004,-5.928958969099916,-42.84127175598942,-9.72151472207139,-1158.2721594903762
2677220.0,-2.1716,-0.6637,9.3909,0.0421,0.1763,9.8049,-0.1319,-0.1441,0.0569,123.38,-85.17,47.74,52.75984,-1.678711,13.32,6,342.31,18 / 19,2.260917900108136,56.422922207008575,-4.414298499996087,-295.605883868979,2345.761718434292,-96.36010604765569,False,95.09999999999991,-3.950382323153674,13.275833627808701,-305.9295758398849,1183.202975440158,13.851111111110972,343.4289999999891,-6.21130022326181,-43.147088579199874,-10.323691970905884,-1162.558742994134
2677320.0,-0.6349,-1.3694,9.6767,0.038,0.0424,9.8064,0.0121,0.4183,-0.3154,132.71,-84.71,58.61,52.75984,-1.678711,13.32,6,342.31,18 / 19,2.3985539172862054,56.71395741790354,-4.441583499996186,-295.3729102781084,2351.4185624155584,-96.80290014765691,False,95.20000000000027,-4.132601815855961,13.20976756122936,-306.35360864909404,1184.515075573934,13.841111111111111,342.62800000000004,-6.531155733142166,-43.50418985667419,-10.980698370985635,-1166.9034868416245
2677420.0,-1.4646,-1.0077,11.1418,0.0541,0.0071,9.8065,0.0478,0.1414,0.2245,140.95,-84.71,65.25,52.75984,-1.678711,13.32,6,342.31,18 / 19,2.544979296566747,56.95955330444067,-4.381323499996241,-295.12573361741596,2357.1022379516703,-97.24404549765613,False,95.30000000000018,-4.132601815855961,13.20976756122936,-306.35360864909404,1184.515075573934,13.841111111111111,342.62800000000004,-6.677581112422708,-43.749785743211305,-11.227875031678082,-1172.5871623777364
