time,acc_x,acc_y,acc_z,grav_x,grav_y,grav_z,gyro_yaw,gyro_pitch,gyro_roll,orient_yaw,orient_pitch,orient_roll,gps_lat,gps_lon,gps_speed,gps_accuracy,gps_orient,gps_sats,ins_vel_x,ins_vel_y,ins_vel_z,ins_pos_x,ins_pos_y,ins_pos_z,ins_is_reset,_t_sec,true_vel_x,true_vel_y,true_pos_x,true_pos_y,true_speed_ms,true_heading,err_vel_x,err_vel_y,err_pos_x,err_pos_y
519114.0,3.9608,0.8025,9.7793,-0.0525,-0.0429,9.8064,-0.1149,-0.1001,0.1582,12.55,-81.81,11.83,53.05154,-1.799703,11.14,4,58.28,23 / 23,9.19110937514826,5.77742649549537,0.0,0.0,0.0,0.0,False,0.0,9.19110937514826,5.77742649549537,0.0,0.0,10.856111111111112,57.847,0.0,0.0,0.0,0.0
519214.0,-3.3162,1.3792,9.4798,0.0815,-0.0215,9.8062,-0.2207,0.6905,-0.3474,8.57,-81.83,8.86,53.05154,-1.799703,11.14,4,58.28,23 / 23,9.241159732367404,5.884147705058572,-0.017710000000004052,0.9216134553759928,0.5830787100278297,-0.000885500000000404,False,0.10000000000002274,8.860273991290887,5.7453585440046355,0.8689058288677055,0.5670941264403475,10.559999999995878,57.03899999999217,-0.38088574107651674,-0.13878916105393646,-0.05270762650828731,-0.015984583587482226
519314.0,-5.5011,-0.745,8.8964,-0.0926,-0.0537,9.8061,-0.1303,0.2091,0.0289,5.62,-81.56,9.1,53.05154,-1.799703,11.14,4,58.28,23 / 23,8.810730265983315,5.9846758952800965,-0.07956499999994779,1.8242079552927077,1.1765198900442235,-0.005749249999993573,False,0.1999999999999318,8.574164037248257,5.6731787157809,1.7177599847924165,1.1341882521727271,10.2811111111023,56.50899999998118,-0.2365662287350574,-0.3114971794991961,-0.1064479705002912,-0.04233163787149641
519414.0,-1.2456,-0.208,9.3779,-0.0244,-0.0192,9.8065,-0.1334,0.4775,-0.2297,11.76,-81.11,11.0,53.05154,-1.799703,11.14,4,58.28,23 / 23,8.47138377900691,5.9947730825884715,-0.14651499999996292,2.688313657542415,1.7754923389377881,-0.01705324999999168,False,0.2999999999999545,8.251507005313696,5.597828948044482,2.53319468559798,1.7012823778644899,9.971111111120274,55.84700000001957,-0.21987677369321368,-0.3969441345439897,-0.15511897194443502,-0.07420996107329825
519514.0,-4.1868,0.9805,9.7838,-0.0532,-0.0191,9.8064,-0.0258,0.5106,-0.2093,5.86,-81.06,9.19,53.05154,-1.799703,11.14,4,58.28,23 / 23,8.206214619343097,6.085146578849706,-0.16909499999996802,3.522193577460105,2.379488322009834,-0.032833749999991814,False,0.39999999999997726,7.8493026845986975,5.5617306088708505,3.315209931588141,2.2572570111721855,9.620000000005188,54.680000000017245,-0.3569119347443994,-0.5234159699788554,-0.20698364587196405,-0.12223131083764871
519615.0,1.7408,-1.8149,10.8321,-0.0585,-0.0136,9.8064,0.0197,0.0197,0.0211,10.73,-80.81,10.12,53.05154,-1.799703,11.14,4,58.28,23 / 23,8.071265972335288,6.06748715837676,-0.11846369999996842,4.344206347339856,2.993196325739765,-0.047355464349988476,False,0.5009999999999764,7.48026447587208,5.454163166659286,4.057456026175551,2.8074495085314193,9.257561111111144,53.90237000000008,-0.5910014964632078,-0.6133239917174738,-0.28675032116430543,-0.18574681720834585
519714.0,-2.0289,-1.0971,9.9013,0.0052,0.0073,9.8066,-0.0511,0.2515,-0.0701,4.91,-80.78,8.46,53.05154,-1.799703,11.14,4,58.28,23 / 23,8.035341793777244,5.935226441735958,-0.06301874999994231,5.1414834317628,3.587330648945623,-0.05633884562498827,False,0.6000000000000227,7.117224335142668,5.353870832084867,4.75224649469901,3.3358477998027882,8.90611111110771,53.047999999990424,-0.9181174586345762,-0.5813556096510908,-0.3892369370637896,-0.2514828491428349
519814.0,0.1786,1.6898,9.8509,-0.0435,-0.0166,9.8064,0.0512,-0.1835,0.1499,7.86,-80.77,10.55,53.05154,-1.799703,11.14,4,58.28,23 / 23,7.950387890106937,5.989501298130167,-0.05607374999994856,5.940769915956282,4.183567035938387,-0.06229347062497739,False,0.6999999999999318,6.87399297792396,5.2936872359182665,5.434003375820141,3.8695834475512263,8.67611111110699,52.399999999946054,-1.0763949121829768,-0.6958140622119009,-0.506766540136141,-0.3139835883871611
519914.0,0.168,0.7885,9.5372,0.0071,-0.0106,9.8066,-0.042,0.0946,-0.1339,12.58,-80.78,11.43,53.05154,-1.799703,11.14,4,58.28,23 / 23,7.989173827556061,6.126319468599018,-0.06733374999995108,6.737748001839613,4.789358074274984,-0.06846384562497378,False,0.7999999999999545,6.5830044719206,5.42622418564397,6.082340801940383,4.414438588393292,8.531111111115397,50.50200000005611,-1.4061693556354609,-0.700095282955048,-0.6554071998992299,-0.37491948588169244
520015.0,-2.0458,2.0888,8.1617,-0.0421,-0.0036,9.8065,-0.0361,-0.1813,-0.029,10.84,-80.67,12.56,53.05154,-1.799703,11.14,4,58.28,23 / 23,7.92657766120925,6.304202952508525,-0.16401094999995014,7.541493452022253,5.417099456540909,-0.08014675297496868,False,0.9009999999999536,6.346874525505074,5.351560683914617,6.7166420569797936,4.964631085052276,8.301961111113977,49.86269000002425,-1.5797031357041762,-0.952642268593908,-0.8248513950424599,-0.4524683714886333
520115.0,4.8087,2.7111,11.063,0.033,0.0339,9.8065,0.2697,-0.6532,0.3433,12.44,-80.9,13.8,53.05154,-1.799703,11.14,4,58.28,23 / 23,8.111785477646105,6.52425769863456,-0.18344094999995447,8.343411608965203,6.05852248909821,-0.09751934797496786,False,1.0009999999999764,6.048642688510639,5.402395128302593,7.317858051654467,5.49870031828109,8.110030555555564,48.22986000000017,-2.0631427891354663,-1.1218625703319676,-1.0255535573107366,-0.55982217081712
520214.0,2.3675,1.5056,10.6,0.1215,0.0365,9.8058,-0.1487,0.6964,-0.3214,10.28,-80.84,12.3,53.05154,-1.799703,11.14,4,58.28,23 / 23,8.503680448176056,6.673941561013934,-0.08198079999990687,9.165877172293786,6.711833352451117,-0.11065772459996716,False,1.1000000000000227,5.798861696460573,5.515623378244175,7.88030747855465,6.060123502756754,8.003055555555731,46.43399999998875,-2.7048187517154823,-1.1583181827697588,-1.285569693739136,-0.6517098496943623
520314.0,-0.707,-2.055,11.5493,-0.0778,-0.0217,9.8063,0.0774,0.5042,-0.1483,7.88,-80.57,12.77,53.05154,-1.799703,11.14,4,58.28,23 / 23,8.585735293858319,6.647688394924931,0.04481919999997788,10.020347959394728,7.377914850247454,-0.11251580459996192,False,1.1999999999999318,5.7336387234091335,5.6005010480681685,8.448438212822479,6.616098135356799,8.01499999999943,45.67299999995342,-2.852096570449185,-1.047187346856762,-1.5719097465722491,-0.7618167148906556
520414.0,4.7629,-0.1228,10.699,-0.1133,-0.0102,9.8059,0.1739,0.209,-0.0623,16.97,-80.52,16.82,53.05154,-1.799703,11.14,4,58.28,23 / 23,8.764890447779955,6.4929538051431495,0.17656920000000792,10.887879246476839,8.034946960251007,-0.10144638459996011,False,1.2999999999999545,5.557205478094493,5.747825003794432,8.996517274057126,7.194311754180733,7.995000000000592,44.034000000048444,-3.207684969685462,-0.7451288013487174,-1.8913619724197126,-0.8406352060702744
520514.0,-1.0097,1.1247,10.587,-0.033,0.0337,9.8065,-0.0422,0.1157,-0.1118,14.41,-80.83,15.26,53.05154,-1.799703,11.14,4,58.28,22 / 23,8.95925356627886,6.502074524154703,0.260204200000027,11.77408644717998,8.684698376716048,-0.0796077145999534,False,1.3999999999999773,5.564583063321245,5.763099562385022,9.544596335331649,7.772525371632092,8.011111111110873,43.99600000000056,-3.3946705029576156,-0.7389749617696815,-2.2294901118483317,-0.9121730050839556
520614.0,-0.8942,3.2871,10.4032,0.0251,-0.06,9.8064,0.0149,-0.1284,-0.0507,14.41,-80.81,15.25,53.05154,-1.799703,11.14,4,58.28,22 / 23,8.924840567032366,6.756959658568797,0.3290492000000427,12.668291153845745,9.347650085852374,-0.05014504459994322,False,1.5,5.419664261518188,6.006274993073704,10.079307614618878,8.384097469189221,8.09,42.06100000000001,-3.505176305514178,-0.7506846654950934,-2.5889835392268665,-0.9635526166631525
520714.0,3.6563,0.8329,10.9271,0.0771,-0.0128,9.8063,0.089,-0.4215,0.3923,11.15,-80.94,15.43,53.05154,-1.799703,11.14,4,58.28,22 / 23,9.112245986270503,6.950389811944795,0.4148992000000622,13.570145481511094,10.033017559378209,-0.01294762459992952,False,1.6000000000000227,5.26704713127761,6.199712857619283,10.600651111971766,9.00678905846518,8.135000000001819,40.35000000000544,-3.8451988549928933,-0.7506769543255123,-2.969494369539328,-1.026228500913028
520814.0,-4.097,-1.9178,10.7009,0.0559,0.0079,9.8064,-0.036,0.0214,0.0657,13.09,-80.98,16.61,53.05154,-1.799703,11.14,4,58.28,22 / 23,9.080606769317406,6.926536457908841,0.5156341999999706,14.479788119289662,10.72686387287026,0.0335790454000298,False,1.6999999999999318,5.387031442510138,6.2590233899594105,11.135362391257242,9.62948064774138,8.258055555556377,40.71799999992898,-3.6935753268072675,-0.6675130679494305,-3.3444257280324194,-1.0973832251288798
520914.0,10.0106,1.2164,9.0593,-0.0735,-0.0132,9.8063,0.0119,-0.6477,0.2638,13.67,-80.89,17.24,53.05154,-1.799703,11.14,4,58.28,22 / 23,9.362662902670342,6.837933739770554,0.5229791999999724,15.401951602889259,11.415087382754386,0.08550971540003877,False,1.7999999999999545,5.126875312341817,6.510652636793843,11.636654215552362,10.285530714953898,8.28694444444359,38.21900000007387,-4.235787590328525,-0.32728110297671087,-3.765297387336897,-1.1295566678004878
521014.0,-3.6717,0.019,8.1402,0.0954,-0.0297,9.8061,-0.0569,1.0134,-0.7492,10.06,-80.71,17.03,53.05154,-1.799703,11.14,4,58.28,22 / 23,9.68489982866611,6.8293919855774945,0.40228919999994506,16.354329739456297,12.098453669021945,0.13177313540004515,False,1.8999999999999773,4.891486276842588,6.669680728176498,12.117894366916598,10.952700274639481,8.271111111111345,36.25600000002901,-4.793413551823521,-0.15971125740099623,-4.236435372539699,-1.1457533943824636
521115.0,-11.2082,-0.7798,8.3399,-0.248,-0.056,9.8033,-0.1334,0.2189,-0.0626,9.7,-80.47,13.98,53.05154,-1.799703,11.14,4,58.28,22 / 23,8.939451770450773,6.9371718674745315,0.24406259999994656,17.294859495211693,12.793665143601066,0.16441390130003938,False,2.0009999999999764,4.750645253665417,6.821394509167485,12.5903117821933,11.649225295898885,8.312686111111104,34.85479000000017,-4.188806516785356,-0.11577735830704672,-4.704547713018393,-1.1444398477021807
521214.0,-1.849,0.6424,9.0829,-0.1152,-0.0775,9.8056,-0.1837,1.1796,-0.6247,16.24,-79.56,20.67,53.05154,-1.799703,11.14,4,58.28,22 / 23,8.309514439512336,7.066136094304724,0.13563284999989583,18.148683322605265,13.486828887709464,0.18320882607504038,False,2.1000000000000227,4.573784696992473,7.0290364285235425,13.040271323708184,12.35375635139454,8.386111111114243,33.05199999998714,-3.7357297425198626,-0.037099665781181734,-5.108411998897081,-1.1330725363149234
521314.0,-10.6691,-1.3875,9.5486,-0.2263,-0.0613,9.8038,-0.1772,1.2808,-0.7849,21.57,-79.25,26.56,53.05154,-1.799703,11.14,4,58.28,22 / 23,7.712387384767592,7.271676301371508,0.08654284999994058,18.94977841381853,14.203719507492623,0.1943176110750221,False,2.199999999999932,4.579413897697363,7.27705487749233,13.494775911122336,13.0876428663412,8.598055555557917,32.18199999995421,-3.1329734870702284,0.005378576120821599,-5.455002502696196,-1.1160766411514231
521415.0,3.8787,0.0072,9.9271,-0.1947,0.0175,9.8046,0.1103,0.2535,-0.205,26.79,-79.71,28.33,53.05154,-1.799703,11.14,4,58.28,22 / 23,7.366462617107407,7.333583732213416,0.07959404999994069,19.711260338913213,14.941285139188656,0.20270752452501603,False,2.300999999999931,4.412552467884733,7.475592444264934,13.933239160107249,13.840321324309775,8.680780555556536,30.551630000057433,-2.953910149222674,0.14200871205151788,-5.7780211788059646,-1.100963814878881
521514.0,-4.4271,0.3322,9.4439,-0.0609,0.0252,9.8064,-0.0435,0.7354,-0.4109,21.62,-80.01,27.34,53.05154,-1.799703,11.14,4,58.28,22 / 23,7.3461150712445,7.360007058057029,0.06760019999993505,20.439532934486973,15.668617883307384,0.2099936399000133,False,2.3999999999999773,4.14425873757037,7.590387632265836,14.330262285004274,14.599893868712616,8.648055555556045,28.634000000028628,-3.2018563336741304,0.23038057420880698,-6.109270649482699,-1.0687240145947676
521614.0,5.1684,0.1819,10.46,-0.1258,-0.0156,9.8057,0.1121,-0.1048,0.0926,26.54,-79.91,30.78,53.05154,-1.799703,11.14,4,58.28,22 / 23,7.387497012533729,7.366469664127523,0.08213019999993842,21.176213538676052,16.40494171941678,0.21748015990000868,False,2.5,4.083955325120174,7.674016145044125,14.737979635449909,15.367138863058738,8.693055555555556,28.021,-3.3035416874135555,0.30754648091660197,-6.438233903226143,-1.0378028563580415
521714.0,-0.7596,0.8893,10.0348,-0.0134,0.0183,9.8066,0.0038,0.5788,-0.3574,25.3,-80.22,30.14,53.05154,-1.799703,11.14,4,58.28,22 / 23,7.61374836722091,7.332183561005496,0.1262051999999486,21.926275807663956,17.139874380673596,0.2278969299000054,False,2.6000000000000227,3.9122283650816554,7.777585737137361,15.11896142197381,16.145503349123686,8.706111111114568,26.7029999999815,-3.7015200021392545,0.44540217613186517,-6.807314385690146,-0.9943710315499104
521814.0,6.4835,-1.0716,10.4541,-0.1117,0.0081,9.8059,0.1062,-0.2659,0.2443,28.35,-80.19,32.33,53.05154,-1.799703,11.14,4,58.28,22 / 23,7.864858875819678,7.204031377516493,0.16998519999990888,22.70020616981528,17.866685127599034,0.2427064498999848,False,2.699999999999932,3.8418670024266817,8.072401001915939,15.499943208470512,16.95722631317183,8.940000000003836,25.450999999985676,-4.022991873392996,0.8683696243994454,-7.2002629613447695,-0.9094588144272038
521914.0,-3.9284,0.7745,9.4818,0.0502,0.0175,9.8064,-0.0106,0.3842,-0.2727,20.85,-80.43,29.48,53.05154,-1.799703,11.14,4,58.28,22 / 23,7.960873083846114,7.125761135220026,0.1861151999999126,23.49149276779875,18.583174753236023,0.2605114698999799,False,2.7999999999999545,3.827650996557709,8.228287358161367,15.874241103933572,17.780068769586368,9.074999999996011,24.947000000014896,-4.133222087288406,1.102526222941341,-7.6172516638651775,-0.8031059836496546
522014.0,-5.8188,0.3483,9.8962,-0.0537,-0.0172,9.8064,0.0441,-0.8284,0.5347,24.79,-80.23,29.78,53.05154,-1.799703,11.14,4,58.28,22 / 23,7.539693671896455,7.386583355900964,0.17435019999991,24.266521105586055,19.308791977792236,0.2785347398999751,False,2.8999999999999773,3.64250917832209,8.314027142929536,16.235171217463346,18.614030720608074,9.076944444444417,23.659000000019034,-3.8971844935743647,0.9274437870285723,-8.031349888122708,-0.6947612571841617
522114.0,-3.3476,0.9527,9.2643,0.1773,0.0083,9.805,0.0084,-0.3453,0.2437,26.25,-80.11,30.74,53.05154,-1.799703,11.14,4,58.28,22 / 23,7.160032885588203,7.657793205020471,0.15171019999990495,25.001507433460453,20.061010805838478,0.2948377598999696,False,3.0,3.507441540017003,8.43812260990458,16.576049658025067,19.459112162640956,9.138055555555555,22.571,-3.6525913455712,0.7803294048841094,-8.425457775435387,-0.6018986431975222
522214.0,-5.4721,-0.1359,9.7852,0.0639,-0.0025,9.8064,-0.0436,-0.5207,0.2968,20.61,-80.35,26.84,53.05154,-1.799703,11.14,4,58.28,22 / 23,6.778096579261923,7.881350367732417,0.1235201999998986,25.698413906703117,20.8379679844763,0.3085992798999629,False,3.1000000000000227,3.34859453770561,8.5507557536436,16.903560316572037,20.31531309851431,9.183055555555686,21.385999999974004,-3.4295020415563133,0.6694053859111824,-8.79485359013108,-0.5226548859619911
522314.0,4.2099,-0.3629,10.4518,0.0864,-0.0091,9.8062,0.0862,-0.6252,0.3659,23.75,-80.12,28.71,53.05154,-1.799703,11.14,4,58.28,22 / 23,6.7102064342134655,7.886902564877839,0.1547051999998703,26.372829057376272,21.626380631106095,0.32251054989993866,False,3.199999999999932,3.0875324681540115,8.65788576546889,17.20433541116989,21.171514033680623,9.191944444447888,19.62699999994955,-3.622673966059454,0.7709832005910515,-9.168493646206382,-0.45486659742547175
522414.0,-2.8238,-1.1221,10.2071,0.0599,0.0267,9.8064,0.0421,0.0877,-0.0846,17.1,-80.15,26.62,53.05154,-1.799703,11.14,4,58.28,22 / 23,6.748827534571462,7.7905252502048175,0.2069851999998823,27.04578075581567,22.410252021860405,0.3405950698999304,False,3.2999999999999545,2.855003830834335,8.864646462590393,17.478374941827074,22.072192939898393,9.313055555551976,17.852000000052467,-3.893823703737127,1.0741212123855757,-9.567405813988596,-0.33805908196201173
522514.0,2.3633,-0.6414,10.1407,-0.0201,-0.0029,9.8065,0.0491,-0.2498,0.1092,23.2,-79.95,28.42,53.05154,-1.799703,11.14,4,58.28,21 / 23,6.697982923547082,7.719532582333172,0.24371019999989077,27.71812127872175,23.185754913487482,0.36312983989992415,False,3.3999999999999773,2.8022151971020173,8.857295862120493,17.75909836345788,22.950632859916396,9.290000000000342,17.55600000000437,-3.8957677264450647,1.137763279787321,-9.95902291526387,-0.23512205357108584
522614.0,-2.0348,1.9284,10.0394,0.0444,0.0191,9.8065,0.0324,0.0232,0.0369,24.39,-80.13,29.41,53.05154,-1.799703,11.14,4,58.28,21 / 23,6.746828081614111,7.7901715020432825,0.2720501999998973,28.390361828979962,23.96124011770648,0.3889178598999194,False,3.5,2.5378904278729295,8.949038083707197,18.006402330133945,23.84019227235923,9.301944444444443,15.833,-4.208937653741181,1.158866581663915,-10.383959498846018,-0.12104784534725255
522714.0,1.8382,-0.0876,9.9683,0.0103,0.0177,9.8066,0.0769,-0.2092,0.1493,27.84,-80.24,32.01,53.05154,-1.799703,11.14,4,58.28,21 / 23,6.77959810416694,7.889790149708231,0.29177019999990184,29.06668313826917,24.745238200294235,0.41710887989991574,False,3.6000000000000227,2.388014328502523,9.112287724104831,18.24033851479525,24.751990671775676,9.420000000000279,14.684999999987424,-4.391583775664417,1.2224975743966002,-10.826344623473918,0.006752471481441091
522814.0,-3.7576,-0.4206,9.2784,0.0512,0.0249,9.8065,-0.0293,0.1149,-0.0488,24.97,-80.53,32.57,53.05154,-1.799703,11.14,4,58.28,21 / 23,6.686100644008612,7.919798470549905,0.27344019999991853,29.739968075677336,25.535717631306422,0.44536939989988106,False,3.699999999999932,2.2569298738352908,9.165090888879302,18.46090691752178,25.67490856220192,9.438888888890965,13.833999999972203,-4.429170770173322,1.245292418329397,-11.279061158155557,0.1391909308954986
522914.0,-0.5023,-1.6226,10.6587,0.0202,-0.0086,9.8065,-0.0181,-0.1741,0.2792,24.01,-80.47,32.17,53.05154,-1.799703,11.14,4,58.28,21 / 23,6.4568681757234,7.93292289995701,0.28963019999992223,30.397116516664084,26.328353699831947,0.4735229198998795,False,3.7999999999999545,2.1164217869157853,9.273502355314516,18.66810753824637,26.59782645397671,9.511944444442285,12.856000000028908,-4.3404463888076155,1.3405794553575063,-11.729008978417713,0.2694727541447648
523014.0,-0.4229,-1.0337,10.0331,-0.0109,-0.0228,9.8065,-0.0245,0.3698,-0.1853,26.04,-80.3,30.75,53.05154,-1.799703,11.14,4,58.28,21 / 23,6.365299449689407,7.84858554577314,0.3435551999999345,31.03822489793487,27.117429122118633,0.5051821898998795,False,3.8999999999999773,1.8767872247442696,9.361785866222368,18.84857259501185,27.53186383753666,9.548055555555024,11.336000000022466,-4.488512224945137,1.5132003204492275,-12.189652302923022,0.41443471541802523
523114.0,-2.6443,-1.2893,9.4121,-0.1016,-0.026,9.806,-0.106,0.3216,-0.2117,28.33,-80.1,32.04,53.05154,-1.799703,11.14,4,58.28,21 / 23,6.1833380016841035,7.833896271019312,0.3351501999999326,31.665656770503688,27.901553212958433,0.5391174598998806,False,4.0,1.7099837252233536,9.494182048690071,19.0156698697361,28.488140206655245,9.646944444444443,10.21,-4.47335427646075,1.660285777670759,-12.649986900767587,0.5865869936968124
523214.0,4.0254,2.3396,11.9664,-0.0293,-0.0241,9.8065,-0.1795,0.416,-0.2595,21.44,-80.35,30.0,53.05154,-1.799703,11.14,4,58.28,21 / 23,6.272490338453213,7.891906890157051,0.4234101999999528,32.288448187510696,28.68784337101743,0.5770454798998834,False,4.100000000000023,1.594691777249351,9.51929565116355,19.176083253559117,29.433297083348993,9.651944444446855,9.509999999983359,-4.677798561203862,1.6273887610064985,-13.112364933951579,0.7454537123315639
523314.0,-0.3692,1.7064,12.2621,0.0033,-0.0395,9.8065,-0.0338,0.0608,0.1596,23.54,-80.96,29.26,53.05154,-1.799703,11.14,4,58.28,21 / 23,6.525071816265743,8.0297763475751,0.6541701999997429,32.92832629524606,29.483927532903312,0.6309244998998192,False,4.199999999999932,1.431093407498989,9.710107963303416,19.316444964414128,30.411812437317792,9.814999999999772,8.38399999999318,-5.093978408766754,1.680331615728317,-13.611881330831931,0.9278849044144799
523414.0,-3.4894,-2.3897,7.519,0.0393,0.0484,9.8064,-0.1147,-0.0637,0.3861,24.63,-81.15,30.37,53.05154,-1.799703,11.14,4,58.28,21 / 23,6.339629889299074,8.096275016039478,0.6625601999997449,33.57156138052444,30.290230101084223,0.6967610198998087,False,4.2999999999999545,1.3892662045091067,9.70804299276807,19.45012278422616,31.3792082994993,9.806944444444682,8.144000000007095,-4.950363684789967,1.6117679767285917,-14.121438596298283,1.0889781984150773
523514.0,0.6468,-2.3715,7.5973,-0.0112,0.0106,9.8066,-0.315,0.2732,0.1547,24.07,-80.92,29.61,53.052258,-1.799392,10.23,4,351.48,21 / 23,6.11828060080579,7.955700127606971,0.43771019999969385,34.19445690502983,31.092828858266728,0.7517745398997931,False,4.399999999999977,1.2195043260169856,9.867986774395755,19.570432822034252,32.36884314730918,9.943055555553546,7.045000000016243,-4.898776274788805,1.9122866467887834,-14.624024082995579,1.2760142890424504
523614.0,3.9802,-2.1734,8.4229,-0.042,-0.0012,9.8065,-0.249,-0.1444,0.3082,20.31,-80.45,26.99,53.052258,-1.799392,10.23,4,351.48,21 / 23,6.253602356145801,7.680238263815719,0.2580551999996531,34.813051052877555,31.87462577783804,0.7865628098997685,False,4.5,1.0174183372489842,9.936939225012772,19.67069118692744,33.35847799370506,9.988888888888889,5.846,-5.236184018896816,2.256700961197053,-15.142359865950116,1.4838522158670173
523714.0,0.2932,-0.6106,8.5808,-0.0686,0.0014,9.8063,-0.0939,-0.0895,0.1229,16.54,-80.07,26.18,53.052258,-1.799392,10.23,4,351.48,21 / 23,6.411992734185168,7.493097993166731,0.1275751999996235,35.44633080739425,32.63329259068733,0.8058443298997366,False,4.600000000000023,0.9488272219056648,10.015154861658823,19.764265660813006,34.37035182636691,10.060000000001892,5.411999999984542,-5.463165512279503,2.5220568684920925,-15.682065146581241,1.737059235679574
523814.0,-0.1107,1.3986,10.0948,-0.0118,-0.0188,9.8066,0.1091,-0.1324,-0.0612,16.36,-80.0,26.02,53.052258,-1.799392,10.23,4,351.48,21 / 23,6.435255164566953,7.545746218371915,0.08069019999966616,36.08869320233127,33.38523480126358,0.8162575998996917,False,4.699999999999932,0.7755896878022362,10.158490864258791,19.837788461703877,35.382225659027604,10.188055555554016,4.365999999977462,-5.659665476764716,2.6127446458868766,-16.250904740627394,1.9969908577640254
523915.0,0.9159,-1.3507,9.9876,0.0246,-0.0159,9.8065,0.0404,0.0708,0.0087,17.94,-80.03,26.77,53.052258,-1.799392,10.23,4,351.48,21 / 23,6.476542999044156,7.553508378966849,0.104379749999666,36.740739009593625,34.147747158429176,0.825603632374658,False,4.800999999999931,0.6308273672330204,10.116057976152728,19.89847819188277,36.404440619082735,10.135711111105708,3.5683700000137275,-5.845715631811136,2.562549597185879,-16.842260817710855,2.2566934606535582
524015.0,1.126,-1.296,9.5204,0.0044,0.0153,9.8066,-0.0216,-0.1142,0.0486,19.34,-80.03,25.74,53.052258,-1.799392,10.23,4,351.48,21 / 23,6.535149477994778,7.412645232812511,0.09911474999966491,37.39132363344572,34.89605483901831,0.8357783573746268,False,4.900999999999954,0.5589526696311917,10.30242576060276,19.951882480896717,37.43866463152706,10.317580555553372,3.1055700000065873,-5.976196808363586,2.8897805277902497,-17.439441152549005,2.542609792508749
524114.0,1.3734,-0.1678,11.3901,0.0427,-0.0064,9.8065,0.1066,0.0715,-0.1238,20.1,-79.92,25.94,53.052258,-1.799392,10.23,4,351.48,21 / 23,6.6319415608257115,7.3195209613266945,0.16332614999969508,38.04309463986764,35.625297065628544,0.8487691819246012,False,5.0,0.4868577319289514,10.451722399083463,19.998201845496535,38.47344461906699,10.463055555555556,2.667,-6.14508382889676,3.132201437756769,-18.044892794371105,2.8481475534384444
524214.0,1.5789,-1.0823,10.4726,-0.036,0.0382,9.8064,-0.0441,0.0897,0.0916,20.5,-80.03,26.56,53.052258,-1.799392,10.23,4,351.48,21 / 23,6.75321645987304,7.226863103381201,0.27579614999972074,38.71235254090273,36.352616268864104,0.8707252969245769,False,5.100000000000023,0.3840265744911294,10.4879716146689,20.038305191432237,39.51867692971313,10.495000000000767,2.0969999999930535,-6.36918988538191,3.2611085112876994,-18.67404734947049,3.166060660849027
524315.0,1.833,0.8276,9.6094,-0.0671,-0.001,9.8063,0.1071,-0.4106,0.2208,24.06,-80.01,29.08,53.052258,-1.799392,10.23,4,351.48,21 / 23,6.9156403454737365,7.165313842910102,0.2994654999997206,39.40262980957274,37.07942120465181,0.8997760102495485,False,5.201000000000022,0.2984605349841605,10.54359669259313,20.06524127213668,40.574583953313876,10.54782500000253,1.6214999999841928,-6.617179810489576,3.3782828496830284,-19.337388537436055,3.495162748662068
524415.0,2.104,-1.1109,9.2172,-0.0219,-0.0165,9.8066,-0.0138,-0.2674,0.1456,19.98,-80.1,28.64,53.052258,-1.799392,10.23,4,351.48,21 / 23,7.101273018285635,7.094582393470294,0.26013049999975646,40.10347547776007,37.79241601647018,0.9277558102494968,False,5.300999999999931,0.19986187806598707,10.63296070358133,20.08522610619356,41.641944053816374,10.634838888889366,1.076830000000504,-6.901411140219648,3.538378310111037,-20.01824937156651,3.8495280373461966
524515.0,-1.1127,-0.9232,9.5166,-0.0236,-0.0229,9.8065,0.0422,0.1557,0.0665,21.77,-80.33,27.66,53.052258,-1.799392,10.23,4,351.48,22 / 23,7.1172227844193365,7.001306266517475,0.21615549999974654,40.81440026789548,38.497210449469726,0.9515701102494774,False,5.400999999999954,0.19643950623545786,10.617563509927598,20.09866072709075,42.698407052512515,10.619380555554825,1.0599300000001042,-6.920783278183879,3.6162572434101223,-20.71573954080473,4.2011966030427885
524614.0,0.0723,-1.1479,10.3991,0.0024,-0.003,9.8065,0.0438,0.1469,-0.2141,21.96,-80.35,27.82,53.052258,-1.799392,10.23,4,351.48,22 / 23,7.036285936800777,6.942109117114267,0.23112429999975365,41.514998949596205,39.187409510959824,0.973710460349463,False,5.5,0.19604987020582504,10.666253971512775,20.118511883329024,43.75520363505525,10.668055555555556,1.053,-6.840236066594952,3.7241448543985083,-21.39648706626718,4.567794124095428
524714.0,1.5181,-1.3846,9.3227,-0.0096,-0.0062,9.8066,0.2086,-0.1325,0.0917,24.18,-80.5,29.79,53.052258,-1.799392,10.23,4,351.48,22 / 23,7.064562759419752,6.810185800288586,0.23654929999975494,42.220041384407395,39.87502425683012,0.9970941403494437,False,5.600000000000023,0.23673472053001193,10.678487310475989,20.145247447277235,44.811555438127215,10.681111111111111,1.2699999999932312,-6.8278280388897405,3.8683015101874023,-22.07479393713016,4.936531181297092
524814.0,-0.5736,-1.8238,9.5187,-0.0268,-0.0004,9.8066,-0.0614,0.1021,-0.0026,24.48,-80.63,32.11,53.052258,-1.799392,10.23,4,351.48,22 / 23,7.047433018301365,6.6616148714743835,0.1979542999997901,42.92564117329281,40.54861429041766,1.0188193203494011,False,5.699999999999932,0.15136842489306224,10.68003849093593,20.15861522926509,45.87902673362346,10.681111111112358,0.8120000000152625,-6.896064593408303,4.018423619461546,-22.76702594402772,5.330412443205802
524914.0,-2.8268,-0.337,10.0153,-0.075,0.0101,9.8063,-0.0544,-0.3071,0.2904,27.83,-80.57,34.83,53.052258,-1.799392,10.23,4,351.48,22 / 23,6.857085147507154,6.6581719236452415,0.1939892999997893,43.62086708158339,41.21460363017379,1.0384165003493846,False,5.7999999999999545,0.2524913431940611,10.722027472525143,20.18535079323813,46.94649802975057,10.724999999998703,1.3489999999841271,-6.604593804313093,4.063855548879902,-23.435516288345262,5.731894399576781
525014.0,-3.0616,-0.9305,10.806,0.0564,-0.0103,9.8065,0.0284,-0.0257,0.0473,23.54,-80.68,31.98,53.052258,-1.799392,10.23,4,351.48,22 / 23,6.571565586334095,6.744369875187915,0.25438929999980303,44.29229961827561,41.8847307201156,1.0608354303493692,False,5.899999999999977,0.05870928131869538,10.815951774493016,20.192034684219177,48.03620831009869,10.816111111109764,0.3110000000153408,-6.512856305015399,4.071581899305101,-24.10026493405643,6.151477589983088
525114.0,1.194,1.6125,11.0512,-0.1308,-0.0184,9.8057,0.1315,-0.9192,0.6084,21.61,-80.76,30.64,53.052258,-1.799392,10.23,4,351.48,22 / 23,6.503193113416132,6.832780371543747,0.36658429999982856,44.94603755326327,42.56358823245234,1.091884110349358,False,6.0,0.03327329238405656,10.831893340295814,20.192034684219276,49.11479909943661,10.831944444444444,0.176,-6.469919821032075,3.9991129687520663,-24.75400286904399,6.55121086698427
525214.0,8.6887,-0.3709,8.4318,-0.0421,0.028,9.8064,-0.0982,-0.3927,0.3874,27.06,-80.55,34.26,53.052258,-1.799392,10.23,4,351.48,22 / 23,6.972696619924748,6.688367123206694,0.3600692999998272,45.619832039930465,43.23964560719001,1.128216790349349,False,6.100000000000023,-0.0334160873754216,10.696058912813623,20.192034684219077,50.171150902508735,10.696111111113016,359.8209999999942,-7.006112707300169,4.007691789606929,-25.427797355711387,6.931505295318722
525314.0,2.7959,0.6462,8.9549,-0.1795,-0.0037,9.805,0.0023,-0.982,0.6076,22.3,-80.76,30.77,53.052258,-1.799392,10.23,4,351.48,22 / 23,7.498705545605439,6.46779887193687,0.24873929999992855,46.343402148206316,43.897453906946595,1.158657220349309,False,6.199999999999932,-0.10787832433692211,10.824462447028585,20.178666902258175,51.24974169113827,10.824999999999715,359.4289999999966,-7.606583869942361,4.356663575091715,-26.16473524594814,7.352287784191674
525415.0,9.2661,-0.2396,9.6782,-0.0916,-0.0208,9.8061,0.0193,-0.8752,0.69,29.96,-80.49,33.59,53.052258,-1.799392,10.23,4,351.48,22 / 23,8.04753282358341,6.216966016219807,0.1992391999999291,47.12848718585035,44.5380345337985,1.1812801345993016,False,6.300999999999931,-0.13150404058783768,10.814107954113627,20.16509860351561,52.35023788000145,10.814911111111375,359.303290000014,-8.179036864171248,4.59714193789382,-26.963388582334737,7.812203346202949
525514.0,-6.819,-1.4493,10.6736,0.0925,-0.0118,9.8062,0.0264,-0.4764,0.3502,19.15,-80.66,28.39,53.052258,-1.799392,10.23,4,351.48,20 / 22,8.102446559773627,6.037109020757273,0.23579494999994632,47.9279111653269,45.14461124812915,1.2028143250243055,False,6.399999999999977,-0.21932931786971,10.803885041780319,20.14524744727733,53.41804276074585,10.806111111111242,358.8370000000069,-8.321775877643336,4.766776021023046,-27.782663718049566,8.273431512616696
525615.0,6.1694,-1.5068,9.7378,0.1295,-0.0037,9.8058,-0.0205,-0.8863,0.5149,27.95,-80.27,31.92,53.052258,-1.799392,10.23,4,351.48,20 / 22,7.9983637496523965,5.884671602226129,0.276098999999946,48.74100208595291,45.74666116958981,1.2286649694993,False,6.500999999999976,-0.3620102391582401,10.876757578144966,20.10480990679192,54.518427754756495,10.882780555555565,358.09372,-8.360373988810636,4.992085975918837,-28.636192179160986,8.771766585166688
525714.0,-4.1079,-3.2074,9.6831,0.1377,0.0408,9.8055,-0.0786,0.1179,-0.0354,19.55,-80.82,28.77,53.052258,-1.799392,10.23,4,351.48,20 / 22,7.994051161634049,5.610710915910968,0.2665751999999416,49.532626624061955,46.31568260423786,1.255527342399307,False,6.600000000000023,-0.38217520888524636,10.766274569823636,20.071724646359524,55.57522433729973,10.773055555557006,357.96699999999413,-8.376226370519296,5.155563653912669,-29.46090197770243,9.259541733061873
525816.0,4.1292,0.119,9.2949,0.0165,0.0043,9.8066,-0.0028,-0.0995,0.0071,25.81,-80.71,30.73,53.052258,-1.799392,10.23,4,351.48,20 / 22,7.939596523947279,5.457704753043643,0.23417489999994945,50.34524265602641,46.88017180335441,1.2810655974992953,False,6.701999999999998,-0.46381478968770784,10.863310842602457,20.02373430906428,56.69784831710749,10.873227777780734,357.5553599999782,-8.403411313634987,5.405606089558814,-30.321508346962126,9.817676513753085
525915.0,0.7002,0.0224,9.4603,0.0039,-0.0016,9.8066,-0.0283,0.4813,-0.2911,25.81,-80.71,30.73,53.052258,-1.799392,10.23,4,351.48,20 / 22,8.16409089690821,5.376384878443976,0.19169894999997839,51.14237518335821,47.41645924011268,1.3021463530742774,False,6.800999999999931,-0.6156875689481907,10.959571922862175,19.96398032359842,57.77666149526727,10.97685555555582,356.784610000013,-8.7797784658564,5.583187044418199,-31.17839485975979,10.36020225515459
526014.0,3.9379,0.1213,9.1887,-0.0079,-0.0169,9.8066,0.0022,-0.2643,0.1095,26.63,-80.4,31.07,53.052258,-1.799392,10.23,4,351.48,20 / 22,8.3790721405423,5.296704234986661,0.14396609999995613,51.96126175371239,47.94477715122775,1.318761773049282,False,6.899999999999977,-0.698242190172859,10.9458074400027,19.88457569861902,58.85547467281281,10.968055555555686,356.3500000000065,-9.07731433071516,5.649103205016038,-32.076686055093376,10.910697521585064
526117.0,-2.8791,-0.5505,10.1413,0.0729,-0.0201,9.8063,0.0344,0.169,-0.1142,20.31,-80.34,29.17,53.052258,-1.799392,10.23,4,351.48,20 / 22,8.420042774320551,5.2536150861745075,0.12937614999996302,52.826416171827425,48.48811859626729,1.3328388989242712,False,7.002999999999929,-0.6002810039827987,10.865060431425865,19.822214995661614,59.97754267752705,10.881644444444445,356.8376800000002,-9.02032377830335,5.611445345251358,-33.00420117616581,11.489424081259756
526215.0,1.3675,-1.1789,9.2223,-0.0225,-0.0311,9.8065,0.0664,-0.218,0.109,19.84,-80.27,28.65,53.052258,-1.799392,10.23,4,351.48,20 / 22,8.326316551635118,5.217035769729164,0.11714084999995433,53.64698777879984,49.00118048820694,1.3449182319242758,False,7.100999999999999,-0.7010279722974576,10.849924392136078,19.749962134058098,61.034672845309814,10.872555555556454,356.30321999999006,-9.027344523932577,5.632888622406914,-33.897025644741746,12.033492357102872
526315.0,3.1277,-0.9986,10.1163,0.0384,-0.0006,9.8065,-0.0096,-0.1193,0.0598,22.55,-80.19,27.88,53.052258,-1.799392,10.23,4,351.48,20 / 22,8.500850990359623,5.049374350369475,0.10340584999995134,54.48834615589977,49.51450099421199,1.3559455669242737,False,7.201000000000022,-0.8327180857755504,10.900194103156034,19.65645449910861,62.124271931447616,10.931955555552396,355.63137999999816,-9.333569076135174,5.850819752786559,-34.83189165679116,12.609770937235623
526415.0,1.9452,-0.7315,9.8924,-0.0309,-0.0214,9.8065,0.0438,-0.2204,0.2032,22.71,-79.97,27.86,53.052258,-1.799392,10.23,4,351.48,20 / 22,8.707101179816659,4.888952652442717,0.12317584999993347,55.3487437644078,50.011417344352154,1.3672746519242576,False,7.300999999999931,-0.8376006977791649,10.791989587840249,19.569363399480746,63.20297391561624,10.824455555551404,355.56209000002343,-9.544701877595823,5.903036935397531,-35.77938036492705,13.191556571264087
526514.0,-0.0498,0.4084,10.1385,0.0358,-0.0057,9.8066,0.0445,0.004,-0.0818,20.08,-80.18,26.08,53.052258,-1.799392,10.23,4,351.48,20 / 21,8.791521928174333,4.85509851492149,0.14384704999994324,56.21492560825376,50.49374787713691,1.3804922854742576,False,7.399999999999977,-0.9976115775618022,10.917571078516799,19.463490566192412,64.28178709316178,10.963055555553485,354.7790000000117,-9.789133505736135,6.062472563595309,-36.751435042061345,13.78803921602487
526614.0,0.1051,-0.6451,10.507,0.0055,-0.0081,9.8066,0.0012,-0.1925,0.0243,19.85,-80.21,26.07,53.052258,-1.799392,10.23,4,351.48,20 / 21,8.794760545951204,4.860191730269376,0.19545704999995506,57.094239731960236,50.97951238939657,1.3974574904742565,False,7.5,-1.011782416471995,10.842896123348138,19.363232201325996,65.37149737421788,10.89,354.66900000000004,-9.8065429624232,5.9827043930787625,-37.731007530634244,14.391984984821313
526714.0,0.3209,0.8713,9.7151,-0.0105,0.0037,9.8065,0.0346,-0.0416,0.092,19.38,-80.24,25.61,53.052258,-1.799392,10.23,4,351.48,20 / 21,8.82281401708826,4.881051120823806,0.225897049999962,57.97511846011241,51.46657453195134,1.418525195474257,False,7.600000000000023,-1.0391017597581076,10.813243895148478,19.256289945505692,66.45008816284832,10.8630555555561,354.5109999999957,-9.861915776846368,5.932192774324672,-38.71882851460672,14.98351363089698
526815.0,2.1889,0.0265,10.0725,-0.0068,0.0109,9.8066,0.034,-0.1408,0.0854,17.53,-80.53,24.73,53.052258,-1.799392,10.23,4,351.48,20 / 21,8.962673509634664,4.902630058626469,0.23469919999996194,58.87328558021191,51.96065043151357,1.441785306099253,False,7.701000000000022,-1.0981633909565587,10.845122382596063,19.14152753713057,67.53957605498884,10.900580555557225,354.21801999999434,-10.060836900591223,5.942492323969594,-39.73175804308134,15.578925623475271
526915.0,1.7267,0.9035,9.3292,0.0408,0.0073,9.8065,-0.0016,0.0387,0.0614,19.95,-80.7,24.14,53.052258,-1.799392,10.23,4,351.48,20 / 21,9.168209528213364,4.901207308768906,0.22411919999997162,59.779829732103494,52.45084229988289,1.4647262260992286,False,7.800999999999931,-1.1415973393211902,10.898156604562155,19.02790139031139,68.62928633526495,10.95778611111191,354.019990000006,-10.309806867534554,5.996949295793249,-40.75192834179211,16.178444035382057
527014.0,4.4401,0.271,9.6295,-0.0716,-0.0039,9.8063,-0.045,-0.6278,0.4274,18.77,-80.77,23.33,53.052258,-1.799392,10.23,4,351.48,20 / 21,9.480574630242069,4.873121415710539,0.19171649999995652,60.70294454794747,52.93467157174485,1.4853100932492347,False,7.899999999999977,-1.1765698504059758,10.86760661372048,18.91541150492609,69.70809951351076,10.931111111111507,353.821000000003,-10.657144480648045,5.99448519800994,-41.78753304302138,16.77342794176591
527114.0,4.1998,0.2489,9.984,0.0001,0.0028,9.8066,-0.0043,-0.4352,0.2637,14.05,-80.84,19.94,53.052258,-1.799392,10.23,4,351.48,20 / 21,9.90536108204798,4.7930284289682135,0.19172649999995658,61.67224133356219,53.4179790639789,1.5044822432492346,False,8.0,-1.158583666339121,10.848307881328415,18.795101467065347,70.78669030214135,10.91,353.904,-11.063944748387101,6.055279452360201,-42.87713986649685,17.368711238162454
527215.0,-1.584,-2.213,11.0212,-0.0678,-0.0069,9.8063,0.0062,-0.1769,0.1436,10.51,-80.86,17.11,53.052258,-1.799392,10.23,4,351.48,20 / 21,10.017381013245597,4.676250706061159,0.262017449999956,62.678339809374506,53.89617766029788,1.52739631272423,False,8.100999999999999,-1.1580793377712832,10.849054533395812,18.680339058743026,71.88718649108334,10.910688888888268,353.9070500000001,-11.17546035101688,6.172803827334652,-43.998000750631476,17.99100883078546
527315.0,5.3014,0.8028,9.5683,-0.1095,-0.0169,9.8059,0.1011,-0.5568,0.2068,18.74,-80.69,20.7,53.052258,-1.799392,10.23,4,351.48,20 / 21,10.186189519672448,4.552244245441513,0.31082744999996725,63.688518336020636,54.35760240787312,1.5560385577242326,False,8.201000000000022,-1.1527002783128297,10.807188935206607,18.566646072979303,72.96566608478133,10.868488888887738,353.91181999999947,-11.338889797985278,6.254944689765094,-45.12187226304133,18.608063676908216
527415.0,-3.5717,-0.6453,9.4007,-0.0173,0.0312,9.8065,-0.1819,0.4334,-0.1875,16.57,-80.85,21.56,53.052258,-1.799392,10.23,4,351.48,20 / 21,10.273611985092066,4.542450980416943,0.2786124499999967,64.71150841125792,54.81233716916562,1.585510552724204,False,8.30099999999993,-1.1522662171067717,10.767923375790156,18.446336035153838,74.03335977005561,10.829399999998484,353.8920800000057,-11.425878202198838,6.225472395373213,-46.26517237610409,19.221022600889988
527515.0,-1.898,-2.4982,8.686,-0.0702,-0.0194,9.8063,-0.0369,-0.2324,0.0201,19.96,-80.71,23.98,53.052258,-1.799392,10.23,4,351.48,21 / 21,9.965465062250967,4.494747730044973,0.2022824499999794,65.72346226362531,55.26419710468882,1.6095552977242082,False,8.400999999999954,-1.194103352065671,10.813385776079913,18.325959158409603,75.1228476612706,10.879119444445752,353.6984300000053,-11.159568414316638,6.31863804603494,-47.397503105215705,19.85865055658178
527618.0,-0.5011,-1.6594,10.8184,0.0386,0.0175,9.8065,-0.2224,0.2419,0.0781,21.96,-80.49,22.94,53.052258,-1.799392,10.23,4,351.48,21 / 21,9.778797435362607,4.355188861354172,0.19667409999997593,66.74029178225305,55.71996883914616,1.630101560049219,False,8.504000000000019,-1.2536460883548453,10.714483195566237,18.195155411703013,76.22189831730861,10.787588888888806,353.32627999999966,-11.032443523717452,6.3592943342120645,-48.54513637055004,20.501929478162452
527714.0,2.8706,-1.3734,10.9477,-0.0133,-0.0034,9.8066,0.0433,-0.1328,0.0593,17.4,-80.19,21.63,53.052258,-1.799392,10.23,4,351.48,21 / 21,9.842780955889978,4.202704275676073,0.3000084999999799,67.68212754503321,56.13074770972363,1.6539423248492178,False,8.600000000000023,-1.3246969054901678,10.600606308680753,18.07324124001529,77.23599604757815,10.683055555554198,352.8769999999978,-11.167477861380146,6.39790203300468,-49.60888630501792,21.105248337854526
527814.0,0.3795,-1.938,10.7927,0.0222,0.023,9.8065,0.1016,0.1614,-0.2335,18.48,-80.1,22.67,53.052258,-1.799392,10.23,4,351.48,21 / 21,9.950455680930846,4.013670149135636,0.4063634999998832,68.67178937687335,56.54156643096384,1.6892609248491788,False,8.699999999999932,-1.3402546602670606,10.5059674477638,17.93956342022006,78.2812283582231,10.591111111108237,352.7299999999876,-11.290710341197906,6.492297298628164,-50.73222595665329,21.739661927259263
527915.0,-1.2037,-2.1988,9.9598,-0.0425,0.059,9.8063,0.0477,0.0958,0.0719,19.73,-80.66,26.12,53.052258,-1.799392,10.23,4,351.48,21 / 21,9.847267055232077,3.8481940674192265,0.4638930999998827,69.67157437504957,56.93859057389986,1.7332088831491665,False,8.80099999999993,-1.4063733105121863,10.394117566349143,17.797798092293498,79.33669060204448,10.488830555559023,352.29440999999883,-11.253640365744264,6.545923498929916,-51.873776282756076,22.398100028144626
528015.0,-0.6898,-0.7684,10.3368,0.0094,0.0036,9.8066,0.1146,0.1767,-0.0487,26.93,-81.14,27.16,53.052258,-1.799392,10.23,4,351.48,21 / 21,9.710916230622853,3.7632437790966433,0.49805809999989054,70.64948353934254,57.31916246622574,1.781306443149166,False,8.900999999999954,-1.3845591960572519,10.278927145248925,17.657369542581044,80.3595727322079,10.37176388889081,352.32842000000977,-11.095475426680105,6.515683366152282,-52.992113996761496,23.040410265982153
528115.0,-1.5321,-0.6298,10.3264,0.0407,0.0284,9.8065,0.0032,0.2785,-0.1663,23.38,-81.57,27.29,53.052258,-1.799392,10.23,4,351.48,21 / 21,9.586063272031605,3.7627952514527845,0.5505530999999025,71.61433251447548,57.6954644177533,1.8337370031491678,False,9.000999999999976,-1.4825295624713732,10.134498825667096,17.51039077965529,81.37133536993842,10.242361111111125,351.6775,-11.06859283450298,6.371703574214312,-54.10394173482019,23.67587095218512
528214.0,-0.2582,0.381,9.9767,-0.0249,0.0129,9.8065,0.0144,-0.0431,0.0546,26.11,-81.65,29.27,53.052258,-1.799392,10.23,4,351.48,21 / 21,9.506833881160247,3.8034038829038708,0.5846981999999186,72.55943092355892,58.06999127490413,1.8899319424991852,False,9.100000000000023,-1.452008786496441,9.986100036586828,17.371432685934753,82.36208216607207,10.091111111110726,351.7270000000023,-10.958842667656688,6.182696153682958,-55.18799823762417,24.292090891167938
528314.0,-1.5147,-0.3164,10.1228,-0.0068,-0.0287,9.8066,-0.0012,0.1582,-0.1026,23.08,-81.48,29.3,53.052258,-1.799392,10.23,4,351.48,21 / 21,9.43369652968958,3.858078301975147,0.6090081999998964,73.50645744410055,58.453065384147735,1.9496172624991217,False,9.199999999999932,-1.4211273897990333,9.964166896533722,17.23107097513232,83.35171701317448,10.065000000000797,351.8829999999777,-10.854823919488613,6.1060885945585754,-56.27538646896823,24.898651629026745
528414.0,1.9394,0.2985,9.6758,-0.0368,0.0327,9.8064,-0.0622,-0.194,0.2195,27.21,-81.74,30.34,53.052258,-1.799392,10.23,4,351.48,21 / 21,9.456990059597869,3.8588357743046666,0.6182731999998986,74.45099177356514,58.83891108796181,2.0109813324991253,False,9.299999999999955,-1.562196664517941,9.971424774267845,17.077341482353795,84.35247135333785,10.093055555554725,351.09600000002325,-11.01918672411581,6.112588999963179,-57.37365029121134,25.513560265376036
528515.0,0.2102,1.349,9.8998,0.0028,0.0113,9.8066,-0.0094,-0.0013,-0.0189,28.85,-81.94,31.64,53.052258,-1.799392,10.23,4,351.48,21 / 21,9.60016331321381,3.8985385318932915,0.6163693499998988,75.41337801889212,59.23065849042481,2.0733307812741146,False,9.400999999999954,-1.5224071028747872,9.92738338704407,16.922141533545933,85.35189135398102,10.043438888889558,351.28136999999947,-11.122570416088598,6.028844855150779,-58.491236485346185,26.12123286355621
528615.0,-1.8714,1.365,7.9763,-0.0272,-0.0103,9.8065,-0.0614,-0.2593,0.1048,28.96,-81.96,31.91,53.052258,-1.799392,10.23,4,351.48,21 / 21,9.600282191513953,4.0738308101618665,0.5295093499998791,76.37340029412873,59.62927695752766,2.1306247162741165,False,9.500999999999976,-1.5093787743376466,9.883580605447142,16.775095931736683,86.33040670795833,9.99816944444445,351.31711000000007,-11.1096609658516,5.809749795285275,-59.59830436239204,26.701129750430674
528715.0,9.9097,-2.3322,11.5366,-0.0781,0.0527,9.8062,0.0154,-0.9913,0.2964,36.5,-81.89,34.89,53.052258,-1.799392,10.23,4,351.48,21 / 21,9.88863736994411,3.8061023507243883,0.5244893499998781,77.34784627220185,60.02327361557206,2.1833246512741162,False,9.600999999999999,-1.5141956041672764,9.810648314535,16.627916652107366,87.30892206263587,9.926813888888695,351.22607999999576,-11.402832974111387,6.004545963810611,-60.71992962009448,27.285648447063814
528815.0,-9.7751,8.1974,12.122,0.0351,0.1181,9.8058,-0.4826,0.8381,-0.5258,34.46,-82.64,33.93,53.052258,-1.799392,10.23,4,351.48,21 / 21,10.055506309850172,4.0474679533352145,0.726754349999924,78.34505345619179,60.415952130775125,2.2458868362741207,False,9.701000000000022,-1.561668923266689,9.789551137543048,16.467570107221007,88.28732622238107,9.91333055555395,350.93630999999795,-11.61717523311686,5.742083184207834,-61.877483348970785,27.871374091605944
528914.0,-5.9263,-0.9697,8.0083,-0.2114,0.0564,9.8042,-0.0943,-0.403,0.3409,47.46,-81.72,35.38,53.052258,-1.799392,10.23,4,351.48,21 / 21,9.662699709439236,4.853678872740027,0.7523458499999067,79.32110465414596,60.85655889866555,2.3191022961740626,False,9.799999999999955,-1.5645672502043133,9.733107862139434,16.315377909370405,89.24504812523963,9.858055555557208,350.8680000000021,-11.227266959643549,4.879428989399407,-63.00572674477555,28.388489226574087
529015.0,-6.3162,-0.6756,10.1004,0.171,-0.0121,9.8051,0.0647,1.4654,-0.611,56.4,-81.63,37.05,53.052258,-1.799392,10.23,4,351.48,21 / 21,9.232412015100184,5.300113496617599,0.6763635499999074,80.27530779623518,61.3693254133181,2.3912521208740527,False,9.900999999999954,-1.6128368870740093,9.685457792646233,16.15349406955561,90.22200675118266,9.818830555557293,350.54583999999136,-10.845248902174193,4.3853442960286335,-64.12181372667958,28.85268133786456
529115.0,-7.8235,2.7206,11.3446,0.0492,-0.1918,9.8046,0.0019,1.1473,-0.3415,63.13,-82.25,30.73,53.052258,-1.799392,10.23,4,351.48,21 / 21,8.98854376567835,5.96514160201942,0.7679485499999283,81.18635558527431,61.93258816825008,2.463467725874061,False,10.000999999999976,-1.4976103428296577,9.586207230842357,16.006381628836557,91.1782831202945,9.702486111111115,351.1206900000001,-10.486154108508007,3.6210656288229366,-65.17997395643775,29.245694952044417
529214.0,7.6135,0.8646,10.8065,0.1153,-0.0247,9.8059,-0.0426,-0.168,0.0611,77.82,-82.21,33.76,53.052258,-1.799392,10.23,4,351.48,21 / 21,9.07086807751563,6.019366408121772,0.8935696499999872,82.08029647151284,62.52582131475234,2.545712876774095,False,10.100000000000023,-1.5433950244880716,9.521837604489978,15.854189430974612,92.12499672502204,9.646111111110741,350.7929999999918,-10.614263102003703,3.502471196368206,-66.22610704053822,29.5991754102697
529314.0,0.4077,0.5816,8.344,0.1199,-0.1198,9.8052,-0.0607,0.9771,-0.6565,62.9,-82.93,28.96,53.052258,-1.799392,10.23,4,351.48,21 / 21,9.244633727474637,5.658846767202423,0.8704296500000083,82.99607156176153,63.10973197351802,2.6339128417740145,False,10.199999999999932,-1.630985314707791,9.481859834202485,15.69377604720463,93.0701536017139,9.62111111110639,350.2400000000033,-10.875619042182429,3.823013067000062,-67.3022955145569,29.960421628195874
529414.0,8.2914,1.8835,9.539,-0.0608,-0.0337,9.8064,0.17,-0.5588,0.2181,58.66,-81.91,37.33,53.052258,-1.799392,10.23,4,351.48,21 / 21,9.590550272354813,5.358852616976246,0.7839146499999886,83.93783076175322,63.66061694272708,2.7166300567740334,False,10.299999999999955,-1.58395727166552,9.321378887355172,15.533362663392985,94.00419098591354,9.45500000000491,350.3559999999966,-11.174507544020333,3.962526270378926,-68.40446809836024,30.343574043186457
529514.0,-3.4239,1.4867,8.8722,0.0867,-0.0054,9.8062,0.0163,0.3762,-0.1678,45.12,-82.43,37.05,53.052258,-1.799392,10.23,4,351.48,21 / 22,9.831362244660967,5.239589759227836,0.723809649999975,84.90892638760423,64.19053906153741,2.792016271774049,False,10.399999999999977,-1.562426855343116,9.262198172759685,15.379633170603082,94.92710887704848,9.393055555556469,350.424999999999,-11.393789100004083,4.02260841353185,-69.52929321700114,30.736569815511075
529614.0,-2.1171,-1.5639,9.2923,-0.0028,-0.1122,9.806,0.1299,-0.5087,0.2896,40.47,-82.12,36.09,53.052258,-1.799392,10.23,4,351.48,21 / 22,9.64282991838687,5.436616754300279,0.6513696499999585,85.88263599575684,64.72434938721393,2.860775236774061,False,10.5,-1.5361361299046776,9.106344535015216,15.232587568793734,95.83890727505029,9.235000000000001,350.425,-11.178966048291548,3.669727780714937,-70.65004842696311,31.114557887836355
529714.0,-5.0528,0.1178,8.9356,0.0336,0.0602,9.8063,-0.2288,0.4958,-0.1569,34.89,-81.7,33.57,53.052258,-1.799392,10.23,4,351.48,21 / 22,9.317265533353346,5.610135038961599,0.5820996499999428,86.83064076834407,65.27668697687716,2.92244870177407,False,10.600000000000023,-1.4990395378170847,9.057907136784616,15.085541967010862,96.75070567375892,9.181111111110281,350.60299999999165,-10.816305071170431,3.447772097823017,-71.7450988013332,31.474018696881757
529814.0,5.584,0.9812,10.9357,-0.0144,-0.0081,9.8065,0.1465,-0.3387,-0.1143,33.13,-81.67,34.7,53.052258,-1.799392,10.23,4,351.48,21 / 22,9.382638953209822,5.6635239158296224,0.5949996499999312,87.76563599267138,65.84036992461621,2.9813036667740103,False,10.699999999999932,-1.5787361462013791,8.987392123447778,14.925128583187732,97.64026508690823,9.124999999996392,350.0369999999848,-10.961375099411201,3.3238682076181556,-72.84050740948365,31.799895162292017
529914.0,2.1375,0.1095,10.2974,0.1158,0.0166,9.8059,0.0663,0.3243,-0.266,30.74,-81.64,35.93,53.052258,-1.799392,10.23,4,351.48,21 / 22,9.745959067287142,5.517947969058595,0.6759896499999496,88.72206589369644,66.39944351886075,3.0448531317740186,False,10.799999999999955,-1.6393021324717738,8.847468129324062,14.764715199429236,98.52982449999384,8.998055555559308,349.50300000001585,-11.385261199758915,3.329520160265467,-73.9573506942672,32.13038098113309
530014.0,4.7676,1.9016,10.0803,-0.034,-0.0222,9.8065,0.1617,-0.6449,0.3812,33.82,-81.59,37.81,53.052258,-1.799392,10.23,4,351.48,21 / 22,10.099712805933002,5.4301433734673665,0.7142096499999583,89.71434948735767,66.94684808598717,3.1143630967740297,False,10.899999999999977,-1.4689034139706236,8.888329526562782,14.624353488599855,99.41938391243683,9.008888888888727,350.61599999998356,-11.568616219903626,3.458186153095415,-75.08999599875781,32.47253582644966
530114.0,3.0159,0.4561,9.816,0.0241,0.0312,9.8065,0.109,-0.3301,0.1825,34.62,-82.18,36.6,53.052258,-1.799392,10.23,4,351.48,21 / 22,10.49639393740766,5.325078094766682,0.7283596499999616,90.74415482452493,67.484609159399,3.186491561774042,False,11.0,-1.5159427727179002,8.816735309749866,14.470623995836918,100.29782383386899,8.946111111111112,350.244,-12.01233671012556,3.491657214983184,-76.27353082868801,32.81321467446999
530215.0,-0.7354,1.7199,10.5378,-0.0121,0.0039,9.8066,-0.0478,-0.3986,0.1369,31.5,-82.72,34.94,53.052258,-1.799392,10.23,4,351.48,21 / 22,10.656962614867483,5.3668152910525855,0.7657548999999614,91.8123993304148,68.02454977538287,3.2619443465490376,False,11.100999999999999,-1.6092185254382034,8.754078017065126,14.308740155996013,101.17403985559936,8.90076111111223,349.5838400000086,-12.266181140305687,3.3872627260125405,-77.5036591744188,33.149490080216495
530314.0,3.3516,0.9371,9.4369,-0.056,-0.0055,9.8064,0.047,-0.285,0.1202,32.0,-82.54,34.77,53.052258,-1.799392,10.23,4,351.48,21 / 22,10.843592372051464,5.425573830150063,0.7836441999999493,92.87667680226657,68.55877303688203,3.338639601998981,False,11.199999999999932,-1.533685353122429,8.844115553095945,14.163165010230916,102.05470367531667,8.976111111104629,350.1619999999868,-12.377277725173894,3.418541722945881,-78.71351179203566,33.49593063843464
530414.0,0.9822,2.6338,10.6495,0.0191,0.0765,9.8063,-0.1629,-0.354,0.2426,33.87,-82.83,34.07,53.052258,-1.799392,10.23,4,351.48,21 / 22,11.133020832096324,5.474193514405569,0.8072991999999547,93.97550746247421,69.10376140410993,3.4181867719989945,False,11.299999999999955,-1.5644721541441942,8.607026366992935,14.002751626419276,102.91090460971309,8.748055555562296,349.69800000001374,-12.697492986240519,3.1328328525873657,-79.97275583605494,33.807143205603154
530515.0,1.4335,1.1698,9.7687,0.1132,-0.063,9.8058,0.0109,-0.1616,0.1102,30.31,-83.3,28.94,53.052258,-1.799392,10.23,4,351.48,22 / 22,11.34880117644327,5.587440448092234,0.8479466499999544,95.11083947390546,69.66237391921607,3.5017766874239893,False,11.400999999999954,-1.4801156255067802,8.547151448302044,13.85430240752785,103.77555636001381,8.674361111112061,350.1754899999993,-12.82891680195005,2.9597110002098095,-81.2565370663776,34.11318244079774
530614.0,3.9182,0.6878,10.6192,0.0722,0.0128,9.8063,0.035,-0.3217,-0.0876,24.39,-83.48,24.32,53.052258,-1.799392,10.23,4,351.48,22 / 22,11.636654860491298,5.568801366267322,0.8862893499999724,96.24861954773425,70.21460788902712,3.587621369424026,False,11.5,-1.4621384011281604,8.486070107172555,13.715344313807314,104.61218698832697,8.61111111111111,350.224,-13.09879326161946,2.917268740905233,-82.53327523392693,34.39757909929985
530714.0,1.3183,2.1485,8.4943,-0.0191,-0.0151,9.8065,0.0124,-0.1305,-0.1396,24.07,-83.52,24.25,53.052258,-1.799392,10.23,4,351.48,22 / 22,11.939120606935319,5.607217251423459,0.8612993499999668,97.42740832110584,70.7734088199118,3.6750008044240428,False,11.600000000000023,-1.256016596488701,8.366243022368431,13.595034275972848,105.45726842965237,8.459999999999038,351.46199999998834,-13.19513720342402,2.759025770944972,-83.832374045133,34.68385960974058
530814.0,2.122,1.6023,9.1389,0.0562,-0.0369,9.8064,-0.2977,-0.0775,0.1382,24.97,-83.69,25.1,53.052258,-1.799392,10.23,4,351.48,22 / 22,12.179046530594114,5.723019287010857,0.762294350000057,98.63331667798121,71.339920646833,3.7561804894239703,False,11.699999999999932,-1.3602788110350683,8.284060994238128,13.461356456150673,106.28011088824813,8.395000000000536,350.6749999999767,-13.539325341629182,2.5610417072272718,-85.17196022183055,34.94019024141514
530915.0,-1.2882,2.2747,9.6106,0.0023,0.0088,9.8066,0.211,0.1264,-0.214,21.49,-83.39,19.15,53.052258,-1.799392,10.23,4,351.48,22 / 22,12.297500094319544,5.898908321442772,0.7186724500000574,99.86938228253935,71.9268279910599,3.8309693128239752,False,11.80099999999993,-1.4816327493536048,8.282305276057247,13.306223346237195,107.12241245729072,8.413788888889185,349.85756999998944,-13.779132843673148,2.383396954614475,-86.56315893630216,35.19558446623083
531014.0,4.8297,0.9058,10.3774,0.0923,-0.0484,9.806,0.0689,0.0597,-0.1192,18.51,-83.62,14.45,53.052258,-1.799392,10.23,4,351.48,22 / 22,12.524892296546291,6.010660436663723,0.7372201000000661,101.09809070588778,72.51635164458644,3.903035994049015,False,11.899999999999977,-1.4288318049782913,8.281532957724377,13.167265252542967,107.94803478740222,8.403888888889037,350.2109999999947,-13.953724101524582,2.270872521060654,-87.93082545334482,35.431683142815785
531115.0,-3.1834,1.4769,9.1756,0.098,0.0031,9.8061,-0.0772,0.3764,-0.3841,18.0,-83.67,13.99,53.052258,-1.799392,10.23,4,351.48,22 / 22,12.644952807653324,6.114701614325021,0.7341749500000662,102.36916788364985,73.12868242816137,3.977341444074021,False,12.000999999999976,-1.4385906921608091,8.225749744913356,13.025499924606187,108.76798617532266,8.350600000000004,350.07995999999997,-14.083543499814134,2.111048130588335,-89.34366795904367,35.63930374716129
531215.0,1.7661,1.9518,10.3674,0.0044,0.0288,9.8066,-0.1185,-0.2696,0.1379,19.69,-83.7,15.22,53.052258,-1.799392,10.23,4,351.48,22 / 22,12.636654281038625,6.3135166139043175,0.7306599500000653,103.63324823808473,73.75009333957297,4.050583189074044,False,12.100999999999999,-1.388077217845006,8.181573844112693,12.88513821380397,109.59060624334874,8.298488888886668,350.37090999999697,-14.024731498883632,1.8680572302083753,-90.74811002428076,35.840512903775775
531317.0,5.0718,1.7874,8.8786,0.1258,-0.001,9.8058,-0.0391,0.5128,-0.3723,14.38,-84.06,11.21,53.052258,-1.799392,10.23,4,351.48,22 / 22,13.031956226575012,6.41867554677648,0.71192765000007,104.94234737397271,74.39943513976753,4.124155156674033,False,12.202999999999975,-1.3900835590178349,8.029137233735078,12.742370302245266,110.40722178440217,8.148588888888618,350.1777700000124,-14.422039785592847,1.6104616869585984,-92.19997707172745,36.007786644634635
531415.0,12.027,3.1606,9.6898,-0.0335,0.0454,9.8064,0.006,-0.5247,0.3867,15.66,-84.12,12.25,53.052258,-1.799392,10.23,4,351.48,22 / 22,13.906707063460187,6.449001720696238,0.6607275500000929,106.26234187518385,75.02995132587341,4.191415261474011,False,12.30099999999993,-1.3261974612932874,8.028704345875598,12.617849413080235,111.19170199161891,8.137500000004119,350.6204200000077,-15.232904524753474,1.57970262517936,-93.64449246210361,36.1617506657455
531515.0,-6.0123,1.416,9.2327,0.1796,-0.007,9.805,0.0277,0.3353,-0.4802,14.22,-84.52,11.4,53.052258,-1.799392,10.23,4,351.48,20 / 21,14.25743291830641,6.598835749848561,0.6261875500000851,107.6705488742725,75.6823431994008,4.255761016474034,False,12.400999999999954,-1.3388736447057557,7.887136848085032,12.484171593258209,111.98118597150953,7.99996944444449,350.36564999999905,-15.596306563012165,1.288301098236471,-95.18637728101429,36.29884277210873
531614.0,1.5581,3.1724,9.9622,-0.1263,-0.0066,9.8057,0.103,-1.0344,0.5699,19.46,-84.55,15.57,53.052258,-1.799392,10.23,4,351.48,20 / 21,14.114788931629851,6.879469570190394,0.6054767500000754,109.074973855845,76.34951931274304,4.316728399324071,False,12.5,-1.3295116668727744,7.885652742492536,12.35183055160833,112.76277511021493,7.996944444444445,350.43,-15.444300598502625,1.0061831723021424,-96.72314330423667,36.41325579747189
531714.0,9.3697,0.0881,9.1797,-0.0126,0.0044,9.8066,-0.0402,-0.3926,0.2,28.33,-84.26,19.32,53.052258,-1.799392,10.23,4,351.48,20 / 21,14.661277898014477,6.801410702582372,0.5819067500000701,110.51377719732754,77.03356332638184,4.376097574324092,False,12.600000000000023,-1.1301950548269126,7.873182812233636,12.24488829578773,113.55225908941236,7.9538888888899395,351.83099999998063,-15.79147295284139,1.0717721096512642,-98.26888890153981,36.51869576303052
531814.0,2.1241,2.2532,8.4072,-0.1767,-0.0022,9.805,0.0964,-0.9712,0.3971,38.33,-83.8,27.2,53.052258,-1.799392,10.23,4,351.48,20 / 21,15.237317606503689,6.621077834843559,0.48058675000016227,112.00870697255209,77.70468775325253,4.429222249324055,False,12.699999999999932,-1.3217441204505993,7.915403810295648,12.111210475912978,114.34174306931622,8.02499999999929,350.52000000000214,-16.559061726954287,1.2943259754520886,-99.8974964966391,36.637055316063694
531914.0,8.6216,-0.538,11.2508,-0.1059,-0.009,9.806,0.2087,-0.928,0.5391,37.44,-83.95,26.69,53.052258,-1.799392,10.23,4,351.48,20 / 21,15.726061664756646,6.375102465331309,0.4828217500001628,113.55687593611546,78.35449676826141,4.477392674324082,False,12.799999999999955,-1.3070209505228465,7.892508868218406,11.977532656127519,115.1312270477489,8.000000000000739,350.5969999999977,-17.033082615279493,1.5174064028870973,-101.57934327998794,36.77673027948748
532015.0,-5.8747,3.3184,9.6729,-0.1178,0.0005,9.8059,0.091,-0.261,0.1866,29.5,-84.42,23.6,53.052258,-1.799392,10.23,4,351.48,20 / 21,15.888076754621853,6.3965425089526065,0.5489969500001622,115.15338992629405,78.99946483946275,4.529499518674098,False,12.900999999999954,-1.0689715025160729,7.84190591379882,11.882821920772525,115.92849467181404,7.914430555556402,352.23753000000517,-16.957048257137927,1.4453634048462138,-103.27056800552153,36.92902983235129
532115.0,4.1248,0.4472,9.9556,-0.1244,0.0072,9.8058,0.1324,-1.0348,0.4598,41.72,-84.08,29.81,53.052258,-1.799392,10.23,4,351.48,20 / 21,15.891933837015676,6.580257641075476,0.5497569500001626,116.74239045587629,79.6483048469643,4.584437213674127,False,13.000999999999976,-1.1078461151546408,7.778226321070364,11.769195773945288,116.70663676873022,7.856725000000012,351.89393,-16.999779952170318,1.1979686799948883,-104.973194681931,37.05833192176593
532215.0,-4.5491,0.8299,9.3105,-0.0476,0.0183,9.8065,-0.0438,0.1499,0.0257,33.15,-84.46,26.65,53.052258,-1.799392,10.23,4,351.48,20 / 21,15.902505702361251,6.633791860236161,0.5323969500001586,118.33211243284549,80.30900732203003,4.638544908674155,False,13.100999999999999,-1.0891045473260745,7.647015611579022,11.655770143847228,117.46276226994335,7.7241888888876975,351.8944000000108,-16.991610249687326,1.0132237513428608,-106.67634228899826,37.15375494791333
532315.0,4.5428,0.8291,9.6161,-0.1037,0.0152,9.806,0.0024,-0.587,0.166,42.36,-84.4,30.85,53.052258,-1.799392,10.23,4,351.48,20 / 21,15.940109215413296,6.685415810801585,0.4980619500001508,119.92424317873459,80.97496770558206,4.690067853674182,False,13.201000000000022,-0.9808098816808822,7.579413984410371,11.562128830998825,118.21877657623138,7.642611111107439,352.62663999999893,-16.920919097094178,0.8939981736087859,-108.36211434773575,37.24380887064932
532415.0,5.4969,0.928,10.1787,0.0852,-0.003,9.8062,-0.1439,0.6103,-0.4442,33.83,-84.6,27.05,53.052258,-1.799392,10.23,4,351.48,20 / 21,16.39969366826278,6.463397834469687,0.5071369500001426,121.54123332291692,81.63240838784503,4.7403277986741506,False,13.30099999999993,-0.9701669905483776,7.452296454307944,11.461803627230235,118.96367139003335,7.515188888891624,352.5826400000248,-17.36986065881116,0.988898619838257,-110.07942969568668,37.33126300218832
532514.0,-2.6819,2.196,9.459,-0.0418,0.012,9.8064,-0.0841,-0.047,0.0463,41.36,-84.31,29.67,53.052914,-1.799561,9.5,4,6.66,20 / 21,16.632932969690483,6.534190719457547,0.5083447500001431,123.17634834149638,82.27578902126473,4.7905941428241885,False,13.399999999999977,-1.064632125875474,7.347154869140968,11.3559307939419,119.69021904053149,7.423888888890252,351.75500000001233,-17.697565095565956,0.8129641496834212,-111.82041754755448,37.41443001926676
532614.0,-1.7425,1.476,9.4717,0.0801,0.0039,9.8063,-0.1309,0.5002,-0.3264,40.27,-84.16,28.74,53.052914,-1.799561,9.5,4,6.66,20 / 21,16.596457752056306,6.832266578506601,0.4742147500001354,124.8378178775841,82.94411188616309,4.839722117824214,False,13.5,-1.0501114556806723,7.119078666098936,11.248988538095125,120.401866571335,7.196111111111111,351.60900000000004,-17.646569207736977,0.28681208759233545,-113.58882933948898,37.45775468517192
532714.0,-0.3149,0.9261,9.7055,0.0006,0.0087,9.8066,-0.0116,0.0712,-0.1863,39.32,-84.34,28.23,53.052914,-1.799561,9.5,4,6.66,20 / 21,16.60497823843716,7.005303322998238,0.45240975000013056,126.49788967710916,83.63599038123849,4.886053342824237,False,13.600000000000023,-0.7892087069278094,6.833466321168887,11.188833519137635,121.08015562344642,6.87888888888608,353.41199999998275,-17.394186945364968,-0.1718370018293518,-115.30905615797153,37.44416524220793
532814.0,6.0031,-0.5471,11.0023,0.0986,0.0138,9.806,-0.0817,0.4718,-0.2634,42.28,-84.25,30.54,53.052914,-1.799561,9.5,4,6.66,20 / 21,16.836194970591794,6.843359500862124,0.5071347500000809,128.16994833755908,84.32842352243087,4.934030567824204,False,13.699999999999932,-0.9022342422009606,6.627760401531946,11.095259045277887,121.74732518313155,6.68888888888997,352.24799999995804,-17.738429212792756,-0.21559909933017796,-117.07468929228119,37.41890166070068
532914.0,-0.3729,1.2041,10.2213,0.0506,-0.016,9.8065,-0.0188,0.515,-0.2733,37.48,-84.56,27.01,53.052914,-1.799561,9.5,4,6.66,20 / 21,17.071850404456193,6.694895183755549,0.5876497500000992,129.86535060631186,85.0053362566619,4.988769792824225,False,13.799999999999955,-1.078988630693642,6.639846767317737,10.981632898432345,122.41449474276892,6.726944444443319,350.7700000000437,-18.150839035149836,-0.05504841643781244,-118.88371770787953,37.40915848610702
533014.0,6.4656,-1.031,10.3873,0.0378,-0.0132,9.8065,0.0701,-0.0854,-0.0305,37.13,-84.56,26.73,53.052914,-1.799561,9.5,4,6.66,20 / 21,17.329801299059422,6.532815485630792,0.6374147500001106,131.58543319148802,85.66672179013138,5.05002301782425,False,13.899999999999977,-0.9716542616410488,6.4460685957840855,10.888058424545891,123.05942531760418,6.518888888891965,351.42799999999033,-18.30145556070047,-0.08674688984670631,-120.69737476694213,37.392703527472804
533114.0,1.2491,0.905,9.488,0.1017,0.001,9.806,-0.1222,0.5999,-0.2598,37.04,-84.7,26.85,53.052914,-1.799561,9.5,4,6.66,20 / 21,17.64296653239759,6.310148423458876,0.6505147500001136,133.33407158306127,86.308869985586,5.114419492824275,False,14.0,-0.9678680804687094,6.362920525464523,10.794483950686603,123.69323639930596,6.436111111111112,351.351,-18.6108346128663,0.052772102005647525,-122.53958763237468,37.38436641371996
533214.0,6.5145,-0.2097,10.047,-0.0693,-0.002,9.8064,0.1397,-0.7392,0.3612,36.32,-84.74,26.3,53.052914,-1.799561,9.5,4,6.66,20 / 21,17.985634354776813,6.122413473849039,0.6465997500001128,135.1155016274204,86.93049808045154,5.179275217824301,False,14.100000000000023,-1.0512095471667104,6.371925929152093,10.68754169481345,124.32704748171523,6.45805555555659,350.6320000000123,-19.036843901943524,0.2495124553030541,-124.42795993260695,37.396549401263684
533314.0,2.0139,0.125,10.5214,0.027,-0.0104,9.8065,0.1064,-0.2476,0.1052,38.21,-84.75,27.89,53.052914,-1.799561,9.5,4,6.66,20 / 21,18.334332188502476,5.8787092038736874,0.6943547500000695,136.9314999545827,87.53055421433713,5.246322942824249,False,14.199999999999932,-0.9685138031765315,6.455810588104435,10.593967220954081,124.9830975482671,6.52805555555595,351.4679999999845,-19.302845991679007,0.5771013842307475,-126.33753273362862,37.45254333392997
533414.0,-6.049,1.0468,9.7201,-0.1084,0.0088,9.806,0.0649,-0.647,0.4479,34.66,-85.05,25.31,53.052914,-1.799561,9.5,4,6.66,20 / 21,18.20756292384212,6.0515652943752585,0.7257647500000768,138.75859471020036,88.12706793924971,5.317328917824272,False,14.299999999999955,-1.0321809024555633,6.460003072661657,10.493708856095056,125.62802812305478,6.541944444444034,350.92200000001617,-19.239743826297683,0.40843777828639816,-128.2648858541053,37.50096018380506
533514.0,2.4835,0.1211,10.7501,-0.0659,0.0081,9.8064,0.0285,-0.6387,0.3536,41.6,-84.97,28.12,53.052914,-1.799561,9.5,4,6.66,20 / 21,18.095116272266644,6.203579205603342,0.7686097500000866,140.5737286700062,88.73982516424878,5.392047642824298,False,14.399999999999977,-1.0342634799639046,6.550800421947905,10.386766600221904,126.28407819102202,6.631944444443114,351.0279999999984,-19.129379752230548,0.34722121634456293,-130.1869620697843,37.544253026773234
533614.0,-3.8328,0.7449,8.8469,-0.0406,0.023,9.8065,-0.0024,-0.166,0.0451,41.37,-85.11,28.12,53.052914,-1.799561,9.5,4,6.66,20 / 21,18.083352589072838,6.294579455669378,0.7677947500000865,142.3826521130736,89.36473309731257,5.468867867824324,False,14.5,-1.1747125252949415,6.467233552248978,10.273140453368194,126.94012825757494,6.573055555555555,349.705,-19.25806511436778,0.17265409657959996,-132.1095116597054,37.575395160262374
533714.0,5.3945,-1.2881,10.3945,-0.1116,-0.0042,9.806,0.1083,-0.5964,0.3355,44.45,-85.15,27.93,53.052914,-1.799561,9.5,4,6.66,20 / 21,18.122504015347854,6.228361679621473,0.7491997500000823,144.19294494329503,89.99088015407725,5.54471759282435,False,14.600000000000023,-1.2175965553319112,6.536450266410275,10.146146524553762,127.58505883241003,6.648888888890486,349.4480000000173,-19.340100570679766,0.30808858678880124,-134.04679841874128,37.59417867833278
533814.0,1.9864,-1.2509,10.3411,0.0373,-0.0051,9.8065,-0.0866,0.423,-0.2231,38.53,-85.37,26.08,53.052914,-1.799561,9.5,4,6.66,20 / 21,18.319231188359232,5.896990027067277,0.8053147500000314,146.01503170347874,90.59714773941113,5.622443317824285,False,14.699999999999932,-1.101722852269691,6.666521205403303,10.039204268680345,128.26334788522752,6.7569444444441915,350.61599999999,-19.420954040628924,0.7695311783360257,-135.9758274347984,37.66620014581639
533914.0,3.9423,0.4396,10.2722,-0.0332,0.0216,9.8065,0.0249,-0.0689,0.0729,39.2,-85.53,23.96,53.052914,-1.799561,9.5,4,6.66,20 / 21,18.53450679943088,5.693417786352658,0.8553147500000429,147.85771860286866,91.17666813008226,5.705474792824307,False,14.799999999999955,-1.1412708605419934,6.650846156974723,9.925578121861376,128.91939795173272,6.748055555555819,350.2630000000105,-19.675777659972873,0.9574283706220648,-137.93214048100728,37.74272982165046
534014.0,0.5533,1.6901,9.321,0.0703,-0.022,9.8063,-0.079,0.3438,-0.2465,34.85,-85.61,23.24,53.052914,-1.799561,9.5,4,6.66,20 / 21,18.78155286335481,5.654482201203548,0.8543097500000427,149.72352158600836,91.7440631294602,5.790956017824331,False,14.899999999999977,-1.3312016066323198,6.705245514217809,9.79190030204021,129.59768700455095,6.836111111109809,348.77100000002207,-20.11275446998713,1.0507633130142615,-139.93162128396816,37.85362387509075
534114.0,-0.2342,-2.3002,8.6489,0.0123,0.0283,9.8065,-0.3763,0.2594,0.0976,28.32,-85.73,17.21,53.052914,-1.799561,9.5,4,6.66,20 / 21,18.795606531357166,5.6282160449019765,0.772139750000024,151.6023795557444,92.3081980417656,5.8722784928243525,False,15.0,-1.212060070323316,6.60075167928675,9.678274155159531,130.2537370711042,6.711111111111111,349.595,-20.00766660168048,0.9725356343847738,-141.92410540058486,37.945539029338605
534216.0,2.1462,-0.8838,9.7212,-0.1461,0.0411,9.8054,-0.1045,-0.8241,0.6269,35.56,-85.5,20.78,53.052914,-1.799561,9.5,4,6.66,20 / 21,18.800457088343308,5.4464341470405015,0.7087365500000393,153.51977880034866,92.87300520155453,5.9478031841243375,False,15.101999999999975,-1.125067488728845,6.699799610673719,9.569059376375632,130.94603668469065,6.793611111114558,350.46720000000676,-19.925524577072153,1.2533654636332177,-143.95071942397303,38.07303148313612
534315.0,7.3784,1.2607,13.0083,0.0073,0.0424,9.8065,0.1037,-0.7396,0.3292,22.38,-85.83,9.21,53.052914,-1.799561,9.5,4,6.66,20 / 21,19.230011188852714,5.283691291387977,0.8629884500001117,155.40228698007076,93.404146410757,6.025603571624382,False,15.201000000000022,-1.1095266589496735,6.9352913064936015,9.456569490990418,131.63922585789618,7.023488888884545,350.91052999997856,-20.339537847802386,1.6516000151056245,-145.94571748908032,38.235079447139185
534415.0,-6.1502,-0.5088,11.0397,-0.1487,0.0802,9.8051,0.0486,-0.3064,0.0475,16.83,-86.04,4.7,53.052914,-1.799561,9.5,4,6.66,20 / 21,19.29790257141028,5.283387734969322,1.08472344999991,157.32868266808217,93.93250036207438,6.122989166624294,False,15.30099999999993,-1.1738053975573546,6.775849582802009,9.34287650523505,132.30684019724313,6.8767694444359035,350.1719399999972,-20.471707968967635,1.4924618478326872,-147.98580616284713,38.374339835168755
534515.0,13.1154,-4.2695,10.5183,-0.1912,0.0393,9.8047,0.4113,-1.771,0.9959,37.52,-86.46,20.13,53.052914,-1.799561,9.5,4,6.66,20 / 21,19.39288920379905,4.795571459209417,1.1819584499999323,159.26322225684308,94.43644832178343,6.236323261624312,False,15.400999999999954,-1.211886287163186,7.056850332850964,9.222432789555068,133.01815414326697,7.160163888891537,350.2553000000144,-20.604775490962236,2.2612788736415474,-150.04078946728802,38.58170582148354
534615.0,-5.4491,1.2149,8.7216,0.0533,-0.0378,9.8064,0.0226,0.6212,-0.4337,27.42,-87.04,14.79,53.052914,-1.799561,9.5,4,6.66,20 / 21,19.577276622774686,4.421978220612916,1.163288449999928,161.2117305481722,94.89732580577466,6.353585606624332,False,15.500999999999976,-1.295268831364357,6.864235200458528,9.089089164308897,133.69677678085864,6.985411111111096,349.31363999999985,-20.872545454139043,2.442256979845612,-152.1226413838633,38.799450975083985
534715.0,-3.9584,2.7307,9.684,-0.2024,-0.0365,9.8045,0.169,-0.6175,0.3574,37.59,-86.58,19.17,53.052914,-1.799561,9.5,4,6.66,20 / 21,19.29802596829944,4.846006303369702,1.1029034499999144,163.15549567772635,95.3607250319739,6.46689520162435,False,15.600999999999999,-1.0977051747516977,7.0501470006458,8.9886302826863,134.40820192110567,7.1350999999985145,351.1499999999868,-20.39573114305114,2.204140697276098,-154.16686539504005,39.04747688913177
534815.0,-6.2914,1.7967,9.3773,0.1624,-0.0415,9.8051,-0.1967,0.9497,-0.662,20.05,-86.64,4.87,53.052914,-1.799561,9.5,4,6.66,20 / 21,18.966858931054194,5.283249365921479,1.0753034499999081,165.06873992269448,95.86718781543857,6.575805546624366,False,15.701000000000022,-1.1887962048508895,6.934298935299055,8.868587600492368,135.09783285619886,7.035480555556937,350.27186000003695,-20.155655135905082,1.6510495693775757,-156.20015232220211,39.230645040760294
534914.0,-0.2719,2.3723,8.9116,-0.0495,0.0255,9.8064,-0.2293,0.2178,-0.1527,30.86,-86.15,13.77,53.052914,-1.799561,9.5,4,6.66,20 / 21,18.759590312042306,5.597697890314061,1.0097456499999526,166.9361991602265,96.40579470462187,6.679015477074289,False,15.799999999999955,-1.0414400344660393,7.006074411371673,8.775948871352192,135.80236391094186,7.083055555554135,351.544999999962,-19.801030346508345,1.4083765210576118,-158.1602502888743,39.396569206319995
535014.0,9.3798,-4.4254,9.0657,0.1748,-0.0381,9.805,-0.0214,1.0245,-0.7419,38.45,-85.87,19.99,53.052914,-1.799561,9.5,4,6.66,20 / 21,19.047224659573832,5.256999157855613,0.9279456499999341,168.82653990880772,96.94852955703047,6.775900042074306,False,15.899999999999977,-1.125763237863487,7.144910762353584,8.662322724525549,136.51401144174505,7.233055555553339,351.0460000000074,-20.17298789743732,1.8879116044979716,-160.16421718428217,39.565481884714586
535116.0,-5.0374,-0.7789,9.4704,0.0833,-0.0493,9.8061,0.125,1.3693,-0.8426,29.43,-86.19,12.49,53.052914,-1.799561,9.5,4,6.66,20 / 21,19.04697697766963,4.890247398115772,0.8730084499999474,170.76934419230668,97.46603913138489,6.8677487011742775,False,16.001999999999953,-1.1215386038246768,7.21597827613578,8.553776334814168,137.25190097499762,7.302649999999965,351.16489999999976,-20.168515581494308,2.325730878020008,-162.21556785749252,39.785861843612736
535214.0,12.1949,-0.7777,12.4959,0.1221,-0.0172,9.8058,0.0603,-0.1547,0.0304,44.61,-86.06,24.62,53.052914,-1.799561,9.5,4,6.66,20 / 21,19.221024530777054,4.546168982247119,0.9883054500000299,172.64447626622191,97.928423534023,6.958953082274341,False,16.100000000000023,-0.992139071572061,7.420916195245564,8.475173776753433,137.99290396618656,7.486944444444461,352.38500000000374,-20.213163602349116,2.874747212998445,-164.1693024894685,40.06448043216356
535314.0,2.3506,-3.0379,7.8663,0.1596,0.0039,9.8053,-0.2176,0.6909,-0.3857,30.3,-86.48,15.92,53.052914,-1.799561,9.5,4,6.66,20 / 21,19.662090128597324,3.9147299063116043,1.0257504499999959,174.58863199918886,98.35146847845054,7.059655877274251,False,16.199999999999932,-0.9595034674532313,7.426326756825562,8.374915411886848,138.72679048184116,7.488055555563032,352.63799999997605,-20.621593596050555,3.5115968505139574,-166.213716587302,40.37532200339062
535414.0,8.0627,-3.532,8.7392,-0.1603,0.0239,9.8052,0.0167,-0.9811,0.8058,52.07,-85.93,32.13,53.052914,-1.799561,9.5,4,6.66,20 / 21,19.805737181139925,3.311856697671346,0.8753604499999618,176.56202336467618,98.71279780864977,7.1547114222742705,False,16.299999999999955,-1.1063361026239023,7.671749727715325,8.261289265041308,139.49403547613144,7.751111111103336,351.794000000025,-20.912073283763828,4.359893030043978,-168.30073409963487,40.781237667481676
535514.0,2.3641,-1.5642,8.8264,0.0424,-0.0457,9.8064,0.0202,-0.3945,-0.089,40.58,-86.22,24.37,53.052914,-1.799561,9.5,4,6.66,20 / 21,19.964818951853257,2.76232643814251,0.7729754499999385,178.55055117132628,99.01650696544053,7.237128217274284,False,16.399999999999977,-0.6369082530589567,7.741901251719484,8.214502028096401,140.28351945532822,7.768055555555305,355.29699999994824,-20.601727204912212,4.979574813576974,-170.33604914322987,41.26701248988769
535614.0,-5.636,4.48,9.3836,-0.0843,0.039,9.8062,-0.0265,-0.6252,0.214,42.24,-85.96,26.29,53.052914,-1.799561,9.5,4,6.66,20 / 21,19.956214121918045,2.9956227420828445,0.7028104499999226,180.5466028250153,99.30440442445186,7.310917512274294,False,16.5,-0.4529846923021916,7.987165008220369,8.167714791180044,141.07300343381834,8.0,356.754,-20.409198814220236,4.991542266137525,-172.37888803383527,41.76859900936648
535714.0,4.9432,-0.3005,9.6429,-0.1249,0.0205,9.8058,0.0482,-0.6219,0.4592,47.94,-85.78,31.17,53.052914,-1.799561,9.5,4,6.66,20 / 21,20.06401278960472,3.170923638799345,0.6734704499999159,182.54761417059188,99.61273174349604,7.379731557274302,False,16.600000000000023,-0.23822809570580153,8.031467635150474,8.154347009192357,141.8847263985746,8.03500000000331,358.30100000000317,-20.30224088531052,4.8605439963511285,-174.39326716139954,42.27199465507856
535814.0,-2.2042,1.3495,10.4298,0.0654,0.0101,9.8063,-0.2787,0.9,-0.4838,42.92,-85.64,29.59,53.052914,-1.799561,9.5,4,6.66,20 / 21,20.19518198013293,3.1153512780675165,0.6964404499998951,184.56057390907694,99.9270454893391,7.44822710227423,False,16.699999999999932,-0.21403106900105465,8.25611509007619,8.127611445218545,142.70756885575602,8.258888888893184,358.5149999898173,-20.409213049133985,5.140763812008673,-176.4329624638584,42.78052336641693
535914.0,-9.5644,1.4104,8.9503,0.0129,0.0213,9.8066,-0.1926,0.5578,-0.212,43.98,-85.74,27.61,53.052914,-1.799561,9.5,4,6.66,20 / 21,19.876318482521686,3.6365733570425087,0.6847804499998925,186.56414893221012,100.26464172109468,7.517288147274235,False,16.799999999999955,0.03566796525620683,8.409924363285171,8.140979227231638,143.55265029843488,8.409999999995534,0.24300001059003762,-19.84065051726548,4.773351006242662,-178.42316970497848,43.28800857734021
536014.0,3.4739,1.3301,11.8928,0.1631,-0.0034,9.8053,0.083,0.7231,-0.2803,33.39,-86.39,19.3,53.052914,-1.799561,9.5,4,6.66,20 / 21,19.772601726635553,3.9940769299404977,0.7462704499999065,188.54659494266843,100.64617423544391,7.588840692274242,False,16.899999999999977,0.2660617071059932,8.442753201150245,8.16771479117965,144.39773174117528,8.446944444443899,1.8049999999769146,-19.50654001952956,4.448676271209747,-180.37888015148877,43.75155750573137
536114.0,-7.1942,3.5807,8.6813,0.1549,0.019,9.8053,-0.1636,1.027,-0.4211,36.85,-86.61,21.83,53.052914,-1.799561,9.5,4,6.66,20 / 21,19.782660637220953,4.328387396606382,0.7943104499999175,190.52435806086172,101.06229745177134,7.66586973727425,False,17.0,0.33173313496702034,8.690615386548759,8.201134246161562,145.2761716611921,8.696944444444444,2.186,-19.450927502253933,4.362227989942377,-182.32322381470016,44.213874209420766
536214.0,1.0095,0.8931,10.7498,0.0142,0.0044,9.8066,-0.044,-0.3065,0.2504,41.98,-86.63,23.26,53.052914,-1.799561,9.5,4,6.66,20 / 21,19.679605861872076,4.701476526615847,0.7852004499999156,192.49747138581682,101.51379064793255,7.74484528227426,False,17.100000000000023,0.474613779775849,8.803326466941142,8.254605374058576,146.1546115819171,8.816111111113564,3.0860000000178243,-19.204992082096226,4.101849940325295,-184.24286601175825,44.64082093398454
536314.0,-3.9616,4.353,9.8178,0.0857,-0.0175,9.8062,-0.0625,0.2444,-0.238,31.41,-86.56,17.68,53.052914,-1.799561,9.5,4,6.66,20 / 21,19.70066214391629,5.004971039270354,0.8329154499998722,194.46648478610444,101.99911302622642,7.825751077274176,False,17.199999999999932,0.6722041664530065,8.95675541486835,8.321444283970138,147.05529048749239,8.981944444449166,4.292000000032287,-19.028457977463283,3.9517843755979962,-186.1450405021343,45.05617746126596
536416.0,0.5102,-1.9746,6.4234,-0.0964,-0.0492,9.806,0.3309,-0.7467,0.4202,34.98,-86.5,16.87,53.052914,-1.799561,9.5,4,6.66,20 / 21,19.616063919110864,5.218292768551151,0.660938349999722,196.47163781532058,102.52049948042578,7.901937621074222,False,17.30200000000002,0.8673833501957855,9.110852637011124,8.416890247300927,147.9857696338203,9.152055555549834,5.438139999985498,-18.748680568915077,3.8925598684599736,-188.05474756801965,45.46527015339451
536514.0,2.2773,-0.8235,11.2089,0.0233,-0.0606,9.8064,0.2121,0.0379,-0.2726,33.95,-86.38,18.96,53.052914,-1.799561,9.5,4,6.66,19 / 22,19.659665896116202,5.044072053516136,0.5638693499997653,198.39614857626586,103.02335535670686,7.96195319837417,False,17.399999999999977,0.9665903180829549,9.297948474082121,8.508593231735048,148.90112627040193,9.3480555555526,5.934999999992506,-18.69307557803325,4.253876420565985,-189.88755534453082,45.87777091369507
536615.0,2.7594,0.8306,7.7702,-0.1402,0.0848,9.8052,-0.1537,-0.7919,0.4526,57.82,-86.38,38.23,53.052914,-1.799561,9.5,4,6.66,19 / 22,19.85304499471656,4.86303995254667,0.5318422499997657,200.39154047625289,103.52366451301303,8.017286634174146,False,17.500999999999976,1.0049482426135528,9.40725207077515,8.609987858043208,149.84483761257744,9.460780555555537,6.0975199999999585,-18.848096752103007,4.544212118228481,-191.78155261820967,46.321173099564405
536714.0,5.5542,-3.1427,9.7408,-0.0682,0.0269,9.8063,0.0357,-0.6705,0.406,52.15,-86.46,35.28,53.052914,-1.799561,9.5,4,6.66,19 / 22,20.019906157784085,4.468101194551214,0.427778399999717,202.3652515583026,103.9855559997946,8.064787856349144,False,17.600000000000023,1.0997194132994192,9.585175700796032,8.722477743428506,150.80255951550677,9.64805555555721,6.545000000003872,-18.920186744484667,5.117074506244818,-193.6427738148741,46.81700351571217
536814.0,-5.4674,3.9086,10.7851,-0.1106,0.0394,9.8059,-0.2912,-0.417,-0.0103,47.29,-86.54,31.03,53.052914,-1.799561,9.5,4,6.66,19 / 22,20.03689786085062,4.498462105925437,0.47340839999967554,204.3680917592325,104.43388416481802,8.109847196349072,False,17.699999999999932,1.1568067429992313,9.691202100844999,8.836103890282375,151.7699553770506,9.76000000000364,6.807000000005543,-18.88009111785139,5.192739994919561,-195.53198786895013,47.33607121223257
536914.0,11.0205,0.2998,11.687,-0.2425,-0.0225,9.8035,0.3155,-1.043,0.7561,56.4,-85.63,37.41,53.052914,-1.799561,9.5,4,6.66,19 / 22,20.325413321603037,4.393361437220809,0.616348399999708,206.38620731835564,104.87847534197545,8.164335036349055,False,17.799999999999955,1.2053934228683696,9.814309418689827,8.95641392810789,152.74847073236424,9.88805555555177,7.001999999994236,-19.120019898734668,5.420947981469018,-197.42979339024777,47.869995390388794
537014.0,1.69,-0.1509,9.6644,0.1355,-0.0014,9.8057,-0.1509,1.2919,-0.7099,53.35,-86.0,36.41,53.052914,-1.799561,9.5,4,6.66,19 / 22,20.70079947778509,3.881866111637316,0.7032533999997278,208.43751795832551,105.29223671941844,8.230315126349042,False,17.899999999999977,1.290799500398332,10.000092298880695,9.090091747955826,153.74922507189245,10.083055555552674,7.354999999994783,-19.409999977386757,6.118226187243379,-199.3474262103697,48.45698835247401
537114.0,-9.8917,2.0063,10.9853,-0.0057,-0.0152,9.8066,-0.0013,0.551,-0.3766,50.15,-86.09,35.98,53.052914,-1.799561,9.5,4,6.66,19 / 22,20.51821592028897,4.265743682530714,0.7550733999997397,210.49846872822968,105.69961720912694,8.303231466349033,False,18.0,1.4052712557519251,10.032054261105122,9.230453458784519,154.7610989031395,10.13,7.974,-19.112944664537046,5.766310578574408,-201.26801526944516,49.061481694012556
537215.0,6.2782,-0.3979,11.5347,0.1801,-0.0813,9.8046,0.1572,0.7136,-0.1748,41.17,-86.32,25.06,53.052914,-1.799561,9.5,4,6.66,19 / 22,20.512998553055827,4.503923048245243,0.9018617499997384,212.57054505913356,106.14248537903113,8.386906691424006,False,18.101,1.4930230609042208,10.35955032596714,9.385787085359373,155.82790303002466,10.466588888891222,8.200950000007271,-19.019975492151605,5.855627277721897,-203.1847579737742,49.68541765099353
537315.0,-10.8562,3.8361,10.2805,0.2082,-0.0608,9.8042,0.0671,1.0777,-1.0785,36.12,-86.49,24.27,53.052914,-1.799561,9.5,4,6.66,19 / 22,20.420620920093327,4.772010546063211,1.0119567499997635,214.61722603279148,106.60628205874666,8.482597616424002,False,18.201000000000022,1.6054304346585564,10.501978631638934,9.546200469182303,156.87324653559463,10.62398055555582,8.69148000000138,-18.81519048543477,5.729968085575723,-205.07102556360917,50.266964476847974
537415.0,2.4129,0.2087,7.2365,0.0748,-0.0788,9.806,0.0839,-0.1431,0.0833,57.07,-86.2,36.07,53.052914,-1.799561,9.5,4,6.66,19 / 22,20.181151119798965,5.1644202085753035,0.9071417499998589,216.64731463478424,107.10310359647814,8.578552541423896,False,18.30099999999993,1.6170939132247977,10.511040468231407,9.706814369696387,157.9295983385962,10.634713888883972,8.746109999978918,-18.56405720657417,5.346620259656103,-206.94050026508785,50.82649474211807
537516.0,-4.7227,3.121,10.1901,0.172,-0.0801,9.8048,0.0282,0.7319,-0.5176,35.59,-86.51,21.39,53.052914,-1.799561,9.5,4,6.66,19 / 21,20.165658317804393,5.34810517801377,0.7967133999998599,218.6848285113832,107.63398612850088,8.66459722649888,False,18.40199999999993,1.7727231487087016,10.65069107367573,9.889084077028677,158.99651366039873,10.797211111112365,9.449800000000149,-18.39293516909569,5.30258589566196,-208.7957444343545,51.362527531897854
537615.0,3.2108,-0.4355,8.7254,0.0374,0.0213,9.8065,-0.19,0.1855,-0.2273,42.21,-86.4,27.25,53.052914,-1.799561,9.5,4,6.66,19 / 21,20.178489370268146,5.501636613165327,0.7621722999998438,220.68186382194372,108.1710483471645,8.741762068648901,False,18.500999999999976,1.7589287896375188,10.57205231668082,10.067878161045636,160.04263553021988,10.717380555555534,9.445949999999945,-18.419560580630627,5.070415703515493,-210.6139856608981,51.87158718305538
537715.0,-1.5086,2.4262,9.6813,0.0662,-0.0234,9.8064,0.1318,0.4229,-0.1955,44.05,-86.7,29.13,53.052914,-1.799561,9.5,4,6.66,19 / 21,20.323865904715618,5.5312795702294775,0.7018422999998302,222.70698158569337,108.72269415633437,8.814962798648901,False,18.601,1.9094713773817873,10.785334684190964,10.261777838707715,161.13223461635155,10.9530638888889,10.03980000000705,-18.41439452733383,5.254055113961487,-212.44520374698567,52.40954046001718
537814.0,2.425,1.0669,8.3022,0.0457,0.0129,9.8065,-0.2024,0.5211,-0.0317,47.07,-87.16,31.95,53.052914,-1.799561,9.5,4,6.66,19 / 21,20.485552210648116,5.630978187550803,0.621167199999885,224.7270477824025,109.27522591534412,8.880451768898842,False,18.699999999999932,1.999007330552359,10.769942037101426,10.460289401142655,162.2000394970944,10.953888888889031,10.514999999991673,-18.486544880095757,5.138963849550623,-214.26675838125985,52.92481358175027
537915.0,-8.3855,-0.3834,9.1293,0.1718,-0.0212,9.8051,-0.3311,1.0136,-0.5121,37.5,-87.26,24.16,53.052914,-1.799561,9.5,4,6.66,19 / 21,20.2714933694842,5.83468882211998,0.5109862999998861,226.78527858419918,109.8542420993325,8.93762552064883,False,18.80099999999993,1.9449151555872473,10.785198966388947,10.656060568267943,163.2782967010931,10.959161111110303,10.222389999998843,-18.326578213896955,4.950510144268967,-216.12921801593123,53.4240546017606
538015.0,-1.4183,-0.4334,9.3035,-0.0249,0.0177,9.8066,0.1181,-0.641,0.3755,40.19,-86.96,23.14,53.052914,-1.799561,9.5,4,6.66,19 / 21,19.86892068288505,6.118701211157872,0.4519612999998727,228.7922992868181,110.45191160099652,8.98577290064883,False,18.900999999999954,1.957022081796196,10.809330548565,10.84989340699408,164.35677629339895,10.985061111112673,10.2622099999982,-17.911898601088854,4.690629337407128,-217.942405879824,53.90486469240243
538115.0,-11.5687,1.1709,7.0006,0.1622,0.007,9.8052,-0.1651,0.3692,-0.1183,32.58,-87.44,16.0,53.052914,-1.799561,9.5,4,6.66,19 / 21,19.35410254246614,6.523871347621982,0.2865012999998352,230.75345044808608,111.08404022893566,9.022696030648824,False,19.000999999999976,1.963025319109495,10.704389447214357,11.043993601412042,165.42446997945223,10.882911111111094,10.391569999999913,-17.391077223356646,4.180518099592375,-219.70945684667404,54.34042975051656
538214.0,-7.724,1.7705,7.3965,-0.282,0.0002,9.8025,0.0051,-1.9566,1.0851,55.7,-86.42,33.45,53.052914,-1.799561,9.5,4,6.66,19 / 21,18.770589674900794,7.259691880765834,0.02829939999971426,232.64062271284664,111.76632660874118,9.038278665298808,False,19.100000000000023,2.174764676706673,10.845209892542835,11.262356320085678,166.50328315769804,11.06111111111176,11.33899999999935,-16.59582499819412,3.585518011777001,-221.37826639276096,54.736956548956854
538315.0,15.5685,-6.1968,13.09,-0.142,-0.0561,9.8054,0.3616,-1.5046,0.8536,38.85,-86.52,20.3,53.052914,-1.799561,9.5,4,6.66,19 / 21,19.05257140270081,6.908572585193639,0.07239599999971388,234.5506923472655,112.48182396427212,9.04336378299878,False,19.201000000000022,2.1755518729872034,10.889127014432155,11.485197245723318,167.60377934663907,11.104330555553632,11.298450000009915,-16.877019529713607,3.9805544292385164,-223.06549510154218,55.12195538236695
538415.0,-11.4826,-2.2926,7.5621,-0.1469,0.0647,9.8053,-0.076,-0.0338,-0.0093,27.54,-86.96,14.82,53.052914,-1.799561,9.5,4,6.66,19 / 21,18.91071482310755,6.358399760121784,0.1243359999996667,236.4488566585542,113.1451725815373,9.05320038299874,False,19.30099999999993,2.226303706128896,10.8101866523519,11.71224902268496,168.68214774534272,11.03705555555852,11.637050000008747,-16.684411116978655,4.451786892230117,-224.73660763586923,55.53697516380542
538514.0,5.4314,-0.6492,10.9702,-0.1587,0.0532,9.8052,0.1069,-0.6775,0.461,57.22,-87.2,38.28,53.052914,-1.799561,9.5,4,6.66,19 / 21,18.483122136467866,6.290671454328813,0.07082649999964169,238.29985158805405,113.7713016066529,9.06286092674871,False,19.399999999999977,2.151693344252772,10.724330985602338,11.917377637190974,169.7279360310843,10.938055555557034,11.34500000000436,-16.331428792215092,4.433659531273524,-226.38247395086307,55.956634424431414
538614.0,4.5663,0.1904,10.3516,0.0393,0.0387,9.8065,-0.0192,0.6493,-0.4044,63.35,-87.79,44.25,53.052914,-1.799561,9.5,4,6.66,19 / 21,18.72836628203572,5.8551088650601235,0.15625149999966115,240.16042600897967,114.37859062262248,9.074214826748678,False,19.5,2.2898908020822835,10.72521657413359,12.151313821878658,170.7954073265816,10.966944444444445,12.052,-16.438475479953436,4.870107709073467,-228.009112187101,56.416816703959114
538714.0,-1.6411,-0.0358,7.1374,0.0053,0.0115,9.8065,-0.0968,0.5643,-0.3051,72.42,-87.97,54.39,53.052914,-1.799561,9.5,4,6.66,19 / 21,18.828563380188026,5.741094810864194,0.05003649999963705,242.0382724920913,114.95840080641884,9.084529226748645,False,19.600000000000023,2.370241281556773,10.751839668967326,12.385250006566043,171.87399811521172,11.009999999998948,12.431999999975378,-16.458322098631253,5.010744858103132,-229.65302248552524,56.91559730879288
538814.0,2.6337,-0.8781,9.6528,-0.0154,-0.0404,9.8065,0.0518,-0.0735,-0.1148,70.27,-87.34,52.99,53.052914,-1.799561,9.5,4,6.66,19 / 21,18.82147921622634,5.687148707426266,-0.09111850000023453,243.9207746219103,115.52981298233284,9.082475126748617,False,19.699999999999932,2.0433667304426284,10.746345542941587,12.572398954338688,172.93034991757497,10.938888888885456,10.766000000033166,-16.778112485783712,5.059196835515321,-231.34837566757162,57.40053693524213
538915.0,0.9371,-0.4321,10.1132,0.0366,-0.0386,9.8065,-0.1244,0.1591,-0.0683,62.84,-86.99,47.17,53.052914,-1.799561,9.5,4,6.66,19 / 21,18.842575661267574,5.503469183350818,-0.08340715000023453,245.82280939322374,116.09493918581708,9.073661581423593,False,19.80099999999993,2.238530876868365,10.584415833457125,12.80219112660548,173.99737643423165,10.818555555554072,11.941649999974352,-16.60404478439921,5.080946650106307,-233.02061826661824,57.90243724841457
539015.0,-2.9964,-1.5243,8.1175,-0.0325,-0.0228,9.8065,-0.0337,-0.1993,0.1172,57.78,-86.68,41.8,53.052914,-1.799561,9.5,4,6.66,19 / 21,18.714980237270964,5.548155001412064,-0.15253715000025017,247.70068718815108,116.64752039505535,9.061864366423567,False,19.900999999999954,2.407902382055305,10.59907079086265,13.056112145352069,175.0648477297291,10.869144444442824,12.799229999998172,-16.30707785521566,5.050915789450586,-234.644575042799,58.41732733467376
539114.0,4.4416,2.3635,11.0607,-0.0416,-0.0133,9.8065,0.2197,-0.3714,0.1633,57.43,-86.96,39.01,53.052914,-1.799561,9.5,4,6.66,19 / 21,18.80299235028622,5.52180843231026,-0.17407460000026018,249.55782683123604,117.19548358502486,9.045697084798535,False,20.0,2.4545256739626455,10.699000563243185,13.300943072387247,176.12164431227185,10.976944444444445,12.921,-16.348466676323575,5.177192130932926,-236.2568837588488,58.926160727246994
539214.0,6.922,-1.3114,11.5958,0.0801,0.0201,9.8063,-0.2193,0.9621,-0.4406,60.6,-87.12,41.27,53.052914,-1.799561,9.5,4,6.66,19 / 21,19.14928430499046,5.075012369242721,-0.021914600000225465,251.45544066400032,117.72532462510263,9.035897624798508,False,20.100000000000023,2.6193904072610867,10.422840725366388,13.568298712004486,177.14463763806717,10.746944444445951,14.107000000008187,-16.529893897729373,5.347828356123667,-237.88714195199583,59.41931301296454
539314.0,-0.0863,2.6717,8.5622,0.0527,-0.01,9.8064,0.0054,0.6999,-0.3893,60.36,-86.84,44.51,53.052914,-1.799561,9.5,4,6.66,19 / 21,19.390673511614846,4.8212012843765395,0.005320399999749887,253.38243855482884,118.22013530778314,9.035067914798486,False,20.199999999999932,2.745848218537412,10.49565184655943,13.855706024641819,178.20098944113806,10.848888888887728,14.660999999988944,-16.644825293077435,5.67445056218289,-239.52673253018702,59.980854133354924
539414.0,6.5676,-4.3141,10.2688,0.1138,-0.0508,9.8058,-0.032,0.5101,-0.2846,73.01,-86.4,51.23,53.052914,-1.799561,9.5,4,6.66,19 / 21,19.409859503119804,4.522334655853543,-0.033794600000258884,255.322465205566,118.68731210479474,9.03364420479846,False,20.299999999999955,2.664460573853638,10.474479211033872,14.129745555245856,179.26846073655787,10.808055555556761,14.272000000011499,-16.745398929266166,5.952144555180329,-241.19271965032016,60.58114863176313
539514.0,-4.5753,-1.2275,8.8427,0.1253,-0.021,9.8058,-0.3286,0.8517,-0.5312,60.36,-86.83,43.42,53.052914,-1.799561,9.5,4,6.66,19 / 20,19.148594562783714,4.322131490322309,-0.058884600000264464,257.2503879088616,119.12953541210364,9.029010244798432,False,20.399999999999977,2.938070820517705,10.384305693959593,14.443888431857689,180.31369304720465,10.791944444444683,15.797999999977447,-16.21052374226601,6.0621742036372845,-242.80649947700394,61.184157635101016
539614.0,9.2098,-3.6962,10.8977,0.0598,0.0278,9.8064,0.0727,-0.5756,0.5094,64.71,-86.37,43.49,53.052914,-1.799561,9.5,4,6.66,19 / 20,19.026722243948402,4.004854988363591,-0.05252960000026291,259.15915374919865,119.54588473603802,9.023439534798404,False,20.5,3.0308673996285957,10.578251910636318,14.751347417463776,181.3811643427018,11.003888888888888,15.988,-15.995854844319807,6.573396922272727,-244.4078063317349,61.835279606663775
539714.0,-1.2114,0.1902,10.957,0.1832,-0.0356,9.8048,0.1549,0.3317,-0.228,43.75,-87.57,29.63,53.052914,-1.799561,9.5,4,6.66,19 / 20,19.03240060822314,3.5697334766018556,0.05954039999976268,261.06210989180767,119.92461415928638,9.023790074798379,False,20.600000000000023,3.0003398113006208,10.553744639165743,15.065490294023748,182.44863563819925,10.97194444444536,15.870000000011128,-16.03206079692252,6.9840111625638865,-245.9966195977839,62.52402147891287
539814.0,-7.0534,0.1795,8.1076,-0.1369,-0.0215,9.8057,0.1436,-1.0756,0.5407,61.24,-86.95,40.33,53.052914,-1.799561,9.5,4,6.66,19 / 20,18.846352587171566,3.943858162051817,0.03210539999978772,262.9560475515757,120.30029374121872,9.028372364798352,False,20.699999999999932,3.156498134304601,10.572758558695423,15.386317061616671,183.5161069351095,11.03388888888844,16.6230000000002,-15.689854452866966,6.628900396643606,-247.56973048995903,63.21581319389077
539914.0,-0.6847,-1.0235,10.5284,-0.0161,-0.0356,9.8065,0.0104,-0.6095,0.4014,53.88,-87.07,31.7,53.052914,-1.799561,9.5,4,6.66,19 / 20,18.63709647201146,4.265630323347376,-0.016759600000223376,264.83022000453525,120.71076816548877,9.02913965479833,False,20.799999999999955,3.15325847355414,10.557201770558237,15.700459938153688,184.5613392449723,11.018055555556023,16.629999999999793,-15.483837998457322,6.291571447210861,-249.12976006638155,63.850571079483515
540014.0,-8.6684,-0.0169,8.3774,-0.1663,-0.0089,9.8052,0.1973,-0.7093,0.1932,31.06,-87.14,17.42,53.052914,-1.799561,9.5,4,6.66,19 / 20,18.214452845006377,4.499854479425847,-0.0521346000002314,266.67279747038657,121.14904240562754,9.025694944798307,False,20.899999999999977,3.1573488249142923,10.392058649072565,16.02128670577354,185.60657155561842,10.86111111111343,16.89999999999601,-15.057104020092085,5.8922041696467184,-250.65151076461302,64.45752914999088
540114.0,3.13,-2.9525,10.2896,-0.1645,0.0137,9.8052,0.3134,-1.0964,0.5982,54.97,-86.69,34.99,53.052914,-1.799561,9.5,4,6.66,19 / 20,17.82238734912494,4.523574527777978,-0.09944960000024211,268.4746394800936,121.60021385598783,9.01811573479828,False,21.0,3.191968625914265,10.60910530174551,16.342113473313876,186.68516234424837,11.078888888888889,16.745,-14.630418723210676,6.085530773967532,-252.1325260067797,65.08494848826054
540214.0,-9.0562,5.8233,8.7257,-0.0039,0.034,9.8065,-0.0911,1.0234,-0.579,62.14,-87.56,42.45,53.052914,-1.799561,9.5,4,6.66,19 / 20,17.85141536962923,4.857632925503439,-0.12934960000024887,270.2583296160317,122.069274228652,9.006675774798254,False,21.100000000000023,3.152019006255982,10.577283150884284,16.65625634990042,187.74151414661318,11.036944444445643,16.593999999996793,-14.699396363373248,5.719650225380845,-253.60207326613127,65.67223991796118
540314.0,-2.7853,-0.2613,9.7699,-0.0384,0.0449,9.8064,-0.0797,0.3209,-0.1503,74.17,-87.46,58.19,53.052914,-1.799561,9.5,4,6.66,19 / 20,17.862439997480134,5.532443074192513,-0.185234600000198,272.0440223843855,122.58877802863633,8.990946564798245,False,21.199999999999932,3.1348062611867946,10.666965315463068,16.977083117492963,188.8201049352424,11.118055555557742,16.37699999998411,-14.72763373629334,5.134522241270555,-255.06693926689258,66.23132690660607
540415.0,9.7465,-1.8352,8.7714,0.1352,-0.0507,9.8055,-0.2638,0.7268,-0.494,66.35,-87.94,48.56,53.052914,-1.799561,9.5,4,6.66,19 / 20,17.940192514003282,5.183642501216353,-0.23937060000019747,273.8520553262154,123.12994035019447,8.969504002198224,False,21.30099999999993,3.051743179738971,10.771104375950152,17.280932801925825,189.90948163238772,11.195080555555316,15.818849999997479,-14.888449334264312,5.587461874733799,-256.5711225242896,66.77954128219325
540515.0,-1.9536,-0.1285,8.175,0.0718,-0.0645,9.8062,-0.1997,0.6041,-0.373,61.77,-87.3,45.79,53.052914,-1.799561,9.5,4,6.66,19 / 21,18.014995091252377,4.792608174350474,-0.37271560000022774,275.6498147064786,123.62875288397292,8.938899692198197,False,21.400999999999954,3.069703360082797,10.773937045554648,17.58839178753155,190.9879612260799,11.202713888889397,15.903279999999585,-14.94529173116958,5.981328871204174,-258.0614229189471,67.35920834210698
540615.0,5.0369,-2.6067,10.7338,-0.0194,-0.0016,9.8066,0.1263,-0.3368,0.2903,66.73,-87.02,47.76,53.052914,-1.799561,9.5,4,6.66,19 / 21,17.958151794092593,4.601878470930567,-0.40794060000023563,277.44847205074626,124.09847721623709,8.899866882198165,False,21.500999999999976,3.0653758482516342,10.74160728178511,17.89578393420142,192.0556549107327,11.170438888888874,15.927420000000032,-14.89277594584096,6.1397288108545425,-259.55268811654486,67.95717769449561
540714.0,4.2058,-1.9822,11.9789,0.1123,0.0101,9.8059,0.0832,0.2842,-0.3122,62.33,-87.35,47.31,53.052914,-1.799561,9.5,4,6.66,19 / 21,17.96304962356606,4.100849230423583,-0.2545203000001637,279.2265715209212,124.52926223745432,8.867075067648129,False,21.600000000000023,3.04007814782256,10.908179702545235,18.19355127788067,193.13446808897865,11.323888888888312,15.572999999993453,-14.922971475743502,6.807330472121652,-261.03302024304054,68.60520585152433
540815.0,-3.1067,1.7924,11.7116,-0.0279,0.0541,9.8064,0.046,-0.6111,0.0833,77.55,-87.33,58.01,53.052914,-1.799561,9.5,4,6.66,19 / 21,18.043710125563916,4.046529231424011,-0.04862170000016547,281.04491288825227,124.94070484977762,8.851766396648113,False,21.701000000000022,2.945826939640585,10.892599009566977,18.490650232418755,194.24586138118906,11.28391111110798,15.13326000000937,-15.09788318592333,6.846069778142966,-262.5542626558335,69.30515653141144
540915.0,6.044,-0.3802,10.5795,-0.0651,0.0453,9.8063,0.1702,-0.6806,0.5157,92.0,-87.25,71.98,53.052914,-1.799561,9.5,4,6.66,19 / 21,18.08554661426353,3.919327063831803,0.08526829999971283,282.851375725242,125.33899766454005,8.85359872664809,False,21.80099999999993,2.978106838497848,10.772853801322348,18.79135848811241,195.3025467682763,11.17691944444205,15.453240000008183,-15.107439775765684,6.8535267374905455,-264.0600172371296,69.96354910373626
541014.0,0.5366,-2.1913,9.5107,0.0296,-0.0318,9.8065,-0.0308,0.6189,-0.1401,89.15,-87.68,70.33,53.052914,-1.799561,9.5,4,6.66,19 / 21,17.96577816138171,3.5941938908868485,0.10887484999972392,284.6359163016373,125.7109169517988,8.863208812573065,False,21.899999999999977,2.947656887981611,10.864166654466246,19.08250877969479,196.3813599479226,11.25694444444325,15.180000000004078,-15.018121273400098,7.269972763579397,-265.5534075219425,70.6704429961238
541114.0,-5.3729,1.5749,10.6532,0.0303,-0.0378,9.8065,0.0113,0.2398,-0.3138,85.48,-87.64,66.58,53.052914,-1.799561,9.5,4,6.66,19 / 21,17.931562769793274,3.8421492100665526,0.13640484999973024,286.4307833481964,126.08273410684654,8.87547279757304,False,22.0,2.9158034462754836,11.015630497737657,19.376599983313287,197.4933092138297,11.395,14.826,-15.015759323517791,7.1734812876711045,-267.05418336488316,71.41057510698315
541214.0,4.5244,-0.521,10.244,0.0748,-0.0149,9.8063,0.0864,-0.0613,-0.0289,84.34,-87.45,64.97,53.052914,-1.799561,9.5,4,6.66,19 / 21,18.00278246359766,3.8916089952250688,0.2005998499997449,288.2275006098664,126.46942201711121,8.89232303257302,False,22.100000000000023,3.043963367937985,11.085795311732106,19.684058968892703,198.60525847973676,11.496111111109265,15.354000000001832,-14.958819095659676,7.194186316507038,-268.5434416409737,72.13583646262555
541315.0,-0.8035,-1.8023,9.4723,0.0314,0.0285,9.8065,-0.0233,0.0715,-0.0194,88.61,-87.9,70.3,53.052914,-1.799561,9.5,4,6.66,19 / 21,17.92490675377933,3.7026793428472455,0.20580134999974492,290.0418489153439,126.85293357818387,8.912846293172993,False,22.201000000000022,3.03509280748688,10.960547129680004,19.994592544327883,199.7060882541659,11.373011111116572,15.477979999999942,-14.889813946292449,7.257867786832758,-270.04725637101603,72.85315467598204
541414.0,-4.1977,0.7929,10.6376,-0.0921,0.0498,9.806,-0.087,-0.4267,0.2853,92.87,-87.97,74.74,53.052914,-1.799561,9.5,4,6.66,19 / 21,17.90189922826997,3.9471597463348527,0.23038304999972833,291.8152758114541,127.23160061309812,8.934437420972953,False,22.299999999999955,3.084905708238225,11.141931919313011,20.298976940055386,200.8069180280334,11.561111111105493,15.47600000000006,-14.816993520031744,7.194772172978158,-271.5162988713987,73.57531741493528
541514.0,-1.9058,-1.1358,9.2049,-0.0337,-0.0305,9.8065,-0.0457,-0.1704,0.0097,95.58,-87.6,76.59,53.053783,-1.799166,10.63,4,20.55,21 / 21,17.922522771408083,4.255413468401697,0.24184304999973105,293.6064969114384,127.64172927383504,8.958048725972931,False,22.399999999999977,3.064942319466177,11.054072493964956,20.599752034681114,201.9077478015155,11.471111111112442,15.496999999999689,-14.857580451941907,6.798659025563259,-273.0067448767573,74.26601852768047
541615.0,-0.2977,-0.0849,10.199,0.0086,-0.044,9.8065,-0.0709,0.0187,-0.1168,81.97,-87.17,60.13,53.053783,-1.799166,10.63,4,20.55,21 / 21,17.88617524346254,4.373014776728497,0.23126834999973123,295.4148361611893,128.07746490021412,8.981940851672904,False,22.500999999999976,3.0787554590470143,11.182506975023424,20.910285610116414,203.04204724814568,11.598586111111107,15.393240000000008,-14.807419784415524,6.809492198294927,-274.5045505510729,74.96458234793155
541715.0,1.1686,0.4188,8.8629,-0.0462,-0.0178,9.8064,-0.0143,-0.181,0.1447,76.52,-86.78,56.82,53.053783,-1.799166,10.63,4,20.55,21 / 21,17.930965792803484,4.340059870487653,0.203698349999725,297.20569321300303,128.51311863257504,9.003689186672883,False,22.601,3.0781864929512763,11.23728833149817,21.2177445957224,204.16511600720023,11.651261111111332,15.319030000001513,-14.852779299852207,6.897228461010518,-275.9879486172806,75.65199737462518
541814.0,1.5687,-1.6767,8.543,0.0504,-0.0396,9.8064,0.0277,0.4809,-0.1992,75.72,-87.06,55.57,53.053783,-1.799166,10.63,4,20.55,21 / 21,17.919981607955823,4.198628021908822,0.09443204999979929,298.9803151093394,128.9357836832484,9.018446641472849,False,22.699999999999932,3.1021292949275217,11.246107873140469,21.52212899147206,205.2769540800497,11.666111111109801,15.421000000003467,-14.8178523130283,7.047479851231647,-277.45818611786734,76.34117039680132
541914.0,-1.4224,-0.5886,8.7593,0.0589,-0.0095,9.8065,-0.2008,0.4915,-0.0959,64.23,-87.6,43.81,53.053783,-1.799166,10.63,4,20.55,21 / 21,17.816685093318156,4.160688147745775,-0.02111795000022698,300.7671484444035,129.3537494917312,9.022112346472829,False,22.799999999999955,3.1137125985187737,11.195052204159529,21.829587977055674,206.40002283759372,11.620000000001362,15.542999999996393,-14.702972494799383,7.034364056413754,-278.93756046734785,77.04627334586252
542014.0,4.6119,1.9914,9.3018,0.0336,-0.0773,9.8062,-0.1653,0.1506,-0.1418,49.34,-87.43,29.39,53.053783,-1.799166,10.63,4,20.55,21 / 21,17.998886349442902,4.112809521062719,-0.09872795000024459,302.55792701654195,129.76742437517171,9.016120051472804,False,22.899999999999977,3.1573749999630256,11.17877544524841,22.150414744622182,207.5119721049161,11.616111111111168,15.771999999996616,-14.841511349479877,7.065965924185692,-280.40751227191976,77.7445477297444
542115.0,-2.1959,-0.7881,11.5446,0.0163,-0.0366,9.8065,0.0762,0.5624,-0.4125,38.26,-86.78,21.13,53.053783,-1.799166,10.63,4,20.55,21 / 21,18.126394695597497,4.053017722075741,-0.03645640000024505,304.3822537093165,130.1797986509502,9.00929324179778,False,23.000999999999976,3.081261339011839,11.138113600494481,22.46108199790396,208.63470727871663,11.556469444444467,15.463799999999928,-15.045133356585659,7.08509587841874,-281.9211717114125,78.45490862776643
542215.0,4.0292,0.1716,10.9687,0.0362,0.0034,9.8066,0.0736,-0.0403,-0.0364,46.97,-86.66,28.83,53.053783,-1.799166,10.63,4,20.55,21 / 21,18.170335266096846,3.962707673248391,0.10854359999978802,306.19709020740163,130.5805849207165,9.012897601797757,False,23.101,3.1643348981611106,10.867625517786081,22.781841926560965,209.7136316528206,11.318936111114036,16.234049999997136,-15.006000367935735,6.904917844537691,-283.4152482808407,79.1330467321041
542314.0,-0.6717,-0.6785,9.9398,0.0553,0.0106,9.8064,-0.0257,0.2092,-0.1392,51.62,-86.76,33.25,53.053783,-1.799166,10.63,4,20.55,21 / 21,18.27794257510299,3.840522520265137,0.1726559999997445,308.0012799605398,130.96684481529513,9.026816981997724,False,23.199999999999932,3.182191125940195,11.067722202940493,23.092843374381076,210.81446142606794,11.516111111111899,16.04099999998181,-15.095751449162796,7.227199682675355,-284.90843658615876,79.8476166107728
542414.0,-0.9781,1.043,10.4722,-0.0201,0.0523,9.8065,0.0441,0.0951,0.0749,59.5,-86.9,40.84,53.053783,-1.799166,10.63,4,20.55,21 / 21,18.264298949972197,3.925674828445396,0.2125909999997537,309.828392036794,131.35515468273076,9.046079331997703,False,23.299999999999955,3.0657445584211938,11.129356719123695,23.40030235996469,211.92641069189446,11.543888888888068,15.401000000018918,-15.198554391551003,7.203681890678299,-286.4280896768293,80.5712560091637
542514.0,-2.3954,1.5245,8.872,0.0661,-0.0001,9.8063,-0.0011,0.3721,-0.2099,64.6,-87.32,45.49,53.053783,-1.799166,10.63,4,20.55,20 / 21,18.316792631910506,4.144844363984122,0.19913599999975073,311.65744661588855,131.75868064235232,9.066665681997684,False,23.399999999999977,3.1329780936484295,11.142938268908626,23.707761345544107,213.02724046608384,11.574999999999541,15.703999999995522,-15.183814538262077,6.998093904924504,-287.94968527034445,81.26855982373152
542614.0,3.2948,0.0733,10.3445,0.0405,-0.0202,9.8065,0.0385,-0.1979,0.0844,68.91,-87.31,46.53,53.053783,-1.799166,10.63,4,20.55,20 / 21,18.41261992718487,4.141769266895559,0.17929599999974627,313.4939172438437,132.1730113238964,9.085587281997663,False,23.5,3.189683025256919,11.067588986732932,24.028588113137385,214.1280702395656,11.518055555555556,16.077,-15.222936901927952,6.925819719837373,-289.4653291307063,81.95505891566921
542715.0,1.9261,-2.9016,9.367,0.0439,-0.0222,9.8065,-0.1122,0.0284,0.076,57.5,-87.53,36.13,53.053783,-1.799166,10.63,4,20.55,20 / 21,18.41980488344684,3.836522402108268,0.18425509999974632,315.3539546967806,132.5759150531811,9.103946612547636,False,23.601,3.332009150939348,10.988502968459283,24.365656735817403,215.22878881905666,11.482619444442578,16.86852999997581,-15.087795732507493,7.151980566351015,-290.98829796096317,82.65287376587557
542814.0,0.6241,-0.844,10.5202,-0.0408,0.0026,9.8066,0.0848,-0.2338,0.2009,55.63,-87.42,34.16,53.053783,-1.799166,10.63,4,20.55,20 / 21,18.34663007994363,3.640809365081132,0.19781314999973726,317.1738932274672,132.94604297565672,9.122858990922598,False,23.699999999999932,2.9849359880047035,10.957661441293475,24.65018997533089,216.31861029410393,11.356944444457692,15.238000000046043,-15.361694091938926,7.316852076212342,-292.52370325213633,83.37256731844721
542914.0,2.8805,1.5924,9.9423,-0.0061,-0.0021,9.8066,0.0652,-0.2752,0.0826,49.41,-87.62,31.8,53.053783,-1.799166,10.63,4,20.55,20 / 21,18.496668907962807,3.5456653648207954,0.240273149999747,319.01605817686294,133.3053667121519,9.144763305922577,False,23.799999999999955,3.428694795934404,11.314976564967179,25.011120088807434,217.4750375324591,11.823055555541778,16.857999999952117,-15.067974112028402,7.769311200146383,-294.0049380880555,84.1696708203072
543015.0,-3.6062,1.1973,10.0091,-0.0448,0.0026,9.8065,0.0716,-0.129,0.1744,54.02,-87.81,33.4,53.053783,-1.799166,10.63,4,20.55,20 / 21,18.60736985361563,3.6827311506724025,0.25734719999974687,320.88981213432265,133.67040073618432,9.16989313359755,False,23.900999999999954,3.5167609372493245,11.119634032160548,25.368507740122933,218.586986797908,11.662536111111883,17.55032000002183,-15.090608916366305,7.436902881488145,-295.5213043941997,84.91658606172368
543115.0,1.1316,2.1889,9.1743,-0.0203,0.027,9.8065,-0.0005,-0.1916,0.1613,48.6,-87.96,31.66,53.053783,-1.799166,10.63,4,20.55,20 / 21,18.68222630401876,3.906029394696914,0.23585219999974208,322.7542919422048,134.04983876345287,9.194553103597531,False,24.000999999999976,3.2213096723620827,11.1484972883089,25.682917972349124,219.6979353108764,11.604630555555614,16.117559999999813,-15.460916631656676,7.242467893611986,-297.0713739698557,85.64809654742353
543215.0,-2.1291,0.4665,9.4949,0.0083,-0.0117,9.8065,0.036,0.1431,-0.1629,48.01,-88.21,30.56,53.053783,-1.799166,10.63,4,20.55,20 / 21,18.760041427299477,4.043644424190073,0.1886471999997314,324.62640532877117,134.4473224543973,9.21577807359751,False,24.101,3.4109637230775482,10.419152562449284,26.0231280238102,220.71036511746715,10.963386111111594,18.127189999962088,-15.349077704221928,6.375508138259211,-298.60327730496095,86.26304266306985
543315.0,-0.3694,1.9381,9.1523,-0.0353,0.0155,9.8065,-0.0472,0.0392,0.1704,54.0,-88.25,34.15,53.053783,-1.799166,10.63,4,20.55,20 / 21,18.786464264090593,4.222620285720249,0.14034219999972047,326.5037306133411,134.86063568989292,9.232227543597487,False,24.201000000000022,2.9546453481140937,10.586311038967361,26.29776910462527,221.77650207384772,10.990988888874167,15.595540000067654,-15.8318189159765,6.363690753247112,-300.2059615087158,86.9158663839548
543415.0,0.9938,0.607,10.5529,0.0139,0.0051,9.8066,-0.0316,0.269,0.0798,44.56,-88.33,25.38,53.053783,-1.799166,10.63,4,20.55,20 / 21,18.923066653518227,4.2939801800096635,0.14493719999971633,328.3892071592198,135.286465713179,9.246491513597446,False,24.30099999999993,3.229955294286994,9.981433796056127,26.632364687639683,222.71254096671302,10.49103055553438,17.931049999985024,-15.693111359231233,5.687453616046463,-301.7568424715801,87.42607525353401
543515.0,-1.909,0.5413,9.5801,0.0608,0.0163,9.8064,-0.0235,0.1962,-0.2548,36.28,-88.45,20.82,53.053783,-1.799166,10.63,4,20.55,20 / 21,18.929102024813403,4.373500678932576,0.17092219999972225,330.2818155931368,135.71983975612622,9.262284483597421,False,24.400999999999954,3.5396505619948706,10.621932704939978,27.006395227490895,223.8457284638481,11.19618611111389,18.430110000001324,-15.389451462818533,6.248432026007402,-303.2754203656459,88.12588870772188
543614.0,0.6934,1.2129,9.5948,0.011,0.0051,9.8066,-0.0001,0.0166,0.0105,46.38,-88.52,30.49,53.053783,-1.799166,10.63,4,20.55,20 / 21,18.946299186360296,4.481723942485462,0.1492213999997121,332.1566479530908,136.15817337488662,9.2781315917974,False,24.5,3.4650682415296155,10.45169220666096,27.350481935717447,224.86950015388663,11.011111111111111,18.342,-15.481230944830681,5.969968264175498,-304.80616601737336,88.71132677900002
543714.0,-4.3636,1.3766,9.4492,0.0152,-0.0127,9.8066,-0.0902,0.3657,-0.1346,42.74,-88.51,27.05,53.053783,-1.799166,10.63,4,20.55,20 / 21,18.911899205461935,4.710799011412947,0.12075639999970561,334.0495578726823,136.61779952258163,9.291630481797375,False,24.600000000000023,3.6230022202802235,10.786703261773239,27.71809594025346,225.95921043494286,11.378888888890058,18.565999999983358,-15.288896985181712,6.075904250360292,-306.33146193242885,89.34141091236123
543814.0,1.3772,-0.4377,9.6492,-0.0186,-0.018,9.8066,-0.0042,-0.2915,0.0714,38.72,-88.3,22.91,53.053783,-1.799166,10.63,4,20.55,20 / 21,18.84877224105351,4.863710576614521,0.09501139999972907,335.9375914450064,137.09652500198257,9.302418871797338,False,24.699999999999932,3.4340583650203147,10.931343936575907,28.05897438081431,227.06004020912974,11.458055555550462,17.440000000002957,-15.414713876033195,6.067633359961386,-307.87861706419204,89.96351520714717
543914.0,2.8135,0.1223,9.982,-0.0021,-0.0132,9.8066,0.0368,-0.0707,0.0808,40.98,-88.04,24.64,53.053783,-1.799166,10.63,4,20.55,20 / 21,19.009165092754422,4.730523819014833,0.09590639999972932,337.8304883116972,137.57623672176416,9.311964761797313,False,24.799999999999955,3.399886981192195,10.754259764537052,28.393168930317813,228.12751150454955,11.278888888894183,17.543999999996927,-15.609278111562228,6.023735945522219,-309.4373193813794,90.55127478278538
544014.0,0.1157,-0.0868,10.1687,-0.08,0.0104,9.8062,0.0016,-0.3417,0.2628,48.83,-87.78,31.45,53.053783,-1.799166,10.63,4,20.55,20 / 21,19.131285549830444,4.649293153303886,0.12277639999973541,339.7375108438269,138.0452275703802,9.322898901797288,False,24.899999999999977,3.390453550365204,10.804410409212625,28.734047370879047,229.20610229317967,11.323888888888224,17.422000000001805,-15.74083199946524,6.155117255908739,-311.00346347294783,91.16087472279946
544114.0,4.5633,-0.674,9.9042,-0.035,0.0217,9.8066,0.0265,-0.4541,0.2536,44.5,-87.87,28.47,53.053783,-1.799166,10.63,4,20.55,20 / 21,19.282745157990004,4.4714066958141805,0.14575639999974063,341.65821237921836,138.50126256283622,9.336325541797265,False,25.0,3.4931744136933243,10.833821407812781,29.081609702420835,230.29581257494291,11.383055555555556,17.871,-15.789570744296679,6.362414711998601,-312.5766026767975,91.7945500121067
544214.0,-3.1256,-0.4761,10.5587,-0.0413,0.0189,9.8064,-0.0024,-0.0269,-0.0171,43.74,-87.91,30.11,53.053783,-1.799166,10.63,4,20.55,20 / 21,19.30370135463069,4.392103587816739,0.18823639999975034,343.5875347048498,138.94443807701788,9.353025181797243,False,25.100000000000023,3.443319148292352,10.535470855369303,29.429172033989094,231.3299253910424,11.08388888889334,18.09899999998652,-15.860382206338338,6.143367267552564,-314.1583626708607,92.38548731402452
544314.0,3.8243,-0.3779,10.781,-0.0968,0.0232,9.8061,0.1029,-0.4279,0.2942,57.49,-87.75,39.55,53.053783,-1.799166,10.63,4,20.55,20 / 21,19.273771842095673,4.323908287169311,0.2745563999996719,345.51640836468437,139.38023867076677,9.376164821797193,False,25.199999999999932,3.3641684123527984,10.87660773831534,29.76336658351654,232.4307551659363,11.384999999993573,17.187000000010972,-15.909603429742875,6.552699451146029,-315.75304178116784,93.05051649516952
544415.0,-3.2193,-0.1636,10.3233,0.0044,0.0207,9.8065,0.0236,0.2335,-0.1697,53.65,-87.83,42.52,53.053783,-1.799166,10.63,4,20.55,20 / 21,19.27231283170864,4.288243292488631,0.3498518999996713,347.46298564071145,139.8151523255395,9.40769744094716,False,25.30099999999993,3.3681999319165024,10.637447218848203,30.100836239659046,233.4976704869617,11.15796111111386,17.56964000000996,-15.904112899792137,6.349203926359572,-317.3621494010524,93.68251816142222
544515.0,-1.6995,1.5068,10.3401,-0.0754,0.0189,9.8063,0.0919,-0.2057,0.1336,67.52,-87.72,52.36,53.053783,-1.799166,10.63,4,20.55,20 / 22,19.221994759950228,4.530352436582916,0.40235689999968327,349.38770102029486,140.25608211199315,9.445307880947137,False,25.400999999999954,3.278119798448805,10.569491949675133,30.428213220413042,234.55402229002644,11.066180555555452,17.23124000000857,-15.943874961501422,6.039139513092216,-318.9594877998818,94.29794017803329
544614.0,-4.3669,2.4306,9.8229,0.0301,0.0318,9.8065,0.1191,0.4979,-0.2575,79.96,-88.06,68.45,53.053783,-1.799166,10.63,4,20.55,20 / 22,19.355838418463996,4.876791014291348,0.4295670499996961,351.2973037626273,140.72173571281164,9.486488116472126,False,25.5,3.1747389742217376,10.608185131396286,30.739214668207392,235.59981057436752,11.073055555555555,16.660999999999998,-16.181099444242257,5.731394117104938,-320.55808909441987,94.87807486155589
544714.0,-1.6904,-0.5231,10.2721,-0.0145,0.0479,9.8065,0.0866,0.1597,-0.0765,98.37,-87.92,86.61,53.053783,-1.799166,10.63,4,20.55,20 / 22,19.44132868781378,5.202206628474837,0.45365204999970166,353.23716211794164,141.22568559495005,9.530649071472105,False,25.600000000000023,3.4485954595827772,10.623147761773762,31.086776999775555,236.66728186986498,11.168888888888372,17.984999999989242,-15.992733228231003,5.420941133298925,-322.15038511816607,95.44159627491493
544814.0,1.1029,0.1793,9.6267,0.0376,-0.0053,9.8065,0.0144,0.3428,-0.2091,108.15,-87.76,96.09,53.053783,-1.799166,10.63,4,20.55,20 / 22,19.436631645519228,5.231910360647653,0.4679270499996887,355.1810601346065,141.7473914444057,9.576728026472033,False,25.699999999999932,3.3029599985900955,10.632682494916383,31.41428765834969,237.7347531667746,11.133888888882842,17.257000000030867,-16.13367164692913,5.400772134268729,-323.76677247625685,95.98736172236889
544914.0,1.7708,0.5968,9.4255,-0.0284,0.0025,9.8065,-0.0365,0.1051,-0.0034,109.02,-87.69,96.82,53.053783,-1.799166,10.63,4,20.55,20 / 22,19.444615725989443,5.079124669219237,0.4398720499996823,357.1251225031824,142.26294319589917,9.622117981472012,False,25.799999999999955,3.4369272161423345,10.366204667683865,31.76184998986629,238.75774649178769,10.921111111117401,18.3429999999679,-16.00768850984711,5.287079998464629,-325.36327251331613,96.49480329588852
545014.0,0.7635,-1.9106,10.7243,0.0308,-0.0027,9.8066,-0.0372,0.4257,-0.1545,107.51,-87.63,95.12,53.053783,-1.799166,10.63,4,20.55,20 / 22,19.35869145528639,4.973965882568516,0.4666970499996884,359.06528786224663,142.76559772348867,9.667446436471991,False,25.899999999999977,3.4408746941171677,10.25097808928248,32.10941232140818,239.78073981616785,10.813055555557153,18.554999999996866,-15.917816761169222,5.277012206713964,-326.95587554083846,97.01514209267918
545114.0,-3.6373,-1.7188,9.3764,0.0198,0.0209,9.8066,-0.133,0.4294,-0.2243,109.13,-87.66,96.86,53.053783,-1.799166,10.63,4,20.55,20 / 22,19.251812475158154,5.162207059403206,0.491067049999694,360.99581305876933,143.27240637058736,9.715334641471971,False,26.0,3.5180108233240155,10.314611710527467,32.45697465295006,240.8148526343882,10.898055555555555,18.833,-15.733801651834138,5.152404651124261,-328.53883840581926,97.54244626380083
545214.0,0.266,-1.3006,9.8397,0.015,-0.0009,9.8066,-0.0331,0.2052,-0.0533,105.55,-87.53,96.33,53.053783,-1.799166,10.63,4,20.55,20 / 22,19.181368224727194,5.363030103962384,0.4712070499996896,362.91747209376405,143.79866822875576,9.763448346471952,False,26.100000000000023,3.5128408814952277,10.334271814758038,32.81122087549908,241.84896545331583,10.915000000000312,18.774000000009416,-15.668527343231966,4.971241710795654,-330.10625121826496,98.05029722456007
545314.0,-3.3478,-0.2395,9.9884,0.0354,-0.0095,9.8065,-0.0391,0.3793,-0.232,105.09,-87.48,94.99,53.053783,-1.799166,10.63,4,20.55,20 / 22,19.164665189034373,5.529216108199112,0.4819470499996799,364.8347737644504,144.34328053936335,9.811106051471876,False,26.199999999999932,3.6345313520059856,10.314490199999854,33.17215098900185,242.87195877769514,10.936111111112925,19.41100000000924,-15.530133837028387,4.785274091800742,-331.66262277544854,98.52867823833179
545414.0,-0.834,-0.3029,9.6835,-0.0022,-0.0065,9.8066,0.046,-0.0306,-0.0054,104.7,-87.18,93.8,53.053783,-1.799166,10.63,4,20.55,20 / 22,19.210132810921607,5.735090192270643,0.4848770499996807,366.75351366444863,144.90649585438697,9.859447256471855,False,26.299999999999955,3.7145540875678495,10.353844113685087,33.54644888449149,243.90607159442575,10.999999999998112,19.735999999990394,-15.495578723353757,4.618753921414443,-333.20706477995714,98.99957574003878
545514.0,-2.4225,0.6668,9.8006,0.0084,0.0141,9.8065,0.0345,0.1715,-0.0383,106.88,-87.05,95.74,53.053783,-1.799166,10.63,4,20.55,20 / 20,19.290606583237476,5.882181428566353,0.47841704999967927,368.67855063415703,145.48735943542897,9.907611961471833,False,26.399999999999977,3.70331271081525,10.134573250314052,33.91406288897494,244.91794542708826,10.790000000003104,20.07299999999502,-15.587293872422226,4.252391821747699,-334.7644877451821,99.43058599165929
545614.0,0.2418,0.2645,10.6649,-0.0254,0.0258,9.8065,-0.0131,0.0086,0.0509,107.26,-86.91,99.33,53.053783,-1.799166,10.63,4,20.55,20 / 20,19.384114868962683,5.969234897775989,0.521027049999689,370.61228670676746,146.07993025174622,9.957584166471813,False,26.5,3.7327084806189275,10.092987652048057,34.28836078451829,245.9186997673246,10.761111111111111,20.296,-15.651406388343755,4.123752754272068,-336.32392592224915,99.83876951557838
545714.0,0.0973,0.6546,9.9647,0.0248,0.0239,9.8065,0.0051,0.195,-0.0325,111.77,-86.68,103.28,53.053783,-1.799166,10.63,4,20.55,20 / 20,19.438953104751366,5.932670779969309,0.5718420499997006,372.5534401054536,146.6750255356336,10.012227621471794,False,26.600000000000023,3.7145324366848684,9.972624044628505,34.655974789054795,246.91945410756097,10.641944444446542,20.42899999999731,-15.724420668066498,4.0399532646591965,-337.8974653163988,100.24442857192736
545814.0,0.5184,0.6744,9.544,-0.0366,0.0201,9.8065,0.0429,-0.0812,0.1502,112.84,-86.44,104.55,53.053783,-1.799166,10.63,4,20.55,20 / 20,19.505540115651836,5.873763758644459,0.5666120499997054,374.50066476647197,147.26534726256375,10.069150326471712,False,26.699999999999932,3.731958137691987,10.11754654184837,35.03027268451828,247.93132793951466,10.783888888891305,20.247000000002586,-15.77358197795985,4.243782783203911,-339.4703920819537,100.66598067695091
545914.0,-0.5415,-0.6035,10.8265,0.0167,0.002,9.8066,0.0798,0.0024,0.0063,112.79,-86.47,107.75,53.053783,-1.799166,10.63,4,20.55,20 / 20,19.52615725445748,5.8680122525237834,0.604472049999714,376.4522496349779,147.8524360631223,10.127704531471696,False,26.799999999999955,3.7775650099483693,10.191307486018243,35.41125447101446,248.95432126523505,10.868888888886376,20.33799999999731,-15.748592244509112,4.323295233494459,-341.04099516396343,101.10188520211275
546014.0,-3.9327,-1.7001,9.9394,-0.024,0.003,9.8066,0.0811,-0.0257,0.0788,117.77,-86.47,109.88,53.053783,-1.799166,10.63,4,20.55,20 / 20,19.54189694011714,6.112113057378001,0.6621020499997271,378.40565234470705,148.45144232861753,10.191033236471682,False,26.899999999999977,3.70680824588806,10.0353358338435,35.77886847552469,249.94395611233924,10.698055555558081,20.27300000000096,-15.835088694229082,3.9232227764655,-342.62678386918236,101.4925137837217
546115.0,-1.2709,-2.031,9.2586,-0.0128,0.025,9.8065,-0.0063,0.0963,0.084,122.54,-86.36,114.31,53.053783,-1.799166,10.63,4,20.55,20 / 20,19.52276967077547,6.429503717549382,0.6411293999997273,380.3784180085571,149.08479397575135,10.256846424696654,False,27.000999999999976,3.7486646201638427,9.950686123977274,36.15697618890634,250.9546067996385,10.633374999999997,20.642599999999977,-15.774105050611627,3.521182406427892,-344.22144181965075,101.86981282388714
546214.0,-1.4904,-1.4943,9.9905,-0.0045,0.0059,9.8066,-0.0215,0.1684,0.0683,122.15,-86.35,117.26,53.053783,-1.799166,10.63,4,20.55,20 / 20,19.464132455818298,6.6303649207498605,0.6231014999997189,382.3082696638244,149.73125747334745,10.319425854246656,False,27.100000000000023,3.804610762743181,9.963290718634598,36.53414815753869,251.93434529897132,10.665000000000544,20.899999999995327,-15.659521693075117,3.3329257978847373,-345.77412150628567,102.20308782562387
546314.0,-2.6528,-2.7018,9.3776,0.0226,-0.0059,9.8066,-0.0618,0.2964,-0.0699,121.49,-86.5,117.07,53.053783,-1.799166,10.63,4,20.55,20 / 20,19.410493991031476,6.908878741050158,0.61084149999973,384.2520009861651,150.40821965643684,10.381123004246573,False,27.199999999999932,3.7625921700814646,10.018708252745261,36.908446053055314,252.93509963849905,10.701944444444871,20.584000000009436,-15.647901820950011,3.1098295116951036,-347.3435549331098,102.52687998206221
546414.0,-1.1126,-4.0692,10.0369,0.0154,-0.0054,9.8065,-0.0156,0.3702,-0.0732,120.16,-86.57,116.06,53.053783,-1.799166,10.63,4,20.55,20 / 20,19.232627199762035,7.235139019457334,0.6009014999997278,386.1841570457052,151.11542054446238,10.441710154246561,False,27.299999999999955,3.825936997682329,10.010749438232112,37.28942783952492,253.9358539786624,10.716944444444001,20.915999999990188,-15.406690202079705,2.7756104187747788,-348.8947292061803,102.82043343420003
546514.0,-5.3541,-3.6805,9.612,0.045,0.0182,9.8065,-0.0513,0.616,-0.2501,118.64,-86.5,117.46,53.053783,-1.799166,10.63,4,20.55,21 / 21,19.06766137128267,7.70128446507937,0.6026814999997282,388.0991714742579,151.86224171868938,10.501889304246548,False,27.399999999999977,3.7888827993825815,9.985327592650853,37.66372573504198,254.9366083181913,10.680000000000545,20.779000000002025,-15.27877857190009,2.2840431275714828,-350.43544573921594,103.07436659950193
546614.0,-1.2144,-2.2912,9.8856,0.0384,0.0152,9.8065,0.0334,0.2092,0.0583,120.66,-86.39,116.2,53.053783,-1.799166,10.63,4,20.55,21 / 21,18.983047870386624,8.127689891215523,0.5968964999997269,390.0017069363418,152.6536904365043,10.561868204246535,False,27.5,3.7095276359185267,9.90629416354958,38.03133973957849,255.926243166002,10.578055555555556,20.529,-15.273520234468098,1.7786042723340572,-351.97036719676333,103.2725527294977
546714.0,-4.9876,-3.0389,10.0914,0.0814,0.0124,9.8062,0.0067,0.5281,-0.1257,124.64,-86.72,124.42,53.053783,-1.799166,10.63,4,20.55,21 / 21,18.94795582671354,8.521651314430477,0.6150814999997312,391.8982571211972,153.48615749678677,10.622467104246521,False,27.600000000000023,3.697512535588154,9.958800649958551,38.39895374406166,256.926997505531,10.623055555556812,20.36899999999487,-15.250443291125386,1.4371493355280744,-353.49930337713556,103.44084000874423
546815.0,1.2128,-2.0818,9.7359,-0.0253,0.0117,9.8066,0.0761,-0.0897,0.3128,128.57,-86.8,128.9,53.053783,-1.799166,10.63,4,20.55,21 / 21,18.859777707501024,8.8243782074839,0.6258884999997312,393.80754766467504,154.36213198764344,10.685136089246493,False,27.701000000000022,3.666869632088766,10.059699993027202,38.76362683657255,257.948767685962,10.707174999997468,20.02739000001549,-15.192908075412259,1.2353217855433023,-355.0439208281025,103.58663569831859
546914.0,1.0841,-1.57,8.9139,0.0588,0.0195,9.8064,-0.0476,0.2655,-0.102,133.57,-86.77,134.48,53.053783,-1.799166,10.63,4,20.55,21 / 21,18.6627110087039,8.846031088026644,0.5781952499997637,395.6649108561259,155.2368172477706,10.744738234871427,False,27.799999999999955,3.7297908493941256,9.943493360978868,39.13418175308063,258.92850618522226,10.620000000002602,20.56099999998407,-14.932920159309775,1.0974622729522245,-356.5307291030453,103.69168893745166
547014.0,-0.5698,-1.0502,9.4843,-0.0588,0.0133,9.8064,-0.0753,-0.1883,0.2728,131.29,-86.46,131.36,53.053783,-1.799166,10.63,4,20.55,21 / 21,18.561946887208272,8.90612724164064,0.5174402499997499,397.52614375092196,156.12442516425418,10.799520009871415,False,27.899999999999977,3.8632196607099267,9.88824296710806,39.5218474305846,259.91814103232554,10.616111111111168,21.339999999988486,-14.698727226498345,0.9821157254674198,-358.00429632033735,103.79371586807136
547114.0,2.6409,-3.6146,9.4521,-0.0165,0.0018,9.8065,-0.0709,-0.205,0.3065,132.46,-86.77,133.16,53.053783,-1.799166,10.63,4,20.55,21 / 21,18.33305115308954,8.976117453445362,0.48359524999974224,399.3708936529373,157.0185373990087,10.8495717848714,False,28.0,3.7124583408952496,9.855937644282326,39.882777544087794,260.907775880136,10.531944444444443,20.64,-14.620592812194289,0.8798201908369645,-359.4881161088495,103.88923848112731
547214.0,-4.1788,-2.87,10.99,-0.028,0.0177,9.8066,-0.1212,0.0376,0.1101,134.39,-87.1,136.02,53.053783,-1.799166,10.63,4,20.55,21 / 21,18.16813317028773,9.239362186981898,0.5250352499997517,401.1959528691066,157.92931138103026,10.900003309871387,False,28.100000000000023,3.7444849374093176,9.86312995724676,40.25707543960457,261.8862912333993,10.550000000001136,20.788999999990587,-14.423648232878413,0.6237677702648625,-360.938877429502,103.95697985236902
547314.0,3.3448,-1.16,10.6893,-0.0516,-0.0117,9.8064,0.0888,-0.2878,0.3768,134.54,-87.1,139.59,53.053783,-1.799166,10.63,4,20.55,21 / 21,18.0668447209015,9.3992433033516,0.6283352499996578,403.0077017636644,158.86124165554608,10.957671834871306,False,28.199999999999932,3.6611082674698325,9.976383837802517,40.62468944408665,262.8870455736343,10.626944444444247,20.151999999968794,-14.405736453431668,0.5771405344509173,-362.38301231957774,104.0258039180882
547414.0,-2.3689,-2.8465,8.743,0.0191,0.0176,9.8066,-0.0274,0.6707,-0.246,140.33,-87.13,146.02,53.053783,-1.799166,10.63,4,20.55,21 / 21,17.9216347220004,9.493915354239448,0.6192852499996558,404.8071257358099,159.80589958842586,11.020052859871285,False,28.299999999999955,3.4669960667337483,10.038144164797387,40.96556788464985,263.88779991309036,10.620000000000205,19.054000000032453,-14.454638655266653,0.5442288105579394,-363.8415578511601,104.0819003246645
547515.0,-5.2,-0.9841,10.253,-0.0045,-0.0129,9.8066,0.0309,0.3791,-0.1059,141.21,-87.02,147.31,53.053783,-1.799166,10.63,4,20.55,20 / 22,18.108041606730033,9.871320249346626,0.5881115999996562,406.62662439041077,160.78384398640694,11.08102640079625,False,28.400999999999954,3.613696504378387,10.0028911650671,41.33679119029419,264.8986729916457,10.635630555554618,19.863030000001444,-14.494345102351646,0.13157091572047364,-365.28983320011656,104.11482900523876
547614.0,-2.766,-1.4175,10.1663,0.0579,-0.0102,9.8065,-0.0042,0.5178,-0.2106,140.52,-87.15,150.34,53.053783,-1.799166,10.63,4,20.55,20 / 22,18.35149039466425,10.19913002271596,0.628008599999675,408.43137122448064,161.7773312748745,11.141224350696245,False,28.5,3.6180391224250275,10.067680248118483,41.69411200268837,265.9004280852809,10.698055555555557,19.767,-14.733451272239222,-0.13144977459747587,-366.73725922179227,104.1230968104064
547714.0,-1.8065,-2.5572,8.6845,-0.0124,0.0225,9.8066,-0.1204,0.3522,0.0568,139.27,-87.02,148.84,53.053783,-1.799166,10.63,4,20.55,20 / 22,18.410800446219643,10.485056853377838,0.5898835999996663,410.26948576652524,162.81154061867943,11.202118960696225,False,28.600000000000023,3.5748952826280105,10.063921885540092,42.048358225237386,266.9011824248099,10.680000000000414,19.55600000000176,-14.835905163591633,-0.4211349678377463,-368.22112754128784,104.08964180613049
547814.0,-1.2339,-1.4993,10.4945,0.0229,0.0168,9.8065,-0.0656,0.4885,-0.0151,140.87,-87.29,151.09,53.053783,-1.799166,10.63,4,20.55,20 / 22,18.408936973524877,10.72539489043959,0.5681685999996862,412.1104726375108,163.87206320586932,11.260021570696141,False,28.699999999999932,3.6052356060425805,10.08289293832883,42.409288338739586,267.91305625747066,10.708055555556234,19.67499999999176,-14.803701367482297,-0.6425019521107593,-369.7011842987712,104.04099305160133
547914.0,-0.4193,-1.7026,11.1243,-0.0174,0.0159,9.8066,0.016,0.3803,-0.0064,141.38,-87.23,156.05,53.053783,-1.799166,10.63,4,20.55,20 / 22,18.385067227185,10.889272156483917,0.668443599999709,413.9501728475467,164.95279655821574,11.321852180696125,False,28.799999999999955,3.5620845979204816,10.123546062318502,42.763534561289305,268.92493009005887,10.731944444443737,19.385000000008574,-14.82298262926452,-0.7657260941654158,-371.1866382862574,103.97213353184313
548014.0,0.3174,-2.098,10.4154,-0.0058,0.0449,9.8065,0.0887,0.5135,-0.1394,143.77,-86.93,158.08,53.053783,-1.799166,10.63,4,20.55,20 / 22,18.28551783743,11.030996005039615,0.764763599999731,415.7837021007779,166.04880996629217,11.393512540696113,False,28.899999999999977,3.45380304381067,10.208514881861687,43.104413001824554,269.947923415146,10.77694444444378,18.692000000010243,-14.83171479361933,-0.8224811231779281,-372.6792890989533,103.89911344885385
548115.0,-4.6322,-1.9573,9.2707,-0.0408,0.0179,9.8065,0.1327,0.6001,-0.2155,139.11,-86.1,155.9,53.053783,-1.799166,10.63,4,20.55,20 / 22,18.334483620177885,11.32184687719843,0.768439999999731,417.63301217438703,167.1776285318452,11.470939322496085,False,29.000999999999976,3.536282478441274,10.260878671008127,43.46213484768834,270.98125786841547,10.853155555555555,19.01587000000004,-14.79820114173661,-1.060968206190303,-374.1708773266987,103.80362933657028
548215.0,-2.8196,-2.1042,9.3026,0.008,0.0104,9.8066,0.0321,0.5795,-0.1475,136.73,-85.49,155.85,53.053783,-1.799166,10.63,4,20.55,20 / 22,18.489076792498924,11.708588940488212,0.7164399999997192,419.47419019502127,168.3291503227298,11.545183322496074,False,29.101,3.4655338383984278,10.296088613924473,43.80963034029402,272.015370686636,10.863675000000908,18.60260999999355,-15.023542954100495,-1.4125003265637393,-375.66455985472726,103.68622036390622
548315.0,-2.9749,-2.5686,9.4589,-0.0096,0.0261,9.8066,-0.0492,0.6221,-0.0373,135.81,-85.26,155.63,53.053783,-1.799166,10.63,4,20.55,20 / 22,18.550122995107007,12.06588196304126,0.6738499999997095,421.32615018440197,169.51787386790653,11.614697822496062,False,29.201000000000022,3.4065228998015926,10.379664839185615,44.150508780855205,273.0494835048416,10.92436944444263,18.16943000000411,-15.143600095305414,-1.686217123855645,-377.17564140354676,103.53160963693506
548415.0,-2.4164,-2.3515,10.0692,-0.002,0.0025,9.8066,-0.0339,0.2876,0.1159,133.4,-85.32,156.52,53.053783,-1.799166,10.63,4,20.55,20 / 22,18.578551115255003,12.418900076201979,0.6695899999997135,423.18258388991836,170.74211296986758,11.681869822495972,False,29.30099999999993,3.411922324056822,10.31284000840355,44.49125354357221,274.08359632157885,10.862594444442518,18.306420000013578,-15.166628791198182,-2.1060600677984294,-378.69133034634615,103.34148335171128
548514.0,-0.6508,-2.2074,11.0288,0.0241,-0.0108,9.8066,-0.069,0.3816,0.0437,134.31,-85.56,158.35,53.053783,-1.799166,10.63,4,20.55,20 / 20,18.534195728036234,12.674131264019808,0.743082649999748,425.0196648586621,171.98421802120913,11.751797118670979,False,29.399999999999977,3.3499380138201613,10.400770653923528,44.81548909556049,275.10736801091707,10.926944444443484,17.853000000006766,-15.184257714216074,-2.2733606100962795,-380.2041757631016,103.12314998970794
548614.0,-0.599,-2.1315,9.9979,-0.021,-0.0259,9.8066,0.0139,0.206,0.0567,131.07,-85.89,158.87,53.053783,-1.799166,10.63,4,20.55,20 / 20,18.43135278265343,12.856256746372042,0.8137526499997642,426.867942284197,173.260737421729,11.829638883670972,False,29.5,3.360974890313608,10.506629342103988,45.156367536121714,276.1637198146959,11.031111111111112,17.739,-15.070377892339822,-2.3496274042680536,-381.7115747480753,102.90298239296692
548715.0,1.0884,-0.4909,9.8179,-0.0307,-0.0193,9.8065,0.0983,0.1352,0.0744,126.09,-85.76,154.52,53.053783,-1.799166,10.63,4,20.55,20 / 20,18.3326220094743,12.910056356185535,0.8239788999997641,428.72452301119944,174.56193623340815,11.912344326945947,False,29.601,3.3342106726956664,10.670014203605177,45.493703514441606,277.24164343399946,11.178830555552207,17.353099999992804,-14.998411336778632,-2.240042152580358,-383.2308194967578,102.67970720059131
548814.0,-1.2253,-1.6004,9.4611,-0.0347,0.0069,9.8066,0.0726,0.2465,0.0284,124.36,-85.22,154.68,53.053783,-1.799166,10.63,4,20.55,20 / 20,18.26530178684176,12.966766564125448,0.8074310499997754,430.53612023911586,175.84283896796268,11.99309911947087,False,29.699999999999932,3.1782236260617585,10.481809032120792,45.80470496226172,278.2764234208383,10.953055555556462,16.86799999999136,-15.087078160780003,-2.484957532004657,-384.73141527685414,102.4335844528756
548914.0,0.7238,-0.4972,9.1759,-0.0263,-0.014,9.8066,0.0302,0.1747,0.0403,123.16,-85.02,155.15,53.053783,-1.799166,10.63,4,20.55,20 / 20,18.208810325800936,13.037264596090044,0.7586160499997644,432.3598258447484,177.14304052597376,12.071401474470864,False,29.799999999999955,3.131671678733394,10.529143246085994,46.11216394781876,279.33277522383327,10.984999999999054,16.564000000008985,-15.077138647067542,-2.50812135000405,-386.2476618969296,102.1897346978595
549014.0,-0.1925,-0.4368,9.6699,-0.0027,0.0138,9.8065,-0.0271,0.2545,-0.0215,119.31,-84.87,156.12,53.053783,-1.799166,10.63,4,20.55,20 / 20,18.169819229107787,13.031808952331955,0.7202410499997558,434.1787573224943,178.44649420339516,12.145344329470857,False,29.899999999999977,3.148304538680249,10.76287519875591,46.43299071541185,280.411366012463,11.213888888885506,16.305000000003826,-15.021514690427539,-2.2689337535760448,-387.74576660708243,101.96487180906786
549114.0,1.4555,0.7521,10.4631,-0.0012,-0.0168,9.8066,0.0273,0.0913,0.0333,117.03,-84.86,156.68,53.053783,-1.799166,10.63,4,20.55,20 / 20,18.172261463889587,12.961997568086108,0.7462260499997618,435.9958613571446,179.74618452941635,12.21866768447085,False,30.0,3.1127114586931586,10.259300698961425,46.73376581001109,281.4232398444185,10.72111111111111,16.878,-15.059550005196428,-2.702696869124683,-389.26209554713347,101.67705531500215
549214.0,1.3699,-1.5212,10.0322,0.0021,-0.003,9.8066,0.0081,0.267,-0.0633,116.57,-84.86,156.15,53.053783,-1.799166,10.63,4,20.55,20 / 20,18.090537022263526,12.846253360274957,0.790326049999772,437.80900128145265,181.0365970758347,12.295495289470844,False,30.100000000000023,3.109189211478734,10.37728457338459,47.04790868659715,282.4684721564795,10.833055555556898,16.67899999998438,-14.981347810784792,-2.4689687868903665,-390.7610925948555,101.4318750806448
549314.0,-1.0324,-0.4682,9.6209,-0.0144,-0.0065,9.8065,0.0155,0.0878,-0.0204,115.79,-84.74,154.96,53.053783,-1.799166,10.63,4,20.55,20 / 20,18.00983868208548,12.86926735118219,0.7923160499997702,439.61402006666844,182.3223731114064,12.37462739447075,False,30.199999999999932,2.9416899823950224,10.520352109329353,47.33531599923486,283.5248239581354,10.923888888889064,15.621999999990592,-15.068148699690457,-2.3489152418528363,-392.2787040674336,101.20245084672902
549414.0,-0.8671,-0.9316,9.1722,-0.0079,0.0119,9.8066,0.006,0.2594,-0.1085,111.4,-84.55,155.06,53.053783,-1.799166,10.63,4,20.55,20 / 20,18.00051558613095,12.977642012341096,0.751306049999761,441.4145377800797,183.61471857958284,12.451808499470744,False,30.299999999999955,2.882476370836392,10.543065492140595,47.62272331182541,284.5811757618377,10.929999999999819,15.291000000009785,-15.118039215294557,-2.434576520200501,-393.7918144682543,100.96645718225486
549514.0,0.3893,-0.34,9.4749,-0.0213,-0.0139,9.8066,0.023,0.124,-0.0078,113.26,-84.39,153.72,53.053783,-1.799166,10.63,4,20.55,20 / 20,17.966637987158464,13.018553758688455,0.7029960499997501,443.2128954587446,184.91452836813463,12.524523604470735,False,30.399999999999977,2.6662469574795247,10.376827178153059,47.89007895146952,285.60416908692616,10.713888888892082,14.41000000001302,-15.30039102967894,-2.641726580535396,-395.3228165072751,100.68964071879154
549614.0,1.258,0.0944,9.6157,-0.0027,-0.0009,9.8066,-0.0244,0.2562,-0.0937,115.25,-84.32,153.22,53.053783,-1.799166,10.63,4,20.55,20 / 20,17.937560307425382,12.942632804461478,0.6768610499997442,445.00810537347417,186.21258769629242,12.593516459470726,False,30.5,2.6798405334399162,10.566583088781472,48.157434591139605,286.671640382423,10.901111111111112,14.231,-15.257719773985466,-2.376049715680006,-396.85067078233453,100.45905268613058
549714.0,0.8446,0.4589,9.735,-0.0204,-0.0069,9.8066,-0.0652,0.1512,-0.0786,108.82,-84.2,151.21,53.053783,-1.799166,10.63,4,20.55,20 / 20,17.94007248795171,12.831169345841252,0.6637310499997412,446.80198701324343,187.50127780380785,12.660546064470715,False,30.600000000000023,2.425269609569237,10.515043810333006,48.39805466678166,287.71687269306915,10.791111111110043,12.988000000004403,-15.514802878382472,-2.3161255355082453,-398.4039323464618,100.2155948892613
549815.0,0.9501,-0.3902,10.2904,0.0049,0.0021,9.8066,-0.0302,0.2575,-0.1179,106.76,-84.19,148.92,53.053783,-1.799166,10.63,4,20.55,20 / 20,17.933059198154986,12.73910241854199,0.684542099999741,448.6135801633918,188.7925765279092,12.728633858545688,False,30.701000000000022,2.4606968983280026,10.433067461965758,48.64749747860008,288.7725573268137,10.71936111111247,13.271059999957062,-15.472362299826983,-2.306034956576232,-399.96608268479173,99.97998079890448
549915.0,-0.9782,-1.1027,9.4925,0.0007,-0.0015,9.8066,-0.0319,0.1677,-0.0435,105.77,-84.18,147.82,53.053783,-1.799166,10.63,4,20.55,20 / 20,17.87835348862598,12.75783715619345,0.6930220999997334,450.40415079772924,190.06742350664481,12.797512068545599,False,30.80099999999993,2.2019023494679413,10.537679429192384,48.86164934596956,289.8177896366831,10.765288888891327,11.802509999968839,-15.676451139158038,-2.220157727001066,-401.5425014517597,99.75036613003826
550014.0,0.408,0.2624,9.5035,0.0095,0.0103,9.8065,-0.0078,0.2406,-0.1085,105.36,-84.2,147.82,53.053783,-1.799166,10.63,4,20.55,20 / 20,17.86346731190259,12.793142987743897,0.6624657499997192,452.17337092735625,191.3321970237703,12.864608717120603,False,30.899999999999977,2.374817776705887,10.416608004412499,49.09986322088147,290.852569624223,10.683888888890104,12.842999999984468,-15.488649535196702,-2.376534983331398,-403.0735077064748,99.5203726004527
550115.0,0.0504,-1.3002,10.033,-0.0056,0.0109,9.8066,0.0115,0.2732,-0.1326,104.98,-84.03,146.93,53.053783,-1.799166,10.63,4,20.55,20 / 20,17.824380818966,12.78112314158817,0.6585873499997192,453.97560725796507,192.62369746330157,12.931321898670575,False,31.000999999999976,2.2377323896977845,10.434066677760281,49.322369951969826,291.9082542586756,10.671380555555551,12.104570000000168,-15.586648429268214,-2.3470564638278884,-404.6532373059952,99.28455679537402
550215.0,0.5199,0.9121,9.2637,-0.0048,0.008,9.8066,0.048,0.1248,-0.087,101.93,-83.8,145.8,53.053783,-1.799166,10.63,4,20.55,20 / 20,17.817759463565668,12.758034243815986,0.6427573499997157,455.7577142720921,193.90065533257206,12.996389133670561,False,31.101,1.9098796890025616,10.522301902963367,49.51620279072174,292.9530417889097,10.694236111105502,10.287910000011617,-15.907879774563106,-2.2357323408526195,-406.2415114813703,99.05238645633762
550315.0,-0.9585,-0.6892,9.5401,0.0018,0.0068,9.8066,-0.0073,0.2107,-0.0628,102.21,-83.6,145.55,53.053783,-1.799166,10.63,4,20.55,20 / 20,17.851109472262458,12.775129838033632,0.6022823499997065,457.5411577188839,195.17731353666483,13.058641118670547,False,31.201000000000022,1.979341480763721,10.125251427804288,49.709968790537474,293.95401851829405,10.31691944444677,11.061089999971518,-15.871767991498736,-2.649878410229343,-407.8311889283464,98.77670498162922
550415.0,0.5855,0.5341,10.024,0.0071,-0.0092,9.8066,-0.0146,0.0034,0.0455,105.01,-83.63,145.4,53.053783,-1.799166,10.63,4,20.55,20 / 20,17.86335512517265,12.791421123411006,0.5998223499997088,459.326880948754,196.4556410847359,13.118746353670463,False,31.30099999999993,1.8190941433549754,10.234974654365327,49.89698406047602,294.9767894534518,10.395375000004654,10.078090000005663,-16.044260981817676,-2.556446469045678,-409.429896888278,98.52114836871587
550515.0,1.1984,0.2825,9.8377,0.0223,0.01,9.8065,-0.0622,0.1081,0.0361,101.19,-83.77,144.53,53.054424,-1.799072,4.32,4,308.25,20 / 20,17.90139187245676,12.6922185940355,0.6122423499997117,461.1151182986359,197.72982307060852,13.179349588670448,False,31.400999999999954,1.7569442813624616,10.087032290665265,50.07063154844057,295.97754379299477,10.23891111111273,9.88048000001267,-16.1444475910943,-2.6051863033702354,-411.0444867501953,98.24772072238625
550617.0,0.5238,-0.1413,9.6225,-0.0014,-0.0134,9.8066,-0.0178,0.0589,0.0035,101.45,-84.1,145.71,53.054424,-1.799072,4.32,4,308.25,20 / 20,17.90932736414846,12.602734317752603,0.6044342499997137,462.9414649797023,199.0198656691094,13.241400095270404,False,31.50299999999993,1.5865611529186872,10.008126407488312,50.23385216645276,296.998646805487,10.133144444444428,9.008170000000263,-16.322766211229773,-2.5946079102642905,-412.7076128132495,97.97878113637759
550714.0,0.0436,0.2071,9.5134,0.0091,-0.0121,9.8066,-0.0665,0.1568,-0.0922,99.58,-84.18,144.35,53.054424,-1.799072,4.32,4,308.25,20 / 20,17.924287375637356,12.573797410048492,0.5812803499996915,464.67939529458357,200.24092745790895,13.29890725337043,False,31.600000000000023,1.432806402240928,10.097742340813838,50.37648640018196,297.9801644224828,10.198888888882314,8.07600000000071,-16.491480973396428,-2.476055069234654,-414.30290889440164,97.73923696457385
550814.0,1.079,-0.5524,9.2837,-0.013,-0.0399,9.8066,-0.0605,0.051,-0.0611,99.55,-84.19,141.48,53.054424,-1.799072,4.32,4,308.25,20 / 20,17.9156735320369,12.519905379756741,0.5404703499997286,466.47139333996563,201.49561259739806,13.35499478837035,False,31.699999999999932,1.3783797790190342,9.656004227504562,50.51684811098308,298.93644079089364,9.753888888889206,8.123999999958391,-16.537293753017867,-2.863901152252179,-415.95454522898257,97.44082819349558
550914.0,1.2466,0.481,9.1818,0.018,-0.0221,9.8065,-0.0778,0.0407,-0.0216,94.34,-84.34,136.48,53.054424,-1.799072,4.32,4,308.25,20 / 20,17.91650318979398,12.406727392198084,0.48308034999971566,468.26300217605757,202.7419442359961,13.406172323370333,False,31.799999999999955,1.132518772066775,9.699104403547171,50.62379036684864,299.90383665307513,9.764999999999672,6.660000000043274,-16.783984417727204,-2.707622988650913,-417.6392118092089,97.16189241707903
551014.0,1.949,0.4467,9.3891,0.0267,-0.0318,9.8065,-0.1097,-0.0325,0.0097,88.89,-84.79,132.52,53.054424,-1.799072,4.32,4,308.25,20 / 20,17.977715440054812,12.246821877216373,0.4309603499997039,470.0577131075504,203.9746216994671,13.451874358370315,False,31.899999999999977,0.9797220366995634,9.605163701407509,50.72404873171515,300.86011302219435,9.655000000001627,5.824000000012355,-16.99799340335525,-2.641658175808864,-419.33366437583527,96.88549132272726
551114.0,2.1693,0.9222,9.9465,0.0224,-0.0196,9.8065,-0.0702,0.0071,-0.0563,85.99,-85.08,130.42,53.054424,-1.799072,4.32,4,308.25,20 / 20,18.07313532326837,12.047202490397979,0.41707534999970075,471.86025564571696,205.18932291784807,13.494276143370294,False,32.0,0.8354000593075901,9.418021646869839,50.81093931459419,301.7941504064623,9.455,5.069,-17.23773526396078,-2.6291808435281396,-421.0493163311228,96.6048274886142
551214.0,0.7056,-0.0994,9.9032,-0.0086,-0.0473,9.8064,-0.083,0.061,-0.1261,86.89,-85.15,126.48,53.054424,-1.799072,4.32,4,308.25,20 / 20,18.141249280816723,11.909392374610919,0.4288953499997035,473.6709748759216,206.38715266109878,13.536574678370274,False,32.10000000000002,0.5624414930889025,9.256817741006799,50.85772655156359,302.7170682975964,9.273888888884029,3.4769999999859893,-17.578807787727822,-2.65257463360412,-422.813248324358,96.32991563649765
551314.0,1.0101,0.2922,9.7946,-0.011,-0.0586,9.8064,-0.0702,0.0366,-0.121,74.58,-84.95,116.69,53.054424,-1.799072,4.32,4,308.25,20 / 20,18.182843550647426,11.833464173344566,0.4331203499996998,475.4871795174932,207.57429548849547,13.579675463370204,False,32.19999999999993,0.39469853200141947,8.93628771183243,50.897829897498674,303.6066277100372,8.944999999989538,2.528999999957623,-17.788145018646006,-2.897176461512137,-424.5893496199945,96.03233222154171
551414.0,-0.2688,-0.5153,9.4859,-0.0076,-0.0458,9.8065,-0.0821,0.0552,-0.091,72.19,-84.75,112.07,53.054424,-1.799072,4.32,4,308.25,20 / 20,18.198237069449647,11.800140958487715,0.41648034999969613,477.3062335484985,208.75597574508734,13.622155498370184,False,32.299999999999955,0.15537586569733267,8.575536971154069,50.911197679458624,304.4517091534234,8.576944444455322,1.038000000044072,-18.042861203752313,-3.224603987333646,-426.3950358690399,95.69573340833605
551514.0,0.0377,-0.5146,9.335,-0.0106,-0.0262,9.8066,-0.0222,-0.0682,0.0449,67.06,-84.47,106.39,53.054424,-1.799072,4.32,4,308.25,20 / 20,18.162678620745126,11.800918701422281,0.37686034999968726,479.12427933300864,209.9360287280831,13.661822533370161,False,32.39999999999998,-0.05814831838629583,8.205905089693601,50.91119767945902,305.2634321174731,8.206111111116591,359.5939999947008,-18.22082693913142,-3.59501361172868,-428.21308165354964,95.32740338938999
551614.0,0.7679,-0.8383,9.7928,0.0141,-0.0091,9.8066,-0.0256,-0.0061,-0.0174,63.17,-84.57,103.73,53.054424,-1.799072,4.32,4,308.25,20 / 20,18.13504489191037,11.744842851142394,0.35258534999968183,480.93916550864185,211.1133168057116,13.698294818370139,False,32.5,-0.2517231308035032,7.8570798243783315,50.87777822450407,306.04179660353805,7.861111111111111,358.165,-18.38676802271387,-3.8877630267640626,-430.06138728413777,94.92847979782644
551714.0,0.9476,0.3492,9.6359,0.0055,-0.0015,9.8066,-0.0264,-0.1025,0.0786,62.62,-84.61,102.71,53.054424,-1.799072,4.32,4,308.25,20 / 20,18.1673185980939,11.667084237619246,0.34335534999967976,482.7542836831425,212.28391316014995,13.733091853370114,False,32.60000000000002,-0.35486798915210555,7.713786016821077,50.84435876957491,306.80904159788366,7.721944444440778,357.3659999999782,-18.522186587246004,-3.9532982207981693,-431.9099249135676,94.52512843773371
551814.0,1.8592,1.1366,9.9727,0.0032,0.0024,9.8066,-0.0013,-0.056,0.0047,60.86,-84.68,101.28,53.054424,-1.799072,4.32,4,308.25,20 / 20,18.314373948378467,11.589284796758392,0.34312034999968,484.57836831046444,213.44673161186776,13.767415638370052,False,32.69999999999993,-0.5352747217364363,7.454696244358207,50.79088764162463,307.5429281142443,7.473888888883662,355.89299999997763,-18.849648670114902,-4.134588552400185,-433.7874806688398,94.09619650237656
551914.0,0.7099,0.5675,9.545,-0.0104,-0.0206,9.8066,-0.0028,-0.0321,-0.0501,56.98,-84.46,99.78,53.054424,-1.799072,4.32,4,308.25,20 / 20,18.4667649690981,11.531942955253898,0.33834034999967894,486.4174252563387,214.60279299946865,13.801488673370027,False,32.799999999999955,-0.6221822901595941,7.263400663455838,50.72404873171861,308.26569513671325,7.290000000005436,355.10400000002335,-19.088947259257694,-4.26854229179806,-435.6933765246201,93.6629021372446
552014.0,0.7469,0.1658,9.6464,-0.0044,-0.0184,9.8066,-0.0143,-0.038,-0.0241,58.14,-84.14,98.37,53.054424,-1.799072,4.32,4,308.25,20 / 20,18.550760426909285,11.501122878846605,0.3172453499996742,488.26830152613945,215.75444629117393,13.834267958370003,False,32.89999999999998,-0.7895428803923145,6.965394607635612,50.643842039847215,308.9551036819588,7.010000000004138,353.5330000000232,-19.3403033073016,-4.535728271210993,-437.62445948629227,93.20065739078487
552114.0,0.0283,-1.1344,9.694,-0.0054,-0.0188,9.8066,0.0102,-0.0921,0.041,56.39,-83.79,96.17,53.054424,-1.799072,4.32,4,308.25,20 / 20,18.54511026620867,11.452098946362023,0.30360034999967117,490.1230950607958,216.90210738243462,13.865310243369978,False,33.0,-0.9319414166183425,6.749015572591148,50.55026756596155,309.622273241645,6.813055555555556,352.13800000000003,-19.477051682827014,-4.703083373770875,-439.5728274948342,92.7201658592104
552214.0,0.3091,0.5727,9.591,0.0199,0.0024,9.8066,-0.0421,-0.0848,0.0816,54.63,-83.86,94.77,53.054424,-1.799072,4.32,4,308.25,20 / 20,18.544662499333352,11.43481599478007,0.2871853499996675,491.9775836990733,218.046453129492,13.894849528369951,False,33.10000000000002,-1.0029079845214024,6.317837747195327,50.450009201095135,310.244964830921,6.396944444444001,350.97999999999126,-19.547570483854756,-5.116978247584743,-441.52757449797815,92.198511701429
552314.0,0.7799,-0.4004,9.9071,0.0354,0.0142,9.8065,-0.0395,0.0,0.0101,53.13,-84.08,93.89,53.054424,-1.799072,4.32,4,308.25,20 / 20,18.597723280497977,11.407285916754308,0.2814253499996727,493.83470298806316,219.18855822506768,13.923280063369893,False,33.19999999999993,-1.0630125734591327,6.277578022393043,50.3430669452481,310.867656419488,6.3669444444384204,350.3889999999537,-19.66073585395711,-5.129707894361265,-443.49163604281506,91.67909819442033
552414.0,1.0978,0.6577,9.7383,0.0092,-0.0118,9.8066,-0.0141,-0.1501,0.0589,51.39,-84.08,92.4,53.054424,-1.799072,4.32,4,308.25,20 / 20,18.678100319302796,11.35378524380596,0.2830303499996732,495.6984941680536,220.32661178309596,13.951502848369866,False,33.299999999999955,-1.1999380333117498,6.036901002690711,50.222756907396004,311.4569895314441,6.1550000000062655,348.75800000004824,-19.878038352614546,-5.3168842411152495,-445.47573726065764,91.13037774834814
552514.0,1.2097,0.8956,9.2126,0.0153,-0.0185,9.8065,-0.08,0.1535,-0.0974,45.17,-83.97,89.33,53.054424,-1.799072,4.32,4,308.25,20 / 21,18.82461027285623,11.333025499126382,0.24991034999966577,497.573629697662,221.46095232024282,13.97814988336984,False,33.39999999999998,-1.4037666435372156,5.845760447846222,50.075711305587554,312.03520315031045,6.011944444446558,346.49700000003344,-20.228376916393444,-5.48726505128016,-447.49791839207444,90.57425083006763
552614.0,-0.8002,-0.1828,9.0841,-0.0062,-0.0457,9.8065,-0.0729,0.0212,-0.0486,45.69,-83.72,87.21,53.054424,-1.799072,4.32,4,308.25,20 / 21,18.876040915196786,11.357490455855142,0.18408034999965084,499.4586622570651,222.59547811799217,13.999849418369811,False,33.5,-1.560146039128382,5.856877345294725,49.91529792179101,312.6245362616019,6.061111111111111,345.084,-20.436186954325166,-5.500613110560417,-449.5433643352741,90.02905814360975
552714.0,0.2575,-0.1215,9.8721,0.0122,-0.0238,9.8066,-0.1107,0.1195,-0.0509,38.75,-83.38,83.17,53.054424,-1.799072,4.32,4,308.25,20 / 21,18.858513615731475,11.381082704818377,0.15122534999964338,501.34538998361194,223.7324067760261,14.016614703369779,False,33.60000000000002,-1.7365597810228373,5.4899511753561665,49.728148974045865,313.1693914017763,5.758055555555272,342.44699999997925,-20.595073396754312,-5.891131529462211,-451.6172410095661,89.4369846257502
552814.0,0.0809,-0.1595,9.8259,0.0043,-0.0256,9.8066,-0.0617,0.084,-0.0311,35.95,-83.27,78.78,53.054424,-1.799072,4.32,4,308.25,20 / 21,18.872842975881685,11.374481237333468,0.1554603499996396,503.2319578131909,224.87018497313267,14.031948988369729,False,33.69999999999993,-1.8639476770766987,5.427756878864013,49.54100002627397,313.7142465426561,5.738888888882273,341.046999999941,-20.736790652958383,-5.946724358469455,-453.6909577869169,88.84406156952343
552914.0,1.2107,1.1923,9.7216,0.022,-0.0126,9.8066,-0.0552,0.0695,-0.0357,34.32,-83.35,75.71,53.054424,-1.799072,4.32,4,308.25,20 / 21,18.9639554747017,11.39614086057215,0.15217034999963897,505.1237977357205,226.00871607802821,14.047330523369697,False,33.799999999999955,-1.9758152849968809,5.139398167835265,49.3404832965825,314.21462371238414,5.506111111117992,338.9710000000614,-20.93977075969858,-6.256742692736885,-455.783314439138,88.20590763435592
553014.0,1.1616,1.2192,9.7806,0.013,-0.0194,9.8066,-0.0589,0.0009,0.0212,33.32,-83.35,72.8,53.054424,-1.799072,4.32,4,308.25,20 / 21,19.138139280761422,11.44586761729553,0.14661534999963777,507.02890247349404,227.15081650192187,14.062269808369663,False,33.89999999999998,-2.130594936133582,5.085620502665591,49.1265987848362,314.7150008821486,5.513888888888775,337.2690000000252,-21.268734216895005,-6.360247114629939,-457.90230368865787,87.56418438022675
553114.0,0.4761,1.1446,9.548,0.0016,-0.0295,9.8066,-0.044,0.044,-0.0526,27.48,-83.07,69.94,53.054424,-1.799072,4.32,4,308.25,20 / 21,19.275287997601417,11.520739527480018,0.13238034999963458,508.94957383741263,228.2991468591609,14.07621959336963,False,34.0,-2.3945716264845855,4.916784762896105,48.872610927180766,315.2042585594875,5.4688888888888885,334.033,-21.669859624086,-6.6039547645839125,-460.0769629102319,86.90511170032661
553214.0,0.1677,-0.499,9.3694,-0.0104,-0.0281,9.8066,-0.0619,0.0616,-0.0594,26.29,-82.84,68.96,53.054424,-1.799072,4.32,4,308.25,20 / 21,19.325894892949858,11.550949857560516,0.09758534999962676,510.87963298194063,229.4527313284132,14.087717878369597,False,34.10000000000002,-2.607948599770147,4.675759867178862,48.60525528753645,315.6601577588417,5.353888888888684,330.8489999999396,-21.933843492720005,-6.875189990381654,-462.27437769440417,86.20742643042851
553314.0,0.0391,-0.0965,9.887,0.0057,0.0016,9.8066,-0.0272,0.0274,-0.0105,23.65,-82.67,68.66,53.054424,-1.799072,4.32,4,308.25,20 / 21,19.328273248243093,11.536376103372763,0.0797403499996431,512.8123413889986,230.6070976264588,14.096584163369553,False,34.19999999999993,-2.926794565254723,4.4664833563757504,48.28442851994372,316.093817973344,5.339999999998776,326.7639999999504,-22.255067813497817,-7.069892746997013,-464.52791286905483,85.48672034688522
553414.0,-0.0722,-0.1454,9.6603,0.0015,0.0022,9.8066,0.0064,0.0425,0.0358,25.78,-82.68,68.27,53.054424,-1.799072,4.32,4,308.25,20 / 21,19.3276982047104,11.542937421347053,0.07644034999964242,514.7451399616467,231.76106330269505,14.104393198369518,False,34.299999999999955,-3.036914976208594,4.339904131985351,47.9769695343601,316.51635869397614,5.296944444445717,325.0170000000516,-22.364613180918994,-7.203033289361702,-466.76817042728663,84.7552953912811
553514.0,0.5749,1.536,9.8876,0.0298,0.0176,9.8066,-0.0237,0.003,0.0415,23.57,-82.97,66.94,53.054424,-1.799072,4.32,4,308.25,20 / 20,19.384312950220746,11.613605206065907,0.07317034999964174,516.6807405193937,232.91889043406596,14.111873733369483,False,34.39999999999998,-2.9869218672238604,4.051954479608309,47.68287833074121,316.905540937363,5.033888888892776,323.6040000000209,-22.371234817444606,-7.561650726457598,-468.99786218865245,83.98665050329706
553614.0,1.4174,1.4936,9.8428,-0.0067,-0.0137,9.8066,-0.0004,0.0171,-0.0342,23.09,-83.11,66.67,53.054424,-1.799072,4.32,4,308.25,20 / 20,19.541426868238368,11.730291711247196,0.0790253499996432,518.6270275103171,234.08608527993186,14.11948351836945,False,34.5,-3.088321166411248,3.9449172834289286,47.368735454155065,317.2947231807489,5.010000000000001,321.944,-22.629748034649616,-7.785374427818267,-471.2582920561621,83.20863790081705
553714.0,0.5712,1.5932,9.5208,-0.0113,-0.0201,9.8066,-0.043,0.0371,-0.0566,24.42,-82.73,67.4,53.054424,-1.799072,4.32,4,308.25,20 / 20,19.700546942787785,11.848763119932562,0.06654034999964041,520.5891262008689,235.2650380214911,14.126761803369416,False,34.60000000000002,-3.16048930813493,3.6868851971021583,47.054592577568414,317.65054694615054,4.856111111110043,319.3959999999801,-22.861036250922716,-8.161877922830403,-473.5345336233005,82.38550892465943
553814.0,-0.3468,0.1278,9.9726,-0.0135,-0.0233,9.8066,-0.0161,0.0112,-0.0581,30.25,-82.22,68.26,53.054424,-1.799072,4.32,4,308.25,20 / 20,19.75445909160782,11.940176989891969,0.06054534999964589,522.5618765025869,236.45448502698125,14.133116088369373,False,34.69999999999993,-3.198067017745702,3.557802727979032,46.72708191902124,318.0063707108438,4.783888888886189,318.0479999999421,-22.95252610935352,-8.382374261912936,-475.8347945835656,81.55188568386254
553914.0,0.3458,0.2672,10.281,0.0065,0.0039,9.8066,0.0231,0.0497,-0.027,27.91,-82.18,67.85,53.054424,-1.799072,4.32,4,308.25,20 / 20,19.771470634174324,11.97438243321701,0.09256034999965326,524.5381729888765,237.65021299813696,14.14077137336934,False,34.799999999999955,-3.2566460600517377,3.3734159915315307,46.39288736946458,318.3399554906625,4.688888888891697,316.00900000006027,-23.028116694226064,-8.600966441685479,-478.1452856194119,80.68974249252551
554014.0,0.1249,1.1416,9.5451,0.0194,0.0115,9.8066,-0.0168,-0.0535,0.0887,27.82,-82.26,67.86,53.054424,-1.799072,4.32,4,308.25,20 / 20,19.83205964313526,12.042053855524683,0.10320034999965576,526.5183495027424,238.8510348125743,14.150559408369308,False,34.89999999999998,-3.3351780800027293,3.351282815741386,46.065376710917015,318.66242077878735,4.728055555554977,315.1380000000128,-23.16723772313799,-8.690771039783296,-480.45297279182535,79.81138596621304
554114.0,1.7176,0.7602,10.041,0.0061,0.0176,9.8066,0.0433,0.0166,-0.0177,26.67,-82.64,67.29,53.054424,-1.799072,4.32,4,308.25,20 / 20,19.964741816648527,12.101503898288941,0.10184034999965551,528.508189575732,240.05821270026527,14.160811443369276,False,35.0,-3.290689941778912,3.201509166259406,45.73786605234309,318.98488606549734,4.59111111111111,314.213,-23.255431758427438,-8.899994732029535,-482.7703235233889,78.92667336523206
554214.0,1.7564,1.653,10.0074,-0.0126,0.0134,9.8066,0.0786,-0.0925,0.0139,28.85,-82.64,68.85,53.054424,-1.799072,4.32,4,308.25,20 / 20,20.182209069374316,12.14333991560885,0.12359534999966056,530.5155371200336,241.27045489096045,14.172083228369244,False,35.10000000000002,-3.345737564907214,3.1040492806777253,45.40367150278879,319.285112367356,4.563888888887103,312.8539999999982,-23.52794663428153,-9.039290634931124,-485.11186561724486,78.01465747639557
554315.0,-0.9609,0.6349,9.428,-0.0274,-0.0117,9.8066,0.06,-0.1032,0.0574,30.3,-82.73,70.08,53.054424,-1.799072,4.32,4,308.25,20 / 20,20.2819108308203,12.242160262503532,0.11461139999966076,532.5589751749934,242.5019226499551,14.18411266924421,False,35.20100000000002,-3.2637906145986744,3.0146822391068744,45.072885737629164,319.5883409315398,4.443044444444412,312.7278899999911,-23.545701445418977,-9.227478023396657,-487.4860894373642,77.08641828158468
554414.0,-1.2596,0.9437,9.6357,-0.0101,0.019,9.8066,0.0044,0.1382,-0.0614,31.03,-82.74,72.4,53.054424,-1.799072,4.32,4,308.25,20 / 20,20.234961927046456,12.381334877142104,0.08740619999967936,534.5645603765064,243.72078565936673,14.19411254044417,False,35.299999999999955,-3.2791318711115873,2.996358559884207,44.74865018563854,319.88556497175847,4.441944444444477,312.4200000000092,-23.514093798158044,-9.384976317257896,-489.81591019086784,76.16477931239174
554514.0,1.2608,1.4939,10.4827,0.0186,0.0355,9.8066,-0.0298,0.0789,-0.0693,35.39,-82.93,73.95,53.054424,-1.799072,4.32,4,308.25,20 / 21,20.308353692705694,12.494283219739204,0.11266119999968513,536.5917261574945,244.96456656421108,14.204115910444141,False,35.39999999999998,-3.3935367251916033,2.9324279180859536,44.40777174510408,320.1746717804845,4.484999999999364,310.8310000000235,-23.701890417897296,-9.56185530165325,-492.1839544123904,75.21010521627343
554614.0,0.9985,1.4414,10.1365,0.0077,0.0119,9.8066,0.0186,0.0968,-0.0159,32.91,-82.97,73.88,53.054424,-1.799072,4.32,4,308.25,20 / 21,20.49272015533386,12.567580701318368,0.16295619999969657,538.6317798498969,246.21765976026424,14.217896780444114,False,35.5,-3.295419415190063,2.834808085404513,44.08026108652995,320.46377858991747,4.3469444444444445,310.703,-23.788139570523924,-9.732772615913856,-494.55151876336697,74.24611882965323
554715.0,1.3547,2.7643,10.1505,0.0297,0.0192,9.8065,-0.0065,0.093,-0.0378,29.78,-83.03,73.6,53.054424,-1.799072,4.32,4,308.25,20 / 21,20.71126522835013,12.704572336313554,0.19697804999969626,540.7125811117729,247.49390348866464,14.236073460069084,False,35.601,-3.373821641572807,2.791683223926378,43.736040700499466,320.7444345844631,4.379061111109732,309.6061199999943,-24.085086869922936,-9.912889112387177,-496.97654041127345,73.25053109579844
554814.0,-1.1546,1.0901,9.2408,0.0239,0.0225,9.8065,-0.0072,0.1732,-0.0527,33.25,-83.26,72.65,53.054424,-1.799072,4.32,4,308.25,20 / 21,20.82705891781186,12.882243642103086,0.18598904999970375,542.7687281570065,248.7604508795954,14.255030331519041,False,35.69999999999993,-3.3204577774136346,2.7102229807195712,43.405188096414605,321.00863373079903,4.2861111111131,309.221999999997,-24.147516695225494,-10.172020661383515,-499.36354006059196,72.24818285120364
554915.0,0.8486,2.5758,9.2746,0.0363,0.0193,9.8065,-0.0208,-0.0164,0.0933,30.63,-83.4,72.58,53.054424,-1.799072,4.32,4,308.25,20 / 21,20.919749581717276,13.06635918974643,0.1305450999997043,544.8769419862327,250.0708553226038,14.27101530609401,False,35.80099999999993,-3.3793996290887294,2.747188271264053,43.06765160141537,321.2892897253179,4.355161111113928,309.108230000026,-24.299149210806007,-10.319170918482378,-501.80929038481736,71.21843440271408
555015.0,-0.7235,0.6923,9.2453,0.063,0.0226,9.8064,-0.076,0.0812,0.0135,29.94,-83.91,68.49,53.054424,-1.799072,4.32,4,308.25,20 / 21,21.01538587775457,13.219696817007753,0.07587509999969191,546.9736987592069,251.3851581229418,14.281336316093983,False,35.900999999999954,-3.3473557830056366,2.6378481903115443,42.733390212924704,321.5561575491922,4.26181111111007,308.23951000000073,-24.362741660760207,-10.581848626696209,-504.24030854628217,70.17099942625043
555115.0,-1.0845,0.2682,10.8483,0.0065,0.0013,9.8066,-0.0629,-0.1558,0.1631,25.25,-84.22,65.03,53.054424,-1.799072,4.32,4,308.25,20 / 21,20.964802114678523,13.319415573874826,0.09989009999969745,549.072708158829,252.71211374248622,14.290124576093953,False,36.000999999999976,-3.4049626234956762,2.6777495702856147,42.392311255633594,321.82302537305947,4.331761111111105,308.1825400000001,-24.3697647381742,-10.641666003589211,-506.68039690319534,69.11091163057324
555215.0,0.5686,1.5482,9.7189,-0.0092,-0.0056,9.8066,-0.0102,-0.1275,0.1367,22.47,-84.47,62.89,53.054424,-1.799072,4.32,4,308.25,20 / 21,20.983067037790676,13.432169143000154,0.14758509999970834,551.1701016164529,254.04969297833028,14.302498336093926,False,36.101,-3.4945751842592703,2.665121296442813,42.031514819924276,322.0896708063848,4.394888888887094,307.33037999997856,-24.477642222049944,-10.767047846557341,-509.13858679652867,68.0399778280545
555315.0,-1.0732,0.9195,10.3852,-0.0063,0.0389,9.8065,-0.0213,0.0024,0.0629,18.93,-84.73,62.21,53.054424,-1.799072,4.32,4,308.25,20 / 21,21.00787562435539,13.57084694179248,0.17212509999971393,553.2696487495607,255.39984378257023,14.318483846093901,False,36.20100000000002,-3.463389087813974,2.505710928045362,41.683952488382644,322.3345220352568,4.274769444446974,305.8851400000061,-24.471264712169365,-11.065136013747118,-511.58569626117804,66.93467825268655
555415.0,0.6891,0.6887,9.8161,-0.0171,0.0248,9.8065,0.0733,0.0279,0.0757,25.08,-85.22,63.43,53.054424,-1.799072,4.32,4,308.25,20 / 21,21.0230129781819,13.665311128434865,0.20152509999968723,555.3711931796856,256.76165168608037,14.337166356093855,False,36.30099999999993,-3.524276649485076,2.569232741560823,41.336390156865924,322.60116746926377,4.36136388889061,306.09236000001374,-24.547289627666977,-11.096078386874042,-514.0348030228197,65.8395157831834
555514.0,0.9099,1.6306,10.3506,0.002,0.0321,9.8065,0.0512,-0.0267,0.0275,24.7,-85.61,65.44,53.054424,-1.799072,4.32,4,308.25,18 / 20,21.148979121974726,13.752796848961376,0.22891839999970015,557.4587067886443,258.1188480309621,14.358473309343834,False,36.39999999999998,-3.498051748118783,2.5074077321791384,40.99230344861308,322.84335001989666,4.303888888889747,305.63300000000686,-24.64703087009351,-11.245389116782238,-516.4664033400313,64.72450198893455
555615.0,-0.2065,0.8719,10.1585,-0.0076,0.0035,9.8066,0.0194,0.0417,-0.0746,29.91,-85.84,68.16,53.054424,-1.799072,4.32,4,308.25,18 / 20,21.244844792292152,13.868378148919284,0.2741562999996998,559.5995948963148,259.51371736835506,14.383878581693804,False,36.500999999999976,-3.4516460543020155,2.5755987064972046,40.647949384789094,323.1127753270851,4.306688888888884,306.73009,-24.696490846594166,-11.292779442422079,-518.9516455115257,63.59905795873004
555716.0,-0.3634,1.0915,10.3709,-0.0023,0.0232,9.8066,0.0097,0.1583,-0.0385,30.93,-85.91,71.17,53.054424,-1.799072,4.32,4,308.25,18 / 20,21.27804459508026,13.984686391941226,0.3204193499996995,561.747000810377,260.9202971276685,14.413904652018774,False,36.601999999999975,-3.4965909620678546,2.6080146759844265,40.29677775208586,323.37108114184826,4.362111111109813,306.7178599999846,-24.774635557148116,-11.3766717159568,-521.4502230582912,62.45078401417976
555814.0,-2.4595,0.2058,9.2265,-0.0098,0.01,9.8066,0.0112,0.1325,-0.0637,32.98,-85.92,72.83,53.054424,-1.799072,4.32,4,308.25,18 / 20,21.20253740220206,14.12931555176022,0.3196402499996999,563.828549328243,262.29788322290926,14.44526757241873,False,36.69999999999993,-3.472440619984015,2.4935479022237597,39.949616454014574,323.62171450666784,4.274999999999945,305.682000000016,-24.674978022186075,-11.63576764953646,-523.8789328742284,61.32383128375858
555914.0,1.1457,1.6768,9.8675,0.0213,-0.0024,9.8065,-0.002,0.1463,-0.0729,33.82,-85.95,73.6,53.054424,-1.799072,4.32,4,308.25,18 / 20,21.207678701857915,14.25830653375107,0.293675249999694,565.9490601334464,263.71726432718515,14.475933347418707,False,36.799999999999955,-3.4462471729167805,2.5263381016854676,39.60873801347795,323.8774628380979,4.273055555555613,306.24399999998343,-24.653925874774696,-11.731968432065601,-526.3403221199685,60.16019851091278
556014.0,-1.0168,-1.4605,9.6429,0.0165,-0.0008,9.8066,-0.1118,0.2577,-0.2161,28.19,-85.78,70.68,53.054424,-1.799072,4.32,4,308.25,18 / 20,21.230400627750555,14.271698397067269,0.28853024999969284,568.0709640999273,265.1437645737264,14.505043622418683,False,36.89999999999998,-3.3956164947656364,2.4990761336376277,39.27454346389678,324.12209167641396,4.216111111111953,306.35199999999844,-24.626017122516192,-11.772622263429641,-528.7964206360306,58.97832710268756
556114.0,-0.2785,2.0975,10.0709,0.0281,0.0094,9.8066,-0.0167,0.0099,-0.0662,29.24,-85.41,69.04,53.054424,-1.799072,4.32,4,308.25,18 / 20,21.197308108259488,14.345951488626326,0.293555249999694,570.1923495367283,266.5746470680114,14.53414789741866,False,37.0,-3.3130090537301045,2.6748846936082855,38.947032805349316,324.41119848584634,4.258055555555556,308.91700000000003,-24.510317161989594,-11.67106679501804,-531.245316731379,57.836551417834926
556214.0,1.3168,-0.3678,9.9099,-0.0179,-0.0034,9.8066,-0.0043,0.0471,0.0464,26.28,-85.38,68.82,53.054424,-1.799072,4.32,4,308.25,18 / 20,21.294140127696053,14.415022593758433,0.31193024999969826,572.3169219485266,268.012695772131,14.564422172418636,False,37.10000000000002,-3.3093413696726244,2.5911263384991914,38.612838255795026,324.6669468172952,4.2030555555561016,308.0600000000165,-24.603481497368676,-11.823896255259243,-533.7040836927315,56.65425104516419
556314.0,-2.2825,-0.0151,9.7986,-0.0449,0.0037,9.8065,-0.0685,0.0175,0.0072,31.44,-85.24,73.14,53.054424,-1.799072,4.32,4,308.25,18 / 20,21.254439544572968,14.444518048934874,0.31669024999969403,574.444350932138,269.45567280426434,14.595853197418577,False,37.19999999999993,-3.286886857591517,2.678427670367291,38.28532759716793,324.93381464187655,4.239999999999683,309.17599999995895,-24.541326402164486,-11.766090378567583,-536.1590233349701,55.47814183761221
556414.0,-2.0131,-0.1155,8.8674,-0.0457,-0.0097,9.8065,0.0051,-0.0073,-0.0162,31.25,-85.17,74.84,53.054424,-1.799072,4.32,4,308.25,18 / 20,21.075505243595554,14.566623891280273,0.2693252499996833,576.5608481715469,270.9062299012754,14.625153972418554,False,37.299999999999955,-3.344596713629972,2.587889885166279,37.94444915668445,325.20068246502416,4.228888888889218,307.7310000000427,-24.420101957225526,-11.978734006113994,-538.6163990148625,54.294452563748735
556514.0,-2.1658,-1.5866,10.3268,0.0066,0.0386,9.8065,-0.0866,0.4981,-0.269,34.14,-84.98,77.16,53.054424,-1.799072,4.32,4,308.25,19 / 21,20.86055590265742,14.62476591546364,0.24837024999967863,578.65765122886,272.36579939161294,14.651038747418527,False,37.39999999999998,-3.347531554284202,2.5713442992758164,37.6035707161496,325.46755028889856,4.221111111111226,307.529000000003,-24.208087456941623,-12.053421616187823,-541.0540805127104,53.101750897285626
556614.0,-0.4896,-0.4735,10.973,-0.0216,-0.0151,9.8065,0.0509,0.1959,-0.0736,34.22,-84.83,79.08,53.054424,-1.799072,4.32,4,308.25,19 / 21,20.7015054075978,14.62960423079058,0.3326952499996979,580.7357542943732,273.828517898926,14.680092022418503,False,37.5,-3.244822042049681,2.532489011711774,37.276060057575464,325.7232986196401,4.116111111111111,307.971,-23.94632744964748,-12.097115219078805,-543.4596942367978,51.894780720714095
556714.0,2.9636,2.9981,10.4949,0.0165,0.0623,9.8064,0.1126,0.5093,-0.2557,35.64,-84.72,82.31,53.054424,-1.799072,4.32,4,308.25,19 / 21,20.88457963559837,14.674695360151693,0.4254252499997191,582.8150585465335,275.29373287847346,14.717998047418483,False,37.60000000000002,-3.251004989378506,2.5489302798194724,36.948549398974954,325.97904695108895,4.131111111110975,308.09800000001155,-24.135584624976875,-12.12576508033222,-545.8665091475585,50.68531407261548
556814.0,-0.2293,0.3759,9.98,0.0034,0.0626,9.8064,0.1269,0.4718,-0.2723,44.96,-85.01,90.6,53.054424,-1.799072,4.32,4,308.25,19 / 21,21.107749117296542,14.746053295221989,0.46850524999967996,584.9146749841763,276.7647703112408,14.762694572418413,False,37.69999999999993,-3.2089138259333643,2.587140904709136,36.621038740428155,326.2459147756703,4.121944444444335,308.87699999999614,-24.316662943229908,-12.158912390512853,-548.2936362437481,49.48114446442952
556914.0,3.3701,4.5235,9.2569,0.0407,0.0764,9.8062,0.0727,0.4162,-0.2077,52.9,-85.31,100.56,53.054424,-1.799072,4.32,4,308.25,19 / 21,21.407249614523785,14.78227406215526,0.44968524999967574,587.0404249207678,278.24118667911,14.80860409741839,False,37.799999999999955,-3.2120124751872696,2.577083122036281,36.30021197288459,326.5127825995253,4.11805555555567,308.741000000004,-24.619262089711054,-12.205190940118978,-550.7402129478833,48.27159592041528
557014.0,-1.5634,-1.3001,9.1029,0.048,0.076,9.8062,-0.0927,0.5712,-0.35,54.5,-85.28,104.16,53.054424,-1.799072,4.32,4,308.25,19 / 21,21.604318241048716,14.821945314885422,0.38701024999966155,589.191003313547,279.72139764796236,14.850438872418367,False,37.89999999999998,-3.235207334012335,2.544760142914329,35.97270131431085,326.76853093097435,4.116111111111139,308.1880000000082,-24.839525575061053,-12.277185171971093,-553.2183019992361,47.04713328301199
557114.0,2.2687,2.7462,9.7893,0.0456,0.0152,9.8064,-0.129,0.0754,-0.0505,51.14,-85.13,101.15,53.054424,-1.799072,4.32,4,308.25,19 / 21,21.69725547882589,14.85760376851708,0.35095524999965344,591.3560819995412,281.20537510213285,14.887337147418341,False,38.0,-3.2852158408069294,2.5357162458191604,35.63182287374962,327.03539875484853,4.1499999999999995,307.663,-24.982471319632822,-12.32188752269792,-555.7242591257916,45.83002365271568
557215.0,-1.4686,-2.9133,9.8146,0.0626,0.0198,9.8064,-0.1855,0.5047,-0.2638,42.72,-85.51,93.99,53.054424,-1.799072,4.32,4,308.25,19 / 21,21.734788246751858,14.8109662967769,0.35048054999965356,593.5494002076829,282.7036378904302,14.922759655318306,False,38.101,-3.3142352396886947,2.548743577900843,35.29435321760966,327.29370456890433,4.180938888888636,307.56134000000196,-25.049023486440554,-12.262222718876057,-558.2550469900732,44.59006667847416
557315.0,0.9262,-0.6205,10.7333,-0.0191,-0.0072,9.8066,0.0344,-0.2641,0.1389,42.48,-85.34,89.35,53.054424,-1.799072,4.32,4,308.25,19 / 21,21.606057889016586,14.713707410455905,0.39721054999966426,595.7164425144719,284.17987157579216,14.96014421031828,False,38.20100000000002,-3.294948305913399,2.5472911683901693,34.96677572012623,327.549675290202,4.164788888891476,307.7069700000373,-24.901006194929984,-12.166416242065736,-560.7496667943457,43.36980371440984
557414.0,-2.1116,-2.9772,9.5969,0.0127,0.0624,9.8064,0.0178,0.307,-0.1778,44.13,-85.37,92.7,53.054424,-1.799072,4.32,4,308.25,19 / 21,21.45238931811143,14.64091684781332,0.4326970999996402,597.8478356512232,285.6329254765755,15.001224638993218,False,38.299999999999955,-3.30631304114717,2.6765396976188476,34.63592311611806,327.82488273331876,4.2538888888862285,308.9909999999617,-24.7587023592586,-11.964377150194473,-563.2119125351052,42.19195725674325
557514.0,3.6955,3.3581,9.4809,-0.0584,-0.0172,9.8064,0.0737,-0.4204,0.2278,54.2,-84.91,98.68,53.054424,-1.799072,4.32,4,308.25,19 / 20,21.529555228883808,14.56865523733694,0.40592209999963413,599.9969328785735,287.09340408083335,15.043155598993192,False,38.39999999999998,-3.34139085722083,2.647404353141572,34.30172856653709,328.0917505586081,4.263055555555419,308.39000000000885,-24.870946086104638,-11.921250884195366,-565.6952043120364,40.99834647777476
557614.0,0.511,0.5554,9.8104,0.0226,0.0158,9.8065,-0.0217,-0.0289,-0.0044,54.82,-85.05,99.5,53.054424,-1.799072,4.32,4,308.25,19 / 20,21.824753205595993,14.523682507841277,0.3898220999996305,602.1646483002979,288.5480209680926,15.082942808993163,False,38.5,-3.3987944653636375,2.593033201139836,33.95416623496883,328.34749888864235,4.275,307.341,-25.22354767095963,-11.930649306701442,-568.2104820653291,39.79947792054975
557714.0,0.1139,-1.2116,9.4808,0.0011,-0.0566,9.8064,-0.0195,-0.4237,0.1861,51.27,-85.27,96.75,53.054424,-1.799072,4.32,4,308.25,19 / 20,21.831682351004545,14.488348291787588,0.37371709999962693,604.3474700781285,289.9986225080744,15.121119768993134,False,38.60000000000002,-3.4334424286187906,2.6984582394806007,33.60660390340047,328.6254862056495,4.366944444444017,308.1649999999927,-25.265124779623335,-11.789890052306987,-570.740866174728,38.62686369757512
557814.0,2.0632,0.4139,9.862,0.0057,-0.0298,9.8066,-0.0171,-0.2864,0.0335,46.35,-85.15,89.97,53.054424,-1.799072,4.32,4,308.25,19 / 20,21.88645400015944,14.398476067329186,0.3601920999996393,606.5333768956847,291.4429637260289,15.157815228993064,False,38.69999999999993,-3.433852731870773,2.650920862439845,33.265725462865625,328.8923540295236,4.338055555556575,307.6679999999801,-25.32030673203021,-11.747555204889341,-573.2676514328191,37.44939030349468
557914.0,0.1186,-3.1726,9.6468,-0.0403,-0.036,9.8064,0.01,-0.3505,0.1758,44.73,-84.95,88.25,53.054424,-1.799072,4.32,4,308.25,19 / 20,21.87675311050537,14.234770523677508,0.3549670999996382,608.7215372512184,292.87462605557954,15.193573188993035,False,38.799999999999955,-3.4946125768314205,2.6303206934113548,32.91147924034249,329.15922185337854,4.373888888887829,306.9680000000207,-25.37136568733679,-11.604449830266153,-575.8100580108759,36.284595797799
558014.0,5.9252,2.1897,10.1246,0.0184,0.0163,9.8065,0.0384,-0.4865,0.3306,44.48,-85.24,88.45,53.054424,-1.799072,4.32,4,308.25,19 / 20,22.068742374057084,14.002151007074868,0.36287209999964004,610.918812025447,294.28647213211747,15.229465148993008,False,38.89999999999998,-3.491738226583792,2.7957092409774162,32.55723301782014,329.44832866281087,4.473055555554089,308.68299999997464,-25.560480600640876,-11.206441766097452,-578.3615790076268,35.1618565306934
558114.0,5.76,1.3755,9.6688,-0.0167,-0.0073,9.8066,0.0383,-0.4712,0.1829,47.26,-85.78,89.21,53.054424,-1.799072,4.32,4,308.25,19 / 20,22.614422704606348,13.721299971177809,0.3718770999996421,613.1529702793806,295.6726446810304,15.26620260899298,False,39.0,-3.537126191037847,2.7881451598026397,32.202986795271215,329.72631597911106,4.5038888888888895,308.247,-26.151548895644193,-10.933154811375168,-580.9499834841095,34.053671298080644
558214.0,5.971,3.3288,9.3652,-0.0217,-0.016,9.8065,0.0576,-0.5772,0.0839,47.93,-85.91,89.86,53.054424,-1.799072,4.32,4,308.25,19 / 20,23.196006949965607,13.459456761148367,0.3429120999996355,615.4434917621097,297.031682517647,15.301942068992952,False,39.10000000000002,-3.5935393273881244,2.6668520961108064,31.835372790761383,329.99318380298575,4.4750000000017565,306.58000000000766,-26.789546277353733,-10.79260466503756,-583.6081189713483,32.96150128533873
558314.0,4.4856,-0.2585,9.1551,0.0285,-0.0235,9.8065,-0.0191,-0.4896,0.0175,50.82,-85.93,87.2,53.054424,-1.799072,4.32,4,308.25,19 / 20,23.66369155208735,13.180053747612867,0.2882620999996852,617.7864766872102,298.3636580430839,15.333500778992889,False,39.19999999999993,-3.664060312334534,2.7710065230979812,31.467758786225012,330.28229061241814,4.593888888891052,307.0989999999845,-27.327751864421884,-10.409047224514886,-586.3187179009852,31.91863256933425
558414.0,7.6335,1.2067,10.2831,0.0119,-0.0498,9.8065,-0.0461,-0.7034,0.0918,42.66,-86.05,78.17,53.054424,-1.799072,4.32,4,308.25,19 / 20,24.128724407480203,12.79700829827826,0.2795070999996832,620.1760974851891,299.66251114537874,15.361889238992864,False,39.299999999999955,-3.751391836243372,2.7813592524061885,31.08677699978198,330.56027792940523,4.66999999999775,306.5540000000161,-27.880116243723574,-10.015649045872072,-589.0893204854071,30.897766784026487
558514.0,3.8791,0.0476,9.58,0.0186,-0.0231,9.8065,-0.0316,-0.3725,-0.078,35.14,-85.87,71.44,53.054424,-1.799072,4.32,4,308.25,20 / 21,24.620148410122873,12.487783592992264,0.2919970999996861,622.6135411260698,300.9267507399426,15.390464448992839,False,39.39999999999998,-3.712839317839138,2.87364736874659,30.712479104264915,330.8493847381306,4.694999999999631,307.7389999999825,-28.33298772796201,-9.614136224245673,-591.9010620218048,29.92263399818802
558614.0,5.3722,-0.0147,9.8161,0.0141,-0.0009,9.8066,-0.0054,-0.594,0.0731,36.68,-85.79,66.0,53.054424,-1.799072,4.32,4,308.25,20 / 21,25.00422608023938,12.232314525099692,0.2811370999996837,625.0947598505885,302.1627556458475,15.419121158992814,False,39.5,-3.707358827117916,2.9212823429088237,30.34486509975498,331.1496110414037,4.72,308.237,-28.711584907357295,-9.311032182190868,-594.7498947508335,28.986855395556233
558714.0,5.6916,1.4683,10.4109,0.0323,0.0278,9.8065,0.0444,-0.4986,-0.0387,33.57,-86.32,61.24,53.054424,-1.799072,4.32,4,308.25,20 / 21,25.505825477164024,11.9904644888002,0.3118220999996908,627.6202624284592,303.37389459654275,15.44876911899279,False,39.60000000000002,-3.8118550572726644,3.037195074994174,29.963883313257554,331.44983734255504,4.873888888887826,308.5469999999824,-29.31768053443669,-8.953269413806026,-597.6563791152016,28.075942746012288
558814.0,4.5709,1.7041,10.3641,0.0045,0.0175,9.8065,0.0894,-0.5572,-0.0199,37.99,-86.46,61.99,53.054424,-1.799072,4.32,4,308.25,20 / 21,26.02518098460355,11.83602494094347,0.36990709999963806,630.1968127515453,304.56521906802885,15.482855578992725,False,39.69999999999993,-3.816973525119667,2.9136546734453805,29.576217635753448,331.7500636444131,4.801944444446915,307.35599999999,-29.84215450972322,-8.92237026749809,-600.6205951157918,27.18484457638425
558914.0,5.8311,0.7472,8.8095,0.0763,0.0412,9.8062,0.0917,-0.5271,0.0069,44.22,-86.88,63.52,53.054424,-1.799072,4.32,4,308.25,20 / 21,26.50320007371749,11.600295981617169,0.34792209999963314,632.8232318044619,305.73703511415715,15.518747038992696,False,39.799999999999955,-3.9042348570426917,2.942479354036136,29.181868067297327,332.039170453825,4.888888888886319,307.0040000000104,-30.407434930760182,-8.657816627581033,-603.6413637371646,26.30213533966787
559014.0,3.3494,0.0032,9.119,0.0463,0.0348,9.8064,0.0231,-0.5617,-0.119,47.07,-87.9,60.45,53.054424,-1.799072,4.32,4,308.25,20 / 21,26.863951633097944,11.31472365212144,0.263682099999614,635.4915893898033,306.8827860958443,15.549327248992666,False,39.89999999999998,-3.827783490915845,2.984679361733191,28.800886280799606,332.3505162481087,4.853888888889406,307.94499999998607,-30.69173512401379,-8.33004429038825,-606.6907031090036,25.46773015226438
559114.0,6.7643,-0.6078,10.3328,0.0466,-0.0035,9.8065,-0.0103,-0.4799,-0.2561,49.33,-87.89,62.66,53.054424,-1.799072,4.32,4,308.25,20 / 21,27.18765657197127,10.92885095686082,0.25560709999961223,638.1941698000574,307.9949648262937,15.575291708992633,False,40.0,-3.9256368794339425,3.0234748371415527,28.406536712314985,332.6507425499675,4.955,307.603,-31.113293451405212,-7.905376119719268,-609.7876330877424,24.655777723673793
559214.0,1.0326,-0.6597,8.634,-0.0071,-0.0149,9.8066,-0.119,-0.2752,-0.2723,50.24,-87.52,58.75,53.054424,-1.799072,4.32,4,308.25,20 / 21,27.405200569596044,10.604363476422513,0.223282099999605,640.9238126571363,309.07162554795815,15.5992361689926,False,40.10000000000002,-3.995986371863156,3.099157955008217,28.00550325284961,332.9620883442518,5.056944444445359,307.7959999999993,-31.4011869414592,-7.505205521414297,-612.9183094042867,23.89046279629366
559315.0,5.1549,-0.1857,10.1016,0.0136,-0.0346,9.8065,-0.0929,-0.7769,0.0166,46.23,-86.98,50.63,53.054424,-1.799072,4.32,4,308.25,20 / 21,27.598534453950563,10.361585143148568,0.17895824999960544,643.7015012758254,310.13040595324645,15.61954930666756,False,40.20100000000002,-4.049029571211929,3.134644921744876,27.593508212169034,333.2766587928179,5.120611111116061,307.74618999998614,-31.64756402516249,-7.226940221403693,-616.1079930636564,23.146252839571446
559414.0,1.9684,-0.5245,9.623,0.0491,-0.0318,9.8064,-0.0501,-0.6612,-0.0349,44.3,-86.79,42.21,53.054424,-1.799072,4.32,4,308.25,20 / 21,27.831377812118617,10.097773191502604,0.1844675999996017,646.445281932994,311.143144190811,15.637538886242508,False,40.299999999999955,-4.210616838071115,3.2041477233457147,27.17001687896807,333.59589942663723,5.291111111106019,307.2700000000142,-32.041994650189736,-6.893625468156889,-619.2752650540259,22.45275523582626
559514.0,5.4492,-1.2373,9.4401,0.0726,-0.0376,9.8063,-0.0435,-0.5348,-0.09,46.92,-86.72,41.57,53.05471,-1.799688,7.94,4,351.4,19 / 20,28.035968255397947,9.782512059686978,0.1569575999995954,649.2386492363705,312.13715845337066,15.654610146242472,False,40.39999999999998,-4.265215311907568,3.2658422278569916,26.742247855527815,333.92948420647986,5.371944444443249,307.4409999999975,-32.301183567305515,-6.5166698318299865,-622.4964013808427,21.792325753109196
559615.0,2.0198,-2.5677,9.3829,0.0342,-0.0402,9.8065,-0.0679,-0.3841,-0.2563,28.27,-86.32,24.37,53.05471,-1.799688,7.94,4,351.4,19 / 20,28.216238891420353,9.3912663158155,0.11704744999959577,652.0793856972848,313.1054342613335,15.668447401267432,False,40.500999999999976,-4.3168968724756605,3.3198921084337623,26.303450411989136,334.26640483411416,5.445849999999993,307.56194,-32.53313576389601,-6.071374207381737,-625.7759352852956,21.160970572780627
559714.0,1.6759,-1.1079,8.618,0.0017,-0.0086,9.8066,-0.0831,-0.48,-0.2119,36.56,-86.12,25.4,53.05471,-1.799688,7.94,4,351.4,19 / 20,28.286132361131035,9.154100209036924,0.037233649999558416,654.8762530742874,314.0234299043141,15.676084315717393,False,40.60000000000002,-4.383951560477752,3.3707371175192393,25.87334202665942,334.5966537654588,5.530000000003371,307.55599999999055,-32.670083921608786,-5.7833630915176855,-629.002911047628,20.573223861144697
559815.0,6.1553,-2.2283,9.4252,0.0699,-0.019,9.8063,-0.0425,-0.5237,-0.1138,40.41,-85.93,25.6,53.05471,-1.799688,7.94,4,351.4,19 / 20,28.49441099793431,8.786539266776257,-0.04205640000044078,657.7436705139202,314.9294321978427,15.675840766842349,False,40.70100000000002,-4.6045803951634685,3.4592137865555546,25.400790933589953,334.95603576921434,5.759194444447717,306.9158899999997,-33.098991393097776,-5.327325480220702,-632.3428795803302,20.026603571371652
559915.0,3.1815,-1.5106,9.1809,0.0588,-0.0197,9.8064,-0.0335,-0.4498,-0.2436,33.32,-86.05,16.68,53.05471,-1.799688,7.94,4,351.4,19 / 20,28.757317339148376,8.366780583679871,-0.09241640000039494,660.6062569307717,315.7870981903647,15.669117126842313,False,40.80099999999993,-4.695970310792914,3.5262783022875057,24.932784886428554,335.3118595338967,5.872544444442665,306.9034800000045,-33.45328764994129,-4.840502281392365,-635.6734720443432,19.52476134353202
560014.0,6.1356,-0.9382,9.8409,0.0135,-0.0129,9.8066,-0.051,-0.6623,-0.0373,41.75,-85.84,19.76,53.05471,-1.799688,7.94,4,351.4,19 / 20,29.05292989017049,7.995714723535635,-0.12169565000040866,663.4678641686243,316.59704170807225,15.658518580367268,False,40.89999999999998,-4.75280725910789,3.5494771516008012,24.456357136578436,335.6641250623446,5.931944444443558,306.75300000000226,-33.80573714927838,-4.446237571934834,-639.0115070320459,19.06708335427237
560115.0,2.7428,-2.0578,10.0825,0.0445,-0.025,9.8065,-0.0964,-0.4276,-0.2201,44.08,-85.68,16.19,53.05471,-1.799688,7.94,4,351.4,19 / 20,29.290775854405826,7.597211523317305,-0.10603560000040879,666.4142213087254,317.3844844835383,15.647018152242227,False,41.000999999999976,-4.854557892560882,3.685728401461589,23.96355385381084,336.0347377527499,6.095188888888887,307.20688,-34.145333746966706,-3.911483121855716,-642.4506674549145,18.65025326921159
560215.0,2.6674,-3.4345,10.0411,-0.0171,-0.0093,9.8066,-0.0396,-0.7358,-0.0202,46.26,-85.28,17.47,53.05471,-1.799688,7.94,4,351.4,19 / 20,29.29731362903496,7.2264045666573855,-0.08052060000040295,669.343625782898,318.1256652880372,15.637690342242184,False,41.101,-4.877369637190411,3.6869723044603857,23.47549613362009,336.40168101057714,6.114130555555911,307.0869299999867,-34.17468326622537,-3.539432262197,-645.8681296492779,18.27601572253991
560314.0,1.6976,0.9289,9.7728,0.035,-0.0299,9.8065,0.1326,-0.5294,-0.056,48.18,-85.3,15.02,53.05471,-1.799688,7.94,4,351.4,19 / 20,29.367887722211414,6.99455065001017,-0.07059090000040963,672.2475532497828,318.8296025712618,15.630210322992149,False,41.19999999999993,-4.953863118535643,3.6242193926379125,22.979217227505767,336.7649548358265,6.138055555561611,306.18900000002947,-34.32175084074706,-3.370331257372258,-649.268336022277,17.9353522645647
560414.0,2.3688,-1.1596,9.2567,0.0378,-0.0093,9.8066,0.1207,-0.7957,0.1168,47.25,-85.81,10.75,53.05471,-1.799688,7.94,4,351.4,19 / 20,29.508968913732613,6.849008755180248,-0.09978090000041619,675.1913960815806,319.5217805415215,15.621691732992105,False,41.299999999999955,-5.057107011363335,3.8421713940450952,22.471241512204102,337.154137079184,6.351111111104814,307.22599999996936,-34.566075925095944,-3.0068373611351524,-652.7201545693765,17.63235653766253
560514.0,1.86,-1.8398,9.8529,0.0342,-0.0099,9.8065,0.0363,-0.5653,0.0127,45.48,-86.21,3.04,53.05471,-1.799688,7.94,4,351.4,18 / 20,29.558145827265236,6.605223959378726,-0.12496590000042183,678.1447518186311,320.1944921772496,15.610454392992061,False,41.39999999999998,-5.066833105688282,3.8998740239333274,21.96994968787231,337.54331932186255,6.393888888888257,307.5849999999947,-34.62497893295352,-2.705349935445399,-656.1748021307588,17.348827144612983
560614.0,3.5924,-0.4284,9.8255,-0.0267,0.0447,9.8065,0.0427,-0.6252,-0.0033,45.15,-86.44,0.98,53.05471,-1.799688,7.94,4,351.4,18 / 20,29.680747979558245,6.3455344770710225,-0.12171090000042104,681.106696508973,320.8420300990722,15.598120552992016,False,41.5,-5.137054965516241,3.915087733407423,21.455290081553425,337.93250156595576,6.458888888888889,307.312,-34.81780294507448,-2.4304467436635995,-659.6514064274195,17.09047146688357
560714.0,3.0401,-0.8706,10.1746,-0.0034,0.0014,9.8066,0.0717,-0.4777,-0.0798,55.51,-86.58,8.26,53.05471,-1.799688,7.94,4,351.4,18 / 20,29.85501860743114,6.065610752375026,-0.1023709000004166,684.0834848383231,321.46258736054466,15.586916462991972,False,41.60000000000002,-5.239283468733679,3.9341942932922196,20.92726269324685,338.3328033017675,6.551944444446945,306.90300000001076,-35.09430207616482,-2.131416459082806,-663.1562221450763,16.870215941222853
560814.0,2.7464,1.2237,9.3459,-0.0166,0.004,9.8065,0.0365,-0.5549,0.0603,61.53,-86.6,11.23,53.05471,-1.799688,7.94,4,351.4,18 / 20,30.03872891444731,5.83469854552809,-0.10701090000041232,687.0781722144143,322.0576028254393,15.576447372991941,False,41.69999999999993,-5.32306203433723,4.103455269222329,20.399235304940497,338.7442245307112,6.721111111111846,307.62799999998043,-35.361790948784545,-1.7312432763057606,-666.6789369094738,16.686621705271932
560914.0,1.7434,-0.6629,9.8789,0.0214,-0.0273,9.8065,0.0038,-0.441,0.1079,57.34,-86.72,5.44,53.05471,-1.799688,7.94,4,351.4,18 / 20,30.191557436687784,5.6622260912811795,-0.12643590000041666,690.0896865319717,322.63244905727987,15.564775032991896,False,41.799999999999955,-5.392598516432694,4.054767635386419,19.857840134685823,339.14452626649364,6.746944444443681,306.94000000002035,-35.58415595312048,-1.6074584558947604,-670.2318463972858,16.51207720921377
561014.0,2.2172,-0.7336,10.0914,-0.0206,0.0075,9.8066,-0.0827,-0.3163,-0.0121,54.94,-86.7,-1.55,53.05471,-1.799688,7.94,4,351.4,18 / 20,30.25818484985026,5.470303685246546,-0.10858590000041254,693.1121736462992,323.1890755461064,15.553023942991853,False,41.89999999999998,-5.585897468520928,4.106702912015065,19.29639329137126,339.5559474947305,6.933055555552804,306.3230000000091,-35.844082318371186,-1.3636007732314814,-673.8157803549279,16.366871948624123
561114.0,2.9225,0.519,10.2468,-0.0301,0.0193,9.8065,-0.0324,-0.2391,-0.1232,63.0,-86.41,4.13,53.05471,-1.799688,7.94,4,351.4,18 / 20,30.395638157678793,5.250517960605845,-0.07234090000040422,696.1448647966763,323.7251166283991,15.543977602991811,False,42.0,-5.473792097841608,4.106702984880513,18.75499812113004,339.96736872367507,6.843055555555556,306.879,-35.8694302555204,-1.1438149757253315,-677.3898666755463,16.242252095275944
561214.0,0.1176,1.7225,9.9229,-0.0118,0.0482,9.8065,0.0176,-0.1089,-0.2061,73.46,-86.34,13.97,53.05471,-1.799688,7.94,4,351.4,18 / 20,30.585136701669466,5.158972387600387,-0.0445209000003978,699.1939035396445,324.24559114580956,15.53813451299177,False,42.10000000000002,-5.675230485785175,4.12995885788218,18.180183495853864,340.37878995191244,7.018888888890104,306.04399999999333,-36.26036718745464,-1.029013529718207,-681.0137200437906,16.133198806102882
561314.0,0.5492,1.6167,9.8441,-0.0093,0.038,9.8066,0.0986,-0.2157,0.0677,82.84,-86.33,25.88,53.05471,-1.799688,7.94,4,351.4,18 / 20,30.76995559519762,5.165835981793214,-0.036835900000404764,702.261658154485,324.7618315642788,15.534066672991733,False,42.19999999999993,-5.774712359558996,4.132611302400943,17.598684979624377,340.8013306732818,7.101111111113211,305.58899999998977,-36.54466795475661,-1.033224679392271,-684.6629731748606,16.03949910900303
561414.0,1.5705,3.4967,9.1868,0.0432,0.0083,9.8065,0.0858,0.1849,-0.091,87.16,-86.99,28.65,53.05471,-1.799688,7.94,4,351.4,18 / 20,31.04958990951576,5.082000815564766,-0.06595590000041138,705.3526354297213,325.2742234041468,15.528927082991691,False,42.299999999999955,-5.860920526589112,4.13886887699707,17.010502572430177,341.21275190148907,7.174999999997815,305.22900000001067,-36.91051043610487,-0.9431319385676957,-688.3421328572912,15.938528497342247
561514.0,0.2347,-0.1855,10.8752,0.0469,0.0063,9.8065,0.1339,-0.0219,0.0103,88.21,-87.48,33.34,53.05471,-1.799688,7.94,4,351.4,18 / 19,31.236830897975164,5.002495719903086,-0.043520900000406246,708.4669564700965,325.77844823092033,15.52345324299165,False,42.39999999999998,-5.9049359779213955,4.1162768222641155,16.422320165246326,341.62417313043363,7.198055555555214,304.88000000000517,-37.14176687589656,-0.8862188976389707,-692.0446363048502,15.8457248995133
561614.0,4.6768,1.2366,8.8743,0.0352,0.0,9.8065,0.0814,0.1572,-0.1708,94.33,-87.92,38.41,53.05471,-1.799688,7.94,4,351.4,18 / 19,31.289642841465135,4.75380712089183,-0.03671090000040467,711.5932801570692,326.26626337296017,15.519441652991608,False,42.5,-6.0081558020328965,4.018314444228572,15.820769976022037,342.0133553738198,7.228055555555556,303.775,-37.297798643498034,-0.7354926766632577,-695.7725101810472,15.747092000859652
561714.0,1.5511,-0.3327,9.3151,-0.021,0.0543,9.8064,-0.064,0.0546,-0.0921,106.55,-87.92,53.05,53.05471,-1.799688,7.94,4,351.4,18 / 19,31.31320605773939,4.44470261721955,-0.10790590000042084,714.7234226020302,326.72618885986583,15.512210812991565,False,42.60000000000002,-6.0296376561592835,4.065051751026093,15.219219786823928,342.424776602057,7.27194444444499,303.9869999999952,-37.342843713898674,-0.37965086619345634,-699.5042028152062,15.698587742191194
561814.0,1.5886,3.2402,9.3185,-0.0218,-0.0218,9.8066,-0.1378,0.1604,-0.114,109.98,-87.5,55.47,53.05471,-1.799688,7.94,4,351.4,18 / 19,31.417589841515113,4.241029758572871,-0.15689090000037625,717.85996239699,327.16047547865503,15.498970972991538,False,42.69999999999993,-6.083348476110549,4.05126253265036,14.60430181561208,342.8361978310014,7.308888888897763,303.66200000000794,-37.50093831762566,-0.1897672259225116,-703.2556605813779,15.675722352346384
561914.0,0.7074,3.387,9.0802,-0.0285,-0.0202,9.8066,-0.1121,0.0728,0.0334,101.71,-87.09,45.72,53.05471,-1.799688,7.94,4,351.4,18 / 19,31.718776375526268,4.038696980032244,-0.21762090000039003,721.0167807078428,327.5744618155854,15.480245382991495,False,42.799999999999955,-6.32264680226835,4.255052523944484,13.969332171531503,343.25873855234084,7.621111111101881,303.93999999999176,-38.04142317779462,0.21635554391224066,-707.0474485363113,15.684276736755464
562014.0,-0.0323,2.025,9.639,0.025,-0.0134,9.8066,-0.0668,0.3268,-0.0973,96.61,-87.28,41.06,53.05471,-1.799688,7.94,4,351.4,18 / 19,31.995904219619728,3.958368895963738,-0.2623259000004002,724.2025147376008,327.97431510938526,15.456248042991449,False,42.89999999999998,-6.391291047244449,4.1435783351068345,13.334362527325005,343.65904028886035,7.616944444444505,302.95600000001457,-38.387195266864175,0.1852094391430965,-710.8681522102759,15.684725179475095
562114.0,0.0104,1.9336,10.0966,0.0268,-0.0032,9.8065,0.0729,0.21,0.0148,95.45,-87.38,43.22,53.05471,-1.799688,7.94,4,351.4,18 / 19,32.21063862203468,3.938314666484056,-0.25621090000039876,727.4128418796843,328.36914928750775,15.430321202991403,False,43.0,-6.1512860277188235,4.2801928559591245,12.726128447119665,344.1038199943739,7.493888888888889,304.831,-38.361924649753504,0.34187818947506843,-714.6867134325646,15.734670706866154
562214.0,0.4772,2.3608,9.6018,0.0079,0.0005,9.8066,0.0508,0.038,0.1544,102.04,-87.72,45.84,53.05471,-1.799688,7.94,4,351.4,18 / 19,32.435013718820215,3.879513552800686,-0.2519559000003977,730.6451244967277,328.7600406984721,15.404912862991356,False,43.10000000000002,-6.355097081125786,4.207942276648731,12.084474911959774,344.51524122331824,7.621944444440749,303.5099999999965,-38.790110799946,0.3284287238480448,-718.5606495847679,15.755200524846146
562314.0,0.2086,2.5981,9.2257,0.0445,-0.0299,9.8065,-0.0676,0.227,-0.0781,97.39,-88.17,42.3,53.05471,-1.799688,7.94,4,351.4,18 / 19,32.69067249004806,3.803059464366007,-0.2912459000003619,733.9014088071682,329.14416934933007,15.377752772991343,False,43.19999999999993,-6.163361436108262,4.044569284842359,11.476240831755142,344.91554295842235,7.371944444445898,303.2740000000064,-38.85403392615632,0.2415098204763515,-722.425167975413,15.77137360909228
562414.0,2.1461,1.847,10.5658,-0.0006,0.0059,9.8066,-0.0443,0.095,-0.1025,95.82,-88.06,42.63,53.05471,-1.799688,7.94,4,351.4,18 / 19,32.916923051972276,3.659408993932248,-0.28233590000035985,737.18178858427,329.51729277224507,15.3490736829913,False,43.299999999999955,-6.189909276083594,4.097166940056998,10.854638969607937,345.32696418804426,7.423055555554045,303.50099999999327,-39.10683232805587,0.43775794612475005,-726.3271496146621,15.809671415799187
562515.0,0.2209,1.7206,9.3466,-0.0148,0.0317,9.8065,-0.0573,0.1123,-0.0319,101.47,-87.79,50.49,53.05471,-1.799688,7.94,4,351.4,20 / 21,33.09956473985582,3.5127959580638826,-0.2672313500003599,740.5156212177573,329.8794891223209,15.321320536866263,False,43.400999999999954,-6.318238868272967,4.1552519657453315,10.213586984652679,345.7424996285567,7.562161111113681,303.33138999999494,-39.41780360812879,0.642456007681449,-730.3020342331046,15.86301050623581
562614.0,1.0197,2.1428,9.1837,0.0045,-0.0162,9.8066,0.0168,0.2776,-0.0631,105.06,-87.75,54.04,53.05471,-1.799688,7.94,4,351.4,20 / 21,33.2875843004232,3.4063284411699817,-0.32083985000038495,743.8017850952526,330.2219857800831,15.292211012466213,False,43.5,-6.151426294497151,4.097374525248965,9.61143524524964,346.14980664381136,7.391111111111111,303.66700000000003,-39.43901059492035,0.6910460840789829,-734.190349850003,15.927820863728243
562714.0,-0.0407,2.7557,9.6637,0.0104,-0.0055,9.8066,-0.0304,0.2222,-0.081,104.08,-87.71,58.15,53.05471,-1.799688,7.94,4,351.4,20 / 21,33.52947367893054,3.2947701197731942,-0.3591348500003936,747.1426379942211,330.55704070813033,15.258212277466166,False,43.60000000000002,-6.039391539726287,4.346939658850105,9.023252838013041,346.59458635144665,7.441111111104399,305.744999999997,-39.56886521865683,1.0521695390769108,-738.1193851562081,16.03754564331632
562814.0,-0.2002,2.4783,10.2883,-0.0189,0.0108,9.8066,0.0278,-0.0487,0.0824,104.39,-87.65,58.46,53.05471,-1.799688,7.94,4,351.4,20 / 21,33.80368283519057,3.239286891539314,-0.3421998500004089,750.5092958199241,330.88374355869564,15.223145542466158,False,43.69999999999993,-5.685204185083505,4.061507853449873,8.461805994751854,346.9837685948328,6.98694444444251,305.5420000000107,-39.48888702027408,0.8222209619105594,-742.0474898251722,16.10002503613714
562914.0,-2.7902,2.5506,9.5655,0.0154,0.0038,9.8065,-0.079,0.1901,-0.0171,106.15,-87.61,60.01,53.05471,-1.799688,7.94,4,351.4,20 / 21,34.104997656366294,3.3135650342172074,-0.33017485000040614,753.9047298445028,331.21138615498353,15.189526807466109,False,43.799999999999955,-5.603242430354447,4.05890351246411,7.907043042537236,347.39518982374733,6.9188888888909,305.9189999999889,-39.70824008672074,0.7453384782469028,-745.9976868019655,16.1838036687638
563016.0,1.8273,0.1633,10.1032,-0.0102,0.0451,9.8065,0.0123,-0.2055,0.1596,106.16,-87.53,62.37,53.05471,-1.799688,7.94,4,351.4,20 / 21,34.26938559577058,3.318746502711979,-0.32734945000040677,757.3918233903609,331.54963404336684,15.155993068166076,False,43.90199999999993,-5.377198150894751,4.131796897810788,7.3695245290216445,347.8259589689746,6.7814000000064345,307.5412799999654,-39.64658374666533,0.8130503950988088,-750.0222988613392,16.276324925607753
563115.0,2.2128,1.3801,10.0692,0.0169,-0.005,9.8066,0.0728,-0.096,0.1194,115.97,-87.57,70.08,53.05471,-1.799688,7.94,4,351.4,20 / 21,34.28228565565412,3.0963925446182197,-0.2996740000003938,760.785131117308,331.8671834262098,15.124955407391022,False,44.000999999999976,-4.884354598779825,4.074440125074134,6.89984750906205,348.23371076464775,6.360719444444438,309.8339799999998,-39.16664025443394,0.9780475804559146,-753.8852836082459,16.366527338437947
563214.0,-1.298,2.9145,9.6026,-0.0278,0.0198,9.8066,0.039,-0.1622,0.112,116.12,-87.53,72.89,53.05471,-1.799688,7.94,4,351.4,20 / 21,34.46999368470765,2.9558725598971205,-0.2967782500003923,764.1883689446574,332.16677054888345,15.095431021015969,False,44.10000000000002,-4.7567372166422714,4.329360274702848,6.443270915450991,348.6850509727089,6.431944444440277,312.30700000004094,-39.226730901349924,1.3734877148057278,-757.7450980292065,16.518280423825445
563315.0,-0.6537,1.8416,10.5996,-0.0207,0.0247,9.8065,0.0674,0.029,-0.0265,118.86,-87.53,75.66,53.05471,-1.799688,7.94,4,351.4,20 / 21,34.74498192582093,2.9271001318498806,-0.2670388000003925,767.6837252129891,332.46386066981665,15.06695825999093,False,44.20100000000002,-4.337408106216376,4.35463963018557,6.032077941665379,349.1343896709309,6.146349999989511,315.1159000001118,-39.08239003203731,1.4275394983356895,-761.6516472713237,16.670529001114232
563414.0,-1.1733,2.4453,8.3677,-0.0171,0.0131,9.8066,0.1007,-0.1555,0.1367,121.2,-87.29,80.21,53.05471,-1.799688,7.94,4,351.4,20 / 21,34.990012954704355,2.8909825020290127,-0.2990158000003707,771.1356074595727,332.75185576019345,15.03893855729091,False,44.299999999999955,-3.7978154856373307,4.363808260816837,5.68799123346426,349.58572987895883,5.785000000010789,318.966999999885,-38.787828440341684,1.4728257587878244,-765.4476162261085,16.83387411876538
563515.0,4.0649,-1.1264,9.4195,0.0505,-0.0501,9.8064,-0.0718,0.2256,-0.2335,120.35,-87.64,80.13,53.05471,-1.799688,7.94,4,351.4,18 / 21,34.98970253739244,2.721496591488,-0.39123385000036986,774.6695830919235,333.03528595441605,15.004080949965873,False,44.400999999999954,-3.5339311527963035,4.3841726226177435,5.344171880892403,350.0350685771669,5.6312444444471375,321.1301099999448,-38.523633690188746,1.6626760311297435,-769.3254112110311,16.999782622750843
563614.0,0.2577,2.5066,10.2701,-0.058,0.0089,9.8065,0.0799,0.0796,-0.0316,118.05,-86.98,78.94,53.05471,-1.799688,7.94,4,351.4,18 / 21,34.95948189422003,2.49922807821171,-0.3874570000003681,778.13206772129,333.29371182556633,14.965535752890819,False,44.5,-3.142365936413306,4.455247978168888,5.05302158931002,350.48640878382764,5.451944444444444,324.80400000000003,-38.10184783063334,1.956019899957178,-773.07904613198,17.19269695826131
563714.0,-0.4469,3.3642,10.7606,-0.0214,0.068,9.8064,-0.1181,-0.0049,0.093,117.69,-86.69,78.14,53.05471,-1.799688,7.94,4,351.4,18 / 21,35.23975023605451,2.3636462665708606,-0.31658700000035195,781.6420293278045,333.53685554280554,14.930333552890776,False,44.60000000000002,-2.7543765429905935,4.574823478495849,4.805717622634452,350.9645469680331,5.339999999997578,328.9490000000284,-37.994126779045104,2.211177211924988,-776.83631170517,17.42769142522758
563814.0,0.018,2.6736,9.8631,-0.0017,0.0275,9.8065,0.116,0.3162,-0.1419,123.53,-86.38,83.94,53.05471,-1.799688,7.94,4,351.4,18 / 21,35.52603815517018,2.22301414828786,-0.26606700000039785,785.1803187473625,333.76618856354827,14.901200852890765,False,44.69999999999993,-2.519693723384498,4.521423423545718,4.558413655960495,351.4204461680966,5.176111111119606,330.8700000001248,-38.045731878554676,2.298409275257858,-780.621905091402,17.65425760454832
563914.0,1.0274,-0.2613,9.2377,-0.0001,-0.0037,9.8066,0.0205,0.0083,-0.0569,130.69,-86.24,88.51,53.05471,-1.799688,7.94,4,351.4,18 / 21,35.608618792443075,2.108569730458939,-0.29169200000040363,788.737051594744,333.98276775748565,14.873312902890719,False,44.799999999999955,-2.291294235773615,4.972483858697679,4.3578969262424465,351.95418181509916,5.474999999991166,335.2599999998702,-37.89991302821669,2.86391412823874,-784.3791546685015,17.971414057613515
564014.0,-0.315,3.643,9.5386,-0.0302,-0.0507,9.8064,-0.0418,0.12,-0.1252,124.91,-86.01,84.54,53.05471,-1.799688,7.94,4,351.4,18 / 21,35.73854301891459,1.9772032399571664,-0.33354200000041306,792.3044096853127,334.1870564060065,14.842051202890671,False,44.89999999999998,-1.760165359666229,4.953512168011377,4.224219106418713,352.45455898627927,5.256944444447667,340.43799999992353,-37.49870837858082,2.9763089280542108,-788.0801905788941,18.267502580272776
564114.0,1.0482,0.4186,10.0521,0.0237,-0.0648,9.8063,-0.0941,0.19,-0.1428,117.47,-85.94,78.67,53.05471,-1.799688,7.94,4,351.4,18 / 21,35.90725275206263,1.8219041555212752,-0.33467200000041325,795.8866994738624,334.37701177578043,14.808640502890622,False,45.0,-0.9843958463074979,5.262612569089658,4.1841157604548584,353.01053361887847,5.353888888888889,349.405,-36.89164859837013,3.440708413568383,-791.7025837134076,18.633521843098038
564214.0,1.1395,-1.4219,9.7937,-0.0008,-0.013,9.8066,0.0736,-0.0513,0.0887,110.93,-86.28,71.9,53.05471,-1.799688,7.94,4,351.4,18 / 21,35.831660398086186,1.732106959947268,-0.3230470000004106,799.4736451313707,334.5547123315539,14.775754552890573,False,45.10000000000002,-0.8068033054469311,5.08247262601928,4.1039090685570825,353.51091078864323,5.146111111112601,350.9800000000455,-36.63846370353312,3.350365666072012,-795.3697360628137,18.95619845708933
564316.0,0.721,-0.1243,11.078,0.0681,-0.006,9.8063,0.0342,0.4447,-0.0912,114.31,-86.55,73.83,53.05471,-1.799688,7.94,4,351.4,18 / 21,35.73953706621046,1.6673590419509354,-0.25886860000042605,803.123776202049,334.72808509765065,14.746076857290538,False,45.202,-0.5343668557388251,5.219504315376349,4.06420675605624,354.04397926707173,5.247166666666977,354.15440000013734,-36.273903921949284,3.5521452734254133,-799.0595694459928,19.315894169421085
564414.0,-1.7122,1.475,10.9411,0.0353,0.0009,9.8065,0.0543,0.1201,-0.1776,120.04,-87.03,81.2,53.05471,-1.799688,7.94,4,351.4,18 / 21,35.84013148755991,1.6675627923543415,-0.14098440000047852,806.6311799611823,334.8914962675315,14.726484060290502,False,45.299999999999955,-0.09396786823463266,5.2572158282724715,4.08385739558943,354.55614309925073,5.258055555555226,358.9759999998546,-35.934099355794544,3.58965303591813,-802.5473225655928,19.66464683171921
564514.0,-1.0142,0.6089,10.4312,0.0303,-0.0137,9.8065,0.0552,0.1835,-0.2658,124.52,-86.85,86.25,53.05471,-1.799688,7.94,4,351.4,19 / 21,36.01645246238803,1.721152744423423,-0.053034400000458407,810.2240091586805,335.0609320443705,14.716783120290453,False,45.39999999999998,0.5971057426709824,5.099046955612172,4.177431869473116,355.05652026901583,5.1338888888907235,6.67900000520666,-35.41934671971705,3.377894211188749,-806.0465772892073,19.99558822464536
564614.0,-2.0463,0.7758,8.7652,-0.0384,0.0226,9.8065,-0.0805,0.2485,0.0075,125.24,-86.35,88.27,53.05471,-1.799688,7.94,4,351.4,19 / 21,36.176416976608785,1.7980198886125227,-0.07387940000046306,813.8336526306311,335.2368906760223,14.710437430290405,False,45.5,0.8067923806735208,5.206752939975542,4.264322452352043,355.57913642433857,5.268888888888889,8.808,-35.369624595935264,3.408733051363019,-809.5693301782791,20.34224574831626
564714.0,2.7477,-1.6042,10.7953,0.0214,0.007,9.8066,-0.1569,0.3638,-0.1274,123.65,-86.31,86.42,53.05471,-1.799688,7.94,4,351.4,19 / 21,36.139728079747556,1.7805579786482235,-0.07651940000046363,817.4494598834498,335.4158195693854,14.702917490290357,False,45.60000000000002,1.2213061713212952,5.035966586584058,4.404684163154853,356.07951359410265,5.181944444443751,13.632000000072582,-34.91842190842626,3.255408607935834,-813.044775720295,20.663694024717245
564814.0,-3.6835,2.4042,9.3356,0.0474,-0.0435,9.8063,-0.0649,0.4636,-0.3032,121.34,-86.21,85.9,53.05471,-1.799688,7.94,4,351.4,19 / 21,36.211071144125675,1.797226096139261,-0.05063940000048718,821.0669998446401,335.59470877312464,14.696559550290315,False,45.69999999999993,1.633013576736607,4.868417777699853,4.585149219946858,356.55765177830796,5.135000000003236,18.54300000010499,-34.57805756738907,3.0711916815605917,-816.4818506246933,20.96294300518332
564914.0,1.2264,-1.689,9.4079,-0.0011,-0.0062,9.8066,0.1046,-0.3199,0.1991,121.86,-86.22,86.5,53.05471,-1.799688,7.94,4,351.4,19 / 21,36.32134642774057,1.8765537964742407,-0.09412940000049705,824.6936207232343,335.77839776775534,14.689321110290264,False,45.799999999999955,1.9863822105719138,4.858510088636847,4.799033731651424,357.03578996318623,5.2488888888855225,22.23699999989081,-34.33496421716866,2.9819562921626064,-819.8945869915829,21.257392195430896
565015.0,1.8966,-1.6173,10.3222,0.0195,-0.0249,9.8066,0.1084,-0.0567,-0.0239,124.76,-86.5,88.3,53.05471,-1.799688,7.94,4,351.4,19 / 21,36.11031927111679,1.828352755946681,-0.08823100000049704,828.3514198410265,335.9654955486526,14.680111910090213,False,45.900999999999954,2.4005062354265614,4.554602475139693,5.062379036682799,357.4850174671782,5.148524999999302,27.79128999996388,-33.70981303569023,2.726249719193012,-823.2890408043437,21.519521918525584
565115.0,0.8625,-2.0048,8.6407,0.0266,-0.0252,9.8065,-0.0921,0.0241,0.0948,128.68,-86.77,90.0,53.05471,-1.799688,7.94,4,351.4,19 / 21,35.899739410102896,1.8162015600473884,-0.12075100000050432,831.9519227750883,336.14772326445234,14.669662810090161,False,46.000999999999976,2.614475936511387,4.488540236703202,5.32993519305599,357.9295747835512,5.194511111111116,30.220089999999782,-33.285263473591506,2.672338676655814,-826.6219875820323,21.781851519098836
565215.0,-1.6078,0.6413,10.5656,0.0439,-0.0739,9.8063,-0.041,0.2171,-0.262,118.82,-87.14,85.37,53.05471,-1.799688,7.94,4,351.4,19 / 21,35.87692103060742,1.8916516552206597,-0.14110100000050885,835.5407557971246,336.3331159252158,14.656570210090107,False,46.101,2.7756654728143206,4.335535275079225,5.617543022397693,358.3522266998458,5.147969444447174,32.627110000032474,-33.1012555577931,2.443883619858566,-829.9232127747268,22.019110774630008
565315.0,-2.926,0.4699,9.3371,-0.0494,0.0141,9.8065,0.1704,-0.5335,0.2077,117.17,-87.02,83.34,53.05471,-1.799688,7.94,4,351.4,19 / 21,36.04784804738613,2.059124425688157,-0.12663100000050553,839.136994251025,336.5306547292613,14.643183610090054,False,46.20100000000002,3.047675519743848,4.375150920765666,5.925469880374224,358.7855533288605,5.33216388888952,34.86045000012775,-33.000172527642285,2.316026495077509,-833.2115243706509,22.254898599599187
565415.0,-2.7798,2.3302,8.3161,0.0405,0.0174,9.8065,-0.0315,-0.2093,0.1796,126.34,-87.09,88.01,53.05471,-1.799688,7.94,4,351.4,19 / 21,36.32760260500642,2.213505127040255,-0.22463600000041634,842.7557667836414,336.7442862068975,14.625620260090024,False,46.30099999999993,3.392688414456777,4.1449301787101485,6.280183975264725,359.18585506464274,5.356499999992258,39.29903999988721,-32.93491419054964,1.9314250516698936,-836.4755828083767,22.44156885774521
565515.0,-5.1606,1.1788,9.3817,-0.0705,-0.0252,9.8063,0.157,-0.6915,0.3401,126.32,-87.59,89.26,53.05471,-1.799688,7.94,4,351.4,19 / 21,36.719331262990636,2.4201811283052193,-0.320411000000438,846.4081134770421,336.9759705196648,14.598367910089975,False,46.400999999999954,3.8353493470195397,4.10028399469254,6.681217434704226,359.5859344106132,5.614511111111837,43.08806999996569,-32.8839819159711,1.6801028663873208,-839.7268960423379,22.609963890948393
565615.0,4.2421,-4.4717,11.0626,-0.0575,-0.0139,9.8064,0.0342,-0.8048,0.5639,114.81,-87.94,75.02,53.05471,-1.799688,7.94,4,351.4,19 / 21,36.64366635199081,2.486841445715902,-0.27886100000042846,850.076263357792,337.2213216483659,14.568404310089925,False,46.500999999999976,3.9648828269803578,3.9121826321443294,7.08265192768173,359.96433074704646,5.570061111111075,45.382579999999905,-32.67878352501045,1.4253411864284273,-842.9936114301103,22.743009098680545
565715.0,-2.9876,2.4413,8.8559,-0.0025,0.039,9.8065,-0.03,0.0221,0.2103,115.64,-88.72,72.65,53.05471,-1.799688,7.94,4,351.4,19 / 21,36.54309038197987,2.4638507967756653,-0.26360100000042497,853.7356011944913,337.46885626049055,14.541281210089876,False,46.601,4.320274394730683,4.108024849491775,7.523855572019376,360.3756407803592,5.9616111111118455,46.44247000001832,-32.22281598724919,1.6441740527161097,-846.211745622472,22.906784519868665
565814.0,2.3136,-2.4681,10.7232,0.0312,0.0067,9.8066,0.0384,-0.2923,0.0749,126.03,-89.53,82.55,53.05471,-1.799688,7.94,4,351.4,19 / 21,36.565649620118684,2.516504080567978,-0.26529390000042374,857.3544838245928,337.7153838269189,14.515100912539852,False,46.69999999999993,4.444380345925456,4.0473374125356925,7.967198061464239,360.77193949881104,6.011111111114522,47.67700000011104,-32.121269274193224,1.5308333319677145,-849.3872857631285,23.056555671892113
565914.0,4.6883,-5.5883,9.8323,0.0461,-0.0311,9.8064,0.0029,0.2108,-0.377,153.87,-89.51,110.81,53.05471,-1.799688,7.94,4,351.4,19 / 21,36.0765186407415,2.6309775099639596,-0.21818390000041296,860.9865922376366,337.97275790644557,14.490927022539804,False,46.799999999999955,4.80384799131125,3.809667693266228,8.45512210377284,361.12776326418674,6.131111111107563,51.58399999988452,-31.272670649430246,1.1786901833022685,-852.5314701338638,23.155005357741175
566014.0,2.0742,-2.8812,11.1094,-0.0169,-0.0261,9.8065,0.0549,-0.0289,-0.0658,134.42,-89.32,93.31,53.05471,-1.799688,7.94,4,351.4,19 / 21,35.57900142388294,2.792108060420107,-0.15176390000039774,864.5693682408687,338.2439121849648,14.47242963253976,False,46.89999999999998,5.094625095634925,3.895135003246381,8.969781710091134,361.5169455068643,6.413055555551388,52.59999999998499,-30.48437632824802,1.1030269428262742,-855.5995865307775,23.273033321899504
566115.0,1.0684,-2.9449,11.5891,-0.025,0.0177,9.8066,0.1058,-0.4147,0.2785,122.45,-89.19,78.14,53.05471,-1.799688,7.94,4,351.4,19 / 21,35.26223482674336,2.8435710143491253,0.004038699999600964,868.1468506715253,338.52851397824065,14.464969509939719,False,47.000999999999976,5.273272028542614,3.8140412097923373,9.509706424351005,361.89867768970265,6.508019444444452,54.12264999999997,-29.988962798200745,0.970470195443212,-858.6371442471743,23.370163711462
566214.0,-0.2157,-1.1547,10.5297,0.0116,0.0359,9.8065,0.0597,-0.1754,-0.0873,142.09,-89.19,100.95,53.05471,-1.799688,7.94,4,351.4,19 / 21,35.09796475579029,2.918323783118307,0.12806094999965914,871.6296805508623,338.81372777071545,14.471508442614684,False,47.10000000000002,5.220709035530449,3.7397282807621877,10.025836486704282,362.2619515156528,6.421944444449986,54.38499999998303,-29.87725572025984,0.8214044976438806,-861.603844064158,23.448223744937366
566314.0,0.0007,-0.6855,10.8346,0.0659,0.0204,9.8064,0.1917,-0.1938,-0.0301,187.61,-88.58,143.17,53.05471,-1.799688,7.94,4,351.4,19 / 21,35.08116681553594,2.9890914865636775,0.21561094999957958,875.1386371294254,339.1090985341993,14.48869203761463,False,47.19999999999993,5.445154787685958,4.068014640953787,10.56723165699792,362.68449223702186,6.796944444445155,53.23700000001933,-29.63601202784998,1.0789231543901092,-864.5714054724275,23.575393702822566
566414.0,1.6677,-0.2294,8.6813,0.0286,0.0177,9.8066,0.0583,-0.168,0.1072,201.99,-88.2,156.2,53.05471,-1.799688,7.94,4,351.4,19 / 21,35.00966031528393,3.047540932893571,0.21074094999957854,878.6431784859673,339.4109301551722,14.510009632614592,False,47.299999999999955,5.513254456199078,4.017829178085742,11.115310718232566,363.0847939728043,6.821944444443705,53.9169999999799,-29.496405859084852,0.9702882451921706,-867.5278677677347,23.673863817632082
566514.0,1.0011,-0.6975,8.7155,-0.0432,-0.0254,9.8065,-0.1401,-0.3026,0.1504,208.11,-88.12,162.93,53.05471,-1.799688,7.94,4,351.4,19 / 21,34.90284528370706,3.1270595740394955,0.09991594999955343,882.1388037659176,339.71966018051893,14.525542477614552,False,47.39999999999998,5.689944095402101,4.1573984887472974,11.68344145250102,363.5073346934665,7.0469444444411184,53.84600000000105,-29.212901188304958,1.030338914707802,-870.4553623134166,23.787674512947547
566614.0,0.3548,-3.1505,9.6213,-0.0324,-0.0518,9.8064,-0.099,-0.2049,0.0177,202.63,-89.04,155.97,53.05471,-1.799688,7.94,4,351.4,19 / 21,34.91319728945992,3.3169719992952436,0.03609094999953899,885.6296058945768,340.04186175918574,14.532342822614508,False,47.5,5.8740431167208165,4.204781580762208,12.27830775071808,363.9187559224112,7.223888888888888,54.404,-29.039154172739106,0.8878095814669642,-873.3512981438587,23.876894163225472
566714.0,-1.5195,-0.8237,9.5801,-0.0305,0.0116,9.8065,0.0215,-0.0359,-0.121,192.81,-89.34,145.51,53.05471,-1.799688,7.94,4,351.4,19 / 21,35.03676566421146,3.475224848090697,0.015495949999534343,889.1271040422612,340.3814716015551,14.534922167614463,False,47.60000000000002,5.967074908045926,4.361483749663989,12.873174048935432,364.3635356293402,7.391111111112778,53.83599999998053,-29.06969075616553,0.8862589015732922,-876.2539299933258,23.9820640277851
566814.0,-0.2225,-2.254,9.5922,0.0256,0.0369,9.8065,0.0635,-0.2383,0.028,186.28,-88.88,138.91,53.05471,-1.799688,7.94,4,351.4,19 / 21,35.141976651647994,3.591648425431465,-0.006554050000445552,892.636041158051,340.7348152652309,14.535369262614417,False,47.69999999999993,5.954670125439831,4.566207633696295,13.46135645617233,364.81943482869445,7.503888888891676,52.5180000000008,-29.18730652620816,0.97455920826483,-879.1746847018786,24.084619563463548
566914.0,0.2109,-1.8725,10.3372,0.032,0.0088,9.8066,0.0043,-0.0751,-0.0339,212.17,-88.34,161.57,53.05471,-1.799688,7.94,4,351.4,19 / 21,35.202042665657565,3.770518592494957,0.009250949999558066,896.153242123917,341.1029236161273,14.535504107614372,False,47.799999999999955,6.034741485930095,4.6229270526766815,14.069590536333019,365.2864535204406,7.601944444441546,52.54599999999918,-29.16730117972747,0.8524084601817243,-882.083651587584,24.183529904313275
567014.0,2.3656,-1.5859,10.5091,-0.0167,0.0189,9.8066,0.0318,-0.3867,0.218,215.22,-88.25,164.98,53.05471,-1.799688,7.94,4,351.4,19 / 21,35.18354782073546,3.9727778443820605,0.07090094999957211,899.6725216482375,341.4900884379713,14.53951170261433,False,47.89999999999998,6.136983196116069,4.742857452892178,14.677824616537961,365.7645917039388,7.756111111108833,52.30200000000361,-29.046564624619393,0.7700796085101174,-884.9946970316996,24.274503265967496
567114.0,1.2204,-3.4584,10.4141,0.0207,-0.0128,9.8066,0.0212,-0.0625,0.0013,229.5,-88.25,177.05,53.05471,-1.799688,7.94,4,351.4,19 / 21,35.21381682783875,4.250440574585989,0.13639594999958704,903.1923898806671,341.90124935891976,14.549876547614291,False,48.0,6.162220624819171,4.969089664567346,15.292742587723268,366.2649688751175,7.916111111111111,51.118,-29.051596203019578,0.7186490899813576,-887.8996472929438,24.36371951619776
567214.0,-0.4824,-1.4875,11.1707,0.003,-0.0072,9.8066,0.0869,-0.2352,-0.0222,231.68,-88.13,-179.73,53.05471,-1.799688,7.94,4,351.4,19 / 21,35.36629559759666,4.423883444870758,0.2349709499996095,906.7213955019396,342.3349655598927,14.568444892614256,False,48.10000000000002,6.348088287162582,5.163736372406545,15.921028340922833,366.7875850304406,8.18305555555656,50.87399999999472,-29.01820731043408,0.7398529275357868,-890.8003671610168,24.452619470547916
567314.0,1.8637,-0.7403,10.1627,0.0501,-0.0106,9.8064,0.1443,-0.1617,-0.0498,232.5,-87.84,178.93,53.05471,-1.799688,7.94,4,351.4,19 / 21,35.39922918572676,4.535420256265403,0.3209759499995313,910.2596717411026,342.78293074494906,14.596242237614188,False,48.19999999999993,6.368317110736894,5.246462784112419,16.55599798504927,367.31020118505603,8.251111111115943,50.516999999991334,-29.030912074989867,0.7110425278470158,-893.7036737560533,24.527270440106975
567414.0,1.5393,-2.3419,10.3136,0.0568,0.0043,9.8064,0.0571,-0.1764,0.0461,241.16,-87.07,-173.24,53.05471,-1.799688,7.94,4,351.4,19 / 21,35.42338458188728,4.74481365193176,0.36412594999954107,913.8008024294841,343.246942440359,14.63049733261415,False,48.299999999999955,6.470929745153107,5.3890797525075715,17.20433541114294,367.8439368327659,8.421111111106086,50.21200000000902,-28.95245483673417,0.6442661005758117,-896.5964670183412,24.596994392406884
567514.0,1.6149,-1.5944,10.1575,0.0013,0.0185,9.8066,0.0683,-0.3003,0.1326,245.66,-86.73,-172.94,53.05471,-1.799688,7.94,4,351.4,18 / 21,35.51305963716075,4.965818824645302,0.4070159499995509,917.3476246404373,343.732474064188,14.669054427614112,False,48.39999999999998,6.473351339467948,5.628388717027796,17.845988946330092,368.41103095920533,8.578055555553236,48.994000000018,-29.039708297692805,0.6625698923824945,-899.5016356941072,24.678556895017323
567614.0,1.8459,-1.0451,10.1073,0.0504,-0.022,9.8064,-0.0351,-0.1662,0.054,253.3,-86.46,-167.45,53.05471,-1.799688,7.94,4,351.4,18 / 21,35.55993972213365,5.168003557364014,0.4395909499995584,920.9012746084028,344.2391651832886,14.711384772614077,False,48.5,6.535739876517113,5.856981347167839,18.494326372470834,369.01148356362944,8.776111111111112,48.135,-29.024199845616536,0.6889777898038245,-902.406948235932,24.772318380340835
567714.0,2.81,-3.7172,9.9731,0.0127,0.0115,9.8066,-0.1501,-0.1354,-0.0488,258.07,-86.3,-163.85,53.05471,-1.799688,7.94,4,351.4,18 / 21,35.71950994820733,5.441415947585497,0.4629459499995638,924.4652470919207,344.76963615853623,14.756511617614043,False,48.60000000000002,6.678810298365574,5.980361025761356,19.16271547157943,369.6119361666396,8.965,48.157999999982145,-29.040699649841756,0.5389450781758587,-905.3025316203413,24.842300008103393
567814.0,1.7647,-2.2463,9.5198,-0.0026,-0.0411,9.8066,0.0986,-0.2954,-0.0821,261.7,-86.44,-163.79,53.05471,-1.799688,7.94,4,351.4,18 / 21,35.953559689800585,5.716175915733638,0.45692594999956937,928.0489005738178,345.3275157517017,14.802505212613958,False,48.69999999999993,6.551247866992657,6.119834669771099,19.817736788779897,370.22350826419716,8.965000000006055,46.94999999997874,-29.402311822807928,0.403658754037461,-908.2311637850379,24.895992512495468
567914.0,4.3311,-4.2758,11.8415,-0.0134,0.0071,9.8065,0.15,-0.5158,-0.029,256.98,-86.32,-166.7,53.05471,-1.799688,7.94,4,351.4,18 / 21,36.19436429674398,6.0740416360674505,0.5443259499995893,931.6562967731459,345.9170266292919,14.852567807613928,False,48.799999999999955,6.624577212315596,6.352297264676543,20.47944199683351,370.8573193451453,9.178055555549257,46.20200000002211,-29.56978708442838,0.2782556286090925,-911.1768547763123,24.94029271585339
568014.0,1.6261,-3.4378,10.2356,0.0009,0.0464,9.8065,0.0653,-0.4415,0.1911,254.43,-86.28,-174.38,53.05471,-1.799688,7.94,4,351.4,18 / 21,36.48085561625395,6.4517643232527435,0.6675159499996173,935.2900577687966,346.54331692725805,14.913159902613902,False,48.89999999999998,6.644828040928483,6.554978420755534,21.14114720496184,371.5244889055376,9.333888888886584,45.390000000012,-29.836027575325463,0.1032140975027902,-914.1489105638348,24.981171978279576
568114.0,0.5363,-2.382,10.8649,0.0212,0.0398,9.8065,0.0603,-0.335,0.1025,256.96,-85.82,-174.08,53.05471,-1.799688,7.94,4,351.4,18 / 21,36.717820490731675,6.6233275673368395,0.7418759499996342,938.9499915741467,347.1970715217877,14.983629497613881,False,49.0,6.685142684045637,6.693315119875283,21.809536304070534,372.1916584652235,9.459999999999999,44.965,-30.03267780668604,0.06998755253844369,-917.1404552700761,24.99458694343582
568214.0,1.2646,-5.7571,11.268,0.0198,0.0487,9.8065,0.0793,-0.707,0.1283,256.65,-85.46,-177.12,53.05471,-1.799688,7.94,4,351.4,18 / 21,37.07638841120215,6.798742973909924,0.867855949999663,942.6397020192442,347.86817504885016,15.064116092613865,False,49.10000000000002,6.814110566725993,6.675200253103662,22.491293185193097,372.8588280249099,9.538888888890769,45.58999999996957,-30.26227784447616,-0.12354272080626227,-920.1484088340511,24.99065297605972
568314.0,0.966,-3.0219,8.1335,-0.0386,0.0073,9.8065,-0.0927,0.3385,-0.4671,249.9,-85.31,-179.92,53.05471,-1.799688,7.94,4,351.4,18 / 21,37.45067499497293,7.017427908888982,0.8572659499996726,946.3660551895496,348.5589835929895,15.150372187613753,False,49.19999999999993,6.657504451654082,7.007948236728771,23.152998393321244,373.55935606257964,9.666111111117223,43.53100000000401,-30.793170543318848,-0.009479672160211727,-923.2130567962283,25.00037246959016
568414.0,0.3457,1.5386,7.3635,-0.0789,0.087,9.8059,0.0086,-0.6324,-0.0352,260.69,-85.55,-173.12,53.05471,-1.799688,7.94,4,351.4,18 / 21,37.4805950967729,7.113339259746157,0.6514509499996259,950.1126186941377,349.2655219514214,15.225808032613735,False,49.299999999999955,6.823193973982639,7.147053993318147,23.83475527436792,374.27100359403835,9.881111111104756,43.671999999995826,-30.65740112279026,0.03371473357199051,-926.2778634197698,25.005481642616928
568514.0,-1.4138,-2.8751,6.5628,-0.1313,-0.0333,9.8056,0.0549,-0.9052,0.127,261.25,-86.87,-176.26,53.055202,-1.798775,13.09,4,73.52,19 / 19,37.53747075243873,7.06562603139831,0.3671009499995614,953.8635219865992,349.9744702159788,15.276735627613705,False,49.39999999999998,6.924022945686063,7.241273424990479,24.523196046471035,375.0048901096922,10.018888888886854,43.71699999999933,-30.613447806752667,0.1756473935921692,-929.3403259401281,25.03041989371343
568614.0,1.1761,3.1543,9.5546,-0.1218,0.0572,9.8056,-0.0297,-0.6475,0.1888,271.84,-87.56,-167.5,53.055202,-1.798775,13.09,4,73.52,19 / 19,37.517049924690646,7.078846771153481,0.19230594999952175,957.6162480204565,350.6816938561065,15.304705972613666,False,49.5,7.009576339095785,7.338179004700725,25.225004600535073,375.7387766246394,10.148055555555556,43.688,-30.50747358559486,0.25933223354724433,-932.3912434199215,25.057082768532894
568714.0,-2.0194,-4.6831,8.704,-0.0104,0.0967,9.8061,-0.0129,-0.6307,0.4911,264.63,-88.47,-177.79,53.055202,-1.798775,13.09,4,73.52,19 / 19,37.58626035368562,7.061966039567529,0.12457094999950646,961.3714135343762,351.3887344966427,15.320549817613621,False,49.60000000000002,6.89414493394359,7.469805260505755,25.90676148165842,376.49490212585283,10.165000000004895,42.70499999999858,-30.692115419742027,0.407839220938226,-935.4646520527177,25.10616762921012
568814.0,0.0566,-0.6989,9.3045,0.0851,-0.0118,9.8062,-0.1108,0.1306,-0.1217,274.7,-87.66,-168.75,53.055202,-1.798775,13.09,4,73.52,19 / 19,37.84626190150375,6.981647306104538,0.04433094999957958,965.1430396471322,352.0909151639257,15.328994912613569,False,49.69999999999993,7.105778920451191,7.725040737144945,26.62193781770914,377.27326661262407,10.496111111115287,42.608999999982636,-30.740482981052562,0.7433934310404071,-938.5211018294231,25.182351448698398
568914.0,1.4358,1.3233,10.7128,0.0303,-0.0183,9.8065,0.1964,0.0855,-0.0683,270.47,-87.35,-172.55,53.055202,-1.798775,13.09,4,73.52,19 / 19,37.79799450343624,7.053169951679324,0.06453094999958425,968.9252524673801,352.79265602681505,15.334438007613528,False,49.799999999999955,7.1213181253024604,7.909580249089566,27.33043026272885,378.06275059247133,10.64305555555121,41.99800000001807,-30.676676378133784,0.8564102974102417,-941.5948222046512,25.27009456565628
569014.0,1.6608,2.1062,9.5131,-0.0462,0.0188,9.8065,0.0969,-0.3575,0.0465,270.08,-86.88,-171.89,53.055202,-1.798775,13.09,4,73.52,19 / 19,37.60950705941783,7.207206484076273,0.09516094999959124,972.6956275455237,353.505674848603,15.342422602613489,False,49.89999999999998,7.069101783522822,7.978934764377322,28.03223881681985,378.86335406338685,10.659999999999748,41.54000000000677,-30.540405275895008,0.7717282803010495,-944.6633887287039,25.357679214783843
569114.0,0.7288,1.0105,8.8265,-0.0005,0.0392,9.8065,-0.1364,-0.2007,0.2607,267.2,-87.15,-174.81,53.055202,-1.798775,13.09,4,73.52,19 / 19,37.43440367511587,7.32233668229866,0.03147594999957677,976.4478230822513,354.2321520069219,15.348754447613448,False,50.0,7.076223672825945,7.999341131126844,28.727363479903723,379.67507702885007,10.68,41.496,-30.35818000228992,0.6770044488281837,-947.7204596023475,25.442925021928147
569214.0,-0.9548,4.5284,8.0538,-0.0365,0.0956,9.8061,-0.0215,-0.3488,-0.0305,276.5,-87.06,-165.27,53.055202,-1.798775,13.09,4,73.52,19 / 19,37.134094768134645,7.333473488835564,-0.10517405000045423,980.1762480044147,354.9649425154788,15.345069542613404,False,50.10000000000002,7.0567957821978595,8.094774107798631,29.435855924948317,380.48679999289897,10.738888888890353,41.08099999999501,-30.077298985936785,0.7613006189630678,-950.7403920794663,25.521857477420156
569314.0,1.2576,1.6465,8.2673,-0.076,0.107,9.8057,0.0942,-0.5272,0.2516,254.14,-87.4,171.14,53.055202,-1.798775,13.09,4,73.52,19 / 19,36.790157489187514,7.346711028232295,-0.26978405000030437,983.8724606172774,355.69895174133154,15.326321637613383,False,50.19999999999993,7.0736433031813055,8.211395657537341,30.13766447906489,381.3096424500795,10.838055555553535,40.742999999998666,-29.716514186006208,0.8646846293050467,-953.7347961382125,25.61069070874794
569415.0,2.1713,-9.2989,8.6054,-0.0396,-0.1179,9.8058,-0.2549,1.0985,-0.5705,274.93,-87.61,-164.57,53.055202,-1.798775,13.09,4,73.52,19 / 19,37.152730917456104,7.450743277503476,-0.40818435000030306,987.6065764818129,356.44622318377117,15.292084233413352,False,50.30099999999993,7.017604032161821,8.16494433740924,30.846090085160373,382.1298162284954,10.766344444446224,40.678290000052506,-30.135126885294284,0.714201059905764,-956.7604863966525,25.683593044724205
569515.0,-1.3418,-7.8701,9.7259,-0.0694,0.174,9.8048,0.1867,-1.0751,0.7048,277.55,-87.97,-163.59,53.055202,-1.798775,13.09,4,73.52,19 / 20,37.98879123587021,7.401106996319021,-0.47228435000031765,991.3636525894801,357.1888156974625,15.248060798413311,False,50.400999999999954,6.729790617080558,8.331650528320873,31.508196326747463,382.9750088661598,10.710113888884175,38.92900999999404,-31.259000618789653,0.9305435320018525,-959.8554562627327,25.78619316869731
569615.0,2.129,-0.8394,11.0463,0.0378,-0.0549,9.8064,0.1983,-0.3092,0.0449,261.25,-87.71,-179.25,53.055202,-1.798775,13.09,4,73.52,19 / 20,38.37784141016796,7.392757671311219,-0.4143393500003044,995.181984221783,357.92850893084415,15.20372961341327,False,50.500999999999976,6.988906323504772,8.520402600721974,32.210272236451964,383.8302090469864,11.020280555555589,39.36167999999967,-31.38893508666319,1.1276449294107556,-962.971711985331,25.90170011614225
569715.0,-1.8831,4.6851,10.2282,-0.0259,0.1016,9.8061,0.1211,-0.5246,0.242,252.65,-87.15,170.27,53.055202,-1.798775,13.09,4,73.52,19 / 20,38.19075674884184,7.339116343883108,-0.3312793500002855,999.0104141297343,358.66510263160404,15.166448678413232,False,50.601,7.255616554801725,7.814349025337652,32.938548998903656,384.58689052283574,10.663444444445016,42.876739999974646,-30.935140194040116,0.47523268145454356,-966.0718651308306,25.921787891231702
569814.0,2.2549,-4.0933,10.5127,-0.0351,0.1004,9.806,-0.032,-0.5434,0.2132,248.19,-87.07,165.82,53.055202,-1.798775,13.09,4,73.52,19 / 20,38.12784928369884,7.35256131541188,-0.2754631500003234,1002.7881851283424,359.39234067573864,15.136414924663223,False,50.69999999999993,7.044759654981712,8.056238346502361,33.63333946742509,385.39049625794604,10.701944444451463,41.167999999900665,-31.083089628717133,0.7036770310904812,-969.1548456609173,25.998155582207403
569914.0,-1.1668,0.9106,9.2451,-0.0165,0.04,9.8065,-0.1363,0.1556,-0.0979,235.29,-87.3,156.17,53.055202,-1.798775,13.09,4,73.52,19 / 20,38.25700307284669,7.449687681774569,-0.26823815000032164,1006.6074277461706,360.13245312559815,15.109229859663184,False,50.799999999999955,6.691458520966308,8.666172786371687,34.28167689349219,386.2911751634565,10.948888888881589,37.67300000010331,-31.565544551880386,1.2164851045971181,-972.3257508526784,26.158722037858354
570014.0,-0.0588,2.8427,10.0686,-0.0251,0.0142,9.8066,0.0582,0.189,-0.1874,224.44,-87.31,144.14,53.055202,-1.798775,13.09,4,73.52,19 / 20,38.14290092220151,7.259705322206457,-0.28321815000032496,1010.4274229459239,360.86792277579735,15.081657044663146,False,50.89999999999998,6.277517422891392,8.992588362246764,34.88991097369832,387.2140930545904,10.966944444444179,34.91800000004071,-31.86538349931012,1.7328830400403064,-975.5375119722256,26.346170278793068
570114.0,1.2011,2.1888,10.7773,0.0061,-0.044,9.8065,0.2198,0.0126,-0.1806,219.74,-86.88,139.89,53.055202,-1.798775,13.09,4,73.52,19 / 20,37.91863590480252,7.096222051269306,-0.22158815000031087,1014.230499787275,361.5857191444713,15.056416729663109,False,51.0,6.6635945456910495,8.906114339183603,35.564983963813155,388.09253297531575,11.123055555555554,36.804,-31.255041359111473,1.8098922879142965,-978.6655158234619,26.506813830844465
570214.0,1.1514,0.4685,11.0159,0.0102,0.0159,9.8065,0.0823,0.0206,0.0509,224.42,-86.74,145.46,53.055202,-1.798775,13.09,4,73.52,19 / 20,37.73427810990982,7.059840583748387,-0.11259315000028601,1018.0131454880114,362.29352227622235,15.039707664663075,False,51.10000000000002,6.876993751289943,8.536461968976766,36.28016029989116,388.9042559400722,10.961944444443587,38.85500000000275,-30.85728435861988,1.4766213852283796,-981.7329851881203,26.610733663849828
570314.0,0.6198,-2.002,10.891,0.0282,-0.0353,9.8064,-0.0341,0.2844,-0.2734,230.06,-86.72,151.64,53.055202,-1.798775,13.09,4,73.52,19 / 20,37.72169080752,7.158267903702365,0.002086849999609758,1021.7859439338795,363.00442770059425,15.034182349663046,False,51.19999999999993,6.8681016672262984,8.469000672447363,36.975284962997854,389.73821788897476,10.903888888890997,39.040999999911804,-30.8535891402937,1.3107327687449981,-984.8106589708816,26.73379018838051
570414.0,0.2938,-2.9086,10.7529,-0.001,0.0127,9.8065,0.1452,-0.0224,0.0361,231.37,-86.5,149.55,53.055202,-1.798775,13.09,4,73.52,19 / 20,37.87026503378654,7.336130982429108,0.10361684999963292,1025.5655417259456,363.729147644901,15.03946753466301,False,51.299999999999955,6.443124742439649,8.888410844136745,37.570151261145455,390.6944942594387,10.978055555553363,35.93800000009172,-31.427140291346888,1.5522798617076372,-987.9953904648002,26.965346614537737
570514.0,1.6267,-2.2257,10.6219,0.0232,-0.0424,9.8065,0.0403,0.405,-0.1686,234.95,-86.28,153.66,53.055202,-1.798775,13.09,4,73.52,17 / 20,38.005866688871535,7.557024620535843,0.19169184999965302,1029.3593483120794,364.4738054250494,15.054232969662976,False,51.39999999999998,6.156403006547873,9.4948971926958,38.14496588642212,391.706368089977,11.316111111106114,32.95900000004403,-31.849463682323663,1.9378725721599572,-991.2143824256573,27.23256266492757
570614.0,0.8178,4.6092,7.8974,0.0283,-0.0018,9.8066,-0.2461,0.2669,-0.149,233.22,-86.2,155.51,53.055202,-1.798775,13.09,4,73.52,17 / 20,37.82776789142744,7.570626883450985,0.13699184999964065,1033.1510300410953,365.2301880002489,15.070667154662944,False,51.5,6.1027557303930715,8.796430390710276,38.79330331253531,392.51809105615064,10.706111111111111,34.751999999999995,-31.72501216103437,1.2258035072592905,-994.35772672856,27.287903055901722
570714.0,0.2171,-1.2207,9.9203,-0.0297,-0.0176,9.8065,-0.0248,0.0087,0.0054,236.24,-86.67,153.98,53.055202,-1.798775,13.09,4,73.52,17 / 20,37.64985879173738,7.496831357285526,0.04721184999962026,1036.9249113752544,365.9835609122859,15.079877339662909,False,51.60000000000002,6.9915097268437005,8.244688698754914,39.5619507765368,393.25197757109765,10.809999999996792,40.29800000003884,-30.658349064893677,0.7478573414693876,-997.3629605987176,27.26841665881176
570814.0,-0.3972,5.6764,9.7335,0.0113,-0.0277,9.8066,0.0043,0.4499,-0.2259,233.3,-87.02,154.53,53.055202,-1.798775,13.09,4,73.52,17 / 20,37.46531766497693,7.342739953867409,0.04923684999961841,1040.6806701980868,366.72553947784286,15.084699774662866,False,51.69999999999993,7.214434556378956,7.7565946158632295,40.317230458549936,393.97474459503366,10.593055555556857,42.926000000024786,-30.250883108597975,0.41385466199582055,-1000.3634397395368,27.249205117190797
570914.0,-2.2007,0.2508,9.9648,-0.0172,-0.0043,9.8065,0.2992,-0.3147,-0.1335,235.45,-86.96,157.19,53.055202,-1.798775,13.09,4,73.52,17 / 20,37.28821877051019,7.0478708746063585,0.05348684999961942,1044.418347019862,367.4450700192667,15.089835959662828,False,51.799999999999955,7.363366279387105,7.678983905809332,41.065826249502635,394.7197506030596,10.638888888887532,43.79799999997422,-29.924852491123087,0.6311130312029736,-1003.3525207703594,27.274680583792872
571015.0,0.0076,0.2645,10.4839,0.0272,0.0207,9.8065,0.1409,0.1193,0.0516,237.8,-86.37,156.6,53.055202,-1.798775,13.09,4,73.52,17 / 20,37.31524109175363,6.931200798713096,0.09567454999961912,1048.1858217429062,368.1510131387694,15.097368610362789,False,51.900999999999954,7.404531452761766,7.407308648883414,41.82845821163352,395.4493005168107,10.473563888893915,44.98952999998732,-29.91070963899186,0.476107850170318,-1006.3573635312728,27.298287378041323
571115.0,2.4173,-2.6258,10.2819,-0.004,-0.0051,9.8066,0.0725,-0.4781,0.2018,240.37,-85.95,160.21,53.055202,-1.798775,13.09,4,73.52,17 / 20,37.34382647820481,7.08400393752445,0.1532995499996323,1051.918775121405,368.8517733755814,15.109817315362754,False,52.000999999999976,7.273469038397567,7.064856090672061,42.56368622065346,396.12792315370916,10.139799999999992,45.833560000000006,-30.070357439807243,-0.01914784685238935,-1009.3550889007514,27.276149778127774
571215.0,0.7027,-4.2137,11.5307,-0.0243,-0.0124,9.8065,0.0228,-0.0735,0.0123,240.13,-86.13,160.21,53.055202,-1.798775,13.09,4,73.52,17 / 20,37.54879100905311,7.379220798297785,0.2632645499996573,1055.6634059957687,369.57493461237266,15.130645520362723,False,52.101,7.336177334491663,7.1347195257302385,43.29938210206927,396.83968187945095,10.233469444449542,45.797350000010795,-30.21261367456145,-0.24450127256754683,-1012.3640238936994,27.26474726707829
571315.0,-0.6082,-4.4086,8.9144,-0.0057,-0.0064,9.8066,0.0712,-0.4107,0.1705,238.03,-86.26,156.9,53.055202,-1.798775,13.09,4,73.52,17 / 20,37.902699192343704,7.595088381112282,0.3048545499996668,1059.4359805058393,370.3236500713433,15.159051475362695,False,52.20100000000002,7.675436016945994,7.273891775983467,44.08133050909528,397.5620041243602,10.57461388888219,46.53892000004001,-30.22726317539771,-0.3211966051288151,-1015.354649996744,27.238354053016906
571415.0,2.3513,0.1235,10.3635,-0.0111,0.0236,9.8066,0.0899,-0.1267,0.0668,236.42,-86.1,156.4,53.055202,-1.798775,13.09,4,73.52,17 / 20,38.0215835177872,7.769628797013962,0.2880845499996822,1063.2321946413424,371.0918859302489,15.188698430362635,False,52.30099999999993,7.677817154604391,6.933143635868527,44.8567955418662,398.2404043706529,10.34491944444139,47.917649999998076,-30.34376636318281,-0.8364851611454354,-1018.3753990994762,27.14851844040402
571515.0,-1.3739,-0.068,9.1921,-0.0083,-0.0293,9.8065,0.0117,-0.0074,-0.0962,240.25,-86.2,160.16,53.055202,-1.798775,13.09,4,73.52,17 / 19,37.974207553898175,7.795579786308956,0.2851995499996816,1067.0319841949276,371.87014635941523,15.21736263536261,False,52.400999999999954,7.762600864069982,6.98960570541024,45.64549467880953,398.92947933111816,10.445744444446229,47.99967999997371,-30.211606689828194,-0.8059740808987161,-1021.3864895161181,27.05933297170293
571614.0,0.1394,-6.1438,10.4867,-0.0189,0.0558,9.8065,-0.0527,-0.5245,0.3169,241.58,-86.15,157.46,53.055202,-1.798775,13.09,4,73.52,17 / 19,38.260489551451606,7.879135522206625,0.2884417999996832,1070.8056017016443,372.6460447671871,15.245757882187592,False,52.5,7.8818593136403,6.6724864419962415,46.42630682440965,399.5789688977059,10.326944444444445,49.75,-30.378630237811308,-1.2066490802103838,-1024.3792948772345,26.932924130518813
571714.0,-1.2638,4.3858,11.0459,0.0174,-0.0043,9.8066,-0.0737,0.4748,-0.276,243.34,-86.3,159.41,53.055202,-1.798775,13.09,4,73.52,17 / 19,38.3447378016194,7.867023626066523,0.3844067999997051,1074.6358630692987,373.4333527246009,15.279400312187569,False,52.60000000000002,7.673536021127889,6.089387311858108,47.194954288438296,400.15718251586594,9.796111111117849,51.565999999979994,-30.671201780491515,-1.777636314208415,-1027.4409087808604,26.72382979126502
571814.0,-0.8532,2.2357,8.3881,0.0193,0.0866,9.8062,-0.0985,-0.1731,0.1012,237.08,-85.94,157.55,53.055202,-1.798775,13.09,4,73.52,17 / 19,38.09189126754849,7.605452055840089,0.3754417999997133,1078.4576945227536,374.20697650869556,15.317392742187506,False,52.69999999999993,7.8777742480762925,6.5607193041781535,47.99033731636129,400.8243520755486,10.251944444439786,50.21200000009462,-30.214117019472198,-1.0447327516619351,-1030.4673572063923,26.617375566853013
571914.0,-0.9745,3.9591,8.9065,0.0324,0.0125,9.8065,-0.2073,0.0778,-0.1491,235.54,-86.04,155.55,53.055202,-1.798775,13.09,4,73.52,17 / 19,37.871724033131365,7.345579741705052,0.25950679999968695,1082.2558752877885,374.954528098573,15.349140172187484,False,52.799999999999955,8.113644535119136,5.994800851554129,48.799088126266604,401.40256569437247,10.0880555555604,53.540999999901594,-29.75807949801223,-1.3507788901509228,-1033.456787161522,26.448037595799462
572014.0,1.9436,-2.1371,7.8354,-0.0921,0.104,9.8056,-0.0771,-0.4375,0.1147,227.42,-86.25,145.87,53.055202,-1.798775,13.09,4,73.52,17 / 19,37.73615253604351,7.325027526177965,0.11593679999965434,1086.0362691162481,375.68805846196733,15.367912352187455,False,52.89999999999998,8.241782927580633,5.953131403810627,49.627890609171544,401.9918988056638,10.16694444444328,54.15899999999087,-29.49436960846288,-1.371896122367338,-1036.4083785070766,26.303840343696493
572114.0,-0.2423,-6.1398,10.3828,-0.0081,-0.0975,9.8061,-0.1258,0.6022,-0.4712,224.55,-86.97,145.11,53.055202,-1.798775,13.09,4,73.52,17 / 19,37.961429979924866,7.6657291183269365,0.046181799999638506,1089.8211482420475,376.43759629419276,15.376018282187422,False,53.0,8.25294867938805,5.641607600737197,50.456693092077074,402.5478734382644,9.996944444444445,55.644,-29.708481300536818,-2.024121517589739,-1039.3644551499704,26.11027714407163
572214.0,-1.8311,-3.7136,10.1113,-0.0023,0.0102,9.8066,0.0516,0.0142,0.0311,216.1,-86.87,136.41,53.055202,-1.798775,13.09,4,73.52,17 / 19,38.358563778016446,7.957609153130848,0.09022179999964855,1093.6371479299453,377.21876320776585,15.382838462187388,False,53.10000000000002,8.266367125245157,5.509021964693879,51.285495574983,403.0927285798531,9.933888888890104,56.31900000001954,-30.09219665277129,-2.448587188436969,-1042.3516523549622,25.87396537208724
572314.0,0.741,-3.6825,11.3535,0.0443,-0.0634,9.8063,0.0084,0.3529,-0.1305,223.95,-86.81,140.72,53.055202,-1.798775,13.09,4,73.52,17 / 19,38.63288733117803,8.1974303332259,0.18279679999956444,1097.4867204854015,378.02651518208296,15.396489392187336,False,53.19999999999993,8.460720624108317,5.360847723160899,52.141033621862924,403.6153447344676,10.016111111111647,57.64100000005247,-30.172166707069714,-2.836582610065002,-1045.3456868635385,25.588829552384652
572414.0,-1.2352,0.8772,10.7415,0.036,-0.0334,9.8065,-0.0564,0.0982,-0.1104,232.46,-86.74,150.21,53.055202,-1.798775,13.09,4,73.52,17 / 19,38.72472703360235,8.267072020852801,0.30688179999959275,1101.3546012036413,378.8497402997871,15.420973322187299,False,53.299999999999955,8.645292803969237,5.095109158165645,53.009939450667694,404.11572190490295,10.03499999999944,59.48699999994544,-30.07943422963311,-3.171962862687156,-1048.3446617529737,25.265981605115883
572514.0,1.3587,-5.0357,11.1253,0.0405,-0.0567,9.8064,-0.1445,0.4371,-0.1746,233.51,-86.61,147.77,53.055202,-1.798775,13.09,4,73.52,17 / 20,38.876406233056564,8.383812363442956,0.4195567999996184,1105.234657866975,379.68228451900205,15.457295252187269,False,53.39999999999998,8.781803165090302,4.9867313903712445,53.89221306149623,404.60497958224204,10.098888888887943,60.409999999986354,-30.09460306796626,-3.397080973071712,-1051.3424448054789,24.922695063239985
572614.0,0.1022,2.9747,9.2721,0.025,-0.0594,9.8064,-0.216,0.4191,-0.1433,237.02,-86.75,155.39,53.055202,-1.798775,13.09,4,73.52,17 / 20,38.897224761045784,8.500111166189187,0.45876179999962735,1109.1233394166811,380.5264806954838,15.501211182187241,False,53.5,8.972395234548243,4.71321002662262,54.79453834534594,405.0719982740225,10.135,62.287,-29.92482952649754,-3.7869011395665675,-1054.3288010713352,24.545517578538693
572714.0,-2.569,-4.3504,9.1724,-0.0235,-0.0429,9.8065,-0.0513,0.0429,0.0686,241.39,-87.67,157.1,53.055202,-1.798775,13.09,4,73.52,17 / 20,39.007740633977605,8.404420969517986,0.4003217999996141,1113.0185876864332,381.3717073022694,15.544165362187213,False,53.60000000000002,9.248472826237009,4.423586245833496,55.73028308407187,405.49453899468506,10.251944444444387,64.43800000003371,-29.759267807740596,-3.98083472368449,-1057.2883046023612,24.122831692415673
572814.0,-1.8826,0.347,10.844,-0.0028,-0.093,9.8062,-0.0049,0.4592,-0.3127,249.42,-87.96,164.9,53.055202,-1.798775,13.09,4,73.52,17 / 20,39.261638517415754,8.292817472079243,0.42047679999959575,1116.9320566439992,382.20656922434847,15.585205292187137,False,53.69999999999993,9.413633238730583,4.050450828777894,56.67939560486336,405.8948407304955,10.248055555552058,66.71900000002364,-29.84800527868517,-4.242366643301349,-1060.2526610391358,23.688271506147032
572914.0,-3.309,-6.3168,12.0783,0.0066,-0.0508,9.8065,0.3685,-0.2892,0.0664,253.08,-87.79,165.19,53.055202,-1.798775,13.09,4,73.52,17 / 20,39.612542920783746,8.125056195940783,0.5859267999996334,1120.8757657159101,383.0274629077497,15.63552547218711,False,53.799999999999955,9.357725473453979,3.8663418063517736,57.61514034354759,406.2729034814282,10.125000000003638,67.5509999999754,-30.254817447329767,-4.258714389589009,-1063.2606253723625,23.245440573678536
573014.0,0.3011,2.5113,10.2559,0.0089,-0.0419,9.8065,0.0908,0.2458,-0.3028,259.54,-87.15,173.75,53.055202,-1.798775,13.09,4,73.52,17 / 20,39.81983934781781,8.044993450503556,0.7219717999996644,1124.847384829341,383.8359653900721,15.70092040218709,False,53.89999999999998,9.703911667446901,3.3104752794201087,58.59767231926801,406.5731297832892,10.253055555553663,71.16299999994662,-30.11592768037091,-4.734518171083447,-1066.249712510073,22.737164393217085
573114.0,-4.6631,-1.6871,9.469,-0.0389,0.0003,9.8065,-0.1377,-0.3599,0.1435,257.33,-87.03,167.78,53.055202,-1.798775,13.09,4,73.52,17 / 20,39.81003211532017,7.822942493660893,0.7275517999996658,1128.828878402499,384.6293621872805,15.773396582187074,False,54.0,9.844495264846746,3.109436407218107,59.580204294963245,406.88447557828067,10.323888888888888,72.471,-29.965536850473423,-4.713506086442786,-1069.2486741075356,22.25511339100018
573214.0,-5.6013,2.6119,9.0969,-0.0734,-0.018,9.8063,-0.027,0.1153,-0.131,244.69,-87.83,156.47,53.055202,-1.798775,13.09,4,73.52,17 / 20,39.92900522201081,7.297754347867964,0.6751817999996539,1132.8158302693664,385.3853970293571,15.843533262187055,False,54.10000000000002,9.98938047379924,2.9044522102703385,60.582787943680074,407.16246289458053,10.403055555559945,73.78800000001877,-29.939624748211568,-4.393302137597626,-1072.2330423256863,21.77706586522345
573314.0,-5.1505,1.1491,10.4324,-0.0519,0.0681,9.8062,0.217,-0.7528,0.285,219.34,-87.83,129.44,53.055202,-1.798775,13.09,4,73.52,17 / 20,40.080745812896104,6.769216313034317,0.6709817999996577,1136.8163178211082,386.0887455624015,15.910841442186959,False,54.19999999999993,10.338204447239649,2.7588999269721635,61.618791047324294,407.42933071916065,10.699999999998951,75.05800000006336,-29.742541365656457,-4.010316386062153,-1075.197526773784,21.34058515675912
573414.0,-4.114,-5.8799,10.9452,0.0309,0.0507,9.8064,0.2292,-0.3621,0.1644,224.41,-87.61,135.44,53.055202,-1.798775,13.09,4,73.52,17 / 20,40.58552241757572,6.613379380516049,0.7591967999996778,1140.8496312326326,386.7578753470792,15.982350372186941,False,54.299999999999955,10.40164688127228,2.346592409900161,62.66147804182093,407.65172057119423,10.663055555556648,77.28699999993411,-30.18387553630344,-4.266786970615888,-1078.1881531908118,20.89384522411501
573514.0,-5.5664,0.6291,8.2316,0.0473,0.1023,9.806,0.131,-0.2258,0.1029,230.74,-86.86,139.93,53.055202,-1.798775,13.09,4,73.52,16 / 19,41.07797567775688,6.430959211156224,0.737371799999673,1144.9328061374001,387.41009227666297,16.057178802186925,False,54.39999999999998,10.603338943883438,2.0777940805282387,63.7242167094671,407.84075194738267,10.804999999997904,78.91299999997597,-30.474636733873446,-4.3531651306279855,-1081.208589427933,20.430659670719706
573614.0,-4.7024,0.4379,8.5261,0.0146,0.0183,9.8066,0.0575,-0.0614,-0.1329,227.58,-85.73,139.13,53.055202,-1.798775,13.09,4,73.52,16 / 19,41.35982058423486,5.994452490566125,0.5945917999996405,1149.0546959505007,388.03136286174924,16.123776982186907,False,54.5,10.57033339583999,2.032081669898013,64.77358759507341,408.0297833228628,10.76388888888889,79.118,-30.789487188394872,-3.9623708206681125,-1084.2811083554272,19.99842046111354
573714.0,-2.9885,0.9844,8.741,-0.0313,0.0051,9.8066,-0.0604,-0.4731,0.1605,230.94,-85.38,139.51,53.055202,-1.798775,13.09,4,73.52,16 / 19,41.545805822939535,5.646330548450733,0.47728179999961384,1153.1999772708602,388.61340201370024,16.17737066218688,False,54.60000000000002,10.571296992165458,1.9793193030685832,65.82964237168686,408.22993419076835,10.755000000003088,79.39500000000481,-30.974508830774077,-3.6670112453821497,-1087.3703348991735,19.61653217706811
573814.0,-2.4664,2.7342,8.72,-0.0445,0.0369,9.8064,-0.0733,-0.1641,0.0565,222.96,-85.84,133.65,53.055202,-1.798775,13.09,4,73.52,16 / 19,41.586982141939366,5.301996109310993,0.3696667999997118,1157.3566166691005,389.1608183465878,16.21971809218681,False,54.69999999999993,10.78792402303429,1.956413770447212,66.90574882129387,408.4189655655403,10.963888888891447,79.72100000003428,-30.799058118905076,-3.345582338863781,-1090.4508678478066,19.2581472189525
573914.0,-5.0461,-0.3762,10.8165,0.0103,0.0094,9.8066,0.0409,-0.4524,0.2002,224.79,-86.2,134.78,53.055202,-1.798775,13.09,4,73.52,16 / 19,41.765230206716375,4.939652962104799,0.365826799999711,1161.5242272865341,389.6729008001587,16.25649277218679,False,54.799999999999955,10.915585144163853,1.7431180477380879,68.00190694376316,408.58575795615695,11.053888888886227,80.92699999996435,-30.849645062552522,-3.196534914366711,-1093.522320342771,18.912857155998267
574014.0,-4.2911,-5.186,11.3545,0.0076,0.0238,9.8066,0.2199,-0.4238,0.1147,230.56,-86.17,137.33,53.055202,-1.798775,13.09,4,73.52,16 / 19,42.2820706301006,4.761210091959565,0.49371179999974013,1165.726592328376,390.157943952862,16.299469702186773,False,54.89999999999998,11.10913127720057,1.5004340258309603,69.1114328482993,408.7303113605205,11.209999999997693,82.30799999997959,-31.17293935290003,-3.2607760661286043,-1096.6151594800767,18.572367407658476
574114.0,-0.9362,-1.2952,10.7941,0.0709,-0.0024,9.8064,0.2426,-0.4672,0.2322,238.66,-85.67,143.64,53.055202,-1.798775,13.09,4,73.52,16 / 19,42.68478462166859,4.742433650360859,0.620476799999769,1169.9749350909653,390.6331261399781,16.355179132186763,False,55.0,11.160133491093024,1.5416484777292927,70.22095875286242,408.87486476488334,11.26611111111111,82.135,-31.524651130575567,-3.2007851726315657,-1099.753976338103,18.241738624905224
574214.0,-1.2059,-5.23,10.2732,0.0367,0.007,9.8065,0.1221,-0.4718,0.2132,249.83,-84.93,153.62,53.055202,-1.798775,13.09,4,73.52,16 / 19,43.015495796269995,4.760642253360134,0.6931767999997855,1174.2599491118633,391.10827993516426,16.420861812186754,False,55.10000000000002,11.263008239289533,1.5783022750661746,71.35053633036691,409.04165715551227,11.373055555556887,82.02299999998797,-31.752487556980462,-3.182339978293959,-1102.9094127814965,17.933377220348007
574315.0,-0.5905,0.472,9.9551,0.0046,0.0301,9.8066,0.0106,-0.3384,0.114,251.9,-84.78,156.35,53.055202,-1.798775,13.09,4,73.52,16 / 19,43.254639538707785,4.75144070857597,0.7242342999997853,1178.6165909462798,391.588640124742,16.49244107273673,False,55.20100000000002,11.32845273731161,1.7506267429797766,72.49140968367192,409.221125765426,11.462924999999625,81.21537000001543,-31.926186801396177,-3.000813965596193,-1106.1251812626078,17.632485640683967
574415.0,-0.7059,-0.2457,9.5657,-0.0131,0.0544,9.8065,0.0293,-0.5481,0.1671,249.07,-84.84,153.47,53.055202,-1.798775,13.09,4,73.52,16 / 19,43.24929592313052,4.680076664693423,0.7196092999997895,1182.9417877193678,392.06021599340505,16.564633252736645,False,55.30099999999993,11.332129642016373,1.642724431028536,73.62105410000389,409.3766874686868,11.450580555553833,81.75173999998594,-31.917166281114145,-3.037352233664887,-1109.3207336193639,17.31647147528173
574515.0,-1.5961,1.4006,9.8418,-0.0155,0.0437,9.8065,-0.0428,0.0666,-0.2108,245.02,-84.95,148.21,53.055202,-1.798775,13.09,4,73.52,16 / 20,43.22791209693242,4.54124101740774,0.7093192999997872,1187.265648120372,392.5212818775102,16.63607968273664,False,55.400999999999954,11.403692132926807,1.559244810987434,74.75751608527109,409.52168565345323,11.509805555552953,82.21424000001005,-31.824219964005614,-2.9819962064203063,-1112.5081320351007,17.000403775943028
574614.0,-1.573,-2.8462,9.9951,0.0089,0.0813,9.8063,-0.0171,-0.41,0.0078,238.71,-84.7,141.38,53.055202,-1.798775,13.09,4,73.52,16 / 20,43.34455741215674,4.437359759821971,0.7203874999997923,1191.5509853610738,392.9657226159833,16.70685016933665,False,55.5,11.556079990116134,1.7177899686035627,75.90226609533605,409.7088267144784,11.683055555555555,81.545,-31.788477422040607,-2.719569791218409,-1115.6487192657378,16.74310409849511
574714.0,-1.3787,-2.5198,9.9555,0.031,-0.0157,9.8066,0.0308,0.1094,-0.2008,234.85,-84.47,137.27,53.055202,-1.798775,13.09,4,73.52,16 / 20,43.63576744463816,4.449223791724834,0.7372524999997964,1195.9000016039145,393.41005179356074,16.779732169336647,False,55.60000000000002,11.746615178337041,1.5385462365156244,77.07863090978375,409.8533801195489,11.846944444447889,82.53799999999356,-31.88915226630112,-2.91067755520921,-1118.8213706941308,16.443328325988148
574814.0,-1.2527,-3.0076,9.417,0.0138,0.0378,9.8065,-0.0129,-0.1178,-0.0868,240.6,-84.1,137.35,53.055202,-1.798775,13.09,4,73.52,16 / 20,43.92610911155821,4.47387928565819,0.7252124999998074,1200.2780954317202,393.8562069474295,16.85285541933656,False,55.69999999999993,11.96541226507998,1.6599124454590481,78.27504739722394,410.0201725087628,12.079999999996534,82.10199999999904,-31.960696846478232,-2.8139668401991416,-1122.0030480344963,16.163965561333328
574914.0,0.2604,-2.9436,9.9904,-0.0091,-0.0431,9.8065,-0.104,0.198,-0.2754,234.92,-83.91,134.43,53.055202,-1.798775,13.09,4,73.52,16 / 20,44.18670311891373,4.577614938417552,0.7149174999998051,1204.6837360432448,394.3087816586334,16.924861919336557,False,55.799999999999955,11.843647400045088,1.6501845149087122,79.45809610256575,410.1869648993795,11.95805555555916,82.068000000001,-32.34305571886864,-2.9274304235088398,-1125.225639940679,15.878183240746125
575014.0,0.883,2.1617,10.4197,-0.0293,-0.0229,9.8065,0.0307,0.1505,-0.1928,237.9,-84.14,133.09,53.055202,-1.798775,13.09,4,73.52,16 / 20,44.170758882580024,4.641721410392897,0.7547574999998142,1209.1016091433205,394.769748476074,16.998345669336555,False,55.89999999999998,11.994597556534094,1.7998819782800175,80.66119648101413,410.3648767817263,12.128888888886365,81.4660000000089,-32.17616132604593,-2.8418394321128795,-1128.4404126623065,15.595128305652281
575114.0,-1.6455,-2.1972,10.8274,-0.0062,-0.0469,9.8065,0.1026,-0.1263,0.0039,237.4,-84.07,131.54,53.055202,-1.798775,13.09,4,73.52,16 / 20,44.178490276610326,4.600761813571816,0.8364474999998329,1213.519071601281,395.2318726372724,17.077905919336555,False,56.0,12.14813898136378,1.7947476952122738,81.87766464139725,410.5427886647808,12.28,81.596,-32.03035129524655,-2.806014118359542,-1131.6414069598836,15.310916027508426
575214.0,-1.2905,0.6657,9.9147,0.0396,-0.042,9.8064,0.053,0.1612,-0.1399,241.77,-84.04,137.51,53.055202,-1.798775,13.09,4,73.52,16 / 20,44.30209301709534,4.507734172757123,0.8928874999998458,1217.9431007659673,395.68729743658895,17.164372669336558,False,56.10000000000002,12.194194779731184,1.798507380427241,83.09413280180723,410.72070054712805,12.326111111111834,81.60999999999555,-32.107898237364154,-2.7092267923298827,-1134.84896796416,15.033403110539098
575314.0,-0.5941,-0.0876,9.6204,0.0313,0.0018,9.8066,0.028,-0.3004,0.0101,248.89,-83.57,137.57,53.055202,-1.798775,13.09,4,73.52,16 / 20,44.30266039977361,4.400206937673758,0.8889774999998494,1222.3733384368068,396.1326944921101,17.253465919336463,False,56.19999999999993,12.232905728271287,1.8699311333149686,84.31728485319618,410.9097319226105,12.37500000000494,81.30899999992567,-32.069754671502324,-2.5302758043587894,-1138.0560535836105,14.7770374305004
575414.0,0.4289,-0.0716,9.3788,-0.0187,-0.0047,9.8065,-0.0069,-0.1714,0.0811,244.55,-83.4,137.17,53.055202,-1.798775,13.09,4,73.52,16 / 20,44.29582191912144,4.386542669994313,0.8582724999998426,1226.8032625527526,396.5720319724936,17.340828419336468,False,56.299999999999955,12.305366829367093,2.4601950207763044,85.54043690449755,411.1877192388903,12.548888888883749,78.6940000000773,-31.99045508975434,-1.9263476492180085,-1141.262825648255,14.615687266396662
575515.0,-2.3257,-1.9346,9.1998,-0.041,0.0343,9.8065,-0.0693,-0.2266,0.1361,248.94,-83.83,136.86,53.055202,-1.798775,13.09,4,73.52,17 / 20,44.407355069626206,4.3246483507188564,0.8060201499998431,1231.2827729906844,397.01194711903963,17.424875198161452,False,56.400999999999954,12.512287247512612,2.1792114929760107,86.80295707383512,411.400768718755,12.700661111110128,80.120089999985,-31.895067822113596,-2.1454368577428458,-1144.4798159168492,14.388821599715357
575614.0,-1.6428,-2.1225,10.3887,-0.0438,-0.0244,9.8065,-0.0418,-0.0209,-0.1031,242.61,-84.37,132.14,53.055202,-1.798775,13.09,4,73.52,17 / 20,44.65345406873162,4.2191637133563304,0.8047925499998425,1235.6912830430351,397.4348658162115,17.504610426811475,False,56.5,12.61305967762127,1.9708674410012932,88.05357991721469,411.57690148227863,12.76611111111111,81.119,-32.040394391110354,-2.248296272355037,-1147.6377031258205,14.142035666067102
575714.0,-0.9999,-2.7505,9.5679,0.0067,0.0472,9.8065,0.1012,-0.5183,0.1875,237.71,-84.23,127.92,53.055202,-1.798775,13.09,4,73.52,17 / 20,44.91386349089756,4.216094972449691,0.8219575499998465,1240.1696489210176,397.8566287505019,17.58594793181148,False,56.60000000000002,12.637032407257639,2.0603355593051935,89.31683531456761,411.7881718426096,12.803888888889098,80.74000000001153,-32.27683108363992,-2.155759413144497,-1150.85281360645,13.931543092107688
575814.0,-3.0632,-2.7517,9.592,0.0353,0.0022,9.8066,0.0431,-0.4158,0.1892,240.03,-84.07,130.37,53.055202,-1.798775,13.09,4,73.52,17 / 20,45.23817784451924,4.172852382253346,0.7992875499998672,1244.6772509877844,398.2760761182367,17.66701018681139,False,56.69999999999993,12.677953848264263,1.889982657767884,90.58677460289962,411.9660837256645,12.818055555558422,81.52099999999133,-32.560223996254976,-2.282869724485462,-1154.0904763848848,13.690007607427788
575914.0,2.7911,2.6538,9.3975,0.0325,0.0275,9.8065,0.028,-0.4104,0.2735,245.73,-84.14,132.36,53.055202,-1.798775,13.09,4,73.52,17 / 20,45.240518943383975,4.172126147164696,0.7680975499998602,1249.2011858271806,398.6933250447077,17.745379441811394,False,56.799999999999955,12.76736407591142,1.972841776855445,91.86339778212049,412.1662345935557,12.918888888885908,81.21600000000902,-32.47315486747256,-2.1992843703092513,-1157.33778804506,13.472909548848008
576014.0,-2.1096,-1.0889,10.2835,-0.0274,0.0137,9.8066,0.0226,-0.4535,0.2091,247.74,-84.3,134.19,53.055202,-1.798775,13.09,4,73.52,17 / 20,45.136887043788505,4.159378545110391,0.7714825499998611,1253.7200561265402,399.10990027932155,17.822358446811396,False,56.89999999999998,12.973348972961775,1.901395156161451,93.16007263440157,412.3441464759035,13.111944444441592,81.6619999999934,-32.16353807082673,-2.25798338894894,-1160.5599834921386,13.234246196581921
576114.0,-0.6398,2.2302,9.7233,-0.0237,-0.0248,9.8065,0.0233,-0.3486,0.1475,249.05,-84.73,135.7,53.055202,-1.798775,13.09,4,73.52,17 / 20,45.11864070030433,4.004660766497582,0.7911575499998657,1258.2328325137457,399.518102244902,17.9004904518114,False,57.0,13.115072682947314,1.872390056610947,94.47011526869713,412.5331778520908,13.248055555555556,81.875,-32.00356801735702,-2.132270709886635,-1163.7627172450486,13.015075607188749
576214.0,-1.6645,-2.6674,9.7662,0.0151,0.0297,9.8066,0.097,-0.5966,0.3525,253.74,-85.06,140.25,53.055202,-1.798775,13.09,4,73.52,17 / 20,45.16100492079682,3.8852328506238485,0.7849675499998643,1262.7468147948018,399.9125969257582,17.979296706811404,False,57.10000000000002,13.009036031366547,1.8227442656893698,95.77347401198584,412.71108973443825,13.13611111111263,82.02399999999268,-32.15196888943027,-2.0624885849344787,-1166.973340782816,12.798492808680066
576314.0,0.5145,1.2124,8.1526,-0.0144,-0.0048,9.8066,-0.1181,-0.0117,-0.0971,258.27,-85.32,144.32,53.055202,-1.798775,13.09,4,73.52,17 / 20,45.23096419501851,3.8497453305113902,0.7002425499999414,1267.2664132505886,400.2993458348146,18.053557211811327,False,57.19999999999993,13.094459889055475,1.9502049190404218,97.07683275527289,412.9112406023441,13.238888888888383,81.52899999999218,-32.13650430596303,-1.8995404114709684,-1170.1895804953158,12.61189476752952
576415.0,-0.2766,-1.5424,9.0397,0.0056,0.0554,9.8064,-0.0406,-0.3554,0.1411,259.99,-85.4,140.63,53.055202,-1.798775,13.09,4,73.52,17 / 20,45.22759952391875,3.8575949237056353,0.5779820499999425,1271.8345707183948,400.68856651765253,18.118107554111322,False,57.30099999999993,13.068835457324681,2.0099034617980895,98.38674171164826,413.12451247204683,13.222488888884802,81.25674999999184,-32.15876406659407,-1.8476914619075457,-1173.4478290067466,12.435945954394299
576514.0,-0.2385,-2.0529,9.4228,-0.0704,-0.006,9.8063,-0.1651,0.0107,-0.1273,259.8,-85.95,138.86,53.055202,-1.798775,13.09,4,73.52,18 / 21,45.39027787315339,3.859155826387366,0.521017449999916,1276.320155649552,401.0705456797823,18.172508029361342,False,57.39999999999998,13.213150755022875,1.9678819757960488,99.69691802374267,413.3226618312736,13.358888888886852,81.52899999999593,-32.177127118130514,-1.8912738505913171,-1176.6232376258092,12.252116151491293
576614.0,-2.0916,-1.4687,9.7961,-0.0416,0.0354,9.8064,-0.1131,-0.0769,0.1053,253.07,-86.86,129.3,53.055202,-1.798775,13.09,4,73.52,18 / 21,45.57729681568535,3.781266278928743,0.5012974499999115,1280.868534383995,401.4525667850482,18.223623774361347,False,57.5,13.090272951442536,1.9519167648063018,101.00027676705827,413.5116932060465,13.235,81.51899999999999,-32.487023864242815,-1.829349514122441,-1179.8682576169367,12.059126420998325
576715.0,-0.8483,-1.7178,10.1356,0.0092,-0.0153,9.8066,-0.0904,0.1173,-0.122,247.92,-87.14,125.25,53.055202,-1.798775,13.09,4,73.52,18 / 21,45.75918196060892,3.6872718949645393,0.5173766499999114,1285.4810265621977,401.8297279628298,18.275066816411336,False,57.601,13.094197004305554,1.811493679902,102.31686961450953,413.69116181736825,13.218925000001276,82.12345000001388,-32.664984956303364,-1.8757782150625393,-1183.1641569476883,11.861433854538461
576814.0,0.5857,1.8799,10.0866,-0.0115,-0.0344,9.8065,0.1532,0.0489,-0.0836,248.91,-87.08,126.42,53.055202,-1.798775,13.09,4,73.52,18 / 21,45.74077230109287,3.6659976626769124,0.547517199999891,1290.010274298149,402.1937148059328,18.32777906198629,False,57.69999999999993,13.207489246827054,1.6078721326657754,103.62704592660224,413.8452779858902,13.305000000002163,83.05899999996677,-32.533283054265816,-2.0581255300111367,-1186.3832283715467,11.651563179957407
576915.0,1.0717,-0.887,10.2738,-0.0218,-0.047,9.8064,0.0817,0.0242,-0.0035,259.03,-87.13,136.98,53.055202,-1.798775,13.09,4,73.52,18 / 21,45.658537464661954,3.7146545205848986,0.5852457499998908,1294.6259394413196,402.56643774118754,18.38498359096128,False,57.80099999999993,13.246314127647631,1.8835557862756116,104.9569397170088,414.04665199867907,13.379619444448867,81.90728999994873,-32.412223337014325,-1.831098734309287,-1189.6689997243109,11.480214257491525
577014.0,0.1148,-0.9697,9.0401,-0.0038,-0.0293,9.8065,-0.1303,0.0257,-0.0668,264.06,-87.25,141.63,53.055202,-1.798775,13.09,4,73.52,18 / 21,45.72160073741683,3.781601374836197,0.5704254499998839,1299.1492562823246,402.9375024080111,18.442189315361297,False,57.89999999999998,13.149970286173264,1.4705901038972085,106.26049897705886,414.1677432732953,13.231944444446649,83.61899999997445,-32.571630451243564,-2.3110112709389883,-1192.8887573052657,11.230240865284202
577115.0,-0.5168,-1.2708,10.4102,-0.0144,-0.0005,9.8066,-0.1333,0.0195,-0.1043,255.32,-87.45,132.3,53.055202,-1.798775,13.09,4,73.52,18 / 21,45.82113475302867,3.7787084348230757,0.562193949999884,1303.7721644245921,403.3192980533989,18.499386595061285,False,58.000999999999976,13.086763668348864,1.5621622907497643,107.57689130775378,414.3248617048342,13.179680555555558,83.19284999999995,-32.73437108467981,-2.2165461440733116,-1196.1952731168383,11.005563651435295
577215.0,1.5151,0.9909,9.5127,-0.008,0.0063,9.8066,-0.0739,0.1999,-0.0854,245.67,-87.6,125.07,53.055202,-1.798775,13.09,4,73.52,18 / 21,45.796677929998836,3.8110654453575727,0.5776739499998876,1308.3530550587445,403.698786747408,18.556379990061288,False,58.101,13.073014726827966,1.4039521186758608,108.88025005104222,414.4693039142797,13.148186111111302,83.87031999999901,-32.72366320317087,-2.4071133266817117,-1199.4728050077024,10.770517166871684
577314.0,-1.8383,-1.8532,9.1469,0.0064,0.0317,9.8065,0.0057,-0.0923,0.0267,243.02,-87.62,122.23,53.055202,-1.798775,13.09,4,73.52,18 / 21,45.82898738995778,3.810732606150338,0.5304657999999198,1312.8885254920792,404.0760657509574,18.61123290768624,False,58.19999999999993,13.084205704006859,1.4207064349113034,110.17057520687058,414.60140348779765,13.161111111109287,83.80300000001336,-32.744781685950926,-2.3900261712390347,-1202.7179502852086,10.525337736840243
577414.0,1.4969,-0.0269,10.2929,-0.0166,0.0106,9.8066,0.0261,0.0852,-0.1772,235.84,-87.3,113.31,53.055202,-1.798775,13.09,4,73.52,18 / 21,45.89792391658494,3.8232103387584493,0.521790799999918,1317.4748710574074,404.45776289820293,18.663845737686245,False,58.299999999999955,13.031573091332668,1.3069263736599317,111.47393395009104,414.7348373997251,13.096944444446342,84.2729999999861,-32.866350825252276,-2.5162839650985176,-1206.0009371073163,10.27707450152218
577514.0,-2.5156,-1.8824,10.7132,-0.0207,-0.0018,9.8066,-0.1219,0.3139,-0.18,228.75,-87.21,107.73,53.055206,-1.797364,9.96,4,114.52,18 / 20,45.997675739557955,3.8413404313567856,0.5914307999999339,1322.0696510402156,404.84099043670875,18.71950681768625,False,58.39999999999998,13.214394713447227,1.425975779963596,112.79066047536686,414.8793908040876,13.291111111108242,83.84100000000639,-32.78328102611073,-2.4153646513931895,-1209.2789905648488,10.03840036737887
577614.0,-0.4091,-0.9516,11.0087,-0.0066,-0.0706,9.8063,-0.0212,0.6027,-0.2381,222.6,-87.06,99.31,53.055206,-1.797364,9.96,4,114.52,18 / 20,46.18707354299819,3.816532786922012,0.6968607999999579,1326.6788885043445,405.2238840976228,18.783921397686257,False,58.5,13.058234403209969,1.2396555285503676,114.09401921865576,414.99058572975935,13.116944444444442,84.57700000000001,-33.12883913978823,-2.5768772583716446,-1212.5848692856887,9.766701632136574
577714.0,3.2775,3.9054,10.6551,0.0065,-0.0686,9.8063,0.0512,0.5635,-0.2256,234.19,-87.34,111.41,53.055206,-1.797364,9.96,4,114.52,18 / 20,45.96795431527424,3.8434892067209354,0.7993857999999812,1331.2866398972592,405.606885197305,18.85873372768627,False,58.60000000000002,12.847795667266674,1.1023481718827601,115.37064239799568,415.1017806568447,12.894999999995742,85.09600000001333,-33.12015864800757,-2.7411410348381753,-1215.9159974992635,9.494895459539691
577814.0,1.8291,-3.012,10.5443,-0.005,-0.1167,9.8059,0.089,0.4133,-0.0913,256.66,-87.38,133.73,53.055206,-1.797364,9.96,4,114.52,18 / 20,45.82398930372899,3.977246580184863,0.8786907999999091,1335.8762370782051,405.99792198664994,18.94263755768619,False,58.69999999999993,12.576203856327279,0.8798549819954798,116.62053001333281,415.17961710453153,12.606944444441863,85.99800000001017,-33.24778544740171,-3.097391598189383,-1219.2557070648722,9.181695117881588
577914.0,4.2175,6.9778,9.4916,-0.0306,-0.1626,9.8052,-0.0603,1.0286,-0.4769,270.6,-87.35,148.12,53.055206,-1.797364,9.96,4,114.52,18 / 20,45.58546134047566,4.312003407567418,0.8998207999999139,1340.4467096104163,406.41238448603764,19.031563137686202,False,58.799999999999955,12.490806219000216,0.7954856033465139,117.86373373762723,415.2574535543348,12.516111111113794,86.35599999998942,-33.09465512147544,-3.516517804220904,-1222.5829758727891,8.845069068297164
578014.0,2.0447,-2.2253,9.5326,-0.0044,0.0,9.8066,-0.0258,-0.2616,0.2214,269.34,-87.29,146.83,53.055206,-1.797364,9.96,4,114.52,18 / 20,45.33116818228387,4.628455236827639,0.8703657999999073,1344.9925410865553,406.8594074182575,19.120072467686214,False,58.89999999999998,12.397912711645372,0.8199910941318452,119.10025357103184,415.33529000343634,12.425000000001345,86.21600000000208,-32.9332554706385,-3.8084641426957937,-1225.8922875155235,8.475882585178852
578114.0,8.026,8.9489,8.8753,-0.078,-0.101,9.8057,-0.137,0.936,-0.5502,267.79,-87.66,145.59,53.055206,-1.797364,9.96,4,114.52,18 / 20,44.96099494015242,5.113703456512673,0.8100957999998936,1349.5071492426782,407.3465153529246,19.204095547686222,False,59.0,11.813025647955614,0.5736200246837027,120.2699344944732,415.39088746627226,11.826944444444443,87.22,-33.147969292196805,-4.54008343182897,-1229.2372147482051,8.044372113347663
578214.0,-3.6905,-5.6418,8.9184,-0.0278,0.0707,9.8063,0.0995,-0.7806,0.5572,247.15,-87.77,122.86,53.055206,-1.797364,9.96,4,114.52,18 / 20,44.81333873527396,5.431663000851624,0.719115799999873,1353.9958659264505,407.87378367579294,19.28055612768623,False,59.10000000000002,11.453681280556783,0.5513619640214381,121.40619596298463,415.4464849298151,11.46694444444319,87.24400000000543,-33.35965745471718,-4.880301036830186,-1232.589669963466,7.572701254022149
578314.0,-2.6916,-4.6442,10.2455,-0.0813,-0.1065,9.8057,-0.0772,0.2432,-0.2824,250.95,-88.27,128.77,53.055206,-1.797364,9.96,4,114.52,18 / 20,45.392392312199824,5.311950854375023,0.6966457999998934,1358.50615247882,408.4109643685538,19.351344207686154,False,59.19999999999993,11.372051841452933,0.4744430958491471,122.53577354048535,415.4909629009314,11.381944444421336,87.61100000003673,-34.02034047074689,-4.8375077585258754,-1235.9703789383348,7.079998532377601
578415.0,5.6562,6.194,9.6875,0.0357,0.1109,9.8059,0.0789,-0.8785,0.5465,240.37,-88.31,117.59,53.055206,-1.797364,9.96,4,114.52,18 / 20,45.22975121076172,5.344883349255879,0.7127906499998933,1363.0825707267295,408.94913449583714,19.42252074841114,False,59.30099999999993,10.567417441879904,0.20120625240326967,123.5890879217105,415.5020823926492,10.569338888887554,88.90917999998167,-34.662333768881815,-5.143677096852609,-1239.493482805019,6.552947896812043
578515.0,-2.1476,-6.2377,11.4461,0.0365,0.019,9.8065,-0.1366,0.8662,-0.516,236.23,-88.33,113.34,53.055206,-1.797364,9.96,4,114.52,18 / 21,45.125441198615334,5.511066796911117,0.7888056499999105,1367.6003303471994,409.4919320031456,19.497600563411147,False,59.400999999999954,10.609528008377257,0.09007035157512831,124.6512250391423,415.5025271723597,10.609919444450346,89.51331000001143,-34.51591319023808,-5.420996445335989,-1242.9491053080571,6.010595169214071
578614.0,0.9016,-1.5585,10.4105,0.0219,-0.0281,9.8066,-0.1286,0.5786,-0.2131,234.44,-87.74,109.57,53.055206,-1.797364,9.96,4,114.52,18 / 21,45.464467367433855,5.664251333958495,0.8998489999999626,1372.0845308212208,410.0451102506239,19.58118896858618,False,59.5,10.214520862148486,0.2225249145545786,125.64378285134539,415.5465603637658,10.216944444444444,88.75200000000001,-35.249946505285365,-5.441726419403916,-1246.4407479698755,5.501450113141914
578714.0,-4.473,-5.4396,11.2502,-0.0245,-0.112,9.8059,-0.015,0.719,-0.3098,233.31,-87.57,108.85,53.055206,-1.797364,9.96,4,114.52,18 / 21,45.83998314197237,5.717698988297042,1.002218999999986,1376.6497533466923,410.6142077667368,19.6762923685862,False,59.60000000000002,9.616676404688318,0.40019985946714703,126.58621148110524,415.60215782730756,9.62500000000046,87.61700000003465,-36.22330673728405,-5.317499128829895,-1250.063541865587,4.987950060570768
578814.0,5.4105,3.9513,8.7088,-0.0183,-0.1359,9.8057,-0.0526,0.9008,-0.5295,252.1,-87.81,127.88,53.055206,-1.797364,9.96,4,114.52,18 / 21,45.90573589642911,5.888183476189537,1.0195039999999702,1381.2370392986081,411.1945018899606,19.777378518586104,False,59.69999999999993,9.65610887414935,0.006572705827918405,127.56205956581718,415.57991884174896,9.656111111098967,89.96100000003595,-36.24962702227975,-5.881610770361619,-1253.674979732791,4.385416951788386
578914.0,-1.2364,-3.8638,11.3888,-0.0293,-0.0702,9.8063,0.064,0.2639,-0.1259,260.69,-87.78,136.77,53.055206,-1.797364,9.96,4,114.52,18 / 21,45.818432930797044,6.049466159524828,1.0437189999999759,1385.8232477399704,411.7913843717464,19.880539668586124,False,59.799999999999955,9.226776185524416,-0.19746226456740534,128.47775263156151,415.5576798568993,9.228888888901517,91.22599999996261,-36.59165674527263,-6.246928424092233,-1257.3454951084088,3.7662954851529094
579014.0,1.7408,5.3732,8.9611,-0.0447,-0.0935,9.8061,-0.1466,0.7484,-0.4287,259.57,-87.8,137.69,53.055206,-1.797364,9.96,4,114.52,18 / 21,45.72192001662973,6.052100649679107,1.0805489999999842,1390.4002653873429,412.39646271220676,19.986753068586147,False,59.89999999999998,8.872848946306798,-0.060551367373080284,129.35334235138458,415.55767985689863,8.873055555560816,90.39100000001234,-36.849071070322935,-6.112652017052188,-1261.0469230359583,3.161217144691875
579114.0,-2.1516,-2.4931,11.7505,-0.0011,-0.0312,9.8065,-0.0019,0.1637,-0.1697,251.05,-87.57,129.5,53.055206,-1.797364,9.96,4,114.52,18 / 21,45.57808664782222,6.0218075637406905,1.1354639999999967,1394.9652657205665,413.0001581228779,20.09755371858617,False,60.0,8.966683917485147,-0.24388424285554944,130.25566763523418,415.5132018864893,8.97,91.558,-36.61140273033707,-6.26569180659624,-1264.7095980853323,2.5130437636113925
579214.0,3.905,3.1395,10.7135,0.0206,-0.0814,9.8062,-0.0453,0.6668,-0.416,261.86,-87.34,134.16,53.055206,-1.797364,9.96,4,114.52,18 / 21,45.53110399059054,6.125949941766339,1.2779990000000292,1399.5207252524883,413.6075459981534,20.2182268685862,False,60.10000000000002,8.92512806649864,-0.6123667274913899,131.15799291905734,415.43536543668046,8.946111111110845,93.92500000001993,-36.605975924091894,-6.7383166692577285,-1268.362732333431,1.827819438527058
579314.0,-0.3587,-1.1923,9.5871,0.0559,-0.0078,9.8065,0.0232,-0.403,0.0426,259.96,-86.89,135.37,53.055206,-1.797364,9.96,4,114.52,18 / 21,45.392653166939056,6.285395173075184,1.3123639999999979,1404.0669131103607,414.2281132538949,20.34774501858608,False,60.19999999999993,8.890258740438306,-0.8206555496174012,132.04026652988523,415.357528988285,8.928055555554046,95.27400000004783,-36.50239442650075,-7.106050722692585,-1272.0266465804755,1.129415734390136
579414.0,-1.4506,-1.8479,9.8478,0.0138,0.0167,9.8066,0.0134,-0.1016,0.0389,261.31,-86.28,136.53,53.055206,-1.797364,9.96,4,114.52,18 / 21,45.5395543767522,6.215963429503275,1.3034439999999958,1408.6135234875462,414.853181184024,20.478535418586112,False,60.299999999999955,8.809656339509528,-1.074979153177118,132.92254014064994,415.2352145687824,8.875000000001569,96.95699999995024,-36.72989803724267,-7.290942582680393,-1275.6909833468962,0.3820333847584152
579514.0,0.2018,-2.8966,7.6345,-0.0258,0.0341,9.8065,-0.0927,-0.5575,0.2753,255.6,-86.58,129.78,53.055206,-1.797364,9.96,4,114.52,18 / 20,45.762598246347075,6.198943885700276,1.1968939999999717,1413.1786311187022,415.4739265497843,20.60355231858614,False,60.39999999999998,8.673505317901501,-1.4021604605557245,133.78476207851153,415.0906611644202,8.786111111112426,99.18299999996711,-37.089092928445574,-7.601104346256,-1279.3938690401908,-0.3832653853640977
579614.0,-1.8708,-4.941,10.8343,-0.0372,0.0503,9.8064,0.0273,-0.5443,0.3753,253.22,-87.06,126.01,53.055206,-1.797364,9.96,4,114.52,18 / 20,46.14726798038103,6.220233214147347,1.1396689999999587,1417.7741244300396,416.09488540477685,20.720380468586164,False,60.5,8.632317261296148,-1.4114304143407552,134.64030012539214,414.9461077600574,8.746944444444445,99.286,-37.51495071908488,-7.631663628488102,-1283.1338243046475,-1.1487776447194733
579714.0,1.4585,6.5615,8.5049,0.0321,0.1085,9.8059,0.1104,-0.3941,0.4589,250.02,-87.48,126.72,53.055206,-1.797364,9.96,4,114.52,18 / 20,46.06124800835846,6.151365809090139,1.1259639999999558,1422.3845502294776,416.71346535593887,20.833662118586187,False,60.60000000000002,8.458012447206041,-1.3565710489495924,135.4891542812923,414.81267384811935,8.566111111113475,99.11200000002805,-37.60323556115242,-7.507936858039732,-1286.8953959481853,-1.9007915078195197
579814.0,-2.5262,-1.1369,9.3335,0.0271,0.0092,9.8065,0.1222,-0.3643,0.013,253.73,-87.23,126.09,53.055206,-1.797364,9.96,4,114.52,18 / 20,45.80161947402848,5.9954807262816034,1.0372190000000365,1426.9776936035928,417.3208076827069,20.94182126858609,False,60.69999999999993,8.565497141086666,-1.666515481301329,136.34469232817125,414.62364247193307,8.72611111110676,101.01000000000157,-37.23612233294181,-7.661996207582932,-1290.6330012754215,-2.6971652107738464
579914.0,3.9477,0.9361,10.5511,-0.0055,-0.0321,9.8066,-0.1627,-0.0498,-0.0822,255.57,-87.14,130.22,53.055206,-1.797364,9.96,4,114.52,18 / 20,45.78039539465374,6.063451620600358,1.0507840000000397,1431.556794347028,417.92375430005114,21.046221418586118,False,60.799999999999955,8.41368318898559,-1.6453621954149809,137.18017870202303,414.4679695751559,8.57305555556008,101.06499999999838,-37.36671220566815,-7.708813816015339,-1294.376615645005,-3.4557847248952385
580014.0,0.2786,-3.1341,9.4218,0.0401,0.0799,9.8062,0.1351,-0.5782,0.5198,253.86,-87.25,128.16,53.055206,-1.797364,9.96,4,114.52,18 / 20,45.81586418047421,6.293709583127702,1.0687640000000438,1436.1366073257855,418.5416123602377,21.152198818586147,False,60.89999999999998,8.180826542087889,-1.6216279130329985,137.99561340294167,414.30117718594204,8.340000000003444,101.21199999999783,-37.63503763838632,-7.915337496160701,-1298.1409939228438,-4.240435174295669
580114.0,-0.3334,-2.4873,8.7607,0.0037,0.0589,9.8064,0.1329,-0.2541,0.2562,258.57,-87.47,132.62,53.055206,-1.797364,9.96,4,114.52,18 / 20,46.07090749452704,6.353221972658218,0.9972240000000275,1440.7309459095366,419.17395893802717,21.255498218586172,False,61.0,8.266747078185936,-1.8810419315875673,138.824415885847,414.10102631732946,8.478055555555555,102.819,-37.804160416341105,-8.234263904245786,-1301.9065300236896,-5.0729326206977134
580214.0,0.0472,0.0428,9.814,-0.0524,0.0103,9.8064,0.1195,-0.0553,-0.2026,265.45,-87.63,136.99,53.055206,-1.797364,9.96,4,114.52,18 / 20,46.17649746789686,6.359705464357421,0.9452940000000157,1445.3433161576588,419.8096053098781,21.352624118586196,False,61.10000000000002,8.035102631635802,-1.7804565984922534,139.62648280480454,413.92311443498284,8.230000000002173,102.49399999998015,-38.14139483626106,-8.140162062849674,-1305.7168333528543,-5.886490874895287
580315.0,-0.394,-1.5517,10.5522,-0.0246,0.0062,9.8066,-0.056,-0.128,-0.2193,257.72,-87.21,130.08,53.055206,-1.797364,9.96,4,114.52,18 / 20,46.237527844549085,6.354961943580953,0.9833154500000154,1450.0102244359373,420.451696013979,21.450018895811198,False,61.20100000000002,8.217972325473319,-1.6265928111146708,140.46343963474487,413.775781156746,8.377655555557599,101.19558000012812,-38.019555519075766,-7.981554754695624,-1309.5467848011924,-6.6759148572330105
580414.0,-0.8097,-1.1398,10.7057,0.0532,0.0618,9.8063,-0.0345,-0.2031,0.1775,244.48,-86.98,117.01,53.055206,-1.797364,9.96,4,114.52,18 / 20,46.3689302316221,6.333280286740463,1.06472314999996,1454.5942441107047,421.0797640043795,21.55139680651113,False,61.299999999999955,8.136493911659386,-2.273127690041769,141.27071998862058,413.50057371362925,8.448055555553454,105.60899999986822,-38.232436319962716,-8.606407976782233,-1313.323524122084,-7.579190290750262
580514.0,2.1132,3.3383,10.0003,0.0517,0.0723,9.8062,-0.1408,-0.2223,0.0852,243.31,-86.77,113.92,53.055206,-1.797364,9.96,4,114.52,19 / 20,46.225997482054,6.331528482167576,1.1193581499999725,1459.2239904963897,421.7130044428251,21.66060087151115,False,61.39999999999998,7.908599704511207,-2.3202799268975958,142.0527352345576,413.26706436703057,8.24194444444749,106.35099999998903,-38.317397777542794,-8.651808409065172,-1317.1712552618321,-8.44594007579451
580614.0,-2.2582,-0.2202,9.0529,-0.0008,0.0513,9.8065,-0.0677,-0.7303,0.2456,230.55,-86.38,104.03,53.055206,-1.797364,9.96,4,114.52,19 / 20,46.09575193178544,6.259858196361461,1.0913531499999662,1463.8400779670826,422.3425737767517,21.77113643651117,False,61.5,7.913466253282624,-2.03124391892187,142.84143437152713,413.0780329922571,8.17,104.396,-38.18228567850282,-8.29110211528333,-1320.9986435955554,-9.264540784494613
580714.0,2.3566,3.4965,9.9889,0.0035,0.0045,9.8066,-0.0804,0.1884,0.0174,231.14,-86.44,101.4,53.055206,-1.797364,9.96,4,114.52,19 / 20,45.95318927446387,6.149332630705098,1.0627781499999598,1468.4425250273962,422.96303331810515,21.878843001511193,False,61.60000000000002,7.910879610030921,-2.4172398903567602,143.63013350849647,412.8222846608085,8.271944444442004,106.99100000000136,-38.04230966443295,-8.566572521061858,-1324.8123915188996,-10.140748657296626
580814.0,0.8382,-0.2344,9.2741,0.0103,0.0312,9.8065,-0.0351,-0.2148,0.0728,228.24,-86.62,100.18,53.055206,-1.797364,9.96,4,114.52,19 / 20,45.71146759415457,6.157815563646413,1.0452631499999758,1473.0257578708229,423.5783907278222,21.984245066511093,False,61.69999999999993,7.749267808658506,-2.381469431900301,144.39878097249803,412.5776558224934,8.106944444449253,107.08299999999124,-37.96219978549606,-8.539284995546714,-1328.6269768983248,-11.000734905328784
580914.0,-2.3309,-3.1101,11.5436,-0.0409,-0.0908,9.8061,-0.1572,0.5045,-0.3619,228.2,-86.94,97.05,53.055206,-1.797364,9.96,4,114.52,19 / 20,45.87373869953219,6.200682337894283,1.1054831499999895,1477.6050181855082,424.19631562289936,22.091782381511116,False,61.799999999999955,7.9239255089200995,-2.388602028898768,145.19416400039026,412.34414647591296,8.276111111106111,106.77500000000911,-37.94981319061209,-8.58928436679305,-1332.410854185118,-11.852169146986398
581014.0,-1.2239,-1.9774,10.4283,0.0131,-0.0112,9.8066,-0.0072,0.2401,0.0087,231.09,-87.41,101.51,53.055206,-1.797364,9.96,4,114.52,19 / 20,46.17023572125082,6.219273875472724,1.2234131500000165,1482.2072169065484,424.81731343356785,22.208227196511142,False,61.89999999999998,7.6900326621439286,-2.4762559104863633,145.9561275733859,412.0883981451723,8.078888888891804,107.84899999998413,-38.48020305910689,-8.695529785959087,-1336.2510893331626,-12.72891528839557
581114.0,-0.1106,-7.3955,9.3562,-0.0664,-0.1075,9.8058,-0.0522,0.5803,-0.1681,229.95,-87.6,105.19,53.055206,-1.797364,9.96,4,114.52,19 / 20,46.559546082533544,6.454987259245504,1.2319731500000184,1486.8437059967387,425.4510264903039,22.330996511511174,False,62.0,7.753784975238467,-2.618177973982139,146.73145892836783,411.8215303212981,8.18388888888889,108.658,-38.805761107295076,-9.073165233227643,-1340.1122470683708,-13.62949616900579
581215.0,1.5704,2.8075,10.3383,-0.0917,-0.1178,9.8054,0.01,0.8025,-0.5399,246.05,-88.64,116.82,53.055206,-1.797364,9.96,4,114.52,19 / 20,46.673070498626906,6.695233974778112,1.2360737500000183,1491.5519531340872,426.1151126626221,22.455632879961176,False,62.101,7.6265436515772596,-2.8617739324128344,147.49455876284188,411.52942124814615,8.145794444448468,110.56787000000716,-39.04652684704965,-9.557007907190947,-1344.0573943712452,-14.585691414475946
581315.0,-6.8442,-2.8374,10.7968,-0.0321,-0.0188,9.8065,-0.0037,-0.5735,0.2249,245.17,-88.63,115.87,53.055206,-1.797364,9.96,4,114.52,19 / 20,46.7698813523588,6.4502693835215545,1.3121637500000356,1496.2241007266375,426.77238783053724,22.583044754961207,False,62.20100000000002,7.8542247046044364,-3.0245568976682597,148.27644033098417,411.2289725571318,8.41647499999865,111.06109000003187,-38.91565664775437,-9.474826281189815,-1347.9476603956534,-15.543415273405458
581415.0,0.7729,0.6848,10.2211,-0.0513,-0.0425,9.8064,0.1602,0.0831,-0.0428,249.08,-89.05,118.91,53.055206,-1.797364,9.96,4,114.52,19 / 20,46.98085665985319,6.21481777809916,1.3823937499999717,1500.9116376272439,427.4056421886177,22.717772629961086,False,62.30099999999993,7.752187068050551,-3.158104489599854,149.04515463386525,410.9065072697451,8.370788888886551,112.16505999998203,-39.228669591802635,-9.372922267699014,-1351.8664829933787,-16.49913491887264
581514.0,0.6412,4.253,10.3278,0.0349,0.0487,9.8064,-0.0244,-0.4579,0.2416,272.88,-88.81,138.46,53.055206,-1.797364,9.96,4,114.52,18 / 20,46.710161532944824,6.276539471745746,1.4287059499999935,1505.5493430277895,428.02396437248535,22.85692206511115,False,62.39999999999998,7.790717904498908,-3.2693176641755755,149.81273267527146,410.58726663590215,8.448888888887723,112.76499999999105,-38.91944362844592,-9.545857135921322,-1355.736610352518,-17.4366977365832
581615.0,2.7419,1.4184,10.3127,-0.0042,0.0064,9.8066,0.0527,-0.2436,0.1272,255.12,-88.73,127.91,53.055206,-1.797364,9.96,4,114.52,18 / 20,46.375083705229876,6.431697528320525,1.480579549999993,1510.2501479123173,428.6657303409887,23.003840982861146,False,62.500999999999976,7.6586266244442465,-3.3629249057849466,150.5756988319258,410.25023481262235,8.364438888888884,113.70639999999997,-38.71645708078563,-9.794622434105472,-1359.6744490803915,-18.415495528366364
581714.0,2.1478,3.7719,9.4239,0.055,0.0463,9.8063,-0.0168,-0.4904,0.3237,276.81,-88.73,147.63,53.055206,-1.797364,9.96,4,114.52,18 / 20,46.082516665206676,6.669815305894852,1.486682899999996,1514.8267991306561,429.3142552262827,23.150720474136214,False,62.60000000000002,7.694380857368672,-3.416751870597358,151.33665982128764,409.9089775823763,8.418888888889793,113.94399999999675,-38.388135807838005,-10.08656717649221,-1363.4901393093685,-19.405277643906402
581814.0,-0.1051,-4.2785,9.912,0.0771,0.0665,9.806,0.1731,-0.6695,0.3847,271.66,-88.23,141.04,53.055206,-1.797364,9.96,4,114.52,18 / 20,46.10390752640568,6.7871076153637615,1.4728129000000085,1519.4361203402325,429.987101372345,23.29869526413608,False,62.69999999999993,7.763390354032756,-3.411769366616439,152.10530728528863,409.57539280253246,8.480000000004294,113.72400000004582,-38.34051717237292,-10.1988769819802,-1367.330813054944,-20.41170856981256
581914.0,4.1158,5.2862,9.2078,0.0234,0.0201,9.8066,0.0152,0.1594,-0.0788,278.85,-87.81,149.34,53.055206,-1.797364,9.96,4,114.52,18 / 20,46.070341303669096,7.01972423959848,1.448137900000003,1524.0448327817373,430.6774429650933,23.444742804136112,False,62.799999999999955,7.8009178006975874,-3.6934753930446536,152.88063864018778,409.19733005230705,8.631111111106645,115.33599999995235,-38.269423502971506,-10.713199632643134,-1371.1641941415496,-21.48011291278624
582014.0,-1.4183,-0.851,8.9804,0.0521,0.0496,9.8064,-0.0214,-0.3422,0.1225,278.7,-87.71,149.33,53.055206,-1.797364,9.96,4,114.52,18 / 20,45.854428283210375,7.188347259806826,1.376882899999987,1528.6410712610823,431.3878465400637,23.585993844136144,False,62.89999999999998,7.9091571699270435,-3.9683834780972607,153.66933777715704,408.79702831649615,8.84888888888567,116.64499999998066,-37.94527111328333,-11.156730737904088,-1374.9717334839252,-22.590818223567567
582114.0,-2.5925,-1.3294,10.047,-0.027,-0.0133,9.8065,-0.1685,0.5116,-0.3739,273.22,-88.0,145.86,53.055206,-1.797364,9.96,4,114.52,18 / 20,45.92708714097458,6.978939589302924,1.3475878999999804,1533.2301470322925,432.09621088251936,23.722217384136172,False,63.0,7.968394975252881,-4.260984103550531,154.45803691412667,408.3633681027008,9.036111111111111,118.135,-37.9586921657217,-11.239923692853456,-1378.7721101181658,-23.732842779818554
582215.0,0.0598,2.1897,10.0607,0.0087,0.0307,9.8065,0.0608,0.2574,-0.107,264.13,-88.07,134.31,53.055206,-1.797364,9.96,4,114.52,18 / 20,45.85866107870041,6.834160522023696,1.3725550999999803,1537.8653273173861,432.79377243814133,23.85958460563617,False,63.101,7.918208374039373,-4.374909565070982,155.2546898813757,407.92581606576454,9.046505555554912,118.92107999996486,-37.940452704661034,-11.209070087094677,-1382.6106374360104,-24.867956372376796
582315.0,-1.8386,4.3439,11.5647,0.0349,-0.0482,9.8064,0.2502,0.1729,-0.236,266.83,-87.67,137.59,53.055206,-1.797364,9.96,4,114.52,18 / 20,45.52013627184633,6.7191817169470776,1.4731601000000032,1542.4342671849145,433.47143955009,24.0018703656362,False,63.20100000000002,8.054367811382313,-4.024919106530846,156.05027342605547,407.53641143253685,9.004044444447286,116.55216999999762,-37.46576846046402,-10.744100823477924,-1386.383993758859,-25.935028117553145
582414.0,1.2631,-0.0219,10.6172,0.0425,-0.032,9.8064,0.0858,0.0749,0.0919,278.66,-86.8,151.71,53.055206,-1.797364,9.96,4,114.52,18 / 20,45.30346515754557,6.677362377992592,1.6003057999999168,1546.9300354556663,434.13456848278906,24.154006927686094,False,63.299999999999955,8.147768198837264,-4.057002101024356,156.85755377990486,407.12910441731225,9.101944444441521,116.47000000000246,-37.155696958708305,-10.734364479016948,-1390.0724816757613,-27.005464065476815
582514.0,0.0492,1.4127,9.6203,-0.0222,-0.0368,9.8065,-0.102,0.3631,-0.2608,280.85,-86.68,156.82,53.055206,-1.797364,9.96,4,114.52,18 / 20,45.22742938148502,6.756802417606832,1.6315157999999241,1551.4565801826188,434.8062767225692,24.315598007686123,False,63.39999999999998,8.088068164221655,-3.9519814209830093,157.65962069886237,406.73992217321836,9.001944444445922,116.04100000000633,-37.139361217263364,-10.708783838589842,-1393.7969594837564,-28.06635454935082
582614.0,1.9444,-1.4218,8.5918,-0.0496,0.0345,9.8064,-0.3033,0.0843,0.0057,272.37,-87.13,145.32,53.055206,-1.797364,9.96,4,114.52,18 / 20,45.21584339450029,6.867193922809731,1.5614557999999081,1555.9787438214191,435.48747653959015,24.47524658768615,False,63.5,8.243460110831643,-3.8233394745362737,158.48173929078715,406.37297891539083,9.086944444444445,114.882,-36.97238328366865,-10.690533397346005,-1397.497004530632,-29.114497624199316
582714.0,-0.9927,0.6325,9.0538,-0.0137,0.0488,9.8065,0.0492,0.2014,-0.0378,255.88,-87.66,127.17,53.055206,-1.797364,9.96,4,114.52,18 / 20,45.25505336418903,6.902204856448313,1.4630707999998858,1560.5022886593547,436.1759464785532,24.626472917686176,False,63.60000000000002,8.311525984059418,-4.068537253637905,159.30385788271252,405.9615576864461,9.25388888889068,116.08200000000281,-36.94352738012961,-10.970742110086219,-1401.1984307766422,-30.214388792107115
582814.0,2.1462,1.6125,10.2456,-0.0208,-0.0403,9.8065,0.16,0.3507,-0.3729,250.37,-87.47,121.8,53.055206,-1.797364,9.96,4,114.52,18 / 20,45.108026924760715,6.913709885969615,1.4473757999999002,1565.020442673798,436.86674221567347,24.771995247686032,False,63.69999999999993,8.406589207093692,-4.14968467514866,160.14602814760516,405.5390169657856,9.374999999999606,116.27199999992847,-36.70143771766702,-11.063394561118276,-1404.8744145261928,-31.327725249887862
582914.0,-1.8746,1.4767,10.6168,0.0268,-0.0528,9.8064,0.2495,-0.1548,0.0207,255.79,-86.71,129.62,53.055206,-1.797364,9.96,4,114.52,18 / 20,44.93099864397975,6.872065270982826,1.5098307999999143,1569.5223939522361,437.5560309735213,24.919855577686057,False,63.799999999999955,8.568003416460087,-3.770904227118329,161.00825008540338,405.18319320040996,9.361111111111523,113.75500000007439,-36.36299522751966,-10.642969498101154,-1408.5141438668327,-32.372837773111314
583014.0,-0.9217,-0.6243,10.8602,0.0045,-0.0427,9.8065,0.1114,0.1384,0.1581,269.7,-86.35,144.62,53.055206,-1.797364,9.96,4,114.52,18 / 20,44.89664218205552,6.713395286625394,1.6030157999999355,1574.013775993539,438.23530400140186,25.075497907686085,False,63.89999999999998,8.545997518395477,-4.114748037917032,161.86378813228407,404.74953298590907,9.484999999998168,115.7099999999711,-36.35064466366005,-10.828143324542426,-1412.1499878612549,-33.48577101549279
583114.0,-2.0896,-2.2829,10.0685,-0.0173,0.019,9.8066,-0.045,-0.0978,0.1092,277.96,-86.55,151.68,53.055206,-1.797364,9.96,4,114.52,18 / 20,45.00894342695243,6.547815833063925,1.6687857999999505,1578.5090552739903,438.89836455738646,25.239087987686116,False,64.0,8.809013318394221,-4.274007621246914,162.74606174311262,404.31587277282057,9.791111111111112,115.882,-36.199930108558206,-10.821823454310838,-1415.7629935308776,-34.58249178456589
583214.0,0.9959,1.9916,8.5863,-0.0213,-0.0388,9.8065,-0.1627,0.2055,-0.1367,275.11,-86.78,151.12,53.055206,-1.797364,9.96,4,114.52,18 / 20,44.99500097202315,6.487462080686022,1.6208607999999396,1583.00925249394,439.5501284530741,25.403570317686146,False,64.10000000000002,8.757087687837057,-3.996927613939576,163.6149675720076,403.9266905294338,9.626111111115483,114.53300000002109,-36.23791328418609,-10.484389694625598,-1419.3942849219325,-35.62343792364027
583314.0,0.526,5.1785,8.9661,-0.0025,0.0672,9.8064,-0.0039,-0.3895,0.3321,272.84,-87.16,147.86,53.055206,-1.797364,9.96,4,114.52,18 / 20,44.625173152970945,6.5846911239719255,1.5178158000000335,1587.4902612001856,440.2037361133064,25.560504147686,False,64.19999999999993,8.92081894067453,-4.3432673169175215,164.51060896479547,403.48191082321375,9.92194444443737,115.9599999999855,-35.704354212296415,-10.927958440889448,-1422.9796522353902,-36.721825290092625
583414.0,0.5398,-0.0786,8.9334,-0.006,0.0205,9.8066,-0.0668,-0.1592,-0.017,268.13,-87.51,142.2,53.055206,-1.797364,9.96,4,114.52,18 / 20,44.35320637861065,6.649477045788683,1.432125800000014,1591.9391801767656,440.86544452179453,25.708001227686037,False,64.29999999999995,8.73438836196579,-4.156737148697622,165.37283090262025,403.0704895942992,9.673055555562913,115.45000000001508,-35.61881801664486,-10.806214194486305,-1426.5663492741453,-37.794954927495326
583514.0,0.4746,4.3616,10.8178,0.0101,0.0086,9.8066,-0.0766,-0.0915,-0.134,261.57,-87.43,133.45,53.055206,-1.797364,9.96,4,114.52,18 / 19,44.11957923289749,6.664939539012298,1.4390208000000158,1596.362819457342,441.5311653510347,25.851558557686072,False,64.39999999999998,8.868399927163416,-3.6151552696787355,166.26847229546223,402.7257853213213,9.576944444445864,112.17800000004836,-35.25117930573408,-10.280094808691034,-1430.0943471618798,-38.805380029713376
583615.0,-3.0757,-0.5382,10.1647,0.0483,0.0486,9.8063,0.1453,-0.3692,0.4045,258.1,-87.17,130.77,53.055206,-1.797364,9.96,4,114.52,18 / 19,43.939486103308106,6.505265398277444,1.508165400000015,1600.8098022568204,442.1962607003678,26.000391460786073,False,64.50099999999998,9.170473988593166,-4.196950537069794,167.19967198833504,402.2771137926675,10.085236111111136,114.59162,-34.76901211471494,-10.702215935347239,-1433.6101302684854,-39.91914690770034
583715.0,-0.4724,1.7735,10.1207,0.0428,0.0028,9.8065,0.1019,-0.0686,0.2075,270.37,-86.78,143.36,53.055206,-1.797364,9.96,4,114.52,18 / 19,43.89133770439639,6.333969521896968,1.5417704000000227,1605.2013434472067,442.8382224463767,26.15288825078611,False,64.601,8.923943552990815,-4.076754510269042,168.08261398829035,401.8873755746454,9.811050000007254,114.5525699999979,-34.96739415140558,-10.41072403216601,-1437.1187294589163,-40.9508468717313
583815.0,-0.2914,-2.4137,9.9461,0.0171,-0.0008,9.8066,0.0794,-0.2779,0.0888,277.75,-86.64,151.03,53.055206,-1.797364,9.96,4,114.52,18 / 19,43.902387943479795,6.279904072605133,1.5644454000000279,1609.5910297296016,443.46891612610193,26.308199040786146,False,64.70100000000002,9.377645628137852,-4.256934360674069,169.0313923144792,401.44281825757315,10.298630555551618,114.41549000001291,-34.52474231534194,-10.5368384332792,-1440.5596374151223,-42.02609786852878
583915.0,0.8335,1.2329,8.3094,-0.0325,0.0279,9.8065,-0.0854,0.0601,0.086,278.22,-86.6,151.6,53.055206,-1.797364,9.96,4,114.52,18 / 19,43.94719456153984,6.300163048440077,1.4965554000000896,1613.9835088548487,444.0979194821536,26.46124908078601,False,64.80099999999993,9.221032679689355,-4.273637452649486,169.9470853802229,401.020055146393,10.163244444443887,114.86611999998185,-34.72616188185049,-10.573800501089563,-1444.0364234746257,-43.07786433576058
584015.0,-1.0588,-0.7859,8.262,-0.03,0.0265,9.8066,-0.253,-0.0632,-0.0069,271.6,-87.36,146.09,53.055206,-1.797364,9.96,4,114.52,18 / 19,43.912191089146326,6.296163051596344,1.344460400000055,1618.3764781373839,444.72773578715555,26.60329987078605,False,64.90099999999995,9.19393636389639,-4.376836376978994,170.8630458016466,400.57560902562994,10.182624999998989,115.457200000022,-34.718254725249935,-10.672999428575338,-1447.5134323357372,-44.15212676152561
584115.0,1.2711,2.0254,9.8091,-0.0329,-0.0034,9.8065,-0.1618,0.2396,-0.1285,257.51,-87.86,131.3,53.055206,-1.797364,9.96,4,114.52,18 / 19,43.82002238951857,6.2790808102863105,1.2673504000000377,1622.763088811318,445.35649798024986,26.733890410786085,False,65.00099999999998,9.365193801229971,-4.161710153844325,171.80554127031596,400.164966159783,10.248419444444458,113.9589100000003,-34.4548285882886,-10.440790964130635,-1450.9575475410022,-45.19153182046688
584215.0,0.8232,1.7153,9.4412,0.0177,0.0196,9.8066,0.034,-0.061,0.0459,248.78,-88.12,123.69,53.055206,-1.797364,9.96,4,114.52,18 / 19,43.59610665059025,6.31994171419409,1.2492004000000336,1627.1338952633246,445.986449106474,26.859717950786116,False,65.101,9.44113365712849,-3.579633916168534,172.75438643544194,399.82904628717796,10.097925000008786,110.76009000011324,-34.15497299346176,-9.899575630362623,-1454.3795088278825,-46.15740281929607
584315.0,0.9919,1.7829,10.2021,0.0192,-0.0392,9.8065,0.0456,0.1063,0.0131,259.72,-87.9,135.47,53.055206,-1.797364,9.96,4,114.52,18 / 19,43.3881475401143,6.353872369486411,1.2507004000000341,1631.4831079728608,446.6201398106582,26.984712990786146,False,65.20100000000002,9.405640378423588,-5.076504205110751,173.6771644256674,399.2633976955002,10.688369444439758,118.35649999989796,-33.98250716169072,-11.430376574597162,-1457.8059435471935,-47.356742115158
584415.0,1.5891,0.2962,9.9684,0.0151,-0.0002,9.8066,0.105,0.0368,-0.0048,269.8,-87.69,143.25,53.055206,-1.797364,9.96,4,114.52,18 / 19,43.259067895279735,6.463000745235028,1.2785604000000088,1635.8154687446265,447.26098346639367,27.111176030786034,False,65.30099999999993,9.553550154055406,-4.4256630722385335,174.63964472837685,398.84018980530345,10.528886111105354,114.8555899999597,-33.70551774122433,-10.888663817473562,-1461.1758240162496,-48.420793661090215
584514.0,-1.0318,-2.7193,10.3051,-0.0393,-0.0582,9.8063,0.0071,0.2572,-0.2216,274.81,-87.58,148.69,53.055206,-1.797364,9.96,4,114.52,19 / 21,43.35641352664105,6.478585580754528,1.3112403000000241,1640.1029350750136,447.90159198953046,27.239371165436097,False,65.39999999999998,9.619524061190676,-4.733601197069868,175.59250022807714,398.355824704738,10.721111111108241,116.20099999997991,-33.736889465450375,-11.212186777824396,-1464.5104348469365,-49.545767284792475
584616.0,0.008,-0.7113,9.525,-0.0004,0.0033,9.8066,-0.0395,0.1878,-0.0837,277.03,-87.85,152.98,53.055206,-1.797364,9.96,4,114.52,19 / 21,43.50811888064575,6.4107600304929155,1.3222971000000214,1644.5330262277841,448.5589486157039,27.373681572836066,False,65.50199999999995,9.37448502385701,-4.844942225361222,176.54081068190408,397.8578938224303,10.552627777777772,117.33106000000042,-34.13363385678874,-11.255702255854137,-1467.99221554588,-50.70105479327361
584715.0,0.6134,0.9007,9.4595,0.0181,-0.0062,9.8066,-0.0217,0.0386,0.1115,266.45,-87.69,142.85,53.055206,-1.797364,9.96,4,114.52,19 / 21,43.479233412614384,6.4333755375859285,1.291171500000007,1648.8389001663024,449.1947333263241,27.503048268536126,False,65.601,9.590154616842428,-4.490246581904356,177.49379985945043,397.42801423682926,10.589319444449156,115.08938000001378,-33.88907879577196,-10.923622119490284,-1471.345100306852,-51.76671908949487
584814.0,1.0223,3.5294,8.588,-0.0105,-0.0543,9.8064,-0.0739,0.3567,-0.2306,277.29,-87.68,153.71,53.055206,-1.797364,9.96,4,114.52,19 / 21,43.248484404350215,6.532310588647235,1.2136644000000598,1653.1319221982392,449.8365347895722,27.627037645586046,False,65.69999999999993,9.801594159761919,-4.784369241748261,178.45988946331644,396.943649136264,10.906944444438476,116.0180000000355,-33.446890244588296,-11.316679830395497,-1474.6720327349228,-52.89288565330821
584914.0,-2.1369,-0.022,9.2435,0.0089,-0.0597,9.8064,-0.0972,0.1399,-0.0652,286.85,-87.34,160.94,53.055206,-1.797364,9.96,4,114.52,19 / 21,43.0324219942272,6.504993317812947,1.1245744000000395,1657.445967518169,450.4883999848954,27.743949585586076,False,65.79999999999995,9.508313332175442,-4.9006732215928,179.4090019839872,396.4432719658286,10.69694444445065,117.26699999996308,-33.52410866205176,-11.405666539405747,-1478.036965534182,-54.045128019066794
585014.0,0.5962,3.0913,10.6596,-0.0423,-0.064,9.8063,0.1557,0.3816,-0.1874,288.69,-87.34,164.86,53.055206,-1.797364,9.96,4,114.52,19 / 21,42.848299287962945,6.484098817376202,1.1390644000000427,1661.7400035822795,451.137854591655,27.857131525586105,False,65.89999999999998,9.556433950081734,-5.204928918788429,180.3647983957604,395.90953631808094,10.881944444441709,118.57499999998068,-33.29186533788121,-11.68902773616463,-1481.3752051865192,-55.228318273574075
585114.0,3.8027,1.3131,8.6754,-0.001,0.0516,9.8065,0.0741,-0.4213,0.3071,291.12,-87.1,167.75,53.055206,-1.797364,9.96,4,114.52,19 / 21,42.70151926425165,6.767444114664059,1.1251494000000395,1666.0174945098913,451.8004317382572,27.970342215586136,False,66.0,9.599316542992783,-4.843287235323218,181.33396258946792,395.4425176262998,10.751944444444444,116.773,-33.10220272125887,-11.610731349987276,-1484.6835319204233,-56.35791411195743
585214.0,1.7684,2.0789,9.5603,-0.0325,0.0273,9.8065,-0.0836,-0.1597,0.0331,285.65,-87.5,162.34,53.055206,-1.797364,9.96,4,114.52,19 / 21,42.61526258125656,7.085742532449128,1.056269400000024,1670.2833336021677,452.49309107061305,28.079413155586163,False,66.10000000000002,9.972133680213144,-4.614532994345081,182.3365462381572,395.0088574117955,10.98805555555405,114.83200000002476,-32.64312890104341,-11.700275526794208,-1487.9467873640106,-57.48423365881757
585314.0,0.4187,2.1503,9.4296,0.0337,0.0885,9.8062,0.027,-0.57,0.3492,283.29,-87.88,161.14,53.055206,-1.797364,9.96,4,114.52,19 / 21,42.421662104302854,7.246923790944332,1.0250994000000524,1674.5351798364418,453.20972438678206,28.183481595586073,False,66.19999999999993,9.741676587332629,-4.85871921306967,183.30571043189042,394.49736074960435,10.88611111111966,116.50800000006699,-32.67998551697023,-12.105643004014002,-1491.2294694045513,-58.7123636371777
585414.0,-1.7386,-4.0347,10.5992,0.0154,0.0478,9.8064,0.1336,-0.4467,0.2383,271.23,-87.72,147.57,53.055206,-1.797364,9.96,4,114.52,19 / 21,42.50399152334563,7.201454588961937,1.0458744000000573,1678.7814625178253,453.9321433057775,28.287030285586102,False,66.29999999999995,9.797073813424808,-5.400469488589606,184.27487462552767,393.93026662391264,11.186944444435552,118.86499999993032,-32.70691770992082,-12.601924077551544,-1494.5065878922976,-60.00187668186487
585515.0,1.9625,2.5501,10.7562,0.0324,0.0208,9.8065,0.0217,-0.0546,0.0044,273.99,-87.36,151.12,53.055206,-1.797364,9.96,4,114.52,19 / 20,42.56630258968945,7.216363695339306,1.1338504500000566,1683.0775123705334,454.6602431291347,28.397106390511105,False,66.40099999999995,9.749853416110945,-5.45097655488579,185.25373046122542,393.38051890626326,11.170244444448624,119.2082900000308,-32.816449173578505,-12.667340250225095,-1497.823781909308,-61.27972422287144
585615.0,-4.4503,-3.03,11.4459,0.0367,0.0445,9.8064,0.0752,-0.5831,0.3564,271.78,-87.35,151.02,53.055206,-1.797364,9.96,4,114.52,19 / 20,42.57268411445632,7.095337260340851,1.263290450000086,1687.3344617057417,455.37582817691884,28.51696343551114,False,66.50099999999998,9.691250907378384,-4.974613001550765,186.22289465493338,392.89081644992064,10.893474999999986,117.17167999999988,-32.88143320707794,-12.069950261891616,-1501.1115670508084,-62.48501172699821
585715.0,-0.8853,-2.2719,10.0194,0.0153,-0.0405,9.8065,0.071,0.2727,-0.2195,281.79,-87.25,156.27,53.055206,-1.797364,9.96,4,114.52,19 / 20,42.80164774576507,6.802218023306029,1.3558904500001072,1691.6031782987536,456.0707059411013,28.64792248051118,False,66.601,9.70396595250018,-5.2768340540119105,187.19199200975783,392.356858412316,11.045919444445795,118.53643000001532,-33.09768179326488,-12.07905207731794,-1504.4111862889959,-63.71384752878532
585815.0,-1.0628,-2.1125,9.7457,0.0444,-0.0036,9.8065,0.0209,-0.1205,0.1767,282.96,-86.7,160.72,53.055206,-1.797364,9.96,4,114.52,19 / 20,42.97718292299305,6.662467991705536,1.363480450000109,1695.8921198321925,456.74394024185204,28.783891025511224,False,66.70100000000002,9.687266149978768,-5.492797742591712,188.1546059903307,391.80143975363893,11.13619444444229,119.55365999995591,-33.28991677301428,-12.155265734297249,-1507.7375138418618,-64.94250048821311
585915.0,-0.0986,0.1247,8.9384,-0.0294,0.0055,9.8066,-0.043,0.1041,-0.1634,285.79,-86.79,163.4,53.055206,-1.797364,9.96,4,114.52,19 / 20,43.0433170977174,6.586825438810416,1.3170204500001512,1700.193144833224,457.40640491337723,28.917916070511115,False,66.80099999999993,9.765398286694746,-5.202746221466745,189.13058775276727,391.30028421872925,11.064905555546776,118.04718999996385,-33.27791881102265,-11.789571660277161,-1511.0625570804568,-66.10612069464798
586015.0,0.1661,1.3853,9.9817,-0.0136,0.0303,9.8066,0.0303,0.0219,-0.1313,283.43,-87.15,158.29,53.055206,-1.797364,9.96,4,114.52,19 / 20,42.95300293914862,6.610895229532507,1.2823604500001433,1704.4929608350683,458.06629094679454,29.04788511551116,False,66.90099999999995,9.908743839283927,-5.5469804519705805,190.11973678055983,390.72296015998455,11.35574444444788,119.24011000002066,-33.04425909986469,-12.157875681503088,-1514.3732240545085,-67.34333078680999
586115.0,-0.4857,2.6409,9.0363,-0.0414,-0.0087,9.8065,-0.0306,0.1351,-0.1336,274.9,-87.19,152.83,53.055206,-1.797364,9.96,4,114.52,19 / 20,42.73623760135194,6.623414908349022,1.2525954500001366,1708.7774228620942,458.72800645368875,29.174632910511203,False,67.00099999999998,9.836621371596951,-5.2025380031587956,191.1022687562816,390.23303531378633,11.12770555555555,117.87406999999992,-32.89961622975498,-11.825952911507818,-1517.6751541058127,-68.49497113990242
586215.0,1.7442,-0.5907,10.4294,-0.0356,0.0033,9.8066,0.0327,0.1546,-0.1487,273.87,-87.43,151.14,53.055206,-1.797364,9.96,4,114.52,19 / 20,42.62017499307623,6.695308324009618,1.245215450000135,1713.0452434918166,459.39394261530686,29.299523455511245,False,67.101,9.817923062497444,-5.390953748382015,192.0845333763633,389.6773942652522,11.20062499999643,118.77085999999834,-32.80225193057879,-12.086262072391634,-1520.9607101154534,-69.71654835005467
586314.0,-0.8349,-2.2337,9.3991,-0.0288,-0.018,9.8065,-0.1068,0.3171,-0.2133,263.4,-87.32,140.95,53.055206,-1.797364,9.96,4,114.52,19 / 20,42.752340218342034,6.749171397126975,1.2558678500001277,1717.2711829947789,460.05944436150264,29.423327078861174,False,67.19999999999993,9.617377534397951,-5.256201038870687,193.03077182399238,389.16000427078166,10.960000000007675,118.65800000001984,-33.13496268394408,-12.005372435997662,-1524.2404111707865,-70.89944009072099
586414.0,0.9971,0.6507,10.4788,-0.0385,-0.0556,9.8064,0.0329,0.3575,-0.1955,262.12,-87.61,142.04,53.055206,-1.797364,9.96,4,114.52,19 / 20,42.811647499523254,6.761678236345994,1.2690978500001309,1721.549382380673,460.73498684317644,29.549575363861216,False,67.29999999999995,9.787961777764268,-5.505334162141835,194.0066199086627,388.6040296375147,11.229999999992017,119.35599999997936,-33.02368572175899,-12.267012398487829,-1527.5427624720103,-72.13095720566173
586514.0,-3.0161,-3.2162,11.005,-0.0021,-0.0135,9.8066,0.1425,0.0369,0.0311,263.71,-87.39,140.89,53.054863,-1.796126,10.58,4,113.38,19 / 20,42.93156656403139,6.670585113595372,1.3626228500001523,1725.8365430838517,461.4066000106737,29.68116139886126,False,67.39999999999998,9.932671985138272,-5.0132200921633085,195.01588744833197,388.114771960174,11.126111111112646,116.78100000003806,-32.99889457889312,-11.68380520575868,-1530.8206556355196,-73.2918280504997
586614.0,-2.3759,0.803,10.2026,-0.0215,-0.0589,9.8064,-0.0323,0.1739,-0.2273,267.18,-87.19,145.12,53.054863,-1.796126,10.58,4,113.38,19 / 20,43.05614990099743,6.414713821720338,1.4423378500001705,1730.135928907104,462.0608649574396,29.82140943386131,False,67.5,9.881962245839143,-5.008852282125667,195.998419424001,387.61439479040973,11.078888888888889,116.879,-33.17418765515829,-11.423566103846005,-1534.137509483103,-74.44647016702987
586714.0,-2.4549,-1.8238,11.1399,0.0307,0.0039,9.8066,0.0965,-0.1785,0.2504,265.15,-86.84,143.85,53.054863,-1.796126,10.58,4,113.38,19 / 20,43.10556905453234,6.176745207126641,1.5287978500001902,1734.4440148548815,462.6904379088821,29.969966218861362,False,67.60000000000002,9.48204147748684,-5.4566005368981685,196.93416416280715,387.05842015710283,10.940000000002705,119.91899999997989,-33.6235275770455,-11.633345744024808,-1537.5098506920745,-75.63201775177924
586814.0,2.5859,1.794,9.4724,-0.0578,-0.0566,9.8063,0.004,0.1662,-0.2179,276.0,-87.06,151.07,53.054863,-1.796126,10.58,4,113.38,19 / 20,43.11346889300993,6.198730739462018,1.5787478500001448,1738.7549667522546,463.30921170621093,30.125343503861238,False,67.69999999999993,9.769753862521938,-5.317355955517054,197.9166961385269,386.5358040024861,11.123055555553872,118.55800000004668,-33.34371503048799,-11.516086694979073,-1540.8382706137277,-76.77340770372484
586914.0,1.2971,3.0401,7.9524,-0.0274,0.0126,9.8065,0.1074,-0.49,0.2544,272.63,-87.08,152.74,53.054863,-1.796126,10.58,4,113.38,19 / 20,42.8711340197418,6.408226660217173,1.46932285000012,1743.0541968978932,463.93955957619505,30.277747038861285,False,67.79999999999995,9.56224037828837,-5.565356798404409,198.86580865917108,385.9575903829549,11.063888888890638,120.19999999995147,-33.30889364145343,-11.973583458621583,-1544.1883882387222,-77.98196919324016
587014.0,0.8476,1.9554,6.9835,-0.0499,0.012,9.8065,-0.1039,-0.1916,0.1883,281.5,-87.61,158.02,53.054863,-1.796126,10.58,4,113.38,19 / 20,42.61718975333857,6.541632426750393,1.235452850000067,1747.3286130865483,464.5870525305436,30.412985823861327,False,67.89999999999998,9.831042732526983,-5.099629770014727,199.8750761988661,385.4683327063207,11.074999999999836,117.41700000004113,-32.78614702081159,-11.641262196765119,-1547.4535368876823,-79.11871982422286
587114.0,3.2494,4.1549,9.2399,-0.0237,0.0851,9.8062,-0.0798,-0.5394,0.3439,282.25,-88.09,162.66,53.054863,-1.796126,10.58,4,113.38,19 / 20,42.343634195861995,6.8076158999658265,1.0659578500000286,1751.5766542840092,465.25451494687957,30.528056358861356,False,68.0,9.725677294226221,-5.247690726281035,200.8308726106137,384.93459705786535,11.05111111111111,118.35,-32.61795690163577,-12.05530662624686,-1550.7457816733954,-80.31991788901422
587217.0,-3.4159,-3.1369,8.6714,-0.0034,0.0537,9.8065,0.049,-0.4407,0.3244,278.13,-88.75,156.72,53.054863,-1.796126,10.58,4,113.38,19 / 20,42.28685437598474,6.821192935986517,0.9783048500000697,1755.9351244454574,465.9563986019308,30.63333588791131,False,68.10299999999995,9.698203709222026,-4.640156225986008,201.8361966546245,384.48659269925037,10.751119444446866,115.5687600000086,-32.58865066676271,-11.461349161972525,-1554.098927790833,-81.46980590268043
587315.0,0.1863,3.2569,9.0214,0.0439,0.0431,9.8064,-0.0375,-0.1326,0.1081,274.95,-88.45,154.46,53.054863,-1.796126,10.58,4,113.38,19 / 20,42.239728512166465,6.657075998603111,0.8842003500000025,1760.0769270069798,466.61683377972616,30.72459864271138,False,68.20100000000002,9.795102309686817,-4.81212858665766,202.79887747404985,384.01735010916013,10.913394444445418,116.16386000005996,-32.44462620247965,-11.469204585260771,-1557.2780495329298,-82.59948367056603
587415.0,-1.9355,-2.1247,11.3061,-0.0046,0.0456,9.8065,0.0707,-0.3861,0.2607,284.72,-88.44,158.99,53.054863,-1.796126,10.58,4,113.38,19 / 20,42.13879760842741,6.561292264570557,0.9199103499999701,1764.2958533130056,467.27775219288424,30.8148041777113,False,68.30099999999993,9.64487331175123,-5.175931501601771,203.76129093782367,383.47305094295206,10.945963888891797,118.2202000000261,-32.493924296676184,-11.737223766172328,-1560.5345623751818,-83.80470124993218
587515.0,-0.1226,0.3328,11.6113,0.0465,-0.0097,9.8065,0.0837,0.12,-0.0367,293.04,-88.24,169.63,53.054863,-1.796126,10.58,4,113.38,19 / 21,42.18202337770665,6.445809850054231,1.0851153500000077,1768.5118943623133,467.9281072986156,30.91505546271132,False,68.40099999999995,9.637359427439321,-4.982960720913608,204.71728786632593,382.9839044605444,10.84936944444373,117.34109000001176,-32.54466395026733,-11.428770570967838,-1563.7946064959874,-84.94420283807119
587615.0,-0.2961,-3.0142,10.114,0.0514,-0.008,9.8064,0.116,-0.2483,0.0989,292.73,-87.35,168.55,53.054863,-1.796126,10.58,4,113.38,19 / 21,42.28066929463743,6.380238888704672,1.1907153500000318,1772.7350289959315,468.5694097355537,31.028846997711348,False,68.50099999999998,9.742702429366007,-4.871095356852761,205.69253440082537,382.5057662763245,10.892563888888928,116.56408999999995,-32.53796686527142,-11.251334245557434,-1567.0424945951063,-86.06364345922918
587714.0,0.3191,-1.9319,9.2425,-0.0187,-0.053,9.8065,-0.203,0.3136,-0.1607,295.17,-87.1,171.3,53.054863,-1.796126,10.58,4,113.38,19 / 21,42.48923717381411,6.288394295742652,1.178003750000026,1776.931139366122,469.19650707818414,31.146098593161405,False,68.60000000000002,9.305058987658711,-4.775377893571605,206.59907053597902,382.0324094725593,10.458888888893561,117.16700000001676,-33.1841781861554,-11.063772189314257,-1570.3320688301428,-87.16409760562482
587815.0,1.1457,1.8771,8.2639,-0.0293,0.0228,9.8065,-0.1959,0.2157,-0.0972,299.06,-87.62,173.99,53.054863,-1.796126,10.58,4,113.38,19 / 21,42.5129966342964,6.364845515410534,1.071605300000027,1781.2237521734314,469.83549568864737,31.259703850186405,False,68.70100000000002,9.48680226359429,-5.102441145457171,207.56435807290606,381.49444841760766,10.772049999991522,118.2726399999185,-33.02619437070211,-11.467286660867705,-1573.6593941005253,-88.34104727103971
587914.0,-1.1584,-0.5896,10.5091,-0.0328,-0.0261,9.8065,0.0035,0.1061,-0.0986,292.74,-88.29,169.23,53.054863,-1.796126,10.58,4,113.38,19 / 21,42.447649235099476,6.401640447957044,1.0300104500000553,1785.4293041439637,470.4674367438336,31.363733829811338,False,68.79999999999995,9.461848090039089,-4.50597722155785,208.50397946842187,381.07613310418225,10.48000000000872,115.46500000008383,-32.985801145060385,-10.907617669514895,-1576.9253246755418,-89.39130363965137
588014.0,0.2187,0.7225,9.9519,0.0035,-0.0758,9.8063,0.0212,0.214,-0.117,296.6,-88.13,173.33,53.054863,-1.796126,10.58,4,113.38,19 / 21,42.40830387359322,6.368746769672802,1.072395450000065,1789.6721017993993,471.10595610471523,31.46885412481137,False,68.89999999999998,9.72928650255537,-4.368433260464757,209.49319533512298,380.6424728896794,10.664999999997265,114.18000000001899,-32.67901737103785,-10.737180030137559,-1580.1789064642765,-90.46348321503581
588114.0,1.2675,-0.0975,10.2705,0.0546,0.0093,9.8064,-0.0265,-0.1436,0.0364,293.69,-87.79,168.59,53.054863,-1.796126,10.58,4,113.38,19 / 21,42.394132474915914,6.456882286964786,1.102850450000072,1793.9122236168257,471.74723755754724,31.5776164198114,False,69.0,9.497070305952612,-4.82814706285789,210.43562396488298,380.13097622749046,10.653888888888888,116.948,-32.8970621689633,-11.285029349822675,-1583.4765996519427,-91.61626133005677
588214.0,0.02,0.6855,9.7486,-0.0176,0.0323,9.8065,-0.1321,-0.1529,0.0846,281.07,-87.7,157.35,53.054863,-1.796126,10.58,4,113.38,19 / 21,42.373348524571306,6.524294121777748,1.1231404500000766,1798.150597666801,472.3962963779845,31.688915964811432,False,69.10000000000002,9.341108002068687,-4.431289287619395,211.3713687036356,379.6973160136938,10.338888888893354,115.37900000001397,-33.03224052250262,-10.955583409397143,-1586.7792289631655,-92.69898036429072
588314.0,0.196,-0.4728,9.2386,-0.0217,0.0575,9.8064,-0.1614,-0.1027,0.123,270.0,-88.34,149.82,53.054863,-1.796126,10.58,4,113.38,19 / 21,42.345845337381554,6.541805823608424,1.091835450000105,1802.3865573598948,473.04960137525325,31.79966475981134,False,69.19999999999993,9.53763596031618,-4.718765301154905,212.32716511538095,379.2080583370642,10.641111111105852,116.32399999997871,-32.808209377065374,-11.260571124763329,-1590.059392244514,-93.84154303818906
588414.0,-1.4624,0.585,10.0172,0.0015,0.0231,9.8066,-0.0056,-0.1002,0.0133,248.95,-88.6,122.73,53.054863,-1.796126,10.58,4,113.38,19 / 21,42.351610495153665,6.468164680225092,1.0739604500001012,1806.6214301515226,473.7000999004451,31.907954554811376,False,69.29999999999995,9.431631523735536,-4.513821703223682,213.26959374504514,378.7632786301677,10.456111111116579,115.57500000002214,-32.91997897141813,-10.981986383448774,-1593.3518364064776,-94.93682127027739
588514.0,-1.2083,-0.2169,10.8649,0.038,-0.0041,9.8065,0.1557,-0.2411,0.1249,256.28,-88.19,131.21,53.054863,-1.796126,10.58,4,113.38,19 / 20,42.359038655901834,6.326526432079819,1.1374004500001158,1810.8569626090764,474.3398344560605,32.01852259981141,False,69.39999999999998,9.418632865539376,-4.464240367452141,214.2053384838508,378.31849892394627,10.423055555556045,115.36000000000318,-32.94040579036246,-10.79076679953196,-1596.6516241252257,-96.02133553211422
588615.0,-0.4818,-0.965,11.7867,0.0556,-0.0204,9.8064,0.1343,-0.2121,0.0691,271.6,-87.72,145.13,53.054863,-1.796126,10.58,4,113.38,19 / 20,42.41472071521794,6.2407338539695205,1.2908346000001145,1815.138037457318,474.97448110050595,32.14114846983642,False,69.50099999999998,9.432534543612235,-4.245237684493912,215.15732507772753,377.8913992098749,10.343844444444429,114.2305699999999,-32.982186171605704,-10.485971538463431,-1599.9807123795904,-97.08308189063104
588714.0,0.7421,0.0222,9.8102,0.0209,-0.0255,9.8065,0.1274,-0.0553,0.0364,277.92,-87.29,152.38,53.054863,-1.796126,10.58,4,113.38,19 / 20,42.448200183647735,6.252005739206274,1.3890228000001605,1819.338752041814,475.59287171036846,32.273801411136496,False,69.60000000000002,9.523553199774998,-4.497086638253398,216.10356352538375,377.44005900251375,10.531944444446234,115.27699999999642,-32.924646983872734,-10.749092377459672,-1603.23518851643,-98.15281270785471
588814.0,0.1956,0.2909,8.4768,0.0043,0.009,9.8066,-0.0055,0.009,-0.0053,281.65,-86.93,156.93,53.054863,-1.796126,10.58,4,113.38,19 / 20,42.42223156695537,6.3028918452721525,1.322707800000221,1823.5822736293403,476.2206165895918,32.409387941136394,False,69.69999999999993,9.652195181793681,-4.508072852363304,217.0794116100433,376.9730403107351,10.653055555551008,115.03499999999471,-32.77003638516169,-10.810964697635455,-1606.502862019297,-99.24757627885674
588914.0,1.0981,0.2504,9.1165,-0.0257,0.03,9.8065,-0.2295,0.1538,-0.0613,279.8,-87.29,156.17,53.054863,-1.796126,10.58,4,113.38,19 / 20,42.389277073421724,6.373399843911363,1.2217078000001982,1827.82284906136,476.8544311740512,32.536608721136446,False,69.79999999999995,9.521591960708895,-4.409478588885341,218.02184023978722,376.53938009697083,10.493055555560284,114.8490000000055,-32.86768511271283,-10.782878432796704,-1609.8010088215729,-100.31505107708034
589014.0,-1.7678,4.2259,7.9868,-0.0338,0.0134,9.8065,-0.2454,-0.0142,-0.0097,268.37,-88.03,144.0,53.054863,-1.796126,10.58,4,113.38,19 / 20,42.15989930076848,6.334971596726048,1.0962078000001698,1832.0503078800705,477.48984974608317,32.65250450113649,False,69.89999999999998,9.756344055769876,-4.4152068920882135,218.99768832452762,376.09460039004233,10.708888888885697,114.3490000000074,-32.4035552449986,-10.75017848881426,-1613.0526195555428,-101.39524935604084
589114.0,-0.2296,2.6644,10.9513,0.0078,-0.0218,9.8066,-0.0177,0.5266,-0.2111,262.95,-88.41,139.43,53.054863,-1.796126,10.58,4,113.38,19 / 20,41.80287677963204,6.209964599717629,1.0624478000001623,1836.2484466840915,478.1170965559055,32.76043728113653,False,70.0,9.606610408720888,-4.453942563200614,219.95348473624816,375.6498206838208,10.588888888888889,114.874,-32.19626637091115,-10.663907162918242,-1616.2949619478434,-102.46727587208471
589214.0,2.1022,3.9172,9.9077,0.0405,-0.0666,9.8063,-0.07,0.4688,-0.2767,266.28,-88.14,141.59,53.054863,-1.796126,10.58,4,113.38,19 / 20,41.45232617167256,6.271181794492464,1.1247328000001764,1840.4112068316576,478.74115387561613,32.869796311136575,False,70.10000000000002,9.551847585900804,-4.316638394885101,220.90259725701503,375.2272799631579,10.481944444447105,114.31899999998852,-31.900478585771758,-10.587820189377565,-1619.5086095746426,-103.51387391245822
589314.0,-1.5146,-3.4596,11.0578,-0.0086,-0.0885,9.8062,-0.05,0.1547,-0.1163,266.08,-87.79,139.25,53.054863,-1.796126,10.58,4,113.38,19 / 20,41.410243014458864,6.296893150346338,1.192342800000115,1844.5543352909604,479.3695576228575,32.985650091136485,False,70.19999999999993,9.774524470008624,-4.258606664353895,221.88512923273552,374.80473924107963,10.661944444447201,113.54200000003775,-31.635718544450242,-10.555499814700234,-1622.6692060582247,-104.56481838177785
589414.0,-1.5469,-3.1782,10.9182,-0.0598,-0.0849,9.8061,-0.0783,0.4723,-0.2222,282.63,-88.09,157.0,53.054863,-1.796126,10.58,4,113.38,19 / 20,41.708553401906244,6.122732052079605,1.310477800000142,1848.7102751117795,479.9905388829789,33.11079112113653,False,70.29999999999995,9.761156267602953,-4.524767225264617,222.86097731740588,374.3377205493335,10.758888888886023,114.86999999996075,-31.94739713430329,-10.647499277344222,-1625.8492977943736,-105.65281833364543
589514.0,-3.9034,-1.6656,10.5836,-0.0251,0.0094,9.8065,-0.0114,-0.3545,0.1503,277.49,-88.56,150.78,53.054863,-1.796126,10.58,4,113.38,18 / 20,41.88613897842631,5.809702431795538,1.4049028000001635,1852.8900097307971,480.5871606071728,33.24656015113658,False,70.39999999999998,9.846186450688048,-4.251851053164568,223.84350929307433,373.9151798272547,10.7250000000005,113.35600000002238,-32.039952527738265,-10.061553484960106,-1629.046500437723,-106.6719807799181
589614.0,-1.2698,1.0296,9.5809,-0.0209,-0.0406,9.8065,0.0871,0.0138,0.0361,287.09,-88.88,159.55,53.054863,-1.796126,10.58,4,113.38,18 / 20,41.85782457262195,5.562016422236569,1.4324628000001698,1857.0772079083506,481.15574654987455,33.388428431136624,False,70.5,9.824209684792118,-4.54858064228394,224.81935737778923,373.45928062931534,10.82611111111111,114.844,-32.033614887829835,-10.110597064520508,-1632.2578505305614,-107.6964659205592
589714.0,2.9026,0.5577,7.9094,0.0493,0.0222,9.8064,0.2187,-0.3035,0.148,291.92,-88.39,163.19,53.054863,-1.796126,10.58,4,113.38,18 / 20,41.801065876600575,5.665940334557251,1.3263128000001456,1861.2601524308127,481.71714438771437,33.52636721113667,False,70.60000000000002,9.940769251602369,-4.756207174452603,225.8085732444914,372.9700229512702,11.019999999996305,115.56899999997951,-31.860296624998206,-10.422147509009854,-1635.4515791863214,-108.74712143644416
589814.0,0.5431,0.5635,8.7893,0.0221,-0.0128,9.8066,-0.0485,-0.1229,0.0349,293.67,-87.97,168.04,53.054863,-1.796126,10.58,4,113.38,18 / 20,41.79753898506676,5.852588267452492,1.1805828000002783,1865.4400826738922,482.29307081781434,33.65171199113658,False,70.69999999999993,9.824920139039937,-4.411784702546367,226.79110522021264,372.5474822306069,10.770000000006252,114.18199999999736,-31.97261884602682,-10.26437296999886,-1638.6489774536797,-109.74558858720746
589914.0,-0.8283,1.1433,9.2105,-0.0128,0.0238,9.8065,0.0057,0.0177,-0.0146,296.69,-87.98,168.29,53.054863,-1.796126,10.58,4,113.38,18 / 20,41.6962703072774,5.883561191792409,1.09990780000026,1869.6147731385104,482.87987829077673,33.76573652113663,False,70.79999999999995,10.032908970984689,-4.485625662022191,227.79368886882946,372.09158303057825,10.989999999993497,114.08900000000274,-31.663361336292713,-10.3691868538146,-1641.8210842696808,-110.78829526019848
590014.0,-0.8271,-0.5334,10.009,-0.0255,-0.0277,9.8066,-0.0061,-0.2296,0.1278,301.57,-88.11,172.7,53.054863,-1.796126,10.58,4,113.38,18 / 20,41.61144644917049,5.830285996576105,1.0802178000002556,1873.7801589763337,483.4655706501953,33.874742801136684,False,70.89999999999998,10.105941975328179,-4.518278078125978,228.80295640849948,371.63568383263845,11.069999999998815,114.089,-31.505504473842308,-10.348564074702082,-1644.9772025678342,-111.82988681755683
590114.0,-0.3711,0.0231,9.7109,-0.001,-0.0075,9.8066,-0.0555,0.1785,-0.0698,312.81,-88.35,-176.56,53.054863,-1.796126,10.58,4,113.38,18 / 20,41.58407718364554,5.777675025046385,1.085547800000257,1877.9399351579755,484.04596870127654,33.98303108113674,False,71.0,10.110309789571305,-4.772214995041471,229.81222394814313,371.1464261538855,11.180000000000001,115.268,-31.473767394074237,-10.549890020087856,-1648.1277112098323,-112.89954254739104
590214.0,-1.1684,0.2592,10.5896,0.0071,0.0001,9.8065,0.0088,-0.018,-0.0203,306.05,-88.29,179.24,53.054863,-1.796126,10.58,4,113.38,18 / 20,41.51111255532521,5.735264699916286,1.119907800000265,1882.0946946449249,484.6216156875248,34.09330386113679,False,71.10000000000002,10.17352334734368,-4.373835596424739,230.83485926982732,370.7127659407965,11.073888888890826,113.26400000001514,-31.33758920798153,-10.109100296341024,-1651.2598353750975,-113.90884974672832
590314.0,-0.8123,0.112,10.0173,0.0568,0.0477,9.8063,0.082,-0.0409,-0.1722,287.12,-87.9,161.85,53.054863,-1.796126,10.58,4,113.38,18 / 20,41.43263158696846,5.66492952781918,1.1695878000002198,1886.2418818520357,485.19162539891107,34.207778641136706,False,71.19999999999993,10.213158778469873,-4.609057687386515,231.85081070050362,370.2457472490188,11.204999999995453,114.28899999993784,-31.219472808498587,-10.273987215205695,-1654.391071151532,-114.94587814989228
590414.0,-0.3309,-0.4777,9.5926,0.0653,0.024,9.8064,0.0433,-0.128,0.0386,278.96,-87.32,150.54,53.054863,-1.796126,10.58,4,113.38,18 / 20,41.41877614994376,5.610164372372372,1.1694178000002198,1890.3844522388822,485.7553800939208,34.32472892113675,False,71.29999999999995,10.233363671025986,-4.155754200698677,232.87344602208688,369.8454455132363,11.045000000004729,112.10200000006465,-31.185412478917776,-9.76591857307105,-1657.5110062167953,-115.90993458068448
590514.0,-2.1613,0.5044,8.5455,0.0141,0.0565,9.8064,0.0677,0.113,-0.0924,275.61,-87.18,148.41,53.054863,-1.796126,10.58,4,113.38,17 / 20,41.38636923882378,5.48571187689173,1.095657800000203,1894.5247095083216,486.31017390638414,34.4379827011368,False,71.39999999999998,10.387661418825227,-4.425571191521385,233.916133016712,369.3895463131762,11.291111111107474,113.0759999999856,-30.998707819998558,-9.911283068413116,-1660.6085764916097,-116.92062759320794
590614.0,2.3398,3.83,8.5135,-0.0406,0.0144,9.8065,-0.0698,0.2323,-0.1735,262.26,-87.01,135.28,53.054863,-1.796126,10.58,4,113.38,17 / 20,41.127634274303304,5.468881308771771,0.9679428000001742,1898.650409683979,486.8579035656674,34.541162731136836,False,71.5,10.318775618617845,-4.7417432765301735,234.93876833836995,368.9002886365452,11.35611111111111,114.68,-30.80885865568546,-10.210624585301945,-1663.711641345609,-117.9576149291222
590714.0,-4.6109,-3.4443,10.1565,-0.0596,0.0283,9.8064,-0.02,-0.1939,0.0619,262.75,-87.55,136.66,53.054863,-1.796126,10.58,4,113.38,17 / 20,41.10469897794086,5.348183414645011,0.9207778000001635,1902.7620263465922,487.3987568018384,34.635598761136876,False,71.60000000000002,10.476345814891385,-4.665026965856115,235.98813922402925,368.43326994476445,11.468055555557697,114.0030000000173,-30.62835316304948,-10.013210380501127,-1666.7738871225629,-118.96548685707393
590814.0,-0.6201,2.5364,9.316,-0.012,-0.0354,9.8066,-0.018,0.1119,-0.0098,254.88,-87.91,127.7,53.054863,-1.796126,10.58,4,113.38,17 / 20,41.173257350038014,5.073243265632756,0.91373780000017,1906.8759241629873,487.9198281358518,34.72732454113681,False,71.69999999999993,10.510135748833024,-4.939646331212919,237.03751010963362,367.92177328186756,11.613055555553164,115.17300000002692,-30.663121601204992,-10.012889596845675,-1669.8384140533537,-119.99805485398423
590914.0,1.0787,3.7375,10.9662,0.0364,0.0041,9.8065,0.0456,-0.5862,0.3585,264.42,-87.74,134.99,53.054863,-1.796126,10.58,4,113.38,17 / 20,40.850597662185024,5.041034039928178,0.9471828000001777,1910.9771169135993,488.42554200112994,34.82037057113685,False,71.79999999999995,10.351489043969798,-5.075623467612151,238.0668293221969,367.41027661971475,11.528888888891377,116.11999999997201,-30.499108618215224,-10.116657507540328,-1672.9102875914023,-121.01526538141519
591014.0,-1.0289,0.9458,10.2996,0.0171,-0.04,9.8065,0.2992,-0.4037,0.3319,279.83,-87.66,152.61,53.054863,-1.796126,10.58,4,113.38,17 / 20,40.58638715448391,5.0330267144703225,1.0298078000001967,1915.0489661544336,488.92924503884996,34.91922010113689,False,71.89999999999998,10.528008608382784,-4.843901363653945,239.12288409880924,366.94325792793325,11.588888888888002,114.70700000002088,-30.058378546101125,-9.876928078124267,-1675.9260820556244,-121.98598711091671
591114.0,3.0787,4.9752,10.1287,0.0627,0.0388,9.8063,0.1081,-0.4866,0.2787,296.68,-86.95,168.47,53.054863,-1.796126,10.58,4,113.38,17 / 20,40.36072767703223,5.243668401402421,1.070557800000206,1919.0963218960103,489.4430797946437,35.02423838113693,False,72.0,10.662072601538446,-4.5312727615453925,240.1923066574097,366.4984782202968,11.585,113.025,-29.698655075493782,-9.774941162947814,-1678.9040152386006,-122.9446015743469
591214.0,0.7954,-3.2712,10.0158,0.0568,0.0455,9.8063,0.1212,-0.6144,0.3017,294.29,-86.41,166.67,53.054863,-1.796126,10.58,4,113.38,17 / 20,40.356352936891554,5.468083172422364,1.0971178000002122,1923.1321759267073,489.9786673733351,35.13262216113698,False,72.10000000000002,10.617692161000749,-4.711544387978976,241.24836143399605,366.0203400360905,11.616111111110918,113.92900000002389,-29.738660775890807,-10.17962756040134,-1681.8838144927113,-123.95832733724461
591314.0,3.7617,3.546,9.893,-0.0047,-0.0316,9.8066,-0.0199,0.3382,-0.2335,291.77,-86.34,167.21,53.054863,-1.796126,10.58,4,113.38,17 / 20,40.40998648678827,5.68296637421606,1.1118928000001989,1927.1704928978877,490.5362198506665,35.2430726911369,False,72.19999999999993,10.468820712686048,-5.003467908462307,242.2910484286473,365.50884337390096,11.603055555558484,115.54500000000364,-29.941165774102224,-10.686434282678366,-1684.8794444692403,-125.02737647676554
591415.0,-1.6427,-0.6825,8.7713,0.0546,0.0472,9.8063,0.0291,-0.1596,0.1764,292.65,-86.19,165.76,53.054863,-1.796126,10.58,4,113.38,17 / 20,40.296841762258346,5.84126549737581,1.0639683000001994,1931.2461877244646,491.1181935601819,35.35295367668692,False,72.30099999999993,10.549587692456374,-5.072264537985591,243.35084618414982,364.9922317451193,11.705630555556981,115.67836999998408,-29.747254069801972,-10.9135300353614,-1687.8953415403148,-126.12596181506262
591515.0,-1.7295,-0.7389,7.3355,-0.0487,-0.0206,9.8064,-0.1087,0.5045,-0.1484,291.83,-86.22,167.35,53.054863,-1.796126,10.58,4,113.38,17 / 20,40.281857335023936,5.663565969513372,0.8886433000001596,1935.2751226793296,491.6934351335265,35.450584256686966,False,72.40099999999995,10.459025985227436,-5.148119641175527,244.39353317877575,364.4807350822148,11.657375000001013,116.20722000000413,-29.822831349796502,-10.8116856106889,-1690.881589500554,-127.21270005131174
591614.0,2.7989,5.0442,8.3712,-0.0745,-0.0127,9.8063,-0.1901,0.4754,-0.3974,298.07,-86.87,169.96,53.054863,-1.796126,10.58,4,113.38,17 / 20,40.11232206159161,5.8162159883699704,0.695266600000069,1939.254634559464,492.261684340442,35.52898779673701,False,72.5,10.423045580508681,-5.068354844191397,245.4257933034817,363.974353385246,11.589999999999998,115.932,-29.68927648108293,-10.884570832561367,-1693.8288412559823,-128.287330955196
591714.0,-3.2993,-0.2666,10.1053,-0.0275,-0.036,9.8065,-0.0468,0.2099,-0.1411,289.33,-87.31,163.4,53.054863,-1.796126,10.58,4,113.38,17 / 20,39.89680455188564,5.903968416351502,0.6384266000000561,1943.2550908901387,492.8476935606782,35.595672456737034,False,72.60000000000002,10.619670245242638,-4.657509719105831,246.48853197104876,363.5184541865983,11.596111111112101,113.68100000001203,-29.277134306643,-10.561478135457332,-1696.76655891909,-129.32923937407986
591814.0,2.1948,4.8838,10.0201,-0.0147,-0.0829,9.8063,0.0322,0.6213,-0.3502,299.15,-87.27,170.09,53.054863,-1.796126,10.58,4,113.38,17 / 20,39.678237678247264,5.9644988623055015,0.6640316000000328,1947.2338430016418,493.44111692461047,35.66079536673698,False,72.69999999999993,10.613350887356793,-4.835664156446767,247.55127063866772,363.02919650925946,11.66305555556101,114.49500000002965,-29.06488679089047,-10.800163018752269,-1699.682572362974,-130.411920415351
591914.0,-0.6506,0.9889,10.2641,0.0086,0.0039,9.8066,0.1475,-0.2192,0.0373,292.73,-86.88,164.91,53.054863,-1.796126,10.58,4,113.38,17 / 20,39.44366814080814,6.1747157550206415,0.6975766000000404,1951.1899382925956,494.0480776554769,35.728875776737,False,72.79999999999995,10.696761284862038,-5.110804536913999,248.61400930621056,362.5176998471066,11.854999999994325,115.53799999996917,-28.746906855946104,-11.285520291934642,-1702.575928986385,-131.5303778083703
592014.0,3.9244,6.4391,8.7453,0.0028,-0.0647,9.8064,-0.0898,0.5165,-0.1463,291.64,-86.51,167.57,53.054863,-1.796126,10.58,4,113.38,17 / 20,39.14159976692369,6.47017399094479,0.6673816000000335,1955.1192016879831,494.6803221427753,35.79712368673702,False,72.89999999999998,10.752894056936949,-4.702294483831766,249.69011575579128,362.0618006477505,11.736111111112868,113.62000000002836,-28.38870570998674,-11.172468474776556,-1705.4290859321918,-132.61852149502482
592114.0,-0.5332,-0.6245,10.2655,0.0275,0.0663,9.8064,0.0474,-0.7063,0.4711,294.69,-86.5,169.61,53.054863,-1.796126,10.58,4,113.38,17 / 20,38.91503715821367,6.739553228406893,0.6372566000000267,1959.022033534241,495.34080850374306,35.86235559673703,False,73.0,10.61392067550046,-4.927493447489107,250.7461705324047,361.5614234772794,11.701944444444445,114.903,-28.301116482713212,-11.667046675896,-1708.2758630018363,-133.77938502646367
592215.0,-2.4289,-5.556,9.7071,-0.0078,-0.0438,9.8065,-0.0064,-0.2401,0.0539,296.15,-86.57,170.82,53.054863,-1.796126,10.58,4,113.38,17 / 20,39.113408968167306,6.4744035566791025,0.6554012500000266,1962.9624700636232,496.0081133213899,35.92763481816203,False,73.101,10.782734156211864,-4.925866205857912,251.8329043686616,361.06682844346255,11.854630555555012,114.5523400000196,-28.33067481195544,-11.400269762537015,-1711.1295656949617,-134.94128487792733
592314.0,-1.6248,1.8619,9.2134,0.0452,0.0963,9.806,0.0311,-0.6768,0.4392,301.96,-86.58,174.21,53.054863,-1.796126,10.58,4,113.38,17 / 20,39.17046547647945,6.232971415531793,0.62110765000005,1966.8375218486306,496.6371283825139,35.990822008711994,False,73.19999999999993,10.633455231481038,-5.157137476763283,252.8850156496044,360.5384301521931,11.81805555555348,115.87299999997914,-28.537010244998413,-11.390108892295075,-1713.9525061990262,-136.0986982303208
592414.0,-2.5748,-3.9458,9.6677,0.0239,0.0858,9.8062,0.1159,-0.6401,0.3038,292.57,-86.69,167.17,53.054863,-1.796126,10.58,4,113.38,17 / 20,39.16484079069669,6.025421214147241,0.5844976500000417,1970.7542871619903,497.25004801399797,36.05110227371201,False,73.29999999999995,10.632511789627,-4.989460696657795,253.9410704261407,360.04917247559723,11.74500000000216,115.1390000000217,-28.532329001069687,-11.014881910805036,-1716.8132167358497,-137.20087553840074
592514.0,-1.4491,0.741,10.8214,0.0038,0.0165,9.8066,-0.0938,0.0711,-0.1525,292.11,-86.75,166.6,53.054863,-1.796126,10.58,4,113.38,16 / 19,39.21903415328336,5.782921421413346,0.6282876500000518,1974.6734809091902,497.84046514577614,36.11174153871203,False,73.39999999999998,10.723049469107313,-4.953608951228988,255.01717687572122,359.5487953044185,11.811944444443455,114.79500000000509,-28.495984684176047,-10.736530372642335,-1719.656304033469,-138.29166984135765
592614.0,1.6824,1.6307,10.0704,0.0179,0.0724,9.8063,-0.0475,-0.3711,0.3601,285.57,-86.98,159.82,53.054863,-1.796126,10.58,4,113.38,16 / 19,39.08423287304839,5.836888964995352,0.6922126500000664,1978.5886442605076,498.4214556650967,36.177766553712054,False,73.5,10.993863737212756,-4.78209336146021,256.12670278025723,359.0817766133452,11.988888888888887,113.508,-28.090369135835637,-10.618982326455562,-1722.4619414802505,-139.3396790517515
592714.0,2.662,1.3457,9.7368,0.0179,0.0027,9.8066,0.0318,0.3165,-0.0471,288.25,-87.17,164.85,53.054863,-1.796126,10.58,4,113.38,16 / 19,38.98865339985266,6.09093636248858,0.7019076500000686,1982.4922885741535,499.017846931471,36.24747256871208,False,73.60000000000002,10.813089594972231,-5.354262858385397,257.196125338858,358.51468248761375,12.066111111107222,116.34299999996759,-28.175563804880426,-11.445199220873977,-1725.2961632352954,-140.50316444385726
592814.0,-1.1152,-0.057,9.2302,0.0022,0.0057,9.8066,-0.0005,-0.1654,0.0372,288.9,-86.98,163.03,53.054863,-1.796126,10.58,4,113.38,16 / 19,38.93378148737601,6.188893567723829,0.669592650000098,1986.3884103185114,499.63183842798105,36.31604758371202,False,73.69999999999993,10.770022556626381,-4.828947564150219,258.27223178843786,358.05878328825855,11.80305555555652,114.15000000001325,-28.16375893074963,-11.017841131874048,-1728.1161785300735,-141.5730551397225
592914.0,-0.454,-1.6707,9.7707,-0.0241,-0.0179,9.8066,-0.067,0.1025,-0.0718,290.57,-87.11,164.33,53.054863,-1.796126,10.58,4,113.38,16 / 19,38.971450678516476,6.089120448169261,0.6389726500000912,1990.2836719268068,500.2457391287758,36.38147584871204,False,73.79999999999995,10.761200874528205,-4.9304978976664815,259.34833823794065,357.5584061185305,11.836944444443443,114.61599999998623,-28.21024980398827,-11.019618345835742,-1730.9353336888662,-142.6873330102453
593014.0,0.2431,0.0574,8.8881,0.0029,0.0132,9.8066,0.0053,0.0566,-0.0255,290.92,-87.31,164.94,53.054863,-1.796126,10.58,4,113.38,16 / 19,39.026224838474725,6.055705680370401,0.5912476500000804,1994.1835557026573,500.85298043520294,36.442986863712065,False,73.89999999999998,10.808058904872286,-4.900023791404607,260.4244446875483,357.06914844189873,11.866944444444,114.38800000000337,-28.21816593360244,-10.955729471775008,-1733.7591110151088,-143.7838319933042
593114.0,-1.1577,-1.2484,10.2546,0.0033,-0.0346,9.8065,-0.0312,0.1337,-0.0898,295.05,-87.18,169.17,53.054863,-1.796126,10.58,4,113.38,16 / 19,39.043017198167504,5.994686222488668,0.5677176500000751,1998.0870178044902,501.455500030346,36.50093512871209,False,74.0,11.006418554307576,-5.20929233298347,261.527286701104,356.52429330101785,12.176944444444445,115.328,-28.03659864385993,-11.203978555472137,-1736.5597311033862,-144.93120672932815
593215.0,1.2182,0.0772,10.3533,0.0183,-0.0237,9.8066,0.091,0.1753,-0.0622,290.76,-86.92,167.67,53.054863,-1.796126,10.58,4,113.38,16 / 19,39.07645499030218,5.979436886855906,0.6179449500000748,2002.0320511500079,502.0601932473679,36.560811090012095,False,74.101,10.787483351885918,-5.437697479817335,262.614154215207,355.9630925054576,12.080511111110228,116.751469999986,-28.288971638416264,-11.417134366673242,-1739.4178969348009,-146.0971007419103
593314.0,-1.8644,-0.781,8.306,0.0142,0.0132,9.8066,-0.117,-0.2432,0.1405,294.83,-86.73,169.22,53.054863,-1.796126,10.58,4,113.38,16 / 19,39.07383144588436,5.942547803851092,0.570721950000107,2005.9004903285966,502.6503314895575,36.619650101562065,False,74.19999999999993,10.822101361324597,-5.233472505984869,263.679499600265,355.4457025123882,12.021111111111308,115.80800000001786,-28.25173008455976,-11.17602030983596,-1742.2209907283316,-147.2046289771693
593414.0,-0.3451,-0.8445,11.4286,-0.0437,0.0171,9.8065,0.1986,-0.181,-0.0516,294.44,-86.89,168.52,53.054863,-1.796126,10.58,4,113.38,16 / 19,39.08467546234319,5.814327917853163,0.5767869500001083,2009.8084156740088,503.23817527564285,36.67702554656209,False,74.29999999999995,10.77030837928822,-5.354864878086036,264.7556060497943,354.91196686467833,12.02805555555535,116.43599999998145,-28.31436708305497,-11.1691927959392,-1745.0528096242144,-148.3262084109645
593514.0,-3.4913,1.723,9.9295,-0.0232,0.019,9.8066,0.0433,-0.0052,-0.0938,293.43,-86.8,165.75,53.054863,-1.796126,10.58,4,113.38,16 / 18,38.950695338317395,5.66098759157294,0.6640269500001281,2013.7101842140428,503.8119410511143,36.73906624156212,False,74.39999999999998,10.720150650490016,-5.17055621664483,265.8250286083952,354.40047020248755,11.901944444446308,115.74900000001014,-28.23054468782738,-10.83154380821777,-1747.8851556056475,-149.41147084862672
593614.0,-1.8298,0.8084,10.1803,0.0111,0.0085,9.8066,-0.1341,-0.0549,0.1345,287.49,-87.04,161.52,53.054863,-1.796126,10.58,4,113.38,16 / 18,38.71906965790637,5.464677257171259,0.6888519500001339,2017.5936724638548,504.36822429355163,36.80671018656215,False,74.5,10.752804543736524,-5.6245372648955945,266.8944511669693,353.80001759806424,12.135000000000002,117.613,-27.966265114169843,-11.089214522066854,-1750.6992212968855,-150.5682066954874
593714.0,-1.1627,0.1187,10.155,0.0421,0.0094,9.8065,-0.0196,-0.3534,0.3016,290.6,-87.09,161.86,53.054863,-1.796126,10.58,4,113.38,16 / 18,38.60976467392809,5.341533121613235,0.7249519500001421,2021.4601141804474,504.908534812491,36.87740038156218,False,74.60000000000002,10.829712647507025,-5.313627133029085,267.97724150755744,353.2996404275918,12.06305555555625,116.13500000000259,-27.780052026421068,-10.65516025464232,-1753.48287267289,-151.6088943848992
593814.0,-1.1934,-1.7885,9.8404,-0.0017,-0.0117,9.8066,0.0772,-0.081,-0.0549,295.24,-87.06,166.88,53.054863,-1.796126,10.58,4,113.38,16 / 18,38.62228854799219,5.202549770714133,0.7440569500001248,2025.32171684154,505.4357389571069,36.95085082656213,False,74.69999999999993,10.855514034110035,-5.367486847252854,269.0600318481449,352.7547852874168,12.110000000008045,116.31000000003982,-27.766774513882154,-10.570036617966988,-1756.261684993395,-152.6809536696901
593914.0,1.7955,1.5165,9.8112,-0.0014,0.0274,9.8066,0.0574,-0.2515,0.0025,296.71,-86.79,166.28,53.054863,-1.796126,10.58,4,113.38,16 / 18,38.63374223417982,5.231071012745435,0.7459719500001254,2029.1845183806495,505.95741999627995,37.02535227156216,False,74.79999999999995,10.971626193536315,-5.762919804420693,270.16287386162077,352.165452176168,12.393055555547189,117.71099999995859,-27.662116040643504,-10.993990817166129,-1759.0216445190288,-153.79196782011195
594015.0,-2.9981,-2.4979,9.3856,0.036,0.0635,9.8063,0.04,-0.3585,0.2531,288.58,-86.85,161.03,53.054863,-1.796126,10.58,4,113.38,16 / 18,38.66033751992445,5.16819934835607,0.7249387000001256,2033.0878694082317,506.48258314951556,37.099633259387176,False,74.90099999999995,10.543562917430398,-5.360271809048185,271.20963802973677,351.63794344406216,11.827955555555706,116.94844000002611,-28.116774602494047,-10.528471157404255,-1761.878231378495,-154.8446397054534
594115.0,0.0959,-1.2407,9.6605,0.0086,0.0155,9.8066,-0.0887,0.3048,-0.1399,287.05,-86.96,159.28,53.054863,-1.796126,10.58,4,113.38,16 / 18,38.77433281287185,4.976635499920769,0.6965787000001192,2036.9596029248723,506.9898248919295,37.170709129387205,False,75.00099999999998,10.690791713268524,-5.035508443293834,272.28541028482067,351.1482409863261,11.817355555555563,115.22113999999989,-28.083541099603323,-10.012143943214603,-1764.6741926400516,-155.84158390560344
594215.0,-1.7321,0.1588,9.9799,0.0003,0.0298,9.8065,0.0198,0.0928,-0.1561,277.64,-87.07,149.87,53.054863,-1.796126,10.58,4,113.38,16 / 18,38.79808555970702,4.880499787672021,0.6979337000001197,2040.8382238435022,507.48268165630924,37.240434749387234,False,75.101,10.532594558743552,-5.209129269236427,273.32856515179014,350.6147277291335,11.750355555558933,116.31587999998807,-28.265491000963465,-10.089629056908448,-1767.509658691712,-156.86795392717573
594315.0,0.65,-0.2386,9.5077,-0.0014,-0.0121,9.8066,0.016,0.1309,-0.0715,275.9,-86.76,146.78,53.054863,-1.796126,10.58,4,113.38,16 / 18,38.776138181104436,4.82735378521732,0.6916487000001184,2044.7169350305437,507.9680743349538,37.30991386938726,False,75.20100000000002,10.808161765270379,-5.1597171406472935,274.41763834989746,350.10300867708054,11.976613888884746,115.51947000002147,-27.96797641583406,-9.987070925864614,-1770.2992966806462,-157.8650656578733
594415.0,1.2729,1.5367,9.6684,0.0028,-0.0053,9.8066,0.0094,0.123,-0.0459,273.5,-86.71,146.67,53.054863,-1.796126,10.58,4,113.38,16 / 18,38.70076225055086,4.926563082361305,0.6697887000001382,2048.590780052123,508.45577017833233,37.377985739387206,False,75.30099999999993,10.611343818478327,-5.23679406701841,275.4669423965435,349.56916183374665,11.833211111113119,116.26679999997687,-28.089418432072534,-10.163357149379715,-1773.1238376555796,-158.88660834458568
594515.0,0.7703,0.738,9.379,-0.0257,0.0011,9.8065,-0.1069,0.0731,0.0431,278.15,-86.84,148.34,53.054863,-1.796126,10.58,4,113.38,17 / 19,38.57912354054907,5.0383769063477155,0.6414937000001318,2052.454774341679,508.95401717776787,37.44354985938723,False,75.40099999999995,10.479596665957503,-5.349547246084409,276.5095625522597,349.02430669357227,11.766038888888994,117.04306999999395,-28.099526874591568,-10.387924152432124,-1775.945211789419,-159.9297104841956
594615.0,-0.8025,2.282,9.0352,-0.0503,-0.0023,9.8065,-0.0916,0.1017,-0.0827,274.88,-87.57,147.94,53.054863,-1.796126,10.58,4,113.38,17 / 19,38.41318807029261,5.051914723931417,0.5815387000001182,2056.3043899222216,509.4585317592819,37.50470147938726,False,75.50099999999998,10.435855141897672,-5.417525503279749,277.54563249484073,348.4797851381706,11.75828055555556,117.4349500000001,-27.97733292839494,-10.469440227211166,-1778.758757427381,-160.97874662111133
594715.0,-2.9954,0.612,10.7585,-0.0173,-0.0228,9.8065,-0.1232,0.1432,-0.07,276.13,-87.76,146.65,53.054863,-1.796126,10.58,4,113.38,17 / 19,38.23189023982864,4.876136143946498,0.5905587000001202,2060.1366438377286,509.95493430267595,37.56330634938728,False,75.601,10.481250569644061,-5.198947685835545,278.5879852948901,347.966731746296,11.700113888891913,116.38182000005995,-27.750639670184576,-10.075083829782043,-1781.5486585428384,-161.98820255637997
594815.0,1.7889,0.9463,9.8532,0.0005,-0.0052,9.8066,0.0313,0.1266,0.0649,276.68,-87.95,148.81,53.054863,-1.796126,10.58,4,113.38,17 / 19,38.13110656183468,4.8252516605227065,0.6404787000001316,2063.9547936778126,510.4400036928995,37.624858219387306,False,75.70100000000002,10.26515304526123,-6.0223901191492795,279.59752019020004,347.30111891488974,11.90146944443749,120.39892999993083,-27.865953516573448,-10.847641779671985,-1784.3572734876125,-163.13888477800975
594915.0,-2.1688,-0.147,9.602,0.0261,0.0133,9.8066,0.0077,0.0381,0.0902,282.25,-87.82,152.54,53.054863,-1.796126,10.58,4,113.38,17 / 19,38.06098365864792,4.813429489395734,0.6325737000001389,2067.764398188833,510.921937750395,37.68851083938726,False,75.80099999999993,10.295487549244328,-5.478412108224496,280.6333896159503,346.7891774730272,11.66233611110995,118.0182299999934,-27.765496109403593,-10.29184159762023,-1787.1310085728828,-164.13276027736777
595015.0,0.4526,1.1553,10.7962,-0.0266,-0.0206,9.8066,0.0501,0.2416,-0.2288,283.31,-87.85,153.51,53.054863,-1.796126,10.58,4,113.38,17 / 19,37.976535054385316,4.743610819672067,0.671818700000148,2071.5662741244855,511.3997897658485,37.75373045938729,False,75.90099999999995,10.305048401076586,-5.539939390035682,281.65582442090465,346.2326468650923,11.699880555557387,118.26248999996507,-27.67148665330873,-10.28355020970775,-1789.910449703581,-165.16714290075618
595115.0,-1.2302,1.3798,10.1785,0.0002,-0.0016,9.8066,0.0762,-0.0677,-0.0578,280.72,-87.63,151.51,53.054863,-1.796126,10.58,4,113.38,17 / 19,37.8286583164121,4.733482964180189,0.7398887000001635,2075.3565337930263,511.8736444550412,37.824315829387324,False,76.00099999999998,9.9731867488135,-5.892119267541279,282.65900961975734,345.62129715879786,11.583705555555502,120.57505000000012,-27.855471567598602,-10.62560223172147,-1792.697524173269,-166.25234729624333
595215.0,0.1293,0.4935,9.9986,0.0197,-0.0015,9.8066,0.0849,-0.0098,0.0891,280.92,-87.33,152.59,53.054863,-1.796126,10.58,4,113.38,17 / 19,37.70873598464005,4.698688647370474,0.76807870000017,2079.13340350808,512.3452530356188,37.899714199387354,False,76.101,10.582193547422813,-5.937010755335671,283.7207457037269,345.0325200221354,12.133874999986515,119.29416000000171,-27.12654243721724,-10.635699402706145,-1795.412657804353,-167.31273301348347
595314.0,-0.446,-0.2033,10.0164,0.0001,-0.0071,9.8066,0.0696,0.033,0.0346,288.66,-87.2,159.76,53.054863,-1.796126,10.58,4,113.38,17 / 19,37.671122873022746,4.688435245315921,0.7879628500001565,2082.864706521532,512.8099156683065,37.97673825611232,False,76.19999999999993,9.778509338405504,-5.511930707004637,284.67360120339805,344.5041217301593,11.225000000005716,119.40900000013234,-27.89261353461724,-10.200365952320556,-1798.1911053181339,-168.30579393814725
595414.0,1.1928,0.4216,8.8156,0.0026,-0.023,9.8066,-0.0887,0.0992,-0.0865,288.48,-87.15,162.22,53.054863,-1.796126,10.58,4,113.38,17 / 19,37.65524108971044,4.731458052382445,0.7488978500001477,2086.6310247196693,513.2809103331915,38.05358129111235,False,76.29999999999995,9.465420780506474,-6.400142543041685,285.5759264871824,343.79247420011524,11.426111111105165,124.06499999986238,-28.189820309203963,-11.13160059542413,-1801.055098232487,-169.48843613307628
595514.0,-2.0469,0.5081,9.7531,-0.0199,-0.0009,9.8066,0.0003,-0.016,0.0727,289.08,-87.3,157.87,53.054432,-1.794741,9.78,4,118.63,16 / 19,37.57941444547032,4.710506339438795,0.6966678500001359,2090.392757496429,513.7530085527827,38.12585957611238,False,76.39999999999998,10.30753180394191,-5.476228193274687,286.6252973727576,343.30321652276984,11.671944444440811,117.9810000000899,-27.27188264152841,-10.186734532713482,-1803.7674601236715,-170.44979203001287
595614.0,-0.527,2.0404,9.9576,-0.0162,0.0024,9.8066,-0.0685,0.1148,-0.0781,287.36,-87.63,158.13,53.054432,-1.794741,9.78,4,118.63,16 / 19,37.39940274467585,4.631429214166371,0.701537850000137,2094.1416983559375,514.2201053304631,38.19576986111241,False,76.5,9.7099627600537,-5.812904158595104,287.54767432957743,342.69164442592137,11.316944444444443,120.907,-27.689439984622148,-10.444333372761474,-1806.59402402636,-171.5284609045417
595714.0,-1.0314,2.0247,9.8945,-0.0068,-0.0351,9.8065,0.0184,0.2892,-0.2022,288.34,-87.6,159.0,53.054432,-1.794741,9.78,4,118.63,16 / 19,37.164508970754056,4.623561963176378,0.7134778500001397,2097.86989394171,514.6828548893303,38.26652064611244,False,76.60000000000002,9.866977992721223,-5.535957648071962,288.5368901962797,342.15790877817244,11.313888888887472,119.29499999999823,-27.29753097803283,-10.15951961124834,-1809.3330037454302,-172.52494611115787
595814.0,1.4116,1.0536,10.1557,0.0048,-0.01,9.8066,0.0419,0.1543,-0.0962,284.03,-87.41,155.29,53.054432,-1.794741,9.78,4,118.63,16 / 19,37.000757022202585,4.691142235972589,0.73532285000012,2101.5781572413543,515.1485900992874,38.33896068111239,False,76.69999999999993,9.794875401753597,-5.468563459605029,289.5261060629805,341.61305363799744,11.218055555558934,119.17500000003498,-27.205881620448988,-10.159705695577617,-1812.0520511783739,-173.53553646128995
595914.0,-1.6278,-0.8962,9.6199,-0.0303,-0.0196,9.8065,-0.0241,0.135,-0.0532,280.12,-87.29,153.78,53.054432,-1.794741,9.78,4,118.63,16 / 19,36.97893321440939,4.686563526815324,0.7434378500001219,2105.277141753186,515.6174753874269,38.412898716112416,False,76.79999999999995,9.777668732442732,-5.737900617381769,290.50195414765085,341.02372052674866,11.336944444440931,120.40599999996363,-27.201264481966653,-10.424464144197092,-1814.775187605535,-174.59375486067825
596014.0,0.5917,1.9387,9.7003,-0.0403,-0.0104,9.8065,-0.0486,0.3124,-0.1763,285.6,-87.65,156.22,53.054432,-1.794741,9.78,4,118.63,16 / 19,36.905740342804435,4.655542080086813,0.7287828500001186,2108.9713754310474,516.0845806677721,38.48650975111244,False,76.89999999999998,9.521059245057549,-5.458942741247741,291.4443827773846,340.50110437142365,10.975000000005348,119.82800000000854,-27.384681097746885,-10.114484821334553,-1817.5269926536628,-175.58347629634846
596114.0,-4.244,-1.203,10.8082,-0.0143,-0.0296,9.8066,0.0914,-0.0579,-0.0056,283.69,-87.78,154.04,53.054432,-1.794741,9.78,4,118.63,16 / 19,36.81102188093459,4.492660754827991,0.7735428500001288,2112.6572135422352,516.541990809518,38.56162603611247,False,77.0,9.494379524657006,-6.399941987375652,292.36675973417624,339.77833734749044,11.45,123.983,-27.316642356277583,-10.892602742203643,-1820.290453808059,-176.76365346202755
596214.0,-0.7024,-0.002,10.019,-0.0014,-0.0459,9.8065,0.0333,0.1827,-0.0954,290.7,-87.63,161.08,53.054432,-1.794741,9.78,4,118.63,16 / 19,36.78957038024455,4.243098917409931,0.8342378500001426,2116.3372431552953,516.97877879313,38.6420150711125,False,77.10000000000002,9.577387407016209,-6.322560928167158,293.32924003695695,339.1556457589236,11.476111111106631,123.43099999995063,-27.212182973228337,-10.56565984557709,-1823.0080031183384,-177.82313303420642
596314.0,-2.02,-2.0147,9.5199,0.0105,0.0141,9.8066,-0.037,-0.2045,0.1422,286.81,-87.52,159.76,53.054432,-1.794741,9.78,4,118.63,16 / 19,36.82720590337732,4.088603995920233,0.830517850000146,2120.018081969473,517.3953639387961,38.72525285611244,False,77.19999999999993,9.667264947885629,-5.601888866692963,294.31177201262153,338.6552685898626,11.1730555555501,120.09100000009649,-27.15994095549169,-9.690492862613198,-1825.7063099568513,-178.7400953489335
596414.0,-0.0122,2.245,9.3699,-0.0039,0.0046,9.8066,-0.0187,0.1551,-0.1874,285.17,-87.58,158.02,53.054432,-1.794741,9.78,4,118.63,16 / 19,36.768472543796115,3.9949463070264435,0.7943428500001378,2123.6978658918324,517.7995414539436,38.806495891112476,False,77.29999999999995,9.158473545435676,-6.0586437056683415,295.18736173240626,337.9992185219428,10.981111111116784,123.48599999989965,-27.60999899836044,-10.053590012694785,-1828.510504159426,-179.80032293200077
596514.0,2.0036,2.2716,9.654,0.0119,0.0724,9.8063,-0.0912,-0.334,0.0456,279.89,-87.62,150.71,53.054432,-1.794741,9.78,4,118.63,18 / 19,36.547677403441256,4.1442427683440135,0.7648728500001312,2127.363673389195,518.2065009077122,38.88445667611251,False,77.39999999999998,9.718077676994561,-5.82260162818735,296.18994538111883,337.4432438893398,11.32888888888375,120.9280000000378,-26.829599726446695,-9.966844396531364,-1831.173728008076,-180.76325701837243
596615.0,0.8187,0.9917,10.1145,-0.0084,0.0342,9.8065,0.1616,-0.1565,0.1544,265.86,-87.78,133.84,53.054432,-1.794741,9.78,4,118.63,18 / 19,36.38129809636453,4.300568066827399,0.7727104500001312,2131.0465866519353,518.6329638548883,38.96210463276252,False,77.50099999999998,9.970797015105797,-5.7676394888829625,297.2087040459961,336.8592481335853,11.518794444444472,120.04754999999994,-26.410501081258737,-10.068207555710362,-1833.8378826059393,-181.773715721303
596714.0,-0.562,-0.946,10.3539,0.0178,0.0029,9.8065,0.1381,-0.0928,0.0308,268.95,-87.59,139.93,53.054432,-1.794741,9.78,4,118.63,18 / 19,36.35929948980151,4.30814618750455,0.815037900000151,2134.6472462324523,519.059095210478,39.04069817608757,False,77.60000000000002,9.636716059591645,-5.720953361785258,298.1483254415292,336.28681665160826,11.206944444446648,120.69599999999602,-26.722583430209863,-10.029099549289809,-1836.498920790923,-182.7722785588697
596816.0,-2.2738,1.1592,9.0342,-0.0193,-0.0151,9.8066,-0.1723,-0.056,-0.0204,267.54,-87.43,140.95,53.054432,-1.794741,9.78,4,118.63,18 / 19,36.33596739076181,4.159829156183251,0.8035527000001538,2138.35470484336,519.4909619530059,39.12324629668756,False,77.702,9.789020399420156,-5.7477231981123245,299.1501070233031,335.708825422352,11.351711111104967,120.4196199999897,-26.546946991341652,-9.907552354295575,-1839.2045978200572,-183.78213653065393
596915.0,-0.2875,0.0824,9.6837,-0.0001,0.0288,9.8066,-0.1035,-0.0427,0.0826,262.06,-87.66,132.81,53.054432,-1.794741,9.78,4,118.63,18 / 19,36.2640942051034,4.027129209687272,0.7592304000001839,2141.948407892353,519.8962163921162,39.20060406013753,False,77.80099999999993,9.639672836122143,-5.576564067652712,300.10309620075344,335.1694188329326,11.136499999998847,120.0494700000253,-26.624421368981253,-9.603693277339985,-1841.8453116915994,-184.72679755918364
597015.0,-0.9394,0.9854,10.2445,-0.0182,-0.0065,9.8066,-0.0859,0.0259,-0.0541,257.42,-88.0,129.96,53.054432,-1.794741,9.78,4,118.63,18 / 19,36.207006205179816,3.9510576192248865,0.7749754000001876,2145.571962912868,520.2951257335619,39.277314350137566,False,77.90099999999995,9.754277674255057,-5.453420412405676,301.07901112440425,334.6244524985273,11.175230555555212,119.20866999999454,-26.45272853092476,-9.404478031630562,-1844.4929517884639,-185.6706732350346
597114.0,-1.5652,-0.0694,10.4666,-0.0126,-0.0227,9.8065,-0.0259,0.1865,-0.1485,251.74,-88.09,121.23,53.054432,-1.794741,9.78,4,118.63,18 / 19,36.18059444119773,3.8164009556602423,0.8293165000002132,2149.1551491448654,520.6796149330189,39.35672679918762,False,78.0,9.739354411718264,-5.526429576883489,302.0517177803427,334.07403761155285,11.198055555555555,119.572,-26.441240029479463,-9.342830532543731,-1847.1034313645227,-186.60557732146606
597214.0,-1.8076,-2.6956,10.4496,0.0292,-0.0263,9.8065,0.0983,0.0823,-0.0607,257.86,-87.97,130.48,53.054432,-1.794741,9.78,4,118.63,18 / 19,36.342525327022734,3.6770083734002226,0.8944615000002281,2152.7813051332773,521.0542853994721,39.44291569918766,False,78.10000000000002,9.520060244639225,-5.375886598446713,302.9941464101289,333.55142145552196,10.93305555555808,119.45300000000867,-26.82246508238351,-9.052894971846936,-1849.7871587231484,-187.5028639439501
597315.0,-1.8586,-1.8584,10.4004,-0.0103,-0.0684,9.8064,-0.0483,0.5372,-0.3472,263.22,-87.49,131.84,53.054432,-1.794741,9.78,4,118.63,18 / 19,36.58171231904931,3.5297751483275777,0.9569148500002276,2156.463979134404,521.4182279673194,39.53641020486268,False,78.20100000000002,9.612078477789552,-5.558547312040968,303.95950078596564,332.9899982715139,11.103580555554668,120.04027000000079,-26.969633841259757,-9.088322460368545,-1852.5044783484382,-188.42822969580544
597415.0,3.5047,2.0434,9.6287,-0.0018,-0.0229,9.8066,-0.0629,0.2922,-0.1374,263.25,-87.33,134.82,53.054432,-1.794741,9.78,4,118.63,18 / 19,36.54549047604131,3.6068351000886025,0.9777048500002087,2160.120339274155,521.7750584797399,39.63314118986262,False,78.30099999999993,9.584036695521396,-5.548096493554651,304.91543087546205,332.4449207408314,11.074074999996977,120.06610000000266,-26.96145378051991,-9.154931593643253,-1855.2049083986929,-189.3301377389085
597514.0,-2.4474,0.4946,10.8821,-0.0259,-0.0058,9.8066,-0.0235,0.123,-0.0195,258.61,-87.52,129.64,53.054432,-1.794741,9.78,4,118.63,17 / 21,36.407519125370136,3.639339621540208,1.0221311000002296,2163.7315132494264,522.1337441284606,39.732133069387686,False,78.39999999999998,9.680076073728676,-5.583614618398364,305.8749034272592,331.88349755705576,11.174999999998493,119.97700000000134,-26.72744305164146,-9.222954239938572,-1857.8566098221672,-190.2502465714049
597615.0,2.8471,2.8289,9.1625,-0.0089,-0.0183,9.8065,-0.0556,0.3431,-0.2079,255.74,-87.51,126.72,53.054432,-1.794741,9.78,4,118.63,17 / 21,36.216481429110004,3.611895006327916,1.0439117500002293,2167.3990252774274,522.4999314771679,39.83646823331271,False,78.50099999999998,9.542850640075379,-5.362448953377632,306.83364075105294,331.3552104597675,10.946330555555544,119.33298999999991,-26.673630789034625,-8.974343959705548,-1860.5653845263746,-191.14472101740046
597715.0,-0.3038,0.5318,10.2094,0.0001,-0.0069,9.8066,-0.0164,0.0223,0.0012,254.04,-87.46,125.09,53.054432,-1.794741,9.78,4,118.63,17 / 21,36.006251053598675,3.686978703335516,1.0318417500002266,2171.0101619015636,522.8648751626512,39.94025590831276,False,78.601,9.572110786776877,-5.5728666497321555,307.79605421487037,330.78867230866365,11.07623611110844,120.20763999997743,-26.4341402668218,-9.259845353067671,-1863.2141076866933,-192.07620285398752
597815.0,-0.2841,1.3967,9.203,-0.0034,-0.034,9.8066,-0.0195,0.1631,-0.0682,259.59,-87.44,128.77,53.054432,-1.794741,9.78,4,118.63,17 / 21,35.90187541116561,3.632915014556145,1.0217967500002243,2174.6055682248025,523.2308698485458,40.042937833312806,False,78.70100000000002,9.554063968433477,-5.233705474335289,308.7513159153357,330.27650847620504,10.893780555548858,118.71447000007895,-26.347811442732137,-8.866620488891433,-1865.8542523094668,-192.95436137234077
597914.0,-2.1108,-1.8757,10.6419,-0.0353,-0.0377,9.8064,0.0426,0.2227,-0.1182,258.22,-87.48,129.47,53.054432,-1.794741,9.78,4,118.63,17 / 21,35.93173243459642,3.5183670707950756,1.0332609500002166,2178.1613318131654,523.5848583117704,40.14466318946276,False,78.79999999999995,9.098161236065248,-5.560954585641109,309.6446179462551,329.70407699356986,10.663055555562444,121.4339999999188,-26.83357119853117,-9.079321656436184,-1868.5167138669103,-193.88078131820055
598015.0,-0.2016,2.0685,9.357,-0.0233,-0.033,9.8065,-0.1274,0.2736,-0.1491,260.95,-87.82,131.29,53.054432,-1.794741,9.78,4,118.63,17 / 21,35.92736075569397,3.402081618018773,1.0527337500002163,2181.790216019275,523.9343409705555,40.250005921812786,False,78.90099999999995,9.122962174196887,-6.300485992415046,310.5565680330521,329.02078416976104,11.087438888891045,124.62908000006382,-26.804398581497082,-9.70256761043382,-1871.2336479862226,-194.91355680079442
598114.0,-2.464,0.1345,10.0346,-0.0233,0.0226,9.8066,-0.0612,-0.0327,0.003,241.34,-88.11,113.2,53.054432,-1.794741,9.78,4,118.63,17 / 21,35.86461117678356,3.2588734916776154,1.0417596000002112,2185.3439186299343,524.2640582484856,40.35368334263786,False,79.0,9.44118630459234,-5.534682030101071,311.50942353280493,328.52541077169417,10.943888888888889,120.38,-26.42342487219122,-8.793555521778686,-1873.8344950971293,-195.73864747679147
598215.0,-0.4871,2.5636,9.2856,0.0028,-0.005,9.8066,-0.087,0.1578,-0.0044,238.83,-88.08,107.89,53.054432,-1.794741,9.78,4,118.63,17 / 21,35.80557585285515,3.0480849505354644,1.0269580500002113,2188.963263074931,524.5825596498174,40.458153583962876,False,79.101,9.336260494129794,-5.496687376549878,312.44817602251453,327.9643211717657,10.834225000001718,120.48746999997425,-26.469315358725353,-8.544772327085342,-1876.5150870524167,-196.61823847805175
598315.0,2.1713,1.6097,10.2637,0.0606,0.0058,9.8064,-0.0273,-0.2016,0.1939,238.76,-88.19,110.23,53.054432,-1.794741,9.78,4,118.63,17 / 21,35.56904835393174,3.001468465004636,1.0237580500002108,2192.531994285271,524.8850373205945,40.56068938896292,False,79.20100000000002,9.59883827906159,-5.266506621816259,313.4170728606076,327.4528245095689,10.948688888885123,118.75184999999956,-25.970210074870153,-8.267975086820895,-1879.1149214246634,-197.43221281102558
598415.0,-0.3007,-0.9594,9.4373,-0.0085,0.0004,9.8066,0.0428,0.0236,-0.0025,247.66,-87.95,117.35,53.054432,-1.794741,9.78,4,118.63,17 / 21,35.47895353791869,3.047524477289508,1.028143050000207,2196.0843943798604,525.187486967709,40.66328444396285,False,79.30099999999993,9.4852722155698,-5.203722306382349,314.3594346513883,326.9408830670061,10.81894999999982,118.74963999996251,-25.99368132234889,-8.251246783671856,-1881.7249597284722,-198.2466039007029
598515.0,-0.6469,-0.5207,9.3136,-0.012,0.017,9.8066,-0.0212,-0.2174,0.1172,243.62,-88.1,112.83,53.054432,-1.794741,9.78,4,118.63,16 / 19,35.55125344005018,3.0257157670988373,0.9850230500001971,2199.6359047287597,525.4911489799284,40.7639427489629,False,79.40099999999995,9.374021195291066,-5.411738960273593,315.29511255125726,326.38513082355405,10.824011111112581,119.99835000000394,-26.177232244759118,-8.43745472737243,-1884.3407921775024,-199.10601815637438
598615.0,0.5932,-0.8115,10.7921,-0.0202,0.0022,9.8066,0.0764,-0.0713,0.0289,243.38,-88.28,112.19,53.054432,-1.794741,9.78,4,118.63,16 / 19,35.59678037343862,3.043698851235059,1.0096430500002027,2203.193306419435,525.7946197108452,40.86367605396294,False,79.50099999999998,9.315427226419011,-5.318063572128433,316.2243739157593,325.8517287605851,10.726588888888884,119.72158000000013,-26.28135314701961,-8.361762423363492,-1886.9689325036757,-199.94289095026005
598715.0,0.5055,1.3755,10.1967,0.0269,0.0176,9.8066,0.0277,-0.1365,0.0966,246.17,-88.35,114.9,53.054432,-1.794741,9.78,4,118.63,16 / 19,35.53128950934782,3.0747664109806805,1.0784180500002183,2206.7497099135753,526.1005429739561,40.96807910896298,False,79.601,9.483469352120462,-5.11464364030991,317.17308540309153,325.3500172516923,10.775100000001778,118.33851000006537,-26.04782015722736,-8.18941005129059,-1889.5766245104837,-200.75052572226377
598815.0,1.4438,1.2744,9.5321,0.0097,-0.0086,9.8066,-0.0322,-0.0306,0.0422,247.14,-88.21,116.22,53.054432,-1.794741,9.78,4,118.63,16 / 19,35.35576498190058,3.103409728696268,1.0841930500002197,2210.2940626381387,526.40945178094,41.07620966396303,False,79.70100000000002,9.164753258319541,-5.887567919053837,318.08222825568873,324.7175405084141,10.893069444438895,122.71675999991885,-26.191011723581035,-8.990977647750105,-1892.21183438245,-201.69191127252589
598915.0,1.1869,1.6064,9.0984,0.0238,0.0207,9.8066,-0.0355,-0.1367,0.0989,248.25,-88.27,117.23,53.054432,-1.794741,9.78,4,118.63,16 / 19,35.15662053424714,3.162361966868148,1.0350530500002644,2213.819681913943,526.722740365718,41.182171968962955,False,79.80099999999993,9.275371639747727,-5.339640713479302,319.00473889023186,324.21649616912856,10.702544444442665,119.92810999997893,-25.881248894499414,-8.502002680347449,-1894.814943023711,-202.50624419658942
599015.0,-1.0423,-0.6877,9.9411,-0.0173,0.0448,9.8065,-0.0302,-0.2551,0.1589,237.92,-88.28,106.52,53.054432,-1.794741,9.78,4,118.63,16 / 19,35.10181717151991,3.152447738805639,1.0063630500002578,2217.332603799232,527.0384808510017,41.284242773963,False,79.90099999999995,9.256990479897391,-5.484674080561523,319.93994891770626,323.6494020434026,10.759844444447568,120.64659999997829,-25.844826691622522,-8.637121819367161,-1897.3926548815257,-203.38907880759916
599115.0,1.3472,1.933,10.1374,-0.0481,0.0345,9.8064,-0.0207,0.0892,-0.0798,207.85,-88.47,74.66,53.054432,-1.794741,9.78,4,118.63,16 / 19,35.043388312021605,3.059001628018459,1.0296230500002632,2220.83986407341,527.349053319343,41.38604207896305,False,80.00099999999998,8.941276619139098,-5.60856984713425,320.82262356204745,323.08197433357583,10.554744444444419,122.09852999999994,-26.10211169288251,-8.667571475152709,-1900.0172405113624,-204.26707898576723
599215.0,-0.0237,0.1129,9.5502,0.0263,0.0259,9.8066,0.0236,-0.044,0.1569,204.68,-88.36,73.93,53.054432,-1.794741,9.78,4,118.63,16 / 19,34.93096765238029,2.982819609393603,1.033338050000264,2224.3385818716306,527.6511443812137,41.4891901339631,False,80.101,9.110325235057724,-5.853766546550194,321.74486684101873,322.48241128787464,10.82896388888451,122.72180999996594,-25.820642417322567,-8.836586155943797,-1902.5937150306117,-205.16873309333909
599315.0,0.4505,-0.139,10.2617,0.0202,-0.0019,9.8066,0.1035,0.013,0.0589,213.1,-88.79,79.73,53.054432,-1.794741,9.78,4,118.63,16 / 19,34.90744607400337,2.9790978837649886,1.0432680500002662,2227.8305025579507,527.9492402558717,41.59302043896315,False,80.20100000000002,9.084508551747804,-5.334593033076261,322.65400969364197,321.9708034307533,10.535000000003192,120.42228999998935,-25.822937522255565,-8.31369091684125,-1905.1764928643088,-205.97843682511842
599415.0,1.5309,-2.7138,9.4355,0.0137,-0.0105,9.8066,-0.0473,-0.0862,-0.0107,224.89,-88.79,94.15,53.054432,-1.794741,9.78,4,118.63,16 / 19,34.92402937577753,3.132700430730552,1.0474630500002624,2231.3220763304366,528.2548301715962,41.69755699396308,False,80.30099999999993,9.215350706599999,-5.328330931073118,323.5765203281588,321.4486320551712,10.644950000000149,120.03656000005468,-25.70867866917753,-8.46103136180367,-1907.745556002278,-206.80619811642498
599515.0,0.7609,-1.073,9.8597,0.0089,-0.0216,9.8066,-0.0628,0.1874,-0.0173,223.71,-88.64,91.03,53.054432,-1.794741,9.78,4,118.63,16 / 19,34.9638855408955,3.3341539084887364,1.0315580500002588,2234.816472076271,528.5781728885572,41.801508048963136,False,80.40099999999995,9.373479704512393,-5.0305325091817865,324.5119977112722,320.9700490905546,10.63808055555841,118.22162999998419,-25.590405836383106,-8.364686417670523,-1910.304474364999,-207.60812379800262
599615.0,2.478,0.8836,10.2282,-0.0064,0.0032,9.8066,-0.0164,0.1512,-0.1567,222.79,-88.56,92.4,53.054432,-1.794741,9.78,4,118.63,16 / 19,34.841526176485715,3.4369959261204697,1.0552880500002642,2238.306742662141,528.9167303802877,41.90585035396319,False,80.50099999999998,9.115580458980434,-5.107141300493125,325.4212742417422,320.4478777149427,10.448794444444438,119.26048000000013,-25.725945717505283,-8.544137226613595,-1912.8854684203989,-208.46885266534503
599714.0,0.3569,-2.4828,9.8428,0.0004,-0.0433,9.8065,0.0372,0.1044,-0.1566,225.76,-88.57,95.48,53.054432,-1.794741,9.78,4,118.63,16 / 19,34.78639399461855,3.5729900065103806,1.0779442000002748,2241.753324710612,529.2637246839531,42.01144535033826,False,80.60000000000002,9.297041675868302,-4.927101680415831,326.347661533133,319.9745209125776,10.521944444445245,117.92200000003949,-25.48935231875025,-8.500091686926211,-1915.405663177479,-209.28920377137553
599815.0,2.5009,0.8777,9.9937,0.0159,-0.0111,9.8066,0.1574,0.2339,-0.0988,238.43,-88.2,104.78,53.054432,-1.794741,9.78,4,118.63,16 / 19,34.74669764473214,3.7456116814222082,1.0892158000002747,2245.2647458383994,529.6333140691937,42.12088693033829,False,80.70100000000002,9.104272061845268,-5.381149666254945,327.2591437476138,319.4023118202247,10.575669444443175,120.58549999997557,-25.64242558288687,-9.126761347677153,-1918.0056020907857,-210.231002248969
599915.0,0.7305,-0.6069,9.3507,0.0048,0.0082,9.8066,-0.0353,-0.0257,0.0406,245.03,-88.04,111.96,53.054432,-1.794741,9.78,4,118.63,16 / 19,34.641097834728676,3.8653436246205537,1.075770800000287,2248.7341356123693,530.0138618344955,42.229136260338215,False,80.80099999999993,9.143742035161965,-5.226468264814962,328.17476997442157,318.89048157327915,10.532055555555225,119.75182999997678,-25.497355799566712,-9.091811889435515,-1920.5593656379478,-211.12338026121637
600014.0,2.151,-1.5039,8.6552,-0.0162,-0.0046,9.8066,-0.0434,0.0066,-0.0061,238.63,-88.07,107.8,53.054432,-1.794741,9.78,4,118.63,16 / 19,34.646497868548934,4.030838327806271,0.9962045000002498,2252.1638715996833,530.4047228411408,42.33169903768829,False,80.89999999999998,9.081681496495374,-5.355285393304508,329.07468905747766,318.35107498310583,10.54305555555539,120.52699999998843,-25.56481637205356,-9.38612372111078,-1923.0891825422057,-212.053647858035
600114.0,-2.125,0.8252,9.5746,-0.0015,0.0521,9.8064,-0.0818,-0.1864,0.1125,232.31,-88.13,100.96,53.054432,-1.794741,9.78,4,118.63,16 / 19,34.673340795636335,4.041193223725449,0.9270295000002342,2255.6298635328935,530.8083244187175,42.427860737688334,False,81.0,8.937198200031704,-5.031332175160657,329.9636465593139,317.86181730647354,10.25611111111111,119.378,-25.736142595604633,-9.072525398886105,-1925.6662169735796,-212.94650711224392
600214.0,-0.5327,-1.1037,9.9974,-0.0241,0.0219,9.8065,0.024,-0.2011,0.0336,214.46,-88.02,84.83,53.054432,-1.794741,9.78,4,118.63,16 / 19,34.747941966656654,3.948539558481646,0.9249645000002339,2259.100927671009,531.2078110578279,42.52046043768838,False,81.10000000000002,8.941008908679144,-5.2410449908510355,330.85928795215676,317.32808165801765,10.363888888887443,120.37799999999429,-25.80693305797751,-9.189584549332682,-1928.241639718852,-213.8797293998103
600314.0,1.1523,-1.027,10.3693,0.0323,-0.0327,9.8065,0.0222,0.1295,-0.1696,223.01,-87.91,94.24,53.054432,-1.794741,9.78,4,118.63,16 / 19,34.784191396320345,4.041064347357671,0.9626345000001998,2262.5775343391547,531.6072912531196,42.61484038768831,False,81.19999999999993,8.891519209092296,-5.131658942301416,331.7482454539921,316.80546550340256,10.266111111115025,119.99100000000116,-25.89267218722805,-9.172723289659087,-1930.8292888851624,-214.801825749717
600414.0,-0.8816,-2.5031,9.823,0.0565,0.0225,9.8064,0.0147,-0.079,0.101,229.84,-87.63,99.31,53.054432,-1.794741,9.78,4,118.63,16 / 19,34.889434040880225,4.151621549319813,0.9915845000002065,2266.0612156110155,532.0169255479535,42.71255133768835,False,81.29999999999995,9.007125356976415,-5.206975784077874,332.6505707377499,316.2828493481175,10.403888888884815,120.03199999999879,-25.88230868390381,-9.358597333397686,-1933.4106448732657,-215.734076199836
600514.0,-0.2826,-0.3118,9.6796,-0.0317,-0.0389,9.8065,-0.0505,0.3649,-0.2521,226.98,-87.57,98.47,53.054432,-1.794741,9.78,4,118.63,17 / 19,35.02234572715538,4.1860302647574095,0.9860495000002053,2269.5568045994182,532.4338081386575,42.811433037688396,False,81.39999999999998,8.916070544432975,-5.039951592012565,333.5462121305399,315.7713526852197,10.241944444446837,119.47800000000818,-26.106275182722406,-9.225981856769973,-1936.0105924688783,-216.66245545343776
600614.0,2.9408,1.2377,9.4155,-0.0188,0.0252,9.8066,-0.0867,0.2488,-0.0903,221.66,-87.65,90.5,53.054432,-1.794741,9.78,4,118.63,17 / 19,34.881151951910134,4.224088850761861,0.9601395000001995,2273.051979483372,532.8543140944336,42.908742487688436,False,81.5,8.835385723596426,-5.148719022442241,334.42180185041525,315.2598560230296,10.226111111111111,120.231,-26.04576622831371,-9.372807873204103,-1938.630177632957,-217.59445807140395
600714.0,-0.4382,-1.0711,9.7907,-0.0437,-0.0263,9.8064,-0.0259,0.3021,-0.119,212.34,-87.4,83.39,53.054432,-1.794741,9.78,4,118.63,17 / 19,34.76794486257558,4.294082444132575,0.939784500000195,2276.534434324097,533.2802226591784,43.003738687688475,False,81.60000000000002,8.946742544753079,-5.097338789002066,335.3241271342118,314.7483593608396,10.296944444443694,119.67200000000443,-25.821202317822504,-9.39142123313464,-1941.2103071898855,-218.53186329833886
600814.0,2.4223,3.4297,9.9054,-0.0486,-0.0546,9.8063,-0.0521,0.4572,-0.3394,204.47,-87.6,77.38,53.054432,-1.794741,9.78,4,118.63,17 / 19,34.62680510846912,4.205409483173049,0.9439245000001912,2280.004171822646,533.7051972555433,43.09792413768841,False,81.69999999999993,8.875895049791836,-5.11871858635915,336.2064007450667,314.236862697943,10.24611111111225,119.97199999999425,-25.750910058677285,-9.324128069532199,-1943.7977710775795,-219.46833455760031
600914.0,0.3967,-1.2611,11.0219,0.0207,-0.0154,9.8066,0.0706,0.0035,0.0907,212.92,-87.38,84.07,53.054432,-1.794741,9.78,4,118.63,17 / 19,34.45604348042436,4.1469607164448945,1.0096245000002062,2283.4583142520914,534.1228157655244,43.19560158768845,False,81.79999999999995,8.928607248030824,-5.107255074940994,337.1020421378179,313.736485528215,10.286111111109928,119.77000000000596,-25.52743623239354,-9.254215791385889,-1946.3562721142735,-220.38633023730938
601014.0,2.5948,5.7199,8.9061,-0.0144,-0.0791,9.8062,0.0101,0.4806,-0.2522,218.9,-87.59,90.28,53.054432,-1.794741,9.78,4,118.63,17 / 19,34.18399021780358,4.054325392229884,1.0253595000002098,2286.890315937004,534.5328800709582,43.297350787688494,False,81.89999999999998,8.828832809612486,-4.8886658598968316,337.98431574867385,313.2472278508759,10.091944444447314,118.97400000001177,-25.355157408191097,-8.942991252126715,-1948.90600018833,-221.28565222008228
601114.0,-1.2486,-0.6951,9.9623,-0.0175,0.0435,9.8064,0.0811,-0.4565,0.1752,221.24,-87.51,92.94,53.054432,-1.794741,9.78,4,118.63,17 / 19,33.96308069207413,3.8836436241034544,0.9881145000002014,2290.2976694824983,534.9297785217749,43.39802448768854,False,82.0,8.818424507609974,-5.173325160467826,338.8599054685224,312.7134922031278,10.223888888888888,120.398,-25.144656184464154,-9.05696878457128,-1951.437764013976,-222.21628631864706
601214.0,-1.7621,-2.9043,9.861,-0.0201,-0.0027,9.8066,0.0028,0.0176,-0.0052,217.37,-87.46,86.5,53.054432,-1.794741,9.78,4,118.63,17 / 19,34.181093223129416,3.915864879712495,0.9986145000002039,2293.704878178259,535.3197539469658,43.49736093768858,False,82.10000000000002,8.768156864884647,-5.184234250180039,339.73549518837115,312.1908760470973,10.18611111111417,120.59400000000137,-25.41293635824477,-9.100099129892534,-1953.969382989888,-223.12887789986848
601314.0,-1.113,0.3696,9.849,0.0454,0.0703,9.8063,0.0051,-0.2921,0.1017,214.46,-87.25,86.02,53.054432,-1.794741,9.78,4,118.63,17 / 19,34.36556211122327,3.915811519610085,1.0034495000001995,2297.132210944974,535.7113377669315,43.59746413768851,False,82.19999999999993,8.937696114341747,-5.304073146967155,340.6311365812123,311.6571404000574,10.393055555547566,120.68699999997976,-25.427865996881522,-9.21988466657724,-1956.5010743637615,-224.05419736687406
601414.0,0.5185,0.2273,9.8383,0.0285,0.0498,9.8065,0.0816,-0.1104,0.0547,212.91,-86.46,85.32,53.054432,-1.794741,9.78,4,118.63,17 / 19,34.36453055814619,3.8580247937322376,1.0071495000002004,2300.568715578443,536.1000295825987,43.697994087688556,False,82.29999999999995,8.759406020911552,-5.052150691390436,341.5000424099905,311.1567632303294,10.111944444452753,119.97500000002104,-25.60512453723464,-8.910175485122673,-1959.0686731684525,-224.94326635226935
601514.0,2.4648,1.8365,9.451,-0.0018,0.0183,9.8066,-0.0195,-0.0707,0.0307,215.07,-86.34,88.07,53.054432,-1.794741,9.78,4,118.63,17 / 19,34.174362355876006,3.8426672315066113,0.9909495000001969,2303.995660224145,536.4850641838608,43.7978990376886,False,82.39999999999998,8.758774412375647,-5.248872347137054,342.37563212983883,310.62302758187434,10.211111111109645,120.93299999998585,-25.41558794350036,-9.091539578643665,-1961.6200280943062,-225.86203660198646
601615.0,0.7078,-0.0171,10.9229,0.0077,0.0284,9.8066,0.0124,-0.2162,0.2273,212.36,-86.4,85.61,53.054432,-1.794741,9.78,4,118.63,17 / 19,33.98085706510078,3.842387250354021,1.0293598000001967,2307.4374988049044,536.8731594351948,43.89992465733862,False,82.50099999999998,8.763431926471684,-5.197308950482664,343.26659479898274,310.1067495378349,10.188730555555567,120.67066000000013,-25.217425138629096,-9.039696200836685,-1964.1709040059218,-226.7664098973599
601715.0,1.6477,4.229,10.2067,0.0001,-0.0048,9.8066,0.0179,0.1413,0.1596,208.07,-86.8,82.37,53.054432,-1.794741,9.78,4,118.63,17 / 19,33.77167325752959,3.6981571696899733,1.105174800000214,2310.825125321037,537.2501866561971,44.00665138733867,False,82.601,8.763968197104186,-4.95038121180564,344.1357679834905,309.62794418336824,10.065475000003552,119.45994000001606,-25.00770506042541,-8.648538381495612,-1966.6893573375464,-227.62224247282887
601814.0,-2.0483,3.7207,10.7458,-0.0038,-0.001,9.8066,0.0304,-0.1992,0.1209,210.89,-87.26,84.83,53.054432,-1.794741,9.78,4,118.63,17 / 19,33.58638057505029,3.3256972431269576,1.1714652000001688,2314.1593489857473,537.5978674496313,44.119345067338614,False,82.69999999999993,8.875160790032714,-5.236845037906268,345.0224529623776,309.08853759459697,10.304999999998918,120.54299999999071,-24.711219785017576,-8.562542281033226,-1969.1368960233697,-228.5093298550343
601914.0,1.1481,1.6075,10.3431,-0.029,-0.0756,9.8062,0.105,0.363,-0.1171,216.41,-87.5,89.81,53.054432,-1.794741,9.78,4,118.63,17 / 19,33.47635191156617,3.0672657362441114,1.2452452000001857,2317.512485610079,537.9175155986,44.240180587338656,False,82.79999999999995,8.872018836144271,-5.166955582974647,345.90472657314234,308.5770409317368,10.266944444445569,120.21600000000966,-24.6043330754219,-8.234221319218758,-1971.6077590369364,-229.34047466686314
602014.0,2.7021,1.8569,8.6551,-0.0209,-0.0334,9.8065,-0.0928,0.3584,-0.1144,221.93,-88.12,97.57,53.054432,-1.794741,9.78,4,118.63,17 / 19,33.20992948078554,3.0431571195715015,1.2144902000001787,2320.846799679697,538.2230367413908,44.3631673573387,False,82.89999999999998,8.65479205583558,-4.955442622463648,346.7669485110305,308.0877832543973,9.973055555559899,119.79400000000624,-24.55513742494996,-7.99859974203515,-1974.0798511686667,-230.13525348699352
602114.0,-2.2562,2.5842,10.3284,-0.0472,0.0354,9.8064,-0.1019,0.0469,0.0687,197.31,-88.02,73.2,53.054432,-1.794741,9.78,4,118.63,17 / 19,33.10940770129394,2.8916406918740334,1.1830002000001716,2324.162766538802,538.5197766319632,44.48304187733875,False,83.0,8.562152624649293,-5.262322912194879,347.6224865579111,307.5540476066493,10.049999999999999,121.575,-24.547255076644646,-8.153963604068913,-1976.5402799808908,-230.96572902531386
602214.0,-2.6143,3.9183,8.6812,-0.0254,0.0093,9.8065,-0.2125,0.1939,-0.0559,190.22,-87.82,61.44,53.054432,-1.794741,9.78,4,118.63,17 / 19,33.26985474460783,2.501175369973361,1.1528152000001648,2327.4817296610977,538.7894174350556,44.59983264733879,False,83.10000000000002,8.838911293327847,-5.559482973219095,348.51144405974713,306.98695348020993,10.441944444443012,122.16899999996501,-24.43094345127998,-8.060658343192456,-1978.9702856013505,-231.80246395484568
602314.0,2.4509,2.7216,10.3515,0.0283,-0.0036,9.8065,-0.1432,0.2265,-0.1503,179.93,-87.57,55.22,53.054432,-1.794741,9.78,4,118.63,17 / 19,33.241349126196525,2.131236826047885,1.1237852000001913,2330.8072898546347,539.0210380448565,44.71366266733871,False,83.19999999999993,8.976854148045126,-5.141508981286681,349.4070854525621,306.48657631115276,10.344999999996478,119.80200000002166,-24.264494978151397,-7.272745807334566,-1981.4002044020726,-232.53446173370372
602414.0,1.0988,1.9857,9.3948,0.0366,0.0455,9.8064,0.0371,-0.0456,0.1087,187.74,-87.34,61.08,53.054432,-1.794741,9.78,4,118.63,17 / 19,33.051536253288276,1.8862897723752376,1.130435200000193,2334.1219341236097,539.2219143747777,44.82637368733875,False,83.29999999999995,8.801007280952325,-5.197440060873955,350.2893590633269,305.9639601558677,10.221111111114773,120.56399999997747,-24.25052897233595,-7.083729833249192,-1983.8325750602828,-233.25795421891002
602514.0,1.0657,0.6331,10.0711,-0.0111,-0.0502,9.8064,0.0431,0.6096,-0.1298,183.63,-87.38,59.38,53.054432,-1.794741,9.78,4,118.63,17 / 19,32.92834666207286,1.7493217174683129,1.1230652000001913,2337.4209282693787,539.40369494927,44.9390487073388,False,83.39999999999998,8.880479034258203,-5.220151553885476,351.1783165651626,305.44134399983733,10.301111111109929,120.44800000000171,-24.04786762781466,-6.969473271353788,-1986.242611704216,-233.96235094943262
602615.0,1.7122,6.8491,8.1976,-0.0164,-0.0731,9.8063,-0.1189,0.6821,-0.4097,188.1,-87.74,64.24,53.054432,-1.794741,9.78,4,118.63,17 / 19,32.73801956416599,1.3726321075429202,1.0551629000001919,2340.7370797638036,539.561353617433,45.04904922638882,False,83.50099999999998,8.403460194927327,-5.5025748334972855,352.0090573764671,304.85846019476884,10.044875000000019,123.2160600000003,-24.33455936923866,-6.875206941040206,-1988.7280223873365,-234.7028934226642
602715.0,-0.2134,-0.5901,11.3059,-0.0093,-0.039,9.8065,-0.1161,0.0289,-0.0798,189.93,-87.67,66.32,53.054432,-1.794741,9.78,4,118.63,17 / 19,32.61938065333239,1.0551424210843257,1.0496729000001905,2344.0049497746795,539.6827423438644,45.15429101638886,False,83.601,8.521941404273711,-4.926589845252756,352.87181402560833,304.39144150368185,9.843580555560814,120.03322999996949,-24.09743924905868,-5.981732266337081,-1991.1331357490712,-235.2913008401826
602815.0,0.3101,3.8665,9.4282,0.0116,-0.0402,9.8065,-0.0521,0.375,-0.0102,190.76,-87.76,67.17,53.054432,-1.794741,9.78,4,118.63,17 / 19,32.58201318482645,0.877629025419067,1.1057129000002033,2347.265019466588,539.7793809161897,45.2620603063889,False,83.70100000000002,9.008485867248321,-4.7835277858694445,353.78764076923915,303.92442281120185,10.199763888893798,117.96854999997572,-23.57352731757813,-5.661156811288511,-1993.4773786973487,-235.85495810498782
602915.0,1.9352,-1.9232,10.1228,0.0202,-0.0088,9.8066,-0.0981,-0.0061,0.0403,190.61,-87.88,68.85,53.054432,-1.794741,9.78,4,118.63,17 / 19,32.45154203804832,0.7852339289885573,1.1025979000002062,2350.516697227729,539.86252406391,45.372475846388824,False,83.80099999999993,9.224391930147961,-4.726374575323046,354.71616690571744,303.4576265093037,10.364750000012272,117.12950000000741,-23.227150107900364,-5.511608504311603,-1995.8005303220114,-236.4048975546063
603015.0,1.5331,-2.4293,9.1842,-0.0042,-0.0354,9.8065,0.0649,0.0187,0.0339,192.75,-87.98,71.14,53.054432,-1.794741,9.78,4,118.63,17 / 19,32.32413166887637,1.0152936042551863,1.087282900000203,2353.7554809130756,539.9525504405722,45.48196988638887,False,83.90099999999995,8.87974533459523,-4.501633012547587,355.59195714224296,303.0127356074508,9.955630555554619,116.88295999999858,-23.44438633428114,-5.516926616802773,-1998.1635237708326,-236.93981483312137
603114.0,-0.2081,-1.0826,9.9872,0.0065,0.0206,9.8066,-0.0229,-0.1445,0.221,192.87,-87.93,72.52,53.054432,-1.794741,9.78,4,118.63,17 / 19,32.29625555875859,1.1818327369629997,1.0654088500001928,2356.954190080845,540.0613081944625,45.588528128013934,False,84.0,8.927898547445727,-4.544674316242474,356.4786421211577,302.56139540008974,10.018055555555554,116.978,-23.36835701131286,-5.726507053205474,-2000.4755479596872,-237.4999127943728
603215.0,0.6007,-0.4,9.9302,-0.0112,0.0042,9.8066,-0.0454,-0.0307,-0.0219,185.54,-87.96,66.3,53.054432,-1.794741,9.78,4,118.63,17 / 19,32.289136548238375,1.237948543455894,1.0807659000001926,2360.2157523822484,540.1835071491237,45.69690995288895,False,84.101,8.693494470011023,-5.522459978751723,357.3362521742562,301.9222469619052,10.299250000000532,122.42538999999029,-23.59564207822735,-6.760408522207617,-2002.8795002079924,-238.26126018721845
603315.0,0.9048,1.8564,10.5843,0.0275,-0.0081,9.8065,-0.0379,-0.1661,0.056,188.13,-87.82,69.2,53.054432,-1.794741,9.78,4,118.63,17 / 19,32.20270761204687,1.1574970842574244,1.1258259000002029,2363.4403445902635,540.3032794305094,45.80723954288899,False,84.20100000000002,8.78605460519663,-5.438467484057791,358.2118418940779,301.38895609316904,10.333069444438896,121.7567699999591,-23.41665300685024,-6.595964568315216,-2005.2285026961856,-238.91432333734036
603415.0,-1.3962,-1.446,10.6191,0.0234,-0.0292,9.8065,0.0347,-0.0135,0.1686,189.87,-88.12,70.96,53.054432,-1.794741,9.78,4,118.63,17 / 19,32.224741489929585,1.1135340822876945,1.2053309000001307,2366.6617170453596,540.4168309888365,45.92379738288891,False,84.30099999999993,8.75357194715309,-5.123768436773782,359.087632130618,300.8994760267114,10.14288611110832,120.34197000001788,-23.471169542776494,-6.237302519061476,-2007.5740849147417,-239.51735496212513
603515.0,1.8759,0.74,9.7669,0.0421,0.0496,9.8064,-0.0251,-0.1026,-0.0217,194.4,-88.24,75.78,53.054432,-1.794741,9.78,4,118.63,16 / 20,32.203670741923865,1.1426539294573568,1.2439659000001395,2369.883137656953,540.5296403894238,46.04626222288895,False,84.40099999999995,8.887801587319087,-5.07649525236833,359.98327352346047,300.38831294860745,10.235438888889888,119.73388000001654,-23.315869154604776,-6.219149181825687,-2009.8998641334924,-240.14132744081633
603615.0,-0.5193,-2.1582,10.5674,0.0086,0.0668,9.8063,0.0414,-0.3256,0.136,196.52,-87.4,76.93,53.054432,-1.794741,9.78,4,118.63,16 / 20,32.155986525788734,1.2087287013631787,1.2800159000001476,2373.101120520339,540.6472095209648,46.17246131288899,False,84.50099999999998,8.9241231789276,-4.87230174555918,360.8787812384309,299.91017476508773,10.167561111111123,118.63320999999999,-23.231863346861132,-6.081030446922359,-2012.222339281908,-240.73703475587706
603715.0,3.657,2.0311,9.8974,0.0214,-0.0022,9.8065,0.1283,0.1881,-0.1474,194.97,-87.17,77.11,53.054432,-1.794741,9.78,4,118.63,16 / 20,32.00538759741428,1.2364542148605802,1.3225909000001572,2376.3091892264997,540.769468666776,46.302591652889035,False,84.601,8.809594133582209,-4.810987692066464,361.761322204926,299.4322589693303,10.037688888891207,118.63951999997873,-23.195793463832068,-6.047441906927044,-2014.5478670215737,-241.3372096974457
603815.0,2.0728,-1.5272,9.5684,0.0186,0.0428,9.8065,0.0395,-0.0899,0.0104,201.48,-86.93,83.02,53.054432,-1.794741,9.78,4,118.63,16 / 20,31.729984052625177,1.277299780930628,1.3152159000001555,2379.4959578090024,540.8951563665656,46.43448199288908,False,84.70100000000002,9.066513845495917,-4.662486660616882,362.6703313797032,298.97591499027084,10.195130555559125,117.21455000002457,-22.663470207129258,-5.93978644154751,-2016.8256264292993,-241.9192413762948
603914.0,-1.0203,-1.7411,10.2707,-0.0052,-0.0351,9.8065,0.0167,0.4469,-0.2682,204.86,-86.67,87.07,53.054432,-1.794741,9.78,4,118.63,16 / 20,31.73877352271924,1.425459176824696,1.326393000000148,2382.6376613089797,541.0289429349745,46.56524163343901,False,84.79999999999995,9.105139949026745,-4.853730210476446,363.57025046271906,298.48054159224046,10.318055555551886,118.06099999997474,-22.633633573692492,-6.279189387301142,-2019.0674108462606,-242.548401342734
604015.0,0.028,-1.4401,9.1586,0.0183,-0.0125,9.8066,0.0115,0.2782,-0.1482,207.42,-86.66,91.64,53.054432,-1.794741,9.78,4,118.63,16 / 20,31.84826360191699,1.5320295950161646,1.3171010000001482,2385.8488066837735,541.1782961179524,46.69873808043902,False,84.90099999999995,8.984489628781592,-4.555719477244836,364.4816658382642,298.03042452954134,10.073588888883553,116.88718999996699,-22.863773973135398,-6.087749072261001,-2021.3671408455093,-243.14787158841108
604115.0,-2.3504,-3.8431,11.0427,-0.0461,-0.0929,9.8061,0.0782,0.6213,-0.3763,210.34,-86.52,93.53,53.054432,-1.794741,9.78,4,118.63,16 / 20,32.07148673730069,1.686804495952544,1.346501000000155,2389.044794200735,541.3392378225009,46.83191818043907,False,85.00099999999998,9.110727861438477,-5.067240894663209,365.3903408185448,297.49724485642093,10.42508055555559,119.08204000000002,-22.96075887586221,-6.754045390615753,-2023.6544533821902,-243.84199296607994
604215.0,0.9781,5.3082,9.8131,0.0311,-0.0689,9.8063,-0.1401,0.8328,-0.3804,219.19,-86.73,101.49,53.054432,-1.794741,9.78,4,118.63,16 / 20,32.055572570770536,1.6030776248180434,1.4086260000001691,2392.251147166139,541.5037319285394,46.969674530439114,False,85.101,8.800700184632339,-4.8523987805542195,366.26633157185324,297.01932906135664,10.049825000002599,118.87109999997519,-23.254872386138196,-6.455476405372263,-2025.984815594286,-244.48440286718278
604315.0,-1.7547,-4.6733,10.3162,0.0252,-0.0531,9.8064,-0.0278,-0.022,0.1407,222.52,-86.53,107.49,53.054432,-1.794741,9.78,4,118.63,16 / 20,32.06214596359187,1.526783165815436,1.4344260000001752,2395.457033092858,541.6602249680711,47.11182713043917,False,85.20100000000002,9.096100245620145,-4.675701137956061,367.18215831545746,296.5629850816039,10.227480555562684,117.20453000001876,-22.966045717971724,-6.202484303771497,-2028.2748747774008,-245.0972398864672
604415.0,2.0763,2.8148,9.1635,-0.0252,-0.1077,9.806,-0.0506,0.3797,-0.2353,225.61,-86.84,110.33,53.054432,-1.794741,9.78,4,118.63,16 / 20,32.10034819919403,1.6016298500354587,1.4277460000001814,2398.6651578009946,541.8166456188635,47.25493573043905,False,85.30099999999993,9.258883371947576,-4.892735936392706,368.11101864645855,296.06260791257637,10.472144444447146,117.85364999999214,-22.841464827246455,-6.4943657864281645,-2030.5541391545362,-245.75403770628714
604515.0,0.0699,0.0275,10.1612,0.0284,0.0322,9.8065,0.0121,-0.3552,0.4132,223.65,-86.85,109.53,53.054077,-1.793473,10.32,4,103.88,16 / 17,31.912348108856534,1.5650767735163962,1.413316000000178,2401.865792616398,541.9749809500412,47.3969888304391,False,85.40099999999995,9.15683475199889,-4.892648830824564,369.02009466017216,295.562341937736,10.381986111111049,118.11632999999951,-22.755513356857644,-6.45772560434096,-2032.8456979562256,-246.4126390123052
604615.0,0.201,-2.4294,10.4439,-0.0319,-0.0568,9.8064,0.0715,0.0015,-0.0364,228.12,-87.18,113.83,53.054077,-1.793473,10.32,4,103.88,16 / 17,31.9809831525412,1.6416234848547169,1.4629060000001894,2405.0604591794686,542.1353159629598,47.54079993043915,False,85.50099999999998,9.159925778683332,-4.9005100722844075,369.9360550815965,295.0729730654801,10.388419444444423,118.14659000000002,-22.82105737385787,-6.542133557139124,-2035.124404097872,-247.0623428974797
604717.0,-0.5905,-0.5583,9.5305,0.0342,0.0198,9.8065,0.0163,-0.5637,0.1362,235.11,-86.95,118.66,53.054077,-1.793473,10.32,4,103.88,16 / 17,32.093824478111934,1.711105116164806,1.481322100000185,2408.328274368631,542.3063051216118,47.690955563539134,False,85.60299999999995,9.382210787949186,-4.965455081516821,370.89713176724734,294.5629219377513,10.615177777776923,117.88954999999108,-22.71161369016275,-6.676560197681628,-2037.4311426013835,-247.7433831838605
604814.0,-1.3695,-3.0769,10.1931,0.0362,0.0866,9.8062,0.0316,-0.312,0.3748,231.3,-86.82,118.0,53.054077,-1.793473,10.32,4,103.88,16 / 17,32.27756757821934,1.7330695921257764,1.486671650000184,2411.4502868833624,542.4733475949638,47.83490326041412,False,85.69999999999993,9.382661656543481,-4.8413012045396995,371.8048041638631,294.088341989361,10.558055555557994,117.2929999999869,-22.894905921675857,-6.574370796665476,-2039.6454827194993,-248.38500560560277
604914.0,1.5992,3.5102,9.9485,0.0112,0.0611,9.8065,-0.1053,-0.0578,0.096,228.92,-87.03,114.97,53.054077,-1.793473,10.32,4,103.88,16 / 17,32.24302208779184,1.7082056600783262,1.51308665000019,2414.6763163666637,542.6454113575741,47.98489117541418,False,85.79999999999995,9.497902476048043,-4.80439582408013,372.7606005755138,293.61020380519005,10.643888888886353,116.83200000001362,-22.7451196117438,-6.512601484158456,-2041.91571579115,-249.035207552384
605014.0,-0.3917,-2.4596,10.8652,0.0062,0.0483,9.8064,-0.0035,-0.2875,0.1967,220.33,-86.78,106.1,53.054077,-1.793473,10.32,4,103.88,16 / 17,32.141406658763906,1.720557582405025,1.5731066500002038,2417.8955378039923,542.8168495196983,48.13920084041423,False,85.89999999999998,9.603757011338091,-4.986411229143654,373.71639698726057,293.10982663542626,10.821111111108493,117.43899999999103,-22.537649647425816,-6.706968811548679,-2044.1791408167317,-249.70702288427202
605114.0,-0.1608,2.4397,10.5631,0.0066,-0.0305,9.8065,0.1386,0.133,0.0276,219.28,-86.96,109.23,53.054077,-1.793473,10.32,4,103.88,16 / 17,32.15478588141226,1.6875106722389148,1.6638566500002245,2421.1103474310016,542.9872529324305,48.30104900541429,False,86.0,9.57234655747614,-4.942560812641674,374.6721933990074,292.6094494656618,10.773055555555556,117.309,-22.58243932393612,-6.630071484880589,-2046.4381540319941,-250.37780346676868
605214.0,0.2521,1.39,9.8582,0.0548,0.0072,9.8065,-0.0203,0.1259,0.1072,231.83,-86.92,121.74,53.054077,-1.793473,10.32,4,103.88,16 / 17,32.009870237621364,1.541516118078684,1.7042566500002339,2424.318580236954,543.1487042719464,48.46945467041435,False,86.10000000000002,9.672482619682116,-5.03367389420124,375.6413575927683,292.10907229519023,10.903888888888034,117.49299999998989,-22.33738761793925,-6.575190012279924,-2048.677222644186,-251.03963197675614
605314.0,-1.2332,0.6158,9.6728,0.0066,-0.0098,9.8066,-0.1016,-0.0835,0.0053,240.65,-87.07,127.54,53.054077,-1.793473,10.32,4,103.88,16 / 17,31.937010774541868,1.4285263745709718,1.7001416500002378,2427.5159242875593,543.2972063965788,48.63967458541422,False,86.19999999999993,9.680316682218496,-4.891788544756053,376.6105217864753,291.619814618559,10.84611111111463,116.80899999999968,-22.25669409232337,-6.320314919327025,-2050.905402501084,-251.67739177801974
605414.0,-2.7337,-1.2069,10.4029,0.0016,0.0233,9.8065,0.0516,-0.1314,0.2693,235.43,-87.13,125.17,53.054077,-1.793473,10.32,4,103.88,16 / 17,32.05345809043354,1.270685922277671,1.7232616500002431,2430.7154477308086,543.4321670114213,48.81084475041428,False,86.29999999999995,9.791839074840587,-4.945784824711308,377.5930537621257,291.119437448831,10.969999999996336,116.79800000000033,-22.26161901559295,-6.216470746988978,-2053.122393968683,-252.31272956259028
605515.0,1.9116,1.6613,9.9853,0.0175,0.0135,9.8066,0.0329,-0.0208,0.0409,246.01,-87.19,132.94,53.054077,-1.793473,10.32,4,103.88,16 / 20,32.05131242409143,1.2355933084372495,1.762394100000243,2433.952738641792,543.5587341125723,48.98687036578931,False,86.40099999999995,9.988364306917255,-4.951276048973171,378.60552956945526,290.6250648041631,11.148211111112118,116.36783999999429,-22.062948117174173,-6.186869357410421,-2055.347209072337,-252.9336693084092
605615.0,2.9949,-3.5352,11.0144,0.0407,0.0358,9.8064,0.0977,-0.3023,0.1964,242.47,-86.91,134.39,53.054077,-1.793473,10.32,4,103.88,16 / 20,32.00882902397873,1.4945307139321276,1.8317141000002588,2437.155745714196,543.6952403136909,49.166575775789376,False,86.50099999999998,9.897011766907566,-4.992356800936915,379.59487911397736,290.1130121673305,11.084938888888855,116.76712999999982,-22.11181725707116,-6.486887514869043,-2057.560866600219,-253.58222814636036
605714.0,1.9683,3.213,10.004,0.0189,-0.0226,9.8065,-0.1052,0.2737,-0.0278,249.4,-86.68,139.01,53.054077,-1.793473,10.32,4,103.88,16 / 20,31.89697954041535,1.733568587978561,1.9012665500002914,2440.319083238135,543.8550312291355,49.35135831796449,False,86.60000000000002,10.05925112066117,-5.498382975770177,380.5874369261806,289.55158898215507,11.463888888887707,118.66099999998337,-21.837728419754182,-7.231951563748738,-2059.7316463119546,-254.30344224698047
605814.0,0.5326,3.1583,10.4118,0.0155,0.0252,9.8066,0.0476,-0.0174,0.063,248.76,-86.65,142.65,53.054077,-1.793473,10.32,4,103.88,16 / 20,31.539154220996846,1.7289929429700306,1.941391550000255,2443.4908899262027,544.0281593056828,49.54349122296434,False,86.69999999999993,10.094328022008403,-5.2628383994358625,381.59670446584965,289.0289728275409,11.383888888885116,117.5359999999701,-21.444826198988444,-6.991831342405893,-2061.894185460353,-254.99918647814195
605914.0,-0.2626,3.3148,10.3697,0.0013,-0.0468,9.8065,0.1365,0.3346,-0.2723,255.65,-86.46,149.34,53.054077,-1.793473,10.32,4,103.88,16 / 20,31.20864730552912,1.6359156500084353,1.9998015500002684,2446.6282800025297,544.1964047353318,49.74055087796441,False,86.79999999999995,10.070407457135559,-5.01740918023669,382.605972005473,288.53971514953037,11.251111111115033,116.48400000003109,-21.13823984839356,-6.6533248302451256,-2064.0223079970565,-255.65668958580147
606014.0,-0.6177,0.6695,10.6092,0.0339,-0.0048,9.8065,0.1035,0.0283,0.0345,255.36,-85.94,150.33,53.054077,-1.793473,10.32,4,103.88,16 / 20,31.009993844240523,1.5378253882160637,2.068081550000284,2449.739212060019,544.355091787243,49.943945032964486,False,86.89999999999998,10.147654811145376,-4.803059794806574,383.6219234361235,288.0726964584569,11.226944444444802,115.32900000001706,-20.862339033095147,-6.340885183022637,-2066.1172886238955,-256.28239532878615
606114.0,-0.3846,0.9079,10.9792,0.0446,-0.0108,9.8064,-0.0463,0.1029,0.0249,258.26,-85.82,153.66,53.054077,-1.793473,10.32,4,103.88,16 / 20,30.927996635966146,1.4658538678690973,2.166836550000306,2452.83611158403,544.5052757500473,50.155690937964565,False,87.0,10.227818062397155,-4.742605651065126,384.65124264876147,287.60567776667676,11.273888888888889,114.877,-20.70017857356899,-6.208459518934224,-2068.1848689352682,-256.89959798337054
606214.0,0.1278,-1.5179,10.1799,0.0217,0.0259,9.8065,0.1211,-0.0441,0.0582,260.71,-85.43,154.79,53.054077,-1.793473,10.32,4,103.88,16 / 20,30.944206708877516,1.4515768148841195,2.244126550000324,2455.9297217512726,544.651147284185,50.376239092964646,False,87.10000000000002,10.061568852044607,-5.041314050828661,385.65382629745164,287.083061611354,11.253888888891566,116.61299999998889,-20.882637856832908,-6.492890865712781,-2070.275895453821,-257.56808567283093
606314.0,-2.4723,-0.1851,9.8198,0.0145,-0.042,9.8065,0.0185,0.2313,-0.1083,260.02,-85.29,157.61,53.054077,-1.793473,10.32,4,103.88,16 / 20,31.03141252814312,1.345486115577238,2.2634465500003067,2459.028502713121,544.7910004307079,50.601617747964475,False,87.19999999999993,10.289840690995561,-4.987825533627304,386.68314551011525,286.58268444088316,11.434999999998807,115.86099999998846,-20.74157183714756,-6.333311649204542,-2072.3453572030057,-258.2083159898247
606414.0,1.3087,1.4341,10.2184,0.0224,-0.0284,9.8065,0.0277,0.4402,-0.1966,264.43,-84.98,162.22,53.054077,-1.793473,10.32,4,103.88,16 / 20,30.966907930412116,1.2795671020437747,2.2846915500003115,2462.1284187360493,544.9222530915889,50.829024652964556,False,87.29999999999995,10.287053366078805,-4.896758921516363,387.7124647227051,286.09342676357994,11.393055555556796,115.45500000001199,-20.67985456433331,-6.176326023560137,-2074.415954013344,-258.828826328009
606514.0,3.2636,1.063,9.4108,-0.0242,-0.0039,9.8066,0.053,0.0522,-0.1341,263.03,-84.99,160.76,53.054077,-1.793473,10.32,4,103.88,16 / 19,30.79919707170914,1.4897670516977868,2.2854865500003116,2465.216723986156,545.0607197992761,51.05753355796464,False,87.39999999999998,10.468205925130393,-4.71514337583845,388.7618356083106,285.6375275649319,11.48111111110981,114.24800000001784,-20.330991146578747,-6.204910427536237,-2076.4548883778452,-259.4231922343442
606614.0,-6.0134,-0.3625,10.3159,-0.0063,0.0164,9.8066,0.0293,-0.0196,0.085,260.42,-84.88,158.31,53.054077,-1.793473,10.32,4,103.88,16 / 19,30.77725098520473,1.3477332401694826,2.291156550000313,2468.2955463890025,545.2025948138695,51.286365712964724,False,87.5,10.31285278825198,-4.419668241830303,389.79115482097563,285.20386735113567,11.22,113.198,-20.46439819695275,-5.767401481999785,-2078.504391568027,-259.9987274627338
606714.0,0.1801,-0.4064,10.152,0.0306,0.0213,9.8065,0.0384,0.3784,0.0121,260.18,-84.46,159.8,53.054077,-1.793473,10.32,4,103.88,16 / 19,30.84645321988321,1.0620837249516017,2.3338865500003223,2471.3767315992577,545.3230856621255,51.51761786796481,False,87.60000000000002,10.457738246474904,-4.48284050502299,390.83384181560115,284.74796815107436,11.378055555553384,113.20299999998612,-20.388714973408305,-5.544924229974592,-2080.5428897836564,-260.5751175110512
606814.0,-1.2269,2.9994,10.0847,0.0534,-0.0559,9.8063,0.0671,0.4862,-0.3309,261.13,-83.78,161.92,53.054077,-1.793473,10.32,4,103.88,16 / 19,30.708999685578412,0.9862657534625088,2.365056550000294,2474.454504244528,545.4255031360461,51.752565022964625,False,87.69999999999993,10.393808811028013,-4.25518450716686,391.8698449192188,284.3254274304104,11.231111111116338,112.26400000005684,-20.3151908745504,-5.241450260629369,-2082.584659325309,-261.10007570563573
606914.0,-3.6321,-3.5067,11.1682,0.0843,-0.0051,9.8063,0.1106,-0.1837,0.0505,263.5,-83.33,162.07,53.054077,-1.793473,10.32,4,103.88,16 / 19,30.747708168300168,0.7380214088569302,2.4470365500003126,2477.5273396372227,545.5117174941621,51.99316967796471,False,87.79999999999995,10.406617835336442,-4.690898659012872,392.9125319137952,283.8472892462394,11.414999999994565,114.26399999994088,-20.341090332963724,-5.428920067869802,-2084.6148077234275,-261.6644282479227
607014.0,-0.4311,-1.3368,9.9271,0.0142,-0.0033,9.8066,-0.0464,0.1011,-0.0847,258.01,-82.63,161.63,53.054077,-1.793473,10.32,4,103.88,16 / 19,30.995123030034893,0.5658468970227384,2.5211365500003295,2480.6144811971403,545.576910909456,52.2415783329648,False,87.89999999999998,10.474713270384546,-4.710159965776754,393.9552189084208,283.36915106132625,11.484999999998966,114.21200000000077,-20.52040975965035,-5.276006862799492,-2086.6592622887197,-262.2077598481298
607114.0,-0.8978,-3.5912,10.5629,0.0093,0.0208,9.8066,-0.0471,-0.2621,0.2967,256.51,-82.65,159.94,53.054077,-1.793473,10.32,4,103.88,16 / 19,31.233130913541544,0.5514501597644041,2.5649715500003394,2483.72589389432,545.6327757622954,52.49588373796489,False,88.0,10.257319938405697,-4.635453055189315,394.9778542300789,282.91325186197145,11.25611111111111,114.319,-20.975810975135847,-5.18690321495372,-2088.7480396642413,-262.71952390032396
607214.0,0.6838,0.7144,8.8083,0.0298,0.0044,9.8066,-0.0441,0.0704,-0.0504,256.82,-82.66,160.63,53.054077,-1.793473,10.32,4,103.88,16 / 19,31.358760296885965,0.569221629395767,2.5528665500003367,2486.855488454842,545.6888093517534,52.75177564296498,False,88.10000000000002,10.448552475398543,-4.245266573837864,396.0339090066914,282.5129501261599,11.278055555551328,112.111999999997,-20.910207821487422,-4.814488203233632,-2090.8215794481507,-263.1758592255935
607314.0,-0.2954,3.9838,9.8144,0.0258,0.0321,9.8065,-0.0019,-0.3156,0.2306,256.84,-82.57,160.03,53.054077,-1.793473,10.32,4,103.88,16 / 19,31.10869954977615,0.5290743093908388,2.5033365500003817,2489.978861447172,545.7437241486928,53.004585797964786,False,88.19999999999993,10.198080425934034,-4.101462945844864,397.04986043736903,282.1126483896421,10.991944444453878,111.90899999995123,-20.910619123842118,-4.630537255235703,-2092.929001009803,-263.63107575905065
607415.0,-0.6436,0.0931,10.4429,0.0213,0.0174,9.8065,0.0288,-0.2064,0.0173,256.2,-82.27,160.59,53.054077,-1.793473,10.32,4,103.88,16 / 19,30.90235655282917,0.4303520214559424,2.5358585500003814,2493.110419780354,545.7921751784005,53.25906515051482,False,88.30099999999993,10.625509289691156,-3.9071800310845606,398.129643026929,281.73102740176216,11.321111111119347,110.18924000001114,-20.276847263138013,-4.337532052540503,-2094.980776753425,-264.06114777663834
607515.0,-3.795,1.8665,9.8704,0.0264,0.0354,9.8065,0.0708,-0.1491,0.0225,254.57,-82.11,159.2,53.054077,-1.793473,10.32,4,103.88,16 / 16,30.84929326489754,0.18426595058663658,2.5708585500003895,2496.198002271241,545.8229060770026,53.51440100551492,False,88.40099999999995,10.391832674086764,-3.7388898385651945,399.16571296948393,281.37609319578155,11.044119444447405,109.78775000004349,-20.457460590810776,-3.923155789151831,-2097.032289301757,-264.44681288122104
607615.0,-0.7944,-2.7308,10.9898,-0.0053,0.0128,9.8065,0.2352,-0.2102,0.1149,253.22,-81.75,158.34,53.054077,-1.793473,10.32,4,103.88,16 / 16,30.935428568415386,-0.028502136647706094,2.633203550000404,2499.2872383629074,545.8306942676995,53.77460411051502,False,88.50099999999998,10.381233917362676,-3.150443068830829,400.20860048083927,281.10911417767613,10.848763888888872,106.88189000000008,-20.55419465105271,-3.121940932183123,-2099.078637882068,-264.7215800900234
607714.0,-1.2269,2.3593,10.5256,-0.018,0.0453,9.8065,0.0696,-0.0036,-0.0501,251.03,-81.36,157.7,53.054077,-1.793473,10.32,4,103.88,16 / 16,30.969289398685707,-0.1293792862366172,2.727357500000448,2502.35152190228,545.8228791372668,54.039951882490186,False,88.60000000000002,10.6079394156392,-3.017948223121452,401.2607117617564,280.83390673383883,11.0288888888824,105.88099999999643,-20.36134998304651,-2.888568936884835,-2101.090810140524,-264.98897240342797
607814.0,-0.5022,-2.9862,9.7124,-0.0022,0.0441,9.8065,0.0058,-0.4374,0.255,253.31,-81.27,156.33,53.054077,-1.793473,10.32,4,103.88,16 / 16,31.011525220982982,-0.21382380900113818,2.75859250000042,2505.4505626332607,545.8057189825049,54.31424938248998,False,88.69999999999993,10.197900914930706,-2.854981073395666,402.2699793014532,280.55591941753784,10.590000000009095,105.640000000022,-20.813624306052276,-2.641157264394528,-2103.1805833318076,-265.2497995649671
607914.0,-0.634,1.2801,8.8418,-0.0196,0.0005,9.8066,0.0446,0.1819,0.0621,251.57,-81.63,157.35,53.054077,-1.793473,10.32,4,103.88,16 / 16,31.09464348072123,-0.252140148764877,2.705637500000408,2508.5558710683467,545.7824207846166,54.587460882490085,False,88.79999999999995,10.465362479447087,-3.082902556613505,403.31935018698294,280.233454130144,10.909999999990541,106.41399999997712,-20.629281001274144,-2.8307624078486278,-2105.236520881364,-265.5489666544726
608014.0,-1.6404,-4.5236,8.2309,0.0167,0.008,9.8066,-0.0648,-0.3134,0.0901,253.09,-81.7,158.64,53.054077,-1.793473,10.32,4,103.88,16 / 16,31.267800766986355,-0.3220017253112405,2.578607500000379,2511.6739932807327,545.7537136909128,54.851673132490184,False,88.89999999999998,10.8106522560105,-3.582818432869383,404.408824418577,279.82203290190944,11.388888888881812,108.33599999997159,-20.457148510975856,-3.2608167075581425,-2107.265168862156,-265.9316807890034
608114.0,0.6131,0.0605,10.13,0.0017,-0.0524,9.8064,-0.2811,0.4568,-0.2129,253.38,-82.04,157.73,53.054077,-1.793473,10.32,4,103.88,16 / 16,31.479883973085006,-0.3127858337645984,2.515987500000365,2514.811377517737,545.721974312959,55.10640288249028,False,89.0,10.220176746170244,-3.5828602089728556,405.41809195824834,279.46620913579966,10.83,109.319,-21.259707226914763,-3.270074375208257,-2109.393285559489,-266.25576517715933
608214.0,-1.8208,2.915,8.4228,-0.0343,-0.0021,9.8065,-0.0967,0.3422,-0.0746,252.19,-82.63,158.45,53.054077,-1.793473,10.32,4,103.88,16 / 16,31.34084326443746,-0.4222704640462858,2.462962500000353,2517.952413879614,545.6852214980685,55.35535038249037,False,89.10000000000002,10.556879226709405,-3.465413556294657,406.4808306258685,279.1326243559567,11.111111111112129,108.17299999999491,-20.783964037728055,-3.043143092248371,-2111.471583253746,-266.5525971421118
608314.0,-2.6824,-1.3271,10.642,-0.0572,-0.0406,9.8063,0.0731,0.0575,-0.0323,255.16,-83.38,160.23,53.054077,-1.793473,10.32,4,103.88,16 / 16,31.311863833757656,-0.6726574848148601,2.435537500000378,2521.085049234521,545.6304751006255,55.60027538249019,False,89.19999999999993,10.643075407407572,-3.4230608922614274,407.5435692934338,278.79903957682205,11.179999999995257,107.82899999998047,-20.668788426350083,-2.7504034074465675,-2113.5414799410873,-266.83143552380346
608415.0,-1.225,2.3568,7.7416,-0.0116,-0.0441,9.8065,-0.226,0.3414,-0.1155,253.24,-83.67,161.09,53.054077,-1.793473,10.32,4,103.88,16 / 16,31.298436971571167,-0.8863824854905344,2.3734376500003784,2524.24686942519,545.5517435821251,55.84312862756522,False,89.30099999999993,10.520851921845914,-3.2466749324377386,408.596282124498,278.4843579340554,11.0104250000078,107.15011999997591,-20.777585049725253,-2.360292446947204,-2115.650587300692,-267.0673856480697
608514.0,-1.2913,3.4371,10.2357,-0.0002,0.047,9.8064,-0.1206,-0.3748,0.1727,256.85,-84.1,160.14,53.054077,-1.793473,10.32,4,103.88,17 / 17,31.036550200141193,-1.0850543968382715,2.2924556500003406,2527.3324512901913,545.4541574564498,56.074090345915366,False,89.39999999999998,10.226521273388926,-3.3137233808824473,409.5888399367011,278.15410900201084,10.750000000003888,107.953999999988,-20.810028926752267,-2.228668984044176,-2117.7436113534905,-267.300048454439
608614.0,-0.5022,-0.2602,11.1161,-0.0151,0.0321,9.8065,0.0764,-0.2504,0.2457,251.47,-84.34,157.39,53.054077,-1.793473,10.32,4,103.88,17 / 17,30.88761161801571,-1.2130312038437405,2.3793806500003605,2530.4286593811,545.3392531764157,56.307682160915455,False,89.5,9.724911507526432,-2.1691422177679858,410.4844813295191,278.09851153846375,9.963888888888889,102.574,-21.16270011048928,-0.9561110139242452,-2119.944178051581,-267.24074163795194
608714.0,-1.1519,0.7633,9.5046,0.0063,-0.0036,9.8066,0.0831,0.0007,0.0185,257.14,-84.49,159.89,53.054077,-1.793473,10.32,4,103.88,17 / 17,30.866930252068983,-1.303640749396744,2.429750650000372,2533.5163864746046,545.2134195787536,56.54813872591555,False,89.60000000000002,10.21045148085163,-2.3751072266729025,411.54053610613266,277.8205242221623,10.483055555563194,103.09500000004701,-20.65647877121735,-1.0714664772761586,-2121.975850368472,-267.3928953565913
608814.0,-2.2866,-0.2709,9.0143,-0.0161,0.0163,9.8066,-0.0087,-0.2103,0.1745,256.69,-84.47,159.88,53.054077,-1.793473,10.32,4,103.88,17 / 17,30.865145733361352,-1.481961198070233,2.3750306500004217,2536.6029902738733,545.0741394813804,56.78837779091537,False,89.69999999999993,10.559150504816712,-3.082911062091448,412.6300103377001,277.4424614704986,11.000000000006427,106.27599999994159,-20.30599522854464,-1.6009498640212152,-2123.972979936173,-267.6316780108818
608914.0,0.2425,0.0924,9.7172,-0.0223,0.0094,9.8065,-0.1106,-0.0269,0.0566,255.98,-84.78,161.1,53.054077,-1.793473,10.32,4,103.88,17 / 17,30.88038732609516,-1.5851630824254175,2.3309406500004117,2539.690266926847,544.9207832673555,57.02367635591546,False,89.79999999999995,10.882091145090415,-2.757836650130381,413.7194845691894,277.18671313977586,11.226111111104428,104.22100000006074,-19.998296181004747,-1.1726735677049633,-2125.9707823576578,-267.7340701275797
609014.0,-0.8199,-2.5232,9.9268,-0.0398,0.0537,9.8063,-0.092,-0.2997,0.1631,253.63,-85.26,157.35,53.054077,-1.793473,10.32,4,103.88,17 / 17,30.988887969250136,-1.5844470956613717,2.3324756500004122,2542.783730691615,544.7623027584511,57.256847170915556,False,89.89999999999998,10.589672732868427,-3.2188018254708983,414.76885545482327,276.8420088675099,11.06805555555789,106.9069999999603,-20.399215236381707,-1.6343547298095267,-2128.014875236792,-267.92029389094125
609114.0,-1.8168,-0.3604,10.0507,-0.027,-0.0186,9.8066,-0.0976,0.156,-0.1113,248.51,-85.7,154.69,53.054077,-1.793473,10.32,4,103.88,17 / 17,31.155302889341453,-1.6733669490761731,2.3506856500004165,2545.8909402345453,544.5994120562142,57.49100523591565,False,90.0,10.680431505980987,-3.717438734839254,415.8249102314363,276.41946814614084,11.30888888888889,109.191,-20.474871383360465,-2.044071785763081,-2130.066030003109,-268.17994391007335
609214.0,1.264,-1.9137,9.9467,-0.0046,0.0386,9.8066,0.0973,0.0268,0.0128,247.42,-85.94,152.94,53.054077,-1.793473,10.32,4,103.88,17 / 17,31.253601056621648,-1.6642909166071342,2.369890650000421,2549.0113854318442,544.43252916293,57.72703405091575,False,90.10000000000002,10.476533963940573,-4.150914705530297,416.86091333508216,275.95244945365454,11.268888888891771,111.61399999998815,-20.777067092681072,-2.486623788923162,-2132.1504720967623,-268.48007970927546
609314.0,-2.2488,-0.3187,10.3795,0.0442,-0.0042,9.8065,0.0616,0.2612,-0.2296,249.28,-85.49,152.09,53.054077,-1.793473,10.32,4,103.88,17 / 17,31.356486813795065,-1.676713745004736,2.4055356500003886,2552.1418898253623,544.2654789298496,57.96580536591557,False,90.19999999999993,10.715884840925733,-4.073151179688347,417.93701978466197,275.56326721098117,11.463888888880167,110.81199999990788,-20.640601972869334,-2.396437434683611,-2134.2048700407004,-268.7022117188684
609414.0,1.8499,3.1966,8.5269,0.0101,-0.0069,9.8066,0.0015,0.0923,0.0539,244.54,-84.91,152.23,53.054077,-1.793473,10.32,4,103.88,17 / 17,31.211436555365722,-1.7698183994652057,2.3701906500003806,2555.2702859938213,544.093152322626,58.20459168091566,False,90.29999999999995,10.636401457214369,-3.368140937903007,419.01312623416476,275.3408773575329,11.156944444453517,107.5710000000958,-20.575035098151353,-1.5983225384378015,-2136.2571597596566,-268.7522749650931
609514.0,-0.6694,-1.8553,11.5919,-0.0012,-0.0385,9.8065,0.021,0.1776,-0.1035,255.45,-85.11,160.01,53.054077,-1.793473,10.32,4,103.88,16 / 18,31.109529853326055,-1.7716022315138213,2.3954656500003866,2558.3863343142566,543.916081291077,58.44287449591575,False,90.39999999999998,10.89449099706125,-3.0229479604666114,420.1159682477201,275.1184875047758,11.306111111108907,105.50800000003049,-20.215038856264805,-1.25134572895279,-2138.2703660665366,-268.7975937863012
609614.0,-2.8592,-1.4876,10.0067,0.0446,0.0398,9.8064,0.0347,0.0843,-0.0868,248.18,-84.74,156.52,53.054077,-1.793473,10.32,4,103.88,16 / 18,31.31361026819846,-1.8927665663029623,2.494730650000409,2561.5074913203334,543.7328628511862,58.687384310915846,False,90.5,10.940265041023332,-2.7555165177682444,421.21881026127613,274.89609765201874,11.281944444444445,104.137,-20.37334522717513,-0.8627499514652821,-2140.288681059057,-268.8367651991674
609714.0,1.8603,1.8377,9.2266,0.0272,0.0376,9.8064,0.0164,-0.0729,0.0517,246.86,-84.33,152.35,53.054077,-1.793473,10.32,4,103.88,16 / 18,31.298986163674503,-1.9566339120528358,2.475730650000405,2564.638121141928,543.5403928272683,58.935907375915946,False,90.60000000000002,11.06038043565571,-2.699297986252077,422.32833616583923,274.6292298267305,11.385000000000902,103.71499999998719,-20.238605728018793,-0.7426640741992412,-2142.309784976089,-268.9111630005378
609814.0,1.7373,-2.6537,11.0206,0.0128,-0.0197,9.8065,0.0299,-0.2514,0.1232,246.43,-84.03,152.62,53.054077,-1.793473,10.32,4,103.88,16 / 18,31.249181024240297,-1.7829955392922292,2.507425650000376,2567.765529501321,543.3534113547013,59.18506519091576,False,90.69999999999993,11.15953949829829,-2.545218606273329,423.43786207037397,274.4179594663978,11.446111111106674,102.84800000000759,-20.089641525942007,-0.7622230669810999,-2144.3276674309473,-268.9354518883035
609914.0,-0.3696,-1.0782,8.8529,0.0026,0.0236,9.8066,-0.0508,0.0571,-0.0708,244.65,-84.33,150.23,53.054077,-1.793473,10.32,4,103.88,16 / 18,31.37722036795826,-1.6526981847738544,2.5204356500003793,2570.896849570932,543.181626668498,59.43645825591585,False,90.79999999999995,10.995518377070386,-2.5617719686989107,424.5273363018633,274.1510916418355,11.290000000004614,103.11499999999211,-20.381701990887873,-0.9090737839250562,-2146.3695132690686,-269.0305350266625
610015.0,-0.0447,0.2475,9.8901,-0.0186,-0.0063,9.8066,0.0144,0.1303,-0.1493,238.73,-84.3,146.89,53.054077,-1.793473,10.32,4,103.88,16 / 18,31.40992662227736,-1.664533802088699,2.4764855000003796,2574.0676004939387,543.0141064531614,59.688802773990886,False,90.90099999999995,11.433282335474225,-1.2042704064510528,425.7288325464396,274.2181421832819,11.496813888890737,96.01234000006046,-19.976644286803136,0.4602633956376463,-2148.338767947499,-268.7959642698795
610115.0,-1.3569,-2.259,9.8122,-0.0407,-0.0149,9.8065,-0.0154,-0.148,0.0093,238.66,-84.6,142.77,53.054077,-1.793473,10.32,4,103.88,16 / 18,31.517946695514603,-1.6826078180606623,2.4809355000003808,2577.213994159829,542.8467493721539,59.93667382399098,False,91.00099999999998,11.368622034921334,-0.40226844321245825,426.9047294885179,274.2492767627316,11.37599999999998,92.02582999999964,-20.14932466059327,1.2803393748482041,-2150.309264671311,-268.5974726094223
610215.0,-0.1084,1.8136,10.3299,-0.027,0.0033,9.8066,0.0102,0.1526,-0.1072,233.67,-84.74,139.95,53.054077,-1.793473,10.32,4,103.88,16 / 18,31.56603386339665,-1.751047733977856,2.507375500000387,2580.368193187775,542.6750665945519,60.186089373991074,False,91.101,11.518385160944618,-1.1948403267557461,428.0333713213087,274.05924463291757,11.580688888882557,95.92438000007988,-20.047648702452033,0.5562074072221099,-2152.3348218664664,-268.61582196163437
610314.0,-1.9859,-0.8264,9.8307,-0.0003,0.0049,9.8066,0.0704,-0.0379,0.0178,233.57,-84.76,140.29,53.054077,-1.793473,10.32,4,103.88,16 / 18,31.574980243321374,-1.8750042174409218,2.534466850000369,2583.4936733860554,542.4955770229568,60.43566057031594,False,91.19999999999993,10.937361675663938,-2.187088686175205,429.0590143939166,273.7730288922822,11.153888888879937,101.3079999999661,-20.637618567657434,-0.31208446873428297,-2154.434658992139,-268.7225481306746
610414.0,-0.945,1.9965,9.6845,0.0112,-0.0349,9.8065,0.0211,0.1094,-0.08,238.75,-84.6,142.17,53.054077,-1.793473,10.32,4,103.88,16 / 18,31.592535684913653,-2.0336916774366154,2.5295618500003676,2586.652049182468,542.3001422282128,60.68886200531603,False,91.29999999999995,10.67042258966711,-1.9035740342317125,430.09501749748637,273.5839975161085,10.838888888898202,100.11500000003525,-20.922113095246544,0.13011764320490293,-2156.5570316849817,-268.7161447121043
610514.0,-0.2215,-0.3113,9.778,0.0062,0.036,9.8065,0.0739,-0.3116,0.1119,240.21,-84.51,144.06,53.054077,-1.793473,10.32,4,103.88,15 / 18,31.53625453916205,-2.1380942956146045,2.522021850000366,2589.8084886936726,542.0915529295603,60.94144119031613,False,91.39999999999998,10.781745385231904,-2.1033762022003226,431.16444005605945,273.36160766335246,10.98499999999784,101.03899999998634,-20.754509153930147,0.03471809341428189,-2158.644048637613,-268.72994526620784
610614.0,-0.7255,-3.0317,10.3486,0.0039,-0.0121,9.8066,0.0051,-0.0302,0.0302,236.6,-84.39,144.34,53.054077,-1.793473,10.32,4,103.88,15 / 18,31.687524551301724,-2.0974203703515046,2.547686850000372,2592.9696776481965,541.8797771962619,61.19492662531622,False,91.5,10.818249634351536,-1.7184750911713262,432.2204948326728,273.20593476585566,10.953888888888889,99.026,-20.86927491695019,0.3789452791801784,-2160.7491828155235,-268.67384243040624
610714.0,-1.7849,-2.8441,8.7069,-0.0153,0.0271,9.8066,-0.0263,-0.3898,0.1928,239.26,-84.49,143.0,53.054077,-1.793473,10.32,4,103.88,15 / 18,31.987710895290853,-2.0590068938632875,2.5197968500003656,2596.153439420527,541.6719558330511,61.44830081031632,False,91.60000000000002,10.59228037301069,-1.7565797740568667,433.23644626335084,273.02802288350915,10.736944444444813,99.41599999997746,-21.395430522280165,0.3024271198064208,-2162.916993157176,-268.643932949542
610814.0,-1.0172,-2.7843,9.365,-0.03,0.0036,9.8066,-0.0303,-0.3051,0.0725,238.64,-84.8,142.0,53.054077,-1.793473,10.32,4,103.88,15 / 18,32.28653165997911,-2.044483281936609,2.4427268500004358,2599.3671515482874,541.4667813242613,61.69642699531613,False,91.69999999999993,10.66004003112667,-1.477496111686654,434.30586882194933,272.8945889715753,10.761944444443364,97.89099999989692,-21.626491628852442,0.5669871702499552,-2165.061282726338,-268.57219235268605
610914.0,0.3588,0.579,9.2282,-0.0505,0.0377,9.8064,-0.131,-0.0951,0.004,236.49,-85.15,138.79,53.054077,-1.793473,10.32,4,103.88,15 / 18,32.38372802787248,-2.0273081322891624,2.3917218500004243,2602.6006645326806,541.26319175355,61.93814943031623,False,91.79999999999995,10.694205670707948,-0.7973443257733502,435.3418719255191,272.8723499860183,10.723888888890013,94.2640000001072,-21.68952235716453,1.229963806515812,-2167.2587926071615,-268.3908417675317
611014.0,-0.789,-1.8174,10.7972,-0.0537,0.0314,9.8064,0.0078,-0.305,0.0997,225.74,-85.65,128.97,53.054077,-1.793473,10.32,4,103.88,15 / 18,32.42954929953869,-2.0054501694962643,2.412326850000429,2605.841328399052,541.0615538384607,62.17835186531633,False,91.89999999999998,10.537823960013231,-0.5067210157711163,436.36450724717724,272.838991507327,10.55000000000257,92.75300000002233,-21.89172533952546,1.4987291537251481,-2169.476821151875,-268.22256233113364
611114.0,-0.1567,1.2131,10.0081,0.0092,0.0311,9.8065,0.0913,-0.2745,0.0586,226.22,-85.65,126.07,53.054077,-1.793473,10.32,4,103.88,15 / 18,32.472140556357395,-2.0313418001714494,2.4719268500004428,2609.086412891848,540.8597142399773,62.42256455031643,False,92.0,10.511042573116125,-0.502675095314061,437.40051035082223,272.79451353833184,10.523055555555556,92.738,-21.96109798324127,1.5286667048573883,-2171.685902541026,-268.06520070164544
611214.0,0.2022,-1.6937,10.6111,0.031,0.0368,9.8065,0.109,-0.2566,0.0103,223.49,-85.23,126.96,53.054077,-1.793473,10.32,4,103.88,15 / 18,32.47333673562259,-2.02422557783601,2.5222218500004545,2612.3336867564476,540.6569358710768,62.672271985316534,False,92.10000000000002,10.309288063938235,-0.5891946144928526,438.4097778904925,272.71667708852357,10.326111111110844,93.27099999999449,-22.164048671684355,1.4350309633431575,-2173.923908865955,-267.94025878255326
611314.0,1.0758,2.5482,9.7086,0.0081,0.0091,9.8066,0.0376,0.1055,-0.2779,226.16,-84.71,127.5,53.054077,-1.793473,10.32,4,103.88,15 / 18,32.38375661872582,-2.0189445950450398,2.5575418500004226,2615.576541424162,540.454777362433,62.92626017031635,False,92.19999999999993,10.294872816291987,-0.5211554784997328,439.4190454301621,272.6833186112448,10.308055555554562,92.89800000003345,-22.088883802433834,1.497789116545307,-2176.157495994,-267.7714587511882
611414.0,-0.2412,-1.8147,10.0375,0.0038,0.0606,9.8064,-0.0143,-0.1369,0.0737,223.16,-84.26,124.54,53.054077,-1.793473,10.32,4,103.88,15 / 18,32.31413218004393,-2.024155000486877,2.5641818500004243,2618.811435864101,540.2526223826563,63.18234635531645,False,92.29999999999995,10.247084085867884,-0.7300261534382825,440.4483646427254,272.58324317729915,10.273055555556589,94.07499999996521,-22.067048094176045,1.2941288470485945,-2178.363071221376,-267.6693792053572
611514.0,0.0537,-1.8104,9.1633,-0.02,0.0179,9.8065,-0.0887,0.3225,-0.2225,223.56,-84.13,121.73,53.054077,-1.793473,10.32,4,103.88,18 / 18,32.43440588860836,-1.9127251486337957,2.5435568500004195,2622.0488627675345,540.0557783752002,63.43773329031655,False,92.39999999999998,10.215602552804992,-0.9199857713835524,441.47768385539007,272.4720482502136,10.256944444444681,95.14599999998417,-22.21880333580337,0.9927393772502433,-2180.571178912144,-267.58373012498663
611614.0,0.337,-1.9398,8.7368,-0.022,-0.0052,9.8065,-0.0687,0.0915,-0.1838,216.57,-84.09,116.33,53.054077,-1.793473,10.32,4,103.88,18 / 18,32.52890972462499,-1.7718807485290051,2.4578968500004,2625.297028548197,539.8715480803421,63.68780597531665,False,92.5,10.106649160960776,-1.0979334500358409,442.4869513950606,272.3497338307023,10.16611111111111,96.2,-22.42226056366421,0.6739472984931643,-2182.8100771531363,-267.5218142496398
611714.0,-0.657,-1.6429,9.3093,-0.0451,-0.0664,9.8063,-0.1097,0.3876,-0.2122,209.82,-84.15,111.83,53.054077,-1.793473,10.32,4,103.88,18 / 18,32.634140726278396,-1.6446651312680065,2.3795368500003824,2628.555181070743,539.7007207863522,63.92967766031674,False,92.60000000000002,10.203753040390533,-0.8475078581517609,443.51627060772466,272.2718973823074,10.238888888883835,94.74800000002031,-22.430387685887865,0.7971572731162456,-2185.0389104630185,-267.42882340404486
611814.0,1.9471,3.8641,8.8434,-0.0527,-0.0208,9.8064,-0.1629,0.2912,-0.2147,209.49,-84.81,106.25,53.054077,-1.793473,10.32,4,103.88,18 / 18,32.516235805899235,-1.7261479953769816,2.306506850000449,2631.812699897349,539.5321801300202,64.16397984531658,False,92.69999999999993,9.84050284682342,-1.0554681699952344,444.49880258341744,272.14958296279946,9.896944444434496,96.1219999999009,-22.675732959075816,0.6706798253817472,-2187.3138973139316,-267.3825971672207
611914.0,-1.2523,-2.3188,9.6478,-0.0727,-0.072,9.8061,-0.1536,0.263,-0.2307,198.89,-85.33,97.36,53.054077,-1.793473,10.32,4,103.88,18 / 18,32.427358464082076,-1.7736995159229665,2.2504018500004364,2635.059879610849,539.3571877544551,64.39182528031667,False,92.79999999999995,9.53685019978336,-0.43890373931868276,445.43454732212825,272.14958296279946,9.54694444445479,92.63500000010308,-22.890508264298717,1.3347957766042837,-2189.6253322887205,-267.2076047916557
612015.0,3.208,1.8941,8.7552,-0.0371,-0.0353,9.8065,-0.1797,0.379,-0.2094,194.59,-85.19,91.26,53.054077,-1.793473,10.32,4,103.88,18 / 18,32.3405943824949,-1.7527145486335307,2.189281700000437,2638.330661229601,539.1791038441951,64.6160292995917,False,92.90099999999995,9.75044956217137,-0.7315979940858739,446.426837778696,272.0592926828564,9.777905555555778,94.2910199999732,-22.59014482032353,1.0211165545476568,-2191.903823450905,-267.1198111613387
612114.0,2.1658,-0.962,8.5618,-0.0385,0.0041,9.8065,-0.0485,-0.2778,0.0396,184.46,-85.04,83.5,53.054077,-1.793473,10.32,4,103.88,18 / 18,32.058754351891,-1.7651182660585938,2.0756148500003837,2641.518428991955,539.0049711198677,64.82714167881684,False,93.0,9.70822834365127,-1.0332261167771066,447.39292738259013,271.9271931093383,9.763055555555555,96.075,-22.350526008239726,0.7318921492814872,-2194.1255016093646,-267.0777780105294
612215.0,1.3592,1.2146,9.7062,-0.0691,-0.0098,9.8063,-0.0352,-0.1046,0.0512,177.87,-84.9,74.28,53.054077,-1.793473,10.32,4,103.88,18 / 18,31.888393396671468,-1.7899136036896164,2.0076772000003844,2644.747759953257,538.8254420104454,65.03334792734188,False,93.101,9.484487956819962,-1.1630215796341432,448.36469829376813,271.7818613404855,9.555549999999176,96.99083999998214,-22.403905439851506,0.6268920240554732,-2196.383061659489,-267.0435806699599
612314.0,1.0271,0.3205,9.5474,-0.0288,0.022,9.8066,-0.0703,-0.3497,0.2014,173.93,-84.98,69.25,53.054077,-1.793473,10.32,4,103.88,18 / 18,31.77731349578207,-1.8910166190922888,1.9898720500003966,2647.8992124444317,538.6432359644178,65.23122661521678,False,93.19999999999993,9.451584315586993,-0.9578903514354516,449.28446853308833,271.7048032558782,9.500000000002077,95.78699999987086,-22.325729180195076,0.9331262676568371,-2198.6147439113433,-266.93843270853966
612414.0,0.4577,-4.268,9.404,-0.0069,0.0087,9.8065,0.0508,-0.4547,0.2045,168.54,-85.05,63.53,53.054077,-1.793473,10.32,4,103.88,18 / 18,31.66735495615335,-1.7250313734310265,1.9567770500003892,2651.071445867029,538.4624335647916,65.42855907021686,False,93.29999999999995,9.570802870160694,-0.20766581379382387,450.2335810537856,271.73816173456737,9.573055555553395,91.24300000013432,-22.096552085992656,1.5173655596372027,-2200.8378648132434,-266.7242718302242
612515.0,1.2721,1.0012,10.3,0.0329,0.0043,9.8065,0.0269,-0.0789,0.0276,169.87,-85.28,65.38,53.054077,-1.793473,10.32,4,103.88,17 / 19,31.552435673245146,-1.596733539826684,1.9613574000003893,2654.2640452938135,538.294684436672,65.6264248599419,False,93.40099999999995,9.321727129960998,-0.34845799467831806,451.1648475855438,271.71558916423066,9.32823888889316,92.14087999999572,-22.23070854328415,1.248275545148366,-2203.09919770827,-266.57909527244135
612614.0,0.6104,-4.1791,9.6563,0.0223,0.0393,9.8065,0.0916,-0.4734,0.2501,174.65,-85.39,67.48,53.054077,-1.793473,10.32,4,103.88,17 / 19,31.453687988564532,-1.4706002307019257,1.9783359000003973,2657.3828484150745,538.1428514150308,65.82143967829204,False,93.5,9.035783074302378,-0.3828191070447671,452.0449155124142,271.6825642710262,9.043888888888889,92.426,-22.417904914262152,1.0877811236571586,-2205.33793290266,-266.4602871440046
612714.0,1.3785,-2.9903,11.1955,0.0323,-0.0437,9.8065,-0.0417,0.1946,-0.2026,178.37,-85.79,68.38,53.054077,-1.793473,10.32,4,103.88,17 / 19,31.33330775216291,-1.1354822113812666,2.0402609000004115,2660.5221982021117,538.0125472929266,66.02236951829212,False,93.60000000000002,9.18657907287275,0.08193389487920077,452.94724079621113,271.73816173456754,9.186944444442672,89.48900000003762,-22.14672867929016,1.2174161062604674,-2207.5749574059005,-266.27438555835903
612814.0,-0.0953,-5.6249,10.0822,0.0404,0.0659,9.8063,0.0085,-0.2455,0.1413,183.64,-85.85,74.73,53.054077,-1.793473,10.32,4,103.88,17 / 19,31.28402210761771,-0.7253315565781344,2.123480900000336,2663.653064695098,537.9195066045287,66.23055660829198,False,93.69999999999993,9.061226119034027,-0.32196704551900335,453.84956608003375,271.6825642710252,9.0669444444457,92.03499999999352,-22.222795988583684,0.40336451105913107,-2209.803498615064,-266.23694233350346
612914.0,1.9608,-0.9878,9.9825,-0.0054,-0.0371,9.8065,-0.0368,0.2446,-0.24,184.6,-85.75,75.93,53.054077,-1.793473,10.32,4,103.88,17 / 19,31.21315897775108,-0.40564133080398707,2.146050900000341,2666.777923749367,537.8629579601595,66.44403319829206,False,93.79999999999995,9.106580295483859,-0.2872994968558536,454.7585752547714,271.64920579233603,9.111111111109805,91.80700000000674,-22.10657868226722,0.11834183394813347,-2212.0193484945953,-266.2137521678235
613014.0,-0.6463,1.1259,10.3618,0.0033,0.0185,9.8066,-0.0286,-0.2616,0.0887,184.47,-85.73,75.74,53.054077,-1.793473,10.32,4,103.88,17 / 19,31.147385451635756,-0.4249707628213589,2.1826009000003497,2669.895950970837,537.8214273554782,66.66046578829214,False,93.89999999999998,9.020991466360162,-0.44467225167393887,455.66090053859506,271.5824888370758,9.031944444445616,92.821999999985,-22.126393985275595,-0.01970148885257994,-2214.235050432242,-266.23893851840245
613114.0,-0.5142,0.0762,10.4922,-0.0088,-0.0547,9.8064,-0.0187,0.2524,-0.1843,185.13,-86.12,72.9,53.054077,-1.793473,10.32,4,103.88,17 / 19,31.20055920249604,-0.5074876935384693,2.2446359000003637,2673.0133482035444,537.7748044326603,66.88182762829223,False,94.0,8.856242174353913,-0.7380759499110207,456.5565419314116,271.4379354327141,8.886944444444444,94.764,-22.34431702814213,-0.23058825637255131,-2216.456806272133,-266.3368689999462
613214.0,2.0951,0.0274,9.4567,-0.0004,-0.0021,9.8066,0.0242,0.0176,-0.0683,186.02,-85.99,73.96,53.054077,-1.793473,10.32,4,103.88,17 / 19,31.121342214607434,-0.5217377103265904,2.2614159000003675,2676.1294432744003,537.723343162467,67.10713021829231,False,94.10000000000002,8.906657388317537,-0.07150876494237998,457.45886721523436,271.48241340312245,8.906944444439803,90.46000000003677,-22.214684826289897,0.45022894538421043,-2218.670576059166,-266.24092975934457
613314.0,-1.0855,-1.8039,9.8961,-0.0165,-0.0302,9.8065,0.0625,-0.0216,0.0115,187.12,-86.16,75.22,53.054077,-1.793473,10.32,4,103.88,17 / 19,31.08158610950692,-0.44711611296975146,2.2483909000003792,2679.239589690603,537.6749004713023,67.33262055829215,False,94.19999999999993,8.581683695547259,-0.4419374735555293,458.3144052620879,271.4156964471552,8.5930555555609,92.94799999995344,-22.49990241395966,0.0051786394142221415,-2220.9251844285154,-266.2592040241471
613415.0,-1.0005,-0.5136,10.628,-0.0081,-0.0203,9.8066,-0.0511,-0.0195,0.0097,185.91,-86.5,73.67,53.054077,-1.793473,10.32,4,103.88,17 / 19,31.19974119648652,-0.36087205986039883,2.294386300000379,2682.3847967195557,537.6340970685744,67.56203080689218,False,94.30099999999993,8.775238863424946,-0.19888576749530193,459.1984166845226,271.3933462666736,8.777511111121784,91.297860000036,-22.424502333061575,0.1619862923650969,-2223.186380035033,-266.24075080190084
613514.0,2.2989,-4.6597,9.5691,-0.0122,-0.029,9.8066,-0.0702,-0.1044,0.1728,186.6,-86.68,71.05,53.053974,-1.792242,9.16,4,106.07,18 / 20,31.164720278514917,-0.1160769398242617,2.3232844000003925,2685.47183756257,537.61048809309,67.79060550654232,False,94.39999999999998,8.42109929059859,-0.01410970049519139,460.0321652467933,271.38233796917217,8.421111111116431,90.09600000001795,-22.743620987916326,0.10196723932907031,-2225.4396723157765,-266.2281501239178
613614.0,-0.0799,-0.962,9.9282,-0.053,-0.0686,9.8062,-0.0762,0.1651,-0.2183,180.57,-87.22,60.89,53.053974,-1.792242,9.16,4,106.07,18 / 20,31.082243552360765,0.15888229901827094,2.3174844000003914,2688.5841857541145,537.6126283610497,68.02264394654242,False,94.5,8.510759240128477,-0.07739187455242395,460.88770329367355,271.360098984321,8.511111111111111,90.521,-22.571484312232286,-0.2362741735706949,-2227.696482460441,-266.2525293767287
613715.0,1.0007,-4.664,10.1658,-0.0215,-0.0203,9.8066,0.1262,-0.2216,0.06,173.04,-87.17,54.13,53.053974,-1.792242,9.16,4,106.07,18 / 20,31.010628227290677,0.4173582098784693,2.3417597500003913,2691.719875778987,537.641728506749,68.25793577611745,False,94.601,8.53751846194474,-0.12712161640669922,461.7515962042658,271.3378599987627,8.538469444442196,90.85294999999111,-22.47310976534594,-0.5444798262851684,-2229.9682795747212,-266.3038685079863
613814.0,1.0002,-0.4342,10.1827,-0.0032,-0.0156,9.8066,0.0349,0.0809,-0.0972,175.71,-87.29,58.61,53.053974,-1.792242,9.16,4,106.07,18 / 20,30.885764445744403,0.6409574176011418,2.378152150000367,2694.7837472163,537.6941151303092,68.49157141516733,False,94.69999999999993,8.386862031538726,-0.03718034608261871,462.5787277144124,271.3378599987621,8.386944444444643,90.25400000001328,-22.498902414205677,-0.6781377636837604,-2232.205019501888,-266.35625513154713
613914.0,3.5345,1.2853,10.0224,0.0342,0.02,9.8065,0.1374,-0.4578,0.2765,180.64,-87.26,60.97,53.053974,-1.792242,9.16,4,106.07,18 / 20,30.65896586704823,0.5789413991390897,2.4077421500003737,2697.8609837319405,537.7551100711463,68.73086613016741,False,94.79999999999995,8.393224300492653,-0.10562443196716706,463.42089797927076,271.3156210132051,8.393888888888684,90.7209999999862,-22.265741566555576,-0.6845658311062568,-2234.44008575267,-266.4394890579412
614014.0,1.7554,1.1095,10.4182,0.0349,-0.0225,9.8065,-0.0439,0.0249,0.0362,190.47,-87.53,70.09,53.053974,-1.792242,9.16,4,106.07,18 / 20,30.384988898399346,0.46033726829198285,2.4491071500003834,2700.9131814702137,537.8070740045179,68.97370859516751,False,94.89999999999998,8.279990672788617,-0.012428135872315199,464.2497004621767,271.30450152007177,8.280000000001685,90.08600000000938,-22.10499822561073,-0.472765404164298,-2236.663481008037,-266.5025724844461
614115.0,-0.9849,-0.7224,9.6766,0.0281,0.0193,9.8066,0.0085,-0.268,0.0538,191.62,-87.45,70.16,53.053974,-1.792242,9.16,4,106.07,18 / 20,30.341826506434185,0.4292046978158233,2.4734229000003833,2703.9798856481575,537.8519958738063,69.22229636269255,False,95.00099999999998,8.113440998870857,0.17351902814494832,465.06667245806017,271.32651811577426,8.115338888888875,88.77449999999983,-22.228385507563328,-0.255685669670875,-2238.9132131900974,-266.5254777580321
614214.0,1.0777,-1.1578,8.9666,-0.0137,0.0203,9.8066,0.1328,-0.1492,-0.064,195.91,-87.19,75.06,53.053974,-1.792242,9.16,4,106.07,18 / 20,30.35852542763357,0.506761916968189,2.425402950000361,2706.9845530688954,537.8983262212382,69.4647882422677,False,95.10000000000002,8.258426946767441,-0.08735012241135938,465.8805698640661,271.3045015200709,8.258888888886938,90.60600000001386,-22.10009848086613,-0.5941120393795484,-2241.103983204829,-266.5938247011673
614314.0,0.4445,0.3181,9.7866,0.0115,0.0164,9.8066,-0.0819,-0.036,-0.0027,200.67,-87.04,78.72,53.053974,-1.792242,9.16,4,106.07,18 / 20,30.29209679389797,0.5528755691004674,2.3823979500004,2710.017084179969,537.9513080955417,69.70517828726751,False,95.19999999999993,8.1239937764885,-0.21897744793367624,466.6960045649834,271.2600235496613,8.126944444446979,91.54400000001495,-22.168103017409468,-0.7718530170341437,-2243.3210796149856,-266.69128454588036
614414.0,-0.493,-0.5387,9.9569,-0.0079,0.051,9.8064,0.0742,-0.0724,-0.0105,196.23,-86.84,73.8,53.053974,-1.792242,9.16,4,106.07,18 / 20,30.29276686017949,0.5475269867434566,2.3889079500004016,2713.0463273626738,538.0063282233339,69.94374358226762,False,95.29999999999995,8.210749633519296,-0.29676968467608456,467.5181231568486,271.22666507238677,8.216111111108475,92.06999999998445,-22.082017226660195,-0.8442966714195411,-2245.528204205825,-266.7796631509471
614514.0,1.2073,0.0675,9.4599,-0.0109,0.0113,9.8066,0.105,-0.0913,0.1206,194.62,-86.77,75.23,53.053974,-1.792242,9.16,4,106.07,19 / 19,30.26149896810805,0.5609807409071488,2.379082950000399,2716.074040654089,538.0617536097164,70.18214312726771,False,95.39999999999998,8.258012041651106,-0.02680818113921124,468.34692563975403,271.2266650723858,8.258055555554936,90.18600000002785,-22.003486926456944,-0.58778892204636,-2247.727115014335,-266.83508853733065
614614.0,-1.862,-3.7679,11.1592,0.0065,-0.0119,9.8066,-0.0103,-0.4401,0.1374,196.21,-87.0,73.66,53.053974,-1.792242,9.16,4,106.07,19 / 19,30.34102922951719,0.7103775230025946,2.4293729500004106,2719.104167063971,538.1253215229119,70.42256592226781,False,95.5,8.057924844479107,-0.22662644683562652,469.1489925587115,271.18218710126916,8.06111111111111,91.611,-22.283104385038083,-0.9370039698382211,-2249.9551745052595,-266.94313442164275
614714.0,1.223,2.2008,10.0204,0.0255,-0.0202,9.8065,0.0154,-0.1317,0.0409,192.61,-86.74,72.9,53.053974,-1.792242,9.16,4,106.07,19 / 19,30.396432012497204,0.7537212162747708,2.5076879500004283,2722.1410401260723,538.1985264598758,70.6694189672679,False,95.60000000000002,8.154991443328795,0.01181351870233087,469.96442725962936,271.19330659369353,8.154999999999614,89.91700000005207,-22.24144056916841,-0.74190769757244,-2252.176612866443,-267.00521986618224
614814.0,-0.364,-1.9175,9.8015,0.0258,0.0999,9.8061,0.0347,-0.8712,0.4507,195.46,-86.66,76.22,53.053974,-1.792242,9.16,4,106.07,19 / 19,30.353056647088824,0.729681899832155,2.518117950000419,2725.178514559049,538.2726966156811,70.92070926226772,False,95.69999999999993,8.114242102457446,-0.48775984924606625,470.7664941785588,271.1154701452997,8.128888888884482,93.44000000000557,-22.238814544631378,-1.2174417490782212,-2254.41202038049,-267.1572264703814
614914.0,1.97,4.9552,9.9138,-0.0125,0.0083,9.8066,-0.1179,0.3246,-0.0897,194.04,-86.82,74.53,53.053974,-1.792242,9.16,4,106.07,19 / 19,30.23749605040949,0.5832477849906734,2.5232179500004204,2728.2080421939245,538.3383430999222,71.17277605726782,False,95.79999999999995,7.957838080348451,-0.5056847826213366,471.56187720647756,271.04875318933597,7.97388888889347,93.6359999999942,-22.279657970061038,-1.08893256761201,-2256.646164987447,-267.28958991058624
615014.0,0.5469,-2.4186,11.5811,0.0407,0.0526,9.8064,0.1382,-0.2973,-0.0626,189.62,-86.74,74.46,53.053974,-1.792242,9.16,4,106.07,19 / 19,30.07298360187564,0.4729403392558271,2.6172979500004416,2731.2235661765394,538.3911525061345,71.42980185226793,False,95.89999999999998,7.821572790804204,-0.40293034019325,472.34389245246723,271.00427521892533,7.831944444446542,92.94900000001014,-22.251410811071437,-0.8758706794490771,-2258.8796737240723,-267.3868772872092
615114.0,-2.1114,-3.5988,9.9583,-0.0494,-0.109,9.8059,0.0318,0.5323,-0.3247,198.51,-86.51,79.92,53.053974,-1.792242,9.16,4,106.07,19 / 19,30.220689085473303,0.71634646564734,2.7136029500004635,2734.2382498109077,538.4506168463797,71.69634689726803,False,96.0,7.923517778675623,-0.7194233964481417,473.13927548041704,270.9041997842659,7.9561111111111105,95.188,-22.29717130679768,-1.4357698620954817,-2261.098974330491,-267.5464170621138
615214.0,-1.3327,-4.7736,10.6909,-0.0157,-0.0136,9.8066,0.1927,-0.0202,-0.0695,205.01,-87.31,83.25,53.053974,-1.792242,9.16,4,106.07,19 / 19,30.534114648298033,1.0245873753106798,2.7653979500004753,2737.275989997597,538.5376635384276,71.97029694226813,False,96.10000000000002,7.970328005302678,-0.3510583077588691,473.94802629035456,270.89308029183996,7.9780555555573,92.52199999999641,-22.563786642995353,-1.375645683069549,-2263.327963707243,-267.6445832465877
615314.0,0.677,-2.1059,8.6799,-0.0899,-0.1274,9.8054,-0.2046,0.6677,-0.5312,207.65,-87.18,88.11,53.053974,-1.792242,9.16,4,106.07,19 / 19,30.707838605657653,1.3051296302653903,2.753272950000486,2740.3380876602923,538.6541493887063,72.24623048726794,False,96.19999999999993,8.08970738734862,-0.32194644050730564,474.7567771002915,270.85972181385506,8.096111111112446,92.27900000001927,-22.61813121830903,-1.627076070772696,-2265.581310560001,-267.7944275748512
615414.0,3.534,4.4343,8.5738,-0.0488,0.0191,9.8065,-0.0522,0.1862,0.0116,193.72,-87.7,72.32,53.053974,-1.792242,9.16,4,106.07,19 / 19,30.497718285213143,1.2236318061309246,2.6352929500004594,2743.3983655048364,538.7805874605261,72.51565878226805,False,96.29999999999995,8.13221333124679,-0.4200715604909733,475.57221180117676,270.8041243510235,8.143055555554168,92.95699999997996,-22.36550495396635,-1.6437033666218979,-2267.8261537036597,-267.9764631095026
615514.0,-2.8162,-7.1893,9.4924,-0.0775,-0.1086,9.8056,-0.1256,0.7047,-0.3616,179.92,-87.8,61.84,53.053974,-1.792242,9.16,4,106.07,19 / 19,30.41323770837567,1.3921693311482672,2.5579379500004418,2746.4439133045166,538.9113775173902,72.77532032726815,False,96.39999999999998,7.542082189449563,-0.4737146653189354,476.3074398101988,270.72628790192255,7.556944444453106,93.59399999999059,-22.87115551892611,-1.8658839964672027,-2270.1364734943177,-268.18508961546763
615614.0,0.1176,-0.1999,9.741,-0.0197,-0.0554,9.8065,-0.1376,0.6341,-0.4452,168.64,-88.13,49.68,53.053974,-1.792242,9.16,4,106.07,19 / 19,30.54911937316097,1.7430879892476931,2.5389429500004375,2749.4920311585943,539.06814038341,73.03016437226825,False,96.5,8.184419603297998,-0.20331033808245652,477.162977857051,270.7262879019214,8.186944444444444,91.423,-22.364699769862973,-1.9463983273301497,-2272.3290533015434,-268.34185248148856
615714.0,-2.0999,-7.0318,10.1882,-0.0349,-0.1039,9.806,-0.1057,0.524,-0.2638,179.34,-87.77,55.59,53.053974,-1.792242,9.16,4,106.07,19 / 19,30.645720777569498,2.087129996528233,2.5547379500004412,2752.5517731661316,539.2596512826988,73.28484841726835,False,96.60000000000002,8.361602897268991,-0.34913926001718126,478.0051481219696,270.681809930803,8.368888888885193,92.39100000004996,-22.284117880300506,-2.436269256545414,-2274.546625044162,-268.57784135189576
615815.0,2.0599,5.3275,9.8207,-0.0482,-0.11,9.8059,-0.1929,0.9735,-0.6561,167.89,-88.26,47.22,53.053974,-1.792242,9.16,4,106.07,19 / 19,30.705942997120296,2.141043929887405,2.574715750000441,2755.6500321867534,539.4731740659828,73.5438858291184,False,96.70100000000002,8.07777953929494,-0.8147476927712577,478.7953177149417,270.5588283424408,8.118780555555245,95.75951999996701,-22.628163457825355,-2.955791622658663,-2276.854714471812,-268.914345723542
615915.0,-3.0275,-5.696,9.7989,-0.0095,-0.0479,9.8065,-0.0416,-0.0323,0.0247,172.01,-87.9,50.37,53.053974,-1.792242,9.16,4,106.07,19 / 19,30.776070539811656,2.144909574429157,2.575030750000441,2758.7241328635973,539.6874717411985,73.80137315411821,False,96.80099999999993,8.080709331857825,-0.6598936008439648,479.61041822125173,270.4911106321406,8.107863888889456,94.66872999986441,-22.69536120795383,-2.8048031752731215,-2279.1137146423457,-269.1963611090579
616015.0,4.5539,5.6172,10.1887,-0.0772,-0.1099,9.8057,0.0999,0.8841,-0.5356,170.79,-87.96,47.23,53.053974,-1.792242,9.16,4,106.07,19 / 19,30.7107783384753,2.117025246740941,2.593745750000445,2761.7984753075125,539.900568482257,74.05981197911831,False,96.90099999999995,7.984928181505692,-1.2883554602324494,480.39263398397003,270.32520780163304,8.08831111111197,99.16536000004557,-22.725850156969607,-3.40538070697339,-2281.4058413235425,-269.57536068062393
616115.0,1.8755,0.8764,10.1814,0.0274,0.018,9.8065,-0.0131,-0.3856,0.3025,179.13,-87.73,56.31,53.053974,-1.792242,9.16,4,106.07,19 / 19,30.44098003891061,1.7406437990575498,2.6315857500004536,2764.8560632263825,540.0934519345469,74.32107855411842,False,97.00099999999998,7.983756072247007,-0.8628639272265808,481.19429986944147,270.2463705988851,8.030411111111118,96.16877999999967,-22.4572239666636,-2.6035077262841306,-2283.6617633569413,-269.8470813356618
616215.0,4.2015,6.1532,8.6273,-0.0489,-0.0815,9.8061,-0.03,0.3538,-0.2447,176.11,-87.82,55.99,53.053974,-1.792242,9.16,4,106.07,19 / 19,30.16146139022994,1.3565760916139418,2.5913557500004445,2767.8861852978403,540.2483129290805,74.58222562911853,False,97.101,7.848358623787252,-1.352106981103841,481.95713234829276,270.0693482745541,7.964119444448864,99.77614999995028,-22.31310276644269,-2.7086830727177826,-2285.9290529495474,-270.1789646545264
616314.0,1.0167,-0.0277,10.9075,0.0783,0.1068,9.8057,0.0228,-0.8482,0.6281,178.99,-87.75,56.15,53.053974,-1.792242,9.16,4,106.07,19 / 19,29.926584165321596,1.0216215592249656,2.5874700000004474,2770.860543552838,540.3660337127969,74.8385775037434,False,97.19999999999993,8.210052716906088,-0.924532524365574,482.797497962631,269.9812818931415,8.261944444438594,96.42500000006395,-21.71653144841551,-1.9461540835905395,-2288.063045590207,-270.38475181965543
616415.0,3.5701,8.6134,9.834,0.0702,0.1096,9.8057,0.1615,-0.94,0.5864,177.86,-87.43,59.55,53.053974,-1.792242,9.16,4,106.07,19 / 19,29.713374909421884,0.5628711267346476,2.644444100000447,2773.8723614861124,540.4460505934379,75.10278916579344,False,97.30099999999993,7.964326823525332,-1.216450730960734,483.5808499866927,269.85741074537225,8.056699999998253,98.68402999997322,-21.74904808589655,-1.7793218576953815,-2290.29151149942,-270.58863984806567
616515.0,4.1589,7.9851,11.4982,0.0561,-0.1927,9.8046,-0.3632,1.3733,-0.6244,199.79,-88.15,78.63,53.053974,-1.792242,9.16,4,106.07,19 / 19,29.21908646591007,-0.19685338200258096,2.7303891000004668,2776.8189845548795,540.4643514806745,75.37153082579354,False,97.40099999999995,8.00691755920924,-1.3491713461721322,484.38371897262,269.70196023773167,8.119811111103957,99.56528000001892,-21.212168906700832,-1.1523179641695513,-2292.4352655822595,-270.76239124294284
616614.0,-4.2254,-9.8457,12.5097,-0.0136,-0.1661,9.8052,0.0893,0.2605,0.0493,203.53,-87.8,81.82,53.053974,-1.792242,9.16,4,106.07,19 / 19,29.27286033024101,-0.1525943543800953,2.947921800000569,2779.7143359212905,540.4470538177236,75.65260721534372,False,97.5,8.505943636559591,-1.2417926905241992,485.2571698473408,269.56986066491385,8.596111111111112,98.306,-20.766916693681416,-1.0891983361441038,-2294.45716607395,-270.87719315280975
616714.0,5.3564,7.6311,9.3122,-0.0049,-0.2544,9.8033,-0.1989,1.417,-0.425,233.19,-88.93,117.24,53.053974,-1.792242,9.16,4,106.07,19 / 19,29.18770764961709,0.1858571785638268,3.0583518000005943,2782.637364320284,540.4487169589328,75.95292089534385,False,97.60000000000002,8.405662023147954,-1.2421396236538942,486.0993401122339,269.43642675297616,8.496944444448495,98.40600000002935,-20.782045626469134,-1.427996802217721,-2296.53802420805,-271.0122902059566
616814.0,6.2257,9.1303,8.8776,-0.0003,0.1748,9.8051,0.0539,-1.593,1.0173,197.97,-89.26,80.46,53.053974,-1.792242,9.16,4,106.07,19 / 19,28.27620404203849,-0.18113959784075293,2.987176800000659,2785.5105599048643,540.4489528379689,76.25519732534364,False,97.69999999999993,8.627235649983536,-1.5821489067603733,486.94819426810636,269.2696343623488,8.77111111111415,100.39199999998388,-19.648968392054954,-1.4010093089196205,-2298.562365636758,-271.1793184756201
616914.0,2.8321,4.3692,11.1593,-0.0201,-0.0016,9.8066,0.1151,-0.7781,0.5144,168.88,-88.64,47.29,53.053974,-1.792242,9.16,4,106.07,19 / 19,27.74293595102891,-0.7782213678850719,3.0083568000006635,2788.311516904518,540.4009847896826,76.55497400534378,False,97.79999999999995,8.74784588025916,-1.5149465015990984,487.7970484239447,269.1473199428462,8.878055555552393,99.82500000001676,-18.995090070769752,-0.7367251337140265,-2300.5144684805737,-271.25366484683644
617014.0,5.6473,8.1618,9.4257,0.1453,0.1705,9.8041,0.0616,-0.9163,0.6566,191.8,-88.03,74.72,53.053974,-1.792242,9.16,4,106.07,19 / 19,27.28770356586198,-1.3789819903703735,3.0569418000006747,2791.063048880363,540.2931246217698,76.85823893534392,False,97.89999999999998,8.812612382347455,-1.5905621642915746,488.67263814379237,268.99164704605863,8.954999999998863,100.230999999994,-18.47509118351453,-0.2115801739212011,-2302.3904107365706,-271.3014775757112
617114.0,-4.6556,-5.9312,10.941,0.0496,0.0881,9.8061,0.202,-0.9569,0.5329,200.76,-88.51,81.03,53.053974,-1.792242,9.16,4,106.07,19 / 19,27.24718445791929,-1.5432978030097522,3.0946118000006835,2793.7897932815526,540.1470106321008,77.16581661534406,False,98.0,8.870809829729795,-1.6984561849809705,489.5549117546744,268.82485465613735,9.031944444444445,100.839,-18.376374628189495,-0.15515838197121834,-2304.2348815268783,-271.3221559759634
617214.0,2.0917,4.5178,9.5228,0.0394,0.0631,9.8063,-0.0953,-0.1581,0.0889,203.58,-88.78,82.07,53.053974,-1.792242,9.16,4,106.07,19 / 19,27.378520540751357,-1.5306826016473283,3.137136800000693,2796.5210785314866,539.9933116118679,77.4774040453442,False,98.10000000000002,9.012663753883894,-1.6808137104446401,490.4438692564572,268.66918175864123,9.16805555555767,100.56400000001966,-18.36585678686746,-0.15013110879731184,-2306.0772092750294,-271.3241298532266
617314.0,-2.2424,-5.321,10.1545,0.0174,0.12,9.8058,0.0213,-0.5921,0.4268,190.73,-88.31,76.51,53.053974,-1.792242,9.16,4,106.07,19 / 19,27.348293808792096,-1.4726277009867008,3.14033680000069,2799.2574192489615,539.8431460967363,77.79127772534399,False,98.19999999999993,9.111173399557108,-1.9191949892396647,491.33951064929926,268.4912698762949,9.31111111111449,101.89499999999221,-18.23712040923499,-0.4465672882529639,-2307.917908599662,-271.3518762204414
617415.0,-0.0961,0.3014,11.3041,0.0154,0.0184,9.8065,-0.1558,0.2395,-0.1619,188.45,-88.3,69.37,53.053974,-1.792242,9.16,4,106.07,19 / 19,27.510726895547993,-1.2633669045529101,3.233524450000689,2802.0277997945304,539.7049783691565,78.11315771846905,False,98.30099999999993,9.23755124233099,-1.9008884482533217,492.2443758116171,268.3335954701327,9.431111111107816,101.62783999997971,-18.273175653217002,-0.6375215437004116,-2309.7834239829135,-271.3713828990238
617515.0,-1.2485,-4.5768,10.9408,0.0511,0.1059,9.8059,0.076,-0.2373,0.0548,193.89,-87.64,72.57,53.053974,-1.792242,9.16,4,106.07,19 / 20,27.62690687625169,-1.0894769747241024,3.365104450000719,2804.784681483121,539.5873361751926,78.4430891634692,False,98.40099999999995,9.32184074760187,-2.033822882769071,493.16661909056273,268.1335557971581,9.541130555555526,102.30781999999581,-18.30506612864982,-0.9443459080449685,-2311.6180623925584,-271.4537803780345
617614.0,0.9265,-0.2846,9.4808,0.0185,-0.0456,9.8065,-0.04,0.5226,-0.1954,199.0,-87.53,84.58,53.053974,-1.792242,9.16,4,106.07,19 / 20,27.699035546726265,-0.8733742261453092,3.405115300000738,2807.5233156330596,539.4901750407495,78.77821504109443,False,98.5,9.313699971840308,-2.079639913773922,494.06653817364514,267.946414736133,9.543055555555554,102.587,-18.385335574885957,-1.2062656876286129,-2313.4567774594143,-271.54376030461646
617714.0,2.5721,5.6357,8.3148,0.0028,-0.0137,9.8066,-0.0186,0.3164,-0.2086,207.32,-87.31,90.76,53.053974,-1.792242,9.16,4,106.07,19 / 20,27.41076713209282,-1.0530231784843056,3.3142303000007174,2810.2788057670014,539.393855170518,79.11418232109457,False,98.60000000000002,9.354898723104656,-2.2806514672479303,494.9822312394564,267.7351443750941,9.628888888890828,103.70099999999957,-18.05586840898816,-1.2276282887636247,-2315.296574527545,-271.65871079542393
617814.0,0.7279,2.621,8.9131,-0.0349,-0.1047,9.806,-0.2539,0.7079,-0.4181,202.24,-87.3,88.32,53.053974,-1.792242,9.16,4,106.07,19 / 20,27.07789459855394,-1.3685995952762409,3.194960300000826,2813.003238853531,539.2727740318301,79.43964185109435,False,98.69999999999993,9.483447910546623,-2.3069060943212385,495.9179759782343,267.51275452233693,9.760000000003465,103.67200000000744,-17.594446688007316,-0.9383064990449976,-2317.085262875297,-271.76001950949313
617914.0,1.3951,5.5115,9.1516,-0.0134,-0.0374,9.8065,0.0002,0.5686,-0.3075,200.72,-87.71,86.31,53.053974,-1.792242,9.16,4,106.07,19 / 20,26.826835947533755,-1.7262509093916747,3.1175303000008086,2815.698475380836,539.1180315065966,79.7552663810945,False,98.79999999999995,9.59115594080268,-2.379612094905511,496.8604046078986,267.2792451757565,9.88194444444084,103.93399999999225,-17.235680006731073,-0.6533611855138362,-2318.8380707729375,-271.8387863308401
618015.0,-4.1147,-4.4387,10.2316,-0.0694,-0.0689,9.8061,-0.038,0.7622,-0.3892,203.34,-87.71,89.19,53.053974,-1.792242,9.16,4,106.07,19 / 20,26.93681923134328,-1.855337994435006,3.1059102500008087,2818.413539967369,538.9371612669534,80.06955012886958,False,98.90099999999995,9.54497729547117,-2.532326048685852,497.8191419316919,267.02082816607,9.875188888886955,104.85845999999188,-17.391841935872108,-0.6769880542508462,-2320.5943980356774,-271.9163331008834
618116.0,-2.3644,1.5887,9.5931,0.0052,-0.0579,9.8064,-0.2184,0.7311,-0.5342,196.98,-88.03,85.36,53.053974,-1.792242,9.16,4,106.07,19 / 20,27.302508226693956,-1.8607644357634678,3.116585950000809,2821.152626004,538.7494980942283,80.38378618696966,False,99.00199999999995,9.647976111656227,-2.6566114712366065,498.79151439311227,266.7512916639569,10.007049999999971,105.39518000000004,-17.65453211503773,-0.7958470354731386,-2322.3611116108877,-271.9982064302714
618214.0,0.3026,-2.1537,10.4456,-0.0293,-0.0647,9.8063,-0.0286,0.5067,-0.2717,202.58,-87.97,84.85,53.053974,-1.792242,9.16,4,106.07,19 / 20,27.412984689589777,-1.8827495055464714,3.1374305500008237,2823.8336851568997,538.566065911104,80.69023299546996,False,99.10000000000002,9.806071895509318,-2.6657210791957353,499.74784551613305,266.48976119655975,10.161944444444018,105.20800000001407,-17.606912794080458,-0.782971573649264,-2324.0858396407666,-272.0763047145443
618314.0,3.8673,5.3326,10.0226,0.0007,-0.0943,9.8061,-0.2161,0.7945,-0.4649,204.8,-88.11,90.35,53.053974,-1.792242,9.16,4,106.07,19 / 20,27.147310017671778,-1.9552888014177459,3.180175550000785,2826.56169989226,538.374163995756,81.00611330046975,False,99.19999999999993,9.732680536063812,-2.8202383720137583,500.7170097098665,266.21177387955237,10.133055555559448,106.16000000000193,-17.414629481607967,-0.8649495705960124,-2325.8446901823936,-272.16239011620365
618414.0,-0.8325,-3.1702,10.5821,-0.0374,-0.059,9.8063,-0.0109,0.3417,-0.2815,199.39,-87.73,86.27,53.053974,-1.792242,9.16,4,106.07,19 / 20,26.946622152633072,-1.997503752308919,3.2297455500007963,2829.266396500776,538.1765243680696,81.3266093554699,False,99.29999999999995,9.860814754549912,-2.870057904706386,501.6928577945103,265.92266707084775,10.269999999995951,106.22799999999799,-17.085807398083162,-0.8725541523974669,-2327.5735387062655,-272.2538572972219
618514.0,4.5463,7.97,10.013,-0.053,-0.0826,9.8061,-0.1386,0.023,-0.1398,196.07,-87.81,81.15,53.053974,-1.792242,9.16,4,106.07,19 / 21,26.705868156448552,-2.1991492361850833,3.2788355500008075,2831.9490210162307,537.9666917186449,81.65203841047006,False,99.39999999999998,9.840117541580783,-2.911973651793707,502.64197031527743,265.6557992469727,10.261944444444564,106.4849999999962,-16.86575061486777,-0.7128244156086239,-2329.3070507009534,-272.3108924716722
618616.0,-0.3171,-0.9748,10.0654,-0.0016,0.0188,9.8066,0.0286,-0.6805,0.4264,198.7,-87.07,84.69,53.053974,-1.792242,9.16,4,106.07,19 / 21,26.39793604154719,-2.5013627102843228,3.302555650000802,2834.657315030328,537.726965609375,81.98768936167005,False,99.50199999999995,9.965943451039225,-3.1410085327492023,503.6642046034533,265.3271070429634,10.449211111111108,107.49349999999995,-16.431992590507967,-0.6396458224648796,-2330.9931104268744,-272.39985856641164
618715.0,7.1231,9.706,9.206,0.0072,-0.1,9.8061,-0.0105,0.8213,-0.6844,205.69,-86.9,92.71,53.053974,-1.792242,9.16,4,106.07,19 / 21,25.897079915521093,-2.757586317505278,3.285631600000794,2837.245918320204,537.4666476324993,82.31380463054528,False,99.601,9.966747782358002,-3.192895632755586,504.6369780983022,265.01887470662183,10.4656888888899,107.76311000000017,-15.930332133163091,-0.43530931525030825,-2332.608940221902,-272.4477729258775
618815.0,-0.4272,-2.2713,11.13,0.0355,0.061,9.8063,0.0842,-0.227,0.2767,215.28,-86.61,102.64,53.053974,-1.792242,9.16,4,106.07,19 / 21,25.441170845515764,-2.9761532916494327,3.321766600000802,2839.8128308582563,537.1799606520415,82.64417454054544,False,99.70100000000002,10.032457016016762,-3.216567812646316,505.62652815958035,264.707195327564,10.535488888893486,107.77665000000762,-15.408713829499002,-0.24041452099688332,-2334.186302698676,-272.47276532447745
618914.0,-0.1295,-8.1127,8.7463,0.0223,-0.0431,9.8065,-0.087,1.1943,-0.6551,220.3,-86.5,108.55,53.053974,-1.792242,9.16,4,106.07,19 / 21,25.778484542573672,-2.6092542843931934,3.3347851000007935,2842.348203799965,536.9034829770276,82.97367384969529,False,99.79999999999995,10.168240990994468,-3.3115154713302966,506.63893712792054,264.36593809874347,10.693888888884162,108.03899999999217,-15.610243551579204,-0.7022611869371032,-2335.7092666720446,-272.5375448782841
619015.0,1.6594,-5.8286,9.9092,0.0319,0.1553,9.8053,-0.163,0.4508,-0.4208,221.05,-86.57,109.13,53.053974,-1.792242,9.16,4,106.07,19 / 21,26.16810078546131,-2.038615111096142,3.286416200000794,2844.971506359031,536.6687655725553,83.30804451534537,False,99.90099999999995,10.18394176713946,-3.4970059829942346,507.65856469865355,264.0177867823377,10.767644444443404,108.95174000001674,-15.984159018321849,-1.4583908718980925,-2337.3129416603774,-272.65097879021766
619115.0,-1.8314,-6.7304,9.0068,-0.0348,0.076,9.8063,-0.1121,1.027,-0.6036,209.56,-86.37,97.76,53.053974,-1.792242,9.16,4,106.07,19 / 21,26.533671734534064,-1.5320880785023698,3.2515512000007862,2847.6065949850313,536.4902304130753,83.63494288534552,False,100.00099999999998,10.317542337670186,-3.3224591107265433,508.69470148011834,263.6728601202064,10.839324999999981,107.84934999999989,-16.216129396863877,-1.7903710322241735,-2338.9118935049128,-272.81737029286893
619215.0,2.9252,9.1606,9.9359,0.0445,0.1685,9.805,-0.234,1.2032,-0.7341,203.5,-85.69,92.39,53.053974,-1.792242,9.16,4,106.07,19 / 21,26.456070192627465,-1.6627878724133698,3.218021200000779,2850.25608208139,536.3304866155295,83.95842150534567,False,100.101,10.467219995420002,-3.6185673759458497,509.7440055268148,263.3060280566104,11.075050000000072,109.07050999999781,-15.988850197207462,-1.9557795035324799,-2340.5120765545753,-273.0244585589191
619315.0,-2.1081,-4.9692,10.0323,0.0481,0.1629,9.8051,0.0657,0.1497,-0.2262,204.54,-85.67,91.42,53.053974,-1.792242,9.16,4,106.07,19 / 21,26.332598891642686,-1.859083802258462,3.235766200000783,2852.8955155356043,536.1543930317958,84.28111087534582,False,100.20100000000002,10.482186168416712,-3.593218054917781,510.786893038196,262.95009309697764,11.080950000002732,108.92135999999529,-15.850412723225974,-1.7341342526593189,-2342.1086224974083,-273.2042999348182
619414.0,4.1256,8.4422,11.0982,0.0554,0.0401,9.8064,0.0554,1.0216,-0.636,202.71,-86.0,92.52,53.053974,-1.792242,9.16,4,106.07,19 / 21,26.174360726070955,-2.002000338194032,3.3108676000007318,2855.494610036679,535.9632693668436,84.60516924844568,False,100.29999999999995,10.581379823004339,-3.5937481883479108,511.8390043190099,262.58681927105516,11.17499999999719,108.75900000000485,-15.592980903066616,-1.5917478501538787,-2343.6556057176695,-273.37645009578847
619514.0,-3.1886,-1.4205,8.682,0.0738,0.1763,9.8047,0.0631,-0.2163,0.096,202.48,-85.44,92.88,53.053974,-1.792242,9.16,4,106.07,20 / 21,25.99022354934074,-2.3240327487084267,3.319212600000734,2858.1028392504504,535.7469677124984,84.93667325844582,False,100.39999999999998,10.649810161109189,-3.7293018098685846,512.9084268776369,262.2087565208026,11.28388888888728,109.29899999999202,-15.340413388231552,-1.405269061160158,-2345.1944123728135,-273.53821119169584
619614.0,4.2053,7.193,10.0192,0.0371,0.0109,9.8065,0.0573,0.8195,-0.5482,202.28,-85.71,92.34,53.053974,-1.792242,9.16,4,106.07,20 / 21,25.82847774380667,-2.5894198097825227,3.2736076000007235,2860.6937743151084,535.5012950845738,85.26631426844597,False,100.5,10.763706402961716,-3.800638034704302,513.9778494362375,261.83069377054966,11.415000000000001,109.448,-15.064771340844953,-1.211218224921779,-2346.7159248788707,-273.67060131402417
619714.0,-1.3383,-2.4555,9.7063,0.0555,0.0993,9.8059,0.2132,-0.7065,0.4103,204.54,-85.64,95.14,53.053974,-1.792242,9.16,4,106.07,20 / 21,25.603818774841155,-2.775480674317595,3.2792176000007247,2863.2653891410414,535.2330500603688,85.59395552844612,False,100.60000000000002,10.834325720547774,-3.9622273721995223,515.0606397767991,261.43039203473745,11.536111111112408,110.08800000001911,-14.769493054293381,-1.1867466978819272,-2348.204749364242,-273.80265802563133
619814.0,-2.6925,-4.691,10.0364,-0.0406,-0.0906,9.8061,-0.0632,0.1908,-0.0226,211.01,-85.87,98.84,53.053974,-1.792242,9.16,4,106.07,20 / 21,25.945045055847086,-2.5762922718159667,3.285687600000719,2865.8428323325734,534.9654614130624,85.92220078844589,False,100.69999999999993,10.823895221955118,-4.23769809275781,516.1434301173864,260.98561232781043,11.62388888888858,111.38099999996888,-15.121149833891968,-1.6614058209418436,-2349.699402215187,-273.97984908525194
619914.0,-3.4979,-6.5027,9.7229,0.0031,0.0445,9.8065,0.1738,-1.2023,0.8486,209.25,-86.04,97.83,53.053974,-1.792242,9.16,4,106.07,20 / 21,26.485193575623878,-2.262503661408722,3.2929876000007208,2868.4643442641477,534.7235216164011,86.25113454844603,False,100.79999999999995,10.892740443693716,-4.026321517557304,517.2395882398822,260.585310592028,11.613055555555876,110.28600000003237,-15.592453131930162,-1.7638178561485818,-2351.2247560242654,-274.13821102437305
620014.0,0.0253,-4.1866,10.8867,-0.0229,-0.1542,9.8053,0.1425,-0.5498,0.2081,209.99,-85.79,97.62,53.053974,-1.792242,9.16,4,106.07,20 / 21,26.892801425777314,-1.8985177521733339,3.342802600000732,2871.1332440142182,534.5154705457219,86.58292405844618,False,100.89999999999998,10.833211083392294,-4.136584403092302,518.315694689464,260.1738893630838,11.596111111111362,110.89899999999093,-16.05959034238502,-2.238066650918968,-2352.8175493247545,-274.3415811826381
620114.0,-1.4889,8.7765,8.3607,0.0239,-0.0087,9.8066,0.2671,-0.9468,0.5804,210.43,-86.06,101.6,53.053974,-1.792242,9.16,4,106.07,20 / 21,26.830711671114507,-2.1487581899091137,3.324507600000728,2873.8194196690633,534.3131067486178,86.91628956844633,False,101.0,10.975212448869394,-4.016140205435206,519.4118528120392,259.7735876272721,11.686944444444444,110.099,-15.855499222245113,-1.867382015526092,-2354.407566857024,-274.5395191213457
620214.0,-0.2256,2.8081,8.8079,0.0084,-0.1258,9.8057,0.2144,-0.5231,0.2599,219.62,-86.35,108.07,53.053974,-1.792242,9.16,4,106.07,20 / 21,26.582942003000742,-2.6955394393431185,3.2022726000007,2876.4901023527696,534.0708918671551,87.24262857844647,False,101.10000000000002,10.987277749770882,-4.102074446374289,520.5213787165757,259.33992741347674,11.728055555555969,110.47299999999622,-15.59566425322986,-1.4065350070311702,-2355.9687236361938,-274.7309644536783
620314.0,1.3446,2.2787,9.5756,-0.001,-0.0498,9.8065,0.1891,-0.7532,0.4442,216.31,-86.28,105.62,53.053974,-1.792242,9.16,4,106.07,20 / 21,26.370795123389893,-2.8778076854013688,3.140782600000756,2879.137789209087,533.7922245109181,87.55978133844626,False,101.19999999999993,11.031823329395822,-4.062637380548403,521.6242207301306,258.9396256776647,11.756111111112872,110.21700000001742,-15.338971793994071,-1.1848296951470343,-2357.513568478956,-274.8525988332534
620414.0,-2.6347,-6.9594,10.7016,-0.0002,-0.1099,9.806,0.0756,-0.4997,0.4107,210.88,-86.16,101.84,53.053974,-1.792242,9.16,4,106.07,20 / 21,26.53231916391267,-2.71438028216248,3.1739776000007636,2881.7829449234528,533.5126151125398,87.8755193484464,False,101.29999999999995,11.045622890827945,-4.202457860320734,522.7270627436063,258.50596546319315,11.818055555553725,110.82999999998188,-15.486696273084727,-1.4880775781582538,-2359.0558821798463,-275.0066496493467
620514.0,0.3377,-3.0741,10.0694,-0.006,-0.0425,9.8065,0.0281,-0.6819,0.5208,214.27,-86.29,103.39,53.053974,-1.792242,9.16,4,106.07,18 / 20,26.888355955201806,-2.362582515620246,3.2318626000007766,2884.453978679409,533.2587669726506,88.19581135844655,False,101.39999999999998,10.8878243753259,-4.27478534063648,523.8098530841951,258.0723052493973,11.696944444446235,111.43599999999105,-16.000531579875904,-1.9122028250162346,-2360.644125595214,-275.18646172325333
620614.0,-3.8716,-3.2151,9.8757,-0.0412,-0.0977,9.806,0.0325,-0.3845,0.1631,216.33,-86.05,104.8,53.053974,-1.792242,9.16,4,106.07,18 / 20,27.20318516224423,-2.226588422747511,3.2484526000007805,2887.158555735282,533.0293084257322,88.5198271184467,False,101.5,11.057074329834021,-4.247956245599234,524.9193789887312,257.6497645280269,11.845,111.016,-16.14611083241021,-2.021367822851723,-2362.2391767465506,-275.37954389770533
620714.0,4.24,3.9958,9.4371,0.01,-0.04,9.8065,-0.093,-0.2909,0.2991,217.27,-86.1,109.54,53.053974,-1.792242,9.16,4,106.07,18 / 20,27.15532277521087,-2.257494963494832,3.2334276000007773,2889.8764811321553,532.80510425642,88.84392112844685,False,101.60000000000002,11.038925019215323,-4.330775447742585,526.0155371112538,257.21610431493855,11.858055555554975,111.42099999999223,-16.116397755995546,-2.0732804842477535,-2363.8609440209016,-275.58899994148146
620815.0,-0.0072,-0.0161,8.937,-0.0703,-0.0372,9.8063,-0.0446,-0.3305,0.173,211.71,-86.35,102.52,53.053974,-1.792242,9.16,4,106.07,18 / 20,26.854651391725543,-2.3035324002551176,3.170848000000778,2892.6039848275855,532.5747723745507,89.16733704624693,False,101.70100000000002,11.042877413024504,-4.216487983649591,527.1362251138244,256.7891157964989,11.820488888893488,110.89825000000934,-15.811773978701039,-1.9129555833944734,-2365.467759713761,-275.78565657805177
620915.0,1.3992,5.5848,8.0154,-0.0274,-0.041,9.8065,-0.1022,-0.1952,0.0275,207.13,-86.49,98.31,53.053974,-1.792242,9.16,4,106.07,18 / 20,26.658450950130046,-2.5358351012461933,3.037803000000899,2895.2796399446756,532.3328039994758,89.47776959624673,False,101.80099999999993,11.16782866481857,-4.334597439473295,528.252568587079,256.3445584794646,11.979538888886962,111.21289000002108,-15.490622285311476,-1.7987623382271014,-2367.0270713575965,-275.9882455200112
621015.0,-0.8161,-0.2464,8.9786,-0.0263,-0.0175,9.8065,0.0665,-0.5798,0.3294,201.9,-86.34,92.51,53.053974,-1.792242,9.16,4,106.07,18 / 20,26.505388810626762,-2.772985698461606,2.9068380000008696,2897.9378319327143,532.0673629594903,89.77500164624689,False,101.90099999999995,11.279728838605534,-4.219332960116213,529.381945647828,255.92212895371873,12.043050000001246,110.50898000000004,-15.225659972021228,-1.4463472616546067,-2368.555886284886,-276.1452340057716
621114.0,-0.3794,6.0386,10.3753,-0.0333,-0.076,9.8063,0.0093,0.2167,-0.2185,196.1,-86.66,87.89,53.053974,-1.792242,9.16,4,106.07,18 / 20,11.20208758040492,-4.189848904308824,2.8939977000008636,530.4803762933458,255.51482193706354,90.06214301339712,True,102.0,11.20208758040492,-4.189848904308824,530.4803762933458,255.51482193706354,11.959999999999999,110.507,0.0,0.0,0.0,0.0
621214.0,-2.3999,-5.2331,11.1362,0.0513,0.0193,9.8064,0.1906,-0.6334,0.3079,196.11,-86.53,88.02,53.053974,-1.792242,9.16,4,106.07,18 / 20,11.321062430507594,-4.284565731255547,2.9889077000008855,531.6065337938917,255.09110120528524,90.35628828339728,False,102.10000000000002,11.288616074948067,-4.061258809225762,531.6099538708504,255.10340070811935,11.996944444444607,109.78699999998653,-0.03244635555952691,0.22330692202978497,0.0034200769587187096,0.012299502834110854
621315.0,-1.4551,-2.9472,10.4226,-0.0018,-0.1012,9.8061,0.0773,0.6033,-0.4187,207.78,-86.62,97.7,53.053974,-1.792242,9.16,4,106.07,18 / 20,11.640018399764596,-3.983965666801585,3.0871554500008846,532.7660683758204,254.67354036968337,90.66312947247236,False,102.20100000000002,11.361437406605363,-3.884796208399556,532.7574442762519,254.7103266430073,12.007244444442112,108.8770200000058,-0.2785809931592329,0.09916945840202906,-0.008624099568464771,0.03678627332394058
621415.0,-1.0694,-5.5715,9.3661,0.0227,0.0915,9.8061,-0.0568,-0.1682,0.0976,207.67,-85.84,99.88,53.053974,-1.792242,9.16,4,106.07,18 / 20,11.94293409854987,-3.682020638465208,3.095925450000877,533.9452160007351,254.29024105442036,90.97228351747216,False,102.30099999999993,11.272614080155494,-3.8976383032505653,533.8804716404873,254.32114439964985,11.927424999998573,109.07344000001055,-0.670320018394376,-0.21561766478535738,-0.06474436024780061,0.030903345229489787
621514.0,-1.1316,0.0515,10.5477,-0.0333,-0.0346,9.8065,-0.1423,0.5871,-0.4737,205.45,-86.09,99.56,53.053974,-1.792242,9.16,4,106.07,18 / 19,12.160916397142959,-3.505100758830414,3.1108002000008836,535.1383566002725,253.93447854525405,91.2795164371474,False,102.39999999999998,11.341435122349244,-3.8434976734123163,535.0053704943402,253.93585397869774,11.974999999999289,108.72100000000526,-0.8194812747937146,-0.33839691458190213,-0.13298610593221838,0.00137543344368396
621615.0,1.1164,5.1615,9.2426,0.0213,0.0887,9.8061,-0.0173,0.1211,-0.0473,204.18,-85.73,97.3,53.053974,-1.792242,9.16,4,106.07,18 / 19,12.0471294103322,-3.763600304490012,3.119738700000884,536.3608629135499,253.56740914155637,91.59415865159748,False,102.50099999999998,11.539108578349392,-3.844203337080441,536.173046250478,253.55389940600384,12.16260555555556,108.42527999999997,-0.5080208319828081,-0.080603032590429,-0.18781666307188516,-0.013509735552531765
621715.0,0.4162,3.949,9.4247,0.0248,-0.0013,9.8066,-0.0364,0.5629,-0.3536,208.49,-85.26,99.1,53.053974,-1.792242,9.16,4,106.07,18 / 19,11.771573848487453,-4.1563379148149275,3.0724387000008733,537.5517980764912,253.17141223059105,91.90376752159764,False,102.601,11.474708806527607,-3.892291537863036,537.3094413968356,253.16516194162955,12.116913888887211,108.7371299999811,-0.29686504195984575,0.2640463769518915,-0.24235667965558605,-0.006250288961496153
621814.0,1.3956,3.1608,10.3233,0.0272,0.0598,9.8063,0.0128,0.3325,-0.1897,208.48,-85.15,99.26,53.053974,-1.792242,9.16,4,106.07,18 / 19,11.517893186502866,-4.439049429177446,3.0791063500008686,538.7046266947224,252.7459405570637,92.20826900157252,False,102.69999999999993,11.450640924133179,-3.602245255861226,538.4475743548015,252.82390471208106,12.003888888889946,107.46300000006838,-0.06725226236968673,0.8368041733162204,-0.25705233992084686,0.0779641550173551
621914.0,-0.6522,-2.5378,9.2609,-0.0053,0.0556,9.8065,0.0194,0.2834,-0.1827,203.16,-84.98,97.01,53.053974,-1.792242,9.16,4,106.07,18 / 19,11.454785565158458,-4.457459011948398,3.077651350000868,539.8532606323057,252.3011151350073,92.51610688657267,False,102.79999999999995,11.32432968434691,-4.092421531356323,539.5704680412438,252.37912500589195,12.04111111111001,109.86899999992889,-0.1304558808115477,0.36503748059207464,-0.2827925910619342,0.0780098708846424
622014.0,-0.1716,2.5698,8.9785,-0.0144,0.0343,9.8065,-0.1826,0.5691,-0.2544,204.1,-85.11,95.25,53.053974,-1.792242,9.16,4,106.07,18 / 19,11.484374183622705,-4.4912684343893865,3.0089563500008527,541.000218619745,251.85367876269032,92.82043727157283,False,102.89999999999998,11.448067492158533,-4.176488322415906,540.706729509755,251.95658428381378,12.186111111108968,110.04299999999743,-0.03630669146417276,0.3147801119734801,-0.29348910999010513,0.10290552112346063
622115.0,-0.3577,-4.1478,10.1332,-0.0162,0.0679,9.8063,-0.0056,0.0586,0.0499,202.44,-85.4,92.88,53.053974,-1.792242,9.16,4,106.07,18 / 19,11.530331179814853,-4.443619178345927,2.983625550000853,542.1624612405986,251.4024669382472,93.12306265752291,False,103.00099999999998,11.490889246533893,-3.6554747563472763,541.8744052659193,251.61933007139837,12.058319444444448,107.64688999999998,-0.03944193328096013,0.7881444219986511,-0.28805597467930966,0.216863133151179
622214.0,-0.4444,1.9029,10.491,0.0143,0.0216,9.8065,-0.0972,0.6178,-0.3407,199.79,-85.7,93.2,53.053974,-1.792242,9.16,4,106.07,18 / 19,11.609006591802833,-4.373598566439934,3.0336651000008765,543.3078584602943,250.96601465988007,93.42091854469814,False,103.10000000000002,11.418856634133213,-3.6954544533324207,542.9993041197723,251.2560562468494,12.001944444444932,107.93299999999567,-0.19014995766961995,0.6781441131075137,-0.30855434052193687,0.29004158696932336
622314.0,0.067,-2.1836,10.0979,0.0167,0.0779,9.8063,0.0699,-0.1584,0.0116,204.42,-85.45,93.82,53.053974,-1.792242,9.16,4,106.07,18 / 19,11.634577516288935,-4.386835550101609,3.0824451000008324,544.4700376656978,250.5279929540534,93.72672405469795,False,103.19999999999993,11.469106375157804,-3.647029470023658,544.1489333702434,250.8779934951832,12.034999999996163,107.63999999997172,-0.16547114113113182,0.7398060800779511,-0.32110429545434727,0.35000054112981616
622414.0,1.2843,3.3408,9.3826,0.0152,0.0299,9.8065,-0.058,0.3428,-0.1973,202.72,-85.31,96.03,53.053974,-1.792242,9.16,4,106.07,18 / 19,11.547270140477568,-4.432173464632503,3.075805100000831,545.6291300485364,250.08704250331658,94.0346365646981,False,103.29999999999995,11.401365007602733,-3.4086472336552522,545.2918787296522,250.5332892229397,11.90000000000399,106.64500000002941,-0.14590513287483553,1.0235262309772506,-0.33725131888411397,0.4462467196231046
622514.0,0.6721,-1.1801,8.6191,-0.0037,-0.0088,9.8066,-0.0214,0.3629,-0.2572,202.56,-85.22,95.95,53.053658,-1.790698,12.83,4,103.73,17 / 19,11.409753240991868,-4.5110178991865,2.995225100000813,546.7769812176101,249.63988293512554,94.33818807469825,False,103.39999999999998,11.421971849526576,-3.3920176987476274,546.4415079801511,250.18858494996374,11.914999999999777,106.54000000000156,0.012218608534707798,1.1190002004388728,-0.33547323745904123,0.5487020148381987
622614.0,1.6224,3.1808,9.7909,-0.0166,0.0316,9.8065,-0.0054,0.0955,-0.1186,200.6,-84.58,94.21,53.053658,-1.790698,12.83,4,103.73,17 / 19,11.264409182774491,-4.581009251045947,2.935060100000799,547.9106893387986,249.1852815776138,94.6347023346984,False,103.5,11.345692343294154,-3.2132878850455704,547.5710855576558,249.86611966325344,11.791944444444445,105.813,0.08128316051966245,1.3677213660003762,-0.3396037811428414,0.6808380856396354
622714.0,-0.8948,1.3775,9.6362,0.0079,0.0376,9.8066,-0.1267,0.0124,0.0409,197.71,-84.32,90.73,53.053658,-1.790698,12.83,4,103.73,17 / 19,11.149855716810457,-4.797799582217936,2.9257501000007973,549.0314025837781,248.7163411359505,94.92774284469854,False,103.60000000000002,10.882491915253679,-2.6689688485551653,548.6204564433162,249.6437298104954,11.205000000005336,103.78000000000371,-0.26736380155677786,2.1288307336627703,-0.41094614046187417,0.9273886745448863
622816.0,-0.8902,-1.2584,10.7708,0.03,0.0105,9.8065,-0.0128,-0.0486,0.1256,198.65,-84.11,92.17,53.053658,-1.790698,12.83,4,103.73,17 / 19,11.231377315340517,-4.8499772574602815,2.9662288000007875,550.1728454684176,248.22430451712702,95.22823376859856,False,103.702,11.227388507975398,-2.810918452241991,549.773427639289,249.34795130615802,11.573966666677634,104.05500000003352,-0.003988807365118419,2.0390588052182905,-0.39941782912853796,1.1236467890309996
622914.0,0.8535,0.9719,9.2315,0.0438,-0.0043,9.8065,-0.044,0.0102,-0.0468,199.86,-84.12,93.77,53.053658,-1.790698,12.83,4,103.73,17 / 19,11.232636941408776,-4.852977785295671,2.9852898000007793,551.2735821669978,247.7488597200322,95.51985817999851,False,103.79999999999995,11.538826880213334,-3.141734820919301,550.9197149442025,249.02103822124275,11.958888888877278,105.23099999996452,0.30618993880455747,1.7112429643763702,-0.3538672227953157,1.2721785012105613
623014.0,-1.3805,-2.7307,10.3535,-0.0264,-0.0482,9.8065,-0.1051,0.2207,-0.101,199.46,-84.05,93.46,53.053658,-1.790698,12.83,4,103.73,17 / 19,11.28207495663821,-4.795651745605664,2.983874800000779,552.3993177619004,247.266428243487,95.81831640999866,False,103.89999999999998,11.278387457352729,-2.664642948119955,552.0292408487408,248.77640938221708,11.588888888894356,103.29300000002866,-0.0036874992854816213,2.1310087974857086,-0.3700769131596644,1.509981138730069
623114.0,-0.5263,1.4548,9.9572,-0.0091,-0.0366,9.8065,-0.012,0.2183,-0.0442,198.64,-84.36,91.91,53.053658,-1.790698,12.83,4,103.73,17 / 19,11.390027699149869,-4.784500264109362,3.0187448000007873,553.53292289469,246.78742064300116,96.1184473899988,False,104.0,11.529674208287998,-2.766540115266813,553.1922378812264,248.48730257349206,11.856944444444444,103.493,0.13964650913812982,2.0179601488425494,-0.3406850134635988,1.6998819304909034
623214.0,-0.6363,-2.7282,9.8447,-0.033,-0.0787,9.8063,0.0456,-0.0047,0.0744,198.84,-84.59,91.93,53.053658,-1.790698,12.83,4,103.73,17 / 19,11.461666280583385,-4.760284174084541,3.0281748000007895,554.6755075936769,246.31018142109136,96.42079336999896,False,104.10000000000002,11.535017391313954,-2.937023210801075,554.355234913713,248.17595677708576,11.90305555555798,104.2850000000044,0.07335111073056844,1.8232609632834658,-0.320272679963864,1.8657753559944013
623314.0,0.3863,0.5861,10.8419,0.0202,-0.0613,9.8064,-0.02,0.2185,-0.1551,201.78,-85.42,94.73,53.053658,-1.790698,12.83,4,103.73,17 / 19,11.50233955276312,-4.67865177544175,3.0818398000007408,555.8237078853432,245.83823462361548,96.72629409999875,False,104.19999999999993,11.678194777190873,-3.038242085706041,555.5249158371792,247.86461098350944,12.06694444444675,104.58299999997865,0.17585522442775314,1.6404096897357094,-0.2987920481640458,2.026376359893959
623414.0,1.0861,-3.2286,10.7235,0.0537,-0.0347,9.8064,0.0637,-0.2797,0.1482,206.05,-85.51,101.04,53.053658,-1.790698,12.83,4,103.73,17 / 19,11.489889631263567,-4.546634115540491,3.179444800000763,556.9733193445448,245.37697032906627,97.0393583299989,False,104.29999999999995,11.795772953491365,-2.9043061495797513,556.7146484335276,247.56438468237994,12.148055555553157,103.83200000002219,0.3058833222277979,1.6423279659607397,-0.2586709110172478,2.1874143533136703
623514.0,0.0913,-0.0718,10.2666,0.0271,0.0441,9.8065,-0.0212,-0.0247,0.0574,210.87,-85.36,103.17,53.053658,-1.790698,12.83,4,103.73,18 / 19,11.502860028127342,-4.388635188636023,3.248284800000779,558.1229568275146,244.93020686385734,97.36074480999905,False,104.39999999999998,11.689304329076492,-2.9952149384595073,557.8910132479754,247.25303888738864,12.066944444445644,104.37199999999201,0.18644430094914988,1.3934202501765158,-0.23194357953923372,2.322832023531305
623614.0,2.2926,1.0664,10.88,0.0635,0.0287,9.8063,-0.0651,-0.2986,0.1846,209.35,-85.43,105.17,53.053658,-1.790698,12.83,4,103.73,18 / 19,11.367202533020219,-4.389608767967431,3.3249498000007964,559.2664599555723,244.49129466602707,97.6894065399992,False,104.5,11.577360573523935,-2.940705213144216,559.0406424984748,246.963932077248,11.945,104.252,0.21015804050371578,1.448903554823215,-0.22581745709749157,2.4726374112209157
623714.0,1.6929,-0.6331,10.238,-0.0289,0.007,9.8065,0.1769,-0.3162,0.1409,210.6,-85.32,106.84,53.053658,-1.790698,12.83,4,103.73,18 / 19,11.176915285765478,-4.325689587923271,3.4001848000008135,560.3936658465118,244.05552974823243,98.02566326999936,False,104.60000000000002,11.968555868209341,-2.7567788750599274,560.2571106588579,246.66370577609683,12.281944444444667,102.97100000000987,0.791640582443863,1.5689107128633433,-0.1365551876539257,2.6081760278644026
623814.0,1.5093,2.6177,8.4886,-0.0228,0.0304,9.8066,-0.0165,-0.072,0.048,211.77,-85.3,108.13,53.053658,-1.790698,12.83,4,103.73,18 / 19,10.979269577177156,-4.342859059184343,3.3558498000008536,561.5014750896579,243.62210231587744,98.36346499999914,False,104.69999999999993,11.950230062756619,-2.899455831194504,561.4535271462989,246.37459896666383,12.296944444448794,103.63799999998935,0.9709604855794627,1.4434032279898386,-0.04794794335896313,2.7524966507863837
623914.0,0.44,-1.4188,10.3017,-0.0093,0.017,9.8065,-0.0259,-0.1197,-0.0233,212.12,-85.39,104.65,53.053658,-1.790698,12.83,4,103.73,18 / 19,10.857242034687626,-4.358479659220772,3.3146998000008443,562.5933006702514,243.18703537995708,98.6969924799993,False,104.79999999999995,12.117924007106392,-2.856294410224848,562.6699953065938,246.07437266411966,12.449999999995475,103.26300000001109,1.260681972418766,1.5021852489959242,0.07669463634238127,2.8873372841625837
624014.0,-0.5593,1.177,10.6944,-0.0048,0.0282,9.8065,0.0336,-0.0195,-0.1325,211.08,-85.14,102.49,53.053658,-1.790698,12.83,4,103.73,18 / 19,10.861950892869425,-4.367445070235875,3.3838398000008603,563.6792603166296,242.75073914348414,99.03191945999946,False,104.89999999999998,12.057176212177763,-2.9169379130367306,563.8730956850432,245.78526585539367,12.405000000000664,103.59999999999502,1.1952253193083386,1.4505071571991444,0.19383536841360183,3.0345267119095354
624114.0,0.5583,-0.4533,10.6562,0.0411,0.0543,9.8064,0.137,-0.1166,0.0286,211.68,-84.65,104.05,53.053658,-1.790698,12.83,4,103.73,18 / 19,10.835782449516323,-4.414272216734925,3.47070480000088,564.7641469837491,242.3116532791355,99.37464668999962,False,105.0,12.12603738265675,-2.934717337530338,565.0828799544458,245.48503955282786,12.476111111111111,103.605,1.2902549331404263,1.4795548792045867,0.3187329706967148,3.1733862736923584
624214.0,1.2542,1.3125,10.0274,0.0316,0.0519,9.8064,0.146,-0.1988,0.0864,215.58,-84.4,109.38,53.053658,-1.790698,12.83,4,103.73,18 / 19,10.726243585910787,-4.412816156108612,3.5242198000008926,565.8422482855208,241.87029886049322,99.72439291999979,False,105.10000000000002,12.114280015101965,-2.9991031518945888,566.285980332842,245.1848132509695,12.480000000000162,103.90499999998136,1.3880364291911782,1.413713004214023,0.4437320473211912,3.3145143904762904
624314.0,-0.1679,-1.479,8.4575,0.029,0.0268,9.8065,-0.2082,-0.3039,0.1635,214.96,-83.82,109.93,53.053658,-1.790698,12.83,4,103.73,18 / 19,10.677362762247688,-4.389271603954219,3.467799800000944,566.9124286029278,241.43019447249048,100.07399389999956,False,105.19999999999993,12.188236297680456,-2.733999404212277,567.5091323842848,244.9068259353765,12.491111111119354,102.6430000000228,1.5108735354327685,1.6552721997419422,0.5967037813570641,3.4766314628860187
624414.0,1.8563,1.4223,9.13,-0.0029,0.0306,9.8066,-0.2796,0.0391,-0.027,211.52,-83.99,104.93,53.053658,-1.790698,12.83,4,103.73,18 / 19,10.601921455249272,-4.361240848028945,3.3665098000009213,567.9763928138028,240.99266884989123,100.41570937999974,False,105.29999999999995,12.430826405150983,-2.9717597681086074,568.7590199995592,244.60659963283237,12.781111111102538,103.44499999997629,1.8289049499017107,1.3894810799203379,0.7826271857563825,3.6139307829411393
624514.0,-0.7925,0.7214,8.5085,-0.0211,0.0492,9.8065,-0.045,0.0593,0.0102,203.24,-83.81,98.59,53.053658,-1.790698,12.83,4,103.73,19 / 19,10.50106141413162,-4.4385240693209544,3.267769800000899,569.0315419572721,240.55268060402364,100.7474233599999,False,105.39999999999998,12.277515310038684,-2.7963695578036907,569.988855941904,244.31749282410635,12.591944444447241,102.83100000000908,1.7764538959070642,1.6421545115172638,0.9573139846319236,3.7648122200827174
624614.0,-2.0408,-1.7358,10.6327,0.012,0.0221,9.8066,0.079,-0.1576,0.0969,202.46,-83.51,97.94,53.053658,-1.790698,12.83,4,103.73,19 / 19,10.645260604483747,-4.463009296621817,3.2441648000008936,570.0888580582031,240.1076039357264,101.07302009000006,False,105.5,12.349556242704782,-2.4800152684465706,571.2454274482494,244.06174449265717,12.59611111111111,101.355,1.7042956382210352,1.9829940281752467,1.156569390046343,3.9541405569307813
624714.0,0.6483,1.6511,11.8144,0.0147,-0.0148,9.8066,0.214,0.1248,-0.1686,207.26,-83.39,100.27,53.053658,-1.790698,12.83,4,103.73,19 / 19,10.700069787112819,-4.4970397374822255,3.3858548000009256,571.1561245777831,239.6596014840211,101.40452107000023,False,105.60000000000002,12.40526294645438,-1.3535579524537822,572.4886311726345,243.95054956627666,12.478888888892913,96.22700000005553,1.7051931593415617,3.1434817850284436,1.332506594851452,4.290948082255568
624814.0,1.6579,-0.3334,10.3709,0.0017,-0.0464,9.8065,0.0431,-0.1255,0.057,209.85,-83.25,104.19,53.053658,-1.790698,12.83,4,103.73,19 / 19,10.56275261483454,-4.5161632382919885,3.514454800000809,572.2192656978795,239.2089413352328,101.74953655,False,105.69999999999993,12.558010915402294,-2.2107004357292057,573.7452026790046,243.70592072654435,12.751111111111538,99.98400000009478,1.9952583005677536,2.305462802562783,1.5259369811251418,4.496979391311555
624914.0,0.1337,1.752,8.3047,-0.0227,0.0065,9.8066,-0.1521,0.052,0.2264,207.58,-83.76,103.32,53.053658,-1.790698,12.83,4,103.73,19 / 19,10.445534029875159,-4.551279172891431,3.467569800000798,573.2696800301152,238.75556921467353,102.09863778000016,False,105.79999999999995,12.422735044589395,-2.9409602025762696,574.975038621286,243.3834554398578,12.766111111110666,103.31899999990142,1.977201014714236,1.6103189703151615,1.705358591170807,4.627886225184284
625014.0,-1.6846,0.4098,10.0006,-0.0395,0.0465,9.8064,-0.0077,-0.2508,0.2662,203.49,-84.5,98.04,53.053658,-1.790698,12.83,4,103.73,19 / 19,10.4619154583362,-4.69484148032177,3.4021698000007836,574.315052504526,238.29326318201277,102.44212476000031,False,105.89999999999998,12.436953259203419,-3.010424089107595,576.2182423456438,243.0721096455732,12.796111111110667,103.60699999999574,1.9750378008672183,1.684417391214175,1.9031898411178645,4.778846463560427
625114.0,-1.1625,-1.0179,9.592,0.0314,-0.0397,9.8064,0.0061,0.1858,-0.0247,202.37,-84.74,96.29,53.053658,-1.790698,12.83,4,103.73,19 / 19,10.59866043745943,-4.739185305257775,3.4011348000007833,575.368081299316,237.82156184273367,102.78228999000046,False,106.0,12.469761701996044,-2.545615443740086,577.4681299610091,242.83860029897463,12.726944444444444,101.538,1.8711012645366143,2.1935698615176884,2.1000486616931084,5.017038456240954
625214.0,-2.3695,-6.6448,10.936,0.0724,0.0147,9.8063,0.0255,-0.4949,0.3446,212.28,-84.45,105.14,53.053658,-1.790698,12.83,4,103.73,19 / 19,10.942666494818036,-4.513015914645127,3.4468698000007936,576.4451476459302,237.35895178173843,103.12469022000062,False,106.10000000000002,12.536633113544898,-2.656511843828536,578.7180175763745,242.57173247509962,12.815000000001282,101.96400000001843,1.5939666187268617,1.856504070816591,2.2728699304442443,5.212780693361196
625314.0,2.6487,-0.8268,10.1374,0.0078,-0.0121,9.8065,0.0905,-0.1932,-0.0202,213.66,-84.42,106.92,53.053658,-1.790698,12.83,4,103.73,19 / 19,11.12462345941717,-4.203294618266373,3.519874800000727,577.548512143641,236.92313625509325,103.47302745000037,False,106.19999999999993,12.56049506157792,-2.948581736262968,579.9679051917115,242.26038668081753,12.901944444437426,103.21099999995893,1.4358716021607485,1.254712882003405,2.4193930480704466,5.337250425724278
625415.0,-0.4387,3.5239,9.3779,-0.0171,0.0697,9.8063,0.0661,-0.3872,0.1507,217.53,-84.5,107.57,53.053658,-1.790698,12.83,4,103.73,19 / 19,10.93647288033237,-4.264484095694055,3.5149258000007273,578.6625975087984,236.49551343003824,103.82828488030044,False,106.30099999999993,12.389181776690235,-2.58352156730164,581.2167902233593,242.01275557880248,12.65571944444231,101.77903999996134,1.4527088963578638,1.6809625283924148,2.5541927145609407,5.51724214876424
625514.0,-3.2426,-3.6433,8.807,-0.0153,0.0652,9.8064,0.0164,-0.5562,0.2178,209.39,-84.3,101.7,53.053658,-1.790698,12.83,4,103.73,17 / 20,11.067434735002807,-4.3531258383261004,3.444220000000694,579.751790935758,236.06894173830403,104.17276259740068,False,106.39999999999998,12.39724668835649,-2.8780878096369875,582.4409448584037,241.7155315406626,12.72694444444338,103.06999999998072,1.3298119533536816,1.475038028689113,2.689153922645687,5.646589802358562
625614.0,0.4832,2.0929,10.3734,-0.0067,-0.0232,9.8066,-0.0274,0.3638,-0.2082,207.61,-84.2,99.57,53.053658,-1.790698,12.83,4,103.73,17 / 20,11.221115056468216,-4.371813609725892,3.4225750000006894,580.8662184253318,235.63269476590133,104.51610234740082,False,106.5,12.420176850586135,-2.8229347815754644,583.6774646917816,241.43754422294762,12.736944444444445,102.805,1.1990617941179185,1.548878828150428,2.811246266449757,5.804849457046288
625714.0,0.7816,3.1672,9.7155,0.0381,0.0291,9.8064,-0.0494,0.2427,-0.1003,205.35,-84.17,100.89,53.053658,-1.790698,12.83,4,103.73,17 / 20,11.04159536493703,-4.596273520526391,3.446355000000695,581.9793539464023,235.1842904093886,104.85954884740096,False,106.60000000000002,12.579619389958017,-2.7368213546421036,584.934036198127,241.15955690664757,12.873888888887972,102.27400000001062,1.5380240250209862,1.8594521658842873,2.954682251724762,5.975266497258957
625814.0,0.9373,-0.53,9.6405,-0.0025,-0.0678,9.8064,-0.1357,0.2716,-0.2318,211.5,-84.38,102.89,53.053658,-1.790698,12.83,4,103.73,17 / 20,10.905320273923184,-4.691869930638053,3.433490000000707,583.0766997283444,234.7198832368308,105.20354109740072,False,106.69999999999993,12.483977428217969,-2.8803173469733685,586.1705560315038,240.88156959034788,12.811944444444478,102.99199999998716,1.5786571542947847,1.8115525836646849,3.0938563031594413,6.161686353517069
625914.0,-0.4452,1.6903,10.6933,0.0061,0.0331,9.8066,-0.0825,0.2149,-0.0571,207.5,-84.0,99.92,53.053658,-1.790698,12.83,4,103.73,17 / 20,10.852572964593277,-4.746209580023902,3.4695150000007153,584.1645943902704,234.24797926129762,105.54869134740086,False,106.79999999999995,12.507395833909916,-2.7819852845845143,587.4204436467783,240.60358227336076,12.813055555555524,102.54000000001336,1.6548228693166394,1.9642242954393878,3.2558492565078723,6.355603012063142
626014.0,-1.4829,0.7,10.5044,0.033,0.0186,9.8066,0.0512,0.0846,0.0125,208.77,-83.92,100.12,53.053658,-1.790698,12.83,4,103.73,17 / 20,10.874469195020467,-4.914175818108643,3.5487350000007334,585.2509464982513,233.76495999139087,105.89960384740101,False,106.89999999999998,12.409217165376452,-2.7717421132860234,588.6569634801565,240.32559495706076,12.71500000000145,102.59099999999924,1.5347479703559852,2.14243370482262,3.406016981905168,6.560634965669891
626114.0,0.4328,1.4495,10.0763,0.0052,-0.0237,9.8065,0.0217,0.2962,-0.2271,213.64,-83.71,103.81,53.053658,-1.790698,12.83,4,103.73,17 / 20,10.856620605221616,-5.044837540926023,3.5971050000007443,586.3375009882636,233.26700932343903,106.25689584740117,False,107.0,12.369969475655397,-2.814475136648136,589.886799422554,240.03648814833522,12.686111111111112,102.818,1.5133488704337807,2.230362404277887,3.5492984342903355,6.769478824896197
626215.0,-2.6614,-1.9757,9.5162,-0.0238,-0.0568,9.8064,0.0289,0.0917,-0.1513,210.05,-83.46,104.13,53.053658,-1.790698,12.83,4,103.73,17 / 20,10.956079718331576,-5.090633975688989,3.5960546000007443,587.4390423546031,232.75516801184997,106.62015040720124,False,107.101,12.46971210591449,-2.8211113724580805,591.1425020230654,239.75560976324053,12.78484999999978,102.74782999999975,1.5136323875829145,2.269522603230908,3.703459668462301,7.000441751390554
626314.0,-0.3137,1.7817,9.3447,-0.0093,0.0073,9.8066,-0.0295,0.0363,-0.0334,209.37,-83.62,102.72,53.053658,-1.790698,12.83,4,103.73,17 / 20,11.082017800495885,-5.172423574685464,3.5588108000007694,588.5299281817843,232.24714666310678,106.97431624450107,False,107.19999999999993,12.456055333795408,-2.8141758156652914,592.3798907622498,239.46939402260236,12.770000000001902,102.73100000000844,1.3740375332995232,2.3582477590201725,3.849962580465558,7.222247359495583
626414.0,-0.7008,2.8243,9.0481,-0.0231,-0.0408,9.8065,-0.0051,0.4321,-0.228,206.31,-83.83,101.74,53.053658,-1.790698,12.83,4,103.73,17 / 20,11.01393034234509,-5.416255991351166,3.497785800000756,589.6347255889266,231.71771268480484,107.32714607450123,False,107.29999999999995,12.506521707748556,-2.893796372123701,593.6364622685043,239.18028721248308,12.836944444442466,103.02799999999122,1.4925913654034666,2.522459619227465,4.001736679577675,7.4625745276782425
626515.0,-0.9733,3.2073,9.7574,0.007,-0.0265,9.8066,-0.0059,0.3349,-0.191,211.11,-83.69,103.6,53.053658,-1.790698,12.83,4,103.73,19 / 21,10.933634070134838,-5.740299392478817,3.456991900000756,590.7430775917568,231.15430663792142,107.6783623483513,False,107.40099999999995,12.446210545484451,-2.8806776636832447,594.892164869043,238.87728103816173,12.775230555555213,103.03166000000496,1.5125764753496131,2.859621728795572,4.149087277286185,7.722974400240304
626614.0,-0.0303,-0.7533,10.6967,-0.0111,-0.0322,9.8065,0.092,-0.07,-0.0061,207.88,-83.48,105.48,53.053658,-1.790698,12.83,4,103.73,19 / 21,10.904335278801904,-5.884880753904432,3.498611500000776,591.8240570745297,230.57886022067518,108.02266471665153,False,107.5,12.484896181228514,-2.8138218399593233,596.1295536082813,238.6020735943244,12.798055555555555,102.701,1.58056090242661,3.0710589139451088,4.30549653375158,8.023213373649213
626714.0,-0.222,-0.1033,8.1943,-0.0029,-0.0325,9.8065,-0.1561,0.1957,0.0749,212.5,-83.94,106.29,53.053658,-1.790698,12.83,4,103.73,19 / 21,10.927876723267884,-5.869988173581415,3.4624965000007677,592.9156676746335,229.99111677430076,108.3707201166517,False,107.60000000000002,12.556250247899385,-2.7462004344777964,597.3794412236202,238.32408627802437,12.85305555555563,102.33700000000024,1.6283735246315008,3.123787739103619,4.463773548986751,8.332969503723604
626816.0,-0.6327,0.1713,7.8166,0.0391,0.0139,9.8065,-0.187,0.0325,0.1807,212.15,-84.43,105.01,53.053658,-1.790698,12.83,4,103.73,19 / 21,10.954616074113629,-5.912316525799439,3.278774100000812,594.0316748072996,229.3902192346325,108.7145249172517,False,107.702,12.561469861268101,-2.748788353216227,598.6679617289176,238.0407616045404,12.85871666666759,102.34331999998648,1.6068537871544724,3.163528172583212,4.636286921617966,8.650542369907896
626914.0,-0.6933,1.0507,12.0264,-0.0298,-0.0439,9.8065,0.1855,0.0756,-0.1137,210.1,-84.62,106.32,53.053658,-1.790698,12.83,4,103.73,19 / 21,10.97231080615887,-6.013149477319165,3.2900294000008072,595.1060942244325,228.80587140047996,109.03639628875163,False,107.79999999999995,12.615504428975449,-2.6513758091767547,599.9059520182326,237.77923113716272,12.891111111110135,101.86900000001431,1.6431936228165789,3.36177366814241,4.799857793800129,8.973359736682767
627014.0,-1.6537,1.0036,9.6367,0.0266,-0.0269,9.8066,0.1816,-0.2244,0.1059,217.91,-84.44,113.32,53.053658,-1.790698,12.83,4,103.73,19 / 21,11.001771308959825,-6.1819024495291925,3.3925194000008307,596.2047983301886,228.1961188041374,109.37052372875179,False,107.89999999999998,12.70468475255784,-2.6888784145459828,601.1692074155588,237.5012438201557,12.986111111109707,101.94999999999881,1.7029134435980158,3.49302403498321,4.964409085370221,9.305125016018309
627114.0,0.3962,0.1519,10.9684,-0.0299,-0.0196,9.8065,0.103,0.0491,-0.0553,223.49,-84.43,116.31,53.053658,-1.790698,12.83,4,103.73,19 / 21,11.006226124403058,-6.278605508231319,3.442109400000842,597.305198201857,227.57309340624923,109.71225516875195,False,108.0,12.630447412094956,-2.72918419964876,602.4324628129116,237.22325650456298,12.921944444444444,102.193,1.6242212876918973,3.549421308582559,5.1272646110545566,9.650163098313755
627214.0,-3.1547,-1.2224,8.4323,-0.0367,-0.0037,9.8065,0.084,0.1191,-0.1216,220.46,-84.26,115.78,53.053658,-1.790698,12.83,4,103.73,19 / 21,11.135624561307056,-6.340545353364784,3.43147940000084,598.4122907361428,226.94213586316928,110.05593460875211,False,108.10000000000002,12.65844305994325,-2.713966138227502,603.695718210238,236.9563886785665,12.946111111112515,102.1009999999999,1.5228184986361946,3.626579215137282,5.28342747409522,10.014252815397214
627315.0,2.0303,1.7761,9.9036,-0.0051,-0.0076,9.8066,-0.0002,0.2561,-0.0965,218.92,-84.12,114.42,53.053658,-1.790698,12.83,4,103.73,19 / 21,11.150571081998962,-6.417102264283235,3.3669707000008406,599.5377436161298,226.29787465847807,110.39925633880219,False,108.20100000000002,12.752777114968842,-2.732427897041921,604.9851744602802,236.675621489804,13.042219444447628,102.09342999999835,1.60220603296988,3.684674367241314,5.447430844150404,10.377746831325936
627415.0,-2.2222,-2.3864,10.0315,-0.0171,-0.0231,9.8065,-0.0066,0.1317,0.1213,219.01,-84.19,115.14,53.053658,-1.790698,12.83,4,103.73,19 / 21,11.16732187597541,-6.414398911361286,3.383060700000826,600.6536382640274,225.6562995996964,110.73675790880196,False,108.30099999999993,12.862965087055704,-2.741936209831657,606.2685483693907,236.39774536774797,13.151963888888831,102.0333600000108,1.6956432110802933,3.6724627015296294,5.614910105363265,10.741445768051562
627515.0,-0.9472,3.8548,8.5418,-0.0227,-0.1007,9.806,-0.2164,0.364,-0.2501,220.97,-84.86,116.25,53.053658,-1.790698,12.83,4,103.73,20 / 21,11.227969918989734,-6.5827775778091455,3.3310607000008146,601.7734028537759,225.00644077523773,111.07246397880212,False,108.40099999999995,12.881751260200359,-2.660015092144274,607.5585393307184,236.13098873880477,13.153530555556088,101.6672800000085,1.6537813412106246,3.9227624856648715,5.785136476942512,11.12454796356704
627614.0,0.224,-1.34,10.379,0.0025,-0.0244,9.8066,-0.1457,0.1439,-0.0263,222.46,-85.07,116.52,53.053658,-1.790698,12.83,4,103.73,20 / 21,11.16434990226143,-6.715292565037716,3.2967819500007987,602.8818226849284,224.3481863031665,111.40054218997736,False,108.5,12.872607602016735,-2.5257385223223143,608.8356303824332,235.87779789137076,13.118055555555555,101.101,1.7082576997553058,4.189554042715402,5.953807697504885,11.529611588204261
627715.0,-0.5937,-0.4023,10.1558,-0.0037,-0.0419,9.8065,-0.0664,0.2383,-0.2256,222.4,-85.3,117.1,53.053658,-1.790698,12.83,4,103.73,20 / 21,11.226623735715203,-6.677218201540257,3.343317700000798,604.0125668536461,223.6718645094543,111.73586722230243,False,108.601,13.015549905069976,-2.5804086608878474,610.1453388221476,235.6084837791136,13.268880555555542,101.21380999999236,1.7889261693547738,4.09680954065241,6.132771968501402,11.936619269659303
627815.0,-1.1141,2.7934,10.2157,0.0045,-0.0504,9.8065,0.06,0.151,-0.1721,225.22,-85.18,116.61,53.053658,-1.790698,12.83,4,103.73,20 / 21,11.19107769719285,-6.8341645578319055,3.3812277000008066,605.1334519252918,222.99629537148556,112.07209449230258,False,108.70100000000002,13.037817957488352,-2.462663817539936,611.4486975654355,235.36385494079806,13.268363888889775,100.69636999998957,1.846740260295503,4.371500740291969,6.3152456401437576,12.367559569312505
627914.0,-0.1212,1.8755,9.5443,0.0231,-0.0135,9.8066,-0.0828,0.077,0.1665,227.41,-85.45,123.62,53.053658,-1.790698,12.83,4,103.73,20 / 21,11.05587855200742,-7.0511816195518895,3.3884893500008015,606.2346762596264,222.30897073570551,112.40719548627743,False,108.79999999999995,13.08303950879367,-2.3863199471847416,612.7390227211962,235.12167239088333,13.298888888887978,100.33700000001073,2.0271609567862505,4.664861672367148,6.504346461569753,12.812701655177818
628014.0,-0.0811,-0.5706,8.9466,-0.0252,-0.0403,9.8065,-0.0187,0.0363,0.0259,230.9,-85.97,126.29,53.053658,-1.790698,12.83,4,103.73,20 / 21,11.003269744899164,-7.11702151845108,3.3323693500007887,607.337633674472,221.60056057880522,112.74323842127758,False,108.89999999999998,13.146122199811177,-2.419643545745737,614.055749246472,234.87704355186028,13.366944444443439,100.42899999999864,2.1428524549120134,4.697377972705343,6.718115571999988,13.276482973055067
628114.0,-0.2947,-0.3129,9.9019,-0.0181,-0.0207,9.8066,0.0611,0.0767,-0.0505,233.15,-86.39,128.83,53.053658,-1.790698,12.83,4,103.73,20 / 21,11.03632755563075,-7.1167143226775105,3.29412935000078,608.4396135394987,220.88887378674863,113.07456335627774,False,109.0,13.203616122151661,-2.2562239026428053,615.3724757717349,234.65465369910288,13.395,99.697,2.167288566520911,4.860490420034705,6.932862232236175,13.765779912354247
628214.0,-3.4824,-1.5371,8.195,0.0144,0.0228,9.8066,-0.2333,0.2617,-0.1343,231.98,-86.4,126.76,53.053658,-1.790698,12.83,4,103.73,20 / 21,11.212364688081381,-7.220965308333278,3.218309350000763,609.5520481516846,220.17198980519794,113.4001852912779,False,109.10000000000002,13.15016539732999,-2.386707988607208,616.6892022970244,234.41002486007966,13.365000000000618,100.28700000000417,1.9378007092486094,4.83425731972607,7.137154145339764,14.23803505488172
628314.0,-1.8067,2.267,9.5536,0.0343,0.0493,9.8064,-0.0842,0.0894,-0.2157,223.34,-86.27,121.05,53.053658,-1.790698,12.83,4,103.73,20 / 21,11.356059095762747,-7.468286553351755,3.125074350000848,610.6804693408758,219.43752721211436,113.71735447627769,False,109.19999999999993,13.179492046024823,-2.4590951070007794,618.0059288222728,234.15427652863124,13.40694444444769,100.56900000000341,1.8234329502620756,5.009191446350975,7.325459481397047,14.716749316516882
628414.0,-0.0392,2.2402,11.519,0.0212,0.0325,9.8065,0.2591,-0.3035,0.073,224.41,-85.75,119.56,53.053658,-1.790698,12.83,4,103.73,20 / 21,11.255833925714764,-7.707963257298765,3.198039350000865,611.8110639919499,218.67871472158166,114.03351016127785,False,109.29999999999995,13.28649852224347,-2.507868157886918,619.3293392384466,233.89852819649383,13.521111111107736,100.68899999999644,2.0306645965287053,5.200095099411847,7.518275246496614,15.219813474912172
628514.0,0.2638,-1.4919,9.9573,0.0597,0.0052,9.8064,0.0269,-0.1982,0.3018,232.77,-85.3,126.45,53.053658,-1.790698,12.83,4,103.73,19 / 21,11.21804820585591,-7.746571813556356,3.291189350000886,612.9347580985287,217.90598796803872,114.357971596278,False,109.39999999999998,13.298368849845279,-2.5033789926799517,620.6594335457099,233.64277986575243,13.531944444444285,100.66100000000041,2.080320643989369,5.243192820876404,7.724675447181198,15.736791897713715
628614.0,2.7384,-2.1069,11.5438,0.0399,-0.0137,9.8065,-0.3014,0.0699,0.221,240.2,-85.41,134.32,53.053658,-1.790698,12.83,4,103.73,19 / 21,11.278956867162625,-7.53083259081119,3.3855793500009077,614.0596083521799,217.14211774782015,114.69181003127817,False,109.5,13.413406428299053,-2.5138855699929286,622.0028956349609,233.38703153501106,13.646944444444443,100.615,2.134449561136428,5.016947020818262,7.943287282780943,16.24491378719091
628714.0,1.3207,1.749,9.999,-0.0698,-0.0738,9.806,-0.0659,0.165,-0.0981,235.74,-86.32,131.12,53.053658,-1.790698,12.83,4,103.73,19 / 21,11.17870004749328,-7.365030287734374,3.4820543500009298,615.182491197913,216.3973246038927,115.03519171627833,False,109.60000000000002,13.53948235983879,-2.569326932184656,623.3597255061729,233.13128320356202,13.781111111112748,100.74500000000543,2.36078231234551,4.795703355549718,8.177234308259926,16.733958599669307
628814.0,-1.2097,-0.966,7.8642,-0.0466,0.0073,9.8064,-0.0188,-0.1287,-0.0149,233.51,-86.84,127.46,53.053658,-1.790698,12.83,4,103.73,19 / 21,11.130516384642831,-7.391115922955067,3.3945493500010095,616.2979520195188,215.6595172933589,115.37902190127812,False,109.69999999999993,13.631502726034322,-2.677359497271699,624.7165553773835,232.8532958865547,13.891944444443789,101.11200000001588,2.5009863413914903,4.713756425683368,8.418603357864754,17.193778593195788
628914.0,-1.4712,-1.2312,10.1807,-0.0236,0.0279,9.8066,0.0718,-0.2577,0.0834,225.12,-86.98,117.8,53.053658,-1.790698,12.83,4,103.73,19 / 21,11.288465934335582,-7.432405639677251,3.316129350000992,617.418901135468,214.91834121522712,115.7145558362783,False,109.79999999999995,13.582154119343512,-2.80556028107829,626.0733852485102,232.56418907714271,13.86888888888957,101.67099999998348,2.2936881850079303,4.6268453585989615,8.654484113042258,17.6458478619156
629014.0,0.0862,2.2492,10.4918,0.0104,0.031,9.8066,-0.0825,0.0781,-0.0816,221.76,-86.93,114.31,53.053658,-1.790698,12.83,4,103.73,19 / 21,11.294840235836194,-7.536040566263462,3.369089350001004,618.5480664439768,214.16991890492992,116.04881677127847,False,109.89999999999998,13.536479777459512,-2.7697777916856605,627.430215119709,232.2862017615497,13.816944444445213,101.56400000000157,2.241639541623318,4.766262774577801,8.882148675732196,18.11628285661979
629114.0,-1.6241,0.5245,10.8519,0.0305,0.0461,9.8064,0.0515,-0.0697,0.1752,217.64,-86.56,110.19,53.053658,-1.790698,12.83,4,103.73,19 / 21,11.254910398922076,-7.702035600252414,3.4556093500010236,619.675553975715,213.40801509660395,116.39005170627864,False,110.0,13.74334616012966,-2.8271037008208584,628.800412772935,231.99709495211684,14.03111111111111,101.624,2.488435761207583,4.874931899431556,9.124858797219986,18.589079855512892
629214.0,-1.3833,-2.2378,11.9217,0.0258,-0.0335,9.8065,-0.0789,0.3803,-0.2022,226.75,-86.65,120.41,53.053658,-1.790698,12.83,4,103.73,19 / 21,11.421383540059777,-7.76023599208801,3.61362435000106,620.8093686726644,212.63490151698676,116.74351339127882,False,110.10000000000002,13.956292051614433,-2.868623238462448,630.1973459900964,231.70798814268386,14.248055555555748,101.61499999999835,2.534908511554656,4.891612753625562,9.387977317432046,19.0730866256971
629314.0,1.8589,0.6398,10.5872,0.0195,0.0054,9.8066,0.0455,0.0386,0.0383,225.09,-86.4,118.89,53.053658,-1.790698,12.83,4,103.73,19 / 21,11.450363522942911,-7.704153493540825,3.7584043500009283,621.9529560258135,211.861682042706,117.11211482627859,False,110.19999999999993,13.974666203929031,-2.8439399804274768,631.594279207243,231.41888133254355,14.261111111112982,101.50300000000526,2.5243026809861195,4.860213513113348,9.64132318142947,19.55719928983754
629414.0,0.0673,3.7281,9.0111,-0.0071,0.0591,9.8064,0.0499,-0.0513,-0.0475,228.66,-86.65,122.53,53.053658,-1.790698,12.83,4,103.73,19 / 21,11.208061291191234,-7.7947564306445205,3.7576543500009283,623.0858772665205,211.08673654649655,117.48791776127877,False,110.29999999999995,14.02987898809102,-2.902383967304076,632.9978963153225,231.11865503141402,14.326944444442498,101.68799999999453,2.821817696899787,4.892372463340445,9.912019048801994,20.03191848491747
629514.0,-0.4829,-0.0298,9.5747,0.0096,0.1046,9.806,-0.0455,-0.2574,0.2214,216.28,-86.07,113.14,53.053658,-1.790698,12.83,4,103.73,20 / 21,11.075489451537539,-7.942481661312032,3.7062793500009166,624.2000548036572,210.29987464189855,117.86111444627895,False,110.39999999999998,14.03901795551528,-2.863415940411997,634.4015134234775,230.8295482219807,14.32805555555554,101.52800000000236,2.9635285039777415,5.079065720900035,10.2014586198203,20.529673580082147
629614.0,-0.8713,0.2392,10.3393,-0.0101,0.0455,9.8065,-0.0564,0.1242,-0.0165,213.03,-86.09,108.36,53.053658,-1.790698,12.83,4,103.73,20 / 21,11.117060058502103,-8.004795507936612,3.72131435000092,625.3096822791593,209.50251078343595,118.23249413127913,False,110.5,14.091394950079431,-2.7485345443963523,635.8051305316325,230.5515609049732,14.356944444444444,101.037,2.974334891577328,5.256260963540259,10.495448252473125,21.04905012153725
629714.0,1.3277,2.5906,9.9684,-0.0112,-0.0111,9.8066,-0.016,0.1493,-0.1345,207.31,-85.82,102.15,53.053658,-1.790698,12.83,4,103.73,20 / 21,11.021112095616633,-8.13928330668582,3.756034350000928,626.4165908868655,208.69530684270464,118.6063615662793,False,110.60000000000002,14.201665498643282,-2.5678234970964406,637.2287993127691,230.2958125749388,14.431944444446689,100.24900000000474,3.1805534030266482,5.5714598095893795,10.812208425903577,21.600505732234154
629814.0,0.4254,2.023,10.0632,-0.0158,0.0176,9.8066,0.1432,-0.1904,0.1924,208.45,-85.79,99.64,53.053658,-1.790698,12.83,4,103.73,20 / 21,10.828910985695305,-8.319107258325879,3.776949350000909,627.5090920409301,207.8723873144548,118.98301075127905,False,110.69999999999993,14.336422623961585,-2.6752198920214627,638.6725197668713,230.01782525722476,14.58388888889054,100.5700000000009,3.50751163826628,5.643887366304416,11.163427725941233,22.145437942769945
629914.0,0.5706,3.1367,9.4843,0.0387,-0.0466,9.8064,-0.1131,0.2434,-0.1029,214.48,-85.95,106.54,53.053658,-1.790698,12.83,4,103.73,20 / 21,10.641818556163344,-8.526943536130103,3.773659350000908,628.5826285180233,207.03008477473182,119.36054118627924,False,110.79999999999995,14.391990748371992,-2.693907833041491,640.1028724389105,229.75095743336985,14.64194444444273,100.60199999999905,3.750172192208648,5.833035703088612,11.520243920887197,22.72087265863803
630014.0,-0.8782,-1.8906,10.3708,0.0262,0.0238,9.8066,-0.0237,-0.2366,0.165,213.98,-85.85,105.95,53.053658,-1.790698,12.83,4,103.73,20 / 21,10.610089301489486,-8.601754096266474,3.785749350000911,629.6452239109061,206.1736498931118,119.73851162127941,False,110.89999999999998,14.12221468922304,-2.6630596762951635,641.5131734380466,229.48408960949547,14.371111111115113,100.67899999999887,3.512125387733553,5.93869441997131,11.867949527140468,23.310439716383684
630114.0,-0.6585,-0.6112,8.9929,-0.0157,-0.0142,9.8066,-0.0409,0.1712,-0.1718,208.94,-85.66,104.33,53.053658,-1.790698,12.83,4,103.73,20 / 21,10.73503451885929,-8.553007048240998,3.7732693500009082,630.7124801019238,205.31591183588623,120.11646255627959,False,111.0,14.095806558160302,-2.7780083053652027,642.9167905462017,229.19498280006277,14.366944444444442,101.149,3.360772039301011,5.774998742875795,12.204310444277894,23.87907096417655
630214.0,-0.3395,-0.7077,8.5246,-0.0364,-0.0016,9.8065,-0.0435,-0.0148,-0.0542,204.82,-85.34,99.76,53.053658,-1.790698,12.83,4,103.73,20 / 21,10.80228912297094,-8.533700354054542,3.6684793500008843,631.7893462840156,204.46157646577126,120.48854999127975,False,111.10000000000002,14.252688924073652,-2.8094435971547767,644.3471432182919,228.90587599133713,14.526944444445494,101.15099999999805,3.450399801102712,5.724256756899765,12.557796934276325,24.444299525565867
630314.0,-0.1204,1.3278,10.3487,-0.0514,-0.0171,9.8065,0.1173,0.0675,-0.0603,200.11,-85.41,93.89,53.053658,-1.790698,12.83,4,103.73,20 / 21,10.810059447012048,-8.590073964389555,3.631479350000918,632.8699637125137,203.60538774984983,120.85354792627952,False,111.19999999999993,14.328923683934109,-2.790192119370445,645.7774958904331,228.61676918190443,14.598055555552767,101.01900000001075,3.5188642369220613,5.79988184501911,12.907532177919393,25.011381432054606
630414.0,-0.4997,-1.0615,9.1383,-0.0259,-0.0274,9.8065,0.1249,-0.0563,0.0164,196.91,-85.69,93.72,53.053658,-1.790698,12.83,4,103.73,20 / 21,10.828091839670549,-8.628259905209351,3.6251643500009165,633.9518712768481,202.7444710563697,121.21638011127969,False,111.29999999999995,14.214082077589188,-2.8652871918259177,647.194480780486,228.32766237249248,14.500000000002899,101.39699999998884,3.385990237918639,5.762972713383434,13.242609503637823,25.583191316122793
630515.0,0.2425,-0.3728,10.646,-0.0022,-0.0052,9.8066,0.0845,-0.0351,-0.1062,202.02,-85.59,96.03,53.053658,-1.790698,12.83,4,103.73,19 / 22,10.859067700692657,-8.579644147276358,3.6337998500009165,635.0470728336364,201.87547190171918,121.58295780337978,False,111.40099999999995,14.088793787986232,-2.8268188194425115,648.6188847896391,228.0356644949652,14.369588888887849,101.34533999999503,3.2297260872935745,5.752825327833847,13.571811956002648,26.160192593246023
630615.0,0.7245,0.1267,9.4239,0.0167,0.0232,9.8066,-0.0253,0.0785,-0.0222,203.51,-85.37,98.24,53.053658,-1.790698,12.83,4,103.73,19 / 22,10.813661238726873,-8.56611355838851,3.6566298500009218,636.1307092806077,201.01818401643575,121.94747928837995,False,111.50099999999998,14.141231532560617,-2.9225829721320276,650.0293194665948,227.7463352956837,14.440080555555545,101.67697,3.3275702938337446,5.643530586256483,13.898610185987081,26.728151279247953
630715.0,1.0392,1.4186,9.9618,-0.0439,0.0263,9.8065,0.0532,0.1082,-0.1053,201.79,-85.08,95.29,53.053658,-1.790698,12.83,4,103.73,19 / 22,10.697963635856654,-8.620993857944807,3.645249850000919,637.2062905243371,200.15882864561888,122.31257327338012,False,111.601,14.2498496903916,-2.9708511544946825,651.4527208921041,227.4351006963167,14.556244444441784,101.77655000000522,3.551886054534945,5.650142703450125,14.246430367767061,27.276272050697827
630815.0,-0.9888,-0.0576,7.7464,-0.047,-0.0087,9.8065,-0.0482,0.048,-0.0954,198.73,-85.03,92.56,53.053658,-1.790698,12.83,4,103.73,19 / 22,10.666470207444354,-8.697868883321968,3.5499948500008975,638.2745122165023,199.29288550855534,122.6723355083803,False,111.70100000000002,14.055113336953044,-3.0198053504548863,652.8496541092645,227.13487439377218,14.375863888885783,102.12589999999396,3.38864312950869,5.678063532867082,14.57514189276219,27.841988885216836
630915.0,-0.6611,-0.7693,10.3233,-0.0314,-0.0085,9.8066,-0.0418,-0.0352,0.11,193.8,-85.31,86.17,53.053658,-1.790698,12.83,4,103.73,19 / 22,10.752038239986899,-8.698972968397738,3.472814850000968,639.3454376388729,198.42304341597014,123.02347599338007,False,111.80099999999993,13.962531828467018,-2.947066637385755,654.2466541652464,226.83464809332185,14.270161111107338,101.91845999999865,3.2104935884801193,5.751906331011984,14.901216526373446,28.411604677351704
631015.0,-2.726,-0.338,10.4856,0.0389,0.019,9.8065,0.0991,-0.1403,0.1681,189.03,-85.62,84.08,53.053658,-1.790698,12.83,4,103.73,19 / 22,10.928608496480608,-8.691861591425043,3.5325948500009816,640.4294699756965,197.5535016879788,123.37374647838026,False,111.90099999999995,14.083854139850052,-2.983562315324963,655.6503381122981,226.53453298499386,14.396411111110664,101.96087000000465,3.155245643369444,5.70829927610008,15.220868136601553,28.98103129701505
631115.0,-0.2894,-3.9801,11.8006,0.0387,-0.0369,9.8065,0.2424,-0.058,-0.0287,203.84,-85.65,94.41,53.053658,-1.790698,12.83,4,103.73,19 / 22,11.156061501668987,-8.537672971062662,3.666239850001012,641.5337034756043,196.69202495985422,123.73368821338043,False,112.00099999999998,14.127109023100974,-2.9136213099780788,657.0604385947306,226.24531498132976,14.424438888888902,101.65349999999998,2.971047521431988,5.624051661084583,15.526735119126329,29.553290021475533
631215.0,-0.7486,-1.1094,10.8568,0.0083,0.0179,9.8066,0.0302,0.1193,-0.046,207.9,-85.33,99.62,53.053658,-1.790698,12.83,4,103.73,19 / 22,11.30245131887458,-8.346598359161705,3.8184448500010464,642.6566291166317,195.84781139334282,124.10792244838062,False,112.101,13.952036125952558,-2.939641718210517,658.4506879209245,225.94519987368818,14.258361111110336,101.89796999999554,2.6495848070779786,5.406956640951188,15.794058804292717,30.09738848034536
631315.0,1.2415,2.3395,9.5977,-0.0555,-0.0576,9.8062,-0.045,0.2715,-0.2153,206.83,-85.26,97.05,53.053658,-1.790698,12.83,4,103.73,19 / 22,11.246547309034858,-8.407905190378187,3.860504850001056,643.7840790480275,195.01008621586564,124.49186993338081,False,112.20100000000002,13.916225693520971,-2.8560998616350455,659.8409372470908,225.6560930635693,14.2062888888894,101.59806000000017,2.6696783844861134,5.551805328743142,16.0568581990633,30.64600684770366
631415.0,-1.007,-1.6312,9.3719,-0.0283,0.0378,9.8064,-0.0118,-0.33,0.1652,200.1,-85.13,94.17,53.053658,-1.790698,12.83,4,103.73,19 / 22,11.208064042959336,-8.44182333683493,3.828319850001085,644.9068096156261,194.16759978950574,124.87631116838057,False,112.30099999999993,13.932505381855094,-2.8606992060510548,661.2311197342339,225.36698625555795,14.22316111111327,101.6030200000029,2.7244413388957582,5.581124130783874,16.32431011860774,31.199386466052204
631514.0,-0.7918,0.2824,9.8604,-0.0085,-0.0264,9.8065,0.0498,-0.0356,0.043,201.01,-85.56,90.96,53.053432,-1.788841,13.6,4,101.26,19 / 23,11.309494616014428,-8.42719135546565,3.809460350001076,646.0214287692459,193.33258356223647,125.25438128828085,False,112.39999999999998,13.866727856059658,-2.82272992775113,662.6008495150693,225.0807705142192,14.151111111112188,101.50600000000145,2.55723324004523,5.60446142771452,16.579420745823427,31.748186951982746
631614.0,-1.3221,-1.7476,10.24,0.0143,-0.0071,9.8066,0.0051,-0.0996,0.1266,202.97,-86.01,92.83,53.053432,-1.788841,13.6,4,101.26,19 / 23,11.431173916881551,-8.41692032895172,3.833815350001082,647.1584621958909,192.4903779780154,125.63654507328104,False,112.5,13.906569740076957,-2.6462803809308224,663.9910988412502,224.81390269034452,14.156111111111112,100.774,2.475395823195406,5.770639948020898,16.83263664535923,32.32352471232912
631714.0,-0.7503,0.5151,10.0477,0.0274,-0.0012,9.8065,0.0282,-0.0495,0.0536,204.79,-86.12,94.86,53.053432,-1.788841,13.6,4,101.26,19 / 23,11.54365858992451,-8.418205544777608,3.8675353500010896,648.3072038212315,191.64862168432873,126.02161260828123,False,112.60000000000002,13.850087970959326,-2.737618648827716,665.3746642764238,224.53591537404483,14.118055555554447,101.1809999999921,2.3064293810348158,5.680586895949892,17.067460455192304,32.8872936897161
631814.0,-0.6926,0.2606,9.9479,-0.0151,-0.009,9.8065,-0.0268,0.0604,0.0166,207.09,-86.23,97.43,53.053432,-1.788841,13.6,4,101.26,19 / 23,11.585476194048255,-8.501297190997319,3.8866503500010725,649.463660560429,190.80264654754075,126.40932189328099,False,112.69999999999993,13.801337309988469,-2.594320294850506,666.7515458206153,224.28016704259576,14.043055555553194,100.64600000001415,2.215861115940214,5.906976896146812,17.287885260186272,33.47752049505502
631914.0,-0.5672,-1.4529,10.073,-0.0153,0.0066,9.8066,0.0169,-0.2414,0.1708,205.73,-86.57,93.22,53.053432,-1.788841,13.6,4,101.26,19 / 23,11.660983341082389,-8.492096671536046,3.9070303500010772,650.6259835371858,189.9529768544139,126.79900592828119,False,112.79999999999995,13.696777616420041,-2.698125817378238,668.1150595827352,224.00217972560864,13.960000000002454,101.14399999998528,2.0357942753376523,5.793970854157808,17.489076045549382,34.04920287119475
632014.0,-0.9105,0.1064,9.4732,-0.0206,-0.0353,9.8065,-0.1063,-0.0194,-0.0322,203.9,-86.81,92.97,53.053432,-1.788841,13.6,4,101.26,19 / 23,11.751523214851542,-8.479006275928722,3.9036753500010763,651.7966088649828,189.10442170704047,127.18954121328139,False,112.89999999999998,13.772556344367146,-2.675367589921672,669.491941126928,223.73531190173398,14.029999999998967,100.99300000000223,2.0210331295156045,5.80363868600705,17.695332261945282,34.63089019469351
632114.0,-0.8017,-3.387,10.1012,-0.002,-0.0005,9.8066,0.0792,-0.2111,0.1772,199.71,-87.36,88.95,53.053432,-1.788841,13.6,4,101.26,19 / 23,11.880718616603383,-8.373420528856927,3.901730350001076,652.9782209565558,188.261800366801,127.57981149828159,False,113.0,13.859418835774777,-2.6899818223037077,670.8755065621284,223.4573245854341,14.118055555555555,100.984,1.9787002191713938,5.68343870655322,17.89728560557262,35.195524218633096
632214.0,1.8442,1.1581,9.5252,-0.0079,-0.0877,9.8062,0.0568,0.2984,-0.1593,208.74,-87.86,94.91,53.053432,-1.788841,13.6,4,101.26,19 / 23,11.861054775815353,-8.250688395022555,3.902385350001076,654.165309626177,187.43059492060684,127.97001728328178,False,113.10000000000002,13.803436838695948,-2.641386821602644,672.2523881063083,223.19045676155991,14.053888888887824,100.8329999999944,1.9423820628805952,5.609301573419911,18.087078480131368,35.75986184095308
632314.0,-0.3958,1.5781,7.8452,-0.0418,0.0524,9.8063,0.121,-0.4086,0.0652,209.09,-87.77,98.87,53.053432,-1.788841,13.6,4,101.26,19 / 23,11.724099128221615,-8.35195684981099,3.790240350001178,655.3445673213778,186.60046265836593,128.35464856828153,False,113.19999999999993,13.749856732473612,-2.5369687195539514,673.6225857595066,222.93470843011147,13.981944444444958,100.4540000000059,2.0257576042519965,5.814988130257039,18.27801843812881,36.33424577174554
632414.0,0.0112,2.5611,8.4748,-0.0195,0.0043,9.8066,-0.0856,-0.0674,0.0546,195.27,-87.53,88.55,53.053432,-1.788841,13.6,4,101.26,19 / 23,11.663565916023684,-8.57078610474848,3.6255753500011405,656.5139505735904,185.75432551063776,128.72543935328173,False,113.29999999999995,13.758300068622418,-2.5902083355841,674.9994673035998,222.6789600986814,13.999999999999467,100.66199999999385,2.0947341525987344,5.98057776916438,18.485516730009408,36.92463458804363
632515.0,-0.1816,2.6509,10.0797,0.0084,0.0848,9.8063,0.1423,-0.5016,0.2247,199.39,-87.75,88.29,53.053432,-1.788841,13.6,4,101.26,19 / 21,11.589346857704305,-8.8422657983423,3.572105950001141,657.6882226686636,184.8749663895317,129.08892225893183,False,113.40099999999995,13.781003877599163,-2.619826610647936,676.3900508243249,222.40942359657575,14.02781388888925,100.76372999999892,2.1916570198948584,6.2224391876943645,18.70182815566136,37.534457207044056
632614.0,-1.1336,-4.6965,11.7192,0.0033,0.0654,9.8064,0.2389,-0.5433,0.1869,199.33,-87.23,88.71,53.053432,-1.788841,13.6,4,101.26,19 / 21,11.679813022534605,-8.785287076171986,3.6802931500011917,658.840046082736,184.00240252224282,129.44791601438212,False,113.5,13.754190051000363,-2.632709640903896,677.7465465010062,222.1452244516403,14.00388888888889,100.836,2.074377028465758,6.152577435268091,18.906500418270184,38.142821929397485
632714.0,1.7305,4.0273,10.3806,0.0026,0.0906,9.8062,0.1071,-0.4163,0.0772,200.54,-86.66,90.7,53.053432,-1.788841,13.6,4,101.26,19 / 21,11.654784484860286,-8.757850680891496,3.80461815000122,660.006775958106,183.12524563438944,129.8221615793823,False,113.60000000000002,13.754692151333943,-2.662431937541254,679.1167441542191,221.87835662635146,14.010000000000268,100.95499999999186,2.0999076664736567,6.095418743350241,19.109968196113073,38.75311099196202
632814.0,-3.5682,-6.4747,10.7633,0.0248,0.1243,9.8057,0.1374,-0.8459,0.4268,203.59,-86.56,90.68,53.053432,-1.788841,13.6,4,101.26,19 / 21,11.790964035272134,-8.707769859511991,3.88114815000115,661.1790633841116,182.25196460737007,130.20644989438208,False,113.69999999999993,13.797418411640908,-2.533295846109052,680.493625698411,221.62260829561006,14.028055555557263,100.40400000000639,2.006454376368774,6.174474013402939,19.31456231429945,39.370643688239994
632914.0,-0.1682,1.5822,9.7693,0.0065,-0.0089,9.8066,-0.0036,0.0195,-0.0182,205.59,-86.77,91.32,53.053432,-1.788841,13.6,4,101.26,19 / 21,12.051489363805835,-8.574223796201693,3.9271131500011607,662.3711860540658,181.3878649245842,130.5968629593823,False,113.79999999999995,13.846334348078797,-2.598525439087131,681.8771911334842,221.3557404710478,14.088055555553781,100.62899999999335,1.7948449842729612,5.975698357114561,19.5060050794184,39.9678755464636
633014.0,-1.1814,0.2549,9.2283,0.0449,0.1063,9.8059,-0.0584,-0.6999,0.4056,204.28,-86.7,91.33,53.053432,-1.788841,13.6,4,101.26,19 / 21,12.067461810430977,-8.701833674095544,3.8963281500011537,663.5771336127779,180.52406205106914,130.9880350243825,False,113.89999999999998,13.824360465716701,-2.748832973086191,683.2607565686579,221.0777531547481,14.094999999999896,101.24599999999087,1.756898655285724,5.953000701009353,19.683622955880082,40.55369110367897
633115.0,1.3098,5.3929,9.9195,-0.0403,-0.0984,9.806,-0.1719,0.7244,-0.4721,195.08,-86.89,84.09,53.053432,-1.788841,13.6,4,101.26,19 / 21,11.977309839430497,-9.001175153767386,3.872820400001154,664.7913945810958,179.63006010526206,131.38037702615762,False,114.00099999999998,13.86353730731288,-2.88347881545546,684.658023980416,220.77463578550282,14.160230555555563,101.74945,1.8862274678823834,6.1176963383119265,19.86662939932023,41.14457568024076
633215.0,-1.2602,0.5108,10.1162,0.0315,-0.0039,9.8066,-0.0159,0.1568,-0.143,201.99,-87.32,83.13,53.053432,-1.788841,13.6,4,101.26,19 / 21,11.8886465098572,-9.309031832605703,3.8939404000011586,665.9846923985605,178.7145497559432,131.76871506615782,False,114.101,13.770123429960321,-2.899283178068837,686.0282216335764,220.48564017099423,14.072036111109611,101.8898699999954,1.8814769201031218,6.409748654536866,20.043529235015967,41.77109041505102
633315.0,-4.7915,-5.8045,11.0225,0.004,-0.0918,9.8062,-0.1611,0.6599,-0.409,210.46,-87.53,92.36,53.053432,-1.788841,13.6,4,101.26,19 / 21,12.284739613941117,-9.24412364152824,3.970210400001176,667.1933617047507,177.7868919822363,132.16192260615804,False,114.20100000000002,13.6884009451363,-2.803711616209834,687.3985529646084,220.20765285399418,13.972588888893137,101.57548999998704,1.4036613311951829,6.440412025318406,20.205191259857656,42.420760871757864
633415.0,-1.3323,-0.9084,9.8909,-0.0252,-0.0129,9.8065,-0.1414,0.469,-0.4065,206.77,-87.15,88.67,53.053432,-1.788841,13.6,4,101.26,19 / 21,12.711203296463312,-9.12114642296251,4.035215400001117,668.4431588502698,176.8686284790126,132.5621938961578,False,114.30099999999993,13.854388651497631,-2.7252845599776094,688.7821852386039,219.92966553770742,14.119888888885924,101.12852000000143,1.1431853550343192,6.395861862984901,20.339026388334105,43.06103705869481
633515.0,-3.3478,-4.2546,10.3358,-0.0455,-0.0502,9.8064,0.025,0.1419,-0.2444,199.99,-86.64,83.27,53.053432,-1.788841,13.6,4,101.26,19 / 21,13.015582692852066,-8.984758226902416,4.0658854000011235,669.7294981497358,175.96333324651917,132.967248936158,False,114.40099999999995,13.953425192313683,-2.7329626983159376,690.1724345647849,219.65167822070006,14.218550000000505,101.08184999999874,0.9378424994616168,6.251795528586479,20.442936415049076,43.68834497418089
633614.0,2.436,0.3939,9.148,0.0176,-0.0513,9.8064,-0.1358,0.3863,-0.1499,202.01,-86.82,83.65,53.053432,-1.788841,13.6,4,101.26,19 / 21,13.11937340470477,-8.833305079252012,4.059475150001121,671.0231784765655,175.0813391128641,133.3694542833833,False,114.5,13.916481405622639,-2.7469565498855877,691.5487813977043,219.37647077686273,14.185,101.166,0.7971080009178682,6.086348529366425,20.525602921138784,44.29513166399863
633715.0,-3.1976,-5.9162,10.8512,0.0117,-0.0386,9.8065,0.0449,-0.093,0.06,207.23,-86.86,86.32,53.053432,-1.788841,13.6,4,101.26,19 / 21,13.272146074847996,-8.630777608949554,4.078963100001121,672.3559502102829,174.19940293710994,133.78044541500842,False,114.601,13.867728989095284,-2.7883541463994326,692.9461824872295,219.08447290004278,14.145280555555967,101.36874000000697,0.5955829142472879,5.842423462550121,20.590232276946608,44.885069962932846
633814.0,1.5119,2.1552,10.0268,-0.0186,-0.0942,9.8062,-0.0257,0.371,-0.3728,212.6,-87.14,93.82,53.053432,-1.788841,13.6,4,101.26,19 / 21,13.418965361783375,-8.508312448142604,4.141565750001079,673.6771602263952,173.35101797928445,134.18736159308324,False,114.69999999999993,13.87161658348308,-2.907534546949717,694.3159122680636,218.7982571587044,14.173055555555722,101.83799999999721,0.4526512216997052,5.600777901192886,20.63875204166834,45.44723917941994
633914.0,-1.868,-3.8998,8.697,-0.0324,-0.0093,9.8065,0.0482,-0.0496,-0.1901,218.05,-86.88,95.36,53.053432,-1.788841,13.6,4,101.26,19 / 21,13.482000200407658,-8.477723622453714,4.097090750001069,675.0222085045051,172.50171617575444,134.59929441808345,False,114.79999999999995,13.882280708864451,-2.88499089144867,695.6994777031632,218.5091503492924,14.178888888888716,101.7400000000029,0.4002805084567935,5.592732731005045,20.67726919865811,46.00743417353797
634014.0,-0.5766,0.7735,8.8863,-0.0636,-0.0482,9.8063,-0.1841,0.248,-0.2065,212.69,-86.85,90.67,53.053432,-1.788841,13.6,4,101.26,19 / 21,13.67014115070922,-8.44519400481962,3.9955907500010457,676.3798155720613,171.65557029439057,135.00392849308363,False,114.89999999999998,13.761187484028056,-2.7275341402595803,697.0763592473435,218.2311630336994,14.028888888891105,101.21100000000781,0.09104633331883605,5.717659864560039,20.696543675282214,46.57559273930883
634114.0,-0.254,-3.4823,10.0616,0.0069,0.0038,9.8066,-0.0328,-0.2304,0.1179,204.32,-86.76,83.23,53.053432,-1.788841,13.6,4,101.26,19 / 21,13.74973758986492,-8.356149268367208,3.9623207500010382,677.7508095090902,170.81550313073103,135.40182406808384,False,115.0,13.802541766160456,-2.651955088872402,698.4532407915368,217.96429520841022,14.055,100.876,0.052804176295536465,5.704194179494806,20.702431282446582,47.14879207767919
634214.0,-1.3559,-0.9076,9.4156,0.0047,-0.0316,9.8065,-0.0044,0.0304,-0.1263,207.23,-86.84,84.47,53.053432,-1.788841,13.6,4,101.26,19 / 21,13.90777279753826,-8.21001092883811,3.955515750001037,679.1336850284607,169.98719512087058,135.79771589308405,False,115.10000000000002,13.829728826823622,-2.6429151663491166,699.8301223357303,217.69742738524334,14.079999999999806,100.81899999999416,-0.07804397071463853,5.567095762488993,20.696437307269548,47.71023226437276
634314.0,-0.0489,-2.811,9.7287,-0.0085,0.0006,9.8066,0.04,-0.1126,-0.0994,212.39,-86.91,87.1,53.053432,-1.788841,13.6,4,101.26,19 / 21,14.05873400998639,-8.099437609613881,3.9320657500010583,680.5320103688357,169.1717226939487,136.19209496808378,False,115.19999999999993,13.834780341678142,-2.5451481097585402,701.2136877709155,217.44167905379427,14.066944444444674,100.42400000002615,-0.2239536683082477,5.554289499855341,20.6816774020798,48.269956359845565
634414.0,-0.2913,-1.7621,10.7978,-0.04,0.0233,9.8065,0.1613,-0.1524,-0.0542,212.16,-86.71,84.24,53.053432,-1.788841,13.6,4,101.26,19 / 21,14.1871813500222,-7.93104186639896,3.9777257500010688,681.9443061368364,168.3701987201479,136.58758454308398,False,115.29999999999995,13.800029302019396,-2.7685404572441823,702.5905693150088,217.16369173680715,14.074999999999761,101.3439999999728,-0.3871520480028039,5.162501409154778,20.646263178172376,48.793493016659255
634514.0,-1.9656,-1.9783,8.1409,-0.0413,0.0306,9.8064,0.171,-0.132,-0.171,211.51,-86.63,81.22,53.053432,-1.788841,13.6,4,101.26,19 / 22,14.373882290417708,-7.847117498850732,3.9439957500010614,683.3723593188587,167.58129075188523,136.98367061808418,False,115.39999999999998,13.83331366954604,-2.525413724243453,703.967450859202,216.90794340606513,14.06194444444464,100.34600000001475,-0.5405686208716673,5.321703774607279,20.595091540343333,49.326652654179895
634614.0,-3.9167,-3.3874,9.5109,0.0234,0.008,9.8066,0.0036,-0.4146,0.0299,211.81,-86.28,84.3,53.053432,-1.788841,13.6,4,101.26,19 / 22,14.757100773997372,-7.789346291406302,3.845920750001039,684.8289084720798,166.7994675623722,137.37316644308436,False,115.5,13.712364073706965,-2.366071957931649,705.3376485123885,216.67443405946742,13.915,99.79,-1.0447367002904073,5.423274333474653,20.50874004030868,49.874966497095215
634714.0,2.6861,0.5597,11.07,0.0375,-0.0018,9.8066,0.0401,-0.0705,-0.0828,218.19,-85.96,87.23,53.053432,-1.788841,13.6,4,101.26,19 / 22,14.881072763939963,-7.7029826700347535,3.89430075000105,686.310817148977,166.02485111429996,137.76017751808456,False,115.60000000000002,13.702098960612371,-2.27696817579376,706.7078461656013,216.44092471428468,13.88999999999972,99.43500000000128,-1.178973803327592,5.426014494240993,20.397029016624288,50.41607359998471
634815.0,-2.4903,-1.5365,10.6924,0.0778,0.0283,9.8062,0.0346,-0.2717,0.2276,223.74,-85.64,93.97,53.053432,-1.788841,13.6,4,101.26,19 / 22,14.890967758899096,-7.686747864653961,4.002830300001049,687.8143051953804,165.24766972229818,138.15898263610967,False,115.70100000000002,13.680220722055052,-2.294335095932695,708.0849950654411,216.20519146915316,13.871280555556044,99.52057999999593,-1.2107470368440438,5.392412768721266,20.270689870060778,50.95752174685498
634915.0,0.54,0.558,9.1434,0.0229,-0.0093,9.8066,0.0118,0.0079,-0.0705,228.54,-85.65,96.76,53.053432,-1.788841,13.6,4,101.26,19 / 22,14.983582283512757,-7.728959385967648,4.013955300001039,689.3080326974996,164.4768843597678,138.5598219161094,False,115.80099999999993,13.702244475845477,-2.2631541787537333,709.4485756664702,215.98269042078817,13.887886111111612,99.37868000000391,-1.2813378076672794,5.465805207213915,20.140542968970635,51.505806061020365
635015.0,-1.2105,-4.0936,9.1163,0.014,0.0187,9.8065,-0.0409,-0.427,0.1216,227.88,-85.45,99.04,53.053432,-1.788841,13.6,4,101.26,19 / 22,15.125047273793427,-7.64778641840335,3.946275300001024,690.8134641753652,163.70804706954908,138.9578334461096,False,115.90099999999995,13.690350386530492,-2.2287434072468266,710.8186396418498,215.74929227052246,13.870580555556346,99.24644000000232,-1.4346968872629358,5.419043011156523,20.005175466484616,52.04124520097338
635115.0,-0.9973,-2.1621,8.9939,-0.0127,0.0028,9.8066,-0.0925,0.1593,-0.0489,223.18,-85.67,93.45,53.053432,-1.788841,13.6,4,101.26,19 / 22,15.416264340932516,-7.524209861315909,3.871120300001007,692.3405297561019,162.94944725556294,139.3487032261098,False,116.00099999999998,13.64383529449738,-2.181902831522133,712.1754695130363,215.52712480691363,13.817205555555562,99.08569000000006,-1.7724290464351355,5.342307029793776,19.834939756934432,52.57767755135069
635215.0,-1.0036,-3.3695,9.7429,0.0068,-0.003,9.8066,0.0781,-0.1427,-0.024,223.49,-85.7,93.58,53.053432,-1.788841,13.6,4,101.26,19 / 22,15.667939816597205,-7.4057664033065995,3.8272953000009973,693.8947399639787,162.20294844233166,139.73362400610998,False,116.101,13.583262257836413,-2.020781451291032,713.5322325453908,215.32697393900784,13.732755555555114,98.46183000000121,-2.0846775587607915,5.384984952015568,19.63749258141206,53.12402549667618
635315.0,1.3031,-0.4883,10.8759,0.0077,-0.0447,9.8065,0.0861,0.1017,-0.2731,231.28,-85.45,98.11,53.053432,-1.788841,13.6,4,101.26,19 / 22,15.786640689401342,-7.265081779311399,3.877570300001009,695.467468989279,161.46940603320058,140.11886728611017,False,116.20100000000002,13.550055020694856,-2.037113576428564,714.8823116866852,215.12660068123893,13.702336111109044,98.54984000001679,-2.2365856687064856,5.227968202882835,19.41484269740613,53.65719464803834
635415.0,0.7311,-0.0461,9.5215,0.038,0.0217,9.8065,-0.0572,-0.0379,0.104,232.99,-85.22,102.59,53.053432,-1.788841,13.6,4,101.26,19 / 22,15.731749631037209,-7.180504036175071,3.9167753000009733,697.0433885052995,160.74712674242693,140.50858456610993,False,116.30099999999993,13.45869063059613,-2.161833155030054,716.2257737758378,214.90432202202152,13.631211111110815,99.12532000000795,-2.2730590004410782,5.018670881145017,19.182385270538248,54.15719527959459
635515.0,0.2516,-1.0916,9.6395,-0.0507,0.0236,9.8065,-0.1247,0.0879,0.0501,230.24,-85.34,99.87,53.053432,-1.788841,13.6,4,101.26,19 / 21,15.732589283146986,-7.117569944904375,3.8941603000009684,698.616605451009,160.0322230433728,140.89913134611012,False,116.40099999999995,13.478795739948877,-2.101584160331166,717.5693027039723,214.69305166169008,13.641649999999197,98.86206999999692,-2.2537935431981087,5.015985784573209,18.952697252963276,54.66082861831728
635614.0,-0.7083,-2.6055,9.191,-0.0162,-0.0016,9.8066,-0.0645,0.0001,-0.132,223.76,-85.5,92.08,53.053432,-1.788841,13.6,4,101.26,19 / 21,15.868937864136914,-7.017609120675827,3.8554117000009502,700.1808810448003,159.33253167962624,141.2827351601104,False,116.5,13.523877352353342,-2.1581858952611963,718.905947224402,214.48389400496194,13.695,99.067,-2.345060511783572,4.859423225414631,18.72506617960164,55.1513623253357
635714.0,-3.7942,-3.2774,10.6884,-0.0551,-0.0865,9.806,0.0739,0.1446,-0.1777,226.68,-86.08,94.29,53.053432,-1.788841,13.6,4,101.26,19 / 21,16.222529161659434,-6.987190343773313,3.8687167000009532,701.7854543960905,158.63229170640363,141.66894158011058,False,116.60000000000002,13.464141861525162,-2.074735309016253,720.2494093136532,214.27262364463067,13.623055555555554,98.75999999999702,-2.758387300134272,4.91245503475706,18.463954917562774,55.640331938227035
635815.0,-1.2564,-1.671,11.0309,0.0206,-0.0443,9.8065,0.0579,0.0653,0.0037,231.48,-85.93,99.71,53.053432,-1.788841,13.6,4,101.26,19 / 21,16.567464834064367,-7.0230283634060395,3.9750697000009523,703.4413490928745,157.9247756616911,142.06505279331068,False,116.70100000000002,13.468339847253482,-2.028707688160656,721.6059718292186,214.07024887818272,13.62028611110315,98.56611000002331,-3.099124986810885,4.994320675245383,18.164622736344086,56.14547321649164
635915.0,0.0053,-0.3588,9.3777,-0.0126,-0.0081,9.8066,0.0115,0.0952,-0.0673,234.57,-85.89,103.22,53.053432,-1.788841,13.6,4,101.26,19 / 21,16.673217618072933,-7.021428348959755,4.014834700000916,705.1033832154799,157.22255282607344,142.4645480133104,False,116.80099999999993,13.168252193679075,-2.1734728610898504,722.9160813023277,213.8478590240414,13.346419444443532,99.37238999998995,-3.5049654243938573,4.847955487869904,17.81269808684783,56.62530619796797
636015.0,-0.4465,-0.5082,9.1413,-0.028,0.0048,9.8065,-0.1179,0.0174,-0.1797,235.75,-85.99,101.78,53.053432,-1.788841,13.6,4,101.26,19 / 21,16.707607991808736,-7.026368588997448,3.960119700000904,706.7724244959743,156.5201629791754,142.8632957333106,False,116.90099999999995,13.187009673043685,-2.2565918443846646,724.2330083443071,213.62524678142907,13.378694444441841,99.71049999999629,-3.5205983187650514,4.769776744612783,17.460583848332817,57.10508380225366
636115.0,-1.732,-2.2875,10.2623,-0.0133,-0.0268,9.8066,-0.0227,0.1168,-0.1628,229.65,-85.68,95.8,53.053432,-1.788841,13.6,4,101.26,19 / 21,16.87128919456923,-7.034428921671884,3.9496347000009018,708.4513693552935,155.8171231036418,143.25878345331077,False,117.00099999999998,13.347287034551597,-2.342594389497064,725.5696528647317,213.38084033296892,13.551305555555562,99.95463000000002,-3.5240021600176323,4.69183453217482,17.11828350943813,57.563717229327125
636218.0,1.1318,-0.4388,10.0099,0.0105,0.0102,9.8066,0.0411,0.1521,-0.0816,229.68,-85.59,96.03,53.053432,-1.788841,13.6,4,101.26,19 / 21,16.985473027223176,-6.980107219549609,3.983568050000886,710.194992609715,155.09537449236922,143.66734339493567,False,117.10399999999993,13.291544119551125,-2.2544093860482266,726.9322308822223,213.1513340048755,13.481377777775371,99.62652000000199,-3.693928907672051,4.725697833501382,16.737238272507284,58.05595951250629
636315.0,-2.5946,-2.8372,9.714,-0.0022,-0.0381,9.8065,-0.0559,0.0189,-0.1246,235.17,-85.7,101.97,53.053432,-1.788841,13.6,4,101.26,19 / 21,17.138328654482706,-6.9608543152214555,3.9889321500008914,711.8499969912793,154.41923785793216,144.05400965463613,False,117.20100000000002,13.128385463112181,-2.258575659979672,728.2029722374759,212.92482993868313,13.321250000000399,99.7614700000071,-4.009943191370525,4.702278655241784,16.352975246196593,58.50559208075097
636414.0,0.0712,-0.2966,10.0445,-0.0105,-0.0034,9.8066,0.09,0.109,-0.0952,234.18,-85.48,101.34,53.053432,-1.788841,13.6,4,101.26,19 / 21,17.32339572333005,-6.986019473612797,3.9961195500008864,713.5558523479799,153.72886760538535,144.44926971378595,False,117.29999999999995,13.132168825509066,-2.316973659392085,729.4999144453069,212.69365568626898,13.334999999999589,100.0059999999927,-4.191226897820986,4.669045814220712,15.944062097326992,58.964788080883636
636514.0,-2.7991,-3.2066,10.2621,-0.0008,0.0292,9.8066,0.1758,-0.2227,0.1716,237.03,-85.45,102.11,53.053432,-1.788841,13.6,4,101.26,19 / 22,17.530283702538195,-7.0159123604137426,4.030784550000894,715.2985363192737,153.02877101368387,144.85061491878614,False,117.39999999999998,13.080927413504558,-2.3590517410263456,730.8032731886092,212.4601463403789,13.291944444445082,100.22299999999679,-4.449356289033638,4.6568606193873965,15.504736869335488,59.43137532669505
636615.0,0.9377,-0.9723,9.9942,-0.0162,-0.0271,9.8065,-0.0167,0.0164,-0.1334,235.46,-85.37,103.0,53.053432,-1.788841,13.6,4,101.26,19 / 22,17.742667352562503,-6.990786212126911,4.063256050000894,717.0798203475563,152.32143273577057,145.25936396908622,False,117.50099999999998,13.0177658955302,-2.4968700031785143,732.1129816283369,212.20195172124062,13.255061111111111,100.85774000000004,-4.724901457032303,4.493916208948397,15.033161280780632,59.88051898547005
636714.0,1.9719,1.7962,8.2087,0.0117,0.0372,9.8065,-0.0099,-0.2271,0.1381,235.47,-85.18,100.94,53.053432,-1.788841,13.6,4,101.26,19 / 22,17.613852308150207,-6.90646693624196,3.9934412500008616,718.8299680707623,151.633518704926,145.6581704854365,False,117.60000000000002,13.037573902279357,-2.424610204515494,733.4033067842062,211.95976916990733,13.261111111111186,100.5350000000046,-4.57627840587085,4.481856731726467,14.573338713443832,60.32625046498134
636814.0,1.1601,-0.7422,9.528,-0.0325,0.0578,9.8064,0.0371,-0.2146,0.0072,228.09,-85.09,95.18,53.053432,-1.788841,13.6,4,101.26,19 / 22,17.459928720189378,-6.820357284325896,3.899611250000947,720.5836571221777,150.9471774938982,146.05282311043624,False,117.69999999999993,13.02908829604917,-2.496510001189924,734.6999816364994,211.70402083916622,13.266111111108893,100.8470000000046,-4.430840424140207,4.323847283135972,14.116324514321718,60.75684334526801
636914.0,0.7141,0.9388,9.1326,-0.0116,0.0323,9.8065,0.0289,-0.0329,0.0648,223.46,-85.07,90.0,53.053432,-1.788841,13.6,4,101.26,19 / 22,17.37900516494319,-6.775379247927166,3.8519762500009365,722.3256038164348,150.2673906672854,146.4404024854364,False,117.79999999999995,12.945358395313784,-2.5184331147281687,735.9899725977069,211.4482725070288,13.188055555557861,101.00899999999521,-4.433646769629407,4.256946133198998,13.664368781272174,61.18088183974339
637014.0,-0.6814,1.4876,9.6902,0.0104,-0.056,9.8065,-0.0386,0.0346,0.0723,224.51,-85.42,93.1,53.053432,-1.788841,13.6,4,101.26,19 / 22,17.281780685967497,-6.875649220917977,3.8124512500009278,724.0586431089807,149.584839243843,146.82362386043658,False,117.89999999999998,12.827198108676484,-2.527757773170307,737.2665957770342,211.19252417628744,13.073888888890577,101.14799999999794,-4.4545825772910135,4.347891447747671,13.207952668053508,61.60768493244444
637115.0,2.9075,1.579,10.0021,0.0297,-0.0081,9.8066,0.0845,-0.4486,0.287,230.38,-85.8,96.38,53.053432,-1.788841,13.6,4,101.26,19 / 22,17.08650884368166,-6.904339861547859,3.8164407500009276,725.794241730228,148.88894979517846,147.20888290643668,False,118.00099999999998,12.903560521047392,-2.6615153429670575,738.5694866479741,210.92287647923615,13.175188888888886,101.65449999999997,-4.182948322634267,4.242824518580802,12.775244917746136,62.03392668405769
637215.0,0.802,-0.5514,10.8063,-0.0074,-0.0062,9.8066,0.0948,-0.1974,0.1815,236.98,-86.03,103.05,53.053432,-1.788841,13.6,4,101.26,19 / 22,16.920933206237425,-6.805790942260888,3.8761957500009414,727.4946138327243,148.20344325498786,147.59351473143687,False,118.101,12.90471815239631,-2.743618243301543,739.8593439314293,210.6448891615427,13.193149999998914,102.00271000000252,-4.016215053841115,4.062172698959345,12.364730098704968,62.44144590655483
637315.0,1.1038,2.8855,9.6976,-0.0085,-0.0329,9.8065,0.1034,-0.0552,-0.119,235.96,-86.12,106.73,53.053432,-1.788841,13.6,4,101.26,19 / 22,16.75785197168844,-6.803260789832731,3.9207257500009516,729.178553091621,147.52299066838302,147.98336080643705,False,118.20100000000002,12.82391367308548,-2.766829235915782,741.1358334329483,210.36679065101856,13.118999999997126,102.17527000000939,-3.9339382986029587,4.036431553916948,11.957280341327305,62.843799982635545
637415.0,2.2563,-2.0993,10.2085,0.0016,0.0724,9.8063,0.1444,-0.4792,0.3803,238.44,-86.25,106.53,53.053432,-1.788841,13.6,4,101.26,19 / 22,16.623761699251464,-6.6981307862714985,3.9353657500009382,730.8476337751665,146.84792108957842,148.37616538143678,False,118.30099999999993,12.711490769292126,-2.8192421719228276,742.3991556691053,210.07757264737594,13.020380555554427,102.50501999998215,-3.9122709299593375,3.878888614348671,11.551521893938798,63.229651557797524
637515.0,0.8322,0.3762,8.9361,-0.0952,-0.0461,9.806,-0.1279,0.6484,-0.1408,236.66,-87.44,104.66,53.053432,-1.788841,13.6,4,101.26,20 / 21,16.601466849089118,-6.533464154417246,3.911930750000933,732.508895202584,146.18634134254384,148.76853020643696,False,118.40099999999995,12.71878938302185,-2.960050147270848,743.6691617963615,209.77734634481703,13.058694444443493,103.10125999999961,-3.8826774660672676,3.573414007146398,11.160266593777578,63.59100500227319
637614.0,-0.2685,4.7491,8.3192,-0.0093,-0.0524,9.8065,-0.2939,0.5083,-0.295,232.09,-87.57,99.64,53.053432,-1.788841,13.6,4,101.26,20 / 21,16.372622400756256,-6.675674219112535,3.795209750000878,734.1411126204521,145.53248899305382,149.15003366118722,False,118.5,12.779055599488155,-2.980128183195616,744.9330187438957,209.4801223059769,13.121944444444443,103.127,-3.5935668012681017,3.695546035916919,10.791906123443596,63.947633312923074
637714.0,-1.3577,-0.0854,11.6128,0.0508,-0.0182,9.8065,-0.0057,0.1337,-0.2578,230.35,-87.36,95.69,53.053432,-1.788841,13.6,4,101.26,20 / 21,16.22730376993462,-6.894020913860048,3.811144750000882,735.771108928987,144.85400423640505,149.5303513861874,False,118.60000000000002,12.710350126721195,-2.9358175447635615,746.1962741412218,209.19101549654374,13.044999999999352,103.00600000000111,-3.516953643213423,3.958203369096487,10.425165212234788,64.3370112601387
637814.0,-1.7133,-0.8775,12.2038,0.0704,-0.003,9.8064,0.1729,0.2498,-0.1651,243.28,-86.55,108.73,53.053432,-1.788841,13.6,4,101.26,20 / 21,16.33773825646756,-7.011289644982777,4.0213097500006905,737.3993610303056,144.15873870846355,149.92197411118713,False,118.69999999999993,12.663746242856513,-2.942519536052599,747.4595295385734,208.89078919539213,13.001111111113321,103.0810000000182,-3.6739920136110467,4.0687701089301775,10.060168508267793,64.73205048692859
637914.0,-5.3927,-5.908,10.2539,-0.0063,-0.0772,9.8063,-0.1015,0.3733,-0.2115,246.54,-85.88,114.04,53.053432,-1.788841,13.6,4,101.26,20 / 21,16.778400508656205,-7.206749716174627,4.1635297500007225,739.0551679685622,143.4478367404055,150.33121608618728,False,118.79999999999995,12.705646814787855,-3.1022368680859467,748.7294688268142,208.56832390729093,13.07888888888659,103.72099999998109,-4.07275369386835,4.10451284808868,9.674300858252082,65.12048716688543
638014.0,-0.2915,0.7322,9.7956,-0.0741,-0.0736,9.806,-0.2546,0.5885,-0.2896,250.3,-86.01,117.5,53.053432,-1.788841,13.6,4,101.26,20 / 21,17.111285808500515,-7.370524252846565,4.185339750000727,740.7496522844203,142.71897304195429,150.74865956118745,False,118.89999999999998,12.661589718714264,-3.1348338298292235,749.9927242241541,208.2569781130063,13.043888888889406,103.90599999999728,-4.449696089786251,4.235690423017341,9.243071939733795,65.53800507105203
638114.0,-3.6179,-2.5562,8.9468,0.0108,0.0133,9.8065,0.1491,-0.4829,0.2549,246.86,-86.1,111.37,53.053432,-1.788841,13.6,4,101.26,20 / 21,17.254437081361576,-7.52062477245264,4.1417947500007175,742.4679384289138,141.97441559068915,151.1650162861876,False,119.0,12.540641885752619,-3.285531344663112,751.2426118395064,207.9233933331637,12.963888888888889,104.681,-4.713795195608958,4.235093427789528,8.774673410592527,65.94897774247454
638215.0,1.1021,0.4105,9.9399,-0.029,-0.0301,9.8065,0.1323,0.0347,-0.0764,251.21,-86.29,117.79,53.053432,-1.788841,13.6,4,101.26,20 / 21,17.391258517450574,-7.599760026412426,4.105101450000718,744.2175460566539,141.21083615834647,151.5814845442877,False,119.101,12.532616464979164,-3.48295639758351,752.504998331038,207.56401133010817,13.007594444445399,105.5312000000047,-4.85864205247141,4.116803628828916,8.287452274384123,66.3531751717617
638315.0,-0.4699,-1.8517,8.1514,-0.0419,-0.0007,9.8065,0.0773,-0.0454,-0.0876,254.33,-86.32,121.23,53.053432,-1.788841,13.6,4,101.26,20 / 21,17.433120249078407,-7.558557422080631,4.029001450000701,745.9587649949807,140.45292028592164,151.98818968928785,False,119.20100000000002,12.574819241522839,-3.570980006459226,753.7548859463762,207.20796517485766,13.072036111111375,105.85341000001554,-4.858301007555568,3.987577415621405,7.796120951395551,66.75504488893603
638415.0,1.6873,2.1413,8.8799,-0.0419,-0.0231,9.8065,-0.0824,0.2213,-0.0305,251.22,-86.67,119.22,53.053432,-1.788841,13.6,4,101.26,20 / 21,17.383636723438986,-7.517504937719711,3.8999014500008182,747.699602843605,139.69911716793231,152.38463483428757,False,119.30099999999993,12.548885966237524,-3.6929100538072226,755.0047067227533,206.8297912297014,13.081000000000328,106.39820999997269,-4.834750757201462,3.824594883912489,7.305103879148305,67.1306740617691
638514.0,-2.6466,0.9201,8.5908,0.0329,0.0715,9.8062,0.0324,-0.1767,0.1344,246.54,-86.75,116.92,53.053432,-1.788841,13.6,4,101.26,21 / 22,17.250985988505384,-7.618620630449077,3.7938427500007688,749.414016667847,138.9498789523076,152.76547517218782,False,119.39999999999998,12.478045104138271,-3.888867493126315,756.2354784098684,206.4445008087493,13.070000000000164,107.30999999998639,-4.772940884367113,3.7297531373227617,6.82146174202137,67.49462185644168
638614.0,0.3236,0.2051,11.1725,-0.0046,-0.0167,9.8066,0.1372,0.1113,-0.3145,248.21,-86.2,114.82,53.053432,-1.788841,13.6,4,101.26,21 / 22,17.23019191242974,-7.75536810692527,3.8013427500007704,751.1380755628942,138.1811795154387,153.145234447188,False,119.5,12.529590127247141,-3.991474820563318,757.4853660252336,206.03307958051244,13.15,107.67,-4.700601785182597,3.7638932863619523,6.3472904623394015,67.85190006507372
638714.0,-2.2959,-2.1112,11.2824,0.0532,0.0087,9.8065,0.2097,-0.4052,0.1056,248.71,-85.25,117.63,53.053432,-1.788841,13.6,4,101.26,21 / 22,17.33879993441455,-7.820743500641736,3.943422750000803,752.8665251552368,137.40237393506018,153.53247272218815,False,119.60000000000002,12.491210483333488,-4.068042526519939,758.7352536405724,205.62165835156742,13.136944444448126,108.03900000001913,-4.8475894510810615,3.7527009741217974,5.868728485335623,68.21928441650724
638814.0,-1.6425,-0.716,11.1002,0.0211,-0.0068,9.8066,0.1167,-0.1402,0.0564,253.99,-84.98,121.64,53.053432,-1.788841,13.6,4,101.26,21 / 22,17.51963433554126,-7.96558265411344,4.081887750000677,754.609446868733,136.61305762732314,153.93373824718785,False,119.69999999999993,12.631274094065848,-4.4315782109372455,759.9918251469436,205.17687864463846,13.386111111113383,109.33300000001412,-4.888360241475411,3.5340044431761948,5.382378278210581,68.56382101731532
638914.0,2.608,3.6088,8.8821,0.0215,0.0498,9.8064,0.0543,-0.4017,0.2361,252.51,-84.82,122.8,53.053432,-1.788841,13.6,4,101.26,21 / 22,17.348899540993475,-7.971109743659559,4.100337750000681,756.3528735625601,135.8162230074343,154.342849522188,False,119.79999999999995,12.66761485373943,-4.568115845077287,761.2550805442178,204.70985995289232,13.466111111108747,109.8299999999853,-4.6812846872540455,3.402993898582272,4.902206981657628,68.89363694545801
639014.0,0.9331,1.5453,9.921,-0.0092,0.0225,9.8065,-0.0027,-0.1026,0.0593,255.55,-84.86,120.93,53.053432,-1.788841,13.6,4,101.26,21 / 22,17.034556058127173,-7.88144515818631,4.059827750000672,758.0720463425166,135.02359526234184,154.75085779718816,False,119.89999999999998,12.587146350900465,-4.754026897380462,762.5116520505638,204.2317217679795,13.455000000000163,110.69099999998728,-4.447409707226708,3.1274182608058476,4.439605708047225,69.20812650563767
639114.0,0.7441,0.4942,8.6238,0.0395,0.0585,9.8063,0.0772,-0.1554,0.0621,251.46,-85.04,121.42,53.053432,-1.788841,13.6,4,101.26,21 / 22,16.89630734903,-7.834655513191245,4.006402750000659,759.7685895128749,134.23779022877278,155.15416932218832,False,120.0,12.558314402215553,-4.940016637128403,763.761539665916,203.73134459963006,13.495,111.473,-4.337992946814447,2.8946388760628414,3.992950153041079,69.49355437085728
639214.0,-3.8118,-1.3705,9.2197,0.0139,0.0379,9.8065,-0.0318,-0.3549,0.1252,250.2,-84.56,118.29,53.053432,-1.788841,13.6,4,101.26,21 / 22,16.973868642940356,-7.970643578563119,3.917912750000639,761.4620983124738,133.44752527418487,155.55038509718847,False,120.10000000000002,12.691732813340451,-5.142228222865855,765.0314789542358,203.20872844289215,13.693888888889866,112.05600000001108,-4.2821358295999055,2.828415355697264,3.5693806417619953,69.76120316870728
639314.0,2.709,3.4155,10.5978,0.0809,0.0331,9.8062,0.01,-0.1215,0.0261,245.71,-83.88,115.69,53.053432,-1.788841,13.6,4,101.26,21 / 22,16.87570974115704,-8.081637111176407,3.9281227500006297,763.1545772316772,132.64491123969862,155.94268687218818,False,120.19999999999993,12.684278508113,-5.333542793371479,766.2947343516005,202.6749927951428,13.760000000003805,112.80600000003521,-4.191431233044039,2.748094317804928,3.1401571199232876,70.03008155544418
639414.0,-0.0082,-2.7921,10.3442,-0.0022,-0.0515,9.8065,0.179,-0.2894,0.2126,246.37,-83.65,117.02,53.053432,-1.788841,13.6,4,101.26,21 / 22,16.776848406439342,-7.981468644066972,3.994557750000645,764.8372051390573,131.84175595193625,156.33882089718833,False,120.29999999999995,12.688256763386951,-5.661120804491176,767.5579897488216,202.09677917702615,13.89388888888493,114.04499999996338,-4.088591643052391,2.3203478395757955,2.720784609764223,70.2550232250899
639514.0,0.272,2.5328,9.3662,-0.0282,-0.0573,9.8064,-0.1155,0.2907,-0.0099,253.19,-84.3,122.51,53.053432,-1.788841,13.6,4,101.26,21 / 23,16.763699450207827,-7.957069576243318,3.999412750000646,766.5142325318901,131.04482904092055,156.7385194221885,False,120.39999999999998,12.576349743342186,-5.810823046594332,768.8078773641873,201.50744606573483,13.85388888888948,114.79899999998887,-4.187349706865641,2.1462465296489857,2.2936448322972183,70.46261702481428
639614.0,-2.2054,-0.3821,10.5884,-0.0138,-0.0359,9.8065,0.0425,-0.056,0.0569,257.34,-84.91,125.33,53.053432,-1.788841,13.6,4,101.26,21 / 23,16.66462499119602,-8.090092291110368,4.01647775000065,768.1856487539607,130.24247094755268,157.13931394718864,False,120.5,12.566934265692414,-5.982009161585821,770.0644488705462,200.90699346131035,13.918055555555554,115.455,-4.0976907255036075,2.1080831295245472,1.8788001165855803,70.66452251375767
639714.0,-1.835,1.2275,9.3269,0.0159,-0.0248,9.8065,0.1096,-0.048,-0.0123,259.37,-84.94,127.38,53.053432,-1.788841,13.6,4,101.26,21 / 23,16.647006757776815,-8.300099271384974,4.031577750000654,769.8512303414096,129.42296136942772,157.5417167221888,False,120.60000000000002,12.657658587532719,-6.194075984904805,771.3277042678989,200.28430187274154,14.091944444444682,116.0750000000055,-3.989348170244096,2.10602328648017,1.4764739264892341,70.86134050331381
639814.0,-0.6684,2.5335,9.2288,0.0429,0.0456,9.8064,-0.0805,0.3228,-0.1921,264.58,-85.12,129.69,53.053432,-1.788841,13.6,4,101.26,21 / 23,16.463355391303068,-8.450851164486682,3.978697750000702,771.5067484488621,128.5854138476349,157.9422304971885,False,120.69999999999993,12.631601303499394,-6.283301685286562,772.5842757742573,199.65049079033238,14.108055555564453,116.44700000001484,-3.8317540878036738,2.1675494792001198,1.077527325395181,71.06507694269749
639914.0,-0.9512,-0.7743,10.3387,-0.0056,0.0261,9.8066,0.0247,-0.0598,-0.0819,258.73,-84.79,127.13,53.053432,-1.788841,13.6,4,101.26,21 / 23,16.37039162544179,-8.53927818112746,3.9764077500007016,773.1484357996998,127.73590738035399,158.33998577218864,False,120.79999999999995,12.852844498688043,-6.5400943396322235,773.8675828444714,198.98332123069503,14.421111111101856,116.96899999998456,-3.5175471267537475,1.9991838414952356,0.7191470447716029,71.24741385034103
640014.0,-2.513,-0.0844,9.7609,-0.0076,-0.0006,9.8066,0.0148,-0.12,0.0622,262.2,-84.78,128.12,53.053432,-1.788841,13.6,4,101.26,21 / 23,16.421688052045948,-8.706745833056095,4.000722750000707,774.7880397835745,126.87360617964463,158.7388422971888,False,120.89999999999998,12.769821290922877,-6.7413102730763,775.1375221327919,198.3050321785838,14.43999999999972,117.82999999998728,-3.6518667611230704,1.9654355599797952,0.3494823492173964,71.43142599893916
640114.0,1.4001,0.269,9.339,-0.0114,-0.0108,9.8066,0.0036,-0.1356,0.238,258.68,-84.73,126.93,53.053432,-1.788841,13.6,4,101.26,21 / 23,16.398793903217616,-8.769141142081446,3.975052750000702,776.429063881338,125.99981183088755,159.13763107218895,False,121.0,12.60185962511858,-6.828588107906942,776.3940936391512,197.61562363263207,14.333055555555553,118.452,-3.7969342780990356,1.9405530341745045,-0.034970242186886935,71.61581180174451
640214.0,-0.4015,2.2067,9.0464,-0.0067,0.033,9.8066,-0.0196,0.0974,-0.1321,258.68,-84.93,126.45,53.053432,-1.788841,13.6,4,101.26,21 / 23,16.250555832285613,-8.749492112213057,3.913657750000688,778.0615313681136,125.12388016817263,159.5320665971891,False,121.10000000000002,12.650435079705392,-7.000133051719484,777.6506651455106,196.91509559496154,14.458055555558511,118.95800000000243,-3.600120752580221,1.749359060493573,-0.41086622260297645,71.79121542678891
640314.0,-0.9603,0.4516,8.4185,-0.0121,0.0209,9.8066,-0.0524,-0.1293,0.0646,255.21,-85.17,125.09,53.053432,-1.788841,13.6,4,101.26,21 / 23,16.119839846035266,-8.848546165592525,3.806237750000786,779.6800511520282,124.24397825428315,159.91806137218882,False,121.19999999999993,12.805063607852437,-7.133648342097686,778.9339722158164,196.19232857173319,14.658055555559217,119.12200000001506,-3.3147762381828283,1.714897823494839,-0.7460789362118021,71.94835031745004
640414.0,-0.3586,0.5658,9.2488,-0.0182,-0.0261,9.8065,0.0424,-0.0653,0.0373,250.61,-85.43,119.51,53.053432,-1.788841,13.6,4,101.26,21 / 23,16.07307550055551,-8.93373615505558,3.708937750000764,781.2896969193581,123.35486413825055,160.29382014718897,False,121.29999999999995,12.850539121949575,-7.315556730571954,780.2105953950638,195.4584420568394,14.786944444440634,119.65199999998434,-3.222536378605936,1.6181794244836265,-1.0791015242942876,72.10357791858885
640514.0,0.702,3.0038,10.2679,0.0108,0.0288,9.8065,0.1453,-0.1773,-0.0173,250.56,-85.57,116.66,53.05292,-1.787137,14.78,4,125.76,20 / 22,15.88284836452151,-8.984293062744632,3.704107750000763,782.8874931126123,122.45896267736033,160.66447242218914,False,121.39999999999998,12.792261295359474,-7.346966438145645,781.4872185743775,194.7245555404776,14.75194444444496,119.86999999999678,-3.090587069162037,1.6373266245989866,-1.4002745382348394,72.26559286311728
640618.0,-1.6815,-2.0751,9.7323,-0.0123,-0.0243,9.8065,0.0228,-0.3007,0.256,252.29,-85.62,120.58,53.05292,-1.787137,14.78,4,125.76,20 / 22,15.835855597846988,-9.05973589079662,3.724226550000771,784.5368657186561,121.52067317177581,161.05074580578938,False,121.50400000000002,12.797630137950575,-7.396979445522258,782.8143719695856,193.94930451164163,14.781622222222216,120.02776000000064,-3.038225459896413,1.6627564452743622,-1.7224937490705088,72.42863133986582
640714.0,-3.6546,-2.0975,11.2439,-0.0031,-0.041,9.8065,-0.0086,0.3974,-0.0766,258.19,-85.71,126.84,53.05292,-1.787137,14.78,4,125.76,20 / 22,16.073705552160856,-9.263202676728245,3.7896457500007736,786.0685246538566,120.64117212053459,161.41141167618946,False,121.60000000000002,12.688329253375178,-7.567964961548223,784.0270971510442,193.2234240304768,14.773888888890356,120.81400000000333,-3.385376298785678,1.6952377151800215,-2.0414275028123257,72.5822519099422
640814.0,2.4341,4.4755,9.3233,0.0099,0.0004,9.8065,-0.0019,0.4536,-0.2692,258.63,-85.65,127.44,53.05292,-1.787137,14.78,4,125.76,20 / 22,15.953346034831668,-9.350491956196992,3.83734075000073,787.6698772332047,119.71048738888918,161.79276100118918,False,121.69999999999993,12.743345955999882,-7.669088303341355,785.297036439363,192.44505954441325,14.873055555559052,121.0400000000101,-3.2100000788317864,1.6814036528556366,-2.3728407938417604,72.73457215552408
640914.0,-1.1194,0.5817,8.9195,-0.0046,0.027,9.8066,0.0391,-0.4032,0.223,259.79,-85.97,127.8,53.05292,-1.787137,14.78,4,125.76,20 / 22,15.674160690744563,-9.34038438926281,3.7688157500007144,789.2512525694839,118.77594357161597,162.17306882618934,False,121.79999999999995,12.800624369375607,-7.812001293575682,786.573659618637,191.66669505840542,14.996111111107473,121.39499999998951,-2.873536321368956,1.5283830956871283,-2.677592950846929,72.89075148678945
641014.0,-1.2531,-0.7612,10.2864,-0.0075,-0.0332,9.8065,0.0574,-0.0283,-0.0563,258.08,-86.23,125.13,53.05292,-1.787137,14.78,4,125.76,20 / 22,15.688557027379654,-9.45900197882888,3.74844575000071,790.8193884553905,117.83597425321118,162.5489319011895,False,121.89999999999998,12.64414423922485,-7.899404050873054,787.8302311249568,190.86609158607564,14.908888888890177,121.99499999999114,-3.044412788154803,1.559597927955826,-2.989157330433727,73.03011733286446
641114.0,-1.0131,-0.5683,9.7731,0.0314,-0.0176,9.8065,0.104,-0.2412,0.0432,266.13,-86.1,131.21,53.05292,-1.787137,14.78,4,125.76,20 / 22,15.753219826013922,-9.565040572554139,3.7707557500007147,792.3914772980605,116.8847721256418,162.92489197618966,False,122.0,12.543233537155265,-7.9377786425461885,789.0801187403355,190.07660760687804,14.84388888888889,122.327,-3.2099862888586568,1.6272619300079505,-3.3113585577250433,73.19183548123624
641214.0,-0.6835,-0.6861,11.2723,-0.0053,-0.0787,9.8063,0.1994,-0.0393,0.1457,275.39,-85.76,141.33,53.05292,-1.787137,14.78,4,125.76,20 / 22,15.798258240148934,-9.652234952414778,3.842360750000731,793.969051201369,115.92390834939314,163.30554780118982,False,122.10000000000002,12.635784279552011,-8.049572347462032,790.3433741376748,189.26488464212198,14.981944444443767,122.49900000000795,-3.162473960596923,1.6026626049527462,-3.6256770636941837,73.34097629272884
641315.0,0.2176,1.7226,8.1548,0.0056,0.0056,9.8066,0.0615,-0.0962,0.1207,269.7,-85.77,138.15,53.05292,-1.787137,14.78,4,125.76,20 / 22,15.724543141893971,-9.680105128389426,3.832957650000731,795.5609526711621,114.94762517531254,163.69315138038988,False,122.20100000000002,12.520916840567205,-8.143575244812329,791.5990098993019,188.4449332534948,14.936238888889257,123.03988000000828,-3.203626301326766,1.5365298835770975,-3.9619427718602083,73.49730807818227
641415.0,-0.0044,-0.5508,9.5814,-0.0119,0.0115,9.8066,-0.0601,-0.0483,-0.0577,268.23,-86.06,135.95,53.05292,-1.787137,14.78,4,125.76,20 / 22,15.648211238277167,-9.67093083831909,3.739102650000816,797.1295903901693,113.980073376978,164.0717543953896,False,122.30099999999993,12.490564967184916,-8.21375467362454,792.842213623556,187.6219796007491,14.94924999999893,123.3287799999888,-3.1576462710922506,1.45717616469455,-4.287376766613306,73.64190622377112
641515.0,2.3995,3.7265,9.1056,-0.0101,0.0112,9.8066,0.0349,-0.0239,-0.107,268.34,-86.27,133.26,53.05292,-1.787137,14.78,4,125.76,21 / 21,15.468365006932071,-9.557868176693212,3.6927876500008057,798.6854192024301,113.01863342622717,164.44334891038977,False,122.40099999999995,12.468186894204328,-8.314737432230089,794.0856178646438,186.78801765113465,14.986349999997994,123.69842000000682,-3.0001781127277436,1.243130744463123,-4.599801337786289,73.76938422490748
641615.0,-3.2303,-0.8694,8.8073,0.0161,0.0252,9.8065,-0.0531,-0.338,0.1621,265.72,-86.16,133.16,53.05292,-1.787137,14.78,4,125.76,21 / 21,15.316442579786386,-9.603642228808358,3.6077676500007865,800.2246595817664,112.06055790595187,164.80837667538992,False,122.50099999999998,12.645241936396975,-8.289739396568308,795.3488732619966,185.954055700827,15.120249999999999,123.24731999999999,-2.6712006433894118,1.31390283224005,-4.8757863197698725,73.89349779487515
641715.0,1.629,2.5691,9.2642,-0.0279,0.0076,9.8065,-0.1053,-0.0477,0.0349,266.32,-85.99,129.45,53.05292,-1.787137,14.78,4,125.76,21 / 21,15.22086663619192,-9.691216675988352,3.530677650000769,801.7515250425657,111.0958149607118,165.16529894039007,False,122.601,12.633041808844629,-8.353619919649027,796.6121954982463,185.1202049461511,15.145188888889166,123.47473999999669,-2.5878248273472906,1.337596756339325,-5.13932954431948,74.02438998543929
641814.0,-4.5244,-1.6193,10.4341,-0.0861,-0.0043,9.8062,0.0295,-0.4779,0.2535,258.1,-86.34,124.86,53.05292,-1.787137,14.78,4,125.76,21 / 21,15.196277458327943,-9.825428646672496,3.5348851500007665,803.2571736752434,110.12974101724075,165.51504429898992,False,122.69999999999993,12.681205233488063,-8.314478941018812,797.8694353936949,184.30559091424217,15.163888888886332,123.25099999999722,-2.51507222483988,1.5109497056536831,-5.387738281548536,74.17584989700143
641915.0,2.3696,3.2152,8.7663,-0.0267,-0.0172,9.8065,-0.0305,0.3915,-0.3626,257.11,-86.52,123.6,53.05292,-1.787137,14.78,4,125.76,21 / 21,15.121305454620021,-9.957094337594324,3.5140337000007666,804.7882116123473,109.13072360653528,165.871014700915,False,122.80099999999993,12.6208841504833,-8.243613727832061,799.1453901838386,183.4745200318414,15.07461111110897,123.15147000000454,-2.5004213041367205,1.7134806097622626,-5.642821428508682,74.34379642530611
642015.0,-0.7502,2.1706,9.2157,-0.003,0.041,9.8065,-0.077,-0.1564,0.1985,256.74,-86.63,122.93,53.05292,-1.787137,14.78,4,125.76,21 / 21,14.824234349400413,-9.944398053967474,3.432468700000748,806.2854886025486,108.13564898695697,166.21833982091516,False,122.90099999999995,12.702857976495249,-8.250627088801496,800.4153294721717,182.65156637973558,15.147130555554039,123.00407999999393,-2.1213763729051642,1.693770965165978,-5.870159130376919,74.51591739277862
642115.0,0.5833,4.1772,10.3907,-0.0462,-0.0351,9.8064,-0.0512,0.1413,-0.0338,251.93,-86.86,117.32,53.05292,-1.787137,14.78,4,125.76,21 / 21,14.502979424162733,-10.049143622783989,3.4321237000007483,807.7518492912271,107.13597190311917,166.56156944091532,False,123.00099999999998,12.72747556300139,-8.397160661868483,801.6850682437622,181.81727084534126,15.247994444444446,123.41548999999993,-1.7755038611613436,1.6519829609155057,-6.066781047464929,74.68129894222209
642214.0,-1.1951,-0.7399,10.1699,0.0145,-0.006,9.8066,0.0302,-0.1933,0.0776,245.34,-86.82,110.48,53.05292,-1.787137,14.78,4,125.76,21 / 21,14.339678272105703,-10.132130450142682,3.47901505000077,809.1795608471931,106.13699883650884,166.90367080904056,False,123.10000000000002,12.612742257579805,-8.557780272444546,802.9224569829878,180.95862362132505,15.24194444444607,124.15699999999899,-1.7269360145258972,1.5743501776981361,-6.257103864205305,74.82162478481621
642314.0,2.076,0.4142,10.2059,-0.0135,-0.0186,9.8065,-0.0076,-0.0043,-0.1016,247.39,-86.82,112.64,53.05292,-1.787137,14.78,4,125.76,21 / 21,14.323609774182227,-10.091674234538072,3.5171400500007355,810.6127252495062,105.12580860227573,167.2534785640403,False,123.19999999999993,12.713988425411273,-8.60445794596171,804.1923962713064,180.09130319373497,15.351944444444674,124.08899999999025,-1.609621348770954,1.4872162885763611,-6.420328978199791,74.96549459145925
642414.0,-1.8992,-2.429,10.3232,-0.0207,-0.0064,9.8066,-0.0204,-0.2457,0.3408,248.8,-86.94,113.66,53.05292,-1.787137,14.78,4,125.76,21 / 21,14.3963072161207,-10.056488322474587,3.562930050000746,812.0487210990217,104.11840047442486,167.60748206904046,False,123.29999999999995,12.771968968632274,-8.532667148335667,805.4690194505405,179.24622175176341,15.359999999999763,123.74600000001013,-1.624338247488426,1.52382117413892,-6.579701648481205,75.12782127733855
642514.0,-0.0061,0.8657,9.1586,-0.0165,-0.0154,9.8066,-0.0364,0.113,0.0123,247.25,-86.96,112.17,53.05292,-1.787137,14.78,4,125.76,20 / 21,14.488240118332035,-10.126201858453069,3.5563550500007444,813.4929484657447,103.10926596537824,167.9634463240406,False,123.39999999999998,13.31502681102864,-7.7414439022257895,806.8659526677114,178.5456937133816,15.401944444443824,120.1740000000528,-1.1732133073033957,2.384757956227279,-6.626995798033249,75.43642774800337
642614.0,-1.4787,0.2697,10.8076,-0.012,-0.0256,9.8066,0.0776,-0.1301,0.0951,243.59,-87.12,110.17,53.05292,-1.787137,14.78,4,125.76,20 / 21,14.453800501452134,-10.224225772765564,3.5740000500007483,814.9400504967342,102.09174458381707,168.31996407904077,False,123.5,13.335399787810402,-7.8928177520558185,808.1960469749629,177.75620973489282,15.49611111111111,120.62,-1.1184007136417318,2.3314080207097456,-6.744003521771333,75.66446515107575
642714.0,-0.3669,0.0608,10.2339,-0.0014,-0.0354,9.8065,0.1333,-0.2098,0.1988,252.28,-87.4,113.85,53.05292,-1.787137,14.78,4,125.76,20 / 21,14.461514933166871,-10.3229240273481,3.6454100500007645,816.3858162684655,101.06438709381116,168.68093458404093,False,123.60000000000002,13.005427242634587,-7.760791663006545,809.4793540452698,176.96672575569374,15.145000000002113,120.82600000004634,-1.456087690532284,2.5621323643415543,-6.906462223195717,75.90233866188258
642814.0,-0.6314,-0.8663,11.7919,0.0123,-0.0633,9.8064,0.1859,-0.15,0.0112,254.07,-87.38,115.75,53.05292,-1.787137,14.78,4,125.76,20 / 21,14.49802018910451,-10.366418022014381,3.7660350500006547,817.8337930245777,100.02991999134397,169.05150683904066,False,123.69999999999993,12.680039571992406,-8.540564332797382,810.7158738786609,176.06604684941271,15.288055555561808,123.96199999999384,-1.817980617112104,1.8258536892169985,-7.117919145916858,76.03612685806874
642914.0,2.4143,2.3587,8.6467,0.0303,0.0012,9.8066,0.1243,-0.307,0.0801,255.29,-87.24,122.12,53.05292,-1.787137,14.78,4,125.76,20 / 21,14.38694596747112,-10.304265379694156,3.807300050000664,819.2780413324068,98.99638582125831,169.4301735940408,False,123.79999999999995,12.895228762851836,-8.61468875048393,812.0058648398683,175.20984591360164,15.508055555549051,123.74500000000641,-1.4917172046192846,1.6895766292102259,-7.272176492538506,76.21346009234333
643014.0,1.9982,-0.2835,9.2083,-0.017,-0.0581,9.8064,0.1084,-0.3507,0.2358,257.44,-87.35,121.8,53.05292,-1.787137,14.78,4,125.76,20 / 21,14.21749172634856,-10.122548411603018,3.719385050000644,820.7082632170981,97.97504513169322,169.80650784904097,False,123.89999999999998,12.690040358396756,-8.522210312096055,813.2691202372221,174.35364497914296,15.286111111114392,123.88399999999794,-1.5274513679518051,1.6003380995069634,-7.43914297987601,76.37859984744973
643114.0,2.8315,4.2415,9.3474,-0.0237,-0.0143,9.8065,0.0822,-0.4142,0.2253,247.27,-87.29,111.39,53.05292,-1.787137,14.78,4,125.76,20 / 21,13.942953575941461,-9.980144687390904,3.666505050000632,822.1162854822129,96.9699104767433,170.1758023540411,False,124.0,12.432650860416341,-8.863868257381952,814.4989561796065,173.4529660728603,15.26888888888889,125.487,-1.5103027155251194,1.116276430008952,-7.617329302606436,76.48305559611701
643214.0,-0.973,-1.8046,10.9365,-0.0096,-0.0435,9.8065,0.0891,-0.2134,0.1867,241.12,-87.21,104.94,53.05292,-1.787137,14.78,4,125.76,20 / 21,13.779908815597238,-9.939635903368469,3.70003505000064,823.5024286017901,95.9739214472051,170.54412935904125,False,124.10000000000002,12.67868837280511,-8.647517847690494,815.7688954679395,172.59676513769395,15.346944444443324,124.2960000000114,-1.101220442792128,1.2921180556779746,-7.733533133850642,76.62284369048885
643314.0,-0.1456,0.8304,11.0866,-0.0175,0.0086,9.8065,0.0679,-0.1979,0.0752,238.87,-87.23,102.5,53.05292,-1.787137,14.78,4,125.76,20 / 21,13.83608387545448,-9.976564718821434,3.8205250500005303,824.8832282363414,94.97811141609651,170.92015736404096,False,124.19999999999993,12.49911064285592,-8.773771578151203,817.012099192336,171.71832521767698,15.27111111111202,125.06700000002026,-1.3369732325985613,1.2027931406702308,-7.871129044005443,76.74021380158047
643415.0,-2.1869,-0.4517,9.2827,-0.0147,0.0034,9.8066,-0.0759,-0.252,0.1383,235.43,-87.18,99.07,53.05292,-1.787137,14.78,4,125.76,20 / 21,13.871271508483018,-10.093561602084879,3.85870305000053,826.2824496832303,93.96457003689075,171.307958383091,False,124.30099999999993,12.41439282233357,-8.946645443252645,818.2609842239309,170.8088619122515,15.302275000002314,125.77905000000281,-1.456878686149448,1.1469161588322336,-8.021465459299407,76.84429187536075
643515.0,4.0857,2.2372,10.4181,-0.022,-0.0239,9.8065,-0.1053,-0.0876,0.2122,236.52,-87.19,100.07,53.05292,-1.787137,14.78,4,125.76,20 / 21,13.732116357476697,-10.073310598140553,3.863078050000531,827.6626190765286,92.95622642687924,171.69404743809113,False,124.40099999999995,12.366611222257351,-8.881426236994667,819.4975040573216,169.93031079660983,15.225399999999405,125.6850699999999,-1.3655051352193457,1.1918843611458865,-8.16511501920695,76.97408436973059
643615.0,-2.6074,-3.3599,9.3578,-0.0437,-0.015,9.8065,0.0307,-0.4768,0.2846,236.42,-87.77,101.23,53.05292,-1.787137,14.78,4,125.76,20 / 21,13.724290074993062,-9.991412049932528,3.871208050000533,829.0354393981523,91.95299029447536,172.08076174309127,False,124.50099999999998,12.397383661144007,-8.905897539017348,820.7339570517763,169.04064018922844,15.264669444444445,125.69229999999999,-1.3269064138490556,1.0855145109151803,-8.30148234637602,77.08764989475308
643714.0,0.9219,2.154,10.1344,-0.0667,-0.0899,9.8059,-0.1232,0.2786,-0.2002,241.63,-88.07,106.1,53.05292,-1.787137,14.78,4,125.76,20 / 21,13.804513163970508,-10.027803289063646,3.86521360000053,830.3981151584817,90.96203913519459,172.4637146147665,False,124.60000000000002,12.36619732765219,-8.893216246792763,821.951494634724,168.14896807200807,15.23194444444474,125.72199999999607,-1.4383158363183188,1.1345870422708835,-8.446620523757701,77.18692893681349
643814.0,0.751,2.3452,8.2747,-0.0073,0.0602,9.8064,-0.1151,-0.0343,0.1663,241.79,-88.25,105.82,53.05292,-1.787137,14.78,4,125.76,20 / 21,13.55190878196829,-10.070532310465135,3.805003600000585,831.7659362557774,89.95712235521906,172.84722547476622,False,124.69999999999993,12.42348815063919,-8.847527988502662,823.1880144681136,167.27052815128408,15.251944444444137,125.45700000000184,-1.1284206313290994,1.2230043219624722,-8.577921787663854,77.31340579606503
643915.0,1.5016,2.9935,10.3241,-0.0656,-0.0763,9.806,-0.1958,0.5796,-0.2005,243.69,-88.46,107.33,53.05292,-1.787137,14.78,4,125.76,20 / 21,13.245317673682905,-10.101721697404978,3.7537713500005854,833.1191961917878,88.93842352782163,173.22894360974126,False,124.80099999999993,12.403500153478658,-8.855617714471489,824.4367658219022,166.37207314336695,15.240369444446644,125.52537999998998,-0.8418175202042466,1.246103982933489,-8.682430369885537,77.43364961554532
644015.0,1.0251,0.1279,8.0889,0.0126,0.0646,9.8064,-0.1015,0.1157,-0.1149,242.51,-88.7,105.59,53.05292,-1.787137,14.78,4,125.76,20 / 21,13.033451519861089,-10.067653006098327,3.6937563500005717,834.4331346514653,87.92995479264623,173.6013199947414,False,124.90099999999995,12.292696431847615,-8.884992032894713,825.6600515511125,165.48251373091688,15.167513888888044,125.85889000000165,-0.7407550880134739,1.182660973203614,-8.773083100352778,77.55255893827065
644114.0,-2.8514,-4.9682,10.2324,-0.0441,-0.0155,9.8065,-0.2056,0.8806,-0.4985,226.0,-88.86,93.03,53.05292,-1.787137,14.78,4,125.76,20 / 21,13.266175827235996,-9.967641114256901,3.6298023500005416,835.7349662051472,86.93820773368817,173.96383615039161,False,125.0,12.355467363884399,-8.89433635080336,826.8842061861832,164.60184991189786,15.223888888888888,125.749,-0.9107084633515967,1.0733047634535406,-8.850760018964024,77.66364217820968
644215.0,-2.7914,-0.7297,9.7705,0.0718,0.09,9.8059,-0.1257,0.4386,-0.191,212.58,-88.63,79.4,53.05292,-1.787137,14.78,4,125.76,20 / 21,13.675272655482065,-9.956538198836862,3.6494771500005414,837.0955093535244,85.93203667837695,174.33143976514165,False,125.101,12.177553765450172,-8.813626988507176,828.10628881501,163.71473678690472,15.032405555556233,125.89553999998905,-1.4977188900318925,1.142911210329686,-8.989220538514473,77.78270010852778
644314.0,-2.3621,-1.0045,11.1979,-0.0011,-0.0042,9.8066,-0.0295,0.3886,-0.2249,229.82,-89.15,94.07,53.05292,-1.787137,14.78,4,125.76,20 / 21,13.914314631056715,-10.071811549698221,3.716554600000496,838.4611939242072,84.94063336582514,174.69605833676647,False,125.19999999999993,12.327475585020558,-8.682229266563992,829.3238263979824,162.85608956429,15.078055555556835,125.15699999999593,-1.5868390460361574,1.3895822831342297,-9.137367526224807,77.91545619846485
644414.0,0.9558,2.0599,10.004,0.03,0.0494,9.8064,-0.0874,0.2451,-0.1756,271.34,-89.21,135.93,53.05292,-1.787137,14.78,4,125.76,20 / 21,13.911905344502774,-10.086343741069554,3.795984600000514,839.8525049229855,83.93272560128652,175.07168529676662,False,125.29999999999995,12.385961990615721,-8.677255032750976,830.5603462312571,161.9887691360541,15.123055555554226,125.01400000000422,-1.5259433538870528,1.4090887083185777,-9.292158691728446,78.05604353476757
644517.0,0.1931,1.0126,10.0648,0.0229,0.0386,9.8065,-0.033,0.3514,-0.2765,252.64,-88.89,115.49,53.05292,-1.787137,14.78,4,125.76,19 / 21,13.736655909692216,-10.044805164586707,3.819442850000529,841.2764058275775,82.89597143264456,175.4638798104419,False,125.40300000000002,12.271026808434115,-8.550263729230041,831.8262751850083,161.10654858805978,14.956130555556447,124.86826999999153,-1.4656291012581004,1.4945414353566662,-9.450130642569206,78.21057715541522
644614.0,2.279,1.5538,8.8327,0.0528,0.0694,9.8062,-0.0588,0.3072,-0.1903,256.32,-89.08,118.75,53.05292,-1.787137,14.78,4,125.76,19 / 21,13.571485585480833,-9.967003933660672,3.7847265500005363,842.6008506900931,81.92539869137975,175.83268202634187,False,125.5,12.131532009280239,-8.640246370467505,832.9932825520774,160.2652477732962,14.893888888888888,125.459,-1.439953576200594,1.3267575631931674,-9.607568138015722,78.33984908191646
644714.0,-1.8721,-0.9995,8.6885,-0.002,0.0269,9.8066,-0.0755,0.226,-0.0777,232.61,-88.76,95.27,53.05292,-1.787137,14.78,4,125.76,19 / 21,13.55061622196138,-9.927539545965882,3.6801215500005124,843.9569557804656,80.9306715173982,176.205924431342,False,125.60000000000002,12.113844363128143,-8.711735276970277,834.2030668214669,159.39792734570452,14.921111111110328,125.7219999999943,-1.4367718588332377,1.2158042689956048,-9.753888958998687,78.46725582830632
644814.0,0.8172,4.4273,9.1891,0.0141,0.063,9.8064,-0.1206,0.5897,-0.4117,205.12,-88.28,71.92,53.05292,-1.787137,14.78,4,125.76,19 / 21,13.506582695787705,-10.168997497333931,3.5933365500005916,845.3098157263519,79.92584466523412,176.56959733634173,False,125.69999999999993,12.128978361818602,-8.599241821319643,835.4128510908944,158.53060691740683,14.868055555552539,125.33600000000884,-1.3776043339691029,1.5697556760142888,-9.896964635457493,78.6047622521727
644914.0,-2.7357,-2.6293,10.6589,0.0695,0.0829,9.806,0.0447,0.0189,-0.1297,205.1,-88.21,67.25,53.05292,-1.787137,14.78,4,125.76,19 / 21,13.54915137337317,-10.3077567004154,3.605071550000594,846.6626024298102,78.90200695534642,176.92951774134187,False,125.79999999999995,11.995895127035393,-8.603110128443383,836.6025836872561,157.67440598230309,14.76194444444758,125.64699999999081,-1.553256246337778,1.7046465719720167,-10.06001874255412,78.77239902695666
645014.0,0.5913,0.2357,11.176,0.0469,-0.0203,9.8065,0.042,0.587,-0.304,210.9,-88.45,70.5,53.05292,-1.787137,14.78,4,125.76,19 / 21,13.690442135927182,-10.258012914080647,3.7161515500006193,848.0245821052756,77.87371847462138,177.29557889634202,False,125.89999999999998,12.022959079880836,-8.570512234604744,837.8056840656649,156.81820504784437,14.764999999999956,125.48300000000243,-1.6674830560463452,1.687500679475903,-10.218898039610735,78.94448657322299
645114.0,-4.163,-4.1281,9.7898,0.0572,0.0501,9.8063,0.0142,-0.2811,0.1993,229.04,-88.16,90.38,53.05292,-1.787137,14.78,4,125.76,19 / 21,13.941289732467679,-10.289223368590832,3.783776550000635,849.4061686986956,76.84635666048757,177.67057530134218,False,126.0,12.073863778670356,-8.614429142850874,839.0087844441006,155.95088461954555,14.831944444444446,125.507,-1.8674259537973228,1.6747942257399586,-10.397384254595067,79.10452795905798
645214.0,5.6877,1.3539,9.1962,-0.0371,-0.0029,9.8065,-0.124,0.491,-0.272,229.33,-88.18,90.51,53.05292,-1.787137,14.78,4,125.76,19 / 21,13.984548250694335,-10.152286357439177,3.7524115500006276,850.8024605978541,75.82428117418584,178.04738470634234,False,126.10000000000002,11.964768398628788,-8.62926312376172,840.1985170405354,155.08356419124686,14.751944444443248,125.7999999999982,-2.0197798520655468,1.5230232336774563,-10.603943557318644,79.25928301706102
645314.0,1.2619,5.1864,8.6284,0.0268,0.0889,9.8062,0.0543,-0.8447,0.4985,207.92,-87.96,67.97,53.05292,-1.787137,14.78,4,125.76,19 / 21,13.56103268162754,-10.194853765506668,3.662976550000709,852.1797396444689,74.80692416803947,178.41815411134206,False,126.19999999999993,11.917304697143075,-8.556830604260643,841.3882496369688,154.23848274921414,14.67111111111085,125.67900000001026,-1.6437279844844639,1.638023161246025,-10.791490007500101,79.43155858117467
645414.0,3.5411,3.6389,9.1107,-0.0787,-0.1077,9.8057,0.0295,-0.1656,0.1262,185.84,-88.51,46.45,53.05292,-1.787137,14.78,4,125.76,19 / 21,13.18563179501829,-10.574513038751459,3.5692665500006875,853.5170728683015,73.76845582782633,178.77976626634222,False,126.29999999999995,11.8557427848301,-8.626353685766192,842.5712983423371,153.37116232168557,14.661944444444716,126.03999999998933,-1.3298890101881895,1.9481593529852663,-10.945774525964453,79.60270649385924
645514.0,3.1141,2.3746,10.4711,0.0005,-0.0166,9.8066,0.2141,-1.1327,0.5828,195.28,-88.38,53.94,53.05292,-1.787137,14.78,4,125.76,21 / 22,12.8077912599207,-10.828636488785028,3.567691550000687,854.8167440210487,72.69829835144927,179.13661417134236,False,126.39999999999998,11.85722057146336,-8.549495221648682,843.7543470477517,152.52608087894453,14.618055555556204,125.79300000000366,-0.9505706884573399,2.279141267136346,-11.06239697329704,79.82778252749526
645614.0,-7.1424,-5.7089,10.5423,-0.1004,-0.1316,9.8052,0.063,-0.7579,0.4947,206.19,-88.26,68.53,53.05292,-1.787137,14.78,4,125.76,21 / 22,13.06795334303139,-10.820652095152333,3.6376965500007032,856.1105312511967,71.61583392225215,179.4968835763425,False,126.5,11.766396529187075,-8.453145361272249,844.930711862239,151.68099943620416,14.488055555555555,125.694,-1.3015568138443143,2.3675067338800844,-11.17981938895764,80.06516551395201
645714.0,1.4003,0.9309,10.1513,-0.0689,-0.058,9.8062,-0.0011,-0.7592,0.4527,203.79,-88.86,63.03,53.05292,-1.787137,14.78,4,125.76,21 / 22,13.425487047080258,-10.753185877283684,3.6917115500007154,857.4352032707026,70.53714202363011,179.86335398134264,False,126.60000000000002,11.776455440879069,-8.570549705179197,846.1070766766999,150.81367900790565,14.56499999999855,126.0459999999912,-1.6490316062011896,2.1826361721044876,-11.328126594002697,80.27653698427554
645814.0,-5.8892,-8.1882,11.2791,-0.079,-0.1047,9.8057,0.2079,-1.2272,0.682,202.32,-88.26,64.22,53.05292,-1.787137,14.78,4,125.76,21 / 22,13.765033983532918,-10.517536300935243,3.7825665500006327,858.794729322232,69.47360591472012,180.23706788634237,False,126.69999999999993,11.785090743099062,-8.390716163446674,847.2834414911453,149.9797170590059,14.466944444443198,125.4500000000255,-1.9799432404338564,2.1268201374885685,-11.511287831086747,80.50611114428578
645914.0,5.684,2.0737,9.9078,-0.0958,-0.1391,9.8051,0.028,-0.1835,0.103,191.92,-89.08,52.62,53.05292,-1.787137,14.78,4,125.76,21 / 22,13.889727753636762,-10.310696066296797,3.8612465500006508,860.1774674090908,68.43219429635829,180.61925854134253,False,126.79999999999995,11.616940192487599,-8.548171273602565,848.4397546325539,149.12351612319483,14.423055555556852,126.34699999997348,-2.2727875611491637,1.762524792694233,-11.73771277653691,80.69132182683654
646014.0,-4.2175,-7.815,9.91,-0.0693,-0.0828,9.806,0.1105,-1.1136,0.8266,175.8,-89.48,35.94,53.05292,-1.787137,14.78,4,125.76,21 / 22,13.772297361081732,-9.965902282121933,3.871471550000653,861.5605686648271,67.41836437893713,181.0058944463427,False,126.89999999999998,11.496486800616704,-8.413232020659112,849.5826999920463,148.28955417358682,14.246111111113725,126.19700000000222,-2.275810560465027,1.5526702614628203,-11.9778686727808,80.8711897946497
646114.0,6.7355,5.4477,9.2473,-0.1218,-0.107,9.8053,-0.1772,0.2974,-0.1403,162.91,-89.47,22.78,53.05292,-1.787137,14.78,4,125.76,21 / 22,13.716910831973982,-9.937094602717218,3.848671550000648,862.9350290744802,66.42321453469495,181.39190160134285,False,127.0,11.660838475431936,-8.469296825571723,850.7456970244926,147.4333532377138,14.411944444444444,125.991,-2.056072356542046,1.4677977771454955,-12.18933204998757,81.01013870301884
646214.0,3.7085,-0.5026,8.677,0.0083,0.0269,9.8066,0.0842,-0.6259,0.3828,156.27,-89.22,15.73,53.05292,-1.787137,14.78,4,125.76,21 / 22,13.302824027952262,-10.364063695091732,3.764221550000629,864.2860158174768,65.40815661980427,181.772546256343,False,127.10000000000002,11.584955541703158,-8.542414321628284,851.9020101660383,146.5771523032554,14.393888888886098,126.4039999999991,-1.7178684862491043,1.8216493734634476,-12.384005651438542,81.16899568345112
646314.0,5.404,5.4475,9.1414,-0.0767,-0.0803,9.806,-0.2161,0.8156,-0.4625,123.01,-89.1,-16.07,53.05292,-1.787137,14.78,4,125.76,21 / 22,13.21630311781536,-10.802608039537757,3.6744765500007106,865.611972174764,64.34982303307376,182.14448116134272,False,127.19999999999993,11.44189673154604,-8.41813662188289,853.0382716345355,145.743190352941,14.205000000001762,126.34300000001049,-1.7744063862693196,2.3844714176548667,-12.573700540228515,81.39336731986725
646414.0,0.5226,-1.6112,9.2263,0.0718,0.0686,9.806,-0.0178,-0.0925,0.0617,117.73,-88.75,-22.18,53.05292,-1.787137,14.78,4,125.76,21 / 22,13.230099434499424,-11.170817081412032,3.6121965500006965,866.9342923023801,63.251151777026024,182.5088148163429,False,127.29999999999995,11.437102581558094,-8.528680338700054,854.181216993931,144.88698941783727,14.266944444442611,126.71199999998909,-1.7929968529413305,2.642136742711978,-12.75307530844907,81.63583764081125
646515.0,0.4261,-1.5002,10.4329,-0.0181,-0.0338,9.8066,-0.1007,0.9707,-0.5838,119.22,-88.81,-20.54,53.05292,-1.787137,14.78,4,125.76,20 / 22,13.085652492486155,-11.145252550302997,3.6145145000006966,868.2632377746928,62.124190260624424,182.87376372436796,False,127.40099999999995,11.300117378892377,-8.409561276205158,855.3155401340765,144.03345716067645,14.085930555554173,126.65669000000491,-1.7855351135937774,2.7356912740978387,-12.947697640616298,81.90926690005202
646615.0,7.1656,3.4651,9.1943,0.1045,0.1017,9.8055,-0.0226,0.4384,-0.346,155.0,-88.93,16.66,53.05292,-1.787137,14.78,4,125.76,20 / 22,12.77085960504015,-11.447002924308547,3.615209500000697,869.5560633795694,60.99457748689359,183.2352499243681,False,127.50099999999998,11.42193902461092,-8.398136562163229,856.4584186546587,143.1885981084919,14.177075000000007,126.32567000000003,-1.3489205804292297,3.0488663621453185,-13.097644724910765,82.19402062159831
646715.0,0.6528,-0.7809,9.5638,0.0299,0.0413,9.8065,-0.0437,0.4783,-0.2744,145.89,-89.09,5.32,53.05292,-1.787137,14.78,4,125.76,20 / 22,12.48051485376519,-11.756006268828965,3.5724495000006873,870.8186321025099,59.83442702723645,183.59463287436824,False,127.601,11.390527304521886,-8.277062251156035,857.59454644535,142.36553326146134,14.080280555555968,126.00446000001241,-1.089987549243304,3.47894401767293,-13.22408565715989,82.5311062342249
646815.0,4.0128,3.714,8.5395,0.0622,0.0808,9.806,-0.1286,0.4634,-0.3306,140.34,-88.99,1.52,53.05292,-1.787137,14.78,4,125.76,20 / 22,12.407521642487783,-12.026209090905223,3.49694950000067,872.0630339273229,58.64531625924947,183.9481028243684,False,127.70100000000002,11.291398501797396,-8.457416486991566,858.7175738096803,141.52067420927807,14.107586111109763,126.83369999997615,-1.1161231406903873,3.568792603913657,-13.345460117642574,82.8753579500286
646915.0,-3.3992,-3.4573,9.5586,-0.0013,0.0798,9.8062,0.0013,0.2344,-0.186,147.41,-88.41,5.6,53.05292,-1.787137,14.78,4,125.76,20 / 22,12.433354080961381,-12.073390963674418,3.421189500000739,873.3050777134941,57.44033625652158,184.29400977436813,False,127.80099999999993,11.372707203796683,-8.268352920959446,859.8537016002889,140.69772055722552,14.060738888889992,126.01846999998082,-1.0606468771646984,3.8050380427149726,-13.451376113205242,83.25738430070393
647015.0,3.459,2.3713,9.0211,0.0014,-0.0043,9.8066,-0.1111,0.4529,-0.1659,128.85,-88.28,-11.62,53.05292,-1.787137,14.78,4,125.76,20 / 22,12.480110720376212,-12.057251158355736,3.3695095000007274,874.5507509535613,56.2338041504198,184.63354472436828,False,127.90099999999995,11.249113976871683,-8.370108982861698,860.9764616089675,139.86409219169724,14.02146944444804,126.65164000001096,-1.2309967435045284,3.6871421754940386,-13.574289344593808,83.63028804127744
647114.0,-0.4203,-1.772,11.7202,0.0,-0.0018,9.8066,0.0898,-0.3966,0.2825,123.28,-88.32,-19.31,53.05292,-1.787137,14.78,4,125.76,20 / 22,12.417277702147466,-12.20776133528946,3.4253455000007538,875.7831716804768,55.0326860319838,184.9698900468685,False,128.0,11.160703924597653,-8.0858320893538,862.0748922545115,139.0714947547902,13.781944444444445,125.923,-1.2565737775498125,4.121929245935659,-13.708279425965316,84.0388087228064
647215.0,-0.478,-2.9806,10.3241,-0.0126,-0.0488,9.8064,0.0112,0.0093,-0.032,100.26,-88.67,-40.07,53.05292,-1.787137,14.78,4,125.76,20 / 22,12.22715478108872,-12.095412745387081,3.5481110000007527,877.0277155208802,53.805375740909646,185.32204960011856,False,128.101,11.240627906915638,-8.319670763747784,863.2089480389773,138.21874086281503,13.984636111106088,126.50634999997702,-0.9865268741730819,3.775741981639298,-13.81876748190291,84.41336512190537
647315.0,-1.3081,-1.0688,9.694,0.0009,-0.0074,9.8066,-0.1547,-0.2229,0.1619,96.0,-89.01,-43.23,53.05292,-1.787137,14.78,4,125.76,20 / 22,12.056197768717839,-11.975671845264554,3.5683510000007574,878.2418831483708,52.60182151137679,185.6778727001187,False,128.20100000000002,11.184161077301965,-7.822152883381643,864.325157834507,137.45093989383952,13.648161111117004,124.96860000003333,-0.8720366914158735,4.15351896188291,-13.916725313863822,84.84911838246273
647414.0,2.9982,-1.1893,10.1716,-0.08,-0.0523,9.8061,0.0619,0.1899,0.1037,105.23,-89.07,-33.86,53.05292,-1.787137,14.78,4,125.76,20 / 22,11.932024765617445,-12.035180129147145,3.580839850000749,879.4293001638196,51.41328433864422,186.03175764719356,False,128.29999999999995,11.18913574131137,-8.164344454681215,865.4302055320268,136.6363258612896,13.85111111110505,126.11699999996571,-0.7428890243060753,3.87083567446593,-13.999094631792786,85.22304152264539
647514.0,3.1381,1.25,6.619,0.0184,0.0121,9.8066,0.0292,-0.5362,0.2745,104.47,-88.71,-35.79,53.05292,-1.787137,14.78,4,125.76,20 / 21,11.874100512333925,-12.334774779317325,3.439704850000717,880.6196064277174,50.19478659322072,186.3827848821937,False,128.39999999999998,11.128349929592504,-7.930450986205851,866.5397314365636,135.84684188209118,13.66500000000275,125.47500000000949,-0.7457505827414206,4.404323793111474,-14.079874991153815,85.65205528887046
647614.0,0.7949,0.4306,8.563,-0.0358,-0.0531,9.8064,0.059,-0.4385,0.1885,117.67,-88.28,-20.81,53.05292,-1.787137,14.78,4,125.76,20 / 21,11.913000471618332,-12.55239142790466,3.2181398500006666,881.8089614769152,48.950428282859335,186.71567711719385,False,128.5,11.102938029452817,-8.29790144245509,867.6425734501197,135.0017604386443,13.86111111111111,126.773,-0.8100624421655152,4.254489985449569,-14.166388026795516,86.05133215578498
647714.0,5.0848,3.3522,10.2274,-0.0366,-0.0154,9.8065,0.0032,-0.2705,0.2028,122.32,-87.95,-16.96,53.05292,-1.787137,14.78,4,125.76,20 / 21,11.935435501913366,-12.909545909430655,3.1769948500006575,883.001383275592,47.67733141599228,187.035433852194,False,128.60000000000002,11.10955741646156,-8.05084678840253,868.7520993546561,134.21227646015387,13.71999999999954,125.9300000000011,-0.8258780854518069,4.858699121028124,-14.249283920935909,86.53494504416159
647814.0,-2.2111,-1.8998,9.569,-0.0281,-0.0148,9.8065,-0.0097,-0.4202,0.158,137.05,-88.2,-3.14,53.05292,-1.787137,14.78,4,125.76,20 / 21,11.97185805226727,-13.079176733004713,3.1861498500006493,884.1967479533,46.37789528387169,187.35359108719376,False,128.69999999999993,11.073981992602793,-8.046900138557906,869.8549413681981,133.40055349610603,13.688888888891391,126.00399999999875,-0.8978760596644779,5.032276594446808,-14.34180658510195,87.02265821223435
647914.0,5.5748,2.2971,10.2632,-0.0084,-0.0185,9.8066,0.0205,0.1488,0.0119,150.67,-88.27,11.37,53.05292,-1.787137,14.78,4,125.76,20 / 21,11.812935536220467,-13.184277292254896,3.197094850000652,885.3859876327247,45.06472258260841,187.6727533221939,False,128.79999999999995,11.151432859558753,-8.09010156944832,870.9711511636738,132.58883053140903,13.776944444441842,125.9600000000013,-0.6615026766617138,5.094175722806575,-14.414836469050897,87.52410794880062
648014.0,-2.3979,-0.4069,10.2674,-0.0115,-0.0079,9.8066,-0.0676,-0.1624,0.1248,123.81,-88.03,-17.35,53.05292,-1.787137,14.78,4,125.76,20 / 21,11.688811706897242,-13.321621963972357,3.2429598500006622,886.5610749948809,43.73942761979675,187.99475605719402,False,128.89999999999998,10.985686523900675,-8.108228745463466,872.0606253952297,131.77710756665294,13.653888888890709,126.42999999999306,-0.7031251829965672,5.213393218508891,-14.50044959965112,88.0376799468562
648114.0,-1.7543,-2.3068,10.4442,-0.0289,-0.0896,9.8062,-0.1543,0.6978,-0.258,93.28,-88.06,-46.15,53.05292,-1.787137,14.78,4,125.76,20 / 21,11.645169987512256,-13.120513931571423,3.297874850000675,887.7277740796017,42.41732082501926,188.32179779219416,False,129.0,10.958395607575051,-7.9833850060867455,873.1567835178187,130.9765040950297,13.558055555555555,126.074,-0.686774379937205,5.137128925484678,-14.570990561782992,88.55918327001044
648214.0,3.191,3.3555,10.0917,0.0736,0.0843,9.806,0.0387,0.3349,-0.2182,78.91,-87.69,-61.17,53.05292,-1.787137,14.78,4,125.76,20 / 21,11.747795874184579,-13.14789566545515,3.3440048500006854,888.8974223726867,41.10390034516763,188.6538917771943,False,129.10000000000002,10.969488593522847,-8.007302854823742,874.2462577493608,130.1759006234071,13.581111111109305,126.12799999999054,-0.7783072806617319,5.140592810631409,-14.65116462332594,89.07200027823947
648315.0,-0.9571,-2.1105,10.6319,0.0209,0.0253,9.8065,0.0163,0.0781,-0.06,79.21,-88.03,-57.83,53.05292,-1.787137,14.78,4,125.76,20 / 21,11.848600550881313,-13.240963694321271,3.400075000000685,890.0890403921526,39.77126294749893,188.99446780961938,False,129.20100000000002,10.959307501338808,-7.814813508340609,875.3533774531608,129.4005383987197,13.460230555559411,125.49170000001064,-0.8892930495425055,5.426150185980663,-14.735662938991823,89.62927545122076
648414.0,2.8525,1.2359,9.3796,0.0064,0.0053,9.8066,-0.0062,0.3336,-0.2008,78.25,-88.38,-62.36,53.05292,-1.787137,14.78,4,125.76,20 / 21,11.842651171970227,-13.334817383481662,3.4197859000006714,891.2617573524329,38.455761784148585,189.3320509241692,False,129.29999999999995,11.0167808111429,-7.962518439259359,876.4385739944045,128.59693266507088,13.593055555551588,125.85799999998906,-0.8258703608273272,5.372298944222303,-14.823183358028473,90.14117088092229
648514.0,0.1822,0.0984,9.7017,0.0362,0.0666,9.8063,0.0462,-0.1909,0.022,79.5,-88.65,-56.23,53.05292,-1.787137,14.78,4,125.76,20 / 21,11.955769892787163,-13.464976864100732,3.3931859000006654,892.451678405671,37.11577207176916,189.67269951416935,False,129.39999999999998,11.064547544598465,-7.673461580888378,877.5480998989672,127.84080716456343,13.46500000000189,124.7420000000165,-0.8912223481886983,5.791515283212354,-14.903578506703866,90.72503509279427
648614.0,2.4404,2.2209,9.9509,-0.0168,-0.0183,9.8066,-0.0311,0.2291,-0.0363,70.09,-88.13,-68.86,53.05292,-1.787137,14.78,4,125.76,20 / 21,12.12485397783212,-13.543813021518002,3.395150900000666,893.6557095992023,35.76533257748791,190.0121163541695,False,129.5,11.074267210840262,-7.805958997225456,878.6576258035036,127.06244267708466,13.54888888888889,125.179,-1.0505867669918576,5.737854024292545,-14.998083795698676,91.29711009959675
648714.0,-1.8909,-0.1629,9.6905,0.011,-0.0288,9.8065,0.106,-0.2851,0.1699,65.72,-88.0,-75.34,53.05292,-1.787137,14.78,4,125.76,20 / 21,12.240324875665639,-13.529783738752105,3.3965559000006667,894.8739685418775,34.4116527394741,190.35170169416966,False,129.60000000000002,10.866867586217593,-7.6053887027894165,879.7337322530855,126.29519768415304,13.263888888893163,124.9870000000027,-1.3734572894480461,5.9243950359626885,-15.140236288792039,91.88354494467893
648814.0,-3.061,-0.1656,11.2174,-0.0234,-0.0654,9.8064,0.0488,-0.0914,0.1614,54.95,-87.82,-83.86,53.05292,-1.787137,14.78,4,125.76,20 / 21,12.113901545327877,-13.316329053910756,3.461285900000608,896.0916798629261,33.069347099842176,190.69459378416943,False,129.69999999999993,11.078899258902,-7.806619377350834,880.8499420486268,125.51683319596843,13.553055555546482,125.1699999999825,-1.0350022864258772,5.509709676559923,-15.241737814299313,92.44748609612626
648914.0,-0.2001,-0.7403,10.1312,-0.0226,-0.0464,9.8065,0.0314,-0.0936,0.148,44.57,-87.18,-94.56,53.05292,-1.787137,14.78,4,125.76,20 / 21,11.99858187500894,-13.202552075135603,3.5480509000006277,897.2973040339432,31.743403043389556,191.04506062416957,False,129.79999999999995,10.899324983086949,-7.506032909384464,881.9327323891226,124.77182718864981,13.233888888898324,124.5540000000182,-1.099256891921991,5.696519165751139,-15.364571644820558,93.02842414526026
649014.0,-1.1101,-0.6086,10.5245,-0.028,-0.0328,9.8065,0.0633,-0.2428,0.0954,45.74,-86.8,-94.05,53.05292,-1.787137,14.78,4,125.76,20 / 21,11.916400434261561,-13.189785902236157,3.6001709000006397,898.4930531494069,30.42378614452067,191.4024717141697,False,129.89999999999998,10.94177419748471,-7.792596420309477,883.0222066206911,123.99346270187903,13.433055555552611,125.45799999998664,-0.9746262367768512,5.39718948192668,-15.47084652871581,93.56967655735835
649114.0,-0.3022,0.4872,10.5005,-0.0487,0.0148,9.8064,-0.0653,-0.0912,0.1393,52.81,-86.16,-88.61,53.05292,-1.787137,14.78,4,125.76,20 / 21,11.878520089035472,-13.131791600285831,3.670755900000656,899.6827991755721,29.10770726939427,191.76601805416985,False,130.0,10.886234738005223,-7.692775391823703,884.104996961266,123.22621770753273,13.33,125.247,-0.9922853510302492,5.439016208462128,-15.577802214306075,94.11851043813846
649214.0,-0.5031,-0.5517,9.8267,-0.0173,0.0384,9.8065,-0.128,0.089,-0.1365,47.1,-86.1,-91.44,53.05292,-1.787137,14.78,4,125.76,20 / 21,11.86399854779642,-13.092801346568818,3.706450900000664,900.8699251074139,27.796477622051242,192.13487839417,False,130.10000000000002,10.796951026318736,-7.441644612475223,885.1877873018673,122.48121169874508,13.11305555555635,124.57600000001288,-1.0670475214776847,5.651156734093595,-15.682137805546631,94.68473407669384
649314.0,-2.0029,-0.5924,8.5397,0.0455,0.0304,9.8064,0.0004,-0.0981,-0.0911,48.67,-86.58,-91.71,53.05292,-1.787137,14.78,4,125.76,20 / 21,11.7503782336132,-13.02447349286686,3.6441059000007208,902.0506439464833,26.490613880080645,192.5024062341697,False,130.19999999999993,10.726348751208926,-7.636351777555643,886.2572098604538,121.72508619823981,13.166944444446434,125.44799999998766,-1.0240294824042735,5.388121715311217,-15.793434086029492,95.23447231815916
649415.0,-1.5916,-0.0627,10.4998,0.0098,-0.0055,9.8066,0.0052,-0.0441,-0.0168,56.18,-86.63,-84.67,53.05292,-1.787137,14.78,4,125.76,20 / 21,11.626936119719192,-12.891127874577887,3.6151290000007212,903.2311983213266,25.1818760110247,192.86899759661978,False,130.30099999999993,10.84211790207053,-7.593673702209343,887.3508949432784,120.9505023394924,13.23690555555567,125.00688000002111,-0.7848182176486613,5.2974541723685435,-15.880303378048211,95.7686263284677
649514.0,-0.1305,1.0235,8.9963,-0.039,0.003,9.8065,-0.0459,-0.1585,0.1558,56.24,-86.74,-82.25,53.052258,-1.785594,15.13,4,126.81,20 / 21,11.632748869966004,-12.782836826171154,3.6093276000007184,904.3825527283166,23.911014758337025,193.22660819832,False,130.39999999999998,10.931544314359257,-7.457553100020183,888.4294744325315,120.22395468829401,13.233055555555612,124.30200000001052,-0.701204555606747,5.325283726150971,-15.953078295785076,96.312939929957
649616.0,-0.7668,-0.5993,9.3651,0.0049,0.0358,9.8066,-0.0438,-0.0395,-0.1682,64.16,-86.53,-77.37,53.052258,-1.785594,15.13,4,126.81,20 / 21,11.642741672655575,-12.71608133446397,3.545480700000734,905.56960274599,22.610569932144948,193.59150342162,False,130.50199999999995,10.70169207374864,-7.604044127847855,889.5136015513109,119.44180957448032,13.128133333333341,125.39552000000008,-0.9410495989069343,5.112037206616115,-16.056001194679084,96.83123964233536
649714.0,-0.4406,2.5268,10.257,0.0223,0.0387,9.8065,0.0041,0.0193,-0.2027,70.7,-86.81,-70.58,53.052258,-1.785594,15.13,4,126.81,20 / 21,11.725069503908228,-12.625700011097594,3.545911900000734,906.7146254936424,21.368822646211544,193.9389816590203,False,130.60000000000002,10.726230824507248,-7.505009155409665,890.5616356587657,118.71170368586807,13.091111111108656,124.98000000000745,-0.9988386794009809,5.120690855687929,-16.152989834876735,97.34288103965653
649814.0,-2.0724,1.514,11.1826,-0.0031,-0.0392,9.8065,0.0578,-0.2516,0.2339,69.16,-87.06,-71.56,53.052258,-1.785594,15.13,4,126.81,20 / 21,11.887009815217837,-12.43183060722557,3.6372269000006514,907.8952294595977,20.115946115296527,194.29813859902004,False,130.69999999999993,10.524538619373622,-7.5026469895204935,891.6110065443576,117.95557818536311,12.925000000001848,125.48399999999988,-1.3624711958442148,4.929183617705077,-16.284222915240093,97.83963207006659
649914.0,1.177,3.3033,11.3527,-0.0752,-0.1117,9.8056,0.1876,-0.1141,0.0753,55.49,-86.43,-85.67,53.052258,-1.785594,15.13,4,126.81,20 / 21,12.105187958390234,-12.253433484537913,3.783326900000685,909.0948393482784,18.881682910708072,194.66916628902018,False,130.79999999999995,10.577993058493856,-7.539639437957621,892.6670613208939,117.19945268420499,12.989999999998078,125.48000000000012,-1.5271948998963776,4.7137940465802926,-16.42777802738442,98.3177697734969
650014.0,-2.1274,0.4912,10.0325,-0.0083,-0.0097,9.8066,-0.0142,-0.1759,0.2182,51.08,-86.33,-91.66,53.052258,-1.785594,15.13,4,126.81,20 / 21,12.240165535369053,-12.098329906199059,3.871921900000705,910.3121070229666,17.664094741170945,195.05192872902035,False,130.89999999999998,10.609586504243802,-7.581442752467931,893.7231160974937,116.44332718299184,13.039999999999262,125.54899999999898,-1.6305790311252508,4.516887153731128,-16.5889909254729,98.7792324418209
650114.0,-5.7662,-3.8865,10.7008,-0.0241,0.024,9.8065,-0.1919,0.5697,-0.3684,50.54,-86.04,-90.3,53.052258,-1.785594,15.13,4,126.81,20 / 21,11.871922439498883,-11.888642387014809,3.927921900000718,911.5177114217103,16.46474612650998,195.4419209190205,False,131.0,10.712784612658528,-7.628103912478962,894.7992225470613,115.67608218864589,13.151111111111112,125.453,-1.1591378268403556,4.2605384745358466,-16.718488874648983,99.21133606213591
650214.0,-1.1513,0.8762,8.7073,0.0672,0.1317,9.8055,-0.0617,0.4805,-0.4236,60.53,-86.86,-78.0,53.052258,-1.785594,15.13,4,126.81,20 / 21,11.562144522289225,-11.706607063303514,3.9176619000007156,912.6894147697999,15.284983653993795,195.83420010902066,False,131.10000000000002,10.728058828994314,-7.653097541970835,895.8686451056882,114.90883719429993,13.178055555554579,125.50300000000072,-0.8340856932949112,4.053509521332678,-16.820769664111708,99.62385354030614
650314.0,-5.2234,0.2601,9.9407,0.0838,0.0908,9.8058,0.0755,0.3359,-0.3872,69.0,-87.24,-73.55,53.052258,-1.785594,15.13,4,126.81,20 / 21,11.505824800414358,-11.37751007239909,3.8693969000007593,913.842813235934,14.130777797209713,196.22355304902038,False,131.19999999999993,10.66772267402239,-7.623829750483067,896.9246998823138,114.15271169379467,13.11194444444462,125.5520000000026,-0.8381021263919681,3.753680321916023,-16.918113353620242,100.02193389658495
650414.0,1.3168,4.3696,9.784,0.0638,0.0512,9.8063,-0.0502,0.5102,-0.3722,69.11,-87.53,-72.99,53.052258,-1.785594,15.13,4,126.81,20 / 21,11.667948843508645,-11.104839909590435,3.8749669000007607,915.0015019181304,13.006660298109981,196.61077123902055,False,131.29999999999995,10.660566957439446,-7.644324280444119,897.9941224408102,113.38546669950436,13.118055555555374,125.64299999999731,-1.007381886069199,3.4605156291463164,-17.007379477320228,100.37880640139439
650514.0,-0.8776,0.9068,10.9594,0.0425,0.054,9.8064,0.041,0.2834,-0.1626,74.87,-88.05,-66.31,53.052258,-1.785594,15.13,4,126.81,20 / 21,11.94419930688078,-11.027297740868695,3.9314719000007736,916.1821093256501,11.900053415586774,197.00109317902073,False,131.39999999999998,10.69003281634816,-7.704223729705137,899.0568611084439,112.61822170586557,13.176944444443572,125.77999999999798,-1.2541664905326204,3.323074011163558,-17.125248217206263,100.7181682902788
650614.0,2.1375,4.6743,8.7506,0.0555,0.0635,9.8062,-0.134,0.5939,-0.3823,74.25,-87.7,-67.65,53.052258,-1.785594,15.13,4,126.81,20 / 21,12.24712100093194,-11.006302542971836,3.936306900000775,917.391675341041,10.798373401394496,197.3944821190209,False,131.5,10.745788867652676,-7.802975176932949,900.1329675580248,111.83985721980127,13.28,125.985,-1.5013321332792646,3.203327366038887,-17.258707783016234,101.04148381840677
650714.0,-4.078,-0.0077,10.7862,0.04,0.0771,9.8062,0.1092,0.0843,-0.1681,87.0,-88.11,-52.21,53.052258,-1.785594,15.13,4,126.81,20 / 21,12.507129925152709,-10.837722066959108,3.932481900000774,918.6293878873455,9.7061721708977,197.78792155902107,False,131.60000000000002,10.738393744658339,-7.750188399789154,901.2090740076058,111.06149273232201,13.243055555556042,125.81900000000323,-1.7687361804943702,3.0875336671699536,-17.42031387973975,101.3553205614243
650814.0,3.4013,5.2865,8.6344,0.025,0.0046,9.8066,-0.1382,0.5408,-0.2556,87.43,-88.7,-52.54,53.052258,-1.785594,15.13,4,126.81,20 / 21,12.78537426677009,-10.789738739162274,3.9228469000007826,919.8940130969405,8.624799130592613,198.1806879990208,False,131.69999999999993,10.73555798700379,-7.810436667839713,902.2784965662056,110.2720087538331,13.276111111114433,126.03699999999233,-2.049816279766299,2.9793020713225618,-17.615516530734908,101.64720962324049
650914.0,-3.1731,-1.6076,10.2129,0.0466,0.0492,9.8064,-0.0321,-0.2851,0.2226,93.85,-89.14,-45.16,53.052258,-1.785594,15.13,4,126.81,20 / 21,13.005214301642436,-10.782720621393123,3.8845469000007737,921.1835425253614,7.546176162564598,198.57105768902096,False,131.79999999999995,10.867133258413153,-7.828112918066241,903.3679707977084,109.49364426711797,13.393055555552099,125.76700000000798,-2.138081043229283,2.9546077033268823,-17.815571727653037,101.94746810455338
651014.0,0.4717,0.8218,9.8063,-0.0253,-0.0489,9.8064,0.0605,0.0714,-0.0754,93.87,-89.19,-45.03,53.052258,-1.785594,15.13,4,126.81,20 / 21,12.992850640787513,-10.644961213127111,3.9048419000007786,922.4834457724833,6.474792070838343,198.96052712902113,False,131.89999999999998,10.904943793790586,-7.9208700540329655,904.4574450292769,108.69304079478822,13.478055555554299,125.99299999999666,-2.087906846996926,2.7240911590941455,-18.026000743206396,102.21824872394987
651114.0,0.9163,1.0053,10.0105,0.0278,0.0068,9.8066,0.1108,-0.1711,0.1275,81.88,-89.1,-57.21,53.052258,-1.785594,15.13,4,126.81,20 / 21,13.1060330870905,-10.707312278461574,3.915016900000781,923.7883899588775,5.407178396258666,199.3515200690213,False,132.0,10.958293634787175,-7.9783347644594915,905.5536031518126,107.89243732387244,13.555,126.057,-2.147739452303325,2.728977514002082,-18.234786807064893,102.48525892761377
651214.0,0.1701,0.926,11.2483,-0.0112,-0.0377,9.8065,0.0624,0.0233,0.0182,62.24,-88.85,-81.29,53.052258,-1.785594,15.13,4,126.81,20 / 21,13.223326989417867,-10.724685513319416,3.9972919000008,925.1048579627031,4.335578506669373,199.74713550902146,False,132.10000000000002,11.03206365363725,-8.033222529712646,906.6564451653819,107.0918338515417,13.646944444445687,126.06100000000534,-2.191263335780617,2.6914629836067707,-18.448412797321225,102.75625534487232
651314.0,-1.053,-1.9191,9.4817,-0.0004,-0.029,9.8066,-0.0967,0.2088,0.0276,41.96,-88.44,-97.4,53.052258,-1.785594,15.13,4,126.81,20 / 21,13.177763171263816,-10.734870637910102,4.053126900000749,926.424912470736,3.262600699108873,200.14965644902117,False,132.19999999999993,11.048956626632721,-8.152543763052039,907.7526032879431,106.26899139506885,13.731111111111506,126.42199999999664,-2.128806544631095,2.5823268748580634,-18.6723091827929,103.00639069595998
651414.0,1.9845,1.4514,7.6648,-0.0023,0.0716,9.8064,-0.1765,0.492,-0.2237,49.3,-88.2,-86.52,53.052258,-1.785594,15.13,4,126.81,20 / 21,13.20572050077748,-10.785446914806814,3.929786900000721,927.7440866543384,2.186584821472782,200.54880213902132,False,132.29999999999995,11.076916127306722,-8.137994477056425,908.8554453014323,105.46838792279668,13.744999999999589,126.30400000000348,-2.128804373470757,2.6474524377503883,-18.88864135290612,103.2818031013239
651514.0,-3.941,0.5829,12.4741,-0.0416,0.0301,9.8065,0.0079,-0.1648,0.0449,60.28,-87.9,-80.78,53.052258,-1.785594,15.13,4,126.81,20 / 20,13.266570896751249,-10.616332144443344,3.956066900000727,929.0677012242152,1.1164958685100308,200.94309482902148,False,132.39999999999998,11.124773511488808,-8.222888550148546,909.9716550969622,104.64554546561561,13.833888888887573,126.46999999999754,-2.141797385262441,2.393443594294798,-19.096046127252976,103.52904959710558
651614.0,0.2736,3.0406,9.4813,0.1391,0.1069,9.805,-0.0494,0.241,-0.508,54.24,-88.36,-90.02,53.052258,-1.785594,15.13,4,126.81,20 / 20,13.339586957728226,-10.342128072436273,4.073171900000753,930.3980091169394,0.06857285766581178,201.34455676902164,False,132.5,11.228583999722124,-8.306289091729342,911.0945487834595,103.81158351600838,13.966944444444445,126.492,-2.111002958006102,2.035838980706931,-19.30346033347996,103.74301065834257
651714.0,2.38,0.803,11.2401,0.0902,-0.0781,9.8059,0.1622,0.1286,-0.1326,311.31,-88.71,169.76,53.052258,-1.785594,15.13,4,126.81,20 / 20,13.518906585059804,-10.137423964745926,4.128576900000766,931.7409337940792,-0.9554047441935309,201.75464420902182,False,132.60000000000002,11.386703677911433,-8.51121580474023,912.2241263610041,102.9553825801357,14.216111111109926,126.7769999999808,-2.132202907148372,1.626208160005696,-19.516807433075087,103.91078732432923
651814.0,-1.3252,-3.2246,7.742,0.0758,0.1005,9.8058,-0.1115,-0.0189,-0.1499,286.15,-87.71,145.32,53.052258,-1.785594,15.13,4,126.81,20 / 20,13.68784707029618,-10.123055116674003,4.097016900000795,933.1012714768458,-1.9684286982636061,202.16592389902152,False,132.69999999999993,11.511578560540203,-8.204461980550606,913.3737556114621,102.14365961608723,14.136111111115026,125.4780000000156,-2.1762685097559764,1.9185931361233965,-19.72751586538368,104.11208831435084
651914.0,0.2153,-1.0424,8.7528,-0.0609,0.0301,9.8063,-0.3478,0.7245,-0.4635,281.72,-87.95,140.09,53.052258,-1.785594,15.13,4,126.81,20 / 20,13.85994901729848,-10.228849659501783,3.9410919000007594,934.4786612812259,-2.986023937072627,202.5678293390217,False,132.79999999999995,11.543863719305826,-8.395422231330807,914.5300687528841,101.30969766654053,14.273888888884816,126.02699999998377,-2.316085297992654,1.8334274281709764,-19.948592528341806,104.29572160361316
652014.0,2.1635,4.6145,7.4712,-0.0181,0.1101,9.806,-0.2272,0.3233,-0.1015,254.05,-88.38,115.87,53.052258,-1.785594,15.13,4,126.81,20 / 20,13.644469559102092,-10.19044262690401,3.771626900000721,935.8538822100462,-4.006988551393149,202.95346527902186,False,132.89999999999998,11.586358943778338,-8.421999722580209,915.6796980033832,100.46461622380049,14.32388888888815,126.01300000000022,-2.058110615323754,1.768442904323802,-20.17418420666297,104.47160477519364
652114.0,-1.6996,0.0688,9.3182,0.0017,0.0205,9.8066,-0.001,0.1455,-0.086,223.12,-88.49,83.7,53.052258,-1.785594,15.13,4,126.81,20 / 20,13.438796182123513,-10.220618134192206,3.630431900000689,937.2080454971078,-5.027541589448192,203.323568219022,False,133.0,11.622336605380147,-8.462731437891827,916.8360111448627,99.61953478176744,14.376944444444444,126.06,-1.816459576743366,1.7578866963003783,-20.372034352245123,104.64707637121563
652214.0,-0.2891,1.7072,10.8761,0.0536,0.0065,9.8065,0.0787,0.1363,-0.1466,224.84,-88.72,85.12,53.052258,-1.785594,15.13,4,126.81,20 / 20,13.437362008709785,-10.36576620391332,3.6594819000006953,938.5518534066498,-6.056860806353702,203.68806390902216,False,133.10000000000002,11.729886876053001,-8.600394111612218,918.0123759593233,98.75221435276111,14.545000000001876,126.2489999999988,-1.7074751326567839,1.765372092301103,-20.539477447326476,104.80907515911481
652314.0,-0.1941,1.0013,11.2908,0.029,-0.0204,9.8065,0.0864,-0.0116,-0.0773,249.17,-88.43,108.28,53.052258,-1.785594,15.13,4,126.81,20 / 20,13.330391636035262,-10.474072162652392,3.787161900000579,939.8902410888859,-7.0988527246810404,204.0603960990219,False,133.19999999999993,11.844514657069686,-8.658719669758522,919.1887407737835,97.88489392587773,14.671944444449135,126.16799999999452,-1.4858769789655764,1.8153524928938705,-20.701500315102408,104.98374665055877
652414.0,-1.1173,-3.8943,10.1868,0.0581,-0.0085,9.8065,0.0988,-0.2137,0.04,262.18,-87.91,123.12,53.052258,-1.785594,15.13,4,126.81,20 / 20,13.470888989024601,-10.535659624272002,3.8803769000006003,941.2303051201392,-8.149339314027499,204.44377303902203,False,133.29999999999995,12.007144284064685,-8.715698858326784,920.3918411521051,97.01757349764183,14.836944444439565,125.97500000000569,-1.4637447049599164,1.8199607659452184,-20.838463968034034,105.16691281166933
652514.0,1.2512,0.8316,9.278,-0.0185,-0.0052,9.8066,-0.0522,0.344,-0.2345,261.57,-87.79,122.77,53.052258,-1.785594,15.13,4,126.81,20 / 20,13.60377911369989,-10.512776867887423,3.8729519000005985,942.5840385252757,-9.201761138635709,204.83143947902218,False,133.39999999999998,11.937095253666614,-8.843630151163053,921.57488985756,96.12801408449216,14.856111111110827,126.53299999999176,-1.6666838600332756,1.66914671672437,-21.009148667715635,105.32977522312787
652614.0,2.7914,2.9137,9.6577,0.0258,0.0512,9.8064,-0.0438,-0.0046,-0.0284,254.96,-87.84,115.59,53.052258,-1.785594,15.13,4,126.81,20 / 20,13.359569555052216,-10.365130698286354,3.839071900000591,943.9322059587136,-10.245656516944635,205.21704066902234,False,133.5,11.901417755257336,-8.884622062626502,922.7646224539816,95.23845467204917,14.851944444444444,126.742,-1.45815179979488,1.4805086356598522,-21.167583504731965,105.48411118899381
652714.0,-0.4005,-0.4291,8.9937,0.0261,0.0282,9.8065,-0.0678,0.4342,-0.2072,246.78,-87.74,105.29,53.052258,-1.785594,15.13,4,126.81,20 / 20,13.194089901500046,-10.285355350539975,3.7909769000005804,945.2598889315415,-11.278180819386186,205.59854310902247,False,133.60000000000002,12.000012135468925,-8.859462705360851,923.9610389414106,94.3600147513245,14.916111111113443,126.43799999998878,-1.1940777660311213,1.4258926451791236,-21.29884999013086,105.63819557071068
652814.0,6.5919,3.488,9.9506,0.0376,0.0589,9.8063,-0.0482,0.5707,-0.3756,243.8,-87.96,103.8,53.052258,-1.785594,15.13,4,126.81,20 / 20,12.90427132410346,-10.085389803145427,3.757526900000611,946.5648069928204,-12.29671807706953,205.97596829902218,False,133.69999999999993,12.24463346231229,-8.791534428538565,925.1841909928133,93.48157482989416,15.07388888888855,125.67799999998078,-0.65963786179117,1.2938553746068617,-21.38061600000708,105.77829290696369
652914.0,1.5631,2.7108,9.3987,0.0846,0.0389,9.8062,0.2618,-0.9817,0.5217,240.78,-87.84,98.76,53.052258,-1.785594,15.13,4,126.81,20 / 20,12.430878365161398,-9.874231520378117,3.744326900000608,947.8315644772839,-13.294699143245934,206.35106098902233,False,133.79999999999995,12.337721010968101,-8.639607091937503,926.4207108261145,92.62537389549775,15.061944444444798,125.00200000001998,-0.09315735419329663,1.2346244284406147,-21.41085365116942,105.92007303874368
653014.0,6.8264,5.5079,10.0655,-0.0145,-0.1657,9.8052,0.4406,0.1747,-0.2381,259.01,-87.95,119.82,53.052258,-1.785594,15.13,4,126.81,20 / 20,11.923128667222036,-9.597091136948816,3.7368719000006063,949.0492648289033,-14.268265276112501,206.72512092902247,False,133.89999999999998,12.26297357342906,-8.736764569362562,927.6371789864851,91.74693397477374,15.056944444444518,125.46799999999311,0.33984490620702346,0.8603265675862541,-21.412085842418264,106.01519925088624
653115.0,3.9895,1.9025,8.8938,0.0902,0.0447,9.8061,0.2893,-1.4961,0.4475,257.56,-87.35,115.33,53.052258,-1.785594,15.13,4,126.81,20 / 20,11.429946689835115,-9.140843103749502,3.7038449000006066,950.2285951344347,-15.214530955267758,207.10087712742254,False,134.00099999999998,12.382190993328965,-8.848892788169632,928.8860640182359,90.84847896749228,15.219119444444441,125.55136999999999,0.9522443034938508,0.2919503155798697,-21.34253111619887,106.06300992276005
653215.0,-8.9862,-8.6126,9.8689,-0.1211,-0.1014,9.8054,0.1681,-1.2546,0.7003,253.18,-86.54,110.69,53.052258,-1.785594,15.13,4,126.81,20 / 20,11.819576329828184,-9.278005499622546,3.661314900000597,951.3910712854182,-16.13547338543657,207.46913511742267,False,134.101,12.364722879128811,-8.912825162658905,930.1225838516136,89.95880835941753,15.24220555555594,125.78507999999864,0.5451465493006271,0.3651803369636415,-21.26848743380458,106.0942817448541
653315.0,4.629,4.9831,8.7249,-0.0874,-0.0776,9.8059,-0.0209,-0.4248,0.2306,252.26,-86.89,108.39,53.052258,-1.785594,15.13,4,126.81,20 / 20,12.037521264419388,-9.445712664184185,3.610339900000586,952.5839261651308,-17.071659293627118,207.8327178574228,False,134.20100000000002,12.401503817637762,-8.908102126930162,931.3592373627977,89.05824064876678,15.269305555559148,125.6900299999886,0.36398255321837425,0.5376105372540234,-21.224688802333162,106.1298999423939
653415.0,-6.4028,-5.74,9.7826,-0.0314,-0.0232,9.8066,0.1308,-1.0981,0.5382,245.27,-86.28,102.34,53.052258,-1.785594,15.13,4,126.81,20 / 20,12.108385717945763,-9.479760923189662,3.555049900000636,953.791221514248,-18.01793297299495,208.19098734742255,False,134.30099999999993,12.563067789615006,-8.893769926481506,932.6091918169813,88.16879243060548,15.392525000001573,125.29581000000353,0.454682071669243,0.5859909967081567,-21.182029697266785,106.18672540360043
653515.0,1.6199,-1.2497,10.0787,-0.0834,-0.1038,9.8057,-0.1238,0.4057,-0.2226,250.79,-86.54,107.61,53.052258,-1.785594,15.13,4,126.81,20 / 20,12.519526887155065,-9.561500945484482,3.567449900000639,955.0226171445033,-18.969996066428873,208.5471123374227,False,134.40099999999995,12.537504735546328,-8.83770722157469,933.8655628065978,87.29024131495673,15.339300000001039,125.1800799999969,0.01797784839126315,0.7237937239097931,-21.157054337905493,106.26023738138561
653616.0,-4.3376,-5.3738,9.4505,-0.0067,0.0288,9.8065,0.0128,-0.4112,0.3625,246.89,-86.67,105.7,53.052258,-1.785594,15.13,4,126.81,20 / 20,12.871679025326843,-9.566369732997961,3.563202850000639,956.3048730430836,-19.935953535692228,208.90721030129777,False,134.50199999999995,12.450123992680261,-8.843856184833703,935.1145815161549,86.39178630767512,15.271522222222208,125.38779999999998,-0.421555032646582,0.7225135481642582,-21.190291526928718,106.32773984336734
653715.0,0.4869,-0.6178,9.728,-0.1053,-0.0101,9.806,-0.0816,0.4488,-0.1193,243.54,-87.37,98.27,53.052258,-1.785594,15.13,4,126.81,20 / 20,13.201984729592034,-9.632997147742941,3.541680250000629,957.5955193989527,-20.88632219628935,209.258902014748,False,134.601,12.49717179727102,-8.905682700420439,936.3453532032566,85.51112248864901,15.345699999999397,125.47426999999746,-0.7048129323210137,0.7273144473225024,-21.25016619569601,106.39744468493836
653814.0,3.3933,1.1163,9.6027,0.0257,0.047,9.8065,-0.0567,-0.0101,-0.0513,235.14,-87.77,90.48,53.052258,-1.785594,15.13,4,126.81,20 / 20,13.063020933649362,-9.501798779317738,3.5276915500006387,958.8956371792822,-21.833494594678207,209.60883591884783,False,134.69999999999993,12.490522722489024,-8.8447649555556,937.5761248903572,84.63045866893074,15.305000000001279,125.30300000000454,-0.5724982111603385,0.6570338237621378,-21.31951228892501,106.46395326360894
653914.0,-0.7741,-1.453,9.9255,0.0081,-0.0006,9.8066,0.0186,0.3182,-0.1917,229.51,-87.81,87.06,53.052258,-1.785594,15.13,4,126.81,20 / 20,12.987582948095113,-9.388795725398543,3.5234365500006377,960.1981673733696,-22.778024319914238,209.96139232384797,False,134.79999999999995,12.502426875339333,-8.905718512660943,938.8260125056715,83.74089925584514,15.34999999999867,125.46299999999526,-0.48515607275578,0.48307721273759974,-21.3721548676981,106.51892357575937
654014.0,3.7082,0.2883,11.2046,0.0384,0.0128,9.8065,0.079,0.3446,-0.3139,229.75,-87.75,87.42,53.052258,-1.785594,15.13,4,126.81,20 / 20,12.924686130949107,-9.251527426635153,3.599276550000655,961.4937808273221,-23.710040477516134,210.31752797884812,False,134.89999999999998,12.374307962402025,-8.964089605289836,940.0558484480296,82.84022035097682,15.280000000001035,125.91999999999325,-0.5503781685470823,0.2874378213453177,-21.437932379292533,106.55026082849295
654114.0,-0.7774,-1.9615,9.6221,0.085,0.0322,9.8061,-0.0232,-0.0458,-0.0618,232.64,-87.39,89.24,53.052258,-1.785594,15.13,4,126.81,20 / 20,12.882609547896392,-9.103027910166963,3.6599465500006687,962.7841456112646,-24.62776824435645,210.68048913384825,False,135.0,12.283665632559297,-9.104705301517543,941.2790004994467,81.9173024591352,15.29,126.546,-0.5989439153370952,-0.001677391350579427,-21.50514511181791,106.54507070349165
654214.0,1.909,1.4488,11.1372,-0.0039,-0.0019,9.8066,0.0494,0.2424,-0.1889,235.78,-87.44,89.96,53.052258,-1.785594,15.13,4,126.81,20 / 20,12.857125612841402,-9.047845680861743,3.7172465500006817,964.0711323693018,-25.53531192390809,211.04934878884842,False,135.10000000000002,12.246158154759007,-9.17363677519403,942.4954686598434,81.0055040611334,15.301111111110949,126.83699999999659,-0.6109674580823956,-0.1257910943322873,-21.575663709458468,106.54081598504149
654314.0,-2.9666,-3.1864,9.6823,0.0582,0.0178,9.8064,-0.0032,-0.2486,0.1092,234.71,-87.15,89.37,53.052258,-1.785594,15.13,4,126.81,20 / 20,12.945624049871647,-9.050072110466413,3.777556550000627,965.3612698524363,-26.440207813473673,211.42408894384815,False,135.19999999999993,12.2741244739321,-9.117563731522338,943.7186207112456,80.08258617000047,15.28999999999838,126.6059999999978,-0.6714995759395475,-0.06749162105592532,-21.642649141190645,106.52279398347414
654414.0,-0.9573,-2.0852,10.6614,0.0006,-0.0264,9.8066,0.0558,0.0943,-0.1306,234.53,-87.05,89.35,53.052258,-1.785594,15.13,4,126.81,20 / 20,13.260511120748253,-9.069117773338814,3.8140765500006353,966.6715766109676,-27.34616730766414,211.8036705988483,False,135.29999999999995,12.240608479879226,-9.067165246150644,944.9417727625338,79.18190726378269,15.23305555555724,126.52900000000227,-1.0199026408690273,0.0019525271881697392,-21.72980384843379,106.52807457144684
654514.0,-1.8501,-2.1329,10.6767,0.0323,0.0195,9.8066,0.1085,-0.2129,-0.0381,237.34,-86.83,92.79,53.052258,-1.785594,15.13,4,126.81,19 / 20,13.49910932939255,-9.07914292521162,3.900316550000655,968.009557633475,-28.253580342591867,212.18939025384844,False,135.39999999999998,12.040625733418183,-9.217746914639493,946.1381892499631,78.25898937264873,15.163888888889911,127.4359999999866,-1.458483595974366,-0.13860398942787278,-21.87136838351182,106.5125697152406
654614.0,1.4642,1.3983,8.5547,0.0239,0.0248,9.8066,-0.135,0.1314,-0.1077,239.6,-86.25,93.74,53.052258,-1.785594,15.13,4,126.81,19 / 20,13.52718779346837,-9.08230039688977,3.881221550000651,969.3608724896184,-29.161652508697145,212.5784671588486,False,135.5,11.87507715019061,-9.229525593280556,947.3212379554444,77.33607148151411,15.04,127.855,-1.6521106432777604,-0.14722519639078513,-22.039634534173956,106.49772399021126
654715.0,2.333,1.2035,9.9921,0.0063,0.0591,9.8064,-0.0352,-0.463,0.2017,232.84,-85.68,89.38,53.052258,-1.785594,15.13,4,126.81,19 / 20,13.295296810992925,-9.008316717982972,3.8273633000006515,970.7154079621437,-30.07522867299821,212.96775069377367,False,135.601,11.675667834237451,-8.884588458861057,948.4957981193056,76.43783886478866,14.671644444442371,127.26926999999746,-1.6196289767554735,0.12372825912191487,-22.219609842838054,106.51306753778687
654815.0,1.3723,-0.5748,10.0906,-0.023,0.0134,9.8066,-0.0346,-0.147,0.0221,231.95,-85.49,86.79,53.052258,-1.785594,15.13,4,126.81,19 / 20,13.144143292091767,-8.89200270921335,3.850833300000657,972.0373799672982,-30.97024464435823,213.35166052377383,False,135.70100000000002,11.590408425291333,-8.76611116437121,949.6520444218871,75.57029604663406,14.532113888889375,127.10111000000894,-1.5537348668004345,0.12589154484213871,-22.385335545411067,106.54054069099229
654915.0,0.845,-0.7529,8.0011,0.0082,-0.0154,9.8066,-0.1701,-0.2791,0.2525,234.23,-85.44,89.44,53.052258,-1.785594,15.13,4,126.81,19 / 20,13.11711249379889,-8.775858228789298,3.774753300000726,973.3504427565915,-31.85363769125756,213.73293985377356,False,135.80099999999993,11.553752056182665,-8.838303374830911,950.8013394777403,74.68073663284858,14.546650000006638,127.41508999998194,-1.5633604376162253,-0.06244514604161289,-22.54910327885125,106.53437432410614
655015.0,-1.4202,-1.756,7.4948,-0.1061,0.0073,9.806,-0.0224,-0.3713,0.2796,229.98,-85.8,84.04,53.052258,-1.785594,15.13,4,126.81,19 / 20,13.222855500813841,-8.729600304056357,3.5688833000006794,974.6674411563224,-32.72891061790004,214.10012168377372,False,135.90099999999995,11.282822974444773,-8.822985121397025,951.9173487565412,73.79128841462234,14.322969444447462,128.0249299999897,-1.9400325263690679,-0.09338481734066839,-22.750092399781238,106.52019903252238
655115.0,-2.953,1.3445,8.4809,-0.0892,0.0089,9.8062,-0.1409,-0.2252,0.2901,204.78,-86.27,61.42,53.052258,-1.785594,15.13,4,126.81,19 / 20,13.432356485423446,-8.865104927181042,3.387003300000638,976.0002017556346,-33.60864587946211,214.44791601377386,False,136.00099999999998,11.017925234668517,-8.830430739926708,953.0133732012843,72.91284849390475,14.119886111111128,128.71079,-2.4144312507549284,0.03467418725433369,-22.98682855435038,106.52149437336686
655215.0,-2.5075,-3.8691,9.6903,-0.0646,-0.0552,9.8062,0.1187,-0.5411,0.318,193.35,-86.03,48.42,53.052258,-1.785594,15.13,4,126.81,19 / 20,13.70060643681499,-8.84591351012498,3.3148983000006216,977.3568499017468,-34.49419680132761,214.783011093774,False,136.101,10.860314470877691,-8.69784008040156,954.0960298640911,72.03474215866774,13.913980555552426,128.69065000000094,-2.8402919659372987,0.14807342972341964,-23.260820037655776,106.52893895999534
655315.0,0.6033,0.0235,10.2031,-0.0622,-0.0613,9.8062,0.0844,-0.0359,0.021,185.06,-86.62,38.55,53.052258,-1.785594,15.13,4,126.81,19 / 20,13.835826591993305,-8.702833345287978,3.3289033000006247,978.7336715531876,-35.37163414409846,215.11520117377415,False,136.20100000000002,10.68544068908524,-8.574246706230202,955.1653855837284,71.18999430140197,13.700255555547509,128.7441499999688,-3.1503859029080648,0.1285866390577759,-23.568285969459225,106.56162844550042
655415.0,-0.2649,-0.0073,9.9906,0.0011,-0.0609,9.8065,0.093,-0.1489,0.1888,185.81,-87.07,41.29,53.052258,-1.785594,15.13,4,126.81,19 / 20,13.818770532445136,-8.72010160799399,3.3579233000005986,980.1164014094082,-36.24278089176176,215.4495425037739,False,136.30099999999993,10.62311139450751,-8.203074312002293,956.2279237345417,70.37816014108817,13.421663888893015,127.675059999985,-3.195659137937625,0.5170272959916975,-23.88847767486652,106.62094103284994
655514.0,2.3193,-1.0077,11.7156,-0.015,-0.0019,9.8066,0.0638,-0.3065,0.1912,190.37,-87.01,44.48,53.052258,-1.785594,15.13,4,126.81,20 / 21,13.726968755270462,-8.668902677930184,3.461521850000647,981.4799155041508,-37.10353660391541,215.7871050386991,False,136.39999999999998,10.44267577161304,-8.210494914520448,957.2601838592477,69.56354610917832,13.283888888890946,128.17599999999254,-3.284292983657423,0.45840776340973655,-24.21973164490305,106.66708271309372
655614.0,-2.2147,-0.2142,10.2573,-0.0396,-0.0317,9.8064,-0.0552,-0.2265,0.2077,194.3,-87.17,46.96,53.052258,-1.785594,15.13,4,126.81,20 / 21,13.729663897781712,-8.633067412207017,3.579501850000674,982.8527471368037,-37.96863510842247,216.13915622369925,False,136.5,10.143741055008741,-8.202227893013589,958.2694513989051,68.7407036527039,13.045,128.959,-3.5859228427729715,0.43083951919342844,-24.583295737898652,106.70933876112636
655714.0,-1.8356,-2.3152,10.6476,-0.0198,-0.015,9.8066,-0.0005,-0.1942,0.259,190.64,-87.41,45.43,53.052258,-1.785594,15.13,4,126.81,20 / 21,13.948894274050213,-8.5708406771768,3.644081850000689,984.2366750453956,-38.828830512891855,216.50033540869939,False,136.60000000000002,9.943145044980382,-7.786058128629139,959.2586672655941,67.97345865835746,12.628888888889229,128.0630000000026,-4.005749229069831,0.7847825485476614,-24.978007779801487,106.80228917124931
655814.0,2.4503,0.0157,9.6761,-0.0334,-0.0467,9.8064,0.0315,-0.1373,0.0204,196.26,-87.22,53.72,53.052258,-1.785594,15.13,4,126.81,20 / 21,13.940041723404736,-8.45803648348527,3.6796018500006564,985.6311218452671,-39.68027437092418,216.8665195936991,False,136.69999999999993,9.937153100865121,-7.831008011434653,960.2478831322823,67.18397467845486,12.651944444439698,128.23999999997005,-4.002888622539615,0.6270284720506165,-25.38323871298485,106.86424904937904
655914.0,0.9847,0.11,10.1594,0.0431,-0.0004,9.8065,-0.0363,-0.1816,0.08,209.88,-87.26,64.1,53.052258,-1.785594,15.13,4,126.81,20 / 21,13.77131584136484,-8.4215172005195,3.690711850000659,987.0166897235059,-40.52425205512461,217.23503527869926,False,136.79999999999995,9.946520156580029,-7.545989780994198,961.243782889919,66.43896867113624,12.485000000004936,127.18600000003116,-3.824795684784812,0.8755274195253016,-25.772906833586944,106.96322072626086
656014.0,-0.7172,-0.8126,9.4192,-0.0048,-0.0031,9.8066,0.0326,-0.0732,-0.0283,211.26,-86.87,68.06,53.052258,-1.785594,15.13,4,126.81,20 / 21,13.769963670462149,-8.401680828718966,3.6889768500006586,988.3937536990976,-41.365411956586726,217.60401971369942,False,136.89999999999998,9.671233619709792,-7.52857887260131,962.1995793016803,65.68284316850877,12.256111111114492,127.89899999998946,-4.098730050752357,0.8731019561176563,-26.194174397417328,107.0482551250955
656114.0,3.2868,4.0419,9.0746,-0.0228,-0.0006,9.8065,-0.1473,0.2709,-0.1049,212.06,-86.68,67.31,53.052258,-1.785594,15.13,4,126.81,20 / 21,13.567187108806808,-8.485497072018452,3.633001850000646,989.7606112380614,-42.20977085162379,217.97011864869955,False,137.0,9.83318879351401,-7.4573065920545725,963.1821112773885,64.93783716113577,12.34111111111111,127.176,-3.733998315292798,1.0281904799638797,-26.578499960672957,107.14760801275956
656214.0,1.7478,-0.0606,8.8515,-0.0058,0.0265,9.8066,-0.0631,0.1398,-0.0143,210.25,-87.05,64.84,53.052258,-1.785594,15.13,4,126.81,20 / 21,13.238849900797112,-8.53886188818914,3.5486418500006267,991.1009130885419,-43.06098879963436,218.3292008336997,False,137.10000000000002,9.801300767530794,-7.391712066683867,964.1579593621165,64.20395064477363,12.276111111111687,127.02200000000857,-3.4375491332663177,1.1471498215052733,-26.942953726425458,107.26493944440799
656315.0,-0.6109,0.3824,8.7923,-0.0269,-0.0199,9.8066,-0.0195,0.192,-0.0266,206.08,-87.4,59.84,53.052258,-1.785594,15.13,4,126.81,20 / 21,13.176320493423967,-8.539167633458444,3.4491821000006277,992.4348791934501,-43.92342929047756,218.68259094317477,False,137.20100000000002,9.756145119355827,-7.5133232228773785,965.1368151977605,63.44037508418097,12.313911111107982,127.60027999999507,-3.4201753740681404,1.0258444105810653,-27.29806399568963,107.36380437465853
656415.0,-0.8884,2.1224,9.3111,-0.0144,0.0231,9.8066,-0.1263,0.2117,-0.0329,200.02,-87.58,51.26,53.052258,-1.785594,15.13,4,126.81,20 / 21,13.19526910945957,-8.70157155833644,3.3736871000006965,993.7534586735931,-44.78546625006652,219.02373440317453,False,137.30099999999993,9.68664752743051,-7.4209301592001475,966.1051773245073,62.69514668559308,12.202638888899184,127.45643999992161,-3.5086215820290594,1.2806413991362922,-27.648281349085778,107.4806129356596
656514.0,-3.5084,-3.837,9.5746,0.004,0.0475,9.8065,0.0317,0.2872,-0.1825,191.87,-87.32,44.14,53.052258,-1.785594,15.13,4,126.81,20 / 21,13.406322251644724,-8.682431259807098,3.3376709000006795,995.0702374459684,-45.645974389565026,219.35594662417475,False,137.39999999999998,9.07458325058735,-7.634473426981654,966.9852452513251,61.93557414119024,11.85888888889402,130.0739999999609,-4.3317390010573735,1.0479578328254435,-28.08499219464329,107.58154853075527
656615.0,2.2318,1.6241,9.3274,0.0433,0.0409,9.8064,-0.1308,0.6345,-0.3986,193.99,-86.82,49.49,53.052258,-1.785594,15.13,4,126.81,20 / 21,13.4879126684852,-8.599373489331882,3.30175025000068,996.4283963094349,-46.518705529396534,219.6912373922498,False,137.50099999999998,9.378250020361099,-7.293247680038213,967.9305479542078,61.205357058580354,11.88036388888887,127.87141000000003,-4.1096626481241,1.3061258092936683,-28.49784835522712,107.72406258797689
656714.0,-0.953,-2.0255,10.7169,0.0509,0.1077,9.8058,0.0427,0.1287,-0.1287,195.12,-86.45,48.33,53.052258,-1.785594,15.13,4,126.81,20 / 21,13.430067002778394,-8.583549129902085,3.32308475000069,997.760836303163,-47.369260199049016,220.01916672475002,False,137.60000000000002,9.579028199410788,-7.407253801400771,968.8767864018768,60.46780110988057,12.10888888888957,127.7140000000008,-3.851038803367606,1.1762953285013138,-28.88404990128629,107.83706130892958
656814.0,1.6454,2.5201,9.5423,-0.0013,0.0048,9.8066,-0.1123,0.3325,-0.1374,190.95,-86.57,48.09,53.052258,-1.785594,15.13,4,126.81,20 / 21,13.395309209577452,-8.623890192060323,3.355379750000661,999.1021051137797,-48.229632165146356,220.35308994974977,False,137.69999999999993,9.608493478120517,-7.4445200033868275,969.8325828135828,59.72279510109457,12.154999999996393,127.76799999997206,-3.786815731456935,1.179370188673495,-29.269522300196854,107.95242726624093
656915.0,0.3371,0.3398,10.7635,0.0154,0.0177,9.8066,0.0208,-0.1405,0.1067,191.84,-86.75,47.1,53.052258,-1.785594,15.13,4,126.81,20 / 21,13.26738872203057,-8.764205256982875,3.3903510000006607,1000.4485713593258,-49.10773098532303,220.69374935262485,False,137.80099999999993,9.63137785853396,-7.202575480604918,970.8044874025513,58.992911603317445,12.026663888893015,126.79007999998494,-3.6360108634966117,1.5616297763779565,-29.644083956774466,108.10064258864048
657014.0,-0.6201,-0.0952,10.6565,-0.0331,-0.035,9.8065,0.0177,-0.0656,0.0773,192.59,-87.08,47.74,53.052258,-1.785594,15.13,4,126.81,20 / 21,13.276395177844176,-8.796801254319064,3.4797826500007027,1001.7624886623702,-49.97700080763288,221.03382096830006,False,137.89999999999998,9.458175956596197,-7.203373278295385,971.7374917460132,58.288380547822115,11.888888888890945,127.2929999999925,-3.818219221247979,1.593427976023679,-30.02499691635694,108.26538135545499
657114.0,0.0023,-0.3033,9.9868,0.0267,0.0023,9.8066,-0.0406,-0.1363,-0.0085,197.11,-87.39,49.9,53.052258,-1.785594,15.13,4,126.81,20 / 21,13.309020305308513,-8.80189477930432,3.5312826500007146,1003.0917594365282,-50.856935609314256,221.3843742333002,False,138.0,9.458653808003739,-7.276783090946306,972.6799203757993,57.56561352459344,11.93388888888889,127.572,-3.8503664973047744,1.525111688358014,-30.41183906072888,108.4225491339077
657214.0,-1.325,0.4215,9.9884,-0.0186,-0.002,9.8066,0.0584,-0.4195,0.1357,199.73,-87.13,53.0,53.052258,-1.785594,15.13,4,126.81,20 / 21,13.364507981032558,-8.846865267216343,3.549377650000719,1004.4254358508455,-51.73937361164049,221.73840724830035,False,138.10000000000002,9.338251452397271,-7.221847742220981,973.6089812235713,56.84284650065711,11.805000000000934,127.71699999999933,-4.026256528635287,1.6250175249953616,-30.816454627274197,108.58222011229759
657314.0,3.1079,2.3519,9.4407,-0.017,-0.0313,9.8065,0.0235,0.3126,-0.3161,201.45,-87.27,54.79,53.052258,-1.785594,15.13,4,126.81,20 / 21,13.227356182432214,-8.958821687065624,3.5401676500007273,1005.7550290590175,-52.62965795935378,222.0928845133001,False,138.19999999999993,9.393830475156035,-7.253047061329437,974.5514098533428,56.10895998500344,11.868055555558792,127.67200000000565,-3.833525707276179,1.7057746257361872,-31.203619205674727,108.73861794435722
657414.0,-1.9501,-0.5677,9.657,0.0592,0.0436,9.8063,0.0039,-0.3023,0.0663,205.7,-86.91,59.92,53.052258,-1.785594,15.13,4,126.81,20 / 21,13.134244951664076,-9.045001024642508,3.5143876500007214,1007.0731091157226,-53.52984909493939,222.44561227830025,False,138.29999999999995,9.458485853608607,-7.355544713123442,975.4938384830336,55.375073468695014,11.981944444441078,127.87099999999411,-3.675759098055469,1.6894563115190655,-31.579270632688917,108.9049225636344
657514.0,-2.4523,-0.5767,9.9677,-0.0411,-0.0144,9.8065,-0.0085,0.3551,-0.2972,204.77,-86.65,59.08,53.052258,-1.785594,15.13,4,126.81,19 / 20,13.351694333704659,-9.103587669041922,3.5149576500007216,1008.3974060799912,-54.43727852962382,222.79707954330038,False,138.39999999999998,9.318730840848945,-7.261489254614493,976.4228993308059,54.64118695374783,11.813888888891372,127.92699999999918,-4.032963492855714,1.8420984144274284,-31.974506749185366,109.07846548337164
657614.0,-4.5965,-2.5168,10.5763,0.042,0.017,9.8065,0.0341,-0.1875,0.0964,204.9,-86.75,57.35,53.052258,-1.785594,15.13,4,126.81,19 / 20,13.730535790777326,-9.12813255482169,3.5614926500007322,1009.7515175862156,-55.3488645408172,223.15090205830055,False,138.5,9.478757304669713,-7.389644787310642,977.3653279605783,53.90730043809333,12.018888888888888,127.94,-4.251778486107613,1.7384877675110477,-32.38618962563737,109.25616497891053
657714.0,1.2412,-1.3617,9.5145,-0.0079,-0.0172,9.8066,-0.0669,0.3124,-0.1729,210.73,-86.72,63.89,53.052258,-1.785594,15.13,4,126.81,19 / 20,13.966554315745254,-9.036892932612215,3.585367650000738,1011.1363720915421,-56.2571158151891,223.5082450733007,False,138.60000000000002,9.549576438212753,-7.281414848531489,978.3211243723116,53.17341392173134,12.008888888889082,127.32500000001446,-4.416977877532501,1.7554780840807256,-32.815247719230456,109.43052973692045
657814.0,0.6325,1.0508,9.5855,-0.0123,0.0135,9.8065,0.012,-0.0812,0.0459,209.01,-86.7,62.07,53.052258,-1.785594,15.13,4,126.81,19 / 20,13.8873996175599,-8.993404457202333,3.5597026500007614,1012.529069788206,-57.15863068467901,223.86549858830045,False,138.69999999999993,9.434147784143914,-7.4514430691073725,979.263553002096,52.42840791365234,12.021944444440585,128.3030000000007,-4.453251833415987,1.5419613880949603,-33.26551678610997,109.58703859833136
657914.0,-0.8531,0.2556,9.724,-0.0086,0.0277,9.8065,-0.0151,0.0979,-0.0372,201.08,-86.63,54.99,53.052258,-1.785594,15.13,4,126.81,19 / 20,13.863401361161616,-9.067951978405745,3.5445126500007578,1013.9166098371425,-58.06169850645962,224.2207093533006,False,138.79999999999995,9.324337944555515,-7.371320047420048,980.192613849787,51.69452139734392,11.886111111115126,128.32799999999926,-4.539063416606101,1.6966319309856965,-33.723995987355465,109.75621990380354
658015.0,-4.0868,0.0519,10.3798,-0.0257,-0.0552,9.8064,0.1118,-0.285,0.1652,195.26,-86.77,50.95,53.052258,-1.785594,15.13,4,126.81,19 / 20,14.093303302836995,-9.169807808666837,3.5692829000007578,1015.3284234226744,-58.98270537570678,224.57995602857568,False,138.90099999999995,9.619162959448204,-7.353411730505308,981.1644515999538,50.94173174369679,12.107955555554051,127.39610999997157,-4.474140343388791,1.816396078161529,-34.163971822720555,109.92443711940356
658114.0,-1.6348,-1.8784,10.63,-0.0325,-0.0526,9.8064,0.0009,0.1382,-0.1088,198.56,-87.57,49.68,53.052258,-1.785594,15.13,4,126.81,19 / 20,14.39048462892039,-9.180364025313835,3.6384096500007903,1016.7383709252971,-59.891038881489244,224.93673680980092,False,139.0,9.44870352361698,-7.7303701185854585,982.0908388912926,50.1711509024928,12.208055555555555,129.28799999999998,-4.941781105303411,1.449993906728377,-34.647532034004485,110.06218978398203
658215.0,-3.5076,-0.8839,10.368,-0.0211,-0.0304,9.8065,0.0218,-0.3802,0.224,203.3,-87.51,54.89,53.052258,-1.785594,15.13,4,126.81,19 / 20,14.674376273581867,-9.163043316602101,3.70833700000079,1018.2061464008734,-60.81738095225599,225.307747515626,False,139.101,9.422829084748278,-7.668675916200611,983.0361415941629,49.38511396578498,12.14900555555695,129.14009999999575,-5.251547188833589,1.4943674004014902,-35.170004806710494,110.20249491804097
658315.0,1.4376,0.5066,10.7652,-0.0529,-0.0386,9.8063,0.0057,0.1511,-0.1451,198.49,-87.72,52.09,53.052258,-1.785594,15.13,4,126.81,19 / 20,14.771881774939825,-9.210140768318722,3.7843320000008074,1019.6784593032999,-61.73604015650224,225.68238096562618,False,139.20100000000002,9.53420202455259,-7.680616387661818,983.9918711670381,48.61786897213967,12.243075000000056,128.85442000000407,-5.237679750387235,1.5295243806569037,-35.686588136261776,110.3539091286419
658415.0,-0.3897,-0.9905,10.5488,0.0337,-0.0173,9.8065,0.1076,-0.3723,0.152,211.78,-87.47,64.16,53.052258,-1.785594,15.13,4,126.81,19 / 20,14.732260855444167,-9.19611724951395,3.86936700000073,1021.1536664348178,-62.65635305739304,226.06506591562592,False,139.30099999999993,9.519566706448822,-7.706673627455888,984.9413178822574,47.850401588015984,12.248061111102034,128.99236000000784,-5.212694148995345,1.4894436220580625,-36.21234855256034,110.50675464540902
658515.0,2.3291,2.2787,9.5037,-0.0613,-0.0516,9.8063,0.0104,-0.0088,0.0304,210.86,-87.47,63.17,53.05157,-1.784268,12.4,4,134.92,20 / 21,14.608628325838522,-9.218293657517993,3.891327000000735,1022.6207108938822,-63.577073602744846,226.45310061562608,False,139.40099999999995,9.790259966558002,-7.853662909019792,985.9237161801593,47.060806415287885,12.551069444444506,128.73628999999212,-4.8183683592805195,1.3646307484982012,-36.696994713722916,110.63788001803273
658615.0,-3.813,-2.0073,10.6339,-0.0336,-0.0391,9.8064,0.0701,-0.5016,0.3414,207.91,-87.31,60.18,53.05157,-1.784268,12.4,4,134.92,20 / 21,14.658347926415844,-9.273109216372186,3.917542000000741,1024.0840597064953,-64.50164374643957,226.84354406562625,False,139.50099999999998,9.714224500226132,-7.941382148472872,986.8927466960607,46.26020294295039,12.547186111111108,129.26599999999993,-4.944123426189712,1.3317270678993136,-37.191313010434556,110.76184668938996
658714.0,0.8376,0.6132,9.5806,-0.1077,-0.0805,9.8057,-0.0014,0.1611,-0.0907,197.88,-87.82,48.76,53.05157,-1.784268,12.4,4,134.92,20 / 21,14.817495747449339,-9.306503548440615,3.9473014000007547,1025.5431139683524,-65.42133457829823,227.2328538139265,False,139.60000000000002,9.649745562116879,-8.056999761346134,987.8389851437038,45.467605504642506,12.571111111112101,129.86000000000436,-5.16775018533246,1.249503787094481,-37.70412882464859,110.88894008294074
658814.0,-4.045,-1.3162,10.4364,-0.0107,-0.0054,9.8066,0.0248,-0.4604,0.348,198.8,-87.73,49.82,53.05157,-1.784268,12.4,4,134.92,20 / 21,14.976806331980415,-9.343008632875732,3.9674864000007366,1027.0328290723226,-66.3538101873632,227.62859320392621,False,139.69999999999993,9.65944265566815,-8.149577645941287,988.8081493374235,44.64476304816904,12.638055555557884,130.15400000001205,-5.317363676312265,1.1934309869344446,-38.22467973489904,110.99857323553223
658914.0,1.6962,2.3498,9.4928,-0.0789,-0.0767,9.8059,-0.0158,0.4285,-0.197,191.32,-88.25,44.08,53.05157,-1.784268,12.4,4,134.92,20 / 21,15.080168781427147,-9.461918637647742,3.9832814000007404,1028.5356778279934,-67.29405655088958,228.02613159392638,False,139.79999999999995,9.661108782737328,-8.27413905418889,989.7706296400941,43.82192059104718,12.719999999997578,130.57799999998747,-5.41905999868982,1.1877795834588518,-38.76504818789931,111.11597714193675
659014.0,1.777,1.4556,9.6597,0.0264,0.0044,9.8066,0.0316,-0.2255,0.1862,198.35,-88.19,51.62,53.05157,-1.784268,12.4,4,134.92,20 / 21,14.863686265776689,-9.619073105183986,3.960241400000735,1030.0328705803538,-68.24810613803139,228.42330773392655,False,139.89999999999998,9.629212769858025,-8.443701050834063,990.7331099428212,42.965719655174816,12.80694444444316,131.24699999999012,-5.234473495918664,1.175372054349923,-39.299760637532586,111.21382579320621
659114.0,3.0824,3.7544,9.1031,-0.0842,-0.0249,9.8062,-0.132,0.4209,-0.0818,184.98,-88.36,39.01,53.05157,-1.784268,12.4,4,134.92,20 / 21,14.584573852724313,-9.851356083766358,3.9177164000007254,1031.5052835862791,-69.22162759747913,228.81720562392672,False,140.0,9.818899788539209,-8.392655165291188,991.7156419185296,42.13175770627442,12.916944444444445,130.52200000000002,-4.765674064185104,1.45870091847517,-39.78964166774949,111.35338530375356
659214.0,-3.0817,1.8998,9.6304,-0.023,0.0367,9.8065,-0.0855,-0.2057,0.2356,176.92,-88.61,33.01,53.05157,-1.784268,12.4,4,134.92,20 / 21,14.574975078258658,-10.129254434606993,3.873726400000715,1032.9632610328285,-70.22065812339802,229.20677776392688,False,140.10000000000002,9.721166350881292,-8.47822265256275,992.6848061122772,41.27555677040107,12.898888888890193,131.09300000000306,-4.853808727377366,1.6510317820442442,-40.278454920551326,111.49621489379909
659314.0,-1.2227,4.0565,10.7671,-0.0618,-0.0585,9.8063,-0.0968,0.2939,0.0834,163.07,-88.78,14.28,53.05157,-1.784268,12.4,4,134.92,20 / 21,14.856075637506217,-10.409106048374365,3.9129364000006794,1034.4348135686155,-71.24757614754616,229.5961109039266,False,140.19999999999993,9.756475964187032,-8.57157527898485,993.6606541969905,40.41935583523601,12.986944444443568,131.3010000000094,-5.099599673319185,1.8375307693895149,-40.77415937162493,111.66693198278216
659414.0,-5.6934,-0.7531,10.4159,0.0474,0.011,9.8065,0.096,-0.16,-0.1358,167.77,-88.82,23.46,53.05157,-1.784268,12.4,4,134.92,20 / 21,15.249826262656343,-10.504967991629286,3.9914214000006973,1035.940108663624,-72.29327984954658,229.99132879392675,False,140.29999999999995,9.683899654555823,-8.607142534196463,994.6231344996478,39.56315490154694,12.956111111112023,131.63099999999025,-5.56592660810052,1.8978254574328233,-41.31697416397617,111.85643475109352
659515.0,0.2991,0.7257,10.3258,-0.0105,-0.028,9.8066,-0.1539,1.0928,-0.8395,149.2,-89.03,0.1,53.05157,-1.784268,12.4,4,134.92,20 / 20,15.536479315418925,-10.461958791703351,4.048405600000697,1037.4948170953166,-73.35210965210487,230.39734005742682,False,140.40099999999995,9.753125434847963,-8.702473768932855,995.6087410652225,38.67604177583973,13.07121111111096,131.74175000000483,-5.783353880570962,1.7594850227704963,-41.88607603009416,112.02815142794461
659614.0,5.1788,6.0594,9.272,0.0742,0.0731,9.806,0.0147,0.5923,-0.0253,134.86,-89.13,-10.31,53.05157,-1.784268,12.4,4,134.92,20 / 20,15.58585600527029,-10.906445356305918,4.047638350000697,1039.0353726936914,-74.40984565743183,230.79809423295208,False,140.5,9.809265987919163,-8.654118596338211,996.5748306691034,37.81739455252375,13.08111111111111,131.42,-5.776590017351127,2.2523267599677066,-42.460542024587994,112.22724020995558
659714.0,-0.8378,1.9844,10.2953,0.0232,0.0131,9.8066,-0.0219,0.534,-0.1233,151.52,-89.17,6.88,53.05157,-1.784268,12.4,4,134.92,20 / 20,15.713835614285472,-11.384039034134167,4.045338350000696,1040.6003572746695,-75.52436987695408,231.20274306795224,False,140.60000000000002,9.720533027946141,-8.659157470572408,997.5439948628249,36.95007412422491,13.018055555556751,131.69499999999093,-5.993302586339331,2.724881563561759,-43.05636241184459,112.474444001179
659814.0,3.7822,4.3713,9.251,0.0324,0.0409,9.8065,-0.0859,0.5528,-0.3114,111.38,-89.19,-34.07,53.05157,-1.784268,12.4,4,134.92,20 / 20,15.945996550368111,-11.71696140404601,4.0419883500006994,1042.1833488829006,-76.67941989886204,231.60710940295195,False,140.69999999999993,9.873547848746417,-8.607783861255998,998.5332107295131,36.09387318905954,13.098888888893754,131.08200000000252,-6.072448701621694,3.109177542790013,-43.6501381533875,112.77329308792159
659914.0,0.0709,0.6332,9.7733,0.0275,0.0373,9.8065,0.0125,0.092,0.0556,107.8,-89.15,-34.75,53.05157,-1.784268,12.4,4,134.92,20 / 20,16.12684466181411,-11.990250709537326,4.012538350000693,1043.78699094351,-77.86478050454147,232.0098357379521,False,140.79999999999995,9.988968682979802,-8.735754383584426,999.5357943781431,35.22655276153096,13.269999999994942,131.17099999999735,-6.137875978834309,3.2544963259529,-44.25119656536697,113.09133326607244
660014.0,2.0026,1.9012,9.9273,-0.0154,0.0093,9.8066,-0.0335,0.3163,-0.1322,95.87,-88.93,-45.95,53.05157,-1.784268,12.4,4,134.92,20 / 20,16.257787884848756,-12.114720058184503,4.016903350000693,1045.4062225708435,-79.07002904292784,232.41130782295227,False,140.89999999999998,9.922569624291446,-8.662720848478134,1000.5250102448192,34.359232333939275,13.171944444445893,131.12200000000072,-6.33521826055731,3.4519992097063685,-44.8812123260243,113.42926137686712
660114.0,-0.7908,1.0471,10.4934,0.0354,0.0354,9.8065,-0.0753,0.0985,0.0367,99.56,-88.88,-44.2,53.05157,-1.784268,12.4,4,134.92,20 / 20,16.418056757894636,-12.194576991134625,4.0572733500007025,1047.040014802981,-80.28549389539407,232.81501665795244,False,141.0,9.792321176264116,-8.730159887419115,1001.5008583295476,33.49191190564027,13.11888888888889,131.718,-6.62573558163052,3.46441710371551,-45.53915647343342,113.77740580103435
660214.0,0.2098,1.8837,9.8848,0.0037,0.0067,9.8066,0.0336,0.2971,-0.127,95.8,-88.8,-46.26,53.05157,-1.784268,12.4,4,134.92,20 / 20,16.586647450318466,-12.185050432806175,4.095518350000711,1048.690250013392,-81.50447526659138,233.2226562429526,False,141.10000000000002,9.864721968697133,-8.800889755034285,1002.4900741962759,32.61347198562293,13.219999999998624,131.73800000001015,-6.721925481621334,3.38416067777189,-46.20017581711602,114.11794725221432
660314.0,-1.0381,0.9109,10.526,0.0395,0.009,9.8065,0.0429,-0.0085,0.0313,99.69,-89.09,-41.28,53.05157,-1.784268,12.4,4,134.92,20 / 20,16.750673526490182,-12.1623412722942,4.135393350000675,1050.357116062231,-82.72184485184529,233.6342018279523,False,141.19999999999993,9.689799099905567,-8.855758795891544,1003.4525544990029,31.73503206489926,13.126944444444847,132.42499999998918,-7.060874426584615,3.306582476402655,-46.90456156322807,114.45687691674455
660414.0,0.2729,1.726,10.0398,0.0006,-0.0122,9.8066,0.0182,0.0159,0.0278,122.83,-89.57,-19.31,53.05157,-1.784268,12.4,4,134.92,20 / 20,16.886151822052486,-12.181958313020411,4.183018350000686,1052.0389573296584,-83.9390598311113,234.05012241295245,False,141.29999999999995,9.758993213153333,-8.800616609089605,1004.4350864746531,30.856592144238515,13.14111111111069,132.04400000001124,-7.127158608899153,3.381341703930806,-47.60387085500531,114.79565197534981
660514.0,2.068,4.7176,10.6985,-0.022,-0.0247,9.8066,-0.0185,0.0774,0.132,108.92,-89.71,-30.75,53.05157,-1.784268,12.4,4,134.92,20 / 20,17.15737707652194,-12.420782946500509,4.239268350000699,1053.7411337745875,-85.16919689408762,234.47123674795262,False,141.39999999999998,9.734008939879022,-8.856335018411842,1005.4042506683612,29.96703273108852,13.159999999999721,132.29699999999625,-7.423368136642917,3.5644479280886667,-48.33688310622631,115.13622962517614
660614.0,-0.7657,0.7456,10.1743,-0.0171,-0.0517,9.8064,0.1055,-0.1445,0.2272,61.53,-89.57,-76.4,53.05157,-1.784268,12.4,4,134.92,20 / 20,17.377550565083535,-12.540874655483043,4.302243350000713,1055.4678801566681,-86.41727977418708,234.89831233295277,False,141.5,9.794504515907231,-8.932645916971985,1006.3800987530759,29.077473317230872,13.25611111111111,132.365,-7.583046049176303,3.608228738511057,-49.0877814035922,115.49475309141795
660714.0,3.8637,4.1242,9.4112,-0.0392,-0.0482,9.8064,0.0046,0.3602,-0.1011,41.76,-89.38,-96.27,53.05157,-1.784268,12.4,4,134.92,20 / 20,17.68624104141836,-12.452253655230896,4.300853350000712,1057.2210697369935,-87.66693618972306,235.32846716795294,False,141.60000000000002,9.674328134472535,-8.872657189034124,1007.34257905583,28.187913904787873,13.126944444445774,132.5249999999985,-8.011912906945824,3.5795964661967723,-49.8784906811635,115.85485009451094
660815.0,1.1917,2.4772,9.6024,-0.0063,0.0074,9.8066,-0.0341,0.0561,0.1943,28.68,-89.32,-104.91,53.05157,-1.784268,12.4,4,134.92,20 / 20,18.09229939432239,-12.330550425610934,4.270568500000712,1059.0278860289984,-88.91846779580555,235.761323971378,False,141.70100000000002,9.756442095969042,-8.916143786975748,1008.328185621391,27.289458897499834,13.216874999999801,132.4233299999981,-8.335857298353346,3.4144066386351852,-50.69970040760745,116.20792669330538
660915.0,3.0413,3.8379,9.85,-0.0178,-0.0201,9.8066,-0.0617,0.6599,-0.2453,38.85,-89.26,-95.05,53.05157,-1.784268,12.4,4,134.92,20 / 20,18.451325149065077,-12.180890417171742,4.262523500000719,1060.8550672561662,-90.14403983794358,236.1879785713777,False,141.80099999999993,9.762818636275478,-8.89849050532026,1009.3041673838537,26.400121873569276,13.209700000000888,132.3481300000263,-8.6885065127896,3.282399911851483,-51.55089987231247,116.54416171151286
661015.0,1.7529,2.7026,9.9978,0.0238,0.0465,9.8065,0.022,0.4198,-0.0381,41.61,-88.96,-90.58,53.05157,-1.784268,12.4,4,134.92,20 / 20,18.855630464583992,-12.06946945217673,4.274248500000722,1062.720415036849,-91.35655783141128,236.61481717137787,False,141.90099999999995,9.875781887131678,-8.727405672726432,1010.2933164116462,25.53280144597759,13.179480555556328,131.46760000000356,-8.979848577452314,3.3420637794502976,-52.427098625202916,116.88935927738888
661115.0,-2.3367,-0.2949,10.9046,0.0189,0.0057,9.8066,0.1,0.4863,-0.1827,35.19,-89.05,-96.85,53.05157,-1.784268,12.4,4,134.92,20 / 20,18.916674360883665,-11.956525506401691,4.338703500000737,1064.6090302781229,-92.55785757934048,237.04546477137802,False,142.00099999999998,9.873392747999397,-8.653265467891323,1011.2759152262646,24.665481018385904,13.12870555555555,131.23204999999996,-9.043281612884268,3.303260038510368,-53.33311505185827,117.22333859772638
661215.0,-0.3332,1.1539,10.3979,0.0769,0.0284,9.8063,0.0464,0.3693,-0.1922,340.48,-89.18,-149.86,53.05157,-1.784268,12.4,4,134.92,20 / 20,18.7784804958023,-11.836658253474837,4.423163500000756,1066.4937880209577,-93.74751676733457,237.4835581213782,False,142.101,9.891220929336855,-8.731201232637849,1012.2651310929668,23.79793820093831,13.193563888889635,131.43556000000083,-8.887259566465444,3.1054570208369885,-54.22865692799087,117.54545496827288
661315.0,1.1394,1.8661,9.9588,0.0428,0.0265,9.8064,0.0155,0.4298,-0.1235,315.37,-88.92,-173.49,53.05157,-1.784268,12.4,4,134.92,20 / 20,18.708018124236162,-11.667583636311926,4.460333500000765,1068.36811295196,-94.92272886182418,237.92773297137836,False,142.20100000000002,9.918172076474688,-8.774389524505048,1013.254079604015,22.90848998271321,13.242369444440076,131.49857000002177,-8.789846047761474,2.893194111806878,-55.114033347944996,117.83121884453739
661415.0,1.8026,3.8322,10.0323,0.0081,-0.0049,9.8066,-0.0145,0.4538,-0.1125,298.77,-88.65,172.7,53.05157,-1.784268,12.4,4,134.92,20 / 20,18.543515144008758,-11.380605562479552,4.479223500000748,1070.2306896153707,-96.07513832176271,238.37471082137802,False,142.30099999999993,9.691243482573968,-8.802712402993143,1014.216626745621,22.03005006205282,13.092286111110097,132.24936999999593,-8.85227166143479,2.5778931594864094,-56.01406286974964,118.10518838381553
661514.0,0.8386,2.3149,9.8935,0.0225,0.015,9.8066,0.061,0.2727,-0.0935,306.57,-88.46,178.21,53.05157,-1.784268,12.4,4,134.92,20 / 21,18.33732447701252,-11.101340697942284,4.494692250000755,1072.0562911766121,-97.18799466165412,238.8189196510033,False,142.39999999999998,9.695363697466785,-8.848430124890202,1015.176099297392,21.16039454053519,13.126111111110605,132.38499999999797,-8.641960779545734,2.252910573052082,-56.88019187922009,118.34838920218931
661614.0,2.0555,3.4569,10.4778,0.0163,-0.012,9.8066,0.0636,0.4244,-0.0088,302.85,-88.01,177.86,53.05157,-1.784268,12.4,4,134.92,20 / 21,18.164447941036386,-10.809811114162343,4.532592250000763,1073.881379797515,-98.2835522522596,239.2702838760035,False,142.5,9.793519770163634,-8.7425861837998,1016.1586312731135,20.281954619103203,13.128055555555555,131.755,-8.370928170872752,2.067224930362544,-57.72274852440137,118.5655068713628
661714.0,-0.1864,1.9935,9.8717,0.0223,0.0149,9.8066,0.173,0.2504,0.0215,303.57,-87.68,179.06,53.05157,-1.784268,12.4,4,134.92,20 / 21,17.971110856117722,-10.573970868051607,4.569402250000772,1075.688157737373,-99.35274135137054,239.72538360100367,False,142.60000000000002,9.686447260370587,-8.712231116695378,1017.1211115758545,19.41463419221884,13.0280555555561,131.9689999999931,-8.284663595747135,1.8617397513562288,-58.56704616151865,118.76737554358938
661814.0,-0.5179,1.9598,10.8859,0.0427,-0.0204,9.8065,-0.0027,0.3557,-0.0925,306.73,-87.08,-176.89,53.05157,-1.784268,12.4,4,134.92,20 / 21,17.773507210030367,-10.479858323239805,4.62661725000072,1077.4753886406788,-100.40543281093416,240.18518457600334,False,142.69999999999993,9.784955395172789,-8.657301710946408,1018.1036435515608,18.547313764628143,13.06499999999531,131.50100000002104,-7.988551814857578,1.822556612293397,-59.37174508911801,118.9527465755623
661914.0,1.0706,3.6618,9.8999,0.0726,-0.0023,9.8063,-0.061,0.5252,-0.1405,294.66,-86.4,175.69,53.05157,-1.784268,12.4,4,134.92,20 / 21,17.51948656353853,-10.309318059010147,4.685242250000734,1079.2400383293577,-101.4448916300469,240.65077755100353,False,142.79999999999995,9.550176161969375,-8.672031784736312,1019.0527560722581,17.679993336392243,12.900000000004876,132.24099999997813,-7.969310401569153,1.6372862742738352,-60.18728225709958,119.12488496643914
662014.0,2.8742,6.8808,7.695,0.0297,0.0779,9.8062,-0.0294,0.6065,-0.3134,291.97,-85.87,174.24,53.05157,-1.784268,12.4,4,134.92,20 / 21,17.09325694073129,-9.916721657962109,4.584322250000711,1080.9706755045715,-102.45619361589574,241.11425577600372,False,142.89999999999998,9.56873494654229,-8.811856833789253,1020.0085524840181,16.801553415667904,13.008055555553957,132.64199999999406,-7.524521994189,1.1048648241728554,-60.96212302055346,119.25774703156364
662114.0,3.0997,3.5524,9.1391,0.0318,0.0475,9.8064,0.0206,0.8115,-0.445,283.48,-85.47,167.28,53.05157,-1.784268,12.4,4,134.92,20 / 21,16.674066539302,-9.45872529063929,4.445362250000679,1082.6590416785737,-103.42496596332603,241.5657400010039,False,143.0,9.49556329493469,-8.709621272586372,1020.9509811137643,15.923113495650565,12.885,132.528,-7.17850324436731,0.7491040180529183,-61.70806056480933,119.3480794589766
662214.0,0.9233,5.0474,9.0251,0.0017,0.1352,9.8057,-0.1836,0.7427,-0.3911,270.59,-85.63,155.8,53.05157,-1.784268,12.4,4,134.92,20 / 21,16.267927891812768,-9.21723293455564,4.3729072500006625,1084.3061414001297,-104.35876387458599,242.00665347600406,False,143.10000000000002,9.377663634267636,-8.776383455199069,1021.88672585253,15.044673574925737,12.843888888890218,133.10300000000134,-6.890264257545132,0.4408494793565705,-62.41941554759967,119.40343744951173
662314.0,-1.7811,-5.295,11.2318,-0.0548,0.1208,9.8057,-0.2359,0.8249,-0.4015,261.25,-86.1,148.28,53.05157,-1.784268,12.4,4,134.92,20 / 21,16.273764881107862,-9.21902821755532,4.4050872500006335,1085.9332260387744,-105.2805769321907,242.44555320100372,False,143.19999999999993,9.429171839362716,-8.853033390525828,1022.8224705913078,14.155114162484695,12.933888888883978,133.1949999999868,-6.844593041745146,0.3659948270294908,-63.110755447466545,119.43569109467539
662414.0,-0.1383,2.4135,10.3852,-0.0179,0.081,9.8063,-0.2545,0.7487,-0.4254,250.56,-86.36,142.3,53.05157,-1.784268,12.4,4,134.92,20 / 21,16.420762225220358,-9.319262670567355,4.505272250000656,1087.5679523940912,-106.20749147659704,242.8910711760039,False,143.29999999999995,9.373643130465629,-8.659143794448035,1023.7582153300054,13.298913226673642,12.761111111116216,132.73100000001372,-7.047119094754729,0.66011887611932,-63.809737064085766,119.50640470327069
662514.0,-0.456,-2.8255,9.3617,0.0119,0.0671,9.8064,-0.3459,0.6357,-0.1158,237.21,-86.0,132.53,53.05157,-1.784268,12.4,4,134.92,20 / 21,16.425268470597853,-9.317744536559424,4.511952250000658,1089.2102539288826,-107.13934183695359,243.34193240100407,False,143.39999999999998,9.19077255309904,-8.770318852724612,1024.6739083958034,12.420473307364281,12.703888888889734,133.65899999998626,-7.234495917498814,0.5474256838348115,-64.53634553307916,119.55981514431787
662614.0,0.3753,5.1153,8.6199,-0.0429,0.0273,9.8065,-0.038,0.8153,-0.281,241.52,-86.33,136.44,53.05157,-1.784268,12.4,4,134.92,20 / 21,16.308186900339884,-9.37623600889122,4.43036725000064,1090.8469266974298,-108.07404086422633,243.78904837600425,False,143.5,9.164927956782936,-8.720935035456778,1025.5829175705942,11.542033385932292,12.65111111111111,133.578,-7.143258943556948,0.6553009734344428,-65.26400912683562,119.61607425015862
662714.0,-2.0123,-3.239,8.4709,-0.0269,0.0441,9.8065,-0.1509,0.184,0.0567,239.13,-87.22,132.49,53.05157,-1.784268,12.4,4,134.92,20 / 21,16.250446406116282,-9.49509722076428,4.304242250000612,1092.474858362753,-109.01760752570932,244.2257788510044,False,143.60000000000002,9.285308418208201,-8.677494129576623,1026.5119784183923,10.67471295834061,12.708888888887383,133.06200000001013,-6.965137987908081,0.8176030911876566,-65.96287994436057,119.69232048404993
662814.0,3.0317,4.0724,6.8199,-0.096,0.0329,9.8061,-0.3889,0.6905,-0.2779,202.76,-88.76,98.22,53.05157,-1.784268,12.4,4,134.92,20 / 21,16.21261767547183,-9.64116958226699,4.088117250000808,1094.0980115668308,-109.97442086586001,244.6453968260041,False,143.69999999999993,9.107410938072272,-8.717230880866051,1027.4209875931954,9.807392530042904,12.606944444441863,133.74599999998537,-7.105206737399557,0.9239387014009388,-66.67702397363541,119.78181339590292
662914.0,-1.2472,0.363,7.8795,-0.1373,0.0721,9.8054,-0.2159,-0.3462,0.1464,134.88,-88.35,29.3,53.05157,-1.784268,12.4,4,134.92,20 / 21,16.055048322400296,-9.753073943289676,3.842422250000752,1095.7113948667247,-110.94413304213806,245.04192380100426,False,143.79999999999995,9.119215339595044,-8.572802863465384,1028.3299967679463,8.951191595646497,12.516111111113794,133.23100000001523,-6.935832982805252,1.1802710798242924,-67.38139809877839,119.89532463778455
663014.0,-1.0244,4.7162,9.4936,-0.1375,-0.0256,9.8056,-0.3448,0.0614,0.0592,121.08,-87.1,15.58,53.05157,-1.784268,12.4,4,134.92,20 / 21,16.355129106934,-9.809155351200245,3.7304122500007266,1097.3319037381918,-111.92224450686278,245.42056552600442,False,143.89999999999998,8.971330362132647,-8.617936616934738,1029.2256381607897,8.083871167347818,12.440000000001124,133.84899999999087,-7.383798744801354,1.1912187342655063,-68.10626557740216,120.0061156742106
663114.0,-0.9517,2.9683,11.1783,-0.0567,0.0211,9.8064,-0.0431,-0.8146,0.5224,115.26,-85.6,9.23,53.05157,-1.784268,12.4,4,134.92,20 / 21,16.754391412432483,-9.914291524506591,3.7833422500007385,1098.9873797641606,-112.90841685064835,245.79625325100457,False,144.0,8.961576807646148,-8.638088163693693,1030.1145956626124,7.22767023288895,12.446944444444444,133.947,-7.792814604786335,1.2762033608128984,-68.87278410154818,120.1360870835373
663214.0,-0.6827,-5.0323,10.1145,0.002,-0.1314,9.8058,0.1716,-0.5803,0.3512,117.29,-85.2,11.54,53.05157,-1.784268,12.4,4,134.92,20 / 21,16.717534897546148,-9.795325327180109,3.8673172500007578,1100.6609760796598,-113.89389769323292,246.17878622600475,False,144.10000000000002,8.850129658034945,-8.59946539245096,1030.9968692734412,6.360349804590107,12.339999999999659,134.17700000000522,-7.8674052395112035,1.1958599347291496,-69.66410680621857,120.25424749782302
663315.0,1.6233,-2.074,8.9675,0.0215,-0.0372,9.8065,0.1503,-0.5478,0.3271,111.93,-85.78,7.14,53.05157,-1.784268,12.4,4,134.92,20 / 21,16.39662659940079,-9.691102479637781,3.840486600000758,1102.3332412352556,-114.87796229747721,246.5680303204298,False,144.20100000000002,8.781608367886218,-8.635555636206579,1031.881348568334,5.495698054997821,12.316244444442434,134.51949999997268,-7.615018231514572,1.0555468434312019,-70.4518926669216,120.37366035247503
663414.0,-1.0576,-4.6906,8.5232,-0.0267,-0.0495,9.8064,-0.0287,-0.4453,0.1683,117.17,-85.97,13.09,53.05157,-1.784268,12.4,4,134.92,20 / 21,16.10529997255366,-9.580571605728895,3.7354179000008294,1103.9420866005662,-115.83191016470221,246.94303759317964,False,144.29999999999995,8.871987482017461,-8.442481053830297,1032.7614164950735,4.659067426746487,12.246944444446513,133.5790000000281,-7.233312490536198,1.138090551898598,-71.18067010549271,120.4909775914487
663514.0,2.1355,5.3742,9.9989,-0.0337,-0.0669,9.8063,-0.3108,-0.0958,0.09,115.42,-85.69,14.5,53.05157,-1.784268,12.4,4,134.92,20 / 20,16.134228837464498,-9.644656130503833,3.680857900000817,1105.5540630410674,-116.79317155151406,247.3138513831798,False,144.39999999999998,8.773879758474166,-8.420905975051511,1033.6303223239158,3.813985984713441,12.16111111111238,133.82399999999637,-7.360349078990332,1.223750155452322,-71.92374071715153,120.6071575362275
663614.0,-1.9743,-2.1158,11.6182,-0.0638,-0.0231,9.8064,0.024,-0.5605,0.2854,120.98,-84.93,18.79,53.05157,-1.784268,12.4,4,134.92,20 / 20,16.307534980725986,-9.724332249967986,3.78104790000084,1107.1761512319772,-117.76162097053788,247.68694667318,False,144.5,8.787929012367048,-8.362784253089455,1034.5125959347708,2.980024034398565,12.13111111111111,133.58,-7.519605968358938,1.3615479968785316,-72.66355529720636,120.74164500493644
663714.0,-1.2631,4.1525,10.1255,-0.0086,-0.0843,9.8062,0.0576,0.1796,-0.2062,118.71,-84.4,14.92,53.05157,-1.784268,12.4,4,134.92,20 / 20,16.49622628499513,-9.637047404298146,3.8875679000008643,1108.8163392952636,-118.72968995325141,248.07037746318017,False,144.60000000000002,8.676077807860178,-8.294517257902317,1035.374817872645,2.146062084791505,12.003055555552645,133.71199999999942,-7.820148477134953,1.3425301463958288,-73.44152142261851,120.87575203804292
663814.0,3.4975,-4.7422,10.1826,0.0979,0.027,9.8061,0.3373,-0.5345,0.1753,127.42,-84.88,22.26,53.05157,-1.784268,12.4,4,134.92,20 / 20,16.429740704589776,-9.684527639783841,3.922307900000833,1110.4626376447413,-119.69576870545463,248.4608712531799,False,144.69999999999993,8.539415518498869,-8.152462337857783,1036.2236720285039,1.33433912003667,11.806111111105505,133.67199999999931,-7.890325186090907,1.5320653019260586,-74.23896561623746,121.0301078254913
663914.0,2.3798,-3.5204,9.5857,0.0103,-0.0818,9.8062,0.085,0.4175,-0.2954,127.77,-85.22,19.72,53.05157,-1.784268,12.4,4,134.92,20 / 20,15.938133355079875,-9.675146056549202,3.930057900000835,1112.0810313477252,-120.6637523902715,248.85348954318007,False,144.79999999999995,8.400120873052789,-8.012756738651571,1037.059158402369,0.5337356484718284,11.60888888889472,133.6480000000007,-7.538012482027087,1.662389317897631,-75.02187294535634,121.19748803874333
664014.0,0.6682,-5.2916,10.8035,0.0127,0.048,9.8065,-0.0359,-0.0512,0.0306,128.81,-85.47,21.46,53.05157,-1.784268,12.4,4,134.92,20 / 20,15.51387736368075,-9.531350892884758,3.9688529000008437,1113.6536318836636,-121.6240772377434,249.24843508318025,False,144.89999999999998,8.341883961369238,-7.721424608077058,1037.8879608853013,-0.22238985344994966,11.36694444444802,132.7880000000127,-7.171993402311513,1.8099262848077,-75.76567099836234,121.40168738429345
664114.0,-0.7069,-4.1825,9.4992,0.0069,0.0063,9.8066,-0.1144,0.4548,-0.2942,128.81,-85.42,21.33,53.05157,-1.784268,12.4,4,134.92,20 / 20,15.160748983670889,-9.24283424849989,4.0033229000008514,1115.1873632010315,-122.56278649481285,249.64704387318042,False,145.0,8.085864862876242,-7.488903761082804,1038.6967116952126,-0.9673958615302736,11.02111111111111,132.805,-7.074884120794646,1.753930487417085,-76.49065150581896,121.59539063328258
664214.0,1.8316,1.3021,10.2507,0.0003,0.0566,9.8064,-0.0193,0.3423,-0.1709,123.67,-85.38,19.12,53.05157,-1.784268,12.4,4,134.92,20 / 20,15.038551700389855,-9.205736048923592,4.010152900000853,1116.6973282352349,-123.48521500968424,250.0477176631806,False,145.10000000000002,7.9940405447664995,-7.247028064562024,1039.4920947231756,-1.6901628847587895,10.789999999996306,132.19399999999928,-7.044511155623355,1.9587079843615678,-77.2052335120593,121.79505212492545
664314.0,1.4561,-2.3373,10.1489,0.0079,0.0578,9.8065,0.1078,-0.0557,-0.0455,127.58,-85.07,22.88,53.05157,-1.784268,12.4,4,134.92,20 / 20,14.920245531121653,-9.313512701839834,4.049467900000818,1118.195268096809,-124.41117744722156,250.45069870318034,False,145.19999999999993,7.814873096086532,-7.072436531484824,1040.2674260781562,-2.3906909231352067,10.539999999991387,132.14500000001456,-7.105372435035121,2.2410761703550097,-77.92784201865288,122.02048652408635
664415.0,2.2199,0.3989,10.1547,0.0094,0.0016,9.8066,0.0141,0.1396,-0.0445,129.95,-85.32,22.44,53.05157,-1.784268,12.4,4,134.92,20 / 20,14.740252028123178,-9.40864407511154,4.084328050000818,1119.6931232235509,-125.3566463644576,250.8614553986554,False,145.30099999999993,7.529424757491288,-6.9340966118766945,1041.0236415048514,-3.086771163226702,10.23594444444741,132.64286000004194,-7.21082727063189,2.4745474632348463,-78.66948171869944,122.2698752012309
664515.0,1.6718,-0.2743,10.6425,0.0294,0.0253,9.8065,0.0027,-0.2011,0.187,130.06,-85.52,24.04,53.05157,-1.784268,12.4,4,134.92,20 / 20,14.634549345409186,-9.571878097741152,4.143523050000831,1121.1618632922277,-126.30567247310046,251.27284795365557,False,145.40099999999995,7.620145207839145,-6.681208567970972,1041.7853377222068,-3.753829528674627,10.134355555559406,131.24372999999892,-7.0144041375700406,2.8906695297701797,-79.37652557002093,122.55184294442583
664615.0,1.3098,1.8329,10.0463,-0.0144,-0.0429,9.8065,-0.0272,0.1137,0.0144,135.33,-85.61,25.6,53.05157,-1.784268,12.4,4,134.92,20 / 20,14.602173785146034,-9.749092917136025,4.197298050000843,1122.6236994487558,-127.27172102384453,251.68988900865574,False,145.50099999999998,7.419216398052661,-6.520083370954156,1042.5205657312267,-4.409657204685873,9.877063888888898,131.30927000000005,-7.182957387093373,3.229009546181869,-80.10313371752909,122.86206381915866
664714.0,2.2361,-1.3306,9.4787,0.0047,0.0376,9.8065,-0.0268,-0.4555,0.2301,131.94,-85.6,25.31,53.05157,-1.784268,12.4,4,134.92,20 / 20,14.510633217652472,-9.90848350622452,4.192927200000842,1124.0647833953951,-128.24477105680134,252.10520515853102,False,145.60000000000002,7.420051645522781,-6.369419241890135,1043.248441460196,-5.037130176270545,9.778888888886392,130.64299999999238,-7.090581572129691,3.5390642643343853,-80.81634193519903,123.20764088053079
664815.0,0.0968,-3.9132,10.1966,-0.0099,-0.0563,9.8064,0.0758,-0.1639,0.1256,132.24,-85.54,25.52,53.05157,-1.784268,12.4,4,134.92,20 / 20,14.24992491367364,-9.829162069054238,4.1960582000008415,1125.5171915810272,-129.24152215835292,252.52884892123112,False,145.70100000000002,7.348538055792467,-6.1927889293469205,1043.9910217493316,-5.654817994081684,9.609980555555499,130.1216399999846,-6.901386857881173,3.6363731397073176,-81.5261698316956,123.58670416427124
664915.0,0.8757,-1.0536,10.1404,0.0009,-0.0117,9.8066,0.0641,-0.2528,0.2108,134.98,-85.6,25.16,53.05157,-1.784268,12.4,4,134.92,20 / 20,14.04750471834733,-9.706029546357447,4.232243200000808,1126.9320630626269,-130.21828173912263,252.95026399123083,False,145.80099999999993,7.403376780004858,-6.120269839862354,1044.7262497582715,-6.266056505415211,9.605625000007207,129.57979000003326,-6.644127938342472,3.585759706495093,-82.20581330435539,123.95222523370742
665015.0,1.177,-1.3114,10.0043,0.0067,-0.0278,9.8065,0.0616,-0.1879,0.0577,134.88,-85.66,24.96,53.05157,-1.784268,12.4,4,134.92,20 / 20,13.904949166048706,-9.706596859129968,4.258813200000814,1128.329685756847,-131.1889130593972,253.374816811231,False,145.90099999999995,7.331163994985677,-5.826376794771811,1045.4613440895112,-6.844381319898482,9.364438888889724,128.4756399999916,-6.573785171063029,3.8802200643581575,-82.86834166733593,124.34453173949872
665115.0,0.6918,0.273,10.0249,0.0057,-0.009,9.8066,0.1088,-0.0755,0.1087,135.14,-85.68,25.51,53.05157,-1.784268,12.4,4,134.92,20 / 20,13.815700778994936,-9.747523642439974,4.279608200000819,1129.7157182540996,-132.16161908447592,253.8017378812312,False,146.00099999999998,7.23031360328053,-5.857175930125431,1046.1831374776598,-7.432936066005971,9.30513055555559,129.00946000000022,-6.585387175714406,3.8903477123145436,-83.53258077643977,124.72868301846995
665215.0,0.9731,0.7819,9.752,0.0129,-0.0057,9.8065,-0.0184,0.0532,-0.0507,135.14,-85.93,27.16,53.05157,-1.784268,12.4,4,134.92,20 / 20,13.80750293230454,-9.855080753953096,4.287788200000821,1131.0968784396648,-133.1417493042958,254.23010770123136,False,146.101,7.174657188865203,-5.323950976432675,1046.898581169352,-7.944766313683712,8.93421388889059,126.57727999999601,-6.632845743439337,4.531129777520421,-84.19829727031288,125.19698299061207
665315.0,1.1214,0.5684,9.8965,0.0116,0.0058,9.8066,0.0559,-0.2126,0.0662,135.23,-86.2,30.08,53.05157,-1.784268,12.4,4,134.92,20 / 20,13.794395034194096,-9.988238479381295,4.289548200000822,1132.47697333799,-134.13391526596274,254.65897452123153,False,146.20100000000002,7.291348055134366,-5.354160439736791,1047.6402925526606,-8.489065479920933,9.046080555547485,126.28990999994802,-6.5030469790597305,4.634078039644503,-84.83668078532946,125.6448497860418
665414.0,0.47,-1.2449,10.4468,0.0209,-0.0203,9.8065,0.0827,-0.1044,0.0696,141.69,-86.24,35.1,53.05157,-1.784268,12.4,4,134.92,20 / 20,13.731114011953048,-10.025453259009891,4.325683200000798,1133.8394860357735,-135.12459300701244,255.08542847553133,False,146.29999999999995,7.226070883488633,-4.966155234409177,1048.354934177383,-8.97343057975039,8.768055555563857,124.49900000005347,-6.505043128464415,5.059298024600714,-85.48455185839043,126.15116242726205
665515.0,-0.0549,2.0824,9.7381,0.0185,-0.0096,9.8066,0.0031,-0.0177,-0.0399,143.21,-86.41,39.68,53.05157,-1.784268,12.4,4,134.92,19 / 21,13.75087257368172,-10.086611583094632,4.354549000000798,1135.227326358348,-136.1402522815387,255.5237802016314,False,146.40099999999995,7.2430169743494766,-4.482106994879894,1049.0841466845318,-9.422658083742636,8.51766388888782,121.74998000000448,-6.507855599332244,5.604504588214738,-86.14317967381612,126.71759419779606
665614.0,0.4071,-1.5638,9.868,0.0096,-0.0048,9.8066,0.0648,-0.1584,0.1682,151.06,-86.45,45.07,53.05157,-1.784268,12.4,4,134.92,19 / 21,13.77048115259531,-10.123397539532451,4.354192600000798,1136.5896333677993,-137.1406477331092,255.95486291083168,False,146.5,7.327066871924946,-4.481417565906908,1049.8120224134614,-9.862989992902026,8.588888888888889,121.451,-6.443414280670365,5.641979973625543,-86.77761095433789,127.27765774020718
665714.0,1.1961,1.3467,9.8363,0.0034,-0.031,9.8065,-0.0156,0.1377,0.0446,154.55,-86.42,47.99,53.05157,-1.784268,12.4,4,134.92,19 / 21,13.699249408528281,-10.166353300317958,4.358742600000799,1137.9631198958557,-138.15513527510197,256.3905096708319,False,146.60000000000002,7.410101862375632,-4.327338476523323,1050.5539343135013,-10.29665020740437,8.581111111108155,120.28399999996475,-6.289147546152649,5.839014823794635,-87.40918558235444,127.8584850676976
665816.0,0.5256,-1.1599,10.4659,0.0041,0.0126,9.8066,0.0469,-0.0804,0.0248,155.18,-86.28,49.63,53.05157,-1.784268,12.4,4,134.92,19 / 21,13.633640559957303,-10.227822393004375,4.393876500000791,1139.357097284248,-139.19523823546115,256.83689324493184,False,146.702,7.407490891652286,-3.919503283193235,1051.310550773707,-10.682274212675754,8.380549999999216,117.88447999998112,-6.226149668305017,6.308319109811141,-88.04654651054102,128.51296402278538
665915.0,-0.8892,1.2969,10.365,0.0123,-0.0143,9.8066,0.0392,0.3178,-0.1451,153.72,-86.24,50.7,53.05157,-1.784268,12.4,4,134.92,19 / 21,13.66277581803072,-10.239855690446703,4.45414770000075,1140.7082698949575,-140.20838830059128,257.2748704428316,False,146.80099999999993,7.427577369568635,-3.8178297403100414,1052.0384265026098,-11.056333946237089,8.351375000004984,117.20312000005597,-6.235198448462086,6.422025950136661,-88.66984339234773,129.1520543543542
666015.0,0.5562,1.8153,10.2618,0.0355,0.0125,9.8065,0.0269,0.1081,0.0538,155.44,-86.27,53.47,53.05157,-1.784268,12.4,4,134.92,19 / 21,13.752799553649295,-10.387749370403046,4.504822700000761,1142.079048663542,-141.239768553634,257.7228189628318,False,146.90099999999995,7.398501930402642,-3.501093973018991,1052.773855028372,-11.411824126152016,8.185088888888757,115.32430000001443,-6.354297623246653,6.886655397384056,-89.30519363516987,129.82794442748198
666115.0,0.0039,1.4895,10.5435,0.0185,-0.0155,9.8066,-0.023,0.3116,-0.0804,164.56,-86.49,60.71,53.05157,-1.784268,12.4,4,134.92,19 / 21,13.79237671002603,-10.56975843859074,4.564422700000775,1143.456307476726,-142.28764394408392,258.17628123283197,False,147.00099999999998,7.463415849375023,-3.378030726106211,1053.5289341936302,-11.734178217951884,8.192311111111126,114.35184000000011,-6.328960860651007,7.19172771248453,-89.92737328309568,130.55346572613203
666215.0,0.5859,1.8246,10.4597,0.0236,0.0022,9.8066,0.0537,0.2985,-0.0124,170.03,-86.59,67.11,53.05157,-1.784268,12.4,4,134.92,19 / 21,13.804375233820577,-10.753436804515458,4.633917700000791,1144.8361450739185,-143.3538037062395,258.6361982528322,False,147.101,7.38969912712645,-3.1569936925245554,1054.2641622026763,-12.045412818705211,8.03583888888849,113.13286999997777,-6.414676106694127,7.596443111990903,-90.5719828712422,131.30839088753427
666314.0,0.7732,-0.7783,10.2508,0.0349,0.0279,9.8065,-0.0145,0.1069,0.0552,170.73,-86.66,71.65,53.05157,-1.784268,12.4,4,134.92,19 / 21,13.75192714491183,-10.832583737776586,4.688229100000754,1146.200182041665,-144.42231172308223,259.0976445194319,False,147.19999999999993,7.444674182917095,-2.952816883038132,1054.9920379316186,-12.342636856844765,8.00888888888761,111.63499999999011,-6.3072529619947355,7.879766854738454,-91.2081441100463,132.07967486623747
666414.0,0.9044,2.5973,10.1452,0.0163,-0.0049,9.8066,0.0451,0.3249,-0.108,173.55,-86.87,75.52,53.05157,-1.784268,12.4,4,134.92,19 / 21,13.681130203805708,-10.951854034209097,4.727364100000763,1147.5718349091012,-145.51153361168176,259.5684241794321,False,147.29999999999995,7.420541600723151,-2.89120884519367,1055.7339498316046,-12.642863159388902,7.96388888889022,111.2870000000103,-6.260588603082557,8.060645189015426,-91.8378850774966,132.86867045229286
666514.0,2.4434,1.3775,9.3546,0.0077,0.0247,9.8066,-0.0077,-0.1889,0.1201,180.8,-86.91,79.6,53.05157,-1.784268,12.4,4,134.92,19 / 19,13.530097214915406,-11.170717851585422,4.721689100000762,1148.9323962800377,-146.61766220597173,260.04087683943226,False,147.39999999999998,7.37044956173543,-2.6667561099429222,1056.4624939496443,-12.8986114901316,7.838055555557415,109.89100000002064,-6.1596476531799755,8.5039617416425,-92.46990233039332,133.71905071584013
666615.0,-0.4829,-1.1902,9.7511,-0.0184,-0.026,9.8065,0.0138,-0.0479,0.1073,178.07,-86.85,80.67,53.05157,-1.784268,12.4,4,134.92,19 / 19,13.429851938364683,-11.195527689076426,4.696055300000762,1150.2938737122784,-147.74715760577513,260.51647293163234,False,147.50099999999998,7.424882579079783,-2.3687732172165368,1057.2050073998573,-13.123225241423775,7.793588888888902,107.69423000000006,-6.0049693592849,8.82675447185989,-93.08886631242103,134.62393236435136
666715.0,-0.2803,0.7404,9.7453,0.0143,-0.0112,9.8065,-0.0354,0.0128,0.0839,177.52,-86.92,80.05,53.05157,-1.784268,12.4,4,134.92,19 / 19,13.469828887143871,-11.189256007094396,4.690210300000761,1151.638857753554,-148.86639679058393,260.9857862116325,False,147.601,7.313985387511869,-2.2490209677015978,1057.9334846789998,-13.34494792532753,7.652069444441771,107.09169999995403,-6.1558434996320015,8.9402350393928,-93.70537307455425,135.52144886525642
666815.0,0.8049,0.0175,10.1271,0.0177,0.0036,9.8065,0.088,-0.0234,0.0149,178.47,-87.05,80.66,53.05157,-1.784268,12.4,4,134.92,19 / 19,13.447409815820967,-11.245230307155405,4.703165300000764,1152.9847196887026,-149.9881211062967,261.4554549916327,False,147.70100000000002,7.249917290194826,-1.805197194815165,1058.6552780671345,-13.500620822823237,7.471294444442576,103.9819699999683,-6.19749252562614,9.44003311234024,-94.3294416215681,136.48750028347345
666915.0,0.3326,1.1494,9.5462,0.0127,-0.0168,9.8066,0.0892,-0.1003,0.0812,180.35,-87.24,82.8,53.05157,-1.784268,12.4,4,134.92,19 / 19,13.391969645854935,-11.322239848919418,4.7061653000007615,1154.3266886617853,-151.1164946140994,261.92592152163235,False,147.80099999999993,7.219957457509189,-1.6528043070950154,1059.3703207253277,-13.656627305086515,7.40672500000065,102.89407999998791,-6.172012188345747,9.669435541824402,-94.95636793645758,137.45986730901288
667015.0,-0.0301,-0.01,10.0144,0.0167,-0.0308,9.8066,0.0478,-0.0665,0.1381,182.36,-87.33,85.52,53.05157,-1.784268,12.4,4,134.92,19 / 19,13.377659547156599,-11.39691133147803,4.703530300000761,1155.6651701214362,-152.25245217311954,262.3964063016325,False,147.90099999999995,7.185980490399105,-1.6963178205426994,1060.0721292793921,-13.844991511000874,7.383511111113325,103.2817300000242,-6.1916790567574935,9.700593510935331,-95.59304084204405,138.40746066211867
667115.0,2.5636,0.8496,10.2631,0.0201,0.0001,9.8066,0.0515,-0.2338,0.1647,186.86,-87.33,90.55,53.05157,-1.784268,12.4,4,134.92,19 / 19,13.246984566028292,-11.44110655267466,4.736740300000768,1156.9964023270957,-153.39435306732744,262.8684198316327,False,148.00099999999998,7.08687054212209,-1.462624260960303,1060.7740046723932,-13.967417124736402,7.236238888888887,101.66128000000009,-6.160114023906202,9.978482291714357,-96.22239765470249,139.42693594259103
667215.0,-2.3478,-2.9052,9.1487,-0.0017,-0.0517,9.8065,0.1478,-0.4829,0.224,196.72,-87.13,98.21,53.05157,-1.784268,12.4,4,134.92,19 / 19,13.266787189599501,-11.380219246488837,4.726665300000766,1158.3220909148774,-154.5354193572859,263.3415901116329,False,148.101,7.121896681997202,-1.3425808994090411,1061.4824302785673,-14.100295062044419,7.247399999997813,100.67530999996521,-6.144890507602299,10.037638347079795,-96.8396606363101,140.43512429524148
667315.0,-1.2116,0.8161,9.709,0.0397,-0.0484,9.8064,0.1561,-0.2493,0.1755,205.91,-87.25,107.88,53.05157,-1.784268,12.4,4,134.92,19 / 19,13.452701558650425,-11.355062433269195,4.6888853000007575,1159.6580653522901,-155.67218344127406,263.8123676416331,False,148.20100000000002,7.02361960838139,-1.0262497793766037,1062.1841051548113,-14.178020316214287,7.09823055555047,98.31245999994958,-6.429081950269035,10.32881265389259,-97.47396019747885,141.49416312505977
667415.0,0.4854,-3.8788,9.3145,-0.0276,-0.0453,9.8064,-0.0849,-0.5168,0.1963,197.36,-87.18,101.65,53.05157,-1.784268,12.4,4,134.92,19 / 19,13.519003512813637,-11.242883848043851,4.659395300000784,1161.0066506058622,-156.8020807553387,264.27978167163275,False,148.30099999999993,6.878507055857929,-0.7885467843926575,1062.8726127657867,-14.244181297551297,6.92369444444255,96.54010000010643,-6.640496456955708,10.454337063651193,-98.13403784007551,142.55789945778739
667515.0,0.3057,-1.342,11.8921,0.0302,-0.0388,9.8065,-0.1864,0.1958,-0.1116,197.6,-87.33,97.8,53.05137,-1.783206,8.73,4,86.31,19 / 21,13.555598474495103,-10.999320427526065,4.739060300000802,1162.360380705228,-157.91419096911744,264.7497044516329,False,148.40099999999995,6.977121080076169,-0.3607722934448103,1063.5677374288573,-14.255078400821953,6.986513888889529,92.95984000003891,-6.578477394418933,10.638548134081255,-98.79264327637065,143.65911256829548
667615.0,-0.4463,-6.2292,11.817,0.0005,0.0923,9.8062,0.1782,-0.332,0.2397,194.07,-87.09,93.23,53.05137,-1.783206,8.73,4,86.31,19 / 21,13.655356478387077,-10.651507731068385,4.9438503000008485,1163.7209284528724,-158.9967323770474,265.2338499816331,False,148.50099999999998,6.94482975478507,-0.047439994592412854,1064.262928930864,-14.244626077255715,6.945038888888878,90.39103999999982,-6.7105267236020065,10.604067736475972,-99.45799952200832,144.7521062997917
667714.0,1.5175,-3.0475,11.0715,0.056,-0.0667,9.8062,0.0099,0.7605,-0.3281,201.04,-87.05,101.95,53.05137,-1.783206,8.73,4,86.31,19 / 21,13.731992827811153,-10.207175740834995,5.105972700000924,1165.0766022435298,-160.02923720890712,265.7313162201334,False,148.60000000000002,7.052309387278008,-0.3047042038089087,1064.9577193994014,-14.299667566162576,7.058888888890974,92.4739999999899,-6.679683440533145,9.902471537026086,-100.1188828441284,145.72956964274454
667814.0,1.615,2.9383,9.498,0.066,-0.0237,9.8064,-0.1192,0.3083,-0.2378,209.21,-86.78,115.61,53.05137,-1.783206,8.73,4,86.31,19 / 21,13.567616730277008,-10.143203749167526,5.153782700000881,1166.441582721433,-161.04675618340633,266.244303990133,False,148.69999999999993,7.196486596935491,-0.2249014449438249,1065.6862635173986,-14.3107870585898,7.199999999986926,91.79000000005799,-6.3711301333415165,9.918302304223701,-100.75531920403432,146.73596912481653
667914.0,-0.2904,0.8793,8.1445,-0.0195,-0.0867,9.8062,-0.2351,0.7606,-0.3773,207.1,-86.38,109.69,53.05137,-1.783206,8.73,4,86.31,19 / 21,13.411360686485185,-10.29413496496244,5.055242700000859,1167.7905315922715,-162.06862311911306,266.7547552601332,False,148.79999999999995,6.724947090150544,-0.45020732430425403,1066.3546526165117,-14.377504014553537,6.7400000000135964,93.8299999999397,-6.686413596334641,9.843927640658187,-101.4358789757598,147.6911191045595
668015.0,0.7011,8.2265,6.9842,-0.0539,-0.1041,9.8059,-0.2202,1.0309,-0.5967,199.17,-87.02,103.92,53.05137,-1.783206,8.73,4,86.31,19 / 21,13.22876577197602,-10.738151931779546,4.828770400000861,1169.1358579784237,-163.1307536073985,267.2538979216833,False,148.90099999999995,6.899774937617922,-0.33010268405206267,1067.0495767628895,-14.400632559527756,6.907711111116166,92.74011999996858,-6.328990834358098,10.408049247727483,-102.0862812155342,148.73012104787074
668115.0,1.022,-5.5009,7.7942,-0.0858,-0.0897,9.8058,-0.2219,0.2767,-0.223,171.95,-87.27,80.82,53.05137,-1.783206,8.73,4,86.31,19 / 21,12.971320692162347,-10.867259851523215,4.587025400000806,1170.445862301631,-164.2110241965639,267.7246877116835,False,149.00099999999998,6.548924770864646,-0.5507955254681675,1067.698114705747,-14.488698941639733,6.572099999999991,94.80787000000021,-6.422395921297701,10.316464326055048,-102.747747595884,149.72232525492416
668215.0,1.4254,3.0502,6.7856,-0.1041,-0.112,9.8054,-0.3353,0.7125,-0.4243,154.31,-86.94,60.54,53.05137,-1.783206,8.73,4,86.31,19 / 21,12.890655964969298,-10.786712150330096,4.335350400000749,1171.738961134488,-165.29372279665682,268.17080650168367,False,149.101,6.666360959125231,-0.29066188490369466,1068.3668379994192,-14.488587746701167,6.672738888892912,92.49741999996978,-6.224295005844067,10.496050265426401,-103.3721231350687,150.80513504995565
668315.0,-1.8855,-4.3142,8.8356,-0.0939,0.0079,9.8062,-0.1722,-0.1996,0.1473,139.65,-86.06,46.21,53.05137,-1.783206,8.73,4,86.31,19 / 21,12.83560428824505,-10.743494273490244,4.135745400000704,1173.0252741471488,-166.37023311784807,268.59436129168387,False,149.20100000000002,6.944542062555278,-0.05707646617706026,1069.068646553509,-14.477913032587463,6.944788888891476,90.47076000003092,-5.891062225689772,10.686417807313184,-103.95662759363972,151.89232008526062
668415.0,0.763,0.5489,8.5342,-0.049,-0.0901,9.8061,-0.253,0.3939,-0.3273,125.71,-85.27,32.41,53.05137,-1.783206,8.73,4,86.31,19 / 21,12.781785082041619,-10.575834316341979,4.023570400000806,1174.306143615662,-167.4361995473387,269.0023270816836,False,149.30099999999993,7.030919907667764,-0.1877485993936231,1069.7703882686255,-14.511049121421717,7.033430555556914,91.52958000001904,-5.750865174373855,10.388085716948355,-104.53575534703646,152.925150425917
668514.0,-0.7508,-3.1782,11.1091,0.0252,-0.0072,9.8066,0.0116,-0.1413,-0.0762,129.1,-84.76,31.3,53.05137,-1.783206,8.73,4,86.31,19 / 20,12.698017205947213,-10.50371691583019,4.025055400000807,1175.567393828918,-168.4796373333317,269.4007340587838,False,149.39999999999998,6.987204912590647,-0.10903190821667276,1070.4585616850788,-14.522057419623371,6.988055555556233,90.8940000000095,-5.710812293356566,10.394685007613516,-105.10883214383921,153.95757991370834
668615.0,2.1768,2.1682,12.2825,0.0178,0.0026,9.8066,0.2305,0.2647,-0.2032,133.3,-84.93,36.84,53.05137,-1.783206,8.73,4,86.31,19 / 20,12.61616298507055,-10.538752478047808,4.215859550000805,1176.8457599285643,-169.54228203772254,269.8169002637589,False,149.50099999999998,6.9643732314960225,-0.07347378228105497,1071.1607044337034,-14.533732886684446,6.964799999999991,90.60419999999982,-5.651789753574528,10.465278695766752,-105.68505549486099,155.0085491510381
668715.0,1.0907,-0.7433,10.7764,0.0315,-0.0186,9.8065,0.2962,-0.2426,-0.0173,144.68,-85.42,47.33,53.05137,-1.783206,8.73,4,86.31,19 / 20,12.567173804458283,-10.705795011739985,4.388139550000844,1178.104926768041,-170.60450941221217,270.2471002187591,False,149.601,7.04825891037513,-0.3102778513524963,1071.862512987794,-14.589330350220305,7.055111111111275,92.52062000002294,-5.518914894083154,10.395517160387488,-106.24241378024703,156.01517906199186
668814.0,1.1863,1.7024,9.0685,0.0814,-0.0181,9.8063,0.1327,0.0522,-0.0238,154.04,-85.84,58.99,53.05137,-1.783206,8.73,4,86.31,19 / 20,12.49617742882004,-10.822708316218796,4.3996037500008365,1179.3455626540874,-171.6701703269454,270.6820935121089,False,149.69999999999993,7.048317209350871,-0.5011494298796627,1072.5573034563313,-14.64437183842814,7.066111111120514,94.06700000002716,-5.447860219469169,10.321558886339133,-106.78825919775613,157.02579848851727
668914.0,2.64,1.8935,8.4613,-0.0146,0.0484,9.8065,0.0243,-0.3096,0.156,158.56,-86.0,64.52,53.05137,-1.783206,8.73,4,86.31,19 / 20,12.400395130331024,-11.077154637828171,4.295428750000813,1180.5903912820452,-172.765163474648,271.11684513710907,False,149.79999999999995,7.368537450296676,-0.6476441597264633,1073.299215356304,-14.72220828752405,7.3969444444346655,95.02299999997174,-5.0318576800343475,10.429510478101708,-107.29117592574107,158.04295518712397
669014.0,0.0903,0.4128,9.0166,-0.0482,0.0065,9.8065,-0.0805,0.1801,-0.0885,153.69,-85.8,58.86,53.05137,-1.783206,8.73,4,86.31,19 / 20,12.32582960163887,-11.249579751995055,4.188658750000789,1181.826702518644,-173.88150019413942,271.5410495121092,False,149.89999999999998,7.429272171498837,-0.5286270523000549,1074.0411272563308,-14.766686258642313,7.4480555555548005,94.07000000001408,-4.896557430140034,10.720952699695001,-107.78557526231316,159.1148139354971
669114.0,0.7356,0.7226,9.7606,-0.0314,0.0452,9.8065,0.0285,-0.4591,0.0829,152.01,-85.44,55.95,53.05137,-1.783206,8.73,4,86.31,19 / 20,12.324883951630719,-11.334292793344437,4.14685375000078,1183.0592381963077,-175.01069382140665,271.9578251371094,False,150.0,7.577166666145642,-0.421639515881246,1074.7964069383181,-14.80004473591945,7.588888888888889,93.185,-4.747717285485077,10.91265327746319,-108.26283125798955,160.2106490854872
669214.0,-2.8943,-0.9351,10.6637,0.0126,0.0266,9.8065,-0.0221,-0.3107,0.1253,151.97,-84.96,55.42,53.05137,-1.783206,8.73,4,86.31,19 / 20,12.424831568555488,-11.289083287225077,4.187403750000789,1184.2967239723173,-176.14186262543538,272.3745380121096,False,150.10000000000002,7.810349104074459,-0.4964493891079693,1075.5784221843073,-14.85564219946271,7.82611111111148,93.63700000001224,-4.614482464481029,10.792633898117108,-108.71830178800997,161.28622042597266
669314.0,0.4508,0.1051,10.7356,0.0379,0.0243,9.8065,0.099,-0.1137,0.1112,155.74,-84.85,59.9,53.05137,-1.783206,8.73,4,86.31,19 / 20,12.521415121875702,-11.209060129440042,4.276703750000708,1185.5440363068378,-177.26676979626762,272.7977433871093,False,150.19999999999993,7.8272835829160465,-0.6112097771214187,1076.3604374302827,-14.93347864785624,7.851111111112611,94.46499999999449,-4.694131538959655,10.597850352318623,-109.18359887655515,162.33329114841138
669414.0,2.1149,-1.7528,10.4505,0.0363,-0.038,9.8065,0.1139,0.0076,-0.0565,161.48,-85.35,63.03,53.05137,-1.783206,8.73,4,86.31,19 / 20,12.382826409886455,-11.189500583373611,4.355343750000726,1186.7892483834262,-178.38669783190855,273.22934576210946,False,150.29999999999995,7.881939441168588,-0.5886341933897133,1077.1491365671814,-14.989076111395127,7.903888888887329,94.27100000000574,-4.500886968717867,10.600866389983898,-109.64011181624483,163.39762172051343
669514.0,0.7673,1.0632,10.0344,-0.0013,0.0014,9.8066,0.0296,-0.4506,0.1187,164.04,-85.54,66.33,53.05137,-1.783206,8.73,4,86.31,20 / 20,12.239194357178347,-11.218096003415353,4.398923750000736,1188.0203494217797,-179.50707766124825,273.6670591371096,False,150.39999999999998,8.142597747402204,-0.7049390315005114,1077.9645712680854,-15.066912559788719,8.173055555551578,94.94799999998999,-4.096596609776142,10.51315697191484,-110.05577815369429,164.4401651014595
669614.0,-0.5966,-4.6341,9.4163,-0.0063,0.0375,9.8065,-0.0033,-0.6743,0.4297,163.99,-85.69,63.14,53.05137,-1.783206,8.73,4,86.31,20 / 20,12.188075953986917,-11.065407041541652,4.390793750000734,1189.2417129373382,-180.62125281349634,274.1065450121098,False,150.5,8.087178386841858,-0.7626121544008275,1078.7733220780365,-15.14474900889029,8.123055555555554,95.387,-4.10089756714506,10.302794887140825,-110.46839085930173,165.47650380460604
669714.0,2.6298,2.3151,9.452,-0.0003,0.0342,9.8065,-0.068,-0.0875,0.0969,156.96,-86.02,58.74,53.05137,-1.783206,8.73,4,86.31,20 / 20,12.084527354376318,-11.008585067266601,4.353543750000726,1190.4553431027566,-181.724952418937,274.54376188710995,False,150.60000000000002,8.278317692770731,-0.7682477688987777,1079.6021245610088,-15.222585457284374,8.313888888893043,95.3019999999851,-3.806209661605587,10.240337298367823,-110.85321854174776,166.50236696165263
669814.0,0.4509,-1.7194,9.3852,0.0124,0.0546,9.8064,0.0633,-0.2501,0.1627,159.22,-85.9,58.36,53.05137,-1.783206,8.73,4,86.31,20 / 20,11.9653111122383,-11.11003483594573,4.314738750000761,1191.6578350260863,-182.8308834140966,274.9771760121096,False,150.69999999999993,8.570884892140342,-0.6433950307513391,1080.4643464988415,-15.289302412545881,8.594999999995082,94.29300000002266,-3.3944262200979587,10.46663980519439,-111.19348852724488,167.54158100155072
669914.0,0.9099,-2.0691,10.0433,0.0308,0.0262,9.8065,0.0471,-0.0704,0.0491,164.63,-86.08,64.18,53.05137,-1.783206,8.73,4,86.31,20 / 20,11.849419689512516,-10.96629368296042,4.305498750000759,1192.848571566174,-183.93469984004216,275.4081878871098,False,150.79999999999995,8.3887330558274,-0.7471987309030247,1081.2998328726799,-15.367138861641791,8.421944444449561,95.08999999997644,-3.460686633685116,10.219094952057395,-111.54873869349422,168.56756097840037
670014.0,0.2582,0.0334,10.0775,0.0115,-0.02,9.8066,0.0684,0.034,-0.0577,170.48,-86.18,67.45,53.05137,-1.783206,8.73,4,86.31,20 / 20,11.77101407833216,-10.899316229309225,4.330873750000765,1194.0295932545666,-185.02798033565588,275.84000651211,False,150.89999999999998,8.420262666906257,-0.6199707529365563,1082.1420031375594,-15.422736325185381,8.443055555555242,94.21100000001299,-3.350751411425902,10.279345476372669,-111.88759011700722,169.6052440104705
670114.0,2.5665,1.1305,10.1276,0.0091,0.0165,9.8065,0.062,-0.2739,0.1353,173.83,-86.28,71.43,53.05137,-1.783206,8.73,4,86.31,20 / 20,11.641018738215394,-10.990413729285407,4.360463750000772,1195.2001948953944,-186.12246683358586,276.2745733871102,False,151.0,8.462591367965896,-0.6162567150377424,1082.9841734024658,-15.478333788020993,8.485,94.165,-3.178427370249498,10.374157014247665,-112.21602149292858,170.64413304556487
670214.0,0.5431,-1.858,9.7303,0.0387,0.0104,9.8065,0.0495,-0.3489,0.1753,177.58,-86.41,75.86,53.05137,-1.783206,8.73,4,86.31,20 / 20,11.49134525483657,-10.986268973726267,4.372693750000774,1196.3568130950473,-187.2213009687367,276.71123126211035,False,151.10000000000002,8.487548237473755,-0.7555524365988817,1083.8330275583526,-15.567289730255217,8.52111111111071,95.08699999999631,-3.0037970173628157,10.230716537127385,-112.52378553669473,171.65401123848147
670314.0,-0.4339,2.3672,9.8491,-0.0021,0.023,9.8066,0.0783,-0.0452,0.0365,175.44,-86.69,77.12,53.05137,-1.783206,8.73,4,86.31,20 / 20,11.493968796157526,-11.028440126456069,4.370998750000776,1197.506078797596,-188.3220364237448,277.14841588711005,False,151.19999999999993,8.46363887769165,-0.7162160321905919,1084.6818817142512,-15.634006686223415,8.493888888885992,94.83699999997434,-3.030329918465876,10.312224094265476,-112.82419708334487,172.6880297375214
670414.0,1.6421,-1.7255,9.5314,0.0351,0.0439,9.8064,0.0065,-0.3079,0.1537,182.51,-86.61,82.27,53.05137,-1.783206,8.73,4,86.31,20 / 20,11.448635998317354,-11.072560654604679,4.359358750000774,1198.65320903732,-189.4270864627981,277.5849337621102,False,151.29999999999995,8.372170858976926,-0.575748787918484,1085.5106841970962,-15.689604148347657,8.391944444447457,93.93400000002669,-3.076465139340428,10.496811866686196,-113.14252484022381,173.73748231445043
670515.0,1.496,1.5855,9.4045,0.0474,0.0095,9.8065,-0.0609,0.0231,-0.0227,187.53,-86.51,87.47,53.05137,-1.783206,8.73,4,86.31,20 / 20,11.284226579301599,-11.069293985056765,4.325150050000774,1199.8012185974899,-190.54525012210098,278.0235014565103,False,151.40099999999995,8.453743003777877,-0.5457775712269255,1086.3679600556318,-15.745535197378079,8.471361111110738,93.69395000001792,-2.830483575523722,10.523516413829839,-113.4332585418581,174.7997149247229
670615.0,0.9226,-2.4316,10.6824,-0.0102,0.0583,9.8064,0.1928,-0.241,0.1268,187.87,-86.36,87.91,53.05137,-1.783206,8.73,4,86.31,20 / 20,11.169813414049065,-11.029094302702932,4.348830050000779,1200.9239205971576,-191.65016953648922,278.45720046151047,False,151.50099999999998,8.488478844015741,-0.3705008107885117,1087.2102639983837,-15.779004870286627,8.496561111111106,92.49924000000001,-2.6813345700333233,10.65859349191442,-113.71365659877392,175.8711646662026
670715.0,-1.2886,-1.5976,9.7766,-0.0335,-0.0259,9.8065,0.0009,0.3234,-0.1414,193.59,-86.34,91.72,53.05137,-1.783206,8.73,4,86.31,20 / 20,11.220403941237628,-10.857510981472753,4.3911150500007885,1202.0434314649222,-192.74449980069824,278.89419771651063,False,151.601,8.534016046440433,-0.34656130189024953,1088.065735206315,-15.823371645772163,8.54104999999991,92.32547000000069,-2.6863878947971944,10.510949679582504,-113.97769625860724,176.92112815492607
670816.0,1.051,-1.1457,10.0255,0.0096,-0.0079,9.8066,-0.0165,0.2882,-0.2395,192.54,-86.48,89.66,53.05137,-1.783206,8.73,4,86.31,20 / 20,11.26086297229324,-10.744163440536598,4.400649450000788,1203.1787354440555,-193.8353843590097,279.3381818237607,False,151.702,8.526530242413214,-0.3491008098712839,1088.9230779037848,-15.856618928824458,8.533722222220439,92.34433999996139,-2.734332729880025,10.395062630665313,-114.2556575402707,177.97876543018526
670914.0,-1.593,-1.4099,9.7316,0.0142,-0.0629,9.8063,-0.0594,0.323,-0.2144,192.28,-86.27,93.12,53.05137,-1.783206,8.73,4,86.31,20 / 20,11.31151450526045,-10.644561606409649,4.407695650000785,1204.284781940455,-194.8834318863096,279.76979073366056,False,151.79999999999995,8.469849147253383,-0.14621518249482504,1089.754954976467,-15.867516031400802,8.471111111112998,90.98900000004089,-2.8416653580070665,10.498346423914825,-114.52982696398817,179.0159158549088
671014.0,-0.4241,3.0109,9.886,-0.0093,-0.0277,9.8065,0.022,0.315,-0.1242,195.69,-86.53,96.92,53.05137,-1.783206,8.73,4,86.31,20 / 20,11.381278360689688,-10.7608483151751,4.407910650000785,1205.4194215837529,-195.95370238238908,280.2105710486607,False,151.89999999999998,8.459927624567088,-0.03499410077794324,1090.6038091323537,-15.86751603140113,8.460000000000163,90.23700000001111,-2.9213507361225997,10.725854214397156,-114.81561245139915,180.08618635098796
671114.0,1.6977,-2.4872,10.2982,0.0241,-0.0313,9.8065,-0.0008,0.2632,-0.0217,203.61,-86.62,102.99,53.05137,-1.783206,8.73,4,86.31,20 / 20,11.328537871189663,-10.780737351900411,4.4364556500007915,1206.5549123953472,-197.0307816657431,280.6527893636609,False,152.0,8.531682467412288,0.0668601401150584,1091.4593471792207,-15.86751603140113,8.531944444444445,89.551,-2.796855403777375,10.84759749201547,-115.09556521612649,181.16326563434197
671214.0,-0.2344,4.8599,9.4299,0.0269,-0.0732,9.8063,-0.1321,0.6132,-0.3558,203.66,-86.62,106.04,53.05137,-1.783206,8.73,4,86.31,20 / 20,11.208117960981841,-10.876917260455427,4.442195650000793,1207.681745186956,-198.11366439636112,281.09672192866105,False,152.10000000000002,8.478760303426014,0.23239035199585323,1092.3082013351077,-15.845277045842492,8.481944444445126,88.43000000000187,-2.729357657555827,11.10930761245128,-115.37354385184835,182.26838735051862
671314.0,-0.3777,0.4976,9.3893,-0.0159,0.0109,9.8066,0.0475,-0.1808,0.0424,201.51,-86.35,103.84,53.05137,-1.783206,8.73,4,86.31,20 / 20,11.124428160375905,-11.151214216784348,4.4024906500008285,1208.798372493023,-199.21507097022211,281.5389562436607,False,152.19999999999993,8.525347321723451,0.21490603210523626,1093.1637393819872,-15.823038060990886,8.528055555556179,88.55599999998502,-2.599080838652453,11.366120248889585,-115.63463311103578,183.39203290923123
671414.0,0.4371,4.6752,9.3366,0.006,-0.0262,9.8065,-0.1171,0.3635,-0.1426,200.44,-86.24,102.69,53.05137,-1.783206,8.73,4,86.31,20 / 20,11.025883097777145,-11.409794081736903,4.358120650000819,1209.9058880559307,-200.34312138514844,281.9769868086609,False,152.29999999999995,8.544941505593409,0.294065751109843,1094.0192774288187,-15.789679583009017,8.549999999999352,88.02900000001557,-2.4809415921837363,11.703859832846746,-115.88661062711208,184.55344180213942
671514.0,-0.1565,-0.5105,9.8377,0.0089,0.06,9.8064,-0.0067,-0.3981,0.2317,197.47,-86.16,99.29,53.05137,-1.783206,8.73,4,86.31,19 / 20,10.934624705376802,-11.61646005598452,4.336170650000814,1211.0039134460887,-201.49443409203477,282.4117013736611,False,152.39999999999998,8.530871894661374,0.3699299577886406,1094.8681315847057,-15.7563211043174,8.538888888889051,87.51700000000757,-2.403752810715428,11.98639001377316,-116.13578186138307,185.73811298771736
671614.0,0.0507,-4.0066,10.7462,-0.0121,-0.0053,9.8066,0.077,-0.1203,0.0975,195.55,-85.87,97.24,53.05137,-1.783206,8.73,4,86.31,19 / 20,10.997481815565113,-11.418209300695548,4.384700650000825,1212.1005187721362,-202.64616755986904,282.8477449386613,False,152.5,8.632542674546178,0.4427438261521973,1095.7303535225665,-15.711843134614934,8.643888888888888,87.064,-2.364939141018935,11.860953126847745,-116.37016524956971,186.93432442525412
671714.0,-0.3132,2.6709,10.1,0.0045,0.0575,9.8064,0.1031,-0.0912,0.0759,193.44,-85.54,98.68,53.05137,-1.783206,8.73,4,86.31,19 / 20,11.030018703570866,-11.375597491143493,4.446345650000839,1213.2018937980931,-203.78585789946126,283.2892972536615,False,152.60000000000002,8.604014180509315,0.542675567662819,1096.592575460454,-15.656245671071998,8.621111111112276,86.39100000000221,-2.4260045230615503,11.918273058806312,-116.60931833763902,188.12961222838928
671814.0,2.3672,-1.1111,9.66,-0.0008,0.0437,9.8065,-0.0088,-0.2237,0.1315,194.87,-85.51,100.12,53.05137,-1.783206,8.73,4,86.31,19 / 20,10.91125806672906,-11.442612328978507,4.453680650000832,1214.2989576366072,-204.92676839046632,283.7342985686612,False,152.69999999999993,8.684141423370983,0.5250597479795934,1097.4614812892949,-15.60064820752913,8.700000000003236,86.5399999999892,-2.2271166433580767,11.9676720769581,-116.8374763473123,189.3261201829372
671914.0,-1.0424,-0.045,10.6516,-0.0068,-0.0194,9.8066,-0.0633,0.213,-0.0246,193.42,-85.65,98.65,53.05137,-1.783206,8.73,4,86.31,19 / 20,10.859527883570076,-11.386007930362473,4.48859565000084,1215.3874969341223,-206.06819940343362,284.1814123836614,False,152.79999999999995,8.794101331332259,0.5902703786229875,1098.3437549000862,-15.545050744697564,8.813888888885522,86.16000000001122,-2.065426552237817,11.97627830898546,-117.04374203403609,190.52314865873606
672014.0,-0.1149,2.2721,10.357,0.0063,-0.0017,9.8066,-0.097,0.1991,0.0627,189.87,-85.85,98.02,53.05137,-1.783206,8.73,4,86.31,19 / 20,10.89489285634751,-11.526479493419163,4.558360650000856,1216.4752179711184,-207.21382377462297,284.63376019866155,False,152.89999999999998,8.713359356122387,0.4505482561248081,1099.2059768379477,-15.511692266712611,8.725000000001314,87.039999999987,-2.1815335002251235,11.977027749543971,-117.26924113317068,191.70213150791037
672114.0,0.5669,0.6071,9.4665,0.0309,0.006,9.8065,-0.1249,0.147,0.0786,192.86,-86.02,98.07,53.05137,-1.783206,8.73,4,86.31,19 / 20,10.844734689100408,-11.68034031400384,4.568870650000859,1217.562199348391,-208.3741647649944,285.0901217636617,False,153.0,8.702242026595698,0.6561577912144,1100.0748826668023,-15.433855817611697,8.726944444444445,85.68799999999999,-2.1424926625047096,12.33649810521824,-117.48731668158871,192.9403089473827
672214.0,0.6613,1.4403,10.3594,-0.0295,-0.0296,9.8065,0.1648,0.0592,-0.0874,193.58,-86.12,98.48,53.05137,-1.783206,8.73,4,86.31,19 / 20,10.758768339355461,-11.783463845479583,4.5795006500008615,1218.642374499814,-209.54735497296883,285.5475403286619,False,153.10000000000002,8.94405687665215,0.5959451313695094,1100.9705240595924,-15.378258354775921,8.963888888891464,86.18799999998865,-1.8147114627033112,12.379408976849092,-117.67185044022153,194.16909661819292
672314.0,1.4457,0.9546,11.5993,0.0106,-0.002,9.8066,0.0534,0.107,-0.006,194.13,-86.07,102.96,53.05137,-1.783206,8.73,4,86.31,19 / 20,10.625247226017356,-11.891913056303938,4.696770650000755,1219.7115752780817,-210.73112381805694,286.0113538936616,False,153.19999999999993,9.108888764153178,0.7295236929875736,1101.8795332344214,-15.311541398807092,9.138055555551544,85.42099999998551,-1.5163584618641774,12.621436749291512,-117.8320420436603,195.41958241924985
672414.0,-2.1857,-0.2659,9.9962,0.0081,-0.0023,9.8066,0.0323,-0.0524,-0.019,202.31,-86.0,108.99,53.05137,-1.783206,8.73,4,86.31,19 / 20,10.645608134979925,-11.96700909849752,4.795880650000778,1220.7751180461319,-211.92406992579728,286.4859864586618,False,153.29999999999995,8.961479510908825,0.7980565844950678,1102.7751746272127,-15.233704950418504,8.996944444448616,84.91100000001508,-1.6841286240711,12.765065682992589,-117.9999434189192,196.69036497537877
672514.0,-0.0321,0.6855,11.4314,0.0162,-0.0084,9.8065,-0.0845,0.2394,-0.0036,203.75,-85.91,110.78,53.05137,-1.783206,8.73,4,86.31,19 / 20,10.733936505661188,-12.045126488623174,4.886595650000799,1221.844095278164,-213.1246767051536,286.970110273662,False,153.39999999999998,9.061941840685403,0.6468655780077064,1103.6774999110091,-15.166987993742262,9.084999999998699,85.91699999998514,-1.6719946649757844,12.69199206663088,-118.16659536715497,197.95768871141135
672614.0,2.6916,2.6034,10.4766,0.0454,0.0,9.8065,0.0572,0.2424,0.0058,205.97,-85.94,117.07,53.05137,-1.783206,8.73,4,86.31,19 / 20,10.537584859368833,-12.15196469017481,5.001330650000825,1222.9076713464158,-214.33453126409378,287.4645065886622,False,153.5,9.10919863183648,0.7631596369223457,1104.5865090858397,-15.089151545348178,9.141111111111112,85.211,-1.4283862275323536,12.915124327097155,-118.3211622605761,199.2453797187456
672714.0,0.3959,-1.3398,10.4983,0.0299,-0.031,9.8065,0.0749,0.0598,-0.1003,211.05,-85.81,123.22,53.05137,-1.783206,8.73,4,86.31,19 / 20,10.370115083938439,-12.158752272462529,5.06941065000084,1223.9530563435815,-215.55006711222592,287.9680436536624,False,153.60000000000002,9.145232243697006,0.8108812758148632,1105.5022021516243,-15.011315096954094,9.181111111114095,84.93300000001088,-1.224882840241433,12.969633548277391,-118.4508541919572,200.53875201527183
672814.0,0.6003,-0.7581,9.3374,0.027,-0.0066,9.8065,-0.0083,0.0935,0.1803,215.32,-85.6,128.55,53.05137,-1.783206,8.73,4,86.31,19 / 20,10.376754506401499,-12.058539579107622,5.0805306500008305,1224.9903998230975,-216.7609317048033,288.475540718662,False,153.69999999999993,9.35627385725103,0.7084285897221205,1106.4379468903883,-14.944598140984947,9.383055555554135,85.66999999997451,-1.0204806491504694,12.766968168829742,-118.55245293270923,201.81633356381838
672914.0,0.41,-1.2462,10.5278,0.0074,0.056,9.8064,-0.034,-0.229,0.411,216.92,-85.53,130.32,53.05137,-1.783206,8.73,4,86.31,19 / 20,10.38604366668182,-11.96335827692632,5.093125650000833,1226.0285397317518,-217.96202659760527,288.9842235336622,False,153.79999999999995,9.29424477615418,0.8502588100361744,1107.3603238471126,-14.855642199464189,9.333055555557035,84.77300000002651,-1.09179889052764,12.813617086962495,-118.66821588463927,203.10638439814107
673014.0,-0.2451,-1.5785,10.0543,0.0073,0.0117,9.8066,0.0117,-0.1947,0.095,219.33,-85.88,132.54,53.05137,-1.783206,8.73,4,86.31,19 / 20,10.456883547848745,-11.862843678174059,5.141565650000844,1227.0706860924786,-219.15333669536057,289.4959580986624,False,153.89999999999998,9.455680198958383,0.8289278083171688,1108.309436367865,-14.77780575036229,9.491944444442096,84.98999999999678,-1.0012033488903622,12.691771486491227,-118.76124972461366,204.37553094499827
673114.0,3.7696,3.9189,10.2462,0.047,0.034,9.8064,-0.0323,0.0024,0.0495,219.77,-85.74,133.51,53.05137,-1.783206,8.73,4,86.31,19 / 20,10.236096787048533,-11.854250901065111,5.175925650000852,1228.1053351092237,-220.3391914243228,290.01183266366263,False,154.0,9.580349252055942,0.7543263276799643,1109.2652327796382,-14.711088794393534,9.61,85.49799999999999,-0.6557475349925905,12.608577228745075,-118.84010232958553,205.62810262992926
673214.0,1.3693,1.0854,10.9222,-0.0143,0.0406,9.8065,0.1566,-0.1342,0.214,217.24,-85.32,135.09,53.05137,-1.783206,8.73,4,86.31,19 / 20,9.868733102773138,-11.900890781013794,5.253680650000869,1229.110576603715,-221.526948508427,290.5333129786628,False,154.10000000000002,9.583225096372749,0.7168659234564789,1110.2210291913582,-14.633252346706938,9.609999999998005,85.72200000000419,-0.28550800640038965,12.617756704470274,-118.8895474123567,206.89369616172007
673314.0,0.9739,0.9935,11.1325,0.0025,0.0298,9.8065,0.1035,0.0826,0.0348,220.16,-85.24,138.7,53.05137,-1.783206,8.73,4,86.31,19 / 20,9.70228488166204,-11.92402045077467,5.375750650000758,1230.0891275029358,-222.71819407001536,291.0647845436624,False,154.19999999999993,9.451977018342042,0.6601177506366933,1111.1567739301229,-14.57765488245706,9.474999999998547,86.00500000002691,-0.250307863319998,12.584138201411363,-118.93235357281287,208.1405391875583
673414.0,3.543,0.2091,9.8486,0.0597,0.0341,9.8063,0.0296,0.1088,0.0355,220.01,-84.64,139.6,53.05137,-1.783206,8.73,4,86.31,19 / 20,9.480419205339075,-11.839253940989485,5.444140650000774,1231.048262707286,-223.90635778960385,291.6057791086626,False,154.29999999999995,9.410557285081616,0.5010921814881188,1112.0925186688335,-14.533176912050344,9.4238888888904,86.95199999997202,-0.06986192025745908,12.340346122477603,-118.95574403845262,209.3731808775535
673514.0,-1.2631,1.159,9.8945,0.0067,0.0335,9.8066,-0.1126,-0.1594,0.0158,220.24,-84.16,140.73,53.05137,-1.783206,8.73,4,86.31,18 / 20,9.338568877794836,-11.832954333177874,5.450630650000775,1231.989212111443,-225.08996820331248,292.1505176736628,False,154.39999999999998,9.475099019965311,0.4082242259170434,1113.034947298606,-14.48869894164039,9.483888888888004,87.5329999999914,0.136530142170475,12.241178559094918,-118.95426481283698,210.6012692616721
673614.0,0.8026,-5.5228,10.7214,-0.0202,0.0848,9.8062,0.0417,-0.5069,0.4525,214.4,-84.16,137.33,53.05137,-1.783206,8.73,4,86.31,18 / 20,9.46276008492305,-11.682484535374067,5.500760650000787,1232.9292785595792,-226.26574014674034,292.69808723866305,False,154.5,9.413244561628508,0.5282597671726408,1113.9706920373717,-14.433101478804943,9.428055555555556,86.788,-0.04951552329454145,12.210744302546708,-118.9585865222075,211.83263866793538
673714.0,-2.6188,2.0925,9.9883,-0.0139,0.0245,9.8065,0.0053,0.4786,0.0129,214.13,-84.33,137.89,53.05137,-1.783206,8.73,4,86.31,18 / 20,9.626665436256971,-11.607557301484812,5.5555806500008,1233.8837498356384,-227.43024223858356,293.2509043036633,False,154.60000000000002,9.595111848590658,0.47666568131066794,1114.9331723401126,-14.388623507687504,9.606944444447683,87.15599999999684,-0.031553587666312666,12.08422298279548,-118.95057749552575,213.04161873089606
673814.0,2.7073,-7.957,9.3303,0.0373,0.0354,9.8065,-0.0772,-0.4503,0.2219,215.92,-84.13,139.5,53.05137,-1.783206,8.73,4,86.31,18 / 20,9.791245719983703,-11.381424543105075,5.540845650000813,1234.8546453934496,-228.579691330812,293.80572561866285,False,154.69999999999993,9.812119160099648,0.5241919076133776,1115.9157043158334,-14.333026043437942,9.826111111116251,86.94200000001652,0.020873440115945385,11.905616450718453,-118.93894107761616,214.24666528737407
673914.0,0.9922,2.631,11.3521,0.0955,-0.1087,9.8055,-0.2366,1.3363,-0.5752,215.39,-84.11,139.84,53.05137,-1.783206,8.73,4,86.31,18 / 20,9.789341402429233,-11.073635251497725,5.594300650000825,1235.8336747495705,-229.7024443205424,294.36248293366305,False,154.79999999999995,9.99759446621539,0.43248352938544155,1116.911604073444,-14.299667566163397,10.0069444444391,87.52299999998283,0.20825306378615593,11.506118780883167,-118.9220706761264,215.402776754379
674014.0,-0.38,6.1756,9.646,0.0705,0.0213,9.8063,-0.2047,0.32,0.1225,223.58,-84.15,148.59,53.05137,-1.783206,8.73,4,86.31,18 / 20,9.463584604365176,-11.40355808808031,5.663540650000841,1236.7963210499104,-230.82630398752156,294.92537499866324,False,154.89999999999998,9.943103849161536,0.33922848975697717,1117.9075038311398,-14.266309088179103,9.948888888889748,88.04599999999228,0.47951924479636077,11.742786577837286,-118.88881721877055,216.55999489934246
674114.0,-0.7849,3.1047,11.3801,0.0723,-0.0693,9.8061,-0.1548,0.9246,-0.4987,226.68,-84.18,155.96,53.05137,-1.783206,8.73,4,86.31,18 / 20,9.167027980841466,-11.78899547371626,5.734180650000857,1237.727851679171,-231.98593166561164,295.49526106366346,False,155.0,9.981117654015529,0.3157617775417793,1118.903403588796,-14.232950609487482,9.986111111111112,88.18799999999999,0.8140896731740632,12.10475725125804,-118.82444809037497,217.75298105612416
674214.0,-4.2329,2.1224,9.4922,0.0746,0.0295,9.8062,-0.0389,0.4749,-0.2328,222.94,-83.72,152.34,53.05137,-1.783206,8.73,4,86.31,18 / 20,9.152294280401167,-12.159578585425152,5.797130650000871,1238.6438177922332,-233.183360368569,296.0718266286637,False,155.10000000000002,9.956731984943096,0.29533497586985313,1119.8926194555386,-14.210711623928844,9.961111111114107,88.30100000000272,0.8044377045419289,12.454913561295005,-118.75119833669464,218.97264874464014
674315.0,1.0716,-0.3012,10.1275,0.0245,-0.0098,9.8066,-0.0724,0.4662,-0.1559,223.72,-83.15,151.93,53.05137,-1.783206,8.73,4,86.31,18 / 20,9.196043346670074,-12.34936716890952,5.797453850000871,1239.5704088424004,-234.4210621291629,296.65735314591376,False,155.20100000000002,10.162015128650767,0.26879464925998087,1120.9189309172252,-14.188139055004712,10.165569444449275,88.4848299999995,0.9659717819806932,12.6181618181695,-118.65147792517519,220.23292307415818
674414.0,0.1898,0.236,9.8379,0.0063,-0.0028,9.8066,-0.0516,0.2626,-0.1429,222.2,-83.0,152.75,53.05137,-1.783206,8.73,4,86.31,18 / 20,9.142389676406086,-12.31816228259784,5.814882800000859,1240.478161277042,-235.6421048370117,297.2321638100885,False,155.29999999999995,10.328251281595886,0.27622720213025703,1121.9445739897585,-14.155114161802693,10.331944444439477,88.46800000000049,1.1858616051897997,12.594389484728097,-118.53358728728358,221.486990675209
674514.0,-1.4232,0.0475,9.6828,0.0531,-0.0483,9.8063,-0.1352,0.5551,-0.3476,218.39,-83.09,151.65,53.05137,-1.783206,8.73,4,86.31,20 / 21,9.171478501787243,-12.381096119151856,5.810252800000859,1241.393854685952,-236.87706775709944,297.8134205900887,False,155.39999999999998,10.322128830578055,0.1906257985559008,1122.9738932024234,-14.143994667961733,10.323888888889007,88.941999999993,1.150650328790812,12.571721917707757,-118.4199614835286,222.73307308913772
674614.0,-3.8203,1.5817,11.0912,-0.0086,-0.0121,9.8066,0.0493,0.3061,-0.0871,218.96,-83.21,153.48,53.05137,-1.783206,8.73,4,86.31,20 / 21,9.314736510526737,-12.623556494780198,5.868287800000872,1242.3181654365678,-238.12730038779634,298.3973476200889,False,155.5,10.43998441540505,0.018039016040827045,1124.0165801970488,-14.143994667961568,10.440000000000001,89.90100000000001,1.1252479048783126,12.641595510821025,-118.301585239519,223.98330571983476
674714.0,-2.9901,4.1214,9.5089,0.0448,-0.0379,9.8064,-0.0238,0.1068,-0.0599,221.86,-83.32,156.97,53.05137,-1.783206,8.73,4,86.31,20 / 21,9.3770883039483,-13.072897756939165,5.917627800000884,1243.2527566772917,-239.4121231003826,298.9866434000891,False,155.60000000000002,10.522858095399295,-0.06446494713282662,1125.0659510826683,-14.155114161802036,10.523055555556073,90.35100000001061,1.145769791450995,13.008432809806338,-118.18680559462337,225.25700893858055
674814.0,3.9447,-0.6215,11.7002,-0.0337,0.026,9.8065,0.1969,-0.1802,0.0908,227.36,-83.43,158.32,53.05137,-1.783206,8.73,4,86.31,20 / 21,9.228866430488516,-13.17369327407976,5.997417800000811,1244.1830544140128,-240.72445265193235,299.58239568008867,False,155.69999999999993,10.556217953392332,-0.19697622893504674,1126.1153219683003,-14.177353146653326,10.558055555559841,91.06899999999918,1.3273515229038164,12.976717045144714,-118.06773244571241,226.54709950527902
674914.0,1.6882,1.365,10.609,0.0666,-0.0151,9.8064,-0.1248,0.4465,-0.3376,225.39,-83.18,157.9,53.05137,-1.783206,8.73,4,86.31,20 / 21,8.998514904641118,-13.008743048704487,6.132212800000842,1245.0944234807694,-242.03357446807186,300.1888772100889,False,155.79999999999995,10.707124786014333,-0.1943709113780015,1127.18474452681,-14.199592132210345,10.70888888888443,91.04000000000086,1.7086098813732153,12.814372137326485,-117.90967895395943,227.83398233586152
675014.0,2.9104,-4.1924,10.2835,-0.0532,0.0558,9.8063,0.1822,-0.0966,0.218,223.95,-82.91,158.7,53.05137,-1.783206,8.73,4,86.31,20 / 21,8.920026632834572,-12.758367576992569,6.1961728000008565,1245.9903505576433,-243.321929999357,300.8052964900891,False,155.89999999999998,10.824974482658183,-0.20652712375814267,1128.2675348673845,-14.22183111706166,10.826944444442699,91.09299999999922,1.9049478498236105,12.551840453234426,-117.72281569025881,229.10009888229533
675114.0,0.7761,-2.4531,10.1939,0.0399,-0.047,9.8064,0.0574,0.8531,-0.4508,223.12,-82.6,160.36,53.05137,-1.783206,8.73,4,86.31,20 / 21,9.005191451181053,-12.404322957280154,6.239377800000867,1246.8866114618443,-244.5800645260709,301.4270740200893,False,156.0,10.863837904233293,-0.22225361539543595,1129.3503252079593,-14.244070102620299,10.866111111111111,91.172,1.8586464530522395,12.182069341884718,-117.53628625388501,230.33599442345061
675214.0,-3.3805,7.6714,10.8253,0.0414,-0.0328,9.8065,-0.0466,0.6014,-0.4153,223.84,-82.4,161.73,53.05137,-1.783206,8.73,4,86.31,20 / 21,8.905888673407416,-12.695934165420999,6.309672800000882,1247.7821654680738,-245.83507738220626,302.0545265500896,False,156.10000000000002,11.031167587340143,-0.3302879301804348,1130.4531672215287,-14.288548073737411,11.036111111111861,91.71500000000472,2.1252789139327266,12.365646235240565,-117.3289982465451,231.54652930846885
675315.0,1.0355,0.9644,11.4936,0.0537,-0.0629,9.8062,0.072,0.6096,-0.3726,224.98,-82.19,163.65,53.05137,-1.783206,8.73,4,86.31,20 / 21,8.677882585865538,-13.104977729086709,6.446305600000882,1248.670145916667,-247.1380234328789,302.6987034592897,False,156.20100000000002,11.080592185461482,-0.39374832753452743,1131.5737883851227,-14.322351331433163,11.087586111112953,92.03514000000328,2.402709599595944,12.711229401552181,-117.0963575315443,232.81567210144573
675415.0,-3.388,4.9943,7.8691,0.1022,-0.0005,9.8061,-0.2866,0.7442,-0.2927,224.07,-81.66,163.58,53.05137,-1.783206,8.73,4,86.31,20 / 21,8.543897317854421,-13.413455933550411,6.433775600000893,1249.5312349118522,-248.46394511600954,303.3427075192892,False,156.30099999999993,11.143275721971039,-0.41795358172465225,1132.6722190305659,-14.36638452283734,11.15111111111111,92.148,2.5993784041166172,12.99550235182576,-116.85901588128627,234.0975605931722
