time,acc_x,acc_y,acc_z,grav_x,grav_y,grav_z,gyro_yaw,gyro_pitch,gyro_roll,orient_yaw,orient_pitch,orient_roll,gps_lat,gps_lon,gps_speed,gps_accuracy,gps_orient,gps_sats,ins_vel_x,ins_vel_y,ins_vel_z,ins_pos_x,ins_pos_y,ins_pos_z,ins_is_reset,_t_sec,true_vel_x,true_vel_y,true_pos_x,true_pos_y,true_speed_ms,true_heading,err_vel_x,err_vel_y,err_pos_x,err_pos_y
93513.0,-2.3859,-0.4588,9.3721,-0.0214,-0.0318,9.8065,0.0287,0.2522,-0.0201,163.52,-83.52,58.05,52.81381,-1.636821,9.53,6,71.8,21 / 21,8.86925394412536,3.1828148670168006,0.0,0.0,0.0,0.0,False,0.0,8.86925394412536,3.1828148670168006,0.0,0.0,9.423055555555555,70.259,0.0,0.0,0.0,0.0
93612.0,-1.3695,1.4937,9.8621,-0.0076,-0.0327,9.8066,0.0039,0.1658,-0.1857,164.09,-83.71,57.06,52.81381,-1.636821,9.53,6,71.8,21 / 21,9.074622035185145,3.1555887448374524,-0.018765449999997984,0.8882218609757762,0.3137509787867524,-0.0009288897749998021,False,0.09899999999998954,8.606131723779715,3.1820175869393132,0.8250339449626496,0.34125723022123333,9.17555555556999,69.7085600000321,-0.4684903114054304,0.026428842101860806,-0.06318791601312657,0.027506251434480933
93712.0,-2.4321,0.7163,9.704,0.011,0.0182,9.8066,0.0078,0.0992,0.073,165.76,-83.57,58.38,52.81381,-1.636821,9.53,6,71.8,21 / 21,9.300260713789909,3.0671967255342727,-0.021125449999998103,1.8069659984246071,0.6248902523053652,-0.0029234347749997765,False,0.19899999999999807,8.760658479423652,2.9876063032206432,1.7116295626676616,0.619911717492114,9.25610555555188,71.1691899999351,-0.5396022343662565,-0.07959042231362945,-0.0953364357569455,-0.0049785348132511675
93812.0,-1.9942,-0.6486,10.7102,-0.0009,-0.0154,9.8066,-0.0726,0.2127,-0.147,164.34,-83.72,57.34,52.81381,-1.636821,9.53,6,71.8,21 / 21,9.526763001850114,3.089970303273663,0.01891954999999973,2.748317184206555,0.9327486037457445,-0.0030337297749996888,False,0.2989999999999924,8.832905492804537,2.506830225465553,2.6120698359844496,0.8428575449011431,9.181869444446669,74.15597999991198,-0.6938575090455767,-0.5831400778081104,-0.13624734822210538,-0.08989105884460147
93912.0,-2.4606,-0.0619,10.0948,-0.0061,-0.0083,9.8066,-0.0162,0.1458,-0.0258,162.94,-83.53,57.35,52.81381,-1.636821,9.53,6,71.8,21 / 21,9.744043611827882,3.1569164825369502,0.07850455000000486,3.711857514890537,1.2450929430363018,0.0018374752250009565,False,0.3990000000000009,8.763323266866148,2.502867785910187,3.48603052523774,1.0982722908616742,9.11373611111211,74.06027000000186,-0.9807203449617337,-0.6540486966267633,-0.22582698965279713,-0.14682065217462759
94012.0,-2.8021,1.0872,10.2921,-0.0029,-0.007,9.8066,-0.0172,0.3008,-0.0639,165.05,-83.59,58.1,52.81381,-1.636821,9.53,6,71.8,21 / 21,10.023266487383257,3.1492665908102158,0.11718455000000266,4.7002230198510375,1.5604020967036423,0.011621930225000777,False,0.4989999999999952,8.748371774378585,2.5374383185848406,4.366375885784602,1.3650289198044714,9.108930555555558,73.82536000000005,-1.274894713004672,-0.6118282722253752,-0.33384713406643574,-0.1953731768991709
94112.0,-1.9156,2.2599,9.8393,-0.0002,-0.0111,9.8066,-0.0059,0.1386,0.0043,164.11,-83.52,58.65,52.81381,-1.636821,9.53,6,71.8,21 / 21,10.308529554355768,3.019973985140158,0.1430895500000012,5.716812821937931,1.8688641255011436,0.02463563522500023,False,0.5989999999999895,8.642636212722419,2.479175173173229,5.226827954658268,1.6098801486583443,8.991188888895753,73.99426999999002,-1.6658933416333497,-0.5407988119669289,-0.48998486727966295,-0.2589839768427993
94212.0,-2.7983,-0.253,9.8036,-0.0013,-0.0206,9.8066,0.0075,0.3463,-0.0504,164.83,-83.61,59.47,52.81381,-1.636821,9.53,6,71.8,21 / 21,10.576194225168956,2.955904571198583,0.14456955000000135,6.761049010914256,2.1676580533181062,0.039018590225001586,False,0.6989999999999981,8.63862890597039,2.303550754751249,6.100385401499012,1.8324923912791793,8.94050000000219,75.06915999995249,-1.9375653191985673,-0.6523538164473339,-0.660663609415244,-0.33516566203892695
94312.0,-1.4615,1.2661,10.395,-0.0038,-0.0324,9.8066,-0.0062,0.0877,0.11,165.09,-83.71,59.79,52.81381,-1.636821,9.53,6,71.8,21 / 21,10.807444235884295,2.9318079428672603,0.1738345499999997,7.830230933966858,2.4620436790213818,0.05493879522500074,False,0.7989999999999924,8.532230649579105,2.5400309534130083,6.947463264251038,2.109923733641515,8.902325000001115,73.42175000004912,-2.27521358630519,-0.391776989454252,-0.88276766971582,-0.3521199453798669
94412.0,-1.8256,-0.5681,10.3189,0.0059,-0.0105,9.8066,0.0031,0.187,-0.0207,165.26,-83.78,59.99,52.81381,-1.636821,9.53,6,71.8,21 / 21,10.987899209122615,2.9095363069352316,0.22886455000000439,8.919998106217296,2.754110891511531,0.07507375022500266,False,0.8990000000000009,8.508624895204836,2.4291603577287417,7.800925798282901,2.343877859244021,8.848594444445236,74.0663199999902,-2.479274313917779,-0.48037594920648985,-1.1190723079343954,-0.4102330322675103
94512.0,-1.0898,0.1721,9.9739,0.0127,-0.007,9.8066,0.0129,0.25,-0.0229,164.94,-83.79,61.29,52.81381,-1.636821,9.53,6,71.8,22 / 22,11.136345407073776,2.9355011457966973,0.2628395500000025,10.026210337027052,3.046362764148111,0.09965895522500161,False,0.9989999999999952,8.353443586316349,2.422548917937207,8.62784154118425,2.5883955026352594,8.697630555555586,73.82748000000005,-2.782901820757427,-0.5129522278594902,-1.3983687958428028,-0.4579672615128514
94612.0,-1.0253,1.4756,9.227,0.0108,0.0093,9.8066,-0.021,0.2308,0.0339,165.24,-83.74,62.89,52.81381,-1.636821,9.53,6,71.8,22 / 22,11.272118429042292,2.852488750533214,0.24221955000000375,11.146633528832792,3.33576225896459,0.12491191022500048,False,1.0989999999999895,8.254925582122452,2.415104887755664,9.454488455747816,2.833024340933295,8.600961111116659,73.69234000000773,-3.0171928469198406,-0.4373838627775499,-1.6921450730849763,-0.5027379180312952
94712.0,-1.843,0.185,10.0608,0.0079,-0.0297,9.8065,0.036,0.2157,0.0216,166.1,-83.98,63.92,52.81381,-1.636821,9.53,6,71.8,22 / 22,11.44440027867261,2.7766608396093857,0.22594455000000246,12.282459464218634,3.617219738471744,0.14832011522500277,False,1.198999999999998,8.319588505399896,2.15838434994584,10.29444236946147,3.0336199899460548,8.595050000000219,75.45616999992185,-3.1248117732727145,-0.6182764896635455,-1.988017094757165,-0.5835997485256894
94812.0,-1.061,0.269,10.2672,0.0156,-0.0046,9.8065,0.0149,0.2623,-0.0154,168.54,-83.98,66.66,52.81381,-1.636821,9.53,6,71.8,22 / 22,11.602085148644836,2.756142309834336,0.26167955000000054,13.43478373558444,3.8938598959439146,0.17270132022500154,False,1.2989999999999924,8.208399563662718,2.1725760367355575,11.121223698217278,3.24477915466658,8.49105000000308,75.17502000000886,-3.3936855849821175,-0.5835662730987785,-2.3135600373671625,-0.6490807412773347
94912.0,-1.0726,0.8778,9.3453,0.0082,-0.0184,9.8066,0.0484,0.1971,0.0511,169.66,-84.07,67.89,52.81381,-1.636821,9.53,6,71.8,22 / 22,11.727765592526469,2.6885715816482323,0.2616395500000006,14.601276272643105,4.166095590518066,0.19886727522500383,False,1.399000000000001,8.133221216967442,2.131053362837333,11.934563613735602,3.456049516391407,8.407775000001221,75.31752999999784,-3.5945443755590265,-0.5575182188108991,-2.666712658907503,-0.7100460741266588
95012.0,-1.608,-0.304,10.3205,0.0033,-0.0254,9.8065,0.0186,0.1811,0.0739,170.16,-84.46,68.86,52.81381,-1.636821,9.53,6,71.8,22 / 22,11.874956708541346,2.652214282850965,0.2642645500000005,15.78141238769643,4.43313488374301,0.2251624802250024,False,1.4989999999999952,7.847796400274139,2.189890292648394,12.714501617312333,3.6893364717393964,8.147619444444494,74.40820000000018,-4.027160308267207,-0.4623239902025711,-3.066910770384096,-0.7437984120036139
95111.0,-2.613,-0.6364,9.824,0.0115,-0.0047,9.8066,-0.0315,0.2352,0.0118,169.43,-84.61,69.49,52.81381,-1.636821,9.53,6,71.8,22 / 22,12.082078124437416,2.7041500141627037,0.2905589500000015,16.967285611928922,4.698274916445197,0.25262624347500356,False,1.597999999999999,7.52397283875642,2.183445606832142,13.446789810903715,3.9096136215704487,7.834394444462527,73.81688000003389,-4.558105285680996,-0.5207044073305616,-3.5204958010252074,-0.788661294874748
95212.0,-2.1774,-0.8272,9.6791,0.0127,0.0015,9.8066,-0.0121,0.2086,-0.016,170.49,-84.67,70.68,52.81381,-1.636821,9.53,6,71.8,22 / 22,12.317451830102096,2.787469858364557,0.2849938500000016,18.199461874633155,4.975601720007821,0.28169165987500344,False,1.698999999999998,7.2400262909396496,2.1816186139675446,14.17349981805703,4.123219075368127,7.56158055556735,73.23080000002541,-5.077425539162446,-0.6058512443970123,-4.025962056576125,-0.852382644639694
95312.0,-1.2517,0.3953,9.6405,0.0118,0.0112,9.8066,-0.0011,0.1737,0.0175,171.11,-84.57,72.83,52.81381,-1.636821,9.53,6,71.8,22 / 22,12.492323548399572,2.804720147912692,0.2703088500000025,19.439950643558166,5.255211220321668,0.30945679487500205,False,1.7989999999999924,7.00685244502617,2.0610349691783254,14.872654928009881,4.312472840697673,7.303688888896447,73.60911999998862,-5.485471103373402,-0.7436851787343666,-4.567295715548285,-0.9427383796239948
95412.0,-1.4881,-0.5132,9.95,0.0051,-0.007,9.8066,0.0262,0.2357,-0.0251,172.12,-84.57,74.2,52.81381,-1.636821,9.53,6,71.8,22 / 22,12.63638775883483,2.798679566525436,0.2691688500000024,20.696386208919993,5.535381206043598,0.3364306798750046,False,1.899000000000001,6.790081335210731,1.9462682688644415,15.544994418579689,4.490495917976437,7.063511111114637,74.00602999999417,-5.8463064236241,-0.8524112976609943,-5.151391790340304,-1.044885288067161
95512.0,-0.7728,-0.4454,10.0729,0.0103,-0.0054,9.8066,0.0407,0.1769,0.0079,173.82,-84.58,75.54,52.81381,-1.636821,9.53,6,71.8,21 / 21,12.750827245531594,2.828593588358382,0.2896488500000013,21.965746959138244,5.816744863787774,0.36437156487500316,False,1.9989999999999952,6.47076064277002,1.987277684592436,16.19045108264775,4.6794160985250075,6.769061111111168,72.92694000000022,-6.280066602761575,-0.8413159037659461,-5.7752958764904925,-1.1373287652627662
95612.0,-0.3163,-1.2518,9.83,0.0014,0.0043,9.8066,0.0006,0.1593,-0.005,173.9,-84.49,77.7,52.81381,-1.636821,9.53,6,71.8,21 / 21,12.803659383564332,2.886677640450562,0.30412885000000056,23.243471290592968,6.102508425228205,0.39406044987500155,False,2.0989999999999895,6.192280149089004,1.885441351841626,16.802371420610374,4.868447473291204,6.472961111128206,73.06548999999127,-6.611379234475328,-1.001236288608936,-6.441099869982594,-1.2340609519370007
95711.0,-0.3665,-0.2252,9.9646,0.0056,0.0059,9.8066,-0.0092,0.1515,-0.0003,176.47,-84.4,78.47,52.81381,-1.636821,9.53,6,71.8,21 / 21,12.836986948094049,2.930226207448314,0.313103200000001,24.512683284010105,6.3904451656992105,0.4246134363500028,False,2.1979999999999933,6.030175460452741,1.7389057427360997,17.401253587792272,5.022897225893438,6.275905555564273,73.91469999996193,-6.806811487641308,-1.1913204647122142,-7.111429696217833,-1.3675479398057728
95812.0,-0.8804,-0.5288,9.8172,-0.006,0.0043,9.8066,-0.0213,0.1883,0.0209,174.75,-84.3,78.63,52.81381,-1.636821,9.53,6,71.8,21 / 21,12.903411666156645,2.940703728315071,0.32161245000000105,25.812573414029753,6.686927127455259,0.45666657667500266,False,2.2989999999999924,5.732589836711434,1.6844476908843422,17.978898322035235,5.191135151251444,5.974944444453241,73.62510000000908,-7.17082182944521,-1.2562560374307288,-7.833675091994518,-1.4957919762038143
95911.0,-0.7019,0.0391,9.8569,-0.0003,-0.008,9.8066,0.0321,0.1626,0.0584,172.99,-84.32,78.39,52.81381,-1.636821,9.53,6,71.8,21 / 21,12.986789947580705,2.9412677523709867,0.32462205000000116,27.0941383939098,6.97808471574923,0.488655184425004,False,2.397999999999996,5.503807335358494,1.751938364557554,18.52468690687699,5.356259616594645,5.775944444447421,72.34212000001943,-7.482982612222211,-1.1893293878134328,-8.569451487032811,-1.6218250991545844
96012.0,0.0157,-1.0276,9.7333,0.0206,-0.023,9.8066,0.0486,0.1597,0.0391,177.26,-84.66,81.25,52.81381,-1.636821,9.53,6,71.8,21 / 21,13.026033068273641,2.962834701206826,0.3234555000000012,28.407785956210436,7.276241889654907,0.5213831007000038,False,2.4989999999999952,5.207894129961538,1.8488531033941649,19.034721332493604,5.5577448243053595,5.526369444444492,70.45381000000036,-7.818138938312103,-1.113981597812661,-9.373064623716832,-1.7184970653495473
96112.0,-0.342,-1.3687,9.7038,0.0238,-0.0154,9.8066,0.043,0.2133,-0.0125,177.6,-84.86,83.54,52.81381,-1.636821,9.53,6,71.8,21 / 21,13.042735907075455,3.050657639933267,0.3146455000000017,29.711224404977816,7.576916506711894,0.5532881507000021,False,2.5989999999999895,4.88409911360989,1.895346803397742,19.512160330957336,5.746887394002886,5.238988888905503,68.78962000009594,-8.158636793465565,-1.155310836535525,-10.19906407402048,-1.830029112709008
96211.0,-0.1839,-0.8418,9.796,0.0073,0.0094,9.8066,0.0043,0.2028,0.0026,179.14,-84.89,85.24,52.81381,-1.636821,9.53,6,71.8,21 / 21,13.070426290093646,3.128546639158993,0.3090272500000015,31.003825933737737,7.882787118526973,0.5841599518250035,False,2.6979999999999933,4.604176292568333,1.7468278795751644,19.971386214502818,5.901337147298296,4.924416666680665,69.22379999997976,-8.466249997525313,-1.3817187595838285,-11.032439719234919,-1.9814499712286766
96312.0,-0.6342,-1.0817,10.0255,0.0008,0.0094,9.8066,-0.0025,0.2141,-0.0463,179.39,-84.83,85.38,52.81381,-1.636821,9.53,6,71.8,21 / 21,13.115243225376688,3.193110182274606,0.3195413500000014,32.32620224426898,8.202030788009367,0.6159026661250033,False,2.7989999999999924,4.299556726989451,1.7151292822951705,20.3998312617148,6.080583368770862,4.629030555564118,68.25191000002907,-8.815686498387237,-1.4779808999794355,-11.926370982554175,-2.121447419238505
96412.0,0.3933,-0.2576,9.8385,-0.002,0.0216,9.8066,-0.0026,0.2132,-0.0578,179.47,-84.64,85.47,52.81381,-1.636821,9.53,6,71.8,21 / 21,13.131176672377729,3.227495351314466,0.33207635000000246,33.63852323915681,8.523061064688848,0.6484835511250063,False,2.899000000000001,4.090799186593121,1.7051667234564298,20.80327528028085,6.258495251818221,4.431961111113991,67.37179000001291,-9.040377485784607,-1.5223286278580364,-12.83524795887596,-2.264565812870627
96512.0,1.3066,-0.2555,9.7118,0.0056,0.0246,9.8066,0.0638,0.2907,-0.0663,179.9,-84.27,85.94,52.81381,-1.636821,9.53,6,71.8,21 / 22,13.050479773592086,3.2201020931658606,0.3289263500000027,34.947606061455225,8.845440936912846,0.6815336861250048,False,2.9989999999999952,3.85418619391939,1.7331356484090754,21.179903679424324,6.447415431673615,4.225950000000039,65.78692000000031,-9.196293579672695,-1.4869664447567852,-13.767702382030901,-2.3980255052392305
96612.0,1.8626,0.5987,9.7327,0.0498,0.0058,9.8064,0.0721,0.3114,-0.041,186.3,-84.02,91.19,52.81381,-1.636821,9.53,6,71.8,21 / 22,12.891751016213345,3.1803215435754937,0.3204863500000032,36.24471760094542,9.165462118749895,0.7140043211250032,False,3.0989999999999895,3.624424084912426,1.76381887239636,21.536302751586053,6.625438509632392,4.0308388889001465,64.04939000010039,-9.267326931300918,-1.4165026711791338,-14.708414849359368,-2.540023609117503
96712.0,1.8085,0.1144,10.3793,0.0393,0.0044,9.8065,0.0262,0.3623,-0.0004,188.53,-83.96,95.68,52.81381,-1.636821,9.53,6,71.8,21 / 22,12.705618343631757,3.1354975100361098,0.3454213500000054,37.524586068937786,9.481253071430501,0.7472997061250065,False,3.198999999999998,3.4605692816065483,1.7754776820437284,21.87919320352286,6.803350392686696,3.88946388889506,62.8390500000528,-9.24504906202521,-1.3600198279923814,-15.645392865414927,-2.6779026787438056
96812.0,2.5757,0.3592,10.206,0.0261,-0.0052,9.8066,0.0414,0.3525,-0.0269,189.83,-84.0,99.08,52.81381,-1.636821,9.53,6,71.8,21 / 22,12.484359740214416,3.114510457991415,0.3940213500000027,38.78408497313002,9.79375346983186,0.7842718411250048,False,3.2989999999999924,3.269454038679582,1.8168537112917043,22.1953352430652,7.003278870742927,3.74038055555993,60.93808000005595,-9.214905701534834,-1.2976567466997109,-16.588749730064823,-2.790474599088932
96912.0,2.8511,0.2122,9.8457,0.0175,0.0202,9.8066,0.0273,0.4382,-0.0736,193.27,-83.85,103.01,52.81381,-1.636821,9.53,6,71.8,21 / 22,12.210826017281923,3.108246405279922,0.41594135000000465,40.01884426100494,10.104891312995452,0.8247699761250087,False,3.399000000000001,2.9506196017199193,1.7180934794061142,22.484594456118344,7.170404845445198,3.4143888888937033,59.78743000001679,-9.260206415562003,-1.3901529258738077,-17.5342498048866,-2.934486467550254
97012.0,3.2075,0.803,9.7968,0.018,0.0299,9.8065,-0.0289,0.5367,-0.0962,193.4,-83.44,105.48,52.81381,-1.636821,9.53,6,71.8,21 / 22,11.900912434798832,3.095877036941181,0.4174013500000046,41.224431183608914,10.41509748510649,0.8664371111250068,False,3.4989999999999952,2.8085658772192135,1.74983089811805,22.76693134133346,7.348205532867865,3.309086111111131,58.07518000000033,-9.092346557579617,-1.346046138823131,-18.457499842275453,-3.066891952238625
97112.0,2.5075,1.8723,9.7463,0.0211,0.0379,9.8065,-0.016,0.5917,-0.1194,193.74,-82.95,106.12,52.81381,-1.636821,9.53,6,71.8,21 / 22,11.588025842181594,2.9999692305236505,0.4138913500000048,42.39887809745787,10.719889798479715,0.9080017461250048,False,3.5989999999999895,2.5762540274373222,1.7436590033808852,23.015933521707883,7.526117414501884,3.1108805555670536,55.907720000125394,-9.011771814744272,-1.2563102271427653,-19.382944575749985,-3.193772383977831
97212.0,1.9343,1.4038,9.5616,-0.0195,0.0137,9.8066,-0.1148,0.5646,-0.0023,188.98,-82.54,105.5,52.81381,-1.636821,9.53,6,71.8,21 / 22,11.335239122523317,2.8516341631783115,0.3986213500000036,43.545041345693214,11.012469968164838,0.9486273811250088,False,3.698999999999998,2.3597020205218815,1.675606545135612,23.244639168079566,7.69302100074154,2.8941138888983957,54.620780000056,-8.975537102001436,-1.1760276180426996,-20.30040217761365,-3.3194489674232983
97311.0,-2.1009,1.0059,9.9451,-0.0404,-0.0138,9.8065,-0.1231,0.4965,0.0028,184.47,-82.63,102.43,52.81381,-1.636821,9.53,6,71.8,21 / 22,11.330002867122312,2.707504158433487,0.39334465000000346,44.666970824180716,11.287647315084634,0.9878296981250106,False,3.798000000000002,2.190236181259275,1.6414029552710763,23.457685568040517,7.858145466084741,2.7370500000046434,53.14976000004371,-9.139766685863037,-1.0661012031624106,-21.2092852561402,-3.4295018489998927
97411.0,-1.7081,0.8531,10.2412,-0.0165,-0.0128,9.8065,-0.0253,0.4828,0.0436,179.77,-82.68,100.02,52.81381,-1.636821,9.53,6,71.8,21 / 22,11.519424604784456,2.573980098919415,0.42199465000000186,45.80944219777599,11.551721527952264,1.0285966631250085,False,3.897999999999996,2.0268576400204834,1.5725782181836983,23.659575595002597,8.014040754108384,2.5653833333358924,52.19194000001409,-9.492566964763974,-1.0014018807357168,-22.14986660277339,-3.5376807738438796
97513.0,0.1644,0.5318,10.5798,0.0203,-0.007,9.8066,0.0537,0.5812,0.0121,177.82,-82.93,100.76,52.81381,-1.636821,9.53,6,71.8,20 / 21,11.60441003985555,2.470073085298921,0.48358735000000425,46.988757764652675,11.808968240347408,1.0747813451250106,False,4.0,1.7639981867148953,1.4974619151718074,23.83162568454647,8.172827109568237,2.3138888888888887,49.672,-9.840411853140655,-0.9726111701271136,-23.157132080106205,-3.636141130779171
97611.0,0.1312,0.1848,9.9662,0.0386,-0.0181,9.8065,0.0256,0.5393,0.0313,181.62,-83.12,105.33,52.81381,-1.636821,9.53,6,71.8,20 / 21,11.594997140419183,2.4027755269961464,0.5292896500000038,48.12552871648612,12.047737822349864,1.1244123181250105,False,4.097999999999999,1.7109938170950756,1.4080622435160892,24.002869289285,8.30359234325713,2.215888888894594,50.548119999948995,-9.884003323324107,-0.9947132834800572,-24.12265942720112,-3.744145479092735
97712.0,0.49,0.2329,9.9366,0.0301,0.0079,9.8065,0.0275,0.5769,-0.0661,183.82,-83.15,108.65,52.81381,-1.636821,9.53,6,71.8,20 / 21,11.565361558109439,2.350283072846895,0.5439094000000038,49.29512683076181,12.287767281641935,1.1786088701500104,False,4.198999999999998,1.647160630918279,1.4163344711585106,24.166048046070753,8.44936889111396,2.1723638888907266,49.30870000005566,-9.91820092719116,-0.9339486016883842,-25.129078784691057,-3.838398390527976
97812.0,0.4161,0.4673,9.7608,0.03,-0.0041,9.8066,0.0059,0.5424,-0.0569,186.25,-82.97,112.38,52.81381,-1.636821,9.53,6,71.8,20 / 21,11.518280366050304,2.2863192914846606,0.5481144000000036,50.44930892696973,12.5195973998585,1.2332100601500076,False,4.298999999999992,1.570411550374023,1.369901397135938,24.32069150546893,8.582913997968774,2.083944444447051,48.9009900000117,-9.94786881567628,-0.9164178943487227,-26.1286174215008,-3.9366834018897254
97912.0,0.1366,0.3312,9.9011,0.0214,0.0235,9.8066,-0.0066,0.5304,-0.0718,186.91,-82.79,114.14,52.81381,-1.636821,9.53,6,71.8,20 / 21,11.486757262167709,2.2166927099235028,0.5505444000000038,51.59956080838073,12.744747999928927,1.2881430001500127,False,4.399000000000001,1.426955647985341,1.287031680958031,24.46196075866962,8.705339613805359,1.9216305555579507,47.95056000001404,-10.059801614182367,-0.9296610289654716,-27.13760004971111,-4.039408386123569
98012.0,0.5995,1.1755,9.9376,0.0259,0.0187,9.8065,-0.0314,0.5463,-0.0094,187.43,-82.73,115.72,52.81381,-1.636821,9.53,6,71.8,20 / 21,11.440795056629153,2.113618646794777,0.5618144000000032,52.74593842432051,12.96126356776483,1.34376094015001,False,4.498999999999995,1.310235098022685,1.314009395081056,24.58978859864551,8.838662330131983,1.8556500000000125,44.91655000000059,-10.130559958606467,-0.799609251713721,-28.156149825674998,-4.122601237632846
98112.0,0.9508,1.3607,10.2912,0.0176,-0.002,9.8066,0.0602,0.5033,-0.0422,189.57,-82.51,118.4,52.81381,-1.636821,9.53,6,71.8,20 / 21,11.344649126304628,1.966989258110364,0.5925894000000015,53.88521063346713,13.165293963010075,1.401481130150007,False,4.5989999999999895,1.3128921159320746,1.2625286346472773,24.72413552403848,8.961087944551846,1.8214500000019564,46.12052999992801,-10.031757010372553,-0.7044606234630868,-29.16107510942865,-4.20420601845823
98212.0,1.4835,1.2627,10.358,0.0233,-0.0108,9.8066,0.0719,0.5675,-0.0543,191.54,-82.32,122.18,52.81381,-1.636821,9.53,6,71.8,20 / 21,11.19933673396176,1.827788333016878,0.644384400000006,55.01240992648055,13.355032842566454,1.4633298201500127,False,4.698999999999998,1.287515852024832,1.2668376374170212,24.851896156948502,9.083402363363016,1.8062611111117686,45.46376000002962,-9.911820881936928,-0.5609506955998569,-30.16051376953205,-4.271630479203438
98312.0,0.5807,1.0255,9.9114,0.0393,-0.0016,9.8065,-0.055,0.5307,0.0301,195.28,-82.18,124.98,52.81381,-1.636821,9.53,6,71.8,20 / 21,11.069052379566303,1.7061054277710097,0.6771894000000042,56.125829382156894,13.531727530605838,1.5294085101500094,False,4.798999999999992,1.2609338175599765,1.2142925266847577,24.98624308232441,9.205716782167181,1.7505611111127566,46.07970999998156,-9.808118562006326,-0.491812901086252,-31.139586299832484,-4.326010748438657
98412.0,0.8422,0.6781,10.3109,0.0326,0.0051,9.8065,-0.0152,0.4962,0.0107,193.9,-82.24,128.07,52.81381,-1.636821,9.53,6,71.8,20 / 21,10.97437436603656,1.608709343711362,0.7076394000000068,57.228000719437134,13.697468269179971,1.598649950150016,False,4.899000000000001,1.2531167830484682,1.329870602586889,25.10069671612929,9.33903949917269,1.8272749999988536,43.29915000004135,-9.721257582988091,-0.27883874112447304,-32.12730400330784,-4.358428770007281
98513.0,3.4449,2.3334,10.2152,0.0431,-0.0096,9.8065,0.0536,0.4426,0.053,197.75,-82.13,131.22,52.81381,-1.636821,9.53,6,71.8,20 / 21,10.718365732783681,1.4934912586169302,0.7537358000000064,58.32348409442755,13.854129399597548,1.6724493977500159,False,5.0,1.2482804402936625,1.3259870366608437,25.236253368710607,9.46268825780372,1.8211111111111111,43.271,-9.470085292490019,-0.1675042219560865,-33.08723072571694,-4.391441141793829
98611.0,-0.853,-1.3556,10.03,0.044,-0.0054,9.8065,0.0932,0.4006,-0.0408,200.44,-81.76,135.19,52.81381,-1.636821,9.53,6,71.8,20 / 21,10.578544417816342,1.4519947451641393,0.7846989000000061,59.36703269180694,13.998458213782818,1.7478326980500156,False,5.097999999999999,1.114120062914038,1.2202162239903327,25.34163404853762,9.571659286339916,1.6523333333431591,42.39586000005095,-9.464424354902304,-0.2317785211738066,-34.02539864326932,-4.426798927442903
98712.0,3.6677,1.9971,9.863,0.0414,0.0025,9.8065,0.0083,0.3766,0.0272,205.06,-81.44,139.73,52.81381,-1.636821,9.53,6,71.8,20 / 21,10.4234866446085,1.4560264828857696,0.7988237500000059,60.42763526045938,14.145313285799338,1.8278005918750155,False,5.198999999999998,1.1770897380641665,1.3713953499361056,25.456894167122783,9.705982757697955,1.8072888888818777,40.641540000076866,-9.246396906544334,-0.08463113294966407,-34.9707410933366,-4.439330528101383
98812.0,1.5735,1.3664,10.1642,0.0387,0.0245,9.8065,0.0226,0.3891,-0.0658,205.59,-80.96,143.32,52.81381,-1.636821,9.53,6,71.8,20 / 21,10.104431780581832,1.384163577128678,0.8195187500000047,61.45403118171884,14.287322788800052,1.9087177168750116,False,5.298999999999992,1.2606744340886582,1.6085693892085133,25.577799679274243,9.883449861039248,2.043738888881932,38.08960000007507,-8.843757346493174,0.22440581207983534,-35.8762315024446,-4.403872927760805
98912.0,1.1198,0.0807,10.0802,0.0259,0.0179,9.8065,-0.023,0.3244,-0.1294,205.9,-80.71,144.13,52.81381,-1.636821,9.53,6,71.8,20 / 21,9.941435159777921,1.3459819329638194,0.8510737500000074,62.456324528736914,14.423830064304688,1.9922473418750193,False,5.399000000000001,1.2804596744536083,1.7527838268273082,25.69877239847904,10.072370040194254,2.1706861111092626,36.15033000002839,-8.660975485324313,0.40680189386348875,-36.75755213025788,-4.351460024110434
99013.0,1.0729,-0.0583,9.9569,0.0082,0.026,9.8065,-0.0079,0.2184,0.1358,206.21,-80.6,144.36,52.81381,-1.636821,9.53,6,71.8,20 / 21,9.830798647482018,1.3619598721988233,0.8724756500000072,63.45482233600353,14.5605811254654,2.0792865865750194,False,5.5,1.4428185314792366,2.1555821146783836,25.841116964765156,10.318889193664415,2.5938888888888885,33.796,-8.387980116002781,0.7936222424795603,-37.613705371238375,-4.241691931800986
99112.0,0.6762,-0.05,10.4953,0.0179,-0.0184,9.8065,-0.0335,0.2588,-0.0286,205.39,-80.72,146.01,52.81381,-1.636821,9.53,6,71.8,20 / 21,9.744921083203982,1.3735452187231192,0.9140012000000028,64.42382046267238,14.695988627466022,2.1677171906500106,False,5.5989999999999895,1.5228522901302792,2.439763159221286,25.98749395500388,10.572080041079879,2.876038888872436,31.97341000010628,-8.222068793073703,1.0662179404981669,-38.4363265076685,-4.123908586386143
99212.0,0.2117,0.4891,9.6745,0.0107,-0.0022,9.8066,0.0006,0.0716,0.1396,209.61,-80.83,147.25,52.81381,-1.636821,9.53,6,71.8,20 / 21,9.682813788868208,1.3432514112397878,0.9418262000000053,65.39520720627607,14.831828458964178,2.260508560650019,False,5.698999999999998,1.493365138633415,2.8634008998340557,26.122042501592627,10.882869860725295,3.2295138888733685,27.548510000195048,-8.189448650234793,1.520149488594268,-39.27316470468344,-3.9489585982388835
99312.0,1.8241,-1.6134,9.8579,0.0026,-0.0005,9.8066,0.0115,0.0335,0.0796,205.93,-80.9,149.34,52.81381,-1.636821,9.53,6,71.8,20 / 21,9.603282432835327,1.4086812321865234,0.9377812000000056,66.3595120173612,14.969425091135486,2.3544889306500143,False,5.798999999999992,1.2849037048197967,3.1072692660772017,26.243149634930372,11.194215655709774,3.3625805555517183,22.46787000014918,-8.31837872801553,1.6985880338906783,-40.11636238243082,-3.7752094354257117
99412.0,0.6845,0.7079,9.7418,-0.003,0.0171,9.8065,-0.0308,0.1492,-0.0598,213.17,-80.77,149.67,52.81381,-1.636821,9.53,6,71.8,20 / 21,9.496085296240807,1.4796577602430467,0.9371012000000056,67.31448040381508,15.113842040756976,2.448233050650023,False,5.899000000000001,1.0312879290522319,3.1260293086777544,26.337508355912266,11.505561450001121,3.291838888889958,18.257020000061722,-8.464797367188575,1.6463715484347077,-40.97697204790282,-3.6082805907558555
99513.0,-0.6598,1.2797,9.603,0.0031,0.0088,9.8066,0.0542,-0.0131,0.1322,212.9,-80.67,149.46,52.81381,-1.636821,9.53,6,71.8,20 / 22,9.426024386859487,1.3661911465674248,0.9235419500000058,68.27004694281163,15.257557410550904,2.5421955297250225,False,6.0,0.7731551900673417,3.079424630035931,26.3989356144556,11.82002070293553,3.175,14.094,-8.652869196792144,1.7132334834685061,-41.87111132835604,-3.437536707615374
99612.0,-0.021,-0.4667,9.9121,0.0023,0.0169,9.8066,0.0102,0.0101,-0.0513,206.68,-80.54,148.7,52.81381,-1.636821,9.53,6,71.8,20 / 22,9.417896795171892,1.2852302081406937,0.9186810500000064,69.20282104132208,15.388802767608942,2.6333855682250134,False,6.0989999999999895,0.6394228435734238,3.2120338371651314,26.458817110457538,12.13926133745532,3.275099999994163,11.25963000016528,-8.778473951598468,1.9268036290244377,-42.744003930864544,-3.249541430153622
99712.0,1.076,-0.5446,9.9655,0.0016,-0.0086,9.8065,0.0206,0.1861,0.0216,200.15,-80.39,148.44,52.81381,-1.636821,9.53,6,71.8,20 / 22,9.379083489153732,1.3179880308996164,0.9318960500000076,70.14267005553845,15.518963679560969,2.725914423225022,False,6.198999999999998,0.4606314377380786,3.3162673245432175,26.492689471837842,12.483743220574091,3.3481611111079213,7.908560000147062,-8.918452051415654,1.9982792936436011,-43.649980583700604,-3.0352204589868776
99812.0,-0.0931,-0.5011,9.5513,-0.0091,0.0172,9.8066,-0.0611,0.0157,0.0571,204.09,-80.35,148.43,52.81381,-1.636821,9.53,6,71.8,20 / 22,9.344041177027398,1.3511090366408072,0.927071050000008,71.07882628884745,15.652418532937983,2.8188627782250175,False,6.298999999999992,0.3776578848633211,3.3347117465448894,26.526293004951725,12.817439195348765,3.356038888888677,6.461280000041877,-8.966383292164076,1.9836027099040823,-44.55253328389573,-2.8349793375892176
99912.0,0.9438,0.1738,10.1713,0.0045,-0.0119,9.8066,-0.0537,0.1283,0.0171,205.8,-80.48,148.76,52.81381,-1.636821,9.53,6,71.8,20 / 22,9.302288452498534,1.353285789259922,0.9325360500000085,72.01114277032383,15.78763827423303,2.9118431332250263,False,6.399000000000001,0.25772585701424133,3.4531823746761705,26.546589538947618,13.173040570894074,3.462811111109528,4.269000000032314,-9.044562595484292,2.0998965854162486,-45.464553231376215,-2.6145977033389567
100012.0,0.0667,1.1001,9.9487,-0.0051,0.0159,9.8066,-0.0134,0.0033,0.103,208.78,-80.45,149.25,52.81381,-1.636821,9.53,6,71.8,20 / 22,9.215375924619794,1.2883258646315936,0.9578710500000072,72.93702598917969,15.919718856927599,3.0063634882250216,False,6.498999999999995,0.0730322613438949,3.5026779569128816,26.54679116014654,13.51785603739383,3.5034888888888815,1.1948300000005956,-9.142343663275899,2.2143520922812883,-46.39023482903315,-2.4018628195337683
100112.0,0.9211,-0.2698,9.9373,-0.0036,-0.0011,9.8066,0.0929,-0.0091,-0.0692,209.1,-80.45,149.8,52.81381,-1.636821,9.53,6,71.8,20 / 22,9.140156663726321,1.2451627474983997,0.9715060500000064,73.85480261859693,16.04639328753409,3.1028323432250167,False,6.5989999999999895,-0.11401268188463536,3.671472412568115,26.526830661483636,13.89558520353273,3.6732888888790103,354.6227099793887,-9.254169345610956,2.426309665069715,-47.3279719571133,-2.15080808400136
100213.0,0.119,0.831,9.8133,0.0066,-0.0238,9.8066,0.0384,0.0998,-0.0803,208.3,-80.27,149.54,52.81381,-1.636821,9.53,6,71.8,20 / 22,9.068828182498427,1.2144878534399008,0.9784397000000065,74.77435635333127,16.170605642881473,3.2013046036000166,False,6.699999999999989,-0.3004032490981169,3.893428166520011,26.493025507171918,14.299667567559537,3.9049999999899327,355.58800000011405,-9.369231431596544,2.67894031308011,-48.28133084615935,-1.870938075321936
100312.0,0.1776,-0.2757,11.07,0.018,-0.0026,9.8065,0.0189,0.2068,-0.0262,208.6,-80.29,150.73,52.81381,-1.636821,9.53,6,71.8,20 / 22,9.031203393529076,1.1667149113258213,1.0413047000000089,75.67030791634467,16.28847517973738,3.3012819514000213,False,6.798999999999992,-0.5223525853806593,3.9816511724918553,26.43314401116679,14.695966285312641,4.015824999996717,352.5269200000907,-9.553555978909735,2.814936261166034,-49.23716390517788,-1.5925088944247374
100412.0,-0.3177,0.2927,9.0136,-0.0035,-0.0133,9.8066,-0.1167,0.0409,-0.0009,210.99,-80.26,150.73,52.81381,-1.636821,9.53,6,71.8,20 / 22,9.023499825070463,1.1317911185091796,1.064819700000011,76.57304307727472,16.403400481229138,3.4065881714000312,False,6.899000000000001,-0.6872215762852908,4.029127958536101,26.359350652446455,15.096268021817309,4.0873444444434,350.32097000003233,-9.710721401355753,2.8973368400269215,-50.21369242482827,-1.3071324594118288
100512.0,1.0578,-0.8055,10.2631,0.0128,0.0005,9.8066,-0.0264,0.2008,0.0294,210.65,-80.32,150.68,52.814026,-1.636467,6.58,4,326.13,21 / 21,8.991477401620969,1.142348553849347,1.047989700000012,77.47379193860924,16.517107464847058,3.5122286414000263,False,6.998999999999995,-0.9319927882818404,4.16005591054172,26.258808881370072,15.507578055837302,4.263230555555521,347.3735500000006,-9.92347018990281,3.017707356692373,-51.214983057239166,-1.0095294090097564
100612.0,0.9658,-2.5329,9.7156,-0.0068,0.0116,9.8066,-0.0024,0.1781,-0.2353,214.78,-80.37,150.72,52.814026,-1.636467,6.58,4,326.13,21 / 21,8.984965022041756,1.305666747630734,1.0662597000000111,78.37261405979233,16.639508229921056,3.6179411114000213,False,7.0989999999999895,-1.1196714145127582,4.382718530896105,26.138037783372766,15.952024176553614,4.523499999984925,345.6699100000976,-10.104636436554514,3.0770517832653717,-52.23457627641956,-0.6874840533674416
100711.0,1.9464,-1.859,10.2754,-0.0289,-0.007,9.8066,-0.0227,0.1741,-0.0738,214.94,-80.51,150.59,52.814026,-1.636467,6.58,4,326.13,21 / 21,8.97585225704744,1.5374952256657355,1.0849558500000118,79.26167451510727,16.780244747599237,3.7244262811250266,False,7.197999999999993,-1.351688074398269,4.543762958985182,25.998515913856416,16.403253189668266,4.740622222212588,343.4352600000996,-10.32754033144571,3.0062677333194463,-53.26315860125086,-0.37699155793097106
100813.0,0.4565,-0.8377,9.7619,0.0007,0.0061,9.8066,-0.0986,0.1911,-0.1527,212.3,-80.37,150.26,52.814026,-1.636467,6.58,4,326.13,21 / 21,8.937037929710408,1.6903829270750634,1.1065798500000128,80.17523191463196,16.944866533389025,3.836194601825032,False,7.299999999999997,-1.5554982710373715,4.724404280726324,25.834396258144505,16.890509357874233,4.97388888888222,341.776000000047,-10.49253620074778,3.0340213536512604,-54.34083565648746,-0.05435717551479158
100912.0,0.0487,-2.3801,8.7914,-0.006,0.026,9.8066,-0.0905,0.1254,-0.0294,212.16,-80.38,149.96,52.814026,-1.636467,6.58,4,326.13,21 / 21,8.987026792132987,1.8088317273111836,1.0541098500000108,81.06247311836324,17.11807765878115,3.9431487419750373,False,7.399000000000001,-1.6730592549136645,4.929534262388442,25.674712268776716,17.38588275664053,5.205713888885449,341.2532800000078,-10.66008604704665,3.1207025350772586,-55.38776084958653,0.2678050978593802
101012.0,0.6132,0.9359,9.9285,0.0129,0.0262,9.8066,0.0471,0.1851,-0.1748,207.51,-80.21,148.93,52.814026,-1.636467,6.58,4,326.13,21 / 21,8.986900306319527,1.8530060568477331,1.0094398500000132,81.96116947328582,17.301169547989087,4.046326226975033,False,7.498999999999995,-1.8651761423907538,5.028646516976036,25.48014781205034,17.886259926411896,5.363430555555525,339.6501400000003,-10.85207644871028,3.175640460128303,-56.48102166123548,0.5850903784228088
101112.0,-0.6104,-1.6278,9.3344,-0.0028,0.0155,9.8065,0.0826,0.064,-0.1132,203.64,-80.13,149.19,52.814026,-1.636467,6.58,4,326.13,21 / 21,8.988385610295671,1.856600933538815,0.9919198500000143,82.85993376911652,17.486649897508403,4.1463942119750286,False,7.5989999999999895,-2.0595268832355234,4.896064674457229,25.271940320875867,18.375628798639546,5.311650000003111,337.18573000014277,-11.047912493531195,3.0394637409184138,-57.58799344824065,0.8889789011311429
101212.0,0.3273,1.3229,9.4334,0.0046,-0.0156,9.8066,-0.1139,0.3041,-0.0207,204.06,-80.09,150.05,52.814026,-1.636467,6.58,4,326.13,21 / 21,8.99771307260345,1.8334976377104042,0.9496448500000108,83.75923870326156,17.67115482607088,4.243472446975038,False,7.698999999999998,-2.309457037272287,5.163562716912144,25.036984417345103,18.89791136848015,5.656511111095822,335.90370000005566,-11.307170109875736,3.3300650792017397,-58.722254285916456,1.2267565424092695
101312.0,-0.1026,-0.8644,10.4339,-0.0229,0.0047,9.8065,-0.0687,-0.0866,0.1234,203.42,-80.07,149.49,52.814026,-1.636467,6.58,4,326.13,21 / 21,8.96839211642429,1.78567524338011,0.9623448500000101,84.6575439627129,17.852113470125396,4.339071931975034,False,7.798999999999992,-2.4444945619486154,5.347484547224799,24.788452686430094,19.431535821296908,5.879724999993492,335.4336200000136,-11.412886678372907,3.561809303844689,-59.8690912762828,1.5794223511715124
101413.0,0.8816,-1.41,9.7891,0.0022,0.0243,9.8065,0.0419,0.0996,-0.0392,210.14,-80.04,150.48,52.814026,-1.636467,6.58,4,326.13,21 / 21,8.976691778331322,1.8761676473586393,0.9931347000000099,85.56377069939805,18.0370365361077,4.437823649250034,False,7.8999999999999915,-2.5931344466767094,5.366307272365684,24.53057917330624,19.98172831865565,5.959999999998858,334.20900000001785,-11.56982622500803,3.4901396250070444,-61.03319152609181,1.9446917825479524
101512.0,-2.1866,0.9785,9.6674,-0.005,0.0088,9.8065,0.075,-0.2659,0.2284,210.33,-80.11,150.64,52.814026,-1.636467,6.58,4,326.13,21 / 22,9.030264292098385,1.8318175724215762,0.9853731000000097,86.45511502488435,18.220581804486827,4.535759785350039,False,7.998999999999995,-2.552503645639574,5.529947849611285,24.284399689695274,20.53214320562968,6.090624999999974,335.2227599999998,-11.582767937737959,3.6981302771897093,-62.17071533518907,2.3115614011428534
101612.0,0.569,-1.2236,9.8312,-0.0126,0.0303,9.8065,0.1083,-0.1824,-0.0495,209.79,-80.02,150.57,52.814026,-1.636467,6.58,4,326.13,21 / 22,9.092897724102274,1.7711088918863631,0.9796381000000102,87.36127312569432,18.400728127702212,4.634010345350034,False,8.09899999999999,-2.7068906167095683,5.8384385956421205,24.009119546469783,21.12114273209888,6.435419444424415,335.12608000000625,-11.799788340811842,4.067329703755758,-63.35215357922454,2.720414604396666
101712.0,-0.0187,3.2787,9.4906,0.0396,-0.0105,9.8065,0.2204,-0.367,0.2026,208.07,-79.91,152.23,52.814026,-1.636467,6.58,4,326.13,21 / 22,9.010161762111485,1.662504459809105,0.965063100000009,88.26642610000509,18.572408795287,4.731245405350043,False,8.198999999999998,-2.899070112420145,5.746200269008226,23.720263575802843,21.688459247688275,6.436138888889011,333.22816000008396,-11.90923187453163,4.083695809199122,-64.54616252420224,3.116050452401275
101812.0,-0.8883,-4.4304,10.3416,-0.0101,0.0318,9.8065,0.0683,-0.5166,0.3082,211.64,-79.56,151.52,52.814026,-1.636467,6.58,4,326.13,21 / 22,9.075248829363614,1.6521756175359645,0.9760081000000085,89.1706966295788,18.738142799154243,4.828298965350038,False,8.298999999999992,-3.145484315610802,5.636470096532047,23.398005693247217,22.244545076620476,6.454811111110558,330.83597000007023,-12.220733144974417,3.984294478996083,-65.77269093633159,3.5064022774662327
101912.0,-3.8196,2.471,8.6077,0.0573,-0.0221,9.8064,-0.0981,-0.2989,0.2298,209.46,-79.16,153.98,52.814026,-1.636467,6.58,4,326.13,21 / 22,9.32179942052327,1.5855827731613377,0.9428081000000057,90.09054904207322,18.900030718689123,4.924239775350047,False,8.399000000000001,-3.296142744033948,5.7892135347618385,23.068758275773753,22.83354460243806,6.661799999996931,330.34472000000693,-12.617942164557217,4.2036307616005,-67.02179076629946,3.9335138837489367
102012.0,2.0851,-4.2984,10.321,-0.009,0.0056,9.8066,0.1478,-0.5831,0.2614,216.22,-79.32,152.8,52.814026,-1.636467,6.58,4,326.13,21 / 22,9.456035506359724,1.5892760759574982,0.9085781000000077,91.02944078841732,19.058773661145057,5.016809085350043,False,8.498999999999995,-3.418599988730628,5.933815701668584,22.732790151714198,23.43388601122372,6.848138888888853,330.0529000000001,-12.874635495090352,4.344539625711086,-68.29665063670312,4.375112350078663
102112.0,-0.3301,-4.1298,9.1778,0.028,-0.0545,9.8064,0.107,-0.0515,-0.0865,217.92,-79.55,154.13,52.814026,-1.636467,6.58,4,326.13,21 / 22,9.622484432705711,1.9483012861536906,0.9028531000000081,91.98336678537054,19.235652529250608,5.107380645350038,False,8.59899999999999,-3.5270267683853245,6.000137147809887,22.376794321923544,24.034338614897617,6.959999999993585,329.55203000002905,-13.149511201091036,4.051835861656196,-69.606572463447,4.7986860856470095
102212.0,1.0764,-5.8519,8.4735,0.0128,-0.0665,9.8064,-0.1195,-0.5161,0.4937,218.57,-79.53,154.35,52.814026,-1.636467,6.58,4,326.13,21 / 22,9.885806292397692,2.334994449336555,0.8047530999999997,92.95878132162579,19.44981731602514,5.192760955350046,False,8.698999999999998,-3.7491397116022327,6.021931489183703,22.000636372218903,24.634791219314664,7.093661111105245,328.0946700000643,-13.634946003999925,3.6869370398471477,-70.95814494940689,5.184973903289524
102313.0,1.0504,-1.6826,10.4791,0.0043,-0.0914,9.8061,-0.1881,0.3479,-0.0571,217.93,-79.81,156.08,52.814026,-1.636467,6.58,4,326.13,21 / 22,10.020830395805747,2.6709071112589515,0.77138775,93.96406647438006,19.70261534483521,5.272356068275045,False,8.799999999999997,-3.8876097208873777,6.1277837207057555,21.60707179239468,25.252367841501258,7.256944444439727,327.60800000001376,-13.908440116693125,3.456876609446804,-72.35699468198538,5.5497524966660485
102412.0,-1.8066,0.9426,8.717,0.0449,-0.0248,9.8064,-0.0194,-0.0253,0.0837,216.61,-79.78,156.8,52.814026,-1.636467,6.58,4,326.13,21 / 22,10.058681059562899,2.6494056142535256,0.7507363499999994,94.95800229142084,19.965970824748087,5.347701211225048,False,8.899000000000001,-3.922658557396942,6.411467085716012,21.221168818093616,25.90185740808749,7.5162694444405975,328.54057999998616,-13.98133961695984,3.7620614714624865,-73.73683347332722,5.935886583339403
102512.0,2.8631,-2.3505,9.7947,-0.0032,-0.0075,9.8066,-0.0122,0.3425,-0.2527,212.99,-80.13,155.99,52.814026,-1.636467,6.58,4,326.13,22 / 23,10.031800288336955,2.704897209562516,0.6956563500000026,95.96252635881578,20.233685965938875,5.420020846225044,False,8.998999999999995,-4.010843477339418,6.440589092545496,20.818060834859416,26.54689917784632,7.587363888888875,328.0876700000001,-14.042643765676374,3.7356918829829797,-75.14446552395637,6.3132132119074456
102612.0,1.8519,-0.6131,10.0838,0.0134,-0.0619,9.8063,0.0336,-0.0168,-0.0364,218.08,-80.52,157.27,52.814026,-1.636467,6.58,4,326.13,22 / 23,9.906170333626314,2.933541046890263,0.708916350000002,96.95942488991389,20.515607878761497,5.49024948122504,False,9.09899999999999,-4.112809728324821,6.462675237118803,20.408164937963114,27.202838050134876,7.660380555551337,327.5276100000324,-14.018980061951135,3.5291341902285396,-76.55125995195078,6.687230171373379
102712.0,3.5283,-7.3596,11.7181,0.0078,-0.0149,9.8066,-0.1152,0.9358,-0.4882,211.23,-80.45,157.06,52.814026,-1.636467,6.58,4,326.13,22 / 23,9.877020659753068,3.3915737577240317,0.8183463500000113,97.94858443958294,20.831863618992237,5.566612616225047,False,9.198999999999998,-4.2716170376625575,6.729511096059752,19.97824133528163,27.88090471239606,7.970761111097405,327.5942699999968,-14.148637697415626,3.33793733833572,-77.97034310430132,7.049041093403822
102812.0,-1.7012,0.5517,9.1231,0.0649,-0.0407,9.8063,-0.1277,0.7253,-0.4536,211.12,-80.06,157.79,52.814026,-1.636467,6.58,4,326.13,22 / 23,9.962196695157331,3.699873525414132,0.879741350000008,98.9405453073284,21.186435983149124,5.651517001225043,False,9.298999999999992,-4.211714138241238,6.742976248314385,19.561423110544094,28.559193764507434,7.950238888889589,328.0107999999877,-14.173910833398569,3.0431027229002527,-79.37912219678431,7.37275778135831
102912.0,3.384,-4.9637,8.6711,-0.0669,0.0471,9.8063,-0.1869,0.2899,-0.1665,214.6,-79.95,157.72,52.814026,-1.636467,6.58,4,326.13,22 / 23,10.008214113360184,3.902837317749908,0.7887863500000003,99.93906584775436,21.56657152530736,5.7349433862250505,False,9.399000000000001,-4.3194535078073315,6.934459394211664,19.131432300808633,29.259499413721805,8.16972499999674,328.081329999999,-14.327667621167516,3.0316220764617556,-80.80763354694574,7.692927888414445
103012.0,-3.5631,0.0903,10.4071,-0.0284,0.0149,9.8065,-0.0424,0.304,-0.3549,208.67,-80.14,153.43,52.814026,-1.636467,6.58,4,326.13,22 / 23,10.150469069710692,4.08367386269481,0.7620313500000018,100.94700000690786,21.965897084329573,5.812484271225046,False,9.498999999999995,-4.420528024782721,6.922422030856364,18.688000077808784,29.96002745070571,8.213469444444437,327.43850000000015,-14.570997094493412,2.838748168161554,-82.25899992909908,7.994130366376137
103112.0,0.3937,-6.9415,8.9412,-0.0261,0.033,9.8065,0.1093,0.2194,-0.3629,205.21,-80.63,151.55,52.814026,-1.636467,6.58,4,326.13,22 / 23,10.423589837399037,4.285507402421908,0.7487813500000026,101.97570295226329,22.384356147585386,5.888024906225042,False,9.59899999999999,-4.394894838194876,7.028251380391202,18.257740439838685,30.660555489018435,8.289238888884496,327.981449999968,-14.818484675593913,2.742743977969294,-83.7179625124246,8.276199341433049
103212.0,0.9698,-0.5867,10.2513,0.0018,-0.0103,9.8066,-0.1538,0.4141,-0.1558,206.28,-80.5,151.11,52.814026,-1.636467,6.58,4,326.13,22 / 23,10.512721605266856,4.6243105195419085,0.7277413500000008,103.02251852439667,22.829847043683614,5.9618510412250485,False,9.698999999999998,-4.6334823455452145,7.11304530306882,17.787694218644134,31.383100121696607,8.489099999991188,326.91978000004724,-15.14620395081207,2.488734783526912,-85.23482430575254,8.553253078012993
103312.0,1.6811,-3.5472,10.7125,-0.0312,0.024,9.8065,-0.2146,0.1306,0.0137,205.14,-79.97,149.54,52.814026,-1.636467,6.58,4,326.13,22 / 23,10.47110594596948,4.836974179968773,0.7952663499999971,104.07170990195843,23.30291127865912,6.038001426225044,False,9.798999999999992,-4.586196193208387,7.216505322436363,17.337205253713204,32.10586714491817,8.550511111109351,327.5633899999806,-15.057302139177867,2.37953114246759,-86.73450464824522,8.802955866259051
103412.0,-1.6748,-1.7227,9.4926,0.0094,0.0411,9.8065,0.056,0.1757,-0.1922,205.01,-79.82,149.66,52.814026,-1.636467,6.58,4,326.13,22 / 23,10.572631868845288,5.044406033913188,0.8248563499999997,105.12389679269926,23.79698028935326,6.119007561225051,False,9.899000000000001,-4.618736564774616,7.326482470660194,16.873610910863718,32.83964246634824,8.660836111109484,327.771959999997,-15.191368433619903,2.2820764367470057,-88.25028588183554,9.042662176994977
103511.0,1.4328,1.8792,8.901,-0.0158,0.0278,9.8066,-0.0737,0.1156,-0.1212,203.31,-80.29,148.26,52.814026,-1.636467,6.58,4,326.13,21 / 22,10.572436466329476,4.997943754146292,0.7644812000000061,106.17057767529029,24.294076603862152,6.197679769950043,False,9.99799999999999,-4.70274472694971,7.43604467119463,16.414519441451244,33.58798432200698,8.798327777777725,327.6897200000001,-15.275181193279186,2.438100917048338,-89.75605823383904,9.29390771814483
103611.0,2.3595,-2.5116,10.4128,-0.0515,-0.0226,9.8065,-0.1075,0.023,-0.1603,202.77,-80.58,146.73,52.814026,-1.636467,6.58,4,326.13,21 / 22,10.400377536876146,5.069626884240154,0.7495062000000049,107.21921837545067,24.79745513578152,6.27337913995005,False,10.097999999999999,-4.7438034130711655,7.431636896858768,15.944204392009466,34.33321272057561,8.816627777776873,327.44888000001396,-15.144180949947312,2.3620100126186134,-91.2750139834412,9.53575758479409
103712.0,-1.0662,-0.1652,9.838,-0.0175,-0.0304,9.8065,-0.002,-0.2097,0.1009,202.03,-80.78,145.53,52.814026,-1.636467,6.58,4,326.13,21 / 22,10.384001657740376,5.1879878253863385,0.7816999500000047,108.2688295247788,25.31546467861765,6.3507050505250495,False,10.198999999999998,-4.823709637519291,7.688331559250314,15.45574343464867,35.107685385151456,9.076269444432965,327.89543999998,-15.207711295259667,2.500343733863976,-92.81308609013013,9.792220706533804
103812.0,-0.0841,-3.813,10.4052,-0.0199,0.0209,9.8065,0.1572,-0.2689,0.054,203.57,-80.63,143.87,52.814026,-1.636467,6.58,4,326.13,21 / 22,10.507832244160069,5.316849380508547,0.813194950000003,109.31342121987376,25.840706538912364,6.430449795525045,False,10.298999999999992,-4.836353420821651,7.5440382069116225,14.978506057362132,35.8639220812962,8.961188888892375,327.3366900000167,-15.344185664981719,2.2271888264030757,-94.33491516251163,10.023215542383838
103912.0,-1.1636,0.8633,9.3856,0.0184,0.008,9.8066,0.0845,-0.1238,-0.0865,206.34,-80.61,145.03,52.814026,-1.636467,6.58,4,326.13,21 / 22,10.610944357219854,5.393911256621252,0.8220699500000038,110.36936004994284,26.3762445707689,6.512213040525053,False,10.399000000000001,-4.945716767870641,7.739388767650583,14.481375388478433,36.64206417751138,9.184674999996666,327.4200999999987,-15.556661125090494,2.3454775110293307,-95.8879846614644,10.265819606742479
104011.0,-0.1272,-1.3006,8.8795,0.0173,-0.018,9.8065,-0.0639,-0.2408,0.2807,204.7,-80.54,145.23,52.814026,-1.636467,6.58,4,326.13,21 / 22,10.666050487696527,5.354821417917056,0.755334050000011,111.42257129476609,26.90830683815849,6.590294538525045,False,10.49799999999999,-5.065213925278174,7.745540748232052,13.982430128790506,37.401747916831134,9.254727777777752,326.8173200000002,-15.731264412974701,2.3907193303149965,-97.44014116597558,10.493441078672642
104112.0,3.1422,-2.7298,11.0177,0.0028,-0.0366,9.8065,-0.17,0.307,-0.112,202.67,-80.39,145.8,52.814026,-1.636467,6.58,4,326.13,21 / 22,10.596685313497847,5.5681338505115106,0.7696710000000109,112.49633945272639,27.45991607921413,6.667307293550046,False,10.59899999999999,-5.12728751482914,7.768944294396305,13.466683102579207,38.176665360365014,9.308361111108065,326.57631000001334,-15.723972828326987,2.2008104438847944,-99.02965635014718,10.716749281150886
104212.0,1.8587,0.1358,10.6344,0.0229,-0.0264,9.8065,0.0333,-0.0165,-0.0521,203.48,-80.73,146.57,52.814026,-1.636467,6.58,4,326.13,21 / 22,10.40744673123466,5.753610797131017,0.8716110000000196,113.5465460549631,28.026003311596302,6.749371393550054,False,10.698999999999998,-5.107034628300344,7.99289279598246,12.962562898791207,38.98794354540665,9.485163888881086,327.4234199999624,-15.514481359535004,2.2392819988514425,-100.5839831561719,10.961940233810349
104312.0,2.3756,-2.8567,9.4232,-0.0101,-0.0031,9.8066,0.0382,0.3499,-0.1925,202.62,-81.0,145.53,52.814026,-1.636467,6.58,4,326.13,21 / 22,10.2558812496699,5.930117803675191,0.8938260000000183,114.57971245400827,28.610189741636578,6.837643243550051,False,10.798999999999992,-5.24092179189639,8.006349231398715,12.445202902951747,39.77764991446042,9.569169444442007,326.791470000019,-15.49680304156629,2.076231427723524,-102.13450955105652,11.16746017282384
104412.0,2.1467,-2.0496,9.0462,0.0042,0.0237,9.8065,-0.0067,-0.2864,0.217,205.95,-80.87,145.33,52.814026,-1.636467,6.58,4,326.13,21 / 22,10.139911714029788,6.2151525269167065,0.8366310000000136,115.59950210219334,29.217453258166223,6.92416609355006,False,10.899000000000001,-5.279188628746262,7.996344437822417,11.921054993446571,40.57814219115882,9.581824999999824,326.56720000000325,-15.41910034277605,1.7811919109057106,-103.67844710874677,11.360688932992595
104512.0,-2.5495,-3.0034,9.2086,-0.0354,-0.0231,9.8065,-0.0199,-0.1772,-0.0049,207.31,-81.25,143.94,52.814026,-1.636467,6.58,4,326.13,21 / 22,10.25952395095343,6.3980083767988285,0.7687060000000175,116.61947388544245,29.848111303351963,7.004432943550056,False,10.998999999999995,-5.3566828816885605,8.299583651487639,11.39018637728974,41.42277885418712,9.878119444444387,327.16097999999994,-15.61620683264199,1.9015752746888106,-105.22928750815271,11.574667550835159
104612.0,0.7701,1.4371,10.9404,-0.0039,-0.0199,9.8066,-0.0212,-0.1906,0.1892,207.06,-81.35,143.81,52.814026,-1.636467,6.58,4,326.13,21 / 22,10.363524475707864,6.395380797350234,0.7954910000000162,117.65062630677545,30.48778076205938,7.082642793550054,False,11.09899999999999,-5.375336570488887,8.281579943119198,10.852597054572275,42.24584370046469,9.873136111111576,327.01355000000893,-15.738861046196751,1.8861991457689635,-106.79802925220318,11.75806293840531
104712.0,-1.3921,-0.7274,9.1143,0.0171,0.0326,9.8065,0.0662,-0.3127,0.0681,209.08,-81.15,143.5,52.814026,-1.636467,6.58,4,326.13,21 / 22,10.363390433427652,6.31594405416329,0.8175610000000181,118.68697205223232,31.12334700463511,7.1632953935500625,False,11.198999999999998,-5.235945847679843,8.289422228839449,10.334901023400366,43.06868615763863,9.804580555558587,327.72182999996863,-15.599336281107494,1.973478174676159,-108.35207102883196,11.94533915300352
104812.0,-0.7525,-3.2915,9.607,-0.0024,0.0051,9.8065,-0.0083,0.1972,-0.0384,209.53,-80.85,144.47,52.814026,-1.636467,6.58,4,326.13,21 / 22,10.543422284566908,6.40788535777199,0.7729610000000207,119.73231268813198,31.75953847523184,7.24282149355006,False,11.298999999999992,-5.398658680840096,8.42824433235194,9.797446114751109,43.913545211222456,10.009038888882811,327.358740000011,-15.942080965407005,2.020358974579949,-109.93486657338087,12.154006735990617
104912.0,-1.4651,-2.1128,8.671,-0.0118,-0.0107,9.8065,-0.0222,-0.386,-0.0233,211.92,-80.81,144.0,52.814026,-1.636467,6.58,4,326.13,21 / 22,10.762226519978169,6.553126262861383,0.7061960000000149,120.79759512835933,32.40758905626356,7.316779343550068,False,11.399000000000001,-5.36143833132313,8.499977190772544,9.266443084487584,44.7696349507706,10.049611111110538,327.75792999999396,-16.1236648513013,1.9468509279111608,-111.53115204387174,12.362045894507041
105012.0,0.3678,-3.9081,9.552,-0.053,0.0279,9.8065,0.0568,0.3614,-0.0608,206.84,-80.87,142.37,52.814026,-1.636467,6.58,4,326.13,21 / 22,10.939719663845926,6.756097422904533,0.6366810000000189,121.88269243755047,33.073050240551815,7.383923193550066,False,11.498999999999995,-5.58017347319007,8.54465225785485,8.708893263041237,45.62583588592931,10.20537499999997,326.8531800000002,-16.519893137035996,1.7885548349503164,-113.17379917450924,12.552785645377497
105112.0,-1.0744,-0.7316,9.4906,0.0066,0.0033,9.8065,0.0285,-0.0026,-0.1998,212.87,-80.93,144.61,52.814026,-1.636467,6.58,4,326.13,21 / 22,11.063903916017175,6.9098189103354155,0.6081460000000206,122.98287361654357,33.756346057213776,7.446164543550064,False,11.59899999999999,-5.484121583719282,8.707109919751291,8.164381612486949,46.50405341603461,10.290269444439586,327.7953899999445,-16.548025499736458,1.7972910094158756,-114.81849200405662,12.747707358820833
105212.0,1.2671,-4.0197,10.0878,0.0182,0.1001,9.806,0.0022,-0.1657,0.2546,211.75,-80.52,143.76,52.814026,-1.636467,6.58,4,326.13,21 / 22,11.166844945616706,7.085657322532917,0.6064010000000205,124.09441105962536,34.45611986885725,7.506891893550072,False,11.698999999999998,-5.412214592057833,8.860790910172122,7.633311375143884,47.39350163495244,10.382961111107045,328.58313999996557,-16.57905953767454,1.7751335876392051,-116.46109968448147,12.937381766095193
105312.0,-0.8093,-0.0717,9.5853,0.0124,-0.0135,9.8066,-0.1299,0.7199,-0.3445,206.98,-80.39,145.45,52.814026,-1.636467,6.58,4,326.13,21 / 22,11.244069097861807,7.244114000659516,0.6093910000000203,125.21495676179921,35.17260843501683,7.5676814935500705,False,11.798999999999992,-5.509907904053898,8.87147871985193,7.082415053257088,48.272052749908426,10.44328888888713,328.15639000001283,-16.753977001915704,1.627364719192415,-118.13254170854212,13.099444314891592
105412.0,-0.4985,-6.0397,8.7201,-0.019,-0.0131,9.8066,0.0406,-0.1462,-0.0354,208.28,-80.32,144.76,52.814026,-1.636467,6.58,4,326.13,21 / 22,11.435354704007274,7.452071521602474,0.5439960000000148,126.34892795189276,35.907417711129995,7.625350843550077,False,11.899000000000001,-5.513655297029026,8.823198097999548,6.537970609742795,49.16150096882721,10.404288888889475,327.9985500000023,-16.9490100010363,1.3711265763970735,-119.81095734214996,13.254083257697218
105514.0,-0.2481,-2.2274,10.1677,0.0114,-0.0632,9.8064,0.075,0.5072,-0.2419,202.74,-80.3,146.13,52.814026,-1.636467,6.58,4,326.13,23 / 23,11.648795141554098,7.779156891178608,0.5069955000000186,127.52621959401627,36.68421036018175,7.6789514100500735,False,12.00099999999999,-5.632332154380327,9.045738449217588,5.9624765016244625,50.09142414057772,10.65591944444438,328.0914899999997,-17.281127295934425,1.2665815580389799,-121.5637430923918,13.40721378039597
105611.0,-4.7297,2.1218,8.6031,0.0592,-0.0404,9.8063,0.0995,-0.6229,0.1357,202.39,-80.01,146.59,52.814026,-1.636467,6.58,4,326.13,23 / 23,11.866164927289844,7.660667287835448,0.46613425000001507,128.6666951573553,37.433041832864,7.72614820292508,False,12.097999999999999,-5.6099656479442706,9.164357096931713,5.4279114968953515,50.98665449422693,10.74510555555031,328.52701999997436,-17.476130575234116,1.5036898090962652,-123.23878366045994,13.553612661362934
105712.0,2.1393,-2.6042,8.902,-0.004,0.0101,9.8066,-0.1676,-0.2134,0.288,204.28,-80.15,145.41,52.814026,-1.636467,6.58,4,326.13,23 / 23,11.99263032505877,7.602821790491636,0.359670150000016,129.87156431759888,38.20384803131951,7.767851325125081,False,12.198999999999998,-5.67048836327389,9.231668459944084,4.857995575261748,51.918801564257194,10.834119444440585,328.4399700000043,-17.66311868833266,1.6288466694524475,-125.01356874233713,13.714953532937685
105812.0,-7.2538,-2.4277,10.3551,-0.0003,-0.0725,9.8063,-0.1916,-0.3468,0.3168,202.66,-80.73,145.73,52.814026,-1.636467,6.58,4,326.13,23 / 23,12.320980040836318,7.706025071120205,0.34186015000001707,131.08724483589356,38.96929037440006,7.802927840125081,False,12.298999999999992,-5.581927549628104,9.451350111164045,4.306763218055438,52.87474434859453,10.976624999995805,329.43394999997054,-17.902907590464423,1.7453250400438396,-126.78048161783812,13.905453974194472
105911.0,0.0311,-2.1174,10.198,-0.033,0.0125,9.8065,0.1673,-0.5118,0.1542,198.27,-80.88,144.46,52.814026,-1.636467,6.58,4,326.13,23 / 23,12.722629698639143,7.746746047476362,0.3883802500000189,132.32690351799764,39.73420254477062,7.839074739925084,False,12.397999999999996,-5.658165984582195,9.469166152336063,3.7480036694275474,53.81056085144526,11.030866666665865,329.14020000000465,-18.380795683221336,1.722420104859701,-128.57889984857007,14.076358306674642
106011.0,0.7285,-7.3057,9.3856,-0.0016,0.0411,9.8065,-0.0269,-0.2475,0.2438,190.83,-80.63,143.17,52.814026,-1.636467,6.58,4,326.13,23 / 23,12.783098518876308,8.18066412743778,0.38689525000001906,133.60218992887334,40.53057305351628,7.877838514925084,False,12.49799999999999,-5.713941244721947,9.549037873247018,3.1768780206238194,54.76661483071523,11.128038888888852,329.10460000000006,-18.497039763598256,1.3683737458092384,-130.4253119082495,14.236041777198949
106112.0,1.2835,-0.1957,9.6717,-0.0281,0.0867,9.8062,0.0678,-0.5468,0.319,197.26,-80.12,142.8,52.814026,-1.636467,6.58,4,326.13,23 / 23,12.75346557372699,8.545507180702469,0.35881725000001935,134.8917864155498,41.375244704577355,7.915496996175086,False,12.59899999999999,-5.729975503251508,9.647733881156,2.606558856618544,55.743462261657065,11.221024999994691,329.293089999989,-18.483441076978497,1.1022267004535315,-132.28522755893127,14.36821755707971
106212.0,3.6257,-5.8387,9.6759,-0.0352,0.0741,9.8062,-0.1532,0.5837,-0.3049,197.33,-79.97,143.2,52.814026,-1.636467,6.58,4,326.13,23 / 23,12.603310246437193,8.874015614617617,0.34553225000001825,136.15962520655813,42.24622084434343,7.950714471175091,False,12.698999999999998,-5.786738476293,9.735992122251114,2.028712501190247,56.721866420708615,11.325894444439843,329.27421000000095,-18.390048722730192,0.8619765076334964,-134.13091270536788,14.475645576365181
106312.0,-0.0696,-1.1319,9.8277,-0.0118,0.0339,9.8065,-0.0628,0.0386,0.0491,201.49,-80.0,142.81,52.814026,-1.636467,6.58,4,326.13,23 / 23,12.534314492694607,9.225777200469036,0.3400472500000186,137.41650644351466,43.151210485097714,7.984993446175091,False,12.798999999999992,-5.805324339810892,9.76295596051197,1.4507317316155033,57.68937347787791,11.358569444443509,329.2631100000004,-18.3396388325055,0.5371787600429343,-135.96577471189917,14.538162992780194
106412.0,3.2963,-6.2344,7.2915,-0.0442,0.0239,9.8065,0.0311,-0.6617,0.3199,204.06,-80.15,142.73,52.814026,-1.636467,6.58,4,326.13,23 / 23,12.526116580606038,9.597133399287149,0.21534225000000806,138.6695279971798,44.092356015085606,8.012762921175094,False,12.899000000000001,-5.834465067644287,9.785343390521874,0.8660974624815442,58.667777637630735,11.392713888888387,329.194690000001,-18.360581648250324,0.18820999123472504,-137.80343053469826,14.575421622545129
106512.0,-3.7481,-0.2963,9.2326,-0.0456,-0.0672,9.8063,0.1358,0.3417,-0.2877,199.33,-80.2,143.78,52.814026,-1.636467,6.58,4,326.13,22 / 22,12.676299082208866,9.868910836237383,0.0608822500000169,139.9296487803205,45.06565822686178,8.026574146175095,False,12.998999999999995,-5.8950317218727575,9.911947693974327,0.28139598629444396,59.65730128980925,11.532480555555528,329.25835,-18.571330804081622,0.043036857736943546,-139.64825279402604,14.591643062947469
106612.0,2.6946,-3.7055,9.0614,-0.0408,0.0243,9.8065,-0.0781,0.3977,-0.211,202.2,-80.56,142.13,52.814026,-1.636467,6.58,4,326.13,22 / 22,12.795669485035972,10.011158628748053,-0.005082749999979264,141.20324720868265,46.05966170011099,8.029364121175098,False,13.09899999999999,-5.885507991230502,10.135114453922656,-0.30330548986363176,60.66895273184208,11.720063888878032,329.8559699999652,-18.681177476266473,0.12395582517460291,-141.50655269854627,14.60929103173109
106712.0,-4.2758,4.1003,8.4511,0.0468,-0.0082,9.8065,-0.1954,0.711,-0.4482,202.33,-80.48,142.5,52.814026,-1.636467,6.58,4,326.13,22 / 22,12.852318470864025,9.930791530450035,-0.11012274999998811,142.48564660647776,47.056759208070986,8.0236038461751,False,13.198999999999998,-5.8461890179322955,10.043414016437136,-0.8880069660371633,61.65880996879422,11.62101944444891,329.7966600000029,-18.69850748879632,0.11262248598710123,-143.3736535725149,14.602050760723237
106811.0,0.048,-0.3222,8.391,0.0121,0.0326,9.8066,-0.1659,0.1009,-0.0387,197.77,-80.26,141.38,52.814026,-1.636467,6.58,4,326.13,22 / 22,12.966430862598456,9.64664303867148,-0.24729714999999325,143.7636746984842,48.025842219242534,8.0059115611251,False,13.298000000000002,-5.8974066743411155,10.15069373246782,-1.4734477199810143,62.67123977584936,11.739505555551974,329.8440199999986,-18.86383753693957,0.5040506937963407,-145.23712241846522,14.645397556606824
106912.0,-4.4019,4.0883,9.0686,0.0498,-0.0566,9.8063,-0.158,0.7343,-0.4254,202.29,-80.53,142.79,52.814026,-1.636467,6.58,4,326.13,22 / 22,13.08917283491155,9.354981110176107,-0.35605899999999224,145.07948268520846,48.98542423875933,7.9754420755501005,False,13.399000000000001,-5.900140628943142,10.234221870730021,-2.0641306250631173,63.71547133238882,11.813169444443387,330.03606999999715,-18.989313463854693,0.8792407605539143,-147.14361331027158,14.730047093629494
107013.0,2.8015,-2.9989,10.181,-0.009,-0.0131,9.8066,-0.011,0.1674,-0.1221,201.72,-80.68,141.13,52.814026,-1.636467,6.58,4,326.13,22 / 22,13.132747152797686,9.240378996405234,-0.37442584999999207,146.40368964458776,49.924489924141675,7.938552590625101,False,13.5,-5.963326178682004,10.22056479200196,-2.6681205292760457,64.74880578565845,11.833055555555555,329.73800000000006,-19.09607333147969,0.9801857955967268,-149.0718101738638,14.824315861516773
107112.0,-1.9435,-3.9892,9.831,0.0417,-0.0526,9.8064,0.1421,0.6246,-0.381,201.84,-80.48,141.67,52.814026,-1.636467,6.58,4,326.13,22 / 22,13.213487657013154,9.545412078048388,-0.3546901999999942,147.70782826767325,50.85438658232703,7.902461346150106,False,13.59899999999999,-6.0001958097759776,10.247112285039536,-3.2602819897631914,65.75056087992046,11.874580555553134,329.6489000000052,-19.21368346678913,0.7017002069911484,-150.96811025743645,14.896174297593426
107212.0,1.2874,-8.2609,8.5372,0.0302,-0.0068,9.8065,0.2631,0.0239,0.0829,203.57,-80.27,144.51,52.814026,-1.636467,6.58,4,326.13,22 / 22,13.475332982991395,10.066854603962536,-0.41694519999999946,149.0422692996736,51.83499991642766,7.863879576150103,False,13.698999999999998,-5.928776610353931,10.249070985446023,-3.8517713796549953,66.78445130758293,11.840350000001534,329.95192999998653,-19.404109593345325,0.18221638148348696,-152.89404067932858,14.949451391155264
107311.0,0.4482,0.9941,10.4582,0.0818,-0.0996,9.8058,-0.1576,0.728,-0.4983,203.95,-80.44,147.37,52.814026,-1.636467,6.58,4,326.13,22 / 22,13.530969478897925,10.399775164734033,-0.44753125000000055,150.37908127153716,52.84809808997818,7.821087991875101,False,13.798000000000002,-5.901560586452265,10.264363767935226,-4.4306930481468285,67.79732589434411,11.84,330.10297999999557,-19.43253006535019,-0.13541139679880665,-154.80977431968398,14.949227804365933
107412.0,-4.1857,2.4797,8.4742,0.0049,-0.039,9.8065,-0.0333,-0.5593,0.3458,204.34,-80.71,145.51,52.814026,-1.636467,6.58,4,326.13,22 / 22,13.621267283128118,10.129903061625999,-0.4819167000000002,151.75026922801948,53.88484684040935,7.774150870400101,False,13.899000000000001,-5.972803188558883,10.2905364529113,-5.034548538226919,68.84155745088357,11.898299999999137,329.86840000000353,-19.594070471687,0.16063339128530174,-156.7848177662464,14.956710610474218
107512.0,0.6614,-1.569,10.0688,-0.0063,-0.0322,9.8066,0.0145,-0.0137,0.0308,204.7,-81.16,145.27,52.814026,-1.636467,6.58,4,326.13,21 / 22,13.75385911489721,9.984185557903913,-0.5354316999999972,153.11902554792067,54.89055127138579,7.723283450400104,False,13.998999999999995,-5.9845805789045246,10.304096021220154,-5.62603792810582,69.8756702684035,11.915938888888887,329.85213999999996,-19.738439693801734,0.3199104633162406,-158.7450634760265,14.985118997017707
107612.0,-4.953,5.3613,10.2882,-0.005,-0.0863,9.8062,0.0927,-0.8842,0.1892,206.07,-81.31,143.73,52.814026,-1.636467,6.58,4,326.13,21 / 22,13.85104081237137,9.688216263126465,-0.49824669999999927,154.49927054428403,55.87417136243725,7.6715995304001074,False,14.09899999999999,-5.962824363113431,10.258415051657929,-6.224113610434346,70.89877478904154,11.865511111114062,329.83220000000114,-19.8138651754848,0.5701987885314637,-160.7233841547184,15.024603426604287
107712.0,-1.4119,1.3886,10.1681,-0.0559,0.1,9.8059,0.2411,-0.9375,0.6649,208.88,-80.97,144.91,52.814026,-1.636467,6.58,4,326.13,21 / 22,13.972630437291325,9.212664801486616,-0.4560966999999956,155.8904541067673,56.81921541566798,7.623882360400104,False,14.198999999999998,-6.00697511757111,10.235538210958302,-6.82225649987186,71.92176811343496,11.868024999999866,329.5924200000106,-19.979605554862435,1.0228734094716856,-162.71271060663915,15.102552697766981
107812.0,0.2079,6.8055,12.4657,-0.0054,0.0316,9.8066,-0.2963,0.8175,-0.5352,211.42,-80.54,143.16,52.814026,-1.636467,6.58,4,326.13,21 / 22,13.801877306717378,8.802339571389172,-0.30507170000000405,157.27917949396766,57.71996563431172,7.585823940400106,False,14.298999999999992,-5.96340060113346,10.204685437048676,-7.413745889750825,72.94476143921536,11.819380555556997,329.69889999999674,-19.765277907850837,1.4023458656595036,-164.6929253837185,15.224795804903636
107912.0,-5.7589,3.3941,9.498,-0.0405,0.055,9.8063,-0.1464,-0.1927,0.3473,201.55,-80.66,140.43,52.814026,-1.636467,6.58,4,326.13,21 / 22,13.810335420864941,8.222650890550064,-0.187551699999994,158.6597901303469,58.57121515740875,7.561192770400104,False,14.399000000000001,-5.8456115334859,10.176377689976743,-7.9918610734585505,73.95674646610848,11.735838888890122,330.1256999999937,-19.655946954350842,1.9537267994266792,-166.65165120380544,15.385531308699733
108012.0,-5.9981,4.195,10.1799,0.067,-0.1772,9.8048,-0.0194,-0.8072,0.3614,201.54,-81.5,145.12,52.814026,-1.636467,6.58,4,326.13,21 / 22,14.20969227470463,7.6217813806907255,-0.18432169999999415,160.0607915151253,59.36343677097074,7.542599100400105,False,14.498999999999995,-5.774110347033829,10.260353077173908,-8.569841843046653,74.99063689376543,11.773499999999993,330.63093999999995,-19.98380262173846,2.638571696483183,-168.63063335817193,15.627200122794683
108112.0,-4.3407,1.6305,9.6273,0.0708,-0.0506,9.8062,-0.0696,0.4477,-0.5633,199.9,-81.44,142.95,52.814026,-1.636467,6.58,4,326.13,21 / 22,14.580356169802343,7.133879074629188,-0.17462669999999464,161.50029393735056,60.101219793736696,7.5246516804001065,False,14.59899999999999,-5.830062980332092,10.205367120309178,-9.147822612566808,76.00273311690287,11.753263888890093,330.2617800000219,-20.410419150134434,3.071488045679991,-170.64811654991738,15.901513323166178
108212.0,1.3325,-6.9456,9.8171,-0.0497,0.0742,9.8062,-0.048,0.5329,-0.2137,207.78,-81.13,141.44,52.814026,-1.636467,6.58,4,326.13,21 / 22,14.850265386476645,7.290028364503662,-0.1830716999999953,162.97182501516463,60.8224151656934,7.506766760400105,False,14.698999999999998,-5.854514072268527,9.968815027894353,-9.732456881700013,77.00359865066966,11.560830555564065,329.57490000003025,-20.704779458745172,2.6787866633906905,-172.70428189686464,16.18118348497626
108312.0,0.7532,-0.1157,9.5606,0.0083,-0.0576,9.8064,-0.0678,0.6319,-0.5575,205.52,-81.06,141.33,52.814026,-1.636467,6.58,4,326.13,21 / 22,14.910792408259029,7.61858217049961,-0.19485169999999455,164.45987790490133,61.56784569244352,7.487870590400107,False,14.798999999999992,-5.882237905223405,10.015988263060372,-10.317158357887116,78.00435299159167,11.615538888887212,329.57492999999977,-20.793030313482433,2.397406092560762,-174.77703626278844,16.436507299148154
108412.0,0.7362,-5.919,10.3995,-0.0158,0.02,9.8066,0.0099,0.3119,-0.0178,205.01,-81.1,139.87,52.814026,-1.636467,6.58,4,326.13,21 / 22,14.960923561498163,7.892332115590609,-0.17751169999999297,165.95346370338933,62.3433914067481,7.469252420400106,False,14.899000000000001,-5.859642288712251,9.997705987704276,-10.901859834074166,79.00510733113454,11.588336111111522,329.6254899999992,-20.820565850210414,2.1053738721136668,-176.8553235374635,16.661715924386442
108512.0,2.1165,-0.3845,9.2146,0.0328,-0.014,9.8065,-0.1006,0.4853,-0.062,199.83,-81.15,141.4,52.814026,-1.636467,6.58,4,326.13,23 / 24,14.95110241545099,8.198188542963049,-0.17747169999999288,167.4490650022367,63.14791743967574,7.4515032504001075,False,14.998999999999995,-5.877701631450781,10.013249731722997,-11.486561310274357,80.00586167066312,11.61088055555555,329.58738999999997,-20.82880404690177,1.8150611887599482,-178.93562631251106,16.857944230987385
108612.0,-2.4211,2.6017,10.377,0.0241,-0.0808,9.8062,-0.1425,-0.5506,0.2402,206.89,-81.4,141.89,52.814026,-1.636467,6.58,4,326.13,23 / 24,14.898136385589122,8.049684692882181,-0.17855669999999269,168.94152694228862,63.96031110146795,7.43370183040011,False,15.09899999999999,-5.6988461240418795,9.9706042349871,-12.051302287756437,80.99560771331927,11.484336111118504,330.2493099999613,-20.596982509631,1.9209195421049188,-180.99282923004506,17.035296611851322
108712.0,0.7164,-3.3057,11.2543,-0.0291,-0.0139,9.8065,0.2358,-0.2247,0.1567,206.77,-81.54,140.9,52.814026,-1.636467,6.58,4,326.13,23 / 24,14.978739776895168,8.011448440897206,-0.07765669999998395,170.43537075041297,64.76336775815699,7.420891160400109,False,15.198999999999998,-5.647231578878557,9.984882579317455,-12.609188144534507,81.98524255972843,11.47123055555608,330.50844999998884,-20.625971355773725,1.9734341384202487,-183.04455889494747,17.221874801571445
108812.0,-0.4873,0.1618,8.7027,0.0295,-0.0207,9.8066,0.1226,-0.1919,-0.0497,203.91,-81.34,142.75,52.814026,-1.636467,6.58,4,326.13,23 / 24,15.030024337969333,8.126446142838203,-0.060471699999984835,171.9358089561561,65.57026248734371,7.413984740400111,False,15.298999999999992,-5.678028066001983,10.034307039398485,-13.173660293778845,82.99689400252637,11.529411111109384,330.4961500000004,-20.708052403971315,1.9078608965602815,-185.10946924993496,17.426631515182663
108912.0,-1.322,0.8764,9.9157,-0.0257,0.0524,9.8064,0.0308,-0.347,0.3108,205.99,-81.28,143.32,52.814026,-1.636467,6.58,4,326.13,23 / 24,15.07926927586237,8.009312477738964,-0.11021669999998905,173.44127363684782,66.37705041837263,7.405450320400112,False,15.399000000000001,-5.686105386733577,10.050951324731548,-13.74485314966177,83.99775953698675,11.547874999999735,330.5019399999999,-20.765374662595946,2.0416388469925835,-187.1861267865096,17.620709118614116
109012.0,0.7676,2.7413,10.2267,-0.0078,-0.0007,9.8066,-0.0878,-0.2925,0.0858,203.3,-81.36,142.58,52.814026,-1.636467,6.58,4,326.13,23 / 24,15.02022256154407,7.7986948084874035,-0.08376169999999057,174.94624822871805,67.1674507826839,7.395751400400114,False,15.498999999999995,-5.6560424307192765,10.041918074351935,-14.309459713065328,84.99851387721559,11.525230555555561,330.60990999999996,-20.67626499226335,2.2432232658645317,-189.25570794178338,17.831063094531686
109112.0,-3.6056,-0.0378,8.7761,-0.0221,0.0345,9.8065,-0.0694,-0.2005,0.1106,205.7,-81.44,139.85,52.814026,-1.636467,6.58,4,326.13,23 / 24,15.084308183084275,7.579928125003952,-0.11428669999998883,176.45147476594937,67.93638192935842,7.385848980400115,False,15.59899999999999,-5.753437556983593,9.93121562419275,-14.880652568907484,85.9992682173794,11.477425000002773,329.9150300000406,-20.837745740067867,2.351287499188799,-191.33212733485686,18.062886288020977
109212.0,0.6576,-5.1385,10.1592,-0.0334,0.0402,9.8065,0.1026,-0.4763,0.2263,210.18,-81.59,139.84,52.814026,-1.636467,6.58,4,326.13,23 / 24,15.336725662174192,7.711152223336173,-0.14818669999999168,177.97252645821243,68.70093594677549,7.3727253104001145,False,15.698999999999998,-5.69951242464689,9.90464701042981,-15.451912631843351,86.98901425871347,11.427444444446635,330.0822399999923,-21.036238086821083,2.1934947870936377,-193.42443909005578,18.28807831193798
109312.0,-0.028,1.0391,9.7249,-0.003,-0.0253,9.8066,-0.1088,0.1779,-0.2334,206.29,-81.85,139.5,52.814026,-1.636467,6.58,4,326.13,23 / 24,15.40395962453833,7.871706551528166,-0.13464669999999238,179.50956072254797,69.48007888551867,7.358583640400116,False,15.798999999999992,-5.74761322152136,9.858091575291331,-16.023172694819095,87.97864910510907,11.411269444444907,329.75631000000976,-21.15157284605969,1.986385023763165,-195.53273341736707,18.498570219590405
109412.0,1.4667,-5.0971,9.3318,-0.0336,0.0573,9.8064,0.0082,0.5313,-0.2479,204.86,-81.84,137.24,52.814026,-1.636467,6.58,4,326.13,23 / 24,15.412498197990393,8.055174809145832,-0.16247669999999473,181.05038361367454,70.27642295355243,7.343727470400116,False,15.899000000000001,-5.896663069153855,9.8246800737338,-16.614393256419422,88.95727565540425,11.45841111111041,329.02832000001075,-21.309161267144248,1.769505264587968,-197.66477687009396,18.68085270185182
109512.0,-2.4589,2.5574,9.113,0.0216,-0.0346,9.8065,-0.1434,0.447,-0.339,201.45,-82.09,138.37,52.814747,-1.637214,11.7,4,328.62,21 / 21,15.51180034389527,8.12147552107311,-0.2209016999999914,182.59659854076872,71.08525547006333,7.324558550400117,False,15.998999999999995,-5.902058386701672,9.932849230034243,-17.199161939672607,89.95780760579132,11.55403888888887,329.2813699999999,-21.413858730596942,1.811373708961133,-199.79576048044134,18.872552135727986
109612.0,1.3349,-5.6183,9.7937,-0.0252,0.0269,9.8065,-0.0679,0.3547,-0.1512,200.08,-82.12,136.15,52.814747,-1.637214,11.7,4,328.62,21 / 21,15.605590554721498,8.212103203082995,-0.2562316999999894,184.15246808569947,71.9019344062711,7.300701880400119,False,16.09899999999999,-5.8627000742514985,9.914779697182832,-17.790516915376166,90.94755364705404,11.518425000002132,329.40378999999297,-21.468290628972998,1.702676494099837,-201.94298500107564,19.04561924078294
109712.0,-0.5373,-3.71,9.3993,0.0414,-0.0735,9.8062,-0.0128,0.7652,-0.4939,200.26,-82.16,136.37,52.814747,-1.637214,11.7,4,328.62,21 / 21,15.721483751583623,8.631344488733063,-0.2772466999999912,185.71882180101485,72.74410679086198,7.274027960400118,False,16.198999999999998,-5.726448100157681,9.921648855547783,-18.361978599525052,91.93718849414931,11.455630555558319,330.0079099999733,-21.447931851741302,1.2903043668147198,-204.0808004005399,19.193081703287334
109812.0,2.5595,-5.8606,9.2962,0.0209,-0.026,9.8065,0.0656,-0.2556,0.0437,201.68,-82.26,138.45,52.814747,-1.637214,11.7,4,328.62,21 / 21,15.792498560474845,9.083516647078147,-0.32313669999998845,187.2945209166177,73.6298498476525,7.2440087904001205,False,16.298999999999992,-5.911226680605534,9.775949554595014,-18.953199161151183,92.92682334195248,11.424200000000912,328.83986000003483,-21.703725241080377,0.6924329075168671,-206.2477200777689,19.29697349429999
109912.0,1.637,-1.3943,9.5784,0.0374,-0.065,9.8063,-0.0789,0.5851,-0.2114,203.2,-82.5,140.42,52.814747,-1.637214,11.7,4,328.62,21 / 21,15.725486312989837,9.467499836272554,-0.3600716999999915,188.87042016029108,74.5574006718201,7.209848370400119,False,16.399,-5.974362860422257,9.798726865607112,-19.551274843522815,93.91645818906262,11.476413888888109,328.6290100000029,-21.699849173412094,0.33122702933455805,-208.42169500381388,19.35905751724252
110012.0,-4.851,3.5563,9.3505,0.0371,-0.0871,9.8061,0.0048,-0.6414,0.3491,203.07,-82.61,140.37,52.814747,-1.637214,11.7,4,328.62,21 / 21,15.822231897852566,9.273369142117538,-0.3942916999999895,190.4478060708331,75.49444412073956,7.1721302004001215,False,16.498999999999995,-6.183004133067324,9.776912530572623,-20.16937823163797,94.89508473866432,11.567969444444426,327.69046000000014,-22.00523603091989,0.5035433884550855,-210.6171843024711,19.400640617924765
110112.0,0.3619,-2.7766,10.2992,0.0066,-0.0392,9.8065,0.0559,-0.0582,0.1645,205.56,-82.8,140.81,52.814747,-1.637214,11.7,4,328.62,21 / 21,16.009668998858658,9.116165978001256,-0.3924716999999895,192.03940111566857,76.41392087674545,7.132792030400124,False,16.59899999999999,-5.877229251887814,9.774651180522376,-20.747762243581835,95.87360009257087,11.405538888898416,328.98284999992404,-21.886898250746473,0.6584852025211205,-212.7871633592504,19.459679215825417
110212.0,-3.8906,4.0102,8.7499,0.0355,-0.0889,9.8062,0.0368,-0.6776,0.4987,209.99,-82.97,143.26,52.814747,-1.637214,11.7,4,328.62,21 / 21,16.110006992632403,8.947355670470387,-0.4206816999999918,193.64538491524326,77.3170969591691,7.092134360400122,False,16.698999999999998,-6.080909943274015,9.862186012540633,-21.35901051091085,96.86312374544148,11.586213888880817,328.34260000002894,-22.19091693590642,0.9148303420702462,-215.0043954261541,19.546026786272378
110312.0,-0.8605,-3.4968,9.1567,-0.0374,-0.0143,9.8065,0.0654,-0.5487,0.2438,208.9,-83.29,140.48,52.814747,-1.637214,11.7,4,328.62,21 / 21,16.288027897423774,8.778094607669892,-0.5060166999999868,195.26528665974598,78.20336947307607,7.045799440400126,False,16.798999999999992,-6.0022418411068585,9.813914466557593,-21.957287814494773,97.8637668900524,11.503905555558047,328.5498399999937,-22.290269738530633,1.0358198588877006,-217.22257447424076,19.660397416976338
110412.0,-1.6154,1.7305,9.791,-0.0006,-0.0335,9.8065,0.0231,-0.1629,0.1878,207.56,-83.55,141.66,52.814747,-1.637214,11.7,4,328.62,21 / 21,16.43001285392953,8.765400818564427,-0.5392966999999895,196.90118869731378,79.08054424438785,6.993533770400123,False,16.899,-6.081704646072378,9.845417958180889,-22.562084203478626,98.8535129313798,11.572355555554525,328.2955900000038,-22.511717500001907,1.0800171396164622,-219.46327290079242,19.772968686991945
110512.0,-1.9466,-3.2347,8.9265,-0.0077,0.0225,9.8066,-0.0813,-0.2586,0.1545,205.62,-83.84,140.89,52.814747,-1.637214,11.7,4,328.62,21 / 22,16.60841850232564,8.723860669601063,-0.5840866999999869,198.55311026512646,79.95500731879608,6.937364600400127,False,16.998999999999995,-6.092003000530991,9.861860691555938,-23.173601299114132,99.85415607667714,11.591755555555553,328.29498,-22.70042150285663,1.1380000219548752,-221.7267115642406,19.899148757881065
110612.0,-0.3636,-4.2494,10.2526,0.0235,-0.0269,9.8065,0.1287,0.0495,0.0028,205.14,-83.75,140.37,52.814747,-1.637214,11.7,4,328.62,21 / 22,16.86263446326036,8.980790869668745,-0.6057966999999855,200.22666291340568,80.84023989575952,6.877870430400131,False,17.09899999999999,-6.069325689432348,9.952792860151222,-23.778532102187036,100.85491041684095,11.657394444440628,328.6246699999808,-22.931960152692707,0.972001990482477,-224.0051950155927,20.014670521081428
110712.0,0.5816,-3.1976,9.2067,0.0289,0.0256,9.8065,-0.0343,-0.1429,0.1573,205.47,-83.39,144.29,52.814747,-1.637214,11.7,4,328.62,21 / 22,17.001697379797914,9.290806533040426,-0.6134966999999862,201.91987950555873,81.75381976589506,6.816905760400127,False,17.198999999999998,-6.106212835138314,9.906438419580935,-24.383395698249867,101.85566475707628,11.63715555555648,328.35080000001227,-23.10791021493623,0.615631886540509,-226.3032752038086,20.101844991181224
110812.0,0.6106,-1.5161,11.0827,0.0226,-0.013,9.8066,-0.0614,-0.0706,0.0728,203.85,-83.24,145.84,52.814747,-1.637214,11.7,4,328.62,21 / 22,17.03712243010409,9.497769452652637,-0.579691699999988,203.62182049605372,82.69324856517966,6.7572463404001315,False,17.298999999999992,-6.129533045931946,9.859088198743391,-24.99491279388531,102.8344025002096,11.609169444445268,328.1302000000065,-23.166655476036038,0.3613187460907543,-228.61673328993902,20.141153935029948
110912.0,1.935,-1.6972,10.4837,0.0202,0.0295,9.8065,0.0846,-0.2132,0.0661,206.11,-83.08,146.34,52.814747,-1.637214,11.7,4,328.62,21 / 22,16.980341296714773,9.666723107942046,-0.48203669999997956,205.3226936823948,83.65147319320947,6.704159920400128,False,17.399,-6.07545094282109,9.93281533174582,-25.593190097443063,103.83493444987502,11.643538888888374,328.5477599999938,-23.05579223953586,0.2660922238037742,-230.91588377983786,20.183461256665552
111012.0,-1.3361,-4.2576,9.5262,-0.0006,-0.0308,9.8065,-0.0455,0.2296,-0.1641,201.78,-83.43,145.05,52.814747,-1.637214,11.7,4,328.62,21 / 22,17.062431334535518,9.926737766662455,-0.46220669999998065,207.0248323139572,84.63114623693964,6.656947750400133,False,17.498999999999995,-6.0946067854543005,9.94955518371037,-26.19798648643989,104.82468049260262,11.667813888888885,328.51042,-23.157038119989817,0.02281741704791429,-233.2228188003971,20.193534255662982
111112.0,0.1256,1.5487,9.3934,-0.0012,-0.027,9.8066,-0.1591,0.2048,-0.0546,204.0,-83.58,143.37,52.814747,-1.637214,11.7,4,328.62,21 / 22,17.157398749549856,9.999602423134423,-0.4968916999999787,208.73582381816138,85.62746324642943,6.608992830400138,False,17.59899999999999,-6.031211405918767,9.889962159029348,-26.802850082459635,105.81431533964134,11.583905555560463,328.62384999999335,-23.188610155468623,-0.10964026410507444,-235.538673900621,20.18685209321191
111212.0,0.1381,-0.7928,9.9289,-0.0098,0.0222,9.8065,0.0327,0.2022,-0.0966,204.85,-83.61,141.87,52.814747,-1.637214,11.7,4,328.62,21 / 22,17.120883587502448,9.938685304339034,-0.5114416999999798,210.44973793501413,86.62437763280319,6.558576160400135,False,17.698999999999998,-6.126003347530763,9.938908034672288,-27.414367178081402,106.80395018744395,11.675180555551476,328.35176000001206,-23.24688693503321,0.00022273033325426184,-237.86410511309552,20.179572554640757
111311.0,0.0242,-2.7696,10.3492,-0.0161,-0.0155,9.8066,-0.0864,0.3533,-0.2189,204.44,-83.69,141.1,52.814747,-1.637214,11.7,4,328.62,21 / 22,17.17710492209694,10.071224340928332,-0.4785340999999785,212.14748836623937,87.61486816024396,6.509572358300136,False,17.798000000000002,-6.100168569247483,9.97981292493952,-28.01324934525069,107.79458578865966,11.696527777777165,328.56459999999356,-23.277273491344424,-0.0914114159888122,-240.16073771149007,20.179717628415702
111411.0,-1.5082,1.9205,9.5046,-0.0209,0.0364,9.8065,-0.0163,0.282,-0.1649,208.15,-83.55,140.39,52.814747,-1.637214,11.7,4,328.62,21 / 22,17.24378938817853,10.046298183076184,-0.46650909999997914,213.86853308175304,88.62074428644412,6.462320198300141,False,17.897999999999996,-6.085165037016546,10.076690154892784,-28.61152664882126,108.79534012818824,11.7715333333322,328.8727999999954,-23.32895442519508,0.03039197181660036,-242.4800597305743,20.17459584174412
111512.0,2.5957,-0.3082,10.2605,-0.002,0.0359,9.8066,0.1023,0.361,-0.218,208.8,-83.49,141.51,52.814747,-1.637214,11.7,4,328.62,21 / 22,17.145815843310068,9.970491440018382,-0.45884319999997913,215.6052081459432,89.63159216241039,6.415589907150143,False,17.998999999999995,-6.097345696323627,9.812042564180663,-29.222304466725856,109.78408541540944,11.552230555555598,328.14244000000014,-23.243161539633697,-0.15844887583771872,-244.82751261266907,20.15249325299905
111612.0,-1.2115,2.8223,9.342,0.0017,0.0588,9.8065,0.1138,-0.363,0.1388,214.86,-83.12,141.51,52.814747,-1.637214,11.7,4,328.62,21 / 22,16.99490670887216,9.866053795846511,-0.459383199999979,217.3122442735522,90.62341942420358,6.369678587150148,False,18.09899999999999,-6.131195652750902,9.90363619102523,-29.833821562291213,110.77360906820999,11.647899999994292,328.23894999999396,-23.12610236162306,0.03758239517871864,-247.14606583584342,20.150189644006417
111712.0,-2.4525,-1.1048,9.2936,-0.0196,0.046,9.8065,0.0268,0.1236,-0.0258,213.66,-83.08,141.99,52.814747,-1.637214,11.7,4,328.62,21 / 22,17.08170667566194,9.66416594940579,-0.5082681999999831,219.01607494277906,91.59993041146627,6.3212960171501456,False,18.198999999999998,-6.101288027389357,10.102936150884823,-30.438752365420687,111.78526051102118,11.802338888882096,328.8716199999721,-23.1829947030513,0.43877020147903245,-249.45482730819975,20.185330099554903
111812.0,-1.4083,2.9975,9.8862,0.0003,0.0053,9.8066,0.0256,-0.5326,0.2554,207.19,-83.02,142.8,52.814747,-1.637214,11.7,4,328.62,21 / 22,17.19563425041925,9.446318573051835,-0.5299431999999817,220.72994198908302,92.55545463758911,6.2693854471501504,False,18.298999999999992,-6.107475315037785,10.023487517218088,-31.043615961497228,112.78612604548157,11.737613888890852,328.64535000000694,-23.303109565457035,0.5771689441662531,-251.77355795058025,20.23067140789246
111912.0,-3.3478,-4.605,11.0592,-0.0092,0.052,9.8065,0.0548,-0.4313,0.2004,210.14,-82.83,141.56,52.814747,-1.637214,11.7,4,328.62,21 / 22,17.4381731321289,9.365109799111371,-0.46333819999997594,222.46163235821058,93.49602605619735,6.219721377150148,False,18.399,-6.160117108743918,10.007876996039853,-31.661786556652302,113.77587208680896,11.751794444444226,328.3865900000038,-23.598290240872817,0.6427671969284816,-254.1234189148629,20.27984603061161
112012.0,2.3773,-5.3142,9.0071,0.0134,-0.0594,9.8064,-0.0737,-0.0951,0.2109,212.11,-82.93,144.23,52.814747,-1.637214,11.7,4,328.62,21 / 22,17.725804481968115,9.738173359026144,-0.44068819999997716,224.21983123891533,94.45119021410417,6.174520057150153,False,18.498999999999995,-6.176424250151538,10.075817055833499,-32.27343806640715,114.78752352960754,11.818219444444432,328.49191,-23.902228732119653,0.33764369680735484,-256.4932693053225,20.336333315503367
112112.0,-3.4696,-5.221,11.0739,0.0104,-0.0277,9.8065,-0.0364,-0.4946,0.3134,210.83,-82.69,142.89,52.814747,-1.637214,11.7,4,328.62,21 / 22,18.03563381866019,10.131497710194532,-0.41730319999997845,226.00790315394664,95.44467376756515,6.131620487150158,False,18.59899999999999,-6.2334186843642865,10.027521813983078,-32.898329368169286,115.77738076719503,11.80706388888958,328.13363000002096,-24.269052503024476,-0.10397589621145364,-258.90623252211594,20.332706999629877
112212.0,2.0722,-5.3327,9.9066,0.0067,-0.03,9.8065,-0.0784,0.3378,-0.3569,208.05,-82.95,140.8,52.814747,-1.637214,11.7,4,328.62,21 / 22,18.33993157069405,10.520161467135035,-0.3489431999999726,227.8266814234145,96.47725672643172,6.093308167150157,False,18.698999999999998,-6.115473687864954,10.13347697334232,-33.50339458543217,116.7890322100062,11.835819444443166,328.8893299999664,-24.455405258559004,-0.3866844937927141,-261.3300760088467,20.31177548357448
112312.0,2.3851,-2.5967,10.5004,0.0433,-0.0717,9.8062,0.0545,-0.1844,0.1918,210.81,-83.14,141.88,52.814747,-1.637214,11.7,4,328.62,21 / 22,18.325558551114796,10.946161679311015,-0.3092581999999748,229.65995592950483,97.55057288375396,6.060398097150162,False,18.798999999999992,-6.179572349675716,10.062285985939097,-34.121565180600065,117.80090604196751,11.808336111111931,328.4445700000134,-24.505130900790512,-0.8838756933719178,-263.7815211101049,20.25033315821355
112412.0,1.0256,-3.5675,9.8344,0.026,-0.0021,9.8066,0.111,-0.4901,0.1424,209.3,-83.0,139.98,52.814747,-1.637214,11.7,4,328.62,21 / 22,18.31948021794654,11.268906411787057,-0.2731831999999716,231.49220786795806,98.66132628830896,6.031276027150162,False,18.899,-6.189872986427958,10.153021617797249,-34.73987018991422,118.81277987462214,11.891105555554326,328.6310699999972,-24.5093532043745,-1.1158847939898084,-266.2320780578723,20.15145358631318
112512.0,-1.3163,3.3249,9.225,0.0086,-0.0584,9.8064,-0.1241,0.0495,-0.0743,208.3,-83.19,140.23,52.814747,-1.637214,11.7,4,328.62,21 / 22,18.329130224082785,11.241208110887158,-0.30087819999996995,233.32463839005942,99.78683201444261,6.002572957150167,False,18.998999999999995,-6.090113877934511,10.13337940327778,-35.34486820011025,119.82465370728369,11.822644444444459,328.99435,-24.419244102017295,-1.107828707609377,-268.66950659016965,20.037821692841078
112612.0,-1.4205,-2.8032,9.9189,-0.0056,-0.0049,9.8066,0.0431,0.4886,-0.2088,208.35,-83.16,137.54,52.814747,-1.637214,11.7,4,328.62,21 / 22,18.42552378869935,11.122381842110608,-0.32434819999996856,235.16237109069843,100.90501151209243,5.971311637150172,False,19.09899999999999,-6.215788591924174,10.078251660511874,-35.9696922947929,120.82551924167153,11.840919444443339,328.33569000003865,-24.641312380623525,-1.0441301815987334,-271.13206338549134,19.9205077295791
112712.0,-2.36,3.3999,9.8476,0.0099,-0.0422,9.8065,-0.0599,0.2235,-0.2973,207.37,-83.16,138.5,52.814747,-1.637214,11.7,4,328.62,21 / 22,18.56967289622858,10.975825174663274,-0.31668819999996783,237.01213092494498,102.00992186293122,5.939259817150172,False,19.198999999999998,-6.211674441006869,9.970382044473538,-36.58141101161445,121.81526528439902,11.747061111115274,328.0765500000112,-24.781347337235452,-1.005443130189736,-273.5935419365594,19.805343421467796
112812.0,1.6142,-3.5294,9.6632,-0.0254,0.001,9.8065,0.0287,-0.2986,0.3115,212.23,-83.03,138.53,52.814747,-1.637214,11.7,4,328.62,21 / 22,18.609569966782882,10.93240331297169,-0.3218131999999675,238.87109306809546,103.1053332873129,5.907334747150177,False,19.298999999999992,-6.176090292389725,10.034319047658661,-37.199648813848896,122.81590842900992,11.782686111110026,328.38782999999074,-24.78566025917261,-0.8980842653130292,-276.07074188194434,19.71057514169702
112912.0,-3.3447,3.404,9.1794,0.0208,-0.0352,9.8065,-0.0735,0.6026,-0.353,205.92,-83.19,138.34,52.814747,-1.637214,11.7,4,328.62,21 / 22,18.699238810242395,10.86787762813697,-0.36034819999997075,240.7365335069469,104.19534733436844,5.873226677150177,False,19.399,-6.228973775378375,10.077742744397478,-37.81795382316305,123.81666276853865,11.847405555554602,328.28012000000166,-24.92821258562077,-0.7901348837394924,-278.55448733010996,19.621315434170214
113012.0,1.8259,-5.6994,9.2162,-0.0612,0.0534,9.8062,-0.0741,0.253,-0.1957,196.43,-83.44,134.27,52.814747,-1.637214,11.7,4,328.62,21 / 22,-6.156083657912678,10.106772603125165,-0.4212331999999672,-38.42960533291817,124.82842540626872,5.834147607150182,True,19.498999999999995,-6.156083657912678,10.106772603125165,-38.42960533291817,124.82842540626872,11.834030555555557,328.6542099999999,0.0,0.0,0.0,0.0
113112.0,0.5021,-4.7715,9.8354,0.0019,0.0021,9.8066,-0.0167,0.7924,-0.3603,195.76,-83.76,135.48,52.814747,-1.637214,11.7,4,328.62,21 / 22,-6.127405837232704,10.609682315690733,-0.44931819999996553,-39.043779807675406,125.86424815220946,5.790620037150188,False,19.59899999999999,-6.145084428699461,10.233776532524827,-39.041189635549664,125.86231583455884,11.937013888882873,329.0163799999791,-0.017678591466756544,-0.3759057831659067,0.0025901721257426402,-0.0019323176506134132
113212.0,4.121,-4.6834,10.2501,-0.0439,0.0785,9.8062,0.0232,-0.2444,0.1612,194.63,-83.56,134.44,52.814747,-1.637214,11.7,4,328.62,21 / 22,-6.231472520749891,11.091983688193327,-0.42570819999996345,-39.66172372557459,126.94933145240375,5.746868717150188,False,19.698999999999998,-6.2206762526885235,10.168273783547868,-39.65942743779673,126.87441205637643,11.920180555556346,328.54282000002115,0.010796268061367797,-0.9237099046454595,0.002296287777859618,-0.074919396027326
113312.0,-0.5751,-3.4035,9.9747,-0.0244,0.0502,9.8064,-0.0159,0.4309,-0.2544,198.11,-83.71,136.53,52.814747,-1.637214,11.7,4,328.62,21 / 22,-6.296617223101,11.490778630419918,-0.3951331999999651,-40.2881282127671,128.07846956833436,5.705826647150194,False,19.798999999999992,-6.103570011669179,10.140695351536909,-40.27107894756527,127.88628588903092,11.835850000002493,328.9567699999876,0.19304721143182135,-1.3500832788830088,0.017049265201826813,-0.19218367930344016
113412.0,-1.7799,4.2835,9.9857,-0.03,0.0316,9.8065,-0.0243,-0.4492,0.3351,197.47,-83.84,138.49,52.814747,-1.637214,11.7,4,328.62,21 / 22,-6.201754803386208,11.380063019877154,-0.3777781999999636,-40.913046814091516,129.2220116508493,5.667181077150194,False,19.899,-6.235787305758393,10.243543269508045,-40.88931674981325,128.9091680191937,11.992299999997666,328.6689500000043,-0.03403250237218458,-1.136519750369109,0.023730064278268514,-0.3128436316556247
113512.0,-0.091,-0.4377,9.151,-0.0586,0.0511,9.8063,-0.071,0.0226,-0.1252,194.76,-83.9,134.79,52.814747,-1.637214,11.7,4,328.62,21 / 23,-6.176190865550009,11.136392850168242,-0.4016081999999622,-41.53194409753829,130.34783444435152,5.6282117571502,False,19.998999999999995,-6.190714521816423,10.1711080069181,-41.50762175908779,129.93216134358067,11.906988888888906,328.67293,-0.014523656266414164,-0.9652848432501422,0.02432233845050291,-0.41567310077084585
113612.0,-1.3354,3.1387,9.4309,-0.0147,-0.0094,9.8066,-0.1071,0.5485,-0.1744,197.59,-84.12,133.25,52.814747,-1.637214,11.7,4,328.62,21 / 23,-6.15503258237803,10.953966269448665,-0.4531781999999593,-42.14850526993466,131.4523524003323,5.585472437150206,False,20.09899999999999,-6.403956407060696,10.216117065541471,-42.15254076660513,130.96616296678795,12.05736111110229,327.918620000044,-0.2489238246826666,-0.737849203907194,-0.004035496670468319,-0.48618943354435373
113711.0,1.6432,-3.4516,9.1415,-0.0587,0.0643,9.8062,-0.0251,-0.2776,0.1121,198.31,-83.94,128.81,52.814747,-1.637214,11.7,4,328.62,21 / 23,-6.168507361871904,10.941478314246867,-0.5047027499999612,-42.758520497175056,132.53617690722527,5.538057330125208,False,20.197999999999993,-6.313748081936969,10.146208993212463,-42.77151784657196,131.96814045097912,11.950272222227103,328.10699999999116,-0.14524072006506472,-0.7952693210344037,-0.012997349396904667,-0.5680364562461477
113811.0,-1.6034,4.0018,8.8964,0.0027,-0.0309,9.8065,0.026,0.2505,-0.106,200.99,-84.32,127.89,52.814747,-1.637214,11.7,4,328.62,21 / 23,-6.196122570851435,10.883311659964372,-0.5834727499999679,-43.376751993811276,133.62741640593592,5.483648555125207,False,20.298000000000002,-6.278906964020743,10.239993870435383,-43.39654356252454,133.00180848810095,12.011755555553645,328.48437999998885,-0.08278439316930797,-0.6433177895289894,-0.019791568713266372,-0.6256079178349694
113912.0,2.8381,-3.4799,10.2403,-0.011,0.0154,9.8065,0.0749,-0.5727,0.355,195.68,-84.34,124.45,52.814747,-1.637214,11.7,4,328.62,21 / 23,-6.2897333627321785,10.840816086176389,-0.6075410499999676,-44.00728771845724,134.724484857116,5.42350235822521,False,20.399,-6.198813720670134,10.201166794185829,-44.02116603602522,134.02424583947294,11.936880555556685,328.7147499999967,0.09091964206204484,-0.6396492919905601,-0.013878317567979082,-0.7002390176430708
114011.0,-0.8412,3.5467,9.992,-0.0013,0.0377,9.8065,-0.0095,-0.3802,0.1966,199.01,-84.52,124.72,52.814747,-1.637214,11.7,4,328.62,21 / 23,-6.401901678428574,10.83286316834265,-0.5769005499999708,-44.635523652994635,135.79733198021458,5.3648724990252195,False,20.49799999999999,-6.139625821461856,10.278190305209232,-44.626701702766105,135.04779513966207,11.972316666666652,329.1481999999998,0.26227585696671785,-0.5546728631334172,0.008821950228529829,-0.7495368405525085
114112.0,-2.2387,2.5926,9.5428,0.021,-0.0537,9.8065,-0.0353,-0.2901,0.1224,199.69,-84.74,125.11,52.814747,-1.637214,11.7,4,328.62,21 / 23,-6.3646588069738055,10.455665029323269,-0.5808647999999706,-45.28023495750745,136.8724026541967,5.306405348850223,False,20.59899999999999,-6.149088244220096,10.273401167329224,-45.24440184843801,136.08124078778917,11.973055555555556,329.09760000000347,0.2155705627537099,-0.18226386199404487,0.03583310906944348,-0.7911618664075206
114212.0,-1.2845,0.6911,8.4696,0.0098,-0.0293,9.8065,-0.1177,0.2836,-0.0356,194.03,-84.99,123.46,52.814747,-1.637214,11.7,4,328.62,21 / 23,-6.254437194065333,10.214243545468518,-0.6609097999999775,-45.91118975755946,137.90589808293637,5.24431661885022,False,20.698999999999998,-6.145057042005599,10.231890332154425,-45.85598615111318,137.10423411217553,11.935380555557224,329.01186000000376,0.1093801520597335,0.01764678668590669,0.05520360644628397,-0.801663970760842
114312.0,-2.3266,1.1622,10.4219,0.0273,-0.0656,9.8064,0.0157,-0.4263,0.3251,193.71,-85.21,122.79,52.814747,-1.637214,11.7,4,328.62,21 / 23,-6.104984964283537,10.048282931037798,-0.6969997999999753,-46.52916086547687,138.91902440676162,5.176421138850227,False,20.798999999999992,-6.0775248018215215,10.355645659122489,-46.46091695424291,138.16025233115892,12.007324999997856,329.5921299999828,0.02746016246201588,0.3073627280846907,0.06824391123395657,-0.7587720756027068
114412.0,1.5795,-5.0259,9.6735,0.016,-0.0232,9.8066,0.0215,0.0595,-0.033,191.72,-85.1,120.31,52.814747,-1.637214,11.7,4,328.62,21 / 23,-6.035084681429277,10.19345114559499,-0.6728947999999731,-47.13616434776256,139.93111111059335,5.107926408850224,False,20.899,-6.101038050021718,10.184940368789007,-47.072434049865315,139.16156264463152,11.872480555557566,329.0772600000077,-0.06595336859244139,-0.008510776805982445,0.06373029789724427,-0.769548465961833
114512.0,0.0732,-0.5807,10.2564,0.014,-0.0743,9.8063,-0.0276,0.5118,-0.2545,194.7,-85.31,122.09,52.814747,-1.637214,11.7,4,328.62,20 / 21,-6.06088324746485,10.451691976512276,-0.657064799999974,-47.74096274420723,140.96336826669867,5.041428428850231,False,20.998999999999995,-6.069665417357895,10.334328458664688,-47.677364852981746,140.20635017555847,11.984961111111089,329.57293999999996,-0.008782169893045477,-0.11736351784758803,0.0635978912254842,-0.7570180911401962
114612.0,-1.3504,-5.985,10.2226,0.0018,0.0291,9.8066,0.1422,-0.4939,0.146,194.37,-85.05,121.91,52.814747,-1.637214,11.7,4,328.62,20 / 21,-5.921482983921142,10.721039974426873,-0.6137797999999764,-48.340081055776494,142.02200486424556,4.9778861988502365,False,21.09899999999999,-6.18294949800896,10.169930032712609,-48.30218894767749,141.21855759362722,11.90196111111602,328.70185000005114,-0.26146651408781807,-0.5511099417142642,0.03789210809900112,-0.8034472706183351
114712.0,0.2603,2.0729,9.3899,0.0308,0.0137,9.8065,0.0389,-0.1309,0.0557,200.19,-84.85,123.92,52.814747,-1.637214,11.7,4,328.62,20 / 21,-5.835455720659649,10.868866177229462,-0.6138197999999764,-48.92792799100558,143.10150017182846,4.916506218850234,False,21.198999999999998,-6.075806527591728,10.249307656262467,-48.907254164940376,142.25244802059652,11.914861111110502,329.3404599999713,-0.24035080693207878,-0.6195585209669954,0.020673826065205958,-0.8490521512319447
114811.0,-2.8109,1.947,10.1503,-0.033,0.0776,9.8062,0.1281,-0.4755,0.1552,197.12,-85.08,125.56,52.814747,-1.637214,11.7,4,328.62,20 / 21,-5.7847414316555055,10.611864047925978,-0.6174382499999764,-49.5031277500452,144.1647963179737,4.855558945375234,False,21.298000000000002,-6.093610270788801,10.128181276506618,-49.512655417535754,143.25442550546714,11.819994444447293,328.9667600000114,-0.30886883913329566,-0.48368277141936034,-0.009527667490552005,-0.9103708125065566
114912.0,-2.8525,-1.6323,9.4024,-0.0273,0.0731,9.8063,-0.0198,0.5264,-0.3212,198.85,-84.5,122.39,52.814747,-1.637214,11.7,4,328.62,20 / 21,-5.521196102006469,10.474768706946444,-0.6204985499999763,-50.074077595495126,145.22967127209475,4.793043136975237,False,21.399,-6.138411259081268,10.215467853758742,-50.13035556323821,144.2874263739706,11.917880555554074,328.99859999999944,-0.6172151570747992,-0.25930085318770146,-0.056277967743085355,-0.9422448981241587
115011.0,1.034,3.7481,10.1586,0.0107,0.0013,9.8066,0.0721,0.2655,-0.1873,205.45,-84.56,126.21,52.814747,-1.637214,11.7,4,328.62,20 / 21,-5.495723353504676,10.328490832967875,-0.623087399999976,-50.61941510854287,146.2594326193204,4.731485632450246,False,21.49799999999999,-6.144109366398412,10.190338051201877,-50.73582402291302,145.2892926632299,11.899288888888899,328.91276000000005,-0.6483860128937362,-0.13815278176599755,-0.11640891437015455,-0.9701399560904918
115112.0,-0.6843,-3.5922,9.4148,-0.003,0.055,9.8065,0.0055,0.359,-0.3756,198.32,-84.27,125.57,52.814747,-1.637214,11.7,4,328.62,20 / 21,-5.5427168921834165,10.309109037204832,-0.6251023499999759,-51.17685634095011,147.3016314127641,4.668452050075249,False,21.59899999999999,-6.169395115951666,10.143372492985828,-51.35352416858492,146.311285233445,11.872213888890442,328.69122000001283,-0.6266782237682493,-0.16573654421900486,-0.17666782763480882,-0.99034617931909
115212.0,-2.2716,0.1827,9.8084,0.0021,-0.0212,9.8066,0.012,0.3338,-0.0978,202.09,-84.46,128.19,52.814747,-1.637214,11.7,4,328.62,20 / 21,-5.359292834249659,10.38547111137854,-0.6446073499999775,-51.72195682727181,148.33636042019336,4.604966565075246,False,21.698999999999998,-6.1090535851505035,10.171494105901592,-51.96510847127332,147.3231590660989,11.86506944444475,329.01074999998576,-0.7497607509008448,-0.21397700547694676,-0.24315164400150735,-1.0132013540944627
115312.0,1.0683,-4.6926,9.9312,0.0037,0.03,9.8065,0.0119,0.3238,-0.192,202.16,-84.41,128.1,52.814747,-1.637214,11.7,4,328.62,20 / 21,-5.226853354092323,10.539773883579576,-0.6382923499999777,-52.25126413668888,149.3826226699412,4.540821580075252,False,21.798999999999992,-6.1212100062723325,10.229856613808854,-52.576692773948864,148.34604119626135,11.92137499999833,329.1050799999973,-0.8943566521800097,-0.30991726977072176,-0.32542863725998217,-1.0365814736798598
115412.0,-0.677,1.1975,8.9776,-0.0041,-0.0537,9.8064,0.0801,0.223,-0.2974,201.46,-84.42,127.12,52.814747,-1.637214,11.7,4,328.62,20 / 21,-5.1864471745814305,10.677101040746367,-0.6735173499999806,-52.771929163122614,150.4434664161576,4.475231095075249,False,21.899,-6.16351576083428,10.108903555879236,-53.188277076637576,149.3580262245479,11.839719444445665,328.6288200000071,-0.9770685862528499,-0.568197484867131,-0.4163479135149615,-1.085440191609706
115512.0,-0.2681,-4.1161,9.4476,-0.0193,0.0295,9.8065,0.0349,0.2679,-0.1796,198.94,-84.5,127.98,52.814747,-1.637214,11.7,4,328.62,21 / 21,-5.104689386250872,10.767081837549217,-0.7329223499999772,-53.2864859911642,151.5156755600723,4.404909110075255,False,21.998999999999995,-6.125346399224572,10.118575857658781,-53.79986137932634,150.38090835401752,11.828163888888891,328.81111,-1.0206570129737003,-0.6485059798904356,-0.5133753881621388,-1.1347672060547893
115612.0,0.4962,1.9686,10.2597,0.0185,-0.0256,9.8065,0.0011,0.2579,-0.178,198.44,-84.67,129.57,52.814747,-1.637214,11.7,4,328.62,21 / 21,-5.08635004377627,10.839453093907537,-0.7282223499999774,-53.79603796266553,152.5960023066451,4.3318518750752615,False,22.09899999999999,-6.1791684001301626,10.2465796098882,-54.41809918152976,151.41490997722482,11.965555555547539,328.90803999999446,-1.0928183563538925,-0.5928734840193375,-0.622061218864232,-1.1810923294202667
115712.0,-0.1514,-0.8608,9.714,0.0058,0.0098,9.8066,-0.0313,0.0657,0.1014,195.73,-84.59,129.51,52.814747,-1.637214,11.7,4,328.62,21 / 21,-5.127622984289011,10.760729022359161,-0.7102023499999758,-54.30673661406884,153.6760114124585,4.2599306400752575,False,22.198999999999998,-6.166725252755174,10.11456280759729,-55.03640419083039,152.42700619974264,11.846219444449789,328.62982000001233,-1.0391022684661628,-0.6461662147618714,-0.7296675767615497,-1.249005212715872
115812.0,-1.1985,-0.9747,10.1775,0.0073,-0.0266,9.8065,-0.022,0.1121,-0.0109,199.52,-84.99,131.93,52.814747,-1.637214,11.7,4,328.62,21 / 21,-5.041765495226892,10.793506790000047,-0.6962923499999765,-54.81520603804461,154.75372320307642,4.189605905075264,False,22.298999999999992,-6.138900825534271,10.23056085032595,-55.648055700585566,153.4608966267058,11.931074999997449,329.03388999998793,-1.0971353303073785,-0.5629459396740959,-0.8328496625409585,-1.2928265763706293
115912.0,1.033,-1.8077,10.7714,0.0079,-0.0379,9.8065,-0.048,-0.0883,-0.0205,192.73,-85.14,132.79,52.814747,-1.637214,11.7,4,328.62,21 / 21,-5.004467238581179,10.886350531592711,-0.6295123499999707,-55.31751767473505,155.83771606915616,4.123315670075261,False,22.399,-6.215165236643303,10.188971447110461,-56.26629350282018,154.49500944491197,11.9349694444444,328.6172500000063,-1.2106979980621242,-0.6973790844822503,-0.9487758280851324,-1.3427066242441867
116012.0,-1.2365,-3.3196,9.3686,-0.003,0.0023,9.8066,0.1041,0.0295,0.0064,196.78,-85.17,133.57,52.814747,-1.637214,11.7,4,328.62,21 / 21,-4.932047001892367,11.094199954990785,-0.6031773499999722,-55.8143433867587,156.93674359348526,4.061681185075267,False,22.498999999999995,-6.131119647665701,10.174038581909313,-56.88459851213427,155.51811396493068,11.878625000000012,328.92584,-1.1990726457733336,-0.9201613730814717,-1.0702551253755672,-1.4186296285545836
116112.0,-1.6614,-3.3376,10.2982,-0.0007,-0.0165,9.8066,0.0127,-0.1103,0.0204,201.31,-85.02,134.71,52.814747,-1.637214,11.7,4,328.62,21 / 21,-4.693564150973802,11.328198979014227,-0.6005023499999723,-56.29562394440198,158.05786354018545,4.001497200075273,False,22.59899999999999,-6.183347073016298,10.163610860506184,-57.50290352139072,156.54110728994422,11.896755555554462,328.6844700000143,-1.4897829220424965,-1.1645881185080427,-1.2072795769887392,-1.5167562502412295
116212.0,0.2225,-1.8039,9.6907,-0.0028,0.0117,9.8066,-0.0582,0.0579,-0.0319,203.75,-84.77,133.26,52.814747,-1.637214,11.7,4,328.62,21 / 21,-4.538007634958156,11.50861842099051,-0.5817223499999707,-56.75720253369862,159.19970441018577,3.942385965075271,False,22.698999999999998,-6.313372874274489,10.07091261114105,-58.134515529822046,157.55309231753006,11.886219444444919,327.91673000003385,-1.7753652393163328,-1.4377058098494597,-1.377312996123429,-1.6466120926557153
116312.0,0.4168,1.1569,9.1479,-0.0019,-0.0055,9.8066,-0.0325,-0.1624,0.0264,201.9,-84.81,130.74,52.814747,-1.637214,11.7,4,328.62,21 / 21,-4.561564498722905,11.517900728539715,-0.6204573499999685,-57.21218114038265,160.35103036766222,3.8822769800752774,False,22.798999999999992,-6.289872901648527,10.158661123279401,-58.75960845281503,158.56496615019162,11.948261111109272,328.23569999999035,-1.728308402925622,-1.3592396052603135,-1.547427312432383,-1.7860642174705958
116412.0,-0.9491,-0.1204,9.6708,-0.015,0.0169,9.8066,-0.03,-0.1029,0.1442,198.73,-84.87,126.44,52.814747,-1.637214,11.7,4,328.62,21 / 21,-4.562983854452999,11.430262756279395,-0.6601873499999719,-57.668408558041484,161.49843854190328,3.818244745075275,False,22.899,-6.2752687133368115,10.063576904919875,-59.38463416874142,159.565831684652,11.85978888889021,328.05387000000275,-1.7122848588838124,-1.3666858513595201,-1.7162256106999365,-1.9326068572512725
116512.0,-1.0558,-0.3579,9.1905,-0.0107,-0.0181,9.8066,0.0098,-0.0242,-0.0612,201.86,-85.04,126.1,52.814747,-1.637214,11.7,4,328.62,22 / 24,-4.4678232202306205,11.385471982582851,-0.6977873499999697,-58.11994891177564,162.63922527884634,3.7503460100752815,False,22.998999999999995,-6.189885079617765,10.195446423100801,-60.00300638512184,160.59961091808478,11.927363888888875,328.7370799999999,-1.7220618593871446,-1.1900255594820504,-1.8830574733462058,-2.0396143607615613
116612.0,0.6297,0.519,10.1449,-0.0341,-0.0084,9.8066,0.0378,-0.0134,-0.056,205.52,-85.04,124.49,52.814747,-1.637214,11.7,4,328.62,22 / 24,-4.461023675988257,11.340862018384856,-0.7116823499999688,-58.566391256586556,163.77554197889467,3.6798725250752886,False,23.09899999999999,-6.28894281717633,10.045695501850158,-60.634618393495714,161.6006988423282,11.851880555559998,327.9520000000462,-1.8279191411880724,-1.2951665165346977,-2.068227136909158,-2.1748431365664658
116712.0,0.6129,-0.9168,9.7394,0.0022,0.0334,9.8066,0.002,-0.036,0.0926,198.95,-85.09,121.93,52.814747,-1.637214,11.7,4,328.62,22 / 24,-4.523161544390364,11.352418101784584,-0.6981323499999676,-59.01560051760553,164.91020598490323,3.6093817900752856,False,23.198999999999998,-6.329635561910882,10.085828563137108,-61.2663648160471,162.61246148075745,11.907486111108614,327.8885600000025,-1.806474017520518,-1.2665895386474766,-2.250764298441574,-2.2977445041457827
116812.0,1.6227,0.4955,9.356,0.0254,0.0371,9.8065,0.0585,-0.014,-0.0221,200.02,-84.94,123.38,52.814747,-1.637214,11.7,4,328.62,22 / 24,-4.628891205382717,11.377906074522114,-0.7240273499999661,-59.473203155094154,166.0467221937185,3.538273805075293,False,23.298999999999992,-6.2628311583155005,10.08605732556652,-61.891457739066404,163.61332701452469,11.872305555556613,328.1622299999919,-1.6339399529327832,-1.2918487489555943,-2.4182545839722493,-2.433395179193809
116912.0,-0.3602,-1.2549,10.5066,-0.0044,0.0228,9.8066,0.0813,-0.0685,0.0674,200.1,-84.76,125.21,52.814747,-1.637214,11.7,4,328.62,22 / 24,-4.682371244519506,11.402890532884076,-0.7115623499999649,-59.9387662775893,167.1857620240889,3.4664943200752902,False,23.399,-6.291237329394033,10.099379901666405,-62.516483454979834,164.6250896529479,11.898619444444051,328.07986000000125,-1.6088660848745269,-1.3035106312176712,-2.5777171773905323,-2.5606723711409813
117012.0,0.377,-0.5121,10.5625,-0.0005,-0.0049,9.8066,-0.0867,-0.0041,0.0361,204.64,-84.65,124.62,52.814747,-1.637214,11.7,4,328.62,22 / 24,-4.658883056943519,11.454852056700522,-0.638772349999969,-60.40582899266243,168.32864915356805,3.3989775850752975,False,23.498999999999995,-6.309544632054214,10.083729025484276,-63.148162670465105,165.6369634849163,11.895038888888891,327.96515,-1.6506615751106954,-1.3711230312162463,-2.7423336778026766,-2.6916856686517576
117112.0,-1.6592,-2.001,9.3563,-0.029,0.0096,9.8065,-0.0247,-0.0464,0.0136,198.05,-84.6,122.18,52.814747,-1.637214,11.7,4,328.62,22 / 24,-4.563414442943108,11.523381101974453,-0.6234973499999699,-60.86694386765674,169.47756081150175,3.335864100075304,False,23.59899999999999,-6.268876053973517,10.120662392646702,-63.77325559342586,166.64883731679765,11.904899999999422,328.2253599999848,-1.705461611030409,-1.4027187093277504,-2.906311725769122,-2.828723494704093
117212.0,-0.9907,-1.0524,9.9175,-0.0257,-0.0159,9.8065,-0.0024,0.005,0.0116,191.89,-84.66,120.42,52.814747,-1.637214,11.7,4,328.62,22 / 24,-4.398569509068858,11.60137134293356,-0.6404723499999713,-61.31504306525737,170.63379843374724,3.2726656150753017,False,23.698999999999998,-6.309060114523227,10.025663416645894,-64.40493480891072,167.64970285195076,11.84560000000263,327.81814000001816,-1.9104906054543687,-1.5757079262876648,-3.0898917436533537,-2.984095581796481
117312.0,0.0436,-1.9326,9.6581,-0.0194,0.0273,9.8066,-0.0106,-0.0905,0.0357,186.93,-84.5,117.64,52.814747,-1.637214,11.7,4,328.62,22 / 24,-4.33091734916955,11.70584342090773,-0.6423573499999711,-61.75151740816926,171.79915917193924,3.2085241300753085,False,23.798999999999992,-6.312942865643576,10.093942294579698,-65.0300277319168,168.6614654896876,11.905499999998208,327.9773499999952,-1.9820255164740264,-1.611901126328032,-3.2785103237475397,-3.137693682251637
117412.0,0.138,0.0063,9.4128,-0.009,0.0281,9.8066,0.0589,0.196,-0.0883,184.05,-84.43,116.15,52.814747,-1.637214,11.7,4,328.62,22 / 24,-4.327224508639317,11.76918107443491,-0.6694773499999733,-62.184424501059745,172.97291039670648,3.142932395075306,False,23.899,-6.312575330874193,10.143835285867977,-65.6617069473891,169.68434761915012,11.947636111110496,328.10571999999814,-1.9853508222348761,-1.625345788566932,-3.4772824463293617,-3.288562777556365
117513.0,0.7175,1.813,9.858,0.02,0.0236,9.8066,-0.1207,-0.0436,0.0249,186.61,-84.42,115.61,52.814747,-1.637214,11.7,4,328.62,22 / 23,-4.379523461699153,11.649227171810287,-0.686773599999973,-62.624115273561834,174.15554001314186,3.074441722100309,False,24.0,-6.2658729489803795,10.093227243416049,-66.29305012755428,170.70645138576302,11.88,328.168,-1.886349487281226,-1.5559999283942378,-3.6689348539924467,-3.449088627378842
117612.0,-0.18,0.319,9.7766,0.0069,-0.0199,9.8066,-0.0372,0.0766,-0.062,191.6,-84.33,115.32,52.814747,-1.637214,11.7,4,328.62,22 / 23,-4.420552166414646,11.514233497796264,-0.685719249999973,-63.05971901715342,175.30213131628727,3.006503326025319,False,24.09899999999999,-6.279232246862615,10.159353197485558,-66.9118255862895,171.70820648002504,11.943249999996313,328.2808599999934,-1.8586800804479688,-1.3548803003107057,-3.852106569136076,-3.5939248362622322
117712.0,-2.0147,0.2207,9.9143,0.0175,-0.018,9.8065,-0.0019,-0.1699,0.1687,192.41,-84.45,116.39,52.814747,-1.637214,11.7,4,328.62,22 / 23,-4.321585222244392,11.431429866587955,-0.6818392499999726,-63.49682588658641,176.44941448450658,2.938125401025316,False,24.198999999999998,-6.255383622607047,10.088836134901161,-67.53019780266999,172.72008031198575,11.870738888892125,328.19983000000366,-1.9337984003626554,-1.3425937316867937,-4.033371916083581,-3.729334172520822
117811.0,0.3543,-2.8848,9.2691,0.0054,-0.0154,9.8066,-0.0241,-0.0179,-0.0162,193.59,-84.56,116.21,52.814747,-1.637214,11.7,4,328.62,22 / 23,-4.213220034565151,11.509685747615649,-0.7031192999999734,-63.919298746798496,177.5849997074097,2.8695699528003162,False,24.298000000000002,-6.282650616457048,9.994558629287733,-68.15549234686331,173.71093830304386,11.805211111113053,327.8462000000106,-2.069430581891897,-1.515127118327916,-4.236193600064816,-3.874061404365847
117911.0,-0.4702,-0.1966,9.2202,-0.0029,-0.035,9.8065,-0.0586,-0.177,0.164,188.72,-84.59,116.2,52.814747,-1.637214,11.7,4,328.62,22 / 23,-4.173979040175833,11.627251214010853,-0.75931929999997,-64.33865870053552,178.74184655549098,2.7964480228003232,False,24.397999999999996,-6.253584387998608,10.074708114376826,-68.77406618446886,174.73348684911244,11.85778888888807,328.171219999995,-2.079605347822775,-1.5525430996340273,-4.435407483933346,-4.008359706378542
118012.0,0.4379,-3.2679,10.1312,-0.0224,-0.0106,9.8066,0.0866,-0.083,0.1024,194.62,-84.63,115.99,52.814747,-1.637214,11.7,4,328.62,22 / 23,-4.131227220475638,11.765486819118902,-0.7725452499999699,-64.75807161669842,179.92317982616402,2.719088863025327,False,24.498999999999995,-6.199845718255858,10.031333448392097,-69.3985542438371,175.744693511762,11.792613888888901,328.28195,-2.0686184977802204,-1.7341533707268049,-4.640482627138681,-4.178486314402022
118112.0,-0.421,1.3483,9.6691,0.0178,-0.034,9.8065,0.0597,-0.3224,0.1525,195.32,-84.71,118.11,52.814747,-1.637214,11.7,4,328.62,22 / 23,-4.113033322516867,11.82577374574709,-0.7631952499999703,-65.17028464384802,181.10274285440724,2.6423018380253342,False,24.59899999999999,-6.1508116302662135,10.108359074217926,-70.01020575354767,176.75645614941936,11.83264444444207,328.6799899999769,-2.0377783077493463,-1.7174146715291645,-4.839921109699645,-4.346286704987875
118212.0,0.0376,-5.1147,9.5896,0.0045,0.0298,9.8066,0.0603,-0.4044,0.2303,185.23,-84.71,117.68,52.814747,-1.637214,11.7,4,328.62,22 / 23,-4.090753639879475,11.977152411134567,-0.7809252499999717,-65.58047399196788,182.2928891622514,2.5650958130253305,False,24.698999999999998,-6.086353306736985,10.094513891821807,-70.61513655666404,177.76832998138008,11.787405555557577,328.9126899999899,-1.99559966685751,-1.88263851931276,-5.034662564696163,-4.524559180871336
118312.0,-0.3147,3.3017,10.935,0.0121,0.0056,9.8066,-0.0296,-0.1178,0.1271,189.76,-84.6,120.18,52.814747,-1.637214,11.7,4,328.62,22 / 23,-4.08184586133572,12.033605519444146,-0.7353602499999742,-65.98910396702861,183.49342705878027,2.4892815380253377,False,24.798999999999992,-6.030178729694755,10.004215503654667,-71.22000015272721,178.7691955158334,11.68106944444758,328.91994999999986,-1.948332868359035,-2.0293900157894793,-5.230896185698597,-4.724231542946882
118412.0,-1.4622,1.8089,9.8193,-0.0042,0.0659,9.8064,0.1418,-0.4603,0.3174,201.78,-84.43,122.67,52.814747,-1.637214,11.7,4,328.62,22 / 23,-4.064775106636739,11.724606972553463,-0.6783102499999693,-66.39643501542727,184.68133768338026,2.4185980130253344,False,24.899,-6.075351303844845,10.195188497312365,-71.82486374880385,179.79196645176475,11.868099999997208,329.2090799999957,-2.010576197208106,-1.5294184752410978,-5.4284287333765775,-4.889371231615513
118512.0,-0.747,-1.2153,10.354,0.003,0.0467,9.8064,-0.0815,0.2372,-0.2083,209.73,-84.46,125.21,52.815567,-1.638044,11.5,4,327.56,21 / 23,-3.9782566257286733,11.616440696068109,-0.6503102499999708,-66.79858660204552,185.84839006681128,2.352166988025341,False,24.998999999999995,-6.021201956351858,10.082086041009285,-72.42307384529498,180.80395147865755,11.743225000000024,329.15359,-2.0429453306231844,-1.5343546550588236,-5.624487243249462,-5.044438588153724
118612.0,-2.3687,1.1521,9.6952,-0.0354,0.0479,9.8064,0.0264,-0.2671,0.2406,199.93,-84.74,126.63,52.815567,-1.638044,11.5,4,327.56,21 / 23,-3.8338452598439683,11.52473973984488,-0.628515249999972,-67.18919169632413,187.00544908860687,2.2882257130253474,False,25.09899999999999,-6.118130953928004,10.032687225199558,-73.03452373380703,181.8048170144388,11.751019444443916,328.6243400000309,-2.2842856940840357,-1.492052514645323,-5.845332037482905,-5.200632074168055
118713.0,-3.67,1.353,9.6521,-0.0255,0.0358,9.8065,-0.0797,0.5604,-0.1055,187.36,-84.65,123.68,52.815567,-1.638044,11.5,4,327.56,21 / 23,-3.5697748985961426,11.304778192187367,-0.6419482499999718,-67.56307451432535,188.1583397441745,2.2240673062753507,False,25.19999999999999,-5.961609731059781,10.160098888027703,-73.63206175962037,182.83781788222618,11.779999999998735,329.5969999999572,-2.3918348324636383,-1.1446793041596646,-6.06898724529502,-5.320521861948322
118812.0,-1.6495,1.5439,9.8366,0.009,-0.0198,9.8066,-0.0779,0.0887,-0.1915,196.31,-84.83,126.63,52.815567,-1.638044,11.5,4,327.56,21 / 23,-3.343804970864227,11.086283359373235,-0.6481159499999719,-67.90529671786365,189.2666972909768,2.160209128375351,False,25.298999999999992,-6.049099805809219,9.934778125275722,-74.23087671976221,183.81755638015935,11.631500000004399,328.66343000002763,-2.7052948349449926,-1.1515052340975132,-6.325580001898558,-5.449140910817448
118912.0,1.7984,-1.9566,7.9794,-0.0337,0.0922,9.8061,0.1445,0.4416,-0.0438,193.7,-84.53,123.33,52.815567,-1.638044,11.5,4,327.56,21 / 23,-3.354891246369485,11.07262391603836,-0.7379809499999794,-68.24023152872536,190.37464265474748,2.0909042833753473,False,25.399,-6.085873170713934,10.092432022214366,-74.835740315826,184.82920782295776,11.785374999997694,328.9094199999962,-2.730981924344449,-0.980191893823994,-6.595508787100641,-5.54543483178972
119012.0,-2.9663,-0.618,8.1345,0.095,0.0123,9.8061,-0.2491,0.2374,-0.2268,195.72,-84.36,129.16,52.815567,-1.638044,11.5,4,327.56,21 / 23,-3.272146626129286,11.145749491283585,-0.9129509499999695,-68.57158342235029,191.4855613251135,2.0083576883753547,False,25.498999999999995,-6.058731195961445,10.035486851680464,-75.44060391190256,185.84108165631955,11.722594444444457,328.87933000000004,-2.786584569832159,-1.1102626396031212,-6.86902048955227,-5.644479668793963
119112.0,-0.1563,0.6402,10.0904,-0.0424,0.0075,9.8065,-0.0438,-0.1304,0.1399,190.3,-84.33,124.46,52.815567,-1.638044,11.5,4,327.56,21 / 23,-3.1222672259950603,11.069561843249478,-0.9823709499999655,-68.89130411495648,192.5963268918401,1.9135915933753633,False,25.59899999999999,-6.128607891575588,9.902724054838322,-76.05212100745469,186.83093889321387,11.645769444448886,328.2473800000368,-3.006340665580528,-1.166837788411156,-7.160816892498204,-5.765387998626238
119212.0,-3.7312,-4.6284,9.1937,-0.0198,-0.0076,9.8066,0.2553,-0.0651,-0.0989,197.3,-84.09,127.42,52.815567,-1.638044,11.5,4,327.56,21 / 23,-2.877038659894638,11.169358500468304,-0.9988309499999669,-69.19126940925099,193.70827290902608,1.8145314983753582,False,25.698999999999998,-6.124243162816363,10.018479297248758,-76.67035880970164,187.84259033531774,11.742074999995703,328.5627499999857,-3.247204502921725,-1.1508792032195458,-7.479089400450647,-5.865682573708341
119311.0,-4.3255,-3.8475,9.8349,0.045,0.016,9.8065,0.1934,-0.1379,-0.0829,192.78,-83.57,129.26,52.815567,-1.638044,11.5,4,327.56,21 / 23,-2.385977247827471,11.439140628564864,-1.027773599999968,-69.45178869668325,194.82739361591325,1.7142145731503575,False,25.798000000000002,-6.2707068311314895,10.043046794669102,-77.2890670614154,188.85524253291553,11.839966666663761,328.0201400000164,-3.8847295833040185,-1.3960938338957618,-7.837278364732143,-5.972151082997726
119411.0,1.8176,-1.6624,10.7404,0.0118,0.0293,9.8065,0.1246,-0.0971,0.1235,199.06,-83.04,131.95,52.815567,-1.638044,11.5,4,327.56,21 / 23,-2.196147133184147,11.654510983791404,-0.9796735999999707,-69.68089491573382,195.982076196531,1.6138422131503662,False,25.897999999999996,-6.229351339242209,9.926759181622085,-77.91409277734198,189.84554454890008,11.719444444446303,327.8904200000018,-4.033204206058062,-1.727751802169319,-8.233197861608161,-6.136531647630932
119512.0,0.7698,0.1851,9.9305,0.018,0.0025,9.8066,-0.0808,0.0729,-0.0786,199.86,-83.02,133.34,52.815567,-1.638044,11.5,4,327.56,20 / 21,-2.302200162964505,11.735604509945663,-0.9262647999999711,-69.90806145418932,197.16327702896473,1.5175923239503701,False,25.998999999999995,-6.109339981798827,9.929745516054801,-78.52540825175028,190.86709234016266,11.658644444444457,328.39784999999995,-3.8071398188343224,-1.8058589938908618,-8.617346797560955,-6.296184688802072
119612.0,2.2246,-1.3852,9.0379,-0.0132,-0.0136,9.8066,-0.0921,-0.0079,-0.0369,198.96,-83.15,131.57,52.815567,-1.638044,11.5,4,327.56,20 / 21,-2.431112884170056,11.809290459388773,-0.9585097999999692,-70.14472710654604,198.34052177743138,1.4233535939503785,False,26.09899999999999,-6.204116374129002,10.079974479074556,-79.15023234644602,191.87896617275135,11.836255555545163,328.3881500000009,-3.7730034899589464,-1.729315980314217,-9.005505239899975,-6.461555604680029
119712.0,0.1103,-2.5808,9.963,-0.01,-0.0267,9.8066,0.0309,-0.1575,0.1222,195.57,-83.32,130.05,52.815567,-1.638044,11.5,4,327.56,20 / 21,-2.490139841980022,12.004168546565786,-0.9891297999999717,-70.39078974285357,199.5311947277292,1.3259716139503732,False,26.198999999999998,-6.311602930370321,10.053804648838142,-79.78191156193088,192.90184830291304,11.870780555554106,327.88013000002246,-3.821463088390299,-1.9503638977276445,-9.391121819077313,-6.629346424816163
119812.0,3.074,-0.7815,10.7606,-0.001,-0.0434,9.8065,0.0598,0.125,-0.0893,191.9,-83.26,127.96,52.815567,-1.638044,11.5,4,327.56,20 / 21,-2.606798968727965,12.167049424411362,-0.9336147999999749,-70.64563668338896,200.739755626278,1.2298343839503814,False,26.298999999999992,-6.250142329950303,9.897265909294113,-80.40035098539128,193.8918167347973,11.705561111116014,327.72749000000437,-3.643343361222338,-2.2697835151172487,-9.754714302002327,-6.847938891480709
119912.0,0.822,1.4918,9.2807,-0.0024,-0.0497,9.8065,0.0187,-0.2831,0.128,192.04,-83.63,127.97,52.815567,-1.638044,11.5,4,327.56,20 / 21,-2.8075251259871177,12.139655878046764,-0.912214799999973,-70.91635288812473,201.955090891401,1.1375429039503762,False,26.399,-6.417886462669899,9.932677990227386,-81.04526999291528,194.89245988010165,11.82571388888708,327.1320000000088,-3.6103613366827814,-2.2069778878193773,-10.128917104790546,-7.062631011299345
120012.0,1.7688,-2.1241,9.2893,-0.0135,-0.0048,9.8065,-0.1118,-0.1845,0.155,194.33,-83.93,124.67,52.815567,-1.638044,11.5,4,327.56,20 / 21,-2.926011117203974,12.16719329202172,-0.9643797999999699,-71.20302970028428,203.17043334990436,1.0437131739503844,False,26.498999999999995,-6.452314849181946,9.975748755076726,-81.6904578287178,195.9042225178388,11.880569444444433,327.10521,-3.5263037319779724,-2.191444536944994,-10.487428128433521,-7.266210832065553
120112.0,-0.1937,0.9602,10.2488,-0.0328,-0.0558,9.8063,-0.0583,-0.1649,0.2132,193.84,-84.32,123.58,52.815567,-1.638044,11.5,4,327.56,20 / 21,-2.9913395967066894,12.210223837116349,-0.9681397999999697,-71.4988972359798,204.3893042063612,0.947087193950393,False,26.59899999999999,-6.41135252630446,9.926248100919628,-82.32899216491526,196.90508805222663,11.816761111114863,327.14162999999786,-3.420012929597771,-2.2839757361967212,-10.830094928935466,-7.484216154134572
120212.0,-0.2193,-2.4995,10.2036,-0.0309,-0.0176,9.8066,0.1284,0.0192,-0.1016,200.35,-84.26,124.33,52.815567,-1.638044,11.5,4,327.56,20 / 21,-2.9452345040349686,12.242125517203618,-0.9261847999999661,-71.79572594101691,205.6119216740773,0.8523709639503881,False,26.698999999999998,-6.4624168304089515,10.01721987258741,-82.98076629319647,197.9168506892554,11.920886111106473,327.1726899999986,-3.517182326373983,-2.224905644616209,-11.185040352179556,-7.6950709848219105
120312.0,1.0044,-0.1613,10.5339,0.0238,0.0049,9.8065,0.0017,-0.0429,-0.2172,199.15,-84.04,124.69,52.815567,-1.638044,11.5,4,327.56,20 / 21,-2.943355774592536,12.347295039857102,-0.8699747999999693,-72.09015545494827,206.84139270193026,0.7625629839503965,False,26.798999999999992,-6.418616850890852,10.067800383749445,-83.61936783650663,198.93973282011103,11.939819444443915,327.4808899999909,-3.4752610762983163,-2.279494656107657,-11.529212381558352,-7.901659881819228
120412.0,0.1858,-2.6583,9.8456,0.0053,0.0491,9.8065,0.0025,-0.0223,0.3142,204.88,-84.37,124.89,52.815567,-1.638044,11.5,4,327.56,20 / 21,-2.948986611001229,12.463933409324216,-0.831664799999966,-72.38477257422798,208.08195412438943,0.6774810039503925,False,26.899,-6.52510192798195,9.87132887043888,-84.27779546436092,199.92970125130174,11.833025000001587,326.5345900000141,-3.5761153169807214,-2.592604538885336,-11.89302289013294,-8.15225287308769
120513.0,0.9655,0.2455,9.5445,-0.0015,-0.0457,9.8065,-0.0636,-0.04,-0.2392,195.55,-84.51,125.59,52.815567,-1.638044,11.5,4,327.56,21 / 23,-2.9586943430307744,12.558350094693207,-0.842936399999966,-72.68311046240659,209.3455794413423,0.5929136433503966,False,27.0,-6.482864450192993,9.881240085870875,-84.92956959266769,200.94035194000148,11.818055555555556,326.732,-3.524170107162219,-2.677110008822332,-12.246459130261101,-8.405227501340818
120612.0,-0.312,0.9276,7.3627,-0.0218,-0.0207,9.8066,-0.0455,-0.0076,-0.0337,192.52,-84.53,121.39,52.815567,-1.638044,11.5,4,327.56,21 / 23,-3.0066497623749684,12.478791925046668,-0.9768883499999518,-72.97839499562414,210.5849179713193,0.5028323182254102,False,27.09899999999999,-6.49636462526909,9.798873793998471,-85.5749590496113,201.92009043856203,11.756730555559132,326.45678000001607,-3.4897148628941213,-2.679918131048197,-12.596564053987152,-8.664827532757272
120712.0,0.3688,-3.4884,8.3927,-0.0635,0.004,9.8064,0.0223,0.2648,-0.0186,197.19,-84.67,119.38,52.815567,-1.638044,11.5,4,327.56,21 / 23,-2.971826115520158,12.569466470572275,-1.1697833499999681,-73.27731878951893,211.83733089110035,0.3954987332254051,False,27.198999999999998,-6.588324474087912,9.803201921594276,-86.23352109158445,202.9207335838654,11.811386111108664,326.09661000001586,-3.616498358567754,-2.7662645489779987,-12.95620230206552,-8.916597307234952
120812.0,-1.1385,1.818,10.6726,0.0001,-0.0606,9.8065,-0.0478,0.3785,-0.365,190.34,-85.01,118.02,52.815567,-1.638044,11.5,4,327.56,21 / 23,-2.9018650685691663,12.609114540927436,-1.1971833499999667,-73.57100334872338,213.09625994167527,0.27715039822541504,False,27.298999999999992,-6.549483065213408,9.808380734116934,-86.88549684106574,203.91047962519988,11.794069444444974,326.26723999999484,-3.647617996644242,-2.800733806810502,-13.314493492342365,-9.185780316475388
120911.0,-0.7421,1.9346,8.5878,0.0169,0.0267,9.8065,0.0574,-0.2125,0.1335,188.58,-84.8,115.69,52.815567,-1.638044,11.5,4,327.56,21 / 23,-2.8417153747148594,12.377602506487897,-1.2146518999999674,-73.85531058066594,214.33310243552236,0.15776455335041378,False,27.397999999999996,-6.416917661074676,10.000312744703507,-87.51771371308399,204.92290943224845,11.88208888888755,327.31269999998415,-3.5752022863598163,-2.3772897617843896,-13.66240313241805,-9.410193003273918
121012.0,-1.3824,1.9336,9.1842,0.015,-0.0494,9.8064,-0.1623,0.3964,-0.1288,185.65,-84.98,111.7,52.815567,-1.638044,11.5,4,327.56,21 / 23,-2.7592079802809275,12.137991526422343,-1.3076375499999664,-74.13815721009323,215.57113993418432,0.030388936125418264,False,27.498999999999995,-6.4590600831133305,9.644726536423663,-88.16921901312533,205.90109120238014,11.607788888888942,326.1895600000002,-3.699852102832403,-2.4932649899986803,-14.031061803032102,-9.670048731804172
121112.0,-2.0168,-0.0642,10.7946,0.0149,-0.1068,9.806,-0.1363,-0.4507,0.2227,182.33,-85.38,111.43,52.815567,-1.638044,11.5,4,327.56,21 / 23,-2.597088191943087,12.001105023976583,-1.2893625499999672,-74.40597201870442,216.77809476170418,-0.09946106887457104,False,27.59899999999999,-6.409209755226138,9.816787761628365,-88.8077533493097,206.90151195776414,11.723799999993073,326.86010999996023,-3.812121563283051,-2.184317262348218,-14.401781330605289,-9.876582803940039
121212.0,3.2893,-4.361,9.5752,-0.0199,-0.041,9.8065,0.0879,-0.0648,0.092,176.68,-85.44,107.66,52.815567,-1.638044,11.5,4,327.56,21 / 23,-2.6684818726997106,12.17567407988795,-1.251537549999964,-74.66925052193658,217.9869337168975,-0.22650607387457844,False,27.698999999999998,-6.471898765046318,9.823157997388755,-89.4528739780584,207.90226629729918,11.763499999998297,326.6214800000109,-3.8034168923466076,-2.3525160824991946,-14.78362345612183,-10.084667419598333
121312.0,-1.1597,-0.0709,10.5628,0.0417,-0.0558,9.8063,0.1153,-0.3716,0.2599,182.71,-85.55,110.08,52.815567,-1.638044,11.5,4,327.56,21 / 23,-2.782784128347963,12.35192556590019,-1.2253025499999655,-74.94181382198894,219.21331369918684,-0.35034807887456787,False,27.798999999999992,-6.212944102609563,10.068609021563718,-90.0714478156256,208.92503723252983,11.831263888886893,328.3227899999495,-3.4301599742616,-2.283316544336472,-15.12963399363666,-10.28827646665701
121412.0,-0.2626,-4.6456,9.5168,-0.0027,0.0166,9.8065,-0.086,-0.3207,0.1641,185.27,-85.24,108.02,52.815567,-1.638044,11.5,4,327.56,21 / 23,-2.688320069385543,12.549832638163473,-1.2019875499999635,-75.21536903187564,220.45840160939014,-0.47171258387457465,False,27.899,-6.142600641484522,10.125399526690838,-90.68309932538077,209.95903885511828,11.842944444444282,328.7567899999938,-3.454280572098979,-2.4244331114726343,-15.467730293505127,-10.499362754271857
121512.0,0.9242,-0.709,10.7104,-0.0188,-0.0105,9.8066,-0.0822,-0.1053,0.2032,187.3,-85.37,105.82,52.815567,-1.638044,11.5,4,327.56,20 / 21,-2.6945971451541997,12.787919191245962,-1.1712925499999651,-75.4845148926026,221.72528920086054,-0.5903765888745643,False,27.998999999999995,-6.062007626587462,10.076869929542891,-91.28137662895135,210.97113507762867,11.75973055555557,328.96988999999996,-3.3674104814332626,-2.711049261703071,-15.796861736348745,-10.75415412323187
121612.0,0.7493,-1.5896,9.5728,-0.0219,0.0221,9.8065,0.0246,-0.1724,-0.0105,184.39,-85.23,104.26,52.815567,-1.638044,11.5,4,327.56,20 / 21,-2.766301182081614,12.878039557172757,-1.1377975499999669,-75.75755980896437,223.0085871382814,-0.7058310938745544,False,28.09899999999999,-6.171782787933473,9.740465844035446,-91.9127870161132,211.9389757195147,11.531188888902166,327.64045000007764,-3.4054816058518584,-3.1375737131373107,-16.155227207148826,-11.069611418766698
121712.0,1.6974,-2.3054,9.0862,-0.0038,0.0342,9.8066,0.0972,0.1798,-0.2833,177.9,-84.88,102.95,52.815567,-1.638044,11.5,4,327.56,20 / 21,-2.88301246581528,13.039434990653472,-1.1855125499999708,-76.04002549135924,224.3044608656728,-0.8219965988745612,False,28.198999999999998,-6.511150990428007,9.515456099075646,-92.57780093647172,212.884354986064,11.529988888888841,325.61730000008896,-3.628138524612727,-3.5239788915778263,-16.537775445112473,-11.420105879608798
121811.0,0.8129,-0.0896,10.7429,-0.0168,0.0159,9.8066,-0.0978,0.4045,-0.0091,178.4,-84.73,103.65,52.815567,-1.638044,11.5,4,327.56,20 / 21,-3.006244527163415,13.121411922964963,-1.1748304499999702,-76.3315437125117,225.59942278789697,-0.9388335773745627,False,28.298000000000002,-6.418028247781952,9.529084326954342,-93.21015222262353,213.83095739587364,11.488894444445675,326.03897999998674,-3.411783720618537,-3.5923275960106213,-16.87860851011183,-11.76846539202333
121912.0,0.561,-5.0217,10.1394,0.0094,-0.0314,9.8066,-0.0874,-0.0991,0.0209,182.09,-84.88,101.13,52.815567,-1.638044,11.5,4,327.56,20 / 21,-3.062312167620909,13.346144502739957,-1.1107459499999708,-76.63800582559831,226.93603438739507,-1.0542551855745588,False,28.399,-6.0879110929592,9.716616592707163,-93.80842952619277,214.81881312437176,11.466330555555878,327.93097999997207,-3.0255989253382913,-3.6295279100327935,-17.170423700594455,-12.11722126302331
122012.0,0.9323,-2.2752,10.1775,-0.002,-0.0664,9.8064,0.1244,0.3857,-0.1037,170.99,-85.0,100.62,52.815567,-1.638044,11.5,4,327.56,20 / 21,-3.1388424101665557,13.670834543033449,-1.0755659499999728,-76.94806355448767,228.28688333968367,-1.1635707805745497,False,28.498999999999995,-6.330272393809227,9.583997966057227,-94.4530797054515,215.77531188334632,11.485911111111108,326.5550900000003,-3.191429983642671,-4.086836576976221,-17.505016150963826,-12.51157145633735
122112.0,-1.8693,4.1641,9.0992,0.0219,-0.0973,9.8061,0.1257,-0.484,0.2773,174.13,-85.13,102.61,52.815567,-1.638044,11.5,4,327.56,20 / 21,-3.0799658771468326,13.54639963719842,-1.0923959499999718,-77.25900396885332,229.64774504869519,-1.2719688755745406,False,28.59899999999999,-6.41728006397737,9.33328412652362,-95.09161404164884,216.70957165669464,11.326611111120414,325.4886300000614,-3.3373141868305374,-4.213115510674799,-17.832610072795518,-12.93817339200055
122211.0,1.1793,-2.7647,9.4259,0.01,-0.0105,9.8066,-0.0792,-0.1891,0.1294,165.41,-84.86,99.26,52.815567,-1.638044,11.5,4,327.56,20 / 21,-3.0479233387970104,13.43746221894365,-1.1462618499999737,-77.56233448504256,230.98344621057427,-1.382782436674542,False,28.697999999999993,-5.972532529793019,9.59871942663619,-95.6644198671402,217.6778570781108,11.30540000000088,328.10929999988184,-2.924609190996009,-3.8387427923074604,-18.10208538209764,-13.305589132463467
122311.0,-0.866,5.1151,9.2799,0.0182,-0.0379,9.8065,0.1088,-0.4578,0.4495,172.13,-85.11,99.74,52.815567,-1.638044,11.5,4,327.56,20 / 21,-3.0513548595730358,13.277703859477564,-1.1916368499999774,-77.86729839496108,232.31920451449545,-1.4996773716745495,False,28.798000000000002,-6.100562799225809,9.620004458725182,-96.27533209916557,218.64547532951838,11.391294444441858,327.6191000000163,-3.0492079396527734,-3.6576994007523815,-18.408033704204485,-13.673729184977077
122411.0,-0.0506,-3.1204,9.6813,-0.0059,0.0234,9.8065,0.0046,-0.4368,0.0944,173.88,-84.86,100.15,52.815567,-1.638044,11.5,4,327.56,20 / 21,-2.9793437146976287,13.153677570653974,-1.2242418499999754,-78.1688333236746,233.64077358600196,-1.6204713066745402,False,28.897999999999996,-6.205460770970496,9.56645709943908,-96.89350269433398,219.60197408848583,11.402855555555407,327.0298000000088,-3.226117056272867,-3.587220471214893,-18.72466937065937,-14.038799497516123
122512.0,-1.852,2.8303,8.817,-0.0096,-0.0252,9.8065,0.0282,-0.2216,0.1395,172.0,-84.94,99.38,52.815567,-1.638044,11.5,4,327.56,21 / 22,-2.8727588625453495,13.149789575481602,-1.280549349999975,-78.46436450382538,234.9690986768818,-1.7469632622745366,False,28.998999999999995,-5.959420444259806,9.896529694786498,-97.49137675550472,220.61184641270117,11.552380555555526,328.9445399999996,-3.086661581714457,-3.2532598806951043,-19.027012251679338,-14.35725226418063
122612.0,1.0023,-1.275,9.9363,-0.0264,0.0437,9.8065,0.0152,-0.3919,0.1695,176.32,-84.91,97.49,52.815567,-1.638044,11.5,4,327.56,21 / 22,-2.8079023594925463,13.050791567268693,-1.3235493499999724,-78.74839756492726,236.27912773401923,-1.8771681972745267,False,29.09899999999999,-6.093982386546338,9.761331427817625,-98.10275943696388,221.5795758603632,11.507413888891598,328.02350000005487,-3.2860800270537913,-3.2894601394510676,-19.35436187203662,-14.69955187365602
122712.0,1.1015,-4.074,9.7723,-0.0128,0.0233,9.8066,-0.1126,0.1038,-0.1353,170.65,-85.05,95.73,52.815567,-1.638044,11.5,4,327.56,21 / 22,-2.94150302402112,13.271197697167686,-1.318784349999972,-79.03586783410297,237.59522719724114,-2.0092848822745353,False,29.198999999999998,-6.048206173489783,9.676229924586542,-98.70103674052159,222.55798001872157,11.410969444448693,327.992220000001,-3.1067031494686628,-3.5949677725811444,-19.665168906418614,-15.037247178519578
122812.0,-1.2109,2.4257,9.9531,-0.0155,0.0614,9.8064,0.0104,-0.2882,0.3539,178.53,-85.53,94.38,52.815567,-1.638044,11.5,4,327.56,21 / 22,-2.9579915768923315,13.311399523843964,-1.3131793499999724,-79.33084256414863,238.92435705829166,-2.140883067274525,False,29.298999999999992,-6.098176206687157,9.711602557752526,-99.3124866290771,223.53649537338467,11.467474999998297,327.8741900000035,-3.1401846297948253,-3.5997969660914375,-19.981644064928474,-15.387861684906994
122912.0,1.9909,-1.4574,10.3406,-0.0094,0.0023,9.8066,-0.1341,0.3098,-0.0857,172.35,-85.56,92.33,52.815567,-1.638044,11.5,4,327.56,21 / 22,-2.995873848148448,13.218390928731466,-1.2791593499999696,-79.62853583540068,240.25084658092055,-2.270500002274533,False,29.399,-6.113153030781099,9.697017318509666,-99.92407093176595,224.50400243056103,11.463105555555629,327.77202000000153,-3.117279182632651,-3.5213736102218007,-20.29553509636527,-15.746844150359522
123012.0,-2.756,4.3022,8.3645,-0.0059,0.0121,9.8066,0.1347,-0.1992,-0.0184,177.54,-85.55,93.76,52.815567,-1.638044,11.5,4,327.56,21 / 22,-2.950204909960563,13.036123581317412,-1.324569349999967,-79.92583977330612,241.5635723064229,-2.4006864372745227,False,29.498999999999995,-5.99411223779284,9.716419326464733,-100.51569473577743,225.47139829141216,11.416580555555564,328.3293599999999,-3.043907327832277,-3.319704254852679,-20.589854962471307,-16.092174015010755
123112.0,2.3027,0.2407,8.9328,-0.0501,0.0929,9.806,-0.0162,0.6569,-0.2536,183.0,-85.5,94.01,52.815567,-1.638044,11.5,4,327.56,21 / 22,-2.914806702274074,12.788375270103565,-1.4403693499999604,-80.21909035391784,242.8547972489939,-2.5389333722745113,False,29.59899999999999,-6.134890545671037,9.676793943247933,-101.12707741722339,226.44980245108053,11.45763611110869,327.62616000004135,-3.2200838433969627,-3.1115813268556316,-20.907987063305555,-16.40499479791336
123212.0,-2.4381,4.6375,10.3459,-0.0086,-0.0273,9.8066,-0.1803,0.2749,-0.2886,180.34,-86.05,90.44,52.815567,-1.638044,11.5,4,327.56,21 / 22,-2.9065862712949824,12.516910928144252,-1.4570993499999616,-80.51016000259631,244.1200615589064,-2.68380680727452,False,29.698999999999998,-5.967056755145596,9.751370062671691,-101.7187012212486,227.42831780575722,11.4322055555567,328.5367299999594,-3.060470483850614,-2.765540865472561,-21.208541218652286,-16.691743753149183
123312.0,0.4715,-6.431,10.6348,-0.0171,0.083,9.8063,-0.1274,0.7273,-0.4434,177.66,-85.71,86.95,52.815567,-1.638044,11.5,4,327.56,21 / 22,-2.81791485437682,12.571948289303963,-1.3887293499999653,-80.79638505887988,245.37450451977875,-2.826098242274508,False,29.798999999999992,-5.819330479272476,9.974198666228885,-102.29681640494334,228.4288497561366,11.547719444441016,329.73894999996463,-3.001415624895656,-2.597749623075078,-21.500431346063465,-16.945654763642153
123412.0,-0.2902,4.9514,9.4602,0.0221,-0.0449,9.8064,-0.0844,0.7586,-0.2536,179.83,-86.17,89.79,52.815567,-1.638044,11.5,4,327.56,21 / 22,-2.834379935639304,12.612072840520055,-1.3646443499999632,-81.0789997983807,246.63370557627007,-2.9637669272745164,False,29.899,-6.008680014187163,9.695444919999622,-102.90141117278063,229.38557090426758,11.406438888891001,328.21155000002284,-3.1743000785478586,-2.9166279205204333,-21.82241137439992,-17.248134672002493
123512.0,2.0835,-5.6609,9.4555,0.0135,-0.0136,9.8066,-0.0586,0.1758,-0.2138,177.52,-86.43,93.26,52.815567,-1.638044,11.5,4,327.56,20 / 22,-2.9304461777985336,12.610157131395505,-1.399524349999961,-81.36724110405258,247.89481707486578,-3.101975362274505,False,29.998999999999995,-6.045069547067847,9.773802667022503,-103.50627476880467,230.36386386908185,11.492174999999984,328.26332,-3.1146233692693133,-2.8363544643730023,-22.13903366475209,-17.53095320578393
123612.0,-2.4368,-6.3009,10.3206,0.0402,-0.0887,9.8061,-0.0031,0.7178,-0.3727,176.17,-86.65,97.84,52.815567,-1.638044,11.5,4,327.56,20 / 22,-2.940191591234471,13.17841957134334,-1.3913843499999614,-81.66077299250422,249.18424591000266,-3.241520797274493,False,30.09899999999999,-6.028126204806504,9.630238217410673,-104.111138364824,231.30935433048663,11.361330555563237,327.955120000018,-3.0879346135720325,-3.5481813539326676,-22.45036537231978,-17.87489157951603
123712.0,-1.7441,-4.3577,9.79,0.04,-0.0516,9.8064,0.1845,-0.2896,0.183,179.03,-86.4,101.33,52.815567,-1.638044,11.5,4,327.56,20 / 22,-2.750538080234737,13.687670805807427,-1.3665193499999593,-81.94530947607771,250.5275504288603,-3.3794159822745007,False,30.198999999999998,-5.8644067117740795,9.724737205289912,-104.68938796266498,232.28753610038154,11.35615000000017,328.90833999995766,-3.1138686315393427,-3.9629336005175144,-22.74407848658727,-18.240014328478765
123812.0,1.7888,-2.2506,9.5647,0.0282,-0.0252,9.8065,-0.0213,0.0217,-0.1185,180.28,-86.11,104.4,52.815567,-1.638044,11.5,4,327.56,20 / 22,-2.7514676231754227,13.987218890842529,-1.3794493499999585,-82.2204097612482,251.91129491369273,-3.5167144172744886,False,30.298999999999992,-6.106875344932546,9.703198751121793,-105.30063623002114,233.26605145435857,11.465011111107886,327.8151400000327,-3.3554077217571234,-4.284020139720736,-23.080226468772935,-18.645243459334154
123912.0,-1.6758,0.5119,10.0869,0.02,-0.0113,9.8066,0.1024,-0.2071,0.2296,181.3,-85.99,104.18,52.815567,-1.638044,11.5,4,327.56,20 / 22,-2.7533628397844727,14.039865049265625,-1.3775343499999582,-82.49565128439622,253.31264911069826,-3.654563602274496,False,30.399,-6.174782979126401,9.634353461713134,-105.91887403226897,234.2225502140268,11.44328611111145,327.34365000000685,-3.421420139341928,-4.405511587552491,-23.423222747872757,-19.090098896671464
124012.0,-0.7598,-1.862,11.0538,0.0149,0.0026,9.8066,0.0689,-0.1105,-0.0868,181.11,-85.89,102.7,52.815567,-1.638044,11.5,4,327.56,20 / 22,-2.626820402865006,14.071864093482189,-1.3011643499999623,-82.76466044652868,254.71823556783556,-3.7884985372744846,False,30.498999999999995,-5.961328241495504,9.68145819906571,-106.50391154377448,235.20084317815494,11.369630555555569,328.37750999999986,-3.3345078386304983,-4.390405894416478,-23.7392510972458,-19.517392389680623
124112.0,0.6742,-1.7038,10.6427,0.0016,0.0068,9.8066,-0.0478,0.0164,-0.0881,186.53,-85.56,105.95,52.815567,-1.638044,11.5,4,327.56,20 / 22,-2.608774082930889,14.219731724628922,-1.197004349999968,-83.02644017081846,256.132815358741,-3.913406972274474,False,30.59899999999999,-6.013718375846314,9.791409284688532,-107.10192001903663,236.1793585320544,11.490713888881784,328.4424499999969,-3.4049442929154248,-4.4283224399403895,-24.075479848218166,-19.95345682668662
124212.0,2.1087,-0.538,9.3206,-0.0147,0.0163,9.8066,0.0007,0.0287,0.0438,184.72,-85.39,108.76,52.815567,-1.638044,11.5,4,327.56,20 / 22,-2.734415958921612,14.310655947456231,-1.1795043499999665,-83.29359967291111,257.5593347423454,-4.032232407274481,False,30.698999999999998,-5.950959733972868,9.779002788045947,-107.69340940892857,237.1578738874243,11.447394444446418,328.6776299999896,-3.216543775051256,-4.5316531594102845,-24.39980973601746,-20.401460854921112
124312.0,1.2136,-3.1789,9.6077,0.0004,-0.0136,9.8066,0.0094,-0.125,-0.0608,183.25,-85.47,106.83,52.815567,-1.638044,11.5,4,327.56,20 / 22,-2.8868809964755635,14.47528018254914,-1.2137543499999643,-83.57466452068095,258.9986315488456,-4.151895342274471,False,30.798999999999992,-6.031455722330355,9.73970442194612,-108.29813859087214,238.13638924210863,11.456019444444173,328.23153000001327,-3.1445747258547914,-4.7355757606030195,-24.723474070191187,-20.86224230673696
124412.0,-0.0261,-1.9479,9.0913,0.0015,-0.0012,9.8066,-0.1345,0.0841,-0.0084,177.81,-85.52,99.65,52.815567,-1.638044,11.5,4,327.56,20 / 22,-6.02143562288027,9.776063664276442,-1.2594693499999683,-108.89634868736346,239.12591289358687,-4.275556527274478,True,30.899,-6.02143562288027,9.776063664276442,-108.89634868736346,239.12591289358687,11.481686111110731,328.3695599999979,0.0,0.0,0.0,0.0
124512.0,-0.5249,0.2521,10.5329,-0.0127,-0.0218,9.8065,-0.0219,-0.2696,0.1476,185.26,-85.54,96.88,52.815567,-1.638044,11.5,4,327.56,20 / 23,-5.995502612812163,9.825670700955808,-1.2589243499999683,-109.49719559914804,240.10599961184843,-4.401476212274468,False,30.998999999999995,-6.072505445097532,9.697059926886627,-109.50114507637349,240.08252284747877,11.441519444444452,327.9443100000001,-0.07700283228536886,-0.12861077406918042,-0.00394947722544714,-0.023476764369661396
124612.0,-1.1171,-2.24,12.0129,-0.0158,0.0028,9.8066,0.3218,-0.1217,-0.0107,182.93,-85.4,100.19,52.815567,-1.638044,11.5,4,327.56,20 / 23,-5.907110048011247,9.886721765050279,-1.1122993499999765,-110.09232623218918,241.09161923514867,-4.520037397274458,False,31.09899999999999,-6.103446196850045,9.631260378393517,-110.1126621719521,241.02779091902795,11.402336111113373,327.6370600000177,-0.1963361488387978,-0.2554613866567621,-0.0203359397629157,-0.06382831612071982
124712.0,-0.571,-2.2762,9.6328,0.0427,-0.0148,9.8065,0.1224,0.0477,-0.215,182.06,-85.17,105.26,52.815567,-1.638044,11.5,4,327.56,20 / 23,-5.81015294718911,10.075501201218886,-1.0106793499999678,-110.67818938194925,242.0897303834622,-4.6261863322744645,False,31.198999999999998,-5.992348521257786,9.698042651341364,-110.71093947550966,242.00597268892287,11.40001944444453,328.28838999997106,-0.18219557406867626,-0.37745854987752203,-0.032750093560409255,-0.08375769453934367
124812.0,-0.3488,1.2511,11.1755,0.0139,0.0442,9.8065,-0.0783,0.0013,0.1021,182.19,-84.79,105.51,52.815567,-1.638044,11.5,4,327.56,20 / 23,-5.759453309797945,10.092124395227954,-0.9509293499999711,-111.25666969479857,243.0981116632845,-4.724266767274456,False,31.298999999999992,-6.1609474065498,9.725531851465133,-111.33569636318299,242.9514631503972,11.512749999996661,327.6465500000192,-0.401494096751855,-0.36659254376282036,-0.07902666838441519,-0.1466485128873103
124912.0,0.4634,-3.77,11.0509,0.0182,0.0517,9.8064,-0.0823,0.1253,0.0295,182.46,-84.78,105.88,52.815567,-1.638044,11.5,4,327.56,20 / 23,-5.7565490136512105,10.185347843309112,-0.82027434999996,-111.83246981097108,244.11198527521145,-4.81282695227446,False,31.399,-6.071541421925043,9.497591389562874,-111.94076158044575,243.885611728889,11.272438888892472,327.4103200000034,-0.3149924082738327,-0.6877564537462373,-0.10829176947467545,-0.22637354632246343
125012.0,-1.6813,1.4751,8.5219,-0.0079,-0.0227,9.8066,-0.0765,0.1334,-0.3218,178.32,-84.53,101.67,52.815567,-1.638044,11.5,4,327.56,20 / 23,-5.681383044862197,10.270627172010592,-0.8222993499999598,-112.40436641389671,245.13478402597738,-4.8949556372744505,False,31.498999999999995,-6.2383945383987465,9.520004534236575,-112.57223917473223,244.80864081564798,11.381924999999978,326.7635100000001,-0.5570114935365496,-0.7506226377740166,-0.16787276083552172,-0.3261432103294055
125112.0,0.434,-3.1263,9.5248,-0.0674,0.034,9.8063,0.0751,0.3086,-0.3002,175.41,-84.13,97.43,52.815567,-1.638044,11.5,4,327.56,20 / 23,-5.623288733826345,10.320962090923922,-0.9006293499999553,-112.9696000028311,246.16436348912404,-4.9811020722744415,False,31.59899999999999,-6.1936647061944825,9.478332093040688,-113.19067859812105,245.7535753010239,11.322555555559083,326.83718999999536,-0.5703759723681374,-0.8426299978832343,-0.22107859528995277,-0.41078818810015605
125212.0,-1.7443,0.4832,9.7714,-0.0177,0.0035,9.8066,0.0626,0.1733,-0.216,170.24,-84.14,94.95,52.815567,-1.638044,11.5,4,327.56,20 / 23,-5.559069498537805,10.43405892077826,-0.9164843499999565,-113.52871791444936,247.20211453970924,-5.071957757274445,False,31.698999999999998,-6.045454297411336,9.51421447343557,-113.78902310877159,246.69873217770217,11.272444444446636,327.5676299999677,-0.48638479887353103,-0.9198444473426886,-0.2603051943222283,-0.5033823620070734
125312.0,0.5889,-4.3553,10.2803,0.0172,0.0616,9.8064,0.0576,0.1176,-0.1042,169.41,-83.77,95.08,52.815567,-1.638044,11.5,4,327.56,20 / 23,-5.528004149312474,10.602170614895764,-0.8945643499999577,-114.08307159684185,248.2539260164929,-5.162510192274436,False,31.798999999999992,-6.113718268527759,9.629907943207202,-114.40047299732738,247.65489735189607,11.406694444440454,327.58984999999956,-0.585714119215285,-0.9722626716885614,-0.31740140048553656,-0.5990286645968297
125412.0,-1.6209,-4.0245,9.7427,0.0615,-0.0031,9.8064,-0.1499,0.3597,-0.0789,169.87,-83.94,96.0,52.815567,-1.638044,11.5,4,327.56,20 / 23,-5.542495554117092,10.991682150724401,-0.874079349999956,-114.63659658201337,249.333618654774,-5.250942377274439,False,31.899,-5.8124023688911,9.586410835859276,-114.96548280311646,248.62218201921615,11.21088055555848,328.7710699999825,-0.269906814774008,-1.405271314865125,-0.3288862211030903,-0.7114366355578454
125512.0,-1.8971,2.0688,10.1892,-0.0175,-0.0506,9.8065,0.0806,0.6199,-0.319,175.24,-83.95,95.78,52.815567,-1.638044,11.5,4,327.56,21 / 21,-5.386534099103674,11.076899979222409,-0.8581493499999568,-115.18304806467438,250.4370477612713,-5.33755381227443,False,31.998999999999995,-5.851210557276298,9.703010155000648,-115.54998265810451,249.5895778814678,11.330713888888864,328.90873,-0.46467645817262415,-1.3738898242217612,-0.36693459343013046,-0.8474698798034979
125612.0,-0.0712,1.112,9.2918,-0.0085,-0.069,9.8064,-0.0504,0.3803,-0.468,174.61,-83.68,94.79,52.815567,-1.638044,11.5,4,327.56,21 / 21,-5.26751451452757,10.894398043185516,-0.8647643499999564,-115.71575049535592,251.53561266239163,-5.423699497274421,False,32.09899999999999,-5.897139257607497,9.638259937376587,-116.14133763382131,250.55697374224923,11.299219444446353,328.5397400000216,-0.6296247430799271,-1.2561381058089296,-0.42558713846538865,-0.9786389201424015
125712.0,-1.7785,1.6672,8.952,-0.0097,-0.0349,9.8065,0.2251,-0.2925,-0.1087,173.79,-83.66,93.68,52.815567,-1.638044,11.5,4,327.56,21 / 21,-5.1537782899636575,10.733949774357367,-0.9332393499999622,-116.23681513558053,252.61703005326888,-5.513599682274425,False,32.199,-5.679304110433232,9.758884260287704,-116.6994923188527,251.53537790268712,11.29118888888923,329.80220999994395,-0.5255258204695741,-0.9750655140696622,-0.4626771832721772,-1.0816521505817605
125812.0,-1.2034,-2.2175,9.5414,-0.0197,-0.0137,9.8065,0.0409,-0.0313,0.0729,174.03,-83.6,94.0,52.815567,-1.638044,11.5,4,327.56,21 / 21,-5.000334328714653,10.74509093600924,-0.989234349999959,-116.74452076651441,253.69098208878714,-5.609723367274415,False,32.29899999999999,-5.734761650672201,9.6365191630793,-117.27061796766904,252.51389325667122,11.213836111113398,329.242780000017,-0.7344273219575479,-1.10857177292994,-0.5260972011546272,-1.1770888321159134
125912.0,-1.0413,0.1643,10.7234,0.0195,-0.0129,9.8066,-0.1079,-0.1445,0.1107,174.2,-83.71,94.21,52.815567,-1.638044,11.5,4,327.56,21 / 21,-4.891797244937727,10.826544807306144,-0.9566593499999562,-117.23912734519708,254.769563875953,-5.707018052274419,False,32.399,-5.696545443051861,9.615772568586655,-117.83522453104632,253.48140031454076,11.176480555556099,329.3567899999982,-0.804748198114134,-1.210772238719489,-0.5960971858492456,-1.288163561412233
126012.0,-0.0299,-1.8734,9.0014,0.0042,0.0105,9.8066,-0.0345,-0.1537,0.2182,177.05,-83.92,92.8,52.815567,-1.638044,11.5,4,327.56,21 / 21,-4.835751980387867,10.884910635156686,-0.9510843499999564,-117.72550480646333,255.85513664807607,-5.802405237274409,False,32.498999999999995,-5.725118385167323,9.601559500153801,-118.4064173869425,254.43778787859796,11.178861111111111,329.19365999999997,-0.889366404779456,-1.283351135002885,-0.6809125804791591,-1.4173487694781102
126112.0,0.9036,1.4993,10.452,-0.0173,-0.0587,9.8064,-0.2799,0.26,-0.0332,176.92,-84.35,92.11,52.815567,-1.638044,11.5,4,327.56,21 / 21,-4.874189958066084,10.86874267591295,-0.9590793499999559,-118.211001903386,256.9428193136295,-5.897913422274399,False,32.59899999999999,-5.701764087374878,9.422819390105039,-118.97102395029219,255.3610393530452,11.013613888898526,328.82174000002163,-0.8275741293087941,-1.4459232858079112,-0.7600220469061867,-1.5817799605843277
126213.0,-1.3719,1.2728,9.484,-0.0159,0.0094,9.8066,0.1162,-0.1829,0.087,171.43,-84.49,92.02,52.815567,-1.638044,11.5,4,327.56,21 / 21,-4.8299721480048445,10.704992022631064,-0.942782999999956,-118.70106208974258,258.032292915906,-5.993957470949394,False,32.69999999999999,-5.612814329298225,9.46735428168573,-119.53448799355397,256.3487838873231,11.006111111111366,329.3379999999773,-0.7828421812933808,-1.2376377409453347,-0.8334259038113885,-1.6835090285828755
126312.0,-0.1984,-4.3703,10.7958,-0.0364,0.0479,9.8064,-0.0349,0.4028,-0.1428,176.98,-84.62,92.24,52.815567,-1.638044,11.5,4,327.56,21 / 21,-4.747560884392976,10.837539067312642,-0.9097912499999546,-119.17514997484629,259.09864820485825,-6.085659896324393,False,32.79899999999999,-5.613451735552007,9.515220308876632,-120.08672845675557,257.2844891945505,11.047636111109883,329.46174999999636,-0.8658908511590315,-1.32231875843601,-0.9115784819092738,-1.814159010307776
126412.0,3.3783,-5.1391,9.8925,-0.0424,0.0245,9.8065,0.0316,-0.4786,0.2384,170.35,-84.82,90.75,52.815567,-1.638044,11.5,4,327.56,21 / 21,-4.950929136715828,11.24922512100375,-0.85604124999995,-119.66007447590178,260.20298641427416,-6.173951521324396,False,32.899,-5.203595454438149,9.71084148922147,-120.58466561046285,258.2626709637397,11.017255555556012,331.8152399999651,-0.25266631772232095,-1.5383836317822794,-0.9245911345610693,-1.940315450534456
126512.0,-3.2767,-5.4439,9.703,-0.0477,0.11,9.8058,0.0002,0.5372,-0.3215,169.22,-84.98,88.33,52.815567,-1.638044,11.5,4,327.56,18 / 21,-5.040491268488522,11.740764440110645,-0.85693124999995,-120.15964549616197,261.3524858923298,-6.259600146324386,False,32.998999999999995,-5.192742959741309,9.566785370577326,-121.10195839922326,259.20816142520596,10.88521944444447,331.5073500000001,-0.15225169125278626,-2.1739790695333188,-0.9423129030612927,-2.1443244671238517
126612.0,-0.1088,4.2266,10.0543,-0.0055,0.048,9.8065,0.0024,-0.2454,0.0746,168.37,-85.33,86.57,52.815567,-1.638044,11.5,4,327.56,18 / 21,-4.871981907358801,11.801581880840283,-0.8497312499999503,-120.65526915495431,262.5296032083773,-6.3449332713243765,False,33.09899999999999,-5.073378175736237,9.573123673065506,-121.606145810041,260.1423100043303,10.834388888891777,332.0781999999665,-0.20139626837743574,-2.2284582077747768,-0.9508766550866881,-2.387293204047012
126712.0,-0.5789,-0.8618,10.0768,-0.0111,0.0932,9.8061,0.0574,-0.5361,0.3794,168.59,-85.29,86.74,52.815567,-1.638044,11.5,4,327.56,18 / 21,-4.793484517543497,11.612386608302744,-0.823841249999948,-121.13854247619946,263.70030163283457,-6.428611896324378,False,33.199,-5.005217433813692,9.532655716379336,-122.10354530720355,261.07634738859707,10.76678888889186,332.2978399999906,-0.21173291627019442,-2.0797308919234077,-0.9650028310040852,-2.6239542442374955
126811.0,-1.2274,1.088,9.9023,-0.0069,0.0271,9.8065,0.0188,-0.0919,0.0032,164.88,-85.48,86.57,52.815567,-1.638044,11.5,4,327.56,18 / 21,-4.689590808864173,11.593128683984961,-0.8057341499999472,-121.60795470485665,264.84897463980286,-6.5092758786243765,False,33.298,-5.187971769014451,9.416837883643312,-122.62883573684898,262.01194150090527,10.751411111111551,331.1485000000345,-0.49838096015027844,-2.176290800341649,-1.0208810319923316,-2.8370331388975956
126912.0,-0.1871,-4.4782,10.2047,-0.0143,0.0664,9.8064,0.008,0.2978,-0.1444,164.94,-85.24,87.54,52.815567,-1.638044,11.5,4,327.56,18 / 21,-4.652286742205624,11.74624908997591,-0.7808022999999473,-122.07971952118567,266.02761321738785,-6.58939596934937,False,33.399,-5.1140819961040895,9.485000954238084,-123.13846692006842,262.9775582445524,10.775861111110743,331.66751999999195,-0.4617952538984653,-2.2612481357378265,-1.0587473988827583,-3.050054972835426
127012.0,-1.0689,-0.1699,10.1952,-0.0055,-0.0247,9.8065,0.053,0.1067,-0.1392,165.35,-85.54,88.32,52.815567,-1.638044,11.5,4,327.56,18 / 21,-4.639353766599722,11.956046750388653,-0.7414722999999495,-122.5443015466259,267.212728009406,-6.665509699349361,False,33.498999999999995,-5.110836050837794,9.400111047838209,-123.64917341633596,263.92282631547664,10.699661111111125,331.46708,-0.47148228423807215,-2.5559357025504443,-1.1048718697100526,-3.28990169392938
127112.0,-0.4975,-1.5878,9.8647,0.0011,-0.0003,9.8066,0.0145,-0.1391,0.107,167.31,-85.52,89.59,52.815567,-1.638044,11.5,4,327.56,18 / 21,-4.571085484888317,12.029861177815626,-0.7191422999999507,-123.00482350920028,268.41202340581617,-6.738540429349352,False,33.59899999999999,-5.169007168618787,9.270188963451645,-124.16660061920484,264.8459665956928,10.613913888893844,330.85615000003554,-0.5979216837304699,-2.759672214363981,-1.1617771100045644,-3.5660568101233707
127211.0,0.0545,-3.2959,9.4005,0.0037,-0.0338,9.8066,0.0171,0.055,-0.1176,167.27,-85.72,89.58,52.815567,-1.638044,11.5,4,327.56,18 / 21,-4.5916567471818395,12.239764046384368,-0.7363732499999514,-123.45837924968777,269.6133698544141,-6.81058844907435,False,33.69799999999999,-5.006734887744398,9.401015327090425,-124.65257491510712,265.770552411871,10.651166666664954,331.96131999995015,-0.4150781405625583,-2.8387487192939425,-1.1941956654193575,-3.842817442543094
127312.0,-0.2362,-3.1575,9.3489,-0.0057,-0.0421,9.8065,0.0313,-0.3757,0.1906,171.12,-85.75,89.39,52.815567,-1.638044,11.5,4,327.56,18 / 21,-4.633422451540313,12.529200475403977,-0.780000199999951,-123.92424574922323,270.8642025627644,-6.887165308299345,False,33.79899999999999,-5.006166244001342,9.251805408773459,-125.16139961353043,266.6919135735929,10.519394444448372,331.58206000001195,-0.37274379246102907,-3.2773950666305183,-1.2371538643072029,-4.172288989171477
127412.0,1.1462,-3.0958,10.2119,-0.0224,-0.0208,9.8066,0.0613,-0.0843,-0.0732,169.18,-85.62,90.86,52.815567,-1.638044,11.5,4,327.56,18 / 21,-4.721672148030527,12.79672612105128,-0.7826251999999511,-124.39200047920181,272.13049889258724,-6.965296578299347,False,33.899,-5.0339548026878695,9.020371198122112,-125.65879911067994,267.5816953765922,10.329955555558346,330.83550000001105,-0.3122826546573423,-3.776354922929169,-1.2667986314781245,-4.548803515995019
127512.0,-0.5621,0.5112,9.7006,0.0124,-0.0409,9.8065,0.0089,-0.2996,0.1542,175.3,-85.72,89.03,52.81632,-1.638812,9.31,4,333.54,22 / 22,-4.768283558468395,12.882979322001647,-0.7676651999999519,-124.86649826452673,273.4144841647398,-7.042811098299337,False,33.998999999999995,-4.954736080165461,8.898019024921402,-126.14947790123013,268.4602464922411,10.184505555555583,330.88937999999996,-0.18645252169706605,-3.984960297080246,-1.282979636703402,-4.954237672498721
127612.0,-0.4174,-2.8099,9.7275,0.0,0.0015,9.8065,-0.0162,-0.0925,0.0261,178.21,-85.86,87.87,52.81632,-1.638812,9.31,4,333.54,22 / 22,-4.715602441607775,12.968414676984336,-0.7769251999999514,-125.34069256453051,274.70705386468904,-7.120040618299328,False,34.09899999999999,-4.949252225335471,8.953808898703944,-126.64008948466568,269.3717113061042,10.230630555552782,331.0681999999896,-0.23364978372769585,-4.014605778280393,-1.299396920135166,-5.335342558584841
127711.0,0.0396,-2.0364,10.0728,-0.0051,-0.0125,9.8066,0.0257,-0.1572,0.0239,172.64,-85.87,85.94,52.81632,-1.638812,9.31,4,333.54,22 / 22,-4.707370316697571,13.175831736890087,-0.7676686999999509,-125.80712971606664,276.0011940621759,-7.1964980163493255,False,34.19799999999999,-4.851969562517145,8.904649749693505,-127.11920865980888,270.26349461755564,10.140733333337392,331.41495999998455,-0.14459924581957395,-4.271181987196583,-1.312078943742236,-5.737699444620262
127811.0,0.9985,-1.3087,9.7643,-0.007,-0.005,9.8066,0.0734,-0.0819,-0.0221,166.25,-85.85,83.68,52.81632,-1.638812,9.31,4,333.54,22 / 22,-4.77625023407413,13.296860105291637,-0.7564786999999499,-126.28131074360526,277.3248286542851,-7.272705386349327,False,34.298,-4.829694327710175,8.83004306349756,-127.60309953666733,271.14237931797817,10.064572222224449,331.323020000003,-0.05344409363604541,-4.4668170417940765,-1.321788793062069,-6.182449336306945
127912.0,0.5035,-1.335,9.718,-0.0028,0.0075,9.8066,0.0109,0.0308,-0.109,166.39,-85.8,84.54,52.81632,-1.638812,9.31,4,333.54,22 / 22,-4.869506787003717,13.377464198366258,-0.7630941999999498,-126.76842147316968,278.6718820316198,-7.3494438177993215,False,34.399,-4.860614874115251,8.763872601677601,-128.09182932229461,272.02960363720956,10.021530555556172,330.98638000000494,0.00889191288846547,-4.613591596688657,-1.3234078491249335,-6.642278394410255
128012.0,-0.1108,-1.1761,10.2044,0.0061,-0.021,9.8066,0.0689,0.091,0.041,162.68,-86.01,85.66,52.81632,-1.638812,9.31,4,333.54,22 / 22,-4.909062591076631,13.463766072683741,-0.7476391999999507,-127.25734994207367,280.01394354517225,-7.424980487799313,False,34.498999999999995,-4.78284402597731,8.755348791248021,-128.56241320002187,272.90804355792693,9.976561111111119,331.35326,0.12621856509932083,-4.70841728143572,-1.3050632579481913,-7.105899987245323
128112.0,1.1557,-1.7691,9.8909,0.0147,-0.0243,9.8066,-0.06,-0.0143,-0.1692,158.89,-86.37,86.6,52.81632,-1.638812,9.31,4,333.54,22 / 22,-4.992245362320931,13.553728727247087,-0.723539199999952,-127.75241533974352,281.3648182851687,-7.498539407799304,False,34.59899999999999,-4.855386090677039,8.706625858711659,-129.05282316227175,273.7754751803872,9.968961111111529,330.8530900000294,0.13685927164389167,-4.847102868535428,-1.3004078225282285,-7.589343104781506
128213.0,-0.2926,-3.1983,9.8073,0.0121,-0.0636,9.8064,-0.0313,0.1597,-0.1916,153.22,-86.55,83.33,52.81632,-1.638812,9.31,4,333.54,22 / 22,-5.121104261166408,13.738427087290873,-0.719251749999952,-128.26313949572963,282.74307215380287,-7.571400350774298,False,34.69999999999999,-4.667971658417965,8.648740752237485,-129.51473732845173,274.65146881366866,9.82805555556172,331.64299999996524,0.45313260274844325,-5.089686335053388,-1.2515978327220978,-8.091603340134213
128312.0,0.6552,-3.8286,9.5263,-0.0085,-0.005,9.8066,0.1298,0.0168,-0.0355,152.8,-86.44,82.57,52.81632,-1.638812,9.31,4,333.54,22 / 22,-5.276496189358035,14.013021358730416,-0.7330968999999544,-128.77782071803068,284.11676885188115,-7.643291608949307,False,34.79900000000001,-4.704191376873391,8.63003242667387,-129.98048229742295,275.49910773808296,9.82888055555553,331.40540000000703,0.5723048124846439,-5.382988932056547,-1.2026615793922701,-8.617661113798192
128412.0,2.0348,0.3442,9.8341,0.0362,-0.0307,9.8065,0.009,0.208,-0.1769,153.9,-86.64,86.43,52.81632,-1.638812,9.31,4,333.54,22 / 22,-5.458423184247658,14.080710815432882,-0.7457418999999537,-129.31456668671095,285.5214554605892,-7.717233548949298,False,34.899,-4.65529395689696,8.590264222104311,-130.44427826148492,276.35530867393487,9.770588888889753,331.5455599999979,0.8031292273506976,-5.490446593328571,-1.129711574773978,-9.166146786654338
128514.0,-1.7032,0.5739,9.3622,0.0184,0.0046,9.8066,0.0388,-0.2285,0.0576,160.03,-86.47,89.16,52.81632,-1.638812,9.31,4,333.54,20 / 22,-5.435202239885255,13.992424705318738,-0.7670088999999545,-129.87014158334173,286.9531853721476,-7.794383839749296,False,35.001000000000005,-4.590096126806751,8.565624695212758,-130.91042647283567,277.22830004373094,9.717969444444552,331.8142400000001,0.8451061130785043,-5.42680001010598,-1.0402848894939325,-9.724885328416633
128612.0,-1.31,-1.1975,9.8306,0.0246,-0.0146,9.8066,-0.0848,0.0992,-0.0161,160.62,-86.34,88.38,52.81632,-1.638812,9.31,4,333.54,20 / 22,-5.291333665889716,14.042310720402485,-0.7876133999999512,-130.39574184272462,288.3268874080077,-7.870560332449279,False,35.09899999999999,-4.535662787628152,8.368908344412686,-131.3517080696734,278.03468565101684,9.518975000011723,331.54376000001594,0.7556708782615633,-5.673402375989799,-0.9559662269487887,-10.292201756990835
128712.0,0.1899,3.3924,9.4608,0.0157,-0.0622,9.8064,0.0714,-0.5915,0.3632,164.17,-86.56,89.82,52.81632,-1.638812,9.31,4,333.54,20 / 22,-5.198313185054796,13.924812358590591,-0.8037083999999501,-130.92022418527182,289.72524356195726,-7.950126422449269,False,35.198999999999984,-4.429768726496054,8.621786229385384,-131.78868841430025,278.90156129959416,9.693219444436616,332.80621999994383,0.7685444585587424,-5.303026129205207,-0.868464229028433,-10.823682262363093
128812.0,1.5016,-5.6938,10.2653,0.0197,0.0011,9.8065,0.0544,-0.3559,0.1506,167.85,-86.39,92.91,52.81632,-1.638812,9.31,4,333.54,20 / 22,-5.282446247011178,13.990787440740775,-0.7980683999999487,-131.44426215687523,291.12102355192417,-8.030215262449282,False,35.29900000000001,-4.22031291557044,8.664319107806314,-132.19892034655865,279.77989002399363,9.637525000001695,334.0297699999643,1.0621333314407382,-5.326468332934461,-0.7546581896834255,-11.341133527930538
128912.0,0.7781,2.2707,9.669,0.0125,-0.0585,9.8065,0.0223,-0.4199,0.1864,176.47,-86.56,94.05,52.81632,-1.638812,9.31,4,333.54,20 / 22,-5.438939369673188,14.105784663296042,-0.7820183999999496,-131.98033143770942,292.52585215712594,-8.109219602449272,False,35.399,-4.338824006580531,8.421586750201312,-132.6354974487735,280.6142967539993,9.473594444446869,332.7421300000193,1.100115363092657,-5.68419791309473,-0.6551660110640682,-11.911555403126613
129012.0,2.191,-4.8331,11.0336,-0.0205,0.0574,9.8064,0.0903,-0.5997,0.33,174.74,-86.28,92.04,52.81632,-1.638812,9.31,4,333.54,20 / 22,-5.595265685052374,14.18831448651075,-0.7275533999999526,-132.53204169044568,293.9405571146162,-8.184698192449263,False,35.498999999999995,-4.240656294298251,8.386503456486924,-133.05238288060318,281.44825870361353,9.39769444444446,333.1764799999999,1.3546093907541232,-5.801811030023826,-0.5203411901574952,-12.49229841100265
129111.0,-0.4818,-3.325,9.1396,0.0008,0.0006,9.8066,-0.0383,-0.0383,-0.0003,176.56,-86.54,90.41,52.81632,-1.638812,9.31,4,333.54,20 / 22,-5.704601334737829,14.550293989440917,-0.6998383499999555,-133.09138510792525,295.36311823417566,-8.25535408407425,False,35.597999999999985,-4.091134480147609,8.3812130271522,-133.45172726810003,282.27388103366513,9.326438888893003,333.9816599999533,1.6134668545902198,-6.169080962288717,-0.36034216017478116,-13.089237200510524
129211.0,0.0365,-3.3677,10.4577,-0.0187,0.054,9.8064,-0.0235,-0.2719,0.1232,172.59,-86.69,86.13,52.81632,-1.638812,9.31,4,333.54,20 / 22,-5.706722687786384,14.852226166600742,-0.7006383499999557,-133.6619513090516,296.8332442419781,-8.325377919074262,False,35.69800000000001,-3.9751643933902945,8.35604056294945,-133.84838337298675,283.1078429839645,9.253405555558759,334.5585599999749,1.7315582943960899,-6.496185603651291,-0.18643206393514333,-13.725401258013619
129311.0,1.7571,-4.157,9.148,-0.0216,0.0484,9.8065,0.0408,0.3607,-0.1991,165.04,-86.39,83.18,52.81632,-1.638812,9.31,4,333.54,20 / 22,-5.85826892385291,15.165836123781204,-0.7010183499999556,-134.24020088963354,298.3341473564971,-8.395460754074254,False,35.798,-4.0810274637267625,8.284706616135415,-134.2514913562339,283.94180493358573,9.235338888889387,333.77522000002386,1.777241460126148,-6.88112950764579,-0.011290466600371474,-14.392342422911383
129411.0,1.7543,0.8323,10.0451,0.0069,-0.019,9.8066,0.0388,0.1927,-0.2846,162.21,-86.42,85.17,52.81632,-1.638812,9.31,4,333.54,20 / 22,-6.0542856939119405,15.247300823550098,-0.7220283499999544,-134.83582862052174,299.8548042038636,-8.466613089074245,False,35.897999999999996,-3.6887751551626122,8.421229330653555,-134.6086297061909,284.77576688319294,9.193894444445068,336.34521999996076,2.3655105387493283,-6.826071492896544,0.22719891433084172,-15.079037320670636
129512.0,3.3319,-3.4118,10.0954,-0.012,0.0509,9.8065,-0.0435,0.1942,-0.0407,158.96,-86.07,86.23,52.81632,-1.638812,9.31,4,333.54,19 / 21,-6.329646099725196,15.250832412542058,-0.6954047499999546,-135.4612171761004,301.3949599322862,-8.53819346062424,False,35.998999999999995,-3.836083684514584,8.336870536962577,-135.00165662948558,285.6180684529964,9.177105555555558,335.29118000000017,2.4935624152106124,-6.913961875579481,0.45956054661482426,-15.776891479289816
129612.0,-0.5348,1.8271,9.356,0.0169,-0.0789,9.8063,-0.2368,0.6707,-0.4377,154.98,-86.52,82.03,52.81632,-1.638812,9.31,4,333.54,19 / 21,-6.46678009523291,15.250284812190083,-0.7034997499999541,-136.10103848584828,302.92001579352274,-8.608138685624231,False,36.09899999999999,-3.8672064988880765,8.262238496125118,-135.39145761358645,286.44102210505,9.122494444447618,334.9176600000211,2.599573596344834,-6.988046316064965,0.7095808722618244,-16.478993688472713
129712.0,-0.3949,1.3482,10.6767,-0.0122,-0.0468,9.8065,-0.1577,-0.1994,-0.0179,149.98,-86.13,75.35,52.81632,-1.638812,9.31,4,333.54,19 / 21,-6.334187566620838,15.103249455939402,-0.6825297499999553,-136.74108686894093,304.4376925069291,-8.677440160624222,False,36.198999999999984,-3.8216015478559813,8.28615722970213,-135.7746050981697,287.28588115793264,9.12496944444431,335.2406999999855,2.512586018764857,-6.817092226237271,0.9664817707712245,-17.15181134899649
129812.0,-3.4505,1.1132,9.9226,0.0298,-0.0632,9.8064,-0.0059,0.5341,-0.0984,141.9,-86.19,72.2,52.81632,-1.638812,9.31,4,333.54,19 / 21,-6.091425708864929,15.092707552173948,-0.6332297499999441,-137.36236753271535,305.94749035733514,-8.743228135624232,False,36.29900000000001,-3.6494271096467794,8.430289427164375,-136.13107137742475,288.1419708974737,9.186324999998192,336.59237999996026,2.441998599218149,-6.662418125009573,1.2312961552906074,-17.805519459861443
129912.0,1.466,-2.5594,11.0526,0.0453,-0.0835,9.8062,-0.0411,-0.2932,0.0502,148.02,-86.74,74.39,52.81632,-1.638812,9.31,4,333.54,19 / 21,-6.028993816420016,15.200732333555285,-0.565134749999948,-137.96838850897956,307.46216235162154,-8.803146360624224,False,36.399,-3.758894752257086,8.306739205085309,-136.50722932712992,288.9761552376302,9.117644444445473,335.6526300000142,2.2700990641629297,-6.893993128469976,1.461159181849638,-18.48600711399132
130012.0,2.8057,-6.0864,8.8532,0.0096,-0.0883,9.8062,0.0259,0.2952,-0.0728,155.95,-87.06,75.56,52.81632,-1.638812,9.31,4,333.54,19 / 21,-6.3919641277479275,15.464319823421334,-0.5505097499999487,-138.58943640618793,308.9954149594703,-8.858928585624215,False,36.498999999999995,-3.5030949031154197,8.418210348261942,-136.856974899772,289.8321337822469,9.118044444444443,337.4061899999997,2.888869224632508,-7.046109475159392,1.7324615064159161,-19.163281177223382
130112.0,-0.0155,-2.6013,9.652,-0.0173,-0.107,9.806,0.0824,-0.5033,0.3313,152.78,-87.21,72.16,52.81632,-1.638812,9.31,4,333.54,19 / 21,-6.684882825105218,15.773369928405288,-0.6059147499999455,-139.24327875383054,310.5572994470615,-8.916749810624205,False,36.59899999999999,-3.5208939248589743,8.389371299770783,-137.21310514369515,290.6663181223428,9.09825555555671,337.23293000001115,3.1639889002462436,-7.3839986286345045,2.0301736101353924,-19.890981324718723
130212.0,2.6462,-2.5794,9.8877,0.0111,-0.0157,9.8065,0.0672,-0.0977,-0.1107,155.4,-86.82,74.76,52.81632,-1.638812,9.31,4,333.54,19 / 21,-6.899527818200532,15.923958361367733,-0.6095947499999453,-139.9224992859958,312.14216586155004,-8.977525285624196,False,36.698999999999984,-3.4680822808487717,8.439968342943219,-137.55599559561895,291.5112883701574,9.124730555554372,337.66164999998085,3.4314455373517605,-7.483990018424514,2.3665036903768453,-20.630877491392653
130312.0,1.5024,1.1881,8.6372,0.0275,-0.025,9.8065,0.1422,-0.4613,0.2241,154.73,-86.79,78.13,52.81632,-1.638812,9.31,4,333.54,19 / 21,-7.098409758662227,15.872431632299135,-0.6640147499999576,-140.6223961648391,313.73198536123374,-9.041205760624205,False,36.79900000000001,-3.4657058427743066,8.381157551281653,-137.89875163338365,292.34536151539686,9.069450000001638,337.5343300000039,3.63270391588792,-7.491274081017481,2.7236445314554487,-21.38662384583688
130412.0,1.8967,-3.0854,10.0943,-0.0081,0.0292,9.8065,-0.0969,-0.204,0.1219,156.69,-86.79,76.19,52.81632,-1.638812,9.31,4,333.54,19 / 21,-7.271760501169552,15.862676530480215,-0.708104749999955,-141.34090467783065,315.3187407693726,-9.109811735624197,False,36.899,-3.3497543320374192,8.41808810732167,-138.2282006720432,293.2013400607135,9.06008888888902,338.30123999998864,3.9220061691321324,-7.444588423158544,3.1127040057874638,-22.11740070865909
130513.0,1.1905,-0.6707,10.2346,-0.0025,-0.0495,9.8064,-0.0882,-0.2916,0.2077,154.45,-86.7,72.9,52.81632,-1.638812,9.31,4,333.54,20 / 23,-7.472627342326956,15.94414218897652,-0.6719669499999552,-142.0854962639272,316.9249851147051,-9.179505356474191,False,37.0,-3.2600796539301737,8.546254929487162,-138.55408773617654,294.07722249765646,9.146944444444445,339.12,4.212547688396782,-7.397887259489357,3.5314085277506706,-22.84776261704866
130612.0,-0.7416,-4.5469,10.2145,-0.0058,-0.0053,9.8066,0.0369,-0.2334,0.0788,159.69,-86.63,74.87,52.81632,-1.638812,9.31,4,333.54,20 / 23,-7.567301023061363,16.144287055683723,-0.6305948499999595,-142.82997271801386,318.51336236231566,-9.243982165574181,False,37.09899999999999,-3.3641777252985805,8.54749411566339,-138.8934162135385,294.92486142340886,9.185719444442183,338.5161000000352,4.203123297762783,-7.5967929400203325,3.9365565044753623,-23.588500938906805
130712.0,2.1278,-1.0688,9.4449,-0.0121,-0.0324,9.8065,-0.005,-0.2084,0.0254,158.06,-86.69,73.07,52.81632,-1.638812,9.31,4,333.54,20 / 23,-7.714306219002483,16.351151133657925,-0.6282898499999596,-143.59405308011702,320.13813427178263,-9.306926400574174,False,37.198999999999984,-3.134917684831338,8.534484061741795,-139.20290475353502,295.77005406107327,9.092061111115287,339.83065999994136,4.579388534171145,-7.816667071916131,4.391148326581998,-24.368080210709365
130812.0,1.8139,-2.9371,9.9697,-0.0199,0.0436,9.8065,0.1097,-0.2618,0.1422,155.65,-86.46,70.21,52.81632,-1.638812,9.31,4,333.54,20 / 23,-7.9593399989855,16.42890889523925,-0.6382248499999619,-144.37773539101659,321.7771372732279,-9.370252135574184,False,37.29900000000001,-3.13015416599066,8.573022016078973,-139.51871075775776,296.626143799914,9.126586111110065,339.94200999999714,4.82918583299484,-7.855886879160277,4.8590246332588265,-25.15099347331386
130912.0,0.7047,-2.1622,9.5866,0.0136,0.0249,9.8066,-0.0083,0.0877,-0.1676,156.23,-86.55,71.05,52.81632,-1.638812,9.31,4,333.54,20 / 23,-8.161087560943628,16.58185112719854,-0.6410748499999617,-145.183756769013,323.42767527434967,-9.434217120574177,False,37.399,-3.0208333775298972,8.566465720853525,-139.82127696990256,297.46032814076375,9.083494444445089,340.5756099999906,5.140254183413731,-8.015385406345015,5.362479799110446,-25.967347133585918
131012.0,-0.7995,-0.5519,9.2399,0.0068,0.0228,9.8066,-0.0038,-0.1573,0.1557,145.2,-86.54,66.58,52.81632,-1.638812,9.31,4,333.54,20 / 23,-8.200177177155242,16.685680791724607,-0.6804148499999593,-146.0018200059179,325.09105187029576,-9.50029160557417,False,37.498999999999995,-3.135935605651417,8.643697418893842,-140.13701576703238,298.327314983589,9.194980555555533,340.0592800000001,5.064241571503825,-8.041983372830765,5.864804238885512,-26.763736886706738
131112.0,0.1847,-0.378,9.2382,-0.0238,-0.0018,9.8066,-0.0299,0.0154,0.1147,149.06,-86.61,66.94,52.81632,-1.638812,9.31,4,333.54,20 / 23,-8.179385512536047,16.717414167996377,-0.737174849999956,-146.82079814040242,326.76120661828173,-9.571171090574161,False,37.59899999999999,-3.0542601460707424,8.747525932156613,-140.43958197920762,299.194635411118,9.26541111110707,340.7529399999592,5.125125366465305,-7.969888235839765,6.3812161611948,-27.566571207163747
131212.0,2.8586,0.5521,10.4812,-0.0155,-0.0072,9.8066,0.0848,-0.1097,-0.1135,148.62,-86.51,66.44,52.81632,-1.638812,9.31,4,333.54,20 / 23,-8.28407025428917,16.60504060967001,-0.7318698499999562,-147.64397092874364,328.427329357165,-9.644623325574152,False,37.698999999999984,-2.970781359352027,8.78306606489232,-140.72870677810192,300.07296413690983,9.271886111110854,341.31241999997553,5.313288894937144,-7.821974544777689,6.915264150641718,-28.354365220255147
131312.0,1.0339,-4.0689,7.9827,0.0068,0.0588,9.8064,-0.2064,-0.297,0.2205,142.9,-86.35,68.61,52.81632,-1.638812,9.31,4,333.54,20 / 23,-8.53373595690584,16.613461042583136,-0.7893398499999692,-148.48486123930357,330.08825443977804,-9.720683810574165,False,37.79900000000001,-2.9256902213148575,8.975435687469927,-141.0176971629024,300.9844289501372,9.440244444439482,341.9456599999815,5.6080457355909825,-7.638025355113209,7.467164076401161,-29.103825489640826
131412.0,0.9326,0.8113,8.03,0.0189,0.0038,9.8066,-0.1917,0.1148,-0.0914,133.31,-86.37,64.18,52.81632,-1.638812,9.31,4,333.54,20 / 23,-8.675186204653835,16.661308564761843,-0.9693698499999589,-149.3453073473815,331.7519929201452,-9.808619295574157,False,37.899,-2.925433052775143,8.95851137076317,-141.30668754767674,301.88521905133774,9.42406944444471,341.91537000000056,5.749753151878693,-7.7027971939986735,8.038619799704747,-29.866773868807456
131512.0,3.3598,-1.71,11.0477,-0.0237,0.0392,9.8065,-0.0283,-0.0236,0.1205,131.96,-86.27,61.16,52.81632,-1.638812,9.31,4,333.54,19 / 22,-8.826558261439544,16.51273395836181,-0.9961498499999573,-150.22039457068612,333.41069504630127,-9.906895280574147,False,37.998999999999995,-2.786780226350695,9.154860710887714,-141.58237093334586,302.79690625512205,9.56963888888886,343.0693399999998,6.039778035088849,-7.357873247474096,8.638023637340268,-30.613788791179218
131612.0,1.0516,-5.7685,9.6634,0.0348,-0.0524,9.8064,-0.0674,0.3629,-0.2318,137.85,-86.25,60.6,52.81632,-1.638812,9.31,4,333.54,19 / 22,-9.208807882752243,16.603436575563833,-0.9412598499999603,-151.12216287789568,335.0665035729975,-10.003765765574137,False,38.09899999999999,-2.935101636777887,9.150387544167398,-141.88453390311065,303.69769635556423,9.609611111108865,342.21574000005046,6.273706245974356,-7.453049031396436,9.237628974785025,-31.368807217433243
131712.0,0.5092,2.6806,11.3024,0.0062,-0.0747,9.8063,-0.0432,-0.438,0.0947,137.96,-86.43,61.0,52.81632,-1.638812,9.31,4,333.54,19 / 22,-9.345368497500264,16.6439306338938,-0.8736348499999641,-152.04987169690824,336.72887193347026,-10.094510500574128,False,38.198999999999984,-2.938779144418474,9.155981364207287,-142.17365870201806,304.5983752618396,9.616049999999731,342.20502000000005,6.40658935308179,-7.487949269686512,9.876212994890182,-32.13049667163068
131812.0,2.2531,-1.7691,11.4512,-0.0469,-0.0196,9.8065,0.1934,-0.1386,0.1222,142.38,-86.27,62.09,52.81632,-1.638812,9.31,4,333.54,19 / 22,-9.393504604473828,16.50621049706038,-0.7166198499999283,-152.98681535200717,338.38637899001833,-10.17402323557414,False,38.29900000000001,-2.8742110747710248,9.215699838026923,-142.46264908679223,305.5430873581265,9.653511111110008,342.6782199999861,6.519293529702803,-7.2905106590334565,10.524166265214944,-32.843291631891816
131912.0,-0.8948,1.5117,9.0708,0.0052,-0.052,9.8065,0.087,-0.4134,0.1251,136.87,-86.44,60.51,52.81632,-1.638812,9.31,4,333.54,19 / 22,-9.427957512664909,16.46074598575718,-0.6711848499999309,-153.92788845786404,340.0347268141591,-10.24341347057413,False,38.399,-2.9209094837104104,9.337497268101759,-142.75163947159274,306.4772359366111,9.783688888886964,342.6295400000008,6.5070480289544985,-7.12324871765542,11.176248986271304,-33.55749087754799
132012.0,2.9157,-1.1338,9.6351,-0.0178,0.0242,9.8065,-0.0409,-0.3226,0.2753,137.13,-86.14,56.45,52.81632,-1.638812,9.31,4,333.54,19 / 22,-9.463578440790174,16.35746915232511,-0.7165548499999282,-154.87246525553675,341.67563757106313,-10.312800455574118,False,38.498999999999995,-2.9706042555695644,9.459321762063748,-143.05393685549853,307.4332899165741,9.914799999999975,342.56564000000003,6.49297418522061,-6.898147390261361,11.818528400038218,-34.24234765448904
132112.0,2.2907,3.2132,9.8578,-0.0058,-0.0393,9.8065,-0.0353,-0.2852,0.2604,131.69,-86.36,51.43,52.81632,-1.638812,9.31,4,333.54,19 / 22,-9.538832367121842,16.087578068738466,-0.7225748499999279,-155.8225857959323,343.2978899321162,-10.384756940574107,False,38.59899999999999,-2.9476901227782935,9.38372544083204,-143.34306165439764,308.4005745831315,9.835811111115794,342.5610400000002,6.591142244343548,-6.703852627906427,12.479524141534654,-34.897315348984705
132212.0,-0.5646,-3.0222,9.9866,-0.0084,0.0476,9.8064,0.0126,-0.3825,0.1761,134.53,-86.44,50.52,52.81632,-1.638812,9.31,4,333.54,19 / 22,-9.556132813975712,16.00200483413402,-0.7110198499999286,-156.7773340549871,344.9023690772598,-10.456436675574096,False,38.698999999999984,-2.8855478227755924,9.576924465128313,-143.62539853962608,309.36797044467505,10.002199999992575,343.2322199999702,6.670584991200119,-6.425080369005707,13.151935515361032,-35.534398632584725
132312.0,3.918,-2.6294,9.4908,-0.0314,0.0059,9.8066,0.0086,0.0,-0.1096,134.05,-86.2,49.52,52.81632,-1.638812,9.31,4,333.54,19 / 22,-9.848322871054707,16.058871096830643,-0.7178148499999302,-157.74755683923885,346.5054128738084,-10.527878410574106,False,38.79900000000001,-2.836827352243065,9.58205159551873,-143.90766821778814,310.32435800941903,9.993163888889205,343.5082799999921,7.011495518811643,-6.476819501311914,13.839888621450712,-36.18105486438935
132412.0,0.9473,-3.7771,9.7353,-0.0412,0.0544,9.8063,0.0324,-0.2902,0.2723,134.95,-85.95,45.83,52.81632,-1.638812,9.31,4,333.54,19 / 22,-10.219779813304708,16.089448266131082,-0.737174849999929,-158.75096197345675,348.1128288419564,-10.600627895574094,False,38.899,-2.7810335467368756,9.73105496250136,-144.17663089683214,311.3246675699495,10.120655555553663,344.050549999992,7.438746266567833,-6.358393303629722,14.574331076624617,-36.7881612720069
132513.0,1.8017,-2.5309,10.7941,-0.0099,0.0188,9.8065,0.0075,-0.3713,0.1206,127.12,-86.04,41.62,52.81632,-1.638812,9.31,4,333.54,19 / 20,-10.51766311896587,16.176486482887018,-0.6909117999999294,-159.7982028415364,349.7422585467818,-10.672746271399086,False,39.0,-2.8521912150196918,9.923236884855895,-144.46830956425504,312.3131904673222,10.325000000000001,343.964,7.6654719039461785,-6.253249598031124,15.329893277281371,-37.42906807945957
132612.0,0.8554,1.8981,8.6294,0.001,-0.0038,9.8066,-0.044,-0.0653,0.0701,127.95,-86.09,38.51,52.81632,-1.638812,9.31,4,333.54,19 / 20,-10.595031196723166,16.073383244714574,-0.7003068999999282,-160.8432812101629,351.3386270982979,-10.741611597049072,False,39.09899999999999,-2.8487499082947494,9.917072524167635,-144.75441004517378,313.3039372633834,10.318125000000402,343.9729099999995,7.746281288428417,-6.156310720546939,16.088871164989115,-38.0346898349145
132711.0,1.704,-0.1024,10.6171,-0.0172,0.0341,9.8065,-0.0978,0.2156,0.0099,129.46,-86.17,36.42,52.81632,-1.638812,9.31,4,333.54,19 / 20,-10.576546202387732,15.903314188250832,-0.7184634999999314,-161.89127429141908,352.92147362122995,-10.811840731849077,False,39.19800000000001,-2.913791038476701,9.97042399503384,-145.0405105261132,314.29468405951616,10.387472222219113,343.70938000001183,7.662755163911031,-5.932890193216991,16.850763765305885,-38.62678956171379
132813.0,1.1849,0.2485,8.6499,0.024,0.0062,9.8066,-0.0668,0.0469,-0.0564,119.16,-86.24,34.54,52.81632,-1.638812,9.31,4,333.54,19 / 20,-10.624244964427954,15.765396228971829,-0.7361247999999271,-162.97251464092642,354.5365778525079,-10.886024735149052,False,39.29999999999998,-2.9644620667763935,9.864175822373465,-145.3487221318466,315.30433399411726,10.300000000002601,343.27300000001264,7.65978289765156,-5.901220406598364,17.623792509079806,-39.23224385839063
132912.0,1.6918,-1.9769,10.6474,-0.0116,0.0106,9.8066,-0.0575,0.034,-0.072,114.32,-86.32,37.65,52.81632,-1.638812,9.31,4,333.54,19 / 20,-10.7348954625517,15.66134642631695,-0.7517667999999299,-164.0297920920621,356.09220161394495,-10.959675369349059,False,39.399,-2.9153215796613092,10.065610714645633,-145.63482261278668,316.3170973859529,10.47929999999734,343.8471999999915,7.81957388289039,-5.595735711671317,18.39496947927543,-39.775104227992074
133012.0,0.5558,0.6111,8.7196,0.0094,0.0355,9.8066,-0.1464,0.1464,0.012,117.51,-86.32,40.83,52.81632,-1.638812,9.31,4,333.54,19 / 20,-10.814212920298417,15.575719365142044,-0.7640817999999292,-165.10724751120455,357.6540549035178,-11.035467799349048,False,39.498999999999995,-3.0576420773444686,10.071751615441855,-145.95042699579727,317.30706581783613,10.525661111111102,343.1124800000002,7.756570842953948,-5.503967749700189,19.156820515407276,-40.346989085681685
133112.0,1.1353,0.8256,11.1162,-0.0099,-0.037,9.8065,-0.1251,-0.1956,0.0783,117.08,-86.13,39.72,52.81632,-1.638812,9.31,4,333.54,19 / 20,-10.75795673106506,15.456378412549451,-0.7529567999999298,-166.18585599377266,359.2056597924023,-11.111319729349036,False,39.59899999999999,-2.8489395949485283,10.061214792823478,-146.2263792096981,318.3407338555704,10.456811111115153,344.19003999993674,7.909017136116531,-5.395163619725974,19.959476784074553,-40.86492593683187
133212.0,1.523,-3.9709,10.1915,-0.0005,-0.0082,9.8066,0.0896,0.0497,0.0428,117.49,-86.09,39.57,52.81632,-1.638812,9.31,4,333.54,19 / 20,-10.927240348211699,15.399899256187418,-0.6682367999999347,-167.27011584773643,360.748473675839,-11.182379409349025,False,39.698999999999984,-2.582716853629382,10.421851141425387,-146.4553536843624,319.38585497128355,10.737161111098631,346.08100999991655,8.344523494582317,-4.97804811476203,20.81476216337404,-41.36261870455547
133312.0,2.3269,-0.2978,10.285,0.0269,-0.0384,9.8065,-0.0019,-0.1475,0.068,118.67,-86.13,40.95,52.81632,-1.638812,9.31,4,333.54,19 / 20,-11.17648014701051,15.317387373592558,-0.6250767999999248,-168.3753018724978,362.28433800732836,-11.247045089349033,False,39.79900000000001,-2.6630741081717297,10.642595328362592,-146.72377870687467,320.46411217443244,10.970724999993198,345.9515000000044,8.51340603883878,-4.674792045229966,21.651523165623132,-41.820225832895915
133412.0,0.5411,-2.5992,10.62,-0.0073,-0.0022,9.8066,-0.008,0.0003,0.0129,116.91,-85.81,42.04,52.81632,-1.638812,9.31,4,333.54,19 / 20,-11.342517930502874,15.245630958974605,-0.5604917999999285,-169.5012517763734,363.8124889239566,-11.306323519349021,False,39.899,-2.3451854256692304,10.654434567420953,-146.94603247489923,321.4986697723509,10.909530555556499,347.58646999997575,8.997332504833643,-4.591196391553652,22.55521930147418,-42.313819151605685
133512.0,1.3237,0.5843,9.049,-0.0258,-0.0108,9.8066,-0.0974,0.0667,-0.0554,115.58,-85.48,39.81,52.81632,-1.638812,9.31,4,333.54,20 / 22,-11.441597699425133,15.197338574737833,-0.5577067999999287,-170.64045755786975,365.3346374006421,-11.362233449349011,False,39.998999999999995,-2.50172062959762,10.544104630754362,-147.20108329124116,322.5547991855736,10.836838888888902,346.65260000000023,8.939877069827514,-4.653233943983471,23.43937426662859,-42.77983821506854
133612.0,1.684,0.1328,9.8585,-0.0148,-0.0145,9.8066,-0.0639,0.064,-0.07,114.42,-85.22,37.03,52.81632,-1.638812,9.31,4,333.54,20 / 22,-11.441084032315995,15.035622410525814,-0.5929967999999267,-171.78459164445675,366.8462854499052,-11.419768629349,False,40.09899999999999,-2.3978488177645656,10.772380141686824,-147.43650964422017,323.6331675842705,11.036036111099452,347.4508399999529,9.04323521455143,-4.26324226883899,24.348082000236587,-43.21311786563473
133712.0,0.3592,-2.909,10.431,-0.0356,0.0132,9.8065,-0.0469,0.2712,-0.0898,114.67,-84.96,36.42,52.81632,-1.638812,9.31,4,333.54,20 / 22,-11.577935821636196,14.990857043007841,-0.5591867999999287,-172.9355426371543,368.3476094225818,-11.47737780934899,False,40.198999999999984,-2.468753302024168,10.795955525259467,-147.678387875576,324.68974177719804,11.07463055555393,347.1194300000151,9.109182519612027,-4.194901517748374,25.257154761578306,-43.65786764538376
133812.0,0.6346,0.6827,8.9657,-0.0036,-0.0297,9.8065,-0.0649,0.1195,-0.1446,113.23,-85.04,34.01,52.81632,-1.638812,9.31,4,333.54,20 / 22,-11.667073807971708,14.98321218998928,-0.5700167999999312,-174.09779311863497,369.846312884232,-11.533837989348996,False,40.29900000000001,-2.2024136979474127,10.936528057523036,-147.89371931578958,325.8121433666758,11.156124999997607,348.61386999995585,9.464660110024294,-4.046684132466243,26.204073802845386,-44.03416951755622
133912.0,0.9934,-1.2352,9.5937,-0.0429,0.0329,9.8065,-0.0112,0.3422,-0.2722,117.73,-84.87,35.46,52.81632,-1.638812,9.31,4,333.54,20 / 22,-11.694604077908785,14.915114952202142,-0.6227117999999281,-175.26587701292894,371.3412292413415,-11.593474419348984,False,40.399,-2.3263770669723156,11.093844353039586,-148.12874242637446,326.93521212641616,11.3351444444418,348.156770000007,9.368227010936469,-3.821270599162556,27.13713458655448,-44.40601711492536
134012.0,-2.4011,2.3424,10.2853,-0.0151,0.0198,9.8066,0.0052,0.2255,-0.1263,126.37,-85.17,37.89,52.81632,-1.638812,9.31,4,333.54,20 / 22,-11.57693000205703,14.913359553014166,-0.6094267999999288,-176.42945371692716,372.83265296660227,-11.655081349348974,False,40.498999999999995,-2.4394675978383336,11.088544500845407,-148.37062065773063,328.0362642890603,11.353719444444442,347.5926500000001,9.137462404218695,-3.824815052168759,28.05883305919653,-44.796388677541984
134112.0,1.7169,-3.3702,8.7751,0.007,0.0604,9.8065,-0.0629,0.4219,-0.3643,132.55,-84.84,40.79,52.81632,-1.638812,9.31,4,333.54,20 / 22,-11.56565166838225,14.973770643314179,-0.6370717999999271,-177.58658280044907,374.3270094764186,-11.717406279348962,False,40.59899999999999,-2.323490919237149,11.241112934977078,-148.59925909703168,329.1701189570579,11.478738888881608,348.3215799999572,9.2421607491451,-3.7326577083371006,28.98732370341739,-45.15689051936067
134212.0,1.5567,-0.3645,9.9374,-0.0006,0.0242,9.8065,0.0058,0.1167,0.0087,136.71,-84.83,41.38,52.81632,-1.638812,9.31,4,333.54,20 / 22,-11.790694754364166,14.964394699260575,-0.6821117999999246,-178.75440012158631,375.82391774354727,-11.783365459348952,False,40.698999999999984,-2.352672565815566,10.999658859394101,-148.8344166217754,330.2602740171335,11.248450000010282,347.92706000001783,9.4380221885486,-3.9647358398664743,29.91998349981091,-45.56364372641377
134312.0,-0.9769,-1.9843,9.4455,0.0335,0.0336,9.8065,0.0243,0.1972,-0.1335,138.19,-84.92,43.29,52.81632,-1.638812,9.31,4,333.54,20 / 22,-11.864283591601119,15.00953966431541,-0.6936317999999272,-179.93714903888485,377.3226144617264,-11.85215263934896,False,40.79900000000001,-2.4045467079577496,11.3969906215512,-149.07629485314496,331.41603408528874,11.647886111099268,348.0863499999952,9.45973688364337,-3.6125490427642095,30.860854185739896,-45.90658037643766
134412.0,1.0377,0.7551,9.8347,0.0076,0.0107,9.8065,-0.0697,-0.023,-0.0145,134.62,-84.73,43.74,52.81632,-1.638812,9.31,4,333.54,20 / 22,-11.877917734349271,15.031812945378235,-0.7102867999999263,-181.12425910518232,378.824682092211,-11.922348569348948,False,40.899,-2.401106092467388,11.272276389148576,-149.3182402915545,332.53943642911673,11.525169444446323,347.97514000000166,9.476811641881884,-3.7595365562296585,31.806018813627816,-46.28524566309426
134511.0,0.1649,1.3818,9.344,-0.0031,0.0468,9.8065,-0.1667,0.0971,-0.0055,135.14,-84.61,44.36,52.81632,-1.638812,9.31,4,333.54,20 / 21,-11.818964689884124,14.894847693832034,-0.731799499999924,-182.29725478518174,380.30605179385174,-11.993731841198933,False,40.99799999999999,-2.510611579785535,11.5932557206075,-149.56435256808564,333.6948629115674,11.861988888888757,347.78094000000004,9.30835311009859,-3.301591973224534,32.7329022170961,-46.61118888228435
134612.0,1.1702,-4.6337,8.8431,-0.0383,0.0162,9.8065,0.0029,-0.305,-0.0375,130.81,-84.5,43.57,52.81632,-1.638812,9.31,4,333.54,20 / 21,-11.964246029917362,14.928310002869154,-0.8038225999999233,-183.4983069265317,381.8121212575351,-12.071280757248925,False,41.09899999999999,-2.445799473499736,11.421860007968228,-149.80885187502085,334.8410602157261,11.680788888899857,347.9136199999921,9.518446556417626,-3.506449994900926,33.68945505151086,-46.97106104180904
134712.0,1.7559,-4.3154,7.8352,-0.0418,0.0706,9.8062,-0.1038,-0.3741,0.3374,130.17,-83.54,45.37,52.81632,-1.638812,9.31,4,333.54,20 / 21,-12.3716619988655,15.089497275449657,-0.950572599999915,-184.71510232797078,383.313011621451,-12.159000517248911,False,41.198999999999984,-2.402146651928703,11.435360407520982,-150.0507973134302,335.98625676539905,11.68493888888862,348.13675999999015,9.969515346936797,-3.654136867928676,34.66430501454059,-47.326754856051934
134812.0,0.4399,-2.8648,9.8788,-0.0193,-0.027,9.8065,-0.0795,0.0845,-0.2015,122.87,-83.39,40.77,52.81632,-1.638812,9.31,4,333.54,20 / 21,-12.696601325689953,15.204811784917496,-1.0455375999999366,-185.96851549419884,384.8277270744697,-12.258806027248927,False,41.29900000000001,-2.4602738315686397,11.583916211767136,-150.2993962514117,337.1535811042997,11.842299999995364,348.00931000000384,10.236327494121312,-3.62089557315036,35.66911924278713,-47.67414597017
134911.0,2.8886,-5.3262,8.6626,-0.0011,0.0717,9.8063,0.0449,-0.4234,0.3873,126.25,-82.95,43.53,52.81632,-1.638812,9.31,4,333.54,20 / 21,-13.095588642669702,15.289145268905884,-1.098596649999931,-187.2452288976325,386.3371779486338,-12.36494067262391,False,41.397999999999996,-2.4006179659124314,11.622229284571317,-150.53898944252967,338.2985552645644,11.867572222221863,348.32943999999515,10.69497067675727,-3.666915984334567,36.70623945510283,-48.03862268406937
135011.0,0.5617,-1.8425,10.2313,-0.007,-0.0578,9.8064,-0.0578,0.5293,-0.1296,124.83,-83.48,38.16,52.81632,-1.638812,9.31,4,333.54,20 / 21,-13.458273972289971,15.344119851385832,-1.134566649999929,-188.57292202838042,387.8688412046483,-12.476598837623897,False,41.49799999999999,-2.5775709034372984,11.427946826952931,-150.8006937584311,339.4222911931788,11.715066666666726,347.28936000000044,10.880703068852673,-3.9161730244329007,37.77222826994932,-48.44655001146947
135114.0,1.0588,-4.6159,9.2915,-0.0068,-0.042,9.8065,-0.0461,0.1165,-0.2102,126.85,-83.41,36.84,52.81632,-1.638812,9.31,4,333.54,20 / 21,-13.74568091978691,15.457292548585132,-1.1392273999999294,-189.9739257053225,389.45511394324694,-12.5936992311989,False,41.601,-2.4735008930036555,11.836460319593742,-151.0503008023732,340.65766682708784,12.092149999993968,348.1965499999735,11.272180026783253,-3.6208322289913895,38.923624902949314,-48.797447116159105
135212.0,2.9045,0.0483,10.2487,0.0168,-0.0656,9.8064,0.0548,0.3545,-0.0898,119.14,-83.48,36.18,52.81632,-1.638812,9.31,4,333.54,20 / 21,-13.995874261400633,15.412001834980247,-1.1428092999999289,-191.33326190920047,390.9677093680414,-12.705519029498875,False,41.698999999999984,-2.401360327451017,11.955168928107003,-151.28740733204046,341.8345539317597,12.193961111106544,348.64244999998,11.594513933949617,-3.4568329068732435,40.045854577160014,-49.133155436281754
135313.0,-0.831,0.5842,8.7161,0.0248,-0.0232,9.8065,0.0907,-0.0313,0.0168,113.06,-83.92,34.11,52.81632,-1.638812,9.31,4,333.54,20 / 21,-13.990009493936792,15.29907181642611,-1.1755585499999286,-192.746549038845,392.51861858743746,-12.822596605923867,False,41.79999999999998,-2.4935458682684954,11.690071262280968,-151.53849293145927,343.00299022158185,11.953055555562639,347.9590000000201,11.496463625668298,-3.609000554145142,41.208056107385715,-49.515628365855605
135411.0,2.0107,0.779,8.939,0.0321,-0.0503,9.8065,-0.1388,0.1276,-0.0343,114.34,-84.16,31.58,52.81632,-1.638812,9.31,4,333.54,20 / 21,-13.922463300169229,15.210736565150597,-1.2715103499999414,-194.11426020575638,394.0135991981349,-12.942502982023877,False,41.897999999999996,-2.4055340007853254,11.984314786167836,-151.7755994611268,344.1907744274433,12.223372222218117,348.6498999999895,11.516929299383904,-3.226421778982761,42.33866074462958,-49.822824770691625
135512.0,0.2371,-0.9883,10.3756,-0.0118,-0.0081,9.8065,-0.0425,0.0535,0.0816,115.6,-84.13,29.03,52.81632,-1.638812,9.31,4,333.54,19 / 19,-13.946830489611623,15.102699818446846,-1.2865946999999411,-195.5216595421403,395.54442773550653,-13.071687287048869,False,41.998999999999995,-2.618056256123422,12.09141225104452,-152.039924852598,345.42592767250335,12.37161388888886,347.78290000000015,11.3287742334882,-3.0112875674023254,43.48173468954229,-50.11850006300318
135612.0,0.5589,-0.2727,9.8178,0.0301,-0.0258,9.8065,-0.0478,0.0986,-0.0759,107.75,-84.49,25.51,52.81632,-1.638812,9.31,4,333.54,19 / 19,-13.986066118035243,15.082773250346483,-1.2575896999999427,-196.91830437252256,397.05370138894614,-13.198896507048856,False,42.09899999999999,-2.4569553076514,11.97313174822374,-152.2887254117738,346.6270552697067,12.222630555564328,348.40363999996333,11.529110810383843,-3.1096415021227433,44.629578960748745,-50.42664611923942
135712.0,1.4385,-1.279,10.0529,-0.0014,0.0084,9.8066,0.1312,-0.0219,-0.1307,111.36,-84.57,25.83,52.81632,-1.638812,9.31,4,333.54,19 / 19,-14.061031024008921,15.0096690282943,-1.2447196999999435,-198.32065922962468,398.55832350287807,-13.324011977048842,False,42.198999999999984,-2.5723022742871193,11.967582518856013,-152.54404505638067,347.8169521803396,12.240911111110233,347.86946000002405,11.488728749721801,-3.0420865094382883,45.77661417324401,-50.74137132253844
135812.0,0.6313,-0.018,10.1332,0.0227,0.0216,9.8065,-0.0697,0.0426,-0.0068,105.3,-84.96,27.6,52.81632,-1.638812,9.31,4,333.54,19 / 19,-14.123575811532929,14.929511570644166,-1.2160796999999368,-199.72988957140208,400.05528253282534,-13.447051947048864,False,42.29900000000001,-2.5855203362099193,11.914296484840747,-152.8060854076,349.0067378953557,12.191611111112572,347.75609000000316,11.53805547532301,-3.015215085803419,46.92380416380209,-51.04854463746966
135912.0,1.9729,-2.0289,9.3387,-0.0014,0.0472,9.8065,-0.0882,0.1888,-0.2004,111.02,-84.81,29.25,52.81632,-1.638812,9.31,4,333.54,19 / 19,-14.23042064961651,14.837448548218301,-1.2231496999999363,-201.1475893944595,401.5436305387684,-13.56901341704885,False,42.399,-2.6599372824620513,12.029233405757203,-153.06819296589885,350.2075319078654,12.319811111109201,347.53126000000333,11.57048336715446,-2.8082151424610977,48.07939642856064,-51.336098630902995
136012.0,2.2073,1.4501,9.3756,-0.0042,0.0356,9.8066,-0.0118,-0.0073,0.0247,111.44,-84.73,29.18,52.81632,-1.638812,9.31,4,333.54,19 / 19,-14.301258625575397,14.644626174357846,-1.2680996999999337,-202.574173358219,403.0177342748971,-13.693575887048837,False,42.498999999999995,-2.587124612715379,11.716017060750138,-153.32364702465196,351.375412222796,11.998261111111175,347.54780999999997,11.714134012860018,-2.928609113607708,49.25052633356705,-51.64232205210112
136112.0,1.9401,-1.7783,9.4426,-0.024,0.026,9.8065,-0.0313,0.1426,-0.1208,113.68,-84.5,31.1,52.81632,-1.638812,9.31,4,333.54,19 / 19,-14.362605295794474,14.453628920780767,-1.3078546999999312,-204.00736655428742,404.47264702965396,-13.822373607048823,False,42.59899999999999,-2.6666426741778904,11.810444277241505,-153.59234087539824,352.5539672503698,12.107749999993425,347.2767400000158,11.695962621616584,-2.6431846435392625,50.41502567888918,-51.91867977928416
136212.0,0.8921,0.2357,9.4716,-0.0038,-0.02,9.8066,0.067,-0.0289,0.0011,116.12,-84.45,30.08,52.81632,-1.638812,9.31,4,333.54,19 / 19,-14.460534846044844,14.34532925782432,-1.342809699999929,-205.4485235613793,405.9125949385841,-13.954906827048807,False,42.698999999999984,-2.600589336200019,11.69959283390399,-153.84786214120462,353.721625174751,11.985138888894385,347.4680399999914,11.859945509844824,-2.6457364239203294,51.600661420174674,-52.190969763833095
136312.0,1.223,-0.1481,9.4748,0.0134,0.0213,9.8066,0.0391,-0.0574,0.0583,116.17,-84.61,30.79,52.81632,-1.638812,9.31,4,333.54,19 / 19,-14.471907320282394,14.237855870536736,-1.3761546999999366,-206.89514566969598,407.34175419500247,-14.090855047048832,False,42.79900000000001,-2.662646972132447,11.724108788243566,-154.1099024924239,354.90018020240245,12.022663888887745,347.20468000000784,11.809260348149948,-2.51374708229317,52.785243177272065,-52.44157399260001
136414.0,1.8984,-1.6932,9.3671,0.0096,0.0175,9.8066,0.0626,-0.164,0.0293,113.66,-84.75,32.57,52.81632,-1.638812,9.31,4,333.54,19 / 19,-14.592001291204326,14.12104017647727,-1.415496099999927,-208.37740500888145,408.7880578933998,-14.233229237848791,False,42.90099999999998,-2.6696163135412676,11.812553360870101,-154.38397290850097,356.1024197494227,12.110461111112059,347.26518999999973,11.922384977663059,-2.3084868156071696,53.99343210038049,-52.68563814397709
136512.0,0.812,-1.0977,10.7758,-0.0079,0.0062,9.8066,-0.0714,0.0583,0.0948,115.13,-84.81,33.99,52.81716,-1.639175,12.49,4,347.73,19 / 20,-14.739943752956346,14.046488076839154,-1.3895456999999234,-209.81467031604552,410.1682667778125,-14.370676286048802,False,42.998999999999995,-2.6517555634914847,11.751282718956388,-154.64083831566023,357.2575126461679,12.046761111111126,347.28380999999996,12.088188189464862,-2.2952053578827663,55.17383200038529,-52.91075413164458
136612.0,0.0034,-0.8878,9.3294,0.0047,0.0021,9.8065,0.0278,-0.0843,-0.0922,117.32,-84.96,36.13,52.81716,-1.639175,12.49,4,347.73,19 / 20,-14.815113836462722,14.042599915544942,-1.3649506999999248,-211.2924231955164,411.5727211774316,-14.508401106048787,False,43.09899999999999,-2.629058202865024,11.65932321083206,-154.90294587391418,358.42517057185154,11.952061111116596,347.2929099999995,12.186055633597697,-2.383276704712882,56.389477321602214,-53.14755060558008
136712.0,1.9217,0.1997,9.5062,-0.0121,0.0122,9.8066,0.0045,0.044,-0.0152,119.07,-84.93,38.0,52.81716,-1.639175,12.49,4,347.73,19 / 20,-14.861693589324588,13.962258568150604,-1.4038356999999226,-212.77626356680568,412.9729641016163,-14.64684042604877,False,43.198999999999984,-2.591014098073495,11.910131829715722,-155.1583999326539,359.6257421952176,12.188711111100561,347.72661999998076,12.270679491251093,-2.0521267384348825,57.617863634151774,-53.347221906398715
136811.0,-0.0407,-0.5442,9.7658,-0.0021,-0.0055,9.8066,-0.0965,0.0081,-0.0237,121.36,-84.88,36.55,52.81716,-1.639175,12.49,4,347.73,19 / 20,-14.891071167326858,13.877370013425054,-1.4207300499999256,-214.2490254222602,414.35102571640454,-14.786656430673789,False,43.298,-2.6431779383519975,11.658951670659965,-155.41781920829035,360.7819470421618,11.954822222229307,347.22630000001516,12.24789322897486,-2.218418342765089,58.831206213969836,-53.569078674242746
136912.0,1.3368,1.1572,10.099,0.0008,-0.0123,9.8066,0.0375,-0.2118,0.178,119.93,-84.85,35.56,52.81716,-1.639175,12.49,4,347.73,19 / 20,-14.86583625310722,13.792592456130327,-1.4080292999999255,-215.7517492469921,415.74835882111705,-14.92950877784878,False,43.399,-2.7376371725857633,11.699415179810076,-155.69585484127686,361.9721775364074,12.01544999999903,346.82990000000575,12.128199080521457,-2.093177276320251,60.055894405715236,-53.77618128470965
137012.0,0.7696,-0.8385,9.2391,-0.0129,-0.0031,9.8065,0.1439,-0.1314,-0.03,125.15,-85.06,37.13,52.81716,-1.639175,12.49,4,347.73,19 / 20,-14.875585344115462,13.684446486500814,-1.4217892999999246,-217.23882032685313,417.1222107682485,-15.070999707848763,False,43.498999999999995,-2.6484539654401007,11.789383565489254,-155.95809681370844,363.15084375898334,12.0832111111111,347.3388199999999,12.227131378675361,-1.8950629210115597,61.28072351314469,-53.97136700926518
137112.0,2.358,2.0039,8.4876,0.0124,-0.0327,9.8065,0.111,-0.2758,0.0635,125.66,-85.22,38.19,52.81716,-1.639175,12.49,4,347.73,19 / 20,-14.890162257129646,13.507399043929183,-1.5161192999999191,-218.7271077069153,418.48180304476995,-15.217895137848746,False,43.59899999999999,-2.69687721944782,11.86033615858726,-156.22685787154722,364.3405182803825,12.16308888888427,347.18956000000907,12.193285037681825,-1.6470628853419225,62.500249835368066,-54.14128476438742
137212.0,1.6762,-0.0146,10.4687,-0.0125,0.0509,9.8065,-0.0455,-0.3428,0.2363,125.98,-85.39,39.27,52.81716,-1.639175,12.49,4,347.73,19 / 20,-14.898247955603505,13.270074581108826,-1.5489692999999172,-220.21652821755185,419.82067672602176,-15.371149567848729,False,43.698999999999984,-2.5777654076185637,11.660709306422671,-156.4823791373539,365.50828739970274,11.94223888889873,347.53449999998463,12.320482547984941,-1.609365274686155,63.734149080197966,-54.31238932631902
137312.0,0.9545,3.0528,9.4948,-0.0291,-0.0434,9.8065,-0.0615,0.103,0.002,117.8,-85.17,38.0,52.81716,-1.639175,12.49,4,347.73,19 / 20,-14.805311206564244,13.075612110914927,-1.531459299999913,-221.70170617566058,421.13796106062324,-15.525170997848756,False,43.79900000000001,-2.5890561762348425,11.813057037703409,-156.7444194885864,366.6978507241548,12.093449999995478,347.63798999999705,12.216255030329402,-1.2625550732115176,64.95728668707417,-54.44011033646842
137412.0,-0.3201,0.0621,10.2252,-0.0162,0.0513,9.8065,-0.0322,-0.3246,0.1442,114.59,-84.83,37.52,52.81716,-1.639175,12.49,4,347.73,19 / 20,-14.651786374286257,12.964824785210396,-1.5261242999999134,-223.17456105470302,422.4399829054294,-15.678050177848739,False,43.899,-2.571917413086367,11.837523547227194,-156.9998735473132,367.8766281416554,12.113699999999723,347.7419599999985,12.079868961199889,-1.1273012379832021,66.17468750738982,-54.56335476377404
137512.0,1.2624,-5.3921,9.9225,-0.0078,0.0536,9.8064,0.0762,0.1082,-0.0923,120.56,-84.88,36.0,52.81716,-1.639175,12.49,4,347.73,21 / 22,-14.875569853859146,13.049429779713781,-1.4994042999999149,-224.6509288661102,423.74069563367556,-15.829326607848722,False,43.998999999999995,-2.5071748408263277,11.764727817540683,-157.24860689944074,369.0552943649386,12.028913888888905,347.96970999999996,12.368395013032817,-1.2847019621730986,67.40232196666946,-54.68540126873694
137611.0,-0.5814,3.7231,9.6839,0.0158,0.0344,9.8066,-0.0596,0.531,-0.2879,120.1,-85.09,36.28,52.81716,-1.639175,12.49,4,347.73,21 / 22,-14.933165650012786,13.051054786286457,-1.4997458499999148,-226.1264612735517,425.03266961969246,-15.977784540273698,False,44.097999999999985,-2.5577842916384745,11.990485472119268,-157.50795896800568,370.24396813037146,12.26026111109756,347.95828000000085,12.37538135837431,-1.0605693141671892,68.61850230554603,-54.788701489321
137711.0,1.8588,-0.8262,10.2226,-0.0295,0.0547,9.8064,0.0442,-0.0446,0.0173,122.29,-85.05,34.78,52.81716,-1.639175,12.49,4,347.73,21 / 22,-14.811868091784325,12.913015547647715,-1.4850858499999113,-227.61371296064192,426.33087313638947,-16.127026125273723,False,44.19800000000001,-2.4938869137780983,12.021841255069758,-157.7568939413062,371.4557704417672,12.277794444443872,348.28041999998555,12.317981178006226,-0.8911742925779578,69.85681901933572,-54.875102694622285
137812.0,-0.5225,-0.7977,9.8968,0.0003,0.017,9.8066,0.1286,-0.2055,0.0948,112.75,-85.0,32.16,52.81716,-1.639175,12.49,4,347.73,21 / 22,-14.892993610451757,12.884421249453386,-1.4595277999999114,-229.11380847660482,427.63364369464307,-16.27572911459871,False,44.29900000000001,-2.406898126509277,11.894244611442467,-157.9947397486867,372.64689049475083,12.135330555559763,348.560239999992,12.486095483942481,-0.9901766380109187,71.11906872791812,-54.986753199892235
137912.0,1.2437,0.112,10.5554,-0.0269,0.0039,9.8066,0.0137,-0.0094,-0.0307,114.2,-85.01,30.16,52.81716,-1.639175,12.49,4,347.73,21 / 22,-14.90829896833656,12.855772488219566,-1.4175827999999138,-230.60387310554415,428.9206533815266,-16.419584644598693,False,44.399,-2.387654270877874,12.01779820908117,-158.23661798006938,373.84757331302205,12.252688888887125,348.762979999997,12.520644697458685,-0.8379742791383968,72.36725512547477,-55.07308006850457
138012.0,-0.5433,-1.7226,9.4876,0.0012,0.0217,9.8065,0.0281,0.2321,-0.1624,110.51,-85.09,29.95,52.81716,-1.639175,12.49,4,347.73,21 / 22,-14.967918875455135,12.843853963460578,-1.396097799999915,-232.09768399773364,430.20563470411054,-16.560268674598678,False,44.498999999999995,-2.3904165550032275,12.229534549802503,-158.47190991891998,375.0815034136674,12.460963888888847,348.94022999999993,12.577502320451908,-0.614319413658075,73.62577407881366,-55.12413129044313
138112.0,-0.3823,1.5704,9.273,0.0033,-0.0275,9.8065,-0.0877,0.2946,-0.1046,107.61,-85.27,31.32,52.81716,-1.639175,12.49,4,347.73,21 / 22,-14.926088680891615,12.887262467721012,-1.4387327999999124,-233.5923843755509,431.49219052566957,-16.70201020459866,False,44.59899999999999,-2.3454868886438853,12.156629775994537,-158.7071346507001,376.2827422064953,12.380830555560351,349.079609999992,12.58060179224773,-0.7306326917264752,74.88524972485078,-55.20944831917427
138212.0,0.7499,-2.4463,10.3154,-0.0234,0.0383,9.8065,-0.0835,0.0418,-0.0087,117.65,-85.12,33.21,52.81716,-1.639175,12.49,4,347.73,21 / 22,-14.939443387440377,12.89662861121318,-1.4399777999999124,-235.0856609789674,432.7813850796162,-16.845945734598644,False,44.698999999999984,-2.4085352319042013,12.174846195713394,-158.94235938249713,377.50566400963754,12.410799999998632,348.8097400000121,12.530908155536176,-0.721782415499785,76.14330159647028,-55.27572106997866
138312.0,0.6033,-3.316,9.4104,0.0041,0.0307,9.8066,0.021,0.3121,-0.1559,113.26,-85.19,32.81,52.81716,-1.639175,12.49,4,347.73,21 / 22,-15.198025229913641,12.94770552931574,-1.434352799999911,-236.59253440983545,434.07360178664294,-16.989662264598667,False,44.79900000000001,-2.5595585958508185,12.101580552573774,-159.20419811253,378.71779990512994,12.369311111112342,348.0575700000221,12.638466634062823,-0.846124976741967,77.38833629730544,-55.355801881513
138412.0,-0.0791,-2.4252,9.4982,0.0015,0.0509,9.8064,0.0121,-0.3723,0.2353,111.63,-85.17,34.8,52.81716,-1.639175,12.49,4,347.73,21 / 22,-15.441609463099974,13.02526475322235,-1.469587799999909,-238.12451614448605,435.3722503007698,-17.13485929459865,False,44.899,-2.4034614034424133,12.233181303136881,-159.43969167260624,379.9408329031982,12.467063888887433,348.88456999998766,13.03814805965756,-0.7920834500854692,78.68482447187981,-55.43141739757158
138512.0,0.9353,-0.1369,8.3661,-0.0174,0.0738,9.8063,-0.1721,0.2899,-0.1955,112.74,-85.15,35.37,52.81716,-1.639175,12.49,4,347.73,20 / 23,-15.545306865815432,13.024722626972435,-1.5570377999999039,-239.67386196093173,436.67474966977943,-17.286190574598635,False,44.998999999999995,-2.4000735409986946,12.250003178756549,-159.68156990394945,381.16397709549096,12.48290555555555,348.91478,13.145233324816736,-0.7747194482158868,79.99229205698228,-55.51077257428847
138612.0,-1.4175,-0.0597,8.5817,-0.0224,0.047,9.8065,-0.204,-0.1712,0.1274,116.23,-85.2,31.53,52.81716,-1.639175,12.49,4,347.73,20 / 23,-15.509470747408871,13.039430667620485,-1.6903127999998964,-241.22660084159287,437.97795733450903,-17.448558104598614,False,45.09899999999999,-2.509470006675855,12.181603748692691,-159.9301688419265,382.37611299158834,12.437405555558218,348.35961000003243,13.000000740733016,-0.8578269189277936,81.29643199966637,-55.601844342920685
138712.0,0.3021,-5.4826,10.8429,-0.0455,0.0682,9.8062,-0.173,0.3733,-0.286,117.09,-84.56,31.72,52.81716,-1.639175,12.49,4,347.73,20 / 23,-15.70055662432856,13.2048145000546,-1.6997477999998958,-242.78710221017965,439.2901695928927,-17.618061134598594,False,45.198999999999984,-2.373178001412835,12.218500678424089,-160.16552798785693,383.59914598896233,12.446844444444004,349.0083899999709,13.327378622915724,-0.9863138216305103,82.62157422232272,-55.691023603930375
138812.0,0.1306,-1.3159,10.3246,0.0384,0.0585,9.8063,0.0491,-0.0152,0.0425,118.57,-84.54,33.66,52.81716,-1.639175,12.49,4,347.73,20 / 23,-15.981426913314786,13.330398470774817,-1.622037799999878,-244.37120138706217,440.6169302414345,-17.78415041459862,False,45.29900000000001,-2.4828560856493307,12.278728899127554,-160.414059718772,384.82229018264877,12.52724444444208,348.5685100000132,13.498570827665455,-1.0516695716472633,83.95714166829018,-55.79464005878572
138912.0,1.6419,-3.7457,10.8242,0.036,0.0728,9.8062,0.0025,0.3811,-0.2936,115.75,-84.79,37.7,52.81716,-1.639175,12.49,4,347.73,20 / 23,-16.215589832354688,13.35238202372022,-1.5452627999998825,-245.98105222434555,441.95106926615915,-17.942515444598598,False,45.399,-2.491105896159893,12.335407721273365,-160.66272586382013,386.0564426738501,12.584430555554718,348.58280999999977,13.724483936194794,-1.0169743024468563,85.31832636052542,-55.894626592309066
139012.0,0.6851,1.3267,10.3161,0.0282,-0.0025,9.8066,-0.0181,0.3115,-0.1481,118.04,-85.28,40.58,52.81716,-1.639175,12.49,4,347.73,20 / 23,-16.34634627128505,13.287360554250082,-1.4689127999998868,-247.60914902952743,443.2830563950576,-18.09322422459858,False,45.498999999999995,-2.560223660818361,12.278288237053623,-160.91804550842733,387.27969806107427,12.542375000000009,348.22165000000007,13.78612261046669,-1.009072317196459,86.6911035211001,-56.00335833398333
139112.0,-1.0807,-4.6909,9.9328,-0.0031,0.0513,9.8065,-0.0131,0.3421,-0.1831,127.1,-85.1,43.02,52.81716,-1.639175,12.49,4,347.73,20 / 23,-16.428555130146904,13.396508460451606,-1.4371327999998884,-249.24789409959894,444.6172498457926,-18.23852650459856,False,45.59899999999999,-2.4779563431719374,12.354461876210628,-161.16677886052375,388.5248588503737,12.600519444441026,348.6585499999743,13.950598786974966,-1.0420465842409783,88.08111523907519,-56.09239099541895
139212.0,-0.3871,2.0127,9.951,-0.0005,-0.0704,9.8064,-0.043,0.4834,-0.3118,128.28,-84.99,44.42,52.81716,-1.639175,12.49,4,347.73,20 / 23,-16.463503203922482,13.51726690833839,-1.423607799999889,-250.89249701630231,445.96293861423203,-18.38156353459854,False,45.698999999999984,-2.542210606136728,12.398437153144208,-161.4220985051437,389.7702420282312,12.656386111108656,348.41253000001115,13.921292597785754,-1.1188297551941826,89.4703985111586,-56.19269658600081
139312.0,-0.0722,1.3023,9.062,0.0109,-0.004,9.8066,0.0407,-0.074,-0.0052,126.45,-85.08,42.52,52.81716,-1.639175,12.49,4,347.73,20 / 23,-16.289362648390924,13.41782947148876,-1.4536227999998959,-252.53014030891836,447.3096934332237,-18.525425064598565,False,45.79900000000001,-2.4437250101456165,12.468394017197436,-161.66417835768644,391.0156252074763,12.705619444443007,348.9109399999852,13.845637638245307,-0.9494354542913239,90.86596195123192,-56.29406822574737
139412.0,2.0245,-2.7342,9.5974,0.0177,-0.0401,9.8065,0.0073,0.191,-0.1298,123.82,-85.18,42.99,52.81716,-1.639175,12.49,4,347.73,20 / 23,-16.375511508491535,13.358665110051685,-1.501317799999893,-254.1633840167624,448.6485181623006,-18.673172094598545,False,45.899,-2.3922325880700357,12.464599838269999,-161.90612379610894,392.2610083860349,12.692086111111319,349.13577999999677,13.9832789204215,-0.8940652717816864,92.25726022065345,-56.38750977626569
139512.0,-0.2975,-0.1917,10.1064,0.009,-0.0336,9.8065,-0.0374,0.2127,-0.1637,124.54,-85.19,44.49,52.81716,-1.639175,12.49,4,347.73,19 / 22,-16.51538427298245,13.353456628998774,-1.4967927999998931,-255.80792880583599,449.98412424925306,-18.823077624598525,False,45.998999999999995,-2.5300010041369885,12.401853766613494,-162.1613762336498,393.50639156318596,12.65729444444445,348.46975000000015,13.98538326884546,-0.9516028623852808,93.64655257218618,-56.4777326860671
139612.0,-0.9147,-3.1669,10.4727,0.0228,-0.0077,9.8065,0.0041,0.082,-0.032,133.62,-85.15,46.46,52.81716,-1.639175,12.49,4,347.73,19 / 22,-16.56988628394978,13.49618905637281,-1.4485027999998958,-257.4621923336825,451.32660653352156,-18.970342404598508,False,46.09899999999999,-2.4807654301638125,12.382280283998464,-162.41010958574623,394.7407664448333,12.628344444446114,348.67089999998785,14.08912085378597,-1.1139087723743462,95.05208274793625,-56.58584008868826
139712.0,3.7287,-0.5689,10.2286,0.0112,-0.0212,9.8065,-0.1079,-0.2087,0.0847,130.17,-85.13,47.46,52.81716,-1.639175,12.49,4,347.73,19 / 22,-16.767734226353934,13.49571493370744,-1.394102799999899,-259.12907335919755,452.6762017330255,-19.11247268459849,False,46.198999999999984,-2.4954384861424455,12.488145965639143,-162.6587757307942,395.98603842776595,12.735030555550805,348.6997299999988,14.272295740211488,-1.0075689680682967,96.47029762840336,-56.690163305259546
139811.0,-0.9516,-3.0165,9.7867,-0.0038,0.0024,9.8066,-0.0656,0.0402,0.0463,126.81,-84.95,46.43,52.81716,-1.639175,12.49,4,347.73,19 / 22,-16.971625701816485,13.483133552866118,-1.3742037999998953,-260.7991716756423,454.01165473311113,-19.249503861298503,False,46.298,-2.3879733657417965,12.423201308329423,-162.8983689218992,397.19717356867875,12.650633333335897,349.1194399999875,14.583652336074689,-1.0599322445366948,97.90080275374311,-56.81448116443238
139912.0,0.8614,0.8457,10.0657,-0.0221,-0.0439,9.8065,-0.0166,0.108,-0.1569,128.75,-84.76,44.46,52.81716,-1.639175,12.49,4,347.73,19 / 22,-17.029920476900383,13.535344975988938,-1.3621292499998954,-262.5162497576675,455.3760878988183,-19.387688680323492,False,46.399,-2.4790141621317927,12.316910930733426,-163.14273381469286,398.4435575018029,12.563913888890148,348.6201300000075,14.55090631476859,-1.2184340452555116,99.37351594297462,-56.9325303970154
140012.0,-1.1829,-1.091,11.1391,0.0057,-0.0021,9.8066,0.1721,0.0291,-0.0038,129.64,-84.75,45.48,52.81716,-1.639175,12.49,4,347.73,19 / 22,-17.000084877396418,13.538222414268649,-1.2825542499998999,-264.2177500253822,456.7297662683311,-19.519922855323475,False,46.498999999999995,-2.3628371887740913,12.398203246987352,-163.37802575358273,399.6778211879288,12.62135555555554,349.2099899999999,14.637247688622328,-1.140019167281297,100.83972427179947,-57.05194508040228
140112.0,0.4641,-4.3254,7.998,0.0392,-0.0196,9.8065,0.126,0.0935,-0.1619,129.57,-85.01,49.43,52.81716,-1.639175,12.49,4,347.73,19 / 22,-17.157885765716852,13.720836464368425,-1.3063642499998984,-265.9256485575378,458.09271921226286,-19.649368780323456,False,46.59899999999999,-2.4879117347610546,12.179297495950584,-163.62655748449393,400.8900682782644,12.430819444455588,348.45469000004437,14.669974030955798,-1.541538968417841,102.29909107304385,-57.202650933998484
140212.0,1.1593,-5.8692,9.1692,-0.0006,-0.0721,9.8063,-0.1028,0.2793,-0.1537,132.85,-84.88,49.53,52.81716,-1.639175,12.49,4,347.73,19 / 22,-17.56649443618226,13.97941554122432,-1.4286692499998914,-267.6618675676326,459.4777318125424,-19.786120455323438,False,46.698999999999984,-2.4514669298473755,12.17687273202732,-163.86857012996995,402.10209297813054,12.421188888889231,348.6172799999925,15.115027506334885,-1.802542809197,103.79329743766266,-57.37563883441186
140312.0,-1.8019,-1.4414,8.9684,-0.0383,-0.0962,9.806,-0.0187,-0.7557,0.4091,130.91,-84.63,46.71,52.81716,-1.639175,12.49,4,347.73,19 / 22,-17.78928492681834,14.23307397374319,-1.502454249999908,-269.42965653578307,460.8883562882911,-19.93267663032346,False,46.79900000000001,-2.357818905607574,12.28992619172383,-164.10386206883362,403.3471425718941,12.514061111108372,349.1397399999846,15.431466021210767,-1.943147782019361,105.32579446694945,-57.54121371639701
140412.0,0.3447,-7.7373,10.1467,-0.0203,0.0156,9.8065,0.0027,-0.5635,0.1495,130.26,-84.46,49.15,52.81716,-1.639175,12.49,4,347.73,19 / 22,-18.06345141820635,14.567132066972958,-1.5273642499999065,-271.2222933530342,462.3283665903268,-20.084167555323443,False,46.899,-2.3510419197506263,12.328581662345186,-164.33908680063084,404.59252575044565,12.550749999999468,349.20340999999917,15.712409498455722,-2.2385504046277713,106.88320655240338,-57.73584083988118
140512.0,0.7052,-1.8546,9.5023,0.0304,-0.0256,9.8065,0.019,-0.1499,-0.0157,130.6,-84.33,49.93,52.81716,-1.639175,12.49,4,347.73,21 / 22,-18.435456914494615,14.819554234925956,-1.5255792499999066,-273.04723876966915,463.79770090542166,-20.236814730323424,False,46.998999999999995,-2.396003086774517,12.12944946450898,-164.58096503200036,405.79387573759175,12.363836111111146,348.82582,16.0394538277201,-2.6901047704169763,108.46627373766879,-58.003825167829916
140612.0,-0.3076,5.0642,10.4737,-0.0314,0.0998,9.8061,0.0771,-0.5952,0.3516,136.49,-84.04,51.81,52.81716,-1.639175,12.49,4,347.73,21 / 22,-18.31667011184476,14.660608182979182,-1.5074442499999077,-274.88484512098603,465.27170902631684,-20.388465905323407,False,47.09899999999999,-2.3095018014686133,12.214824389129907,-164.80960347130153,407.016797540641,12.431244444440404,349.2932399999725,16.007168310376148,-2.445783793849275,110.0752416496845,-58.25491148567585
140712.0,1.1697,1.4073,9.9667,-0.0029,0.0883,9.8062,-0.069,0.4605,-0.2412,138.27,-84.23,49.99,52.81716,-1.639175,12.49,4,347.73,21 / 22,-18.102671459796195,14.374881500225218,-1.46608924999991,-276.70581219956796,466.72348351047697,-20.53714258032339,False,47.198999999999984,-2.3093855357903936,12.21164485007184,-165.03810749647323,408.2399417343333,12.428094444444618,349.29107000000033,15.7932859240058,-2.1632366501533777,111.66770470309473,-58.48354177614368
140812.0,-0.4093,2.8858,9.2406,0.0315,0.0331,9.8065,-0.0173,-0.0961,0.0219,137.55,-84.26,49.71,52.81716,-1.639175,12.49,4,347.73,21 / 22,-17.961864004779887,14.169318094753894,-1.4863892499999147,-278.50903897279716,468.1506934902263,-20.684766505323417,False,47.29900000000001,-2.1972461637208873,12.243170956153337,-165.25995802209937,409.4740942248346,12.438780555555239,349.82559999998426,15.764617841059,-1.926147138600557,113.24908095069779,-58.6765992653917
140912.0,1.496,-3.8371,10.625,-0.0251,0.0567,9.8064,-0.012,0.3989,-0.2258,136.88,-84.31,49.0,52.81716,-1.639175,12.49,4,347.73,21 / 22,-18.009724285884573,14.144414136302766,-1.4737742499999154,-280.30761838733025,469.56638010177903,-20.8327746803234,False,47.399,-2.228213000315547,11.885320458301834,-165.4817413406458,410.6533164227478,12.09238888889403,349.3815400000066,15.781511285569026,-2.259093678000932,114.82587704668444,-58.91306367903121
141012.0,1.9047,0.0752,9.9083,0.0037,0.0229,9.8066,-0.019,0.0308,0.07,132.58,-84.75,49.21,52.81716,-1.639175,12.49,4,347.73,21 / 22,-18.230866649560475,14.140629811375291,-1.427774249999918,-282.1196479341024,470.98063229916283,-20.977852105323382,False,47.498999999999995,-2.369616221798682,11.97044717980571,-165.72348515788266,411.85399924034033,12.202738888888865,348.80280000000016,15.861250427761794,-2.170182631569581,116.39616277621971,-59.126633058822506
141112.0,1.5664,-4.3935,9.6373,0.0194,0.0545,9.8064,0.0521,0.4629,-0.2151,136.57,-84.79,49.48,52.81716,-1.639175,12.49,4,347.73,21 / 22,-18.474112323026127,14.153691836202604,-1.4311592499999177,-283.9548968827316,472.3953483815416,-21.120798780323366,False,47.59899999999999,-2.3104235131707607,12.073076381583235,-165.9454700976119,413.05490444768816,12.292163888883742,349.1662699999785,16.163688809855365,-2.0806154546193696,118.0094267851197,-59.340443933853464
141213.0,-0.7719,-0.5768,10.7687,0.0436,-0.0626,9.8063,-0.0423,0.5916,-0.2916,134.22,-85.35,48.53,52.81716,-1.639175,12.49,4,347.73,21 / 22,-18.65147481026222,14.288144410571908,-1.391127899999918,-285.8297390329626,473.8316611120037,-21.263324281398358,False,47.69999999999999,-2.278812142240981,11.999420694791192,-166.17619195598192,414.2678187071959,12.213888888892354,349.24699999999666,16.37266266802124,-2.2887237157807157,119.65354707698069,-59.563842404807815
141312.0,0.067,-4.767,10.1273,0.0232,-0.0054,9.8065,0.0286,0.0296,0.0513,136.67,-85.39,51.43,52.81716,-1.639175,12.49,4,347.73,21 / 22,-18.783858064011522,14.484650018370653,-1.3276342499999063,-287.6827880102395,475.2559144362366,-21.397903007823373,False,47.79900000000001,-2.263243540128441,11.82601837260346,-166.39575744135632,415.42368997005343,12.040638888893996,349.16582000000244,16.52061452388308,-2.6586316457671924,121.28703056888318,-59.83222446618316
141411.0,2.3289,0.6745,9.2316,0.032,-0.0707,9.8063,-0.0382,0.4164,-0.2766,133.58,-85.8,52.9,52.81716,-1.639175,12.49,4,347.73,21 / 22,-18.97760227364476,14.527479958131135,-1.340227049999905,-289.5519802969533,476.6920148700733,-21.52996214217335,False,47.897999999999996,-2.258811791096863,12.03260052190861,-166.62190921922314,416.6340467464864,12.242783333330236,349.36785999999694,16.718790482547895,-2.4948794362225257,122.93007107773013,-60.05796812358693
141512.0,-3.7086,2.3784,9.8063,0.0442,-0.0235,9.8065,-0.057,0.5563,-0.2854,133.43,-85.82,57.69,52.81716,-1.639175,12.49,4,347.73,23 / 24,-18.791054699951218,14.452568740420924,-1.3692847499999046,-291.45929747411986,478.1555073293502,-21.666792488073337,False,47.998999999999995,-2.2395904479243245,11.777674637487765,-166.84604478508777,417.81438089250264,11.988719444444495,349.2334000000001,16.551464252026893,-2.674894102933159,124.6132526890321,-60.34112643684756
141612.0,2.675,-2.1442,9.8465,-0.0052,0.0248,9.8066,-0.0312,0.4245,-0.1908,132.79,-85.46,59.01,52.81716,-1.639175,12.49,4,347.73,23 / 24,-18.71991244480859,14.460864119294197,-1.3673097499999045,-293.33484583135777,479.6011789723359,-21.80362221307332,False,48.09899999999999,-2.2208205527666243,11.918468114077438,-167.06782810361813,419.01495251577086,12.123611111103093,349.4448499999875,16.499091892041964,-2.5423960052167587,126.26701772773964,-60.58622645656504
141712.0,4.1734,4.6145,9.0256,-0.0045,-0.0124,9.8066,-0.0617,0.333,-0.2271,132.85,-85.43,57.74,52.81716,-1.639175,12.49,4,347.73,23 / 24,-18.835270729855818,14.106491554648208,-1.4043697499999022,-295.2126049900909,481.0295467560329,-21.942206188073303,False,48.198999999999984,-2.0574570166684083,11.72920788124434,-167.26965092351432,420.1718245332084,11.908300000009623,350.0508999999732,16.77781371318741,-2.377283673403868,127.94295406657656,-60.85772222282452
141812.0,0.3456,-2.5454,10.2836,0.0038,0.0479,9.8064,-0.0568,0.0825,0.0152,136.12,-85.29,57.5,52.81716,-1.639175,12.49,4,347.73,23 / 24,-18.882346156727298,13.856433322671878,-1.4195747499999056,-297.09848583442044,482.42769299989925,-22.083403413073327,False,48.29900000000001,-2.3264821698967877,11.728999838134902,-167.50453961999233,421.35026836454165,11.957536111109595,348.78089000003763,16.55586398683051,-2.127433484536976,129.59394621442812,-61.0774246353576
141912.0,2.1441,-4.3374,9.6649,0.0042,-0.0616,9.8064,-0.0358,0.3234,-0.1329,132.79,-85.63,54.31,52.81716,-1.639175,12.49,4,347.73,23 / 24,-19.188627422245727,13.98493502870557,-1.4028147499999066,-299.002034513369,483.81976141746804,-22.22452288807331,False,48.399,-2.114647003773765,11.753369077802937,-167.70649685399468,422.5289345878108,11.942105555555795,349.80056999998465,17.07398041847196,-2.231565950902633,131.2955376593743,-61.29082682965725
142012.0,0.1758,-2.5523,9.6797,0.0081,-0.0651,9.8063,0.0822,-0.5112,0.103,136.1,-85.49,54.52,52.81716,-1.639175,12.49,4,347.73,23 / 24,-19.4890546597036,14.119541661696774,-1.4162497499999058,-300.9359186174663,485.2249852519881,-22.365476113073292,False,48.498999999999995,-2.0951106228532876,11.610883784835126,-167.9147715522634,423.6855842146981,11.798394444444472,349.7714,17.393944036850314,-2.5086578768616477,133.0211470652029,-61.53940103728996
142112.0,2.0178,-5.3421,9.677,-0.0059,0.0107,9.8066,-0.0147,-0.1816,0.2194,139.49,-85.18,53.36,52.81716,-1.639175,12.49,4,347.73,23 / 24,-19.808927148588843,14.32153309631324,-1.429079749999905,-302.90081770788083,486.6470389898885,-22.507742588073274,False,48.59899999999999,-2.163776668770175,11.625059910636065,-168.12976695708969,424.84201145163917,11.824719444442824,349.4561800000184,17.645150479818668,-2.696473185677176,134.77105075079115,-61.805027538249306
142212.0,-2.1837,-1.3016,10.1345,0.0289,-0.0546,9.8064,-0.1109,0.1311,-0.0161,139.23,-85.33,53.83,52.81716,-1.639175,12.49,4,347.73,23 / 24,-19.994369862239544,14.557565521495043,-1.4191697499999056,-304.89098255842214,488.0909939207788,-22.650155063073257,False,48.698999999999984,-2.1129815414604494,11.686109104184583,-168.33817606946468,426.0094469861634,11.875599999997752,349.7509899999868,17.881388320779095,-2.87145641731046,136.55280648895746,-62.0815469346154
142312.0,1.4398,-3.5392,9.8924,0.0223,0.0736,9.8063,-0.0131,-0.3218,0.2339,141.89,-85.06,56.5,52.81716,-1.639175,12.49,4,347.73,23 / 24,-20.095933651950947,14.75035900217259,-1.398489749999901,-306.8954977341321,489.55639014696254,-22.791038038073278,False,48.79900000000001,-2.0464240225155894,11.734478174577678,-168.53986447524105,427.1880020145152,11.911586111110067,350.10742999998956,18.049509629435356,-3.0158808275949127,138.35563325889106,-62.368388132447365
142412.0,-3.3565,-5.6084,10.6599,-0.0093,0.0505,9.8065,0.0052,-0.7841,0.2449,140.49,-85.17,59.54,52.81716,-1.639175,12.49,4,347.73,23 / 24,-20.28686135077071,15.145416683149818,-1.3515397499999036,-308.9146374842681,491.0511789312286,-22.92853951307326,False,48.899,-2.1414611180573773,11.480444094595217,-168.7614461725884,428.3336433432015,11.678469444447908,349.4338400000101,18.14540023271333,-3.664972588554601,140.1531913116797,-62.71753558802709
142513.0,3.5719,3.8371,7.1426,-0.0181,-0.0602,9.8064,-0.2222,0.1967,-0.2609,136.32,-85.0,50.07,52.81716,-1.639175,12.49,4,347.73,21 / 23,-20.30772920689071,15.185166065971021,-1.4429851499999027,-310.96466430743,492.5828733600592,-23.06966302052325,False,49.0,-2.059269175929061,11.601715764764153,-168.97200591108285,429.50152365837204,11.783055555555555,349.935,18.24846003096165,-3.5834503012068684,141.99265839634714,-63.081349701687145
142611.0,-0.5571,0.0232,10.3881,-0.0466,0.0523,9.8064,-0.0613,0.1219,0.0734,138.23,-84.8,47.83,52.81716,-1.639175,12.49,4,347.73,21 / 23,-20.25848443401281,14.924888363026586,-1.5450325499998867,-312.95240877583393,494.0582660270798,-23.21607588782322,False,49.097999999999985,-2.1164526177852503,11.587266471190896,-169.1761809782837,430.6348223505733,11.778972222222462,349.6488400000167,18.14203181622756,-3.33762189183569,143.77622779755023,-63.42344367650651
142712.0,1.2075,0.423,8.209,0.0301,-0.0937,9.8061,-0.266,0.3515,-0.4703,133.13,-84.41,46.35,52.81716,-1.639175,12.49,4,347.73,21 / 23,-20.23664042362249,14.862990535066174,-1.5963506499998863,-314.9974125811445,495.5625539114335,-23.374715739423205,False,49.198999999999984,-2.1148369966776084,11.66518417411376,-169.3932598021911,431.8028138599663,11.855338888885495,349.7241799999964,18.12180342694488,-3.1978063609524146,145.6041527789534,-63.75974005146719
142812.0,1.7252,3.5808,10.3586,-0.0307,-0.0204,9.8066,-0.0502,-0.5457,0.2664,127.12,-84.33,44.16,52.81716,-1.639175,12.49,4,347.73,21 / 23,-20.144007844587204,14.609797767333008,-1.6486356499998982,-317.01644499455546,497.0361933265538,-23.53696505442323,False,49.29900000000001,-2.131844711714409,11.594374858569916,-169.6016689145663,432.9592410962907,11.788736111113097,349.5814500000042,18.012163132872796,-3.0154229087630924,147.41477607998917,-64.07695223026309
142912.0,3.9196,-5.5762,11.0668,0.0022,-0.0308,9.8066,0.002,0.218,-0.1024,127.14,-84.33,43.81,52.81716,-1.639175,12.49,4,347.73,21 / 23,-20.365183851075585,14.428686638225217,-1.5580306499999033,-319.0419045793385,498.48811754683163,-23.697298369423212,False,49.399,-2.112874835863951,11.556901244077531,-169.8166643194473,434.115668333308,11.748455555556141,349.6393999999991,18.252309015211633,-2.871785394147686,149.2252402598912,-64.37244921352362
143012.0,-0.188,-2.9046,10.1637,0.0757,-0.1079,9.8057,0.1936,-0.7347,0.328,124.03,-84.52,46.47,52.81716,-1.639175,12.49,4,347.73,21 / 23,-20.791742214120838,14.514255509627862,-1.4771706499999078,-321.0997508825982,499.9352646542242,-23.849058434423196,False,49.498999999999995,-1.8917707400085135,11.644868978768825,-170.00511293314526,435.28310386853383,11.797555555555546,350.77255999999977,18.899971474112323,-2.869386530859037,151.09463794945293,-64.6521607856904
143112.0,1.9338,-5.4727,10.5506,0.0182,-0.0298,9.8065,-0.1383,-0.1161,0.2181,123.13,-84.68,48.41,52.81716,-1.639175,12.49,4,347.73,21 / 23,-21.159175660514315,14.657321466732395,-1.4221206499999108,-323.19729677632984,501.39384350304215,-23.99402299942318,False,49.59899999999999,-2.1026367500133443,11.568910633272298,-170.21990671679896,436.43964230040626,11.758455555557862,349.6989600000633,19.05653891050097,-3.088410833460097,152.97739005953088,-64.95420120263589
143212.0,1.4656,7.4683,8.8548,0.0192,-0.1482,9.8054,0.0947,-0.8826,0.6778,115.36,-84.77,39.56,52.81716,-1.639175,12.49,4,347.73,21 / 23,-21.10451879781582,14.487480555277516,-1.4325156499999103,-325.31048149924624,502.85108360414256,-24.136754814423163,False,49.698999999999984,-2.179962723748411,11.587502689500967,-170.4416228282786,437.59606953813005,11.790780555554102,349.3454600000152,18.92455607406741,-2.899977865776549,154.86885867096763,-65.2550140660125
143312.0,1.7,-3.1014,9.9634,0.02,-0.0152,9.8066,-0.0085,-0.2505,0.1718,119.98,-84.45,38.6,52.81716,-1.639175,12.49,4,347.73,21 / 23,-20.944290268166306,14.253748432636803,-1.4722706499999194,-327.41292195254584,504.2881450535386,-24.28199412942319,False,49.79900000000001,-2.117447265189635,11.588243855178742,-170.65009914773367,438.7524967751618,11.780111111111434,349.6449399999911,18.82684300297667,-2.6655045774580604,156.76282280481217,-65.53564827837681
143412.0,1.222,6.5387,9.3223,0.0341,-0.1058,9.806,0.1601,-0.8608,0.5671,117.3,-84.93,36.68,52.81716,-1.639175,12.49,4,347.73,21 / 23,-20.827791182917892,14.041397553077402,-1.4886506499999184,-329.50152602509996,505.7029023528242,-24.430040194423174,False,49.899,-2.268407299518364,11.560640367281135,-170.87840155171955,439.89791571468504,11.781099999999983,348.89857000001115,18.559383883399526,-2.480757185796268,158.62312447338041,-65.80498663813916
143512.0,2.7038,-5.7536,10.1163,-0.0046,0.0295,9.8065,-0.0199,-0.3949,0.2116,122.54,-84.93,42.23,52.81716,-1.639175,12.49,4,347.73,21 / 23,-20.85003079406462,13.865282664211074,-1.4973856499999179,-331.58541712394896,507.09823636368856,-24.579342009423158,False,49.998999999999995,-2.216735768518618,11.666425376771702,-171.10025207734557,441.0652400542863,11.87516111111109,349.24145999999996,18.633295025546,-2.198857287439372,160.48516504660338,-66.03299630940228
143612.0,1.792,-2.2079,10.8825,-0.001,-0.1014,9.8061,0.017,0.5071,-0.308,124.24,-84.96,40.03,52.81716,-1.639175,12.49,4,347.73,21 / 23,-21.27723703277353,13.879618169851192,-1.4281106499999217,-333.69178051529076,508.48548140539157,-24.725616824423142,False,50.09899999999999,-2.1283383680117947,11.522798854954877,-171.30872839675857,442.21077018865094,11.717711111120346,349.5350699999831,19.148898664761738,-2.356819314896315,162.3830521185322,-66.27471121674063
143712.0,1.8507,-7.5987,11.2949,-0.0357,0.0573,9.8064,0.2185,-0.5996,0.3489,131.64,-84.59,43.45,52.81716,-1.639175,12.49,4,347.73,21 / 23,-21.735929025366268,14.034196045786786,-1.2999056499999289,-335.84243881819765,509.8811721161734,-24.862017639423126,False,50.198999999999984,-2.2775455063126637,11.748736109766812,-171.5436843003023,443.389102825751,11.967461111099949,349.0291400000226,19.458383519053605,-2.285459936019974,164.29875451789536,-66.49206929042236
143812.0,3.2402,-0.7974,10.1572,0.0204,-0.0433,9.8064,0.1145,-0.3857,-0.0205,128.38,-84.87,44.88,52.81716,-1.639175,12.49,4,347.73,21 / 23,-22.185363821003616,14.097438112857814,-1.2079656499999079,-338.03850346051667,511.28775382410595,-24.987411204423147,False,50.29900000000001,-2.2860340850912704,11.729506681446194,-171.77225553254078,444.5567607508264,11.950200000000585,348.97153000000156,19.899329735912346,-2.3679314314116198,166.26624792797588,-66.73099307327954
143914.0,4.1643,-9.4655,9.4436,-0.0172,0.1573,9.8053,0.119,-0.9909,0.6599,122.53,-85.36,43.19,52.81716,-1.639175,12.49,4,347.73,21 / 23,-22.811338305462037,14.057842983945841,-1.2086031499999077,-340.33333526896587,512.7236731600426,-25.11065621322311,False,50.40099999999998,-2.3124238090867864,11.59711115234367,-172.01218475897372,445.73642772752976,11.82541111111051,348.7233300000053,20.49891449637525,-2.460731831602171,168.32115050999215,-66.98724543251285
144012.0,2.2649,2.9491,9.2474,-0.015,0.05,9.8064,-0.1022,0.157,-0.0098,123.69,-85.13,46.8,52.81716,-1.639175,12.49,4,347.73,21 / 23,-23.224248529551897,13.948667536574987,-1.2537958499999138,-342.5890790238819,514.0959921755483,-25.231313764223117,False,50.498999999999995,-2.3933019920983374,11.621827957360551,-172.24929128864107,446.86972642050705,11.865699999999993,348.36367000000007,20.83094653745356,-2.326839579214436,170.3397877352408,-67.22626575504125
144112.0,-3.6685,5.7876,8.9201,-0.0504,0.1766,9.8049,-0.0105,-0.8068,0.416,127.9,-84.42,49.12,52.81716,-1.639175,12.49,4,347.73,21 / 23,-22.794298814447355,13.723919194791314,-1.3260858499999095,-344.8900063910817,515.4796215121165,-25.3603078492231,False,50.59899999999999,-2.2472729006275927,11.556402479600022,-172.46462272882482,448.0151453592543,11.772886111116547,348.9955799999629,20.547025913819763,-2.167516715191292,172.4253836622569,-67.46447615286223
144211.0,4.2305,-5.5108,9.8613,-0.0491,0.1322,9.8055,0.248,-0.8806,0.4019,128.29,-84.42,49.29,52.81716,-1.639175,12.49,4,347.73,21 / 23,-22.77241485941165,13.679190205363636,-1.3672648999999168,-347.1455587179382,516.8360754274245,-25.493628711348116,False,50.69800000000001,-2.431741492032989,11.700197675794433,-172.71046617710232,449.17079423155235,11.950249999992018,348.25916000003326,20.340673367378663,-1.9789925295692026,174.43509254083585,-67.66528119587213
144312.0,2.2429,6.5567,9.702,0.0089,0.0578,9.8065,0.0906,0.06,-0.1119,139.87,-84.42,55.39,52.81716,-1.639175,12.49,4,347.73,21 / 23,-22.96978013345428,13.337946408571037,-1.3697898999999167,-349.45553956507786,518.2004408264281,-25.631849978748107,False,50.79900000000001,-2.4641393975123234,11.73987072799921,-172.96161898358795,450.3610247264981,11.995688888887658,348.1459900000029,20.505640735941956,-1.598075680571828,176.4939205814899,-67.83941609993002
144412.0,-0.6287,-6.0544,10.5655,0.0036,0.1362,9.8056,0.0788,-0.6459,0.3888,146.3,-84.34,59.28,52.81716,-1.639175,12.49,4,347.73,21 / 23,-22.962982274569846,13.260689306201906,-1.3370798999999185,-351.75217768547896,519.5303726121667,-25.76719346874809,False,50.899,-2.3427553554854326,11.868846986210702,-173.19697812953117,451.55069924658216,12.097861111109601,348.8340399999898,20.620226919084413,-1.3918423199912038,178.55519955594778,-67.97967336558457
144512.0,0.0023,-4.2128,9.7028,-0.0069,-0.0613,9.8064,-0.099,0.7136,-0.3986,148.59,-84.53,58.54,52.81716,-1.639175,12.49,4,347.73,21 / 22,-23.193445145032538,13.68436344191253,-1.3043298999999202,-354.05999905645893,520.8776252495724,-25.899263958748076,False,50.998999999999995,-2.4022356524979607,11.622778783520003,-173.43885636087438,452.6744351765834,11.868438888888933,348.3222400000001,20.791209492534577,-2.061584658392528,180.62114269558455,-68.20319007298895
144612.0,1.0991,-6.4772,9.6248,0.0098,0.0423,9.8065,-0.0041,0.5559,-0.2646,154.96,-84.55,57.94,52.81716,-1.639175,12.49,4,347.73,21 / 22,-23.47096079634677,14.107414493802436,-1.3186148999999194,-356.39321935352774,522.267214146358,-26.03041119874806,False,51.09899999999999,-2.3300982026569255,12.115135905887277,-173.674148299734,453.9075869126634,12.337186111083641,349.11295999995355,21.140862593689846,-1.992278587915159,182.71907105379375,-68.3596272336946
144712.0,-0.6569,-2.5003,9.8027,0.0023,-0.1283,9.8058,0.0501,0.8523,-0.5402,154.37,-85.14,58.65,52.81716,-1.639175,12.49,4,347.73,21 / 22,-23.664413891365736,14.47669668183711,-1.3279048999999188,-358.7499880879132,523.6964197051399,-26.162737188748043,False,51.198999999999984,-2.7758972341255945,11.657557678189102,-173.95594752842953,455.06479251347514,11.983619444460357,346.6054100001117,20.888516657240142,-2.819139003648008,184.79404055948368,-68.63162719166473
144812.0,3.7034,-5.4776,7.6219,0.0233,-0.0173,9.8066,-0.0538,-0.2108,0.1724,147.11,-84.95,63.69,52.81716,-1.639175,12.49,4,347.73,21 / 22,-23.973395746583197,14.706587500732011,-1.4373398999999436,-361.1318785698112,525.1555839142686,-26.300999428748067,False,51.29900000000001,-2.5404965498455807,11.837192066294381,-174.2116032083692,456.2322280486939,12.106774999996263,347.88679999996145,21.432899196737615,-2.86939543443763,186.92027536144198,-68.9233558655747
144912.0,0.7141,-4.6706,10.2353,-0.0313,-0.1125,9.8059,0.0807,0.2868,-0.1898,146.48,-85.08,58.11,52.81716,-1.639175,12.49,4,347.73,21 / 22,-24.414826912330778,14.985899474511186,-1.5251448999999386,-363.5512897027568,526.6402082630307,-26.449123668748054,False,51.399,-2.298583899469779,12.13059069067852,-174.44037606179356,457.45481626705686,12.34648055555202,349.2701599999797,22.116243012861,-2.8553087838326654,189.11091364096322,-69.18539199597382
145012.0,2.0542,8.0703,9.5321,-0.0185,-0.1629,9.8053,-0.1094,0.9878,-0.5808,149.32,-85.18,57.01,52.81716,-1.639175,12.49,4,347.73,21 / 22,-24.434980784257437,14.735937921619211,-1.517439899999939,-365.99378008758606,528.1263001328371,-26.60125290874804,False,51.498999999999995,-2.5532446697296955,11.898975970730406,-174.70214758477388,458.63392726934467,12.169863888888923,347.8890900000003,21.88173611452774,-2.8369619508888047,191.29163250281218,-69.49237286349239
145112.0,3.3571,-4.661,10.1172,-0.0249,-0.021,9.8065,0.1448,-0.4714,0.1069,144.89,-84.81,56.84,52.81716,-1.639175,12.49,4,347.73,21 / 22,-24.567415452180942,14.405411417162068,-1.515639899999939,-368.4438998994078,529.583367599776,-26.752906898748027,False,51.59899999999999,-2.3543882948501573,12.095293208733063,-174.9376411448193,459.8236017893433,12.32233055554656,348.9847899999353,22.213027157330785,-2.310118208429005,193.50625875458852,-69.75976581043273
145212.0,2.2699,3.3702,9.9279,0.0314,-0.0487,9.8064,-0.1154,-0.0938,0.0297,130.56,-84.54,58.63,52.81716,-1.639175,12.49,4,347.73,21 / 22,-24.759543278042955,14.282498651353421,-1.49404989999994,-370.9102478359189,531.0177631032017,-26.903391388748013,False,51.698999999999984,-2.675412122295853,12.132464893718534,-175.21278687396915,461.03540410005286,12.423988888884443,347.5644600000636,22.0841311557471,-2.150033757634887,195.69746096194973,-69.98235900314882
145312.0,1.8073,2.8086,10.4311,0.0047,0.1127,9.806,-0.1422,-0.5677,0.4694,142.74,-84.27,61.68,52.81716,-1.639175,12.49,4,347.73,21 / 22,-24.666770273082626,13.899430816583191,-1.4567648999999316,-373.3815635134757,532.4268595765989,-27.05093212874804,False,51.79900000000001,-2.651259705224655,12.17543015732851,-175.47502884638808,462.24742880062047,12.460749999998946,347.7153299999951,22.015510567857973,-1.7240006592546813,197.90653466708764,-70.1794307759784
145412.0,0.4539,8.5227,9.6296,-0.0501,0.0664,9.8063,-0.2055,0.4538,-0.1641,135.62,-84.21,57.09,52.81716,-1.639175,12.49,4,347.73,21 / 22,-24.347246022870582,13.390536569642997,-1.4343948999999327,-375.83226432827325,533.7913579459101,-27.195490118748026,False,51.899,-2.4962543738811136,12.07712320554474,-175.7238294055822,463.45945350118774,12.332411111113021,348.3218899999911,21.850991648989467,-1.3134133640982562,200.10843492269106,-70.3319044447224
145512.0,1.2796,2.1214,8.3092,0.0065,0.0308,9.8065,-0.0287,-0.5541,0.3203,131.12,-84.59,52.18,52.818134,-1.639458,13.08,4,348.0,20 / 21,-24.000861705407413,12.932746685621217,-1.518119899999928,-378.249669714687,535.1075221086733,-27.34311585874801,False,51.998999999999995,-2.4989582990084602,12.376138626493832,-175.97249555061723,464.7155113924602,12.625911111111053,348.58440999999993,21.501903406398952,-0.5566080591273845,202.27717416406978,-70.39201071621306
145612.0,2.2052,-7.01,11.0552,0.0099,-0.0576,9.8065,-0.2021,0.7773,-0.3785,142.27,-84.36,51.3,52.818134,-1.639458,13.08,4,348.0,20 / 21,-24.239263303416585,13.003700022575797,-1.530564899999927,-380.66167596512804,536.404344444083,-27.495550098747994,False,52.09899999999999,-2.551974590362319,12.241971268121477,-176.22781519520598,465.91697257444343,12.505138888896106,348.2246600000211,21.687288713054265,-0.761728754454321,204.43386076992206,-70.48737186963956
145712.0,0.7152,0.0616,10.5087,-0.0017,-0.1154,9.806,0.2108,0.0167,-0.104,143.44,-84.2,48.94,52.818134,-1.639458,13.08,4,348.0,20 / 21,-24.54465818882737,13.166110710980224,-1.4330348999999327,-383.1008720397401,537.7128349807607,-27.64373008874798,False,52.198999999999984,-2.469478069345163,12.325482311817908,-176.47654854732056,467.1509026757796,12.570438888885935,348.67045999998004,22.075180119482205,-0.8406283991623162,206.62432349241956,-70.5619323049811
145812.0,2.5173,-5.1256,8.7807,0.0101,0.0114,9.8066,0.1118,0.4596,-0.3392,136.79,-84.03,50.15,52.818134,-1.639458,13.08,4,348.0,20 / 21,-24.814507794958267,13.22056718855054,-1.4492298999999365,-385.56883033892996,539.0321688757375,-27.787843328748007,False,52.29900000000001,-2.3530031952557824,12.403234588831392,-176.70525419370523,468.3851663612056,12.624461111109538,349.2581099999828,22.461504599702486,-0.8173325997191476,208.86357614522473,-70.64700251453189
145911.0,2.3306,1.1528,11.4419,-0.0296,-0.0844,9.8062,-0.1334,0.2726,0.0266,127.78,-84.25,48.11,52.818134,-1.639458,13.08,4,348.0,20 / 21,-25.07785640894137,13.175379426114045,-1.4190695499999395,-388.0385023670227,540.3387682331633,-27.929824151522986,False,52.397999999999996,-2.4941807242014526,12.162246259126814,-176.9578183485833,469.58529320392313,12.415388888892073,348.410420000013,22.583675684739916,-1.013133166987231,211.08068401843943,-70.75347502924012
146011.0,2.8572,1.1244,9.4722,0.0207,0.003,9.8066,0.088,0.2098,-0.001,133.45,-84.55,50.74,52.818134,-1.639458,13.08,4,348.0,20 / 21,-25.133504480894874,12.887507786416275,-1.354029549999943,-390.5490704115144,541.6419125937897,-28.06847910652297,False,52.49799999999999,-2.547803779078795,12.465923764100038,-177.2132052002566,470.83000921359354,12.7236222222221,348.44885999999997,22.58570070181608,-0.42158402231623704,213.33586521125778,-70.81190338019616
146111.0,-0.8162,-3.8549,10.0754,0.0156,0.036,9.8065,0.0194,0.1099,-0.0589,139.31,-84.7,53.54,52.818134,-1.639458,13.08,4,348.0,20 / 21,-25.25999668143095,12.897124113483379,-1.3573145499999428,-393.0687454696305,542.9311441887846,-28.20404631152296,False,52.597999999999985,-2.3793602647798293,12.568530236027087,-177.44224688194208,472.0862894939536,12.791794444440837,349.28005999995156,22.880636416651118,-0.3285938774562922,215.62649858768845,-70.84485469483104
146212.0,2.0965,3.52,10.0487,0.0017,0.038,9.8065,0.0222,-0.4751,0.2179,134.67,-84.68,52.39,52.818134,-1.639458,13.08,4,348.0,20 / 21,-25.277972189295653,12.850088814192622,-1.331519149999943,-395.6209128976022,544.2313784416323,-28.339832413372953,False,52.698999999999984,-2.3210475708568135,12.576543735762641,-177.67968944693723,473.36636549052594,12.788930555555737,349.54350999998906,22.95692461843884,-0.2735450784299811,217.94122345066495,-70.86501295110634
146312.0,0.5034,-1.3506,9.74,-0.0361,0.0531,9.8064,-0.0047,-0.0948,0.1078,128.23,-84.45,49.84,52.818134,-1.639458,13.08,4,348.0,20 / 21,-25.267781353838473,12.655350315173958,-1.3227491499999409,-398.14820057475947,545.5066503981009,-28.472545828372976,False,52.79900000000001,-2.394107210344834,12.624381357585374,-177.92156767830681,474.62297935574213,12.849388888887106,349.2618700000084,22.873674143493638,-0.03096895758858409,220.22663289645266,-70.88367104235874
146412.0,-0.6413,2.4735,8.8634,0.0,-0.0316,9.8066,0.0425,-0.1944,0.1951,127.46,-84.47,48.98,52.818134,-1.639458,13.08,4,348.0,20 / 21,-25.190237088396206,12.610854081751517,-1.373244149999938,-400.6711014968711,546.769960617947,-28.60734549337296,False,52.899,-2.516318920794134,12.382114987906634,-178.176820115874,475.8574654317101,12.635225000003185,348.5125400000111,22.67391816760207,-0.228739093844883,222.49428138099708,-70.91249518623692
146512.0,3.4434,1.9843,9.5529,-0.0147,-0.0029,9.8065,-0.0374,-0.4516,0.1846,122.01,-84.52,46.45,52.818134,-1.639458,13.08,4,348.0,22 / 23,-25.050367851326413,12.347345059909866,-1.4330941499999346,-403.1831317438571,548.0178705750301,-28.747662408372946,False,52.998999999999995,-2.4522251953000924,12.722550287828838,-178.41889996838995,477.1357623092415,12.956730555555493,349.09008999999986,22.598142656026322,0.37520522791897193,224.76423177546712,-70.88210826578859
146613.0,-4.0258,-6.6148,9.9264,-0.022,-0.0972,9.806,-0.1954,-0.1524,0.1687,113.51,-84.45,40.15,52.818134,-1.639458,13.08,4,348.0,22 / 23,-25.251578946704505,12.454876797736206,-1.4398611499999345,-405.7233800571576,549.2703827788412,-28.89274665102294,False,53.099999999999994,-2.5193536190493044,12.460924480197695,-178.66998556781718,478.3939329035676,12.713055555569944,348.57000000003063,22.7322253276552,0.00604768246148879,227.05339448934043,-70.87644987527358
146711.0,3.8771,-2.8989,8.8799,-0.0299,-0.0186,9.8066,-0.0734,-0.5668,0.3916,118.28,-84.11,39.68,52.818134,-1.639458,13.08,4,348.0,22 / 23,-25.654516593054144,12.654794230130168,-1.47940414999994,-408.2177787386061,550.5007566592068,-29.03579065072295,False,53.19800000000001,-2.5185452652471145,12.67902821355992,-178.92026468245692,479.63620262370137,12.926749999990433,348.7650199999913,23.135971327807027,0.02423398342975247,229.2975140561492,-70.86455403550542
146812.0,3.0033,-2.5378,10.9999,0.0123,-0.0942,9.8062,-0.1659,0.0319,0.0956,124.6,-84.44,38.49,52.818134,-1.639458,13.08,4,348.0,22 / 23,-26.03737553139834,12.48608408851263,-1.46594589999994,-410.82821929089096,551.7703710142982,-29.184530828247944,False,53.29900000000001,-2.603396297813469,12.646956316788177,-179.1848589021929,480.90549271193765,12.91213611111167,348.36805000001186,23.43397923358487,0.16087222827554726,231.64336038869806,-70.86487830236058
146912.0,2.5294,-3.4404,9.6836,0.035,0.0028,9.8066,0.0206,-0.3297,0.1856,132.38,-84.23,42.97,52.818134,-1.639458,13.08,4,348.0,22 / 23,-26.41117011399817,12.440031963936317,-1.412435899999943,-413.4506465731606,553.0166768169206,-29.32844991824793,False,53.399,-2.6256138306720738,12.683735581468673,-179.4536199600243,482.1730036797228,12.95264444444384,348.3046000000009,23.7855562833261,0.24370361753235592,233.9970266131363,-70.84367313719781
147012.0,3.0562,-0.6084,9.9916,0.0088,-0.0293,9.8065,-0.0737,-0.0185,-0.0752,132.98,-83.96,43.43,52.818134,-1.639458,13.08,4,348.0,22 / 23,-26.722936548103473,12.352415014402839,-1.409340899999943,-416.10735190626554,554.2562991658375,-29.469538758247918,False,53.498999999999995,-2.7005012481922233,12.703847467493377,-179.7224482249617,483.4406258445191,12.987705555555548,347.99908000000005,24.02243529991125,0.3514324530905384,236.38490368130383,-70.8156733213184
147112.0,1.9489,0.5873,8.8617,0.0392,0.0258,9.8065,0.1239,-0.177,0.1389,135.11,-83.97,46.37,52.818134,-1.639458,13.08,4,348.0,22 / 23,-26.871165465182486,12.152061310953297,-1.4473408999999409,-418.7870570069297,555.4815229821053,-29.612372848247904,False,53.59899999999999,-2.7521950128379515,12.806486101730513,-179.99127648986692,484.73026460354623,13.09888055554909,347.8712600000073,24.118970452344534,0.6544247907772167,238.79578051706275,-70.75125837855904
147212.0,0.1942,-0.3672,8.8419,0.0072,-0.0173,9.8066,-0.0076,0.2624,-0.2018,136.46,-83.95,47.96,52.818134,-1.639458,13.08,4,348.0,22 / 23,-26.91325680529319,12.048585589086986,-1.5428258999999354,-421.4762781204533,556.6915553271073,-29.76188118824789,False,53.698999999999984,-2.9023258089151085,12.679098910099128,-180.28671875299995,485.9871008593043,13.007050000004128,347.1067100000339,24.010930996378082,0.6305133210121419,241.18955936745334,-70.70445446780298
147312.0,1.8207,0.3634,9.9555,-0.0135,-0.0339,9.8065,0.0913,-0.0095,0.038,132.24,-83.78,47.22,52.818134,-1.639458,13.08,4,348.0,22 / 23,-26.954291823064434,11.955741800531271,-1.5836208999999446,-424.16965555187176,557.8917716965884,-29.918203528247922,False,53.79900000000001,-2.838080971054282,12.6926820146213,-180.56246934573608,487.25461182848306,13.006111111111112,347.39599999999126,24.116210852010152,0.7369402140900281,243.60718620613568,-70.63715986810536
147412.0,1.8219,1.0598,8.1749,-0.0157,-0.0045,9.8066,0.0571,-0.0553,0.1449,132.99,-83.59,47.38,52.818134,-1.639458,13.08,4,348.0,22 / 23,-26.998388196173025,11.754307756189194,-1.6577658999999403,-426.8672895528335,559.0772741744244,-30.080272868247906,False,53.899,-2.9412014378124054,12.826664837965554,-180.85132531640386,488.5442505875954,13.159561111108834,347.08517000000467,24.05718675836062,1.0723570817763601,246.01596423642962,-70.53302358682896
147512.0,3.4079,0.7973,9.3809,-0.05,0.0141,9.8064,-0.0021,0.0385,-0.1647,130.59,-83.43,44.91,52.818134,-1.639458,13.08,4,348.0,20 / 22,-27.075066329215566,11.477545964923442,-1.7606408999999343,-429.5709622791028,560.2388668604799,-30.25119320824789,False,53.998999999999995,-3.0290376481465686,12.810624154091157,-181.1469692007373,489.8231034383554,13.16386111111111,346.6968900000001,24.046028681068996,1.3330781891677148,248.4239930783655,-70.41576342212448
147612.0,0.6802,-0.089,9.5813,0.0071,0.0105,9.8066,0.1329,-0.1336,0.0493,122.43,-83.59,43.6,52.818134,-1.639458,13.08,4,348.0,20 / 22,-27.14884985954573,11.27985617491704,-1.7931958999999325,-432.2821580885407,561.3767369674719,-30.428885048247874,False,54.09899999999999,-2.9344522370948836,12.920082480930887,-181.4426802921155,491.11285339229266,13.249138888883918,347.2038399999702,24.214397622450846,1.6402263060138473,250.8394777964252,-70.2638835751792
147712.0,4.543,-3.3266,9.6632,-0.011,0.0291,9.8066,-0.0563,0.062,-0.0079,125.11,-83.57,46.75,52.818134,-1.639458,13.08,4,348.0,20 / 22,-27.40795055644998,11.1487061632918,-1.8116358999999314,-435.00999810934036,562.4981650843822,-30.609126638247858,False,54.198999999999984,-2.9738267850556657,13.01861481459919,-181.73839138352804,492.41372283945424,13.353949999995384,347.13277000000335,24.43412377139431,1.869908651307389,253.27160672581232,-70.08444224492797
147811.0,-1.3184,-1.028,9.5472,-0.02,0.0303,9.8065,0.0024,-0.3574,0.1607,125.82,-83.43,46.85,52.818134,-1.639458,13.08,4,348.0,20 / 22,-27.646189008156874,11.126757529571595,-1.831579449999935,-437.7351780177889,563.6008005371791,-30.789465798072882,False,54.298,-2.997546226418852,12.847142615699793,-182.03773165651953,493.69079657185824,13.19221111111599,346.86642000000796,24.648642781738022,1.7203850861281982,255.69744636126936,-69.91000396532087
147912.0,2.6935,-2.8058,11.4486,-0.0112,0.0509,9.8065,0.1409,-0.0178,0.0539,128.91,-83.29,46.41,52.818134,-1.639458,13.08,4,348.0,20 / 22,-27.81610013543547,11.1776143728381,-1.7617631999999355,-440.5360236195403,564.7271713182508,-30.970929601897875,False,54.399,-3.1666126906228893,13.035552424924893,-182.35649477162983,495.00456463051074,13.41466388888554,346.3462000000076,24.64948744481258,1.8579380520867925,258.17952884791043,-69.7226066877401
148012.0,-1.5028,2.0035,8.7889,-0.009,0.0049,9.8066,0.2115,-0.4109,0.1533,133.54,-83.33,47.35,52.818134,-1.639458,13.08,4,348.0,20 / 22,-27.858040813811538,11.12801515670814,-1.730553199999937,-443.3197306670025,565.842452794728,-31.14554542189786,False,54.498999999999995,-3.0724256877298926,13.157014229692232,-182.6590609838006,496.32756186760764,13.510994444444425,346.8557999999999,24.785615126081645,2.0289990729840923,260.6606696832019,-69.5148909271204
148112.0,-0.5216,-2.7389,9.2401,-0.0143,0.0358,9.8065,-0.0832,-0.162,0.2148,135.23,-83.47,49.51,52.818134,-1.639458,13.08,4,348.0,20 / 22,-27.78519427130434,11.20918643658565,-1.8097681999999324,-446.1018924212581,566.9593128743927,-31.322561491897844,False,54.59899999999999,-3.240988034892595,13.056285419587944,-182.98810678002553,497.63977319695755,13.452544444447907,346.0591000000467,24.544206236411746,1.8470989830022937,263.1137856412326,-69.31953967743516
148212.0,3.762,1.0783,11.2957,-0.0345,-0.0401,9.8065,-0.1489,-0.1719,0.2104,137.89,-83.76,48.44,52.818134,-1.639458,13.08,4,348.0,20 / 22,-27.94089319578103,11.137782692170578,-1.763643199999935,-448.8881967946122,568.0766613308305,-31.501232061897827,False,54.698999999999984,-3.1475074586844616,13.087862309843535,-183.29746090588876,498.9408650332757,13.461019444444041,346.47768999998107,24.793385737096568,1.950079617672957,265.59073588872343,-69.13579629755475
148312.0,0.545,-1.4683,8.4999,0.0325,0.0558,9.8064,-0.0126,-0.158,0.1364,140.43,-83.71,51.56,52.818134,-1.639458,13.08,4,348.0,20 / 22,-28.087406813880424,10.988880698897596,-1.7545281999999327,-451.6896117950959,569.1829945003841,-31.67714063189786,False,54.79900000000001,-3.223166286006507,13.170343607711768,-183.6199204096572,500.2638622710656,13.559011111108227,346.24836000000687,24.864240527873918,2.181462908814172,268.0696913854387,-68.9191322293185
148412.0,1.3195,-0.9035,11.2192,0.0386,0.0077,9.8065,0.1895,-0.0889,-0.1256,143.79,-83.86,51.49,52.818134,-1.639458,13.08,4,348.0,20 / 22,-28.2116187170653,11.002347777128492,-1.749238199999933,-454.504563071643,570.2825559241853,-31.852328951897842,False,54.899,-3.1694232597833496,13.221162275309856,-183.93586082799953,501.58708189731817,13.59574999999947,346.51923999999593,25.04219545728195,2.2188144981813647,270.5687022436435,-68.69547402686715
148511.0,1.7289,-0.5086,8.6195,0.0349,-0.0193,9.8066,0.2554,0.0181,-0.128,143.0,-84.06,51.37,52.818134,-1.639458,13.08,4,348.0,21 / 24,-28.351505169494658,10.944917088063512,-1.738080899999934,-457.30443770402746,571.3689455350122,-32.024951247347815,False,54.99799999999999,-3.2578880624745725,13.398726153789255,-184.25516159965548,502.90796643195074,13.78911666666659,346.33384000000007,25.093617107020087,2.4538090657257428,273.049276104372,-68.4609791030615
148612.0,0.7341,-0.5235,11.5765,0.0005,-0.0209,9.8066,0.149,0.0282,-0.1258,145.63,-84.2,55.17,52.818134,-1.639458,13.08,4,348.0,21 / 24,-28.459417071158434,10.88940538808435,-1.7086545499999342,-460.17338927718043,572.4715788200577,-32.19901138757281,False,55.09899999999999,-3.2841210265723846,13.437995795754684,-184.58763495627127,504.266657240649,13.833480555553198,346.2666400000037,25.175296044586048,2.548590407670334,275.58575432090913,-68.20492157940873
148712.0,-3.1526,-3.3391,10.4604,0.0057,0.013,9.8065,0.0544,0.0741,-0.2189,152.78,-84.2,59.5,52.818134,-1.639458,13.08,4,348.0,21 / 24,-28.420284979314193,11.084932476233572,-1.587474549999941,-463.0173743797039,573.5702957132736,-32.36381784257279,False,55.198999999999984,-3.385644157895807,13.309077401315292,-184.9236030803566,505.6011075549514,13.732963888893371,345.7274400000239,25.034640821418385,2.2241449250817205,278.0937712993473,-67.9691881583222
148812.0,1.1905,-1.5691,10.9744,0.0094,-0.0001,9.8065,-0.0504,0.157,0.0611,152.58,-84.25,59.31,52.818134,-1.639458,13.08,4,348.0,21 / 24,-28.42661869700949,11.32056327135871,-1.4963995499999203,-465.8597195635207,574.6905705006535,-32.51801154757282,False,55.29900000000001,-3.207275699429612,13.376732016562348,-185.23967791281902,506.9244383768223,13.755869444443737,346.51696999997654,25.21934299757988,2.056168745203639,280.62004165070164,-67.7661321238312
148912.0,0.5025,-2.7802,10.3761,0.0341,-0.0278,9.8065,-0.073,-0.1517,0.2299,148.99,-84.45,60.23,52.818134,-1.639458,13.08,4,348.0,21 / 24,-28.58903128589855,11.442475542460063,-1.4095395499999253,-468.7105020626659,575.8287224413443,-32.663308502572804,False,55.399,-3.0803536097084727,13.769962020465655,-185.53559062541777,508.29169119447266,14.110311111105856,347.39025999998717,25.508677676190075,2.327486478005593,283.17491143724817,-67.53703124687166
149012.0,-0.6407,-2.2754,10.8232,0.0169,-0.0469,9.8065,0.1807,0.0167,-0.1956,152.17,-84.65,64.74,52.818134,-1.639458,13.08,4,348.0,21 / 24,-28.687163878150713,11.637793090547909,-1.3302395499999298,-471.5743118208682,576.9827358729947,-32.80029745757279,False,55.498999999999995,-3.3290302127176075,13.278286665421172,-185.87122271418508,509.61535560182347,13.689288888888973,345.9248900000003,25.358133665433105,1.640493574873263,285.70308910668314,-67.36738027117121
149112.0,-0.4879,-0.3267,8.7708,0.0183,0.0049,9.8066,0.2114,0.0462,-0.0982,152.18,-84.5,69.04,52.818134,-1.639458,13.08,4,348.0,21 / 24,-28.67893072562609,11.752193093377956,-1.3312045499999297,-474.4426165510569,578.1522351821909,-32.93336966257277,False,55.59899999999999,-3.246672792040374,13.590775622095263,-186.18729754663713,510.98260841938367,13.973199999983192,346.56438999996186,25.432257933585714,1.838582528717307,288.2553190044198,-67.16962676280724
149212.0,4.5186,-0.3889,10.2733,0.0218,-0.0177,9.8066,-0.2339,0.1864,-0.1114,149.32,-84.49,69.86,52.818134,-1.639458,13.08,4,348.0,21 / 24,-28.849482780087875,11.65296145635579,-1.359664549999928,-477.31903722634246,579.3224929096775,-33.06791311757276,False,55.698999999999984,-3.3206308906239803,13.629683933046936,-186.52313125657594,512.3503060181389,14.02836111110879,346.3076600000117,25.528851889463894,1.9767224766911458,290.7959059697665,-66.97218689153863
149311.0,1.4068,0.9008,10.941,-0.0059,0.0044,9.8066,-0.0838,0.0219,0.1491,147.94,-84.4,67.06,52.818134,-1.639458,13.08,4,348.0,21 / 24,-29.066527427255803,11.455129718409166,-1.2804150499999136,-480.1858797316065,580.4663434228286,-33.19859705777277,False,55.798,-3.3451176593919314,13.722327493648498,-186.84921994192393,513.7152237421122,14.124166666663811,346.30010000000016,25.72140976786387,2.2671977752393317,293.3366597896826,-66.75111968071633
149411.0,-1.8747,-0.2074,10.1327,0.0126,-0.0004,9.8066,0.2004,-0.1026,-0.0468,153.08,-84.31,68.85,52.818134,-1.639458,13.08,4,348.0,21 / 24,-29.00352819226781,11.404899543730027,-1.2073950499999178,-483.0893825125825,581.6093448859355,-33.32298756277276,False,55.897999999999996,-3.358955112571888,13.711699823854243,-187.18512085894346,515.0831437293168,14.117127777777915,346.235320000001,25.644573079695924,2.3068002801242162,295.9042616536391,-66.52620115661864
149511.0,1.0117,-0.6952,11.1759,0.0411,0.0273,9.8064,0.1763,-0.1452,0.1179,162.76,-84.43,76.81,52.818134,-1.639458,13.08,4,348.0,22 / 22,-28.96705096240439,11.446121412419473,-1.1226300499999224,-485.98791147031596,582.7518959337428,-33.43948881777275,False,55.99799999999999,-3.3965303506119326,13.727491072658095,-187.5211561900826,516.4508413273657,14.141444444444435,346.1026800000001,25.570520611792457,2.2813696602386226,298.4667552802334,-66.30105460637719
149612.0,0.1128,0.4607,9.2497,0.0196,-0.0003,9.8066,-0.0448,0.1412,-0.0556,167.07,-84.62,82.92,52.818134,-1.639458,13.08,4,348.0,22 / 22,-29.013838367379364,11.409737820796105,-1.0816088999999227,-488.91594638147,583.9061168250203,-33.55080288474774,False,56.09899999999999,-3.3801371033004846,13.797464408136678,-187.86720537408058,517.8542324963121,14.205469444440741,346.2346399999921,25.63370126407888,2.3877265873405733,301.0487410073894,-66.05188432870818
149712.0,0.5983,-0.5438,10.0807,0.0065,0.0367,9.8066,-0.0788,0.1152,-0.0777,166.91,-84.52,82.23,52.818134,-1.639458,13.08,4,348.0,22 / 22,-29.037949015542424,11.37475731656208,-1.095753899999922,-491.8185357506159,585.0453415818881,-33.65967102474772,False,56.198999999999984,-3.4637012398544003,13.823315762014396,-188.21661491139037,519.2331607824249,14.250661111109133,345.9330600000135,25.574247775688022,2.4485584454523153,303.60192083922556,-65.81218079946325
149812.0,1.2193,0.4271,8.6805,-0.0207,0.0167,9.8065,-0.0564,0.1497,-0.0097,164.74,-84.52,79.77,52.818134,-1.639458,13.08,4,348.0,22 / 22,-29.114286584145763,11.327087995456596,-1.1383588999999315,-494.726147530601,586.1804338474893,-33.77137666474774,False,56.29900000000001,-3.3929808984546526,13.750402911758329,-188.55278465668874,520.6229861711223,14.162836111113712,346.13888999999386,25.72130568569111,2.4233149163017327,306.17336287391225,-65.55744767636702
149912.0,0.3392,-0.8036,8.6481,-0.0346,-0.0124,9.8065,-0.0611,0.0133,-0.0992,162.73,-84.41,77.47,52.818134,-1.639458,13.08,4,348.0,22 / 22,-29.182339327800136,11.293506803615106,-1.2525938999999249,-497.64097882619814,587.3114635874429,-33.89092430474773,False,56.399,-3.3675772093197125,13.934029467228024,-188.88881998782787,522.0239310515448,14.335194444441875,346.41324999999597,25.814762118480424,2.640522663612918,308.7521588383703,-65.2875325358981
150012.0,1.6876,-0.7063,9.8351,-0.0263,-0.0016,9.8066,0.1027,0.085,0.0446,162.63,-84.33,77.41,52.818134,-1.639458,13.08,4,348.0,22 / 22,-29.287715069899328,11.30533202907537,-1.3090988999999216,-500.56448154608296,588.4414055290773,-34.01900894474771,False,56.498999999999995,-3.5206681390254455,13.868429665234876,-189.23816231807172,523.4029705311821,14.308344444444447,345.7556700000002,25.76704693087388,2.5630976361595064,311.32631922801124,-65.03843499789525
150112.0,-2.083,0.5078,9.6123,0.0021,-0.013,9.8066,0.1614,-0.0081,-0.0406,162.91,-84.34,77.79,52.818134,-1.639458,13.08,4,348.0,22 / 22,-29.258001573033145,11.290140153501207,-1.317393899999921,-503.49176737822944,589.571179138206,-34.15033358474769,False,56.59899999999999,-3.377505593594722,13.87114717063199,-189.57433206334522,524.7927959197652,14.276430555557399,346.315279999967,25.88049597943842,2.5810070171307835,313.9174353148842,-64.77838321844081
150212.0,-0.8941,-1.5042,10.4877,0.0128,-0.003,9.8066,0.114,-0.1234,-0.0438,165.21,-84.27,80.88,52.818134,-1.639458,13.08,4,348.0,22 / 22,-29.113871104553823,11.35026845555198,-1.2930588999999224,-506.41036101210864,590.7031995686586,-34.28085622474768,False,56.698999999999984,-3.4965305363945167,13.87788301021612,-189.9236743936149,526.1827325026856,14.311586111109536,345.8586700000206,25.617340568159307,2.52761455466414,316.48668661849376,-64.5204670659731
150312.0,5.4161,-0.4264,8.9919,0.0615,0.0764,9.8061,0.1441,0.1702,-0.0653,172.58,-84.3,85.19,52.818134,-1.639458,13.08,4,348.0,22 / 22,-29.350667317514006,11.389290812194,-1.2997438999999238,-509.3335879332127,591.8401775320463,-34.4104963647477,False,56.79900000000001,-3.450434487075906,13.934838034954822,-190.2598441388739,527.5726690849001,14.355669444443157,346.092589999993,25.9002328304381,2.5455472227608222,319.07374379433884,-64.26750844714616
150411.0,-2.2507,-1.6475,11.501,0.0642,0.0273,9.8063,-0.1317,-0.006,0.1738,174.08,-84.69,91.94,52.818134,-1.639458,13.08,4,348.0,22 / 22,-29.508885145524054,11.436469330023392,-1.2562036999999284,-512.2471357801328,592.9700526590859,-34.53701577094768,False,56.897999999999996,-3.4328299964929916,13.926464265417794,-190.59910540920703,528.9596034052481,14.34331666666686,346.1528199999991,26.076055149031063,2.4899949353944013,321.64803037092577,-64.0104492538378
150511.0,3.693,0.4652,9.5099,0.0101,-0.0237,9.8066,0.2004,-0.0156,-0.0456,174.32,-84.99,92.29,52.818134,-1.639458,13.08,4,348.0,21 / 23,-29.57933885472274,11.456413101608135,-1.1863236999999325,-515.2015469801449,594.1146967806675,-34.65914214094767,False,56.99799999999999,-3.466284450639288,13.914819400868154,-190.94186144698475,530.3606594812956,14.340061111111112,346.0119000000001,26.11305440408345,2.4584062992600195,324.2596855331602,-63.75403729937193
150612.0,-0.1293,0.2608,9.9343,-0.0151,-0.0295,9.8065,0.1283,0.1401,-0.1989,177.73,-84.97,96.61,52.818134,-1.639458,13.08,4,348.0,21 / 23,-29.748965775924706,11.368965025321732,-1.1948632499999323,-518.1976263639926,595.2673783760774,-34.779392081922666,False,57.09899999999999,-3.4918107275183,13.833791541715101,-191.28804504510228,531.7537095216007,14.267675000004216,345.8337700000102,26.257155048406407,2.4648265163933694,326.90958131889033,-63.51366885447669
150712.0,0.9123,-0.7938,8.9327,-0.0011,0.013,9.8066,0.0377,0.1243,-0.1622,173.81,-84.9,96.23,52.818134,-1.639458,13.08,4,348.0,21 / 23,-29.784957452350167,11.358377881321477,-1.23217824999993,-521.1743225254062,596.4037455214095,-34.90074415692265,False,57.198999999999984,-3.397364953834604,13.846340175901263,-191.6174940837884,533.1435349102824,14.257044444444885,346.21413999998305,26.387592498515563,2.487962294579786,329.55682844161777,-63.26021061112715
150812.0,2.0026,0.6092,9.1341,-0.016,-0.0332,9.8065,-0.0877,0.1258,-0.0125,169.65,-85.1,92.09,52.818134,-1.639458,13.08,4,348.0,21 / 23,-29.91869164048321,11.313162630330895,-1.3095032499999475,-524.1595049800485,597.5373225469924,-35.02782823192267,False,57.29900000000001,-3.460510830093668,13.851002092755357,-191.96676920695253,534.5224631950032,14.27674444444386,345.97248000000724,26.458180810389543,2.5378394624244613,332.19273577309593,-63.01485935198923
150911.0,-1.6094,-1.3281,10.7686,-0.006,-0.0286,9.8065,-0.1402,-0.1006,0.1786,168.38,-85.25,89.59,52.818134,-1.639458,13.08,4,348.0,21 / 23,-29.935677519667234,11.315079786120192,-1.295177949999949,-527.1222962534756,598.6574205466067,-35.15675995132265,False,57.397999999999996,-3.395502089617777,13.784595562367823,-192.29299230641988,535.8874921152731,14.196638888890107,346.1620799999971,26.540175430049455,2.469515776247631,334.82930394705573,-62.7699284313336
151011.0,-0.3511,-3.1379,8.6667,0.0072,-0.0469,9.8064,-0.0087,0.0158,-0.0206,165.58,-85.54,87.27,52.818134,-1.639458,13.08,4,348.0,21 / 23,-29.88077163018353,11.521691350755765,-1.3040779499999484,-530.113118710968,599.7992591034504,-35.28672274632264,False,57.49799999999999,-3.4653921207228024,13.792727876402001,-192.63547951595828,537.2663092050826,14.221405555555544,345.8965000000001,26.415379509460728,2.2710365256462364,337.4776391950097,-62.53294989836775
151112.0,0.7723,-4.0216,8.5322,-0.0118,-0.0512,9.8065,-0.0425,-0.3217,0.1326,161.99,-85.77,86.65,52.818134,-1.639458,13.08,4,348.0,21 / 23,-29.989576650490164,11.83008912087581,-1.4260051499999473,-533.136571299142,600.9785240172678,-35.42459194287263,False,57.59899999999999,-3.384909441940695,13.845813230292158,-192.97500961449123,538.6589144663628,14.253569444442597,346.2622499999784,26.60466720854947,2.0157241094163485,340.1615616846508,-62.31960955090494
151212.0,-0.6648,-7.6806,11.0265,-0.0354,-0.0427,9.8065,0.0998,-0.0651,0.0581,159.77,-85.82,85.1,52.818134,-1.639458,13.08,4,348.0,21 / 23,-30.175317713145127,12.35164426136427,-1.4287351499999472,-536.1448160173236,602.1876106863797,-35.56732895787262,False,57.698999999999984,-3.377588580035315,13.809433429755712,-193.304391446084,540.0377315575508,14.216488888890549,346.2561000000004,26.79772913310981,1.457789168391443,342.8404245712396,-62.14987912882884
151312.0,1.4436,4.3917,9.1635,0.007,-0.0818,9.8062,0.0958,-0.8706,0.3706,154.02,-86.08,78.47,52.818134,-1.639458,13.08,4,348.0,21 / 23,-30.228859315132166,12.466024134470398,-1.3999001499999406,-539.1650248687381,603.4284941061717,-35.70876072287265,False,57.79900000000001,-3.418035148904513,13.762254581452058,-193.64035957016975,541.4055403491456,14.180361111112164,346.052060000006,26.810824166227654,1.2962304469816601,345.5246652985684,-62.02295375702613
151412.0,1.2731,-4.5423,10.0117,-0.0269,0.0535,9.8064,0.1532,-0.4018,0.2771,158.26,-85.45,77.95,52.818134,-1.639458,13.08,4,348.0,21 / 23,-30.323663531467464,12.396160780695212,-1.4218051499999393,-542.1926510110679,604.6716033519299,-35.849845987872634,False,57.899,-3.4419295605583526,13.742602641290452,-193.98304840086774,542.7842462453958,14.167075000000192,345.9391200000017,26.88173397090911,1.34644186059524,348.2096026102002,-61.88735710653407
151512.0,-3.15,5.2014,10.0725,0.0362,-0.0898,9.8061,-0.0172,-0.7986,0.3188,154.64,-85.62,79.88,52.818134,-1.639458,13.08,4,348.0,20 / 22,-30.196210875006415,12.387663812030734,-1.3982601499999407,-545.2186447313915,605.9107945815662,-35.99084925287262,False,57.998999999999995,-3.4713565878205923,13.557429700952866,-194.32580443863202,544.1300384419873,13.994794444444478,345.6380300000001,26.72485428718582,1.1697658889221323,350.89284029275944,-61.7807561395789
151612.0,0.4183,-0.9265,9.5237,-0.0152,0.0961,9.8061,0.0711,-0.9225,0.6149,158.32,-84.96,77.44,52.818134,-1.639458,13.08,4,348.0,20 / 22,-29.9620725147503,12.227096244145626,-1.3991151499999406,-548.2265589008791,607.1415325843749,-36.13071801787261,False,58.09899999999999,-3.562665839801822,13.57087839202288,-194.68186747550232,545.4865053525887,14.030730555553358,345.29048000002007,26.39940667494848,1.3437821478772545,353.5446914253768,-61.65502723178622
151712.0,-2.1704,6.0519,9.4244,-0.015,-0.0282,9.8065,0.0061,-0.1923,0.1546,147.07,-85.51,73.89,52.818134,-1.639458,13.08,4,348.0,20 / 22,-29.724313384040627,12.040392534849374,-1.4323751499999386,-551.2108781958185,608.3549070233246,-36.2722925328726,False,58.198999999999984,-3.6620818654167033,13.450179511674634,-195.04471842606299,546.8320751593237,13.939811111115164,344.769230000023,26.062231518623925,1.4097869768252593,356.1661597697555,-61.522831864000864
151812.0,0.9126,-2.3488,9.2968,-0.0334,0.1131,9.8059,0.0813,-0.8622,0.4032,146.09,-85.76,73.35,52.818134,-1.639458,13.08,4,348.0,20 / 22,-29.550515806957726,11.892405324975403,-1.4769801499999486,-554.1746196553692,609.551546916316,-36.417760297872626,False,58.29900000000001,-3.6749769443205107,13.54432686194967,-195.40098308413152,548.188542070723,14.034038888886084,344.81943999999834,25.875538862637214,1.6519215369742675,358.7736365712376,-61.36300484559308
151912.0,4.4852,-9.6403,9.8935,-0.0621,0.1031,9.8058,-0.1258,0.8123,-0.477,143.16,-85.14,74.93,52.818134,-1.639458,13.08,4,348.0,20 / 22,-30.09994959153619,12.191462965685057,-1.4981301499999475,-557.1571429252937,610.755740330849,-36.56651581287261,False,58.399,-3.6384778561406494,13.425006543586957,-195.76383403471877,549.5231035792646,13.909325000001866,344.8358399999998,26.46147173539554,1.2335435779018997,361.3933088905749,-61.23263675158444
152012.0,0.396,-3.8141,9.0294,-0.0322,0.0946,9.8061,-0.0435,-0.2711,0.1137,146.29,-84.99,74.22,52.818134,-1.639458,13.08,4,348.0,20 / 22,-30.668349225319083,12.56612445613527,-1.5326501499999454,-560.1955578661363,611.9936197019399,-36.71805482787259,False,58.498999999999995,-3.779516880404326,13.321778292865138,-196.14671269102368,550.8574426993291,13.847555555555566,344.1608200000001,26.888832344914757,0.7556538367298682,364.04884517511255,-61.13617700261079
152111.0,5.2119,-9.171,9.7375,-0.0994,0.171,9.8046,-0.2374,1.1572,-0.728,140.42,-84.7,73.64,52.818134,-1.639458,13.08,4,348.0,20 / 22,-31.254803676061993,12.874318541122097,-1.574546949999941,-563.2607539347543,613.2529216303041,-36.87186108432257,False,58.597999999999985,-3.796758084423339,13.268403236142762,-196.51937587323246,552.1675413248423,13.800938888891572,344.03150000000716,27.458045591638655,0.39408469502066446,366.7413780615219,-61.08538030546174
152211.0,-2.4281,4.9142,9.4268,-0.0023,-0.0223,9.8066,-0.0751,0.4364,-0.2996,131.96,-85.19,71.04,52.818134,-1.639458,13.08,4,348.0,20 / 22,-31.45824265260385,12.967045661631316,-1.596996949999946,-566.3964062511884,614.544989840442,-37.030438279322595,False,58.69800000000001,-3.8253598909611153,13.232573277498108,-196.90232173660277,553.50165805367,13.774411111112258,343.8761200000069,27.632882761642733,0.26552761586679274,369.49408451458567,-61.043331786772
152311.0,4.9528,-4.9582,8.6866,-0.0813,0.0836,9.8059,-0.1689,0.6892,-0.3939,132.1,-84.83,70.29,52.818134,-1.639458,13.08,4,348.0,20 / 22,-31.51712780148874,12.856720948188157,-1.6719919499999416,-569.5451747738929,615.8361781709328,-37.19388772432258,False,58.798,-3.9166297145931734,13.100197851875036,-197.29198830661218,554.8142029692604,13.673166666669687,343.3545800000155,27.600498086895566,0.24347690368687935,372.25318646728067,-61.02197520167249
152411.0,-3.697,2.8834,10.1484,0.0249,-0.1034,9.806,-0.0617,0.8216,-0.4546,131.17,-84.83,69.16,52.818134,-1.639458,13.08,4,348.0,20 / 22,-31.609559376500943,12.864832330402969,-1.7109069499999392,-572.7015091327922,617.1222558348624,-37.363032669322564,False,58.897999999999996,-3.9646395110695005,12.97177950002824,-197.68837558322122,556.1045088979619,13.564127777779403,343.0049200000052,27.644919865431444,0.10694716962527195,375.013133549571,-61.017746936900494
152513.0,2.2427,4.794,8.8768,-0.0221,-0.0253,9.8065,-0.0098,0.0233,0.0018,122.29,-84.94,63.64,52.818134,-1.639458,13.08,4,348.0,20 / 21,-31.199857217321895,12.666196047677246,-1.7409000499999403,-575.9047893790773,618.4243382821445,-37.53907482632256,False,59.0,-3.9963672275206905,12.905392244437927,-198.09282770779058,557.4201672699028,13.51,342.79400000000004,27.203489989801206,0.23919619676068038,377.8119616712868,-61.00417101224173
152612.0,-4.8976,2.1084,10.7438,0.0752,-0.1129,9.8057,0.0405,0.762,-0.5228,109.29,-85.16,59.96,52.818134,-1.639458,13.08,4,348.0,20 / 21,-30.84911154762846,12.6296702544741,-1.7405386999999404,-578.976213332942,619.6764836641008,-37.711406044447536,False,59.09899999999999,-3.908011212401122,12.9180545694788,-198.4787306820503,558.6971298072817,13.496250000000803,343.1682199999782,26.94110033522734,0.2883843150047003,380.49748265089175,-60.9793538568191
152712.0,-2.7982,0.5564,8.9099,0.0492,-0.0811,9.8061,0.0571,-0.6995,0.3101,121.42,-84.87,62.95,52.818134,-1.639458,13.08,4,348.0,20 / 21,-30.540770819606784,12.920738787319651,-1.7385186999999405,-582.0457074513037,620.9540041161904,-37.88535891444752,False,59.198999999999984,-3.8473266535868045,12.861502407623167,-198.8618781666203,559.9869909569425,13.424611111114286,343.3462399999923,26.69344416601998,-0.05923637969648432,383.1838292846834,-60.96701315924793
152812.0,5.5884,-7.1063,9.7377,-0.0329,-0.0682,9.8063,0.1714,-0.0851,-0.0116,128.82,-84.52,64.63,52.818134,-1.639458,13.08,4,348.0,20 / 21,-30.866890431734273,13.01532735013292,-1.7868036999999513,-585.1160905138714,622.2508074230633,-38.06162503444756,False,59.29900000000001,-3.8250624149816153,12.761202195444634,-199.2383049445784,561.2548355102093,13.322138888891889,343.31434000000104,27.041828016752657,-0.25412515468828545,385.877785569293,-60.995971912853975
152912.0,-1.2957,2.141,9.969,0.0516,-0.1063,9.8059,0.1723,-1.1642,0.4279,139.92,-84.64,60.61,52.818134,-1.639458,13.08,4,348.0,20 / 21,-31.174106344879164,12.9603850778249,-1.7821336999999515,-588.2181403527019,623.5495930444611,-38.24007190444755,False,59.399,-3.853167121230086,12.546696611816364,-199.6279715145615,562.5114493768114,13.12503611111402,342.92790000000576,27.320939223649077,-0.41368846600853715,388.59016883814036,-61.038143667649706
153012.0,2.8176,-10.7558,9.9523,-0.0038,0.0786,9.8063,0.1097,-0.704,0.5589,153.36,-83.94,64.43,52.818134,-1.639458,13.08,4,348.0,20 / 21,-31.4012399204305,13.31285742369454,-1.7667336999999523,-591.3469076659671,624.863255169537,-38.41751527444753,False,59.498999999999995,-3.8332016520580203,12.552755669228027,-200.00446549958548,563.7569437495941,13.124980555555554,343.01903999999996,27.56803826837248,-0.760101754466513,391.34244216638166,-61.10631141994281
153112.0,1.1905,4.4291,8.8492,-0.0206,-0.1385,9.8055,0.1566,-1.0526,0.5025,156.62,-84.46,61.22,52.818134,-1.639458,13.08,4,348.0,20 / 21,-31.717349559596506,13.475604027965131,-1.80732369999995,-594.5028371399683,626.2026782421199,-38.59621814444752,False,59.59899999999999,-3.8837999870469964,12.497765038048858,-200.39413206955413,565.0133352262499,13.087325000002197,342.7368600000165,27.83354957254951,-0.9778389899162736,394.10870507041415,-61.18934301587001
153212.0,0.4122,8.0569,8.6825,-0.0155,0.1376,9.8056,0.1977,-1.1775,0.7699,157.33,-83.66,62.08,52.818134,-1.639458,13.08,4,348.0,20 / 21,-31.531121030231706,12.840547461760556,-1.9114036999999442,-597.6652606694595,627.5184858166061,-38.782154514447505,False,59.698999999999984,-3.632113755784386,12.412999313566395,-200.75731905546098,566.2478213022316,12.933494444451258,343.69033999995753,27.89900727444732,-0.42754814819416076,396.9079416139985,-61.270664514374516
153312.0,-2.3695,2.9138,9.1001,-0.0219,-0.0209,9.8065,-0.1045,-0.0313,0.0872,152.36,-84.31,56.84,52.818134,-1.639458,13.08,4,348.0,20 / 21,-31.2045607453992,12.358950006526142,-2.002938699999965,-600.8020447582418,628.7784606900208,-38.977871634447546,False,59.79900000000001,-3.487763420652448,12.385035108048449,-201.10027671443825,567.4820849869574,12.866769444446366,344.2722199999832,27.71679732474675,0.02608510152230714,399.70176804380355,-61.296375703063404
153412.0,1.7155,5.838,8.8014,-0.0196,0.1423,9.8056,0.005,-0.9204,0.5021,148.56,-84.48,48.92,52.818134,-1.639458,13.08,4,348.0,20 / 21,-30.933090329369705,11.964661177041977,-2.08852869999996,-603.90892731198,629.9946412491992,-39.18244500444753,False,59.899,-3.334083144800622,12.311540700391298,-201.4297257530847,568.7163486723689,12.75501111111276,344.84724999999156,27.599007184569082,0.3468795233493207,402.47920155889534,-61.27829257683027
153512.0,-2.6127,-8.7655,9.0915,-0.0018,0.1239,9.8058,0.0556,-0.7952,0.5556,156.42,-83.77,47.94,52.818134,-1.639458,13.08,4,348.0,19 / 22,-30.890739481634206,12.09777394720397,-2.174548699999955,-607.0001188025301,631.1977630054114,-39.395598874447515,False,59.998999999999995,-3.3243766153311847,12.286516778547666,-201.75904037761134,569.9396040602863,12.728313888888895,344.85993,27.56636286630302,0.18874283134369563,405.2410784249188,-61.25815894512505
153612.0,-1.5795,-2.9265,9.3832,0.0231,0.0986,9.8061,0.028,-0.3028,0.0476,156.81,-83.37,47.0,52.818134,-1.639458,13.08,4,348.0,19 / 22,-30.914443284399088,12.688920037269199,-2.231478699999952,-610.0903779408316,632.437097704635,-39.615900244447495,False,60.09899999999999,-3.3072686288202946,12.237603373141551,-202.09500850165986,571.1627482531911,12.676630555558551,344.87682999999896,27.607174655578792,-0.45131666412764737,407.99536943917167,-61.27434945144387
153712.0,-1.4312,-5.5791,9.137,0.0289,0.1481,9.8054,0.0654,-0.6618,0.4187,159.12,-83.04,48.13,52.818134,-1.639458,13.08,4,348.0,19 / 22,-30.915790747764323,13.11188377403875,-2.2861336999999486,-613.1818896424395,633.7271378952004,-39.84178086444748,False,60.198999999999984,-3.2595912843495727,12.087859716417325,-202.4177368336941,572.3748841486824,12.519636111118057,344.9086799999986,27.65619946341475,-1.0240240576214248,410.7641528087454,-61.35225374651793
153812.0,1.8708,1.8252,9.4549,-0.0138,0.0116,9.8066,-0.0342,0.3851,-0.1496,150.09,-83.09,46.94,52.818134,-1.639458,13.08,4,348.0,19 / 22,-30.966081022319937,13.244580233308474,-2.3372036999999604,-616.2759832309445,635.044961095568,-40.072947734447524,False,60.29900000000001,-3.12697266277859,12.05672545216567,-202.72702375247772,573.58690884925,12.455630555557395,345.4604299999838,27.839108359541346,-1.1878547811428035,413.5489594784667,-61.45805224631806
153912.0,0.7755,-4.945,9.1612,0.0152,0.0351,9.8065,-0.0386,0.1512,-0.1691,154.19,-82.87,47.39,52.818134,-1.639458,13.08,4,348.0,19 / 22,-31.12514397160873,13.29756574351208,-2.3870636999999575,-619.3805444806408,636.372068394409,-40.309161104447504,False,60.399,-3.1691980029392606,12.070639132258455,-203.0494832562594,574.7879252523163,12.479749999999632,345.2887900000026,27.955945968669468,-1.2269266112536261,416.33106122438136,-61.58414314209267
154012.0,-0.6009,0.4439,9.7925,-0.0332,-0.0518,9.8064,-0.1112,0.3225,-0.1336,156.58,-82.55,46.3,52.818134,-1.639458,13.08,4,348.0,19 / 22,-31.213789561688547,13.466826424717274,-2.4200436999999555,-622.4974911573055,637.7102880028203,-40.549516474447486,False,60.498999999999995,-2.882061896092168,11.928853901394893,-203.3321561768195,575.9778221622563,12.27210000000004,346.4175799999998,28.33172766559638,-1.5379725233223809,419.165334980486,-61.73246584056403
154112.0,1.9044,2.8733,8.352,-0.0111,-0.0387,9.8065,0.0937,-0.2843,0.2207,126.14,-82.69,42.76,52.818134,-1.639458,13.08,4,348.0,19 / 22,-31.094576391520896,13.274639387144695,-2.4934836999999512,-625.6129094549658,639.0473612934134,-40.79519284444747,False,60.59899999999999,-2.9986207703083103,12.016454103424621,-203.63438635362405,577.1786161753802,12.384949999993298,345.98845000002575,28.095955621212585,-1.2581852837200742,421.97852310134175,-61.86874511803319
154212.0,0.6042,-1.9127,10.5232,-0.0299,-0.0242,9.8066,0.0948,-0.1302,0.0073,105.07,-82.47,40.41,52.818134,-1.639458,13.08,4,348.0,19 / 22,-31.10404494480211,13.098557565413955,-2.530388699999949,-628.7228405217818,640.3660211410412,-41.04638646444745,False,60.698999999999984,-2.9671398930814545,11.995722490270978,-203.93016465210323,578.3795213835209,12.357236111112393,346.10675999999455,28.136905051720653,-1.102835075142977,424.79267586967853,-61.98649975752028
154312.0,-0.3069,4.1118,7.8337,-0.0057,-0.047,9.8065,0.0929,-0.2338,0.191,103.02,-82.44,39.28,52.818134,-1.639458,13.08,4,348.0,19 / 22,-30.967659546959272,13.05906203644636,-2.593208699999963,-631.8264257463705,641.6739021211345,-41.302566334447505,False,60.79900000000001,-2.8890490994601725,11.939219498220698,-204.21922224395732,579.5694182927614,12.2837944444466,346.39707999999143,28.0786104474991,-1.1198425382256616,427.6072035024132,-62.10448382837308
154412.0,-1.7056,-0.228,9.4031,-0.0241,0.051,9.8064,0.0406,-0.4396,0.1495,108.98,-82.24,40.85,52.818134,-1.639458,13.08,4,348.0,19 / 22,-30.714305943728522,13.107112106355599,-2.712033699999956,-634.9105240209047,642.9822108282744,-41.567828454447486,False,60.899,-2.9346225783641504,11.764148367282125,-204.51486612826406,580.7371874127608,12.124655555557906,345.9931100000061,27.77968336536437,-1.3429637390734737,430.39565789264066,-62.24502341551363
154512.0,2.1853,-3.631,9.569,-0.0294,0.052,9.8064,0.0256,-0.2895,0.2057,112.41,-82.22,41.09,52.819176,-1.639904,11.75,4,346.14,22 / 23,-30.87469283944321,13.15206704223329,-2.7440936999999543,-637.9899739600631,644.2951697857038,-41.84063482444746,False,60.998999999999995,-2.9565899180274937,11.772311748153127,-204.810577219703,581.9267507379207,12.137905555555554,345.90188,27.918102921415716,-1.3797552940801623,433.1793967403602,-62.36841904778316
154612.0,-0.6389,0.6013,8.7927,-0.0122,0.0462,9.8064,-0.0628,-0.1418,0.0754,113.71,-82.12,40.98,52.819176,-1.639904,11.75,4,346.14,22 / 23,-31.011991834770694,13.128506293050792,-2.806673699999951,-641.0843081937736,645.6091984524679,-42.118173194447444,False,61.09899999999999,-2.852177720351245,11.729999303139277,-205.09298131197744,583.105528155343,12.071780555559421,346.3336299999748,28.159814114419447,-1.3985069899115157,435.99132688179617,-62.50367029712493
154712.0,0.3223,-2.6694,10.5614,-0.0375,0.0574,9.8064,-0.0792,0.2821,-0.0992,113.79,-82.03,40.83,52.819176,-1.639904,11.75,4,346.14,22 / 23,-31.06853359964869,13.175457165717326,-2.81963369999995,-644.1883344654944,646.9243966254063,-42.399488564447424,False,61.198999999999984,-2.8118066631795493,11.76337401085814,-205.37525099015247,584.2841943779251,12.094761111110062,346.5567899999903,28.25672693646914,-1.412083154859186,438.81308347534195,-62.64020224748117
154812.0,-0.4467,-0.4073,9.6674,0.0065,-0.0176,9.8065,-0.0111,0.1323,-0.1201,114.05,-82.24,40.23,52.819176,-1.639904,11.75,4,346.14,22 / 23,-31.174970644519313,13.233850291064975,-2.7888586999999427,-647.3005096777035,648.2448619982457,-42.679913184447486,False,61.29900000000001,-2.7527138021120843,11.734939307577548,-205.65086716875572,585.4628605998082,12.053475000001225,346.7985799999929,28.42225684240723,-1.498910983487427,441.6496425089478,-62.7820013984375
154912.0,3.6668,-1.9285,8.7523,0.0053,0.0476,9.8065,0.0108,-0.0888,0.0951,119.68,-82.17,41.8,52.819176,-1.639904,11.75,4,346.14,22 / 23,-31.32789646951029,13.140005666695622,-2.8485386999999394,-650.4256530334048,649.5635547961336,-42.961783054447466,False,61.399,-2.6648811491744464,11.7313589987346,-205.91310914117432,586.6305185241828,12.030230555555894,347.20194999999404,28.663015320335845,-1.4086466679610226,444.5125438922305,-62.93303627195087
155012.0,-1.0328,-1.6929,8.8477,-0.002,-0.0165,9.8066,-0.0531,0.1044,0.0005,122.61,-82.2,41.63,52.819176,-1.639904,11.75,4,346.14,22 / 23,-31.51568018753305,13.10427766473278,-2.9492036999999334,-653.5678318662568,650.875768962705,-43.25167017444744,False,61.498999999999995,-2.7088489507151423,11.685483711318104,-206.18187019901902,587.8090735532348,11.995350000000007,346.94860000000006,28.806831236817906,-1.418793953414676,447.3859616672378,-63.066695409470185
155112.0,-1.5569,-2.1988,10.5979,-0.0164,-0.0177,9.8066,-0.1052,0.0142,-0.0024,121.12,-82.23,40.56,52.819176,-1.639904,11.75,4,346.14,22 / 23,-31.5829552785812,13.303171186569362,-2.957588699999933,-656.7227636395623,652.19614140527,-43.54700979444742,False,61.59899999999999,-2.7527938034071298,11.686151820798242,-206.45735196346945,588.976731476846,12.005999999999357,346.74503000001175,28.83016147517407,-1.6170193657711192,450.26541167609287,-63.21940992842406
155212.0,1.334,-1.4208,9.2073,-0.0038,-0.0253,9.8066,0.0997,-0.0134,0.0387,120.98,-82.34,40.66,52.819176,-1.639904,11.75,4,346.14,22 / 23,-31.701803525604134,13.3927587833771,-2.9479936999999334,-659.8870015797714,653.5309379037673,-43.842288914447394,False,61.698999999999984,-2.748890502470953,11.590547775266373,-206.7329009350058,590.144278206288,11.912061111115287,346.6578600000038,28.95291302313318,-1.8022110081107279,453.15410064476566,-63.38665969747922
155312.0,-0.7749,-1.2497,8.651,0.0655,0.0084,9.8064,0.0944,-0.0137,-0.0649,122.84,-82.76,43.01,52.819176,-1.639904,11.75,4,346.14,22 / 23,-31.798460671727817,13.424871033652776,-3.035743699999953,-663.0620147896387,654.871819394619,-44.14147578444746,False,61.79900000000001,-2.7495710259862545,11.601563025724497,-207.00844990655563,591.3008166382375,11.922936111110761,346.66689999999966,29.04888964574156,-1.8233080079282793,456.05356488308314,-63.57100275638152
155412.0,-0.499,-0.951,9.5968,0.0196,-0.0012,9.8066,-0.129,0.0854,0.0078,123.92,-82.72,43.88,52.819176,-1.639904,11.75,4,346.14,22 / 23,-31.825772624243935,13.52407163733487,-3.104018699999949,-666.2432264544371,656.2192665281683,-44.448463904447436,False,61.899,-2.786844343675799,11.585717134090341,-207.28399887809235,592.4572438752618,11.916180555555659,346.47494000000285,29.038928280568136,-1.938354503244529,458.9592275763448,-63.76202265290647
155512.0,1.1927,0.0354,10.1277,-0.0002,-0.0142,9.8066,0.0092,-0.0776,0.0922,119.36,-82.68,42.67,52.819176,-1.639904,11.75,4,346.14,21 / 23,-31.848889405515447,13.504909723450108,-3.0984586999999495,-669.4269595559249,657.5707155962075,-44.75858777444741,False,61.998999999999995,-2.7273827276543665,11.54271500950553,-207.55954784962884,593.6136711129864,11.860561111111123,346.70565,29.12150667786108,-1.9621947139445783,461.867411706296,-63.957044483221125
155612.0,-1.2544,-2.5371,11.0475,0.0292,0.0128,9.8065,0.093,-0.0367,-0.1608,126.68,-82.69,45.36,52.819176,-1.639904,11.75,4,346.14,21 / 23,-31.911113973625426,13.563882504901898,-3.0203636999999537,-672.6149597248817,658.9241552076251,-45.06452889444739,False,62.09899999999999,-2.6884397249756953,11.566517877703824,-207.82844332160008,594.7700983499345,11.874849999999133,346.9149099999879,29.22267424864973,-1.997364627198074,464.78651640328167,-64.15405685769053
155712.0,1.2733,-0.9982,9.4811,0.0313,0.0389,9.8064,0.0475,0.0355,-0.0341,131.47,-82.74,51.21,52.819176,-1.639904,11.75,4,346.14,21 / 23,-32.02683825503227,13.657967883719932,-2.974598699999956,-675.8118573363145,660.2852477270561,-45.36427701444737,False,62.198999999999984,-2.641645405510511,11.45048394063744,-208.0906180869523,595.9155172894573,11.751250000005493,347.0090699999959,29.385192849521758,-2.207483943082492,467.72123924936216,-64.36973043759883
155812.0,1.0835,-0.546,9.976,0.0143,-0.0097,9.8066,-0.0424,0.1758,-0.169,125.75,-82.84,52.66,52.819176,-1.639904,11.75,4,346.14,21 / 23,-32.13197074564973,13.598194606982428,-2.982408699999958,-679.0197977863493,661.6480558515915,-45.66212738444743,False,62.29900000000001,-2.6175998887574643,11.471929078514247,-208.35272564525124,597.0608250333561,11.766774999999503,347.146619999996,29.514370856892267,-2.1262655284681813,470.66707214109806,-64.58723081823541
155912.0,-1.0074,-0.5751,9.5611,-0.0252,0.0113,9.8065,-0.1123,0.0515,-0.0663,130.45,-82.42,52.84,52.819176,-1.639904,11.75,4,346.14,21 / 23,-32.14658469254702,13.610305020536655,-2.9862186999999576,-682.2337255582589,663.0084808329674,-45.96055875444741,False,62.399,-2.681339835486635,11.479682347829494,-208.6214867031092,598.2171410761491,11.788669444444121,346.8529800000044,29.465244857060387,-2.1306226727071618,473.6122388551497,-64.79133975681827
156011.0,2.093,-0.8897,9.1861,-0.0041,-0.0327,9.8066,-0.01,0.0136,-0.0344,128.57,-82.28,50.39,52.819176,-1.639904,11.75,4,346.14,21 / 23,-32.207208864780874,13.595787820222238,-3.029090649999953,-685.4192383393463,664.3551824285848,-46.258316567272374,False,62.49799999999999,-2.69361564204621,11.449071171740846,-208.88762668537134,599.3511069382332,11.761666666666677,346.76082,29.513593222734663,-2.1467166484813927,476.53161165397495,-65.00407549035162
156112.0,-0.1025,-3.4908,10.5644,-0.0251,0.0014,9.8065,-0.0727,0.2396,-0.1057,123.58,-82.23,49.9,52.819176,-1.639904,11.75,4,346.14,21 / 23,-32.422977842569146,13.626976391356733,-3.0221620499999533,-688.6830627680674,665.7299320212695,-46.56390482862237,False,62.59899999999999,-2.733306963952332,11.412509118019264,-209.1657967324709,600.5078677601955,11.735261111112619,346.5313000000133,29.689670878616816,-2.214467273337469,479.51726603559655,-65.22206426107402
156212.0,0.7561,2.1675,9.4215,0.007,-0.0026,9.8065,0.0169,-0.1071,-0.0149,126.95,-82.21,48.33,52.819176,-1.639904,11.75,4,346.14,21 / 23,-32.472463977874966,13.616986149134604,-3.0035320499999543,-691.9278348590894,667.092130148294,-46.86518953362235,False,62.698999999999984,-2.756917699209836,11.433153299588847,-209.44134570400723,601.6531755047934,11.760849999998852,346.4428700000038,29.71554627866513,-2.183832849545757,482.4864891550822,-65.43895464350067
156312.0,2.5993,-0.9828,9.7132,-0.0245,0.073,9.8062,-0.0619,0.459,-0.2385,128.99,-82.21,48.67,52.819176,-1.639904,11.75,4,346.14,21 / 23,-32.500092724539535,13.4347242799992,-3.0274620499999596,-695.176462694211,668.444715669751,-47.16673923862241,False,62.79900000000001,-2.757449143777115,11.369068939421592,-209.72354817510276,602.7874749504911,11.69868611111295,346.3667600000022,29.74264358076242,-2.0656553405776084,485.45291451910816,-65.6572407192599
156412.0,-0.6697,2.2616,9.9977,-0.0211,-0.0266,9.8065,-0.1056,0.2225,-0.1221,123.06,-82.18,44.64,52.819176,-1.639904,11.75,4,346.14,21 / 23,-32.47804651181506,13.315191621869591,-3.0225820499999596,-698.4253696560285,669.7822114648443,-47.469241443622394,False,62.899,-2.7734673229158076,11.44999244476444,-210.00581785326477,603.943679797652,11.781105555554323,346.38381999999973,29.704579188899253,-1.8651991771051506,488.4195518027637,-65.83853166719234
156511.0,1.498,-2.1764,9.6907,-0.0181,0.0394,9.8065,-0.0248,-0.1457,0.1447,121.66,-82.0,44.05,52.819176,-1.639904,11.75,4,346.14,19 / 20,-32.467093746060065,13.261529654251078,-3.01886459999996,-701.6401540987929,671.0977591680121,-47.76829305279736,False,62.99799999999999,-2.7875089149649646,11.393083330007283,-210.27867854216535,605.0667485578452,11.729133333333353,346.2517000000001,29.679584831095102,-1.868446324243795,491.3614755566275,-66.03101061016685
156612.0,1.2007,-1.7673,10.8723,0.0031,-0.0456,9.8065,0.0603,0.0173,-0.0103,122.79,-82.27,41.46,52.819176,-1.639904,11.75,4,346.14,19 / 20,-32.67792081298063,13.238173959157448,-2.970904749999961,-704.9299773340244,672.4359942004892,-48.07077640497236,False,63.09899999999999,-2.7849435495215675,11.438458334373824,-210.56363650296964,606.2342952874737,11.772605555552959,346.31631999999604,29.892977263459063,-1.7997156247836248,494.3663408310548,-66.20169891301543
156712.0,1.0476,0.2136,10.0524,-0.0197,-0.0378,9.8065,0.0789,-0.1662,0.0674,118.62,-82.32,40.6,52.819176,-1.639904,11.75,4,346.14,19 / 20,-32.77009799525394,13.171398438611963,-2.9053347499999647,-708.202378274436,673.7564728203776,-48.36458837997234,False,63.198999999999984,-2.8337307009905506,11.452430594259075,-210.84590618113154,607.3797142269965,11.797805555554456,346.10217000000955,29.93636729426339,-1.7189678443528873,497.35647209330443,-66.37675859338106
156812.0,-0.1174,-1.7766,10.0554,-0.0096,0.0111,9.8066,0.1836,-0.3553,0.1415,126.84,-82.4,41.4,52.819176,-1.639904,11.75,4,346.14,19 / 20,-32.823587447039586,13.164158919590635,-2.880609749999959,-711.4820625465514,675.073250688288,-48.6538856049724,False,63.29900000000001,-2.799158223489137,11.444767979182886,-211.1215223597347,608.5250219708953,11.782105555556024,346.25641999999544,30.02442922355045,-1.7193909404077488,500.3605401868167,-66.5482287173927
156912.0,-0.2556,1.6537,10.0334,0.0114,0.0203,9.8066,0.0681,0.1134,-0.0745,129.46,-82.68,43.64,52.819176,-1.639904,11.75,4,346.14,19 / 20,-32.790801034333114,13.162542007854045,-2.85683474999996,-714.7627819706199,676.3895857346602,-48.940757829972384,False,63.399,-2.8492995571471007,11.536206950216004,-211.41037833037603,609.681338012988,11.882869444442946,346.12633000000193,29.941501477186012,-1.626335057638041,503.3524036402439,-66.70824772167214
157012.0,-0.9683,0.3851,10.8023,0.0009,0.0514,9.8065,0.03,-0.1382,0.1541,124.06,-82.87,46.55,52.819176,-1.639904,11.75,4,346.14,19 / 20,-32.64699821111754,13.132999452979282,-2.7957147499999633,-718.0346719328923,677.7043628077017,-49.22338530497236,False,63.498999999999995,-2.7831678826674544,11.480112291751416,-211.68606171605836,610.8267569525111,11.812663888888903,346.37249999999995,29.863830328450085,-1.6528871612278664,506.3486102168339,-66.87760585519061
157112.0,2.9911,-2.391,9.5264,0.0123,0.0327,9.8066,0.0258,0.0759,-0.1286,124.18,-83.11,45.47,52.819176,-1.639904,11.75,4,346.14,19 / 20,-32.75732846238554,13.090904691048603,-2.759944749999965,-721.3048882665672,679.015558014903,-49.50116827997234,False,63.59899999999999,-2.923899295476092,11.72427256663864,-211.98157118623809,612.0160978870297,12.083369444428616,345.9968200000221,29.833429166909447,-1.3666321244099642,509.32331708032916,-66.99946012787336
157212.0,1.8287,1.3475,9.7067,0.0058,0.0366,9.8065,-0.0458,-0.0487,0.1672,118.57,-83.31,43.55,52.819176,-1.639904,11.75,4,346.14,19 / 20,-32.89464046759321,12.90840925439837,-2.778954749999964,-724.5874867130659,680.3155237121753,-49.77811325497232,False,63.698999999999984,-2.777111250256534,11.418574954287136,-212.25732177896103,613.1508421138265,11.751436111125972,346.330589999985,30.117529217336678,-1.4898343001112337,512.3301649341049,-67.1646815983488
157312.0,1.1334,0.3529,10.5671,-0.0039,0.0,9.8066,-0.0265,-0.1764,0.0316,114.77,-83.34,42.59,52.819176,-1.639904,11.75,4,346.14,19 / 20,-32.855735402193346,12.726137973525159,-2.7459297499999566,-727.875005506556,681.5972510735718,-50.054357479972374,False,63.79900000000001,-2.8862365442135087,11.616516432491915,-212.5461777496285,614.3180552592028,11.96970555554902,346.0469000000085,29.969498857979836,-1.1096215410332437,515.3288277569275,-67.27919581436902
157412.0,0.2951,-1.3083,9.8312,-0.0159,0.0572,9.8064,0.0358,-0.4321,0.2193,115.7,-83.2,44.47,52.819176,-1.639904,11.75,4,346.14,19 / 20,-32.89733730998596,12.672240376179383,-2.706679749999959,-731.1626591421648,682.8671699910569,-50.32698795497235,False,63.899,-2.8210976216969157,11.629717059630297,-212.82851463488356,615.4856019893601,11.966994444444518,346.3647599999953,30.076239688289043,-1.0425233165490866,518.3341445072813,-67.38156800169679
157512.0,-1.5933,1.8378,9.9487,-0.0098,-0.0009,9.8066,0.0207,-0.0272,-0.0252,117.95,-83.3,44.0,52.819176,-1.639904,11.75,4,346.14,19 / 21,-32.81300461403208,12.703628178589554,-2.6983497499999594,-734.4481762383655,684.1359634187953,-50.59723942997233,False,63.998999999999995,-2.8355478947426627,11.73821477076134,-213.11078431304577,616.6641570170187,12.075844444444423,346.41948,29.977456719289417,-0.9654134078282137,521.3373919253197,-67.47180640177658
157612.0,1.2928,-0.639,10.642,-0.0253,0.0591,9.8064,0.1196,-0.3113,0.1501,124.63,-83.16,47.59,52.819176,-1.639904,11.75,4,346.14,19 / 21,-32.7273478345636,12.682538968399795,-2.649479749999962,-737.7251938607951,685.4052717761447,-50.864630904972316,False,64.09899999999999,-2.7420509828137156,11.853001934872882,-213.37974699204355,617.8538315370174,12.16604444443925,346.9743999999677,29.985296851749887,-0.829537033526913,524.3454468687515,-67.55144023912726
157712.0,0.9612,-5.4801,11.2111,0.0079,0.0336,9.8066,0.0115,0.2959,-0.2141,127.96,-83.39,48.64,52.819176,-1.639904,11.75,4,346.14,19 / 21,-33.00704437204291,12.762195680700211,-2.5374897499999682,-741.0119134711252,686.6775085085995,-51.1239793799723,False,64.19899999999998,-2.695642293513205,11.728604335226178,-213.6485752569542,619.0326089538241,12.034394444450331,347.0562299999966,30.311402078529706,-1.0335913454740329,527.3633382141711,-67.6448995547754
157811.0,1.5112,-0.7503,10.5797,0.0253,0.0638,9.8064,0.128,-0.0134,0.0696,132.4,-83.85,50.61,52.819176,-1.639904,11.75,4,346.14,19 / 21,-33.30056364547689,12.843643142301113,-2.4297034999999485,-744.2941400679931,687.9449975303384,-51.369855445847335,False,64.298,-2.738413748939562,11.740517697020609,-213.921301531722,620.1885914115979,12.055649999999323,346.8708000000056,30.56214989653733,-1.1031254452805044,530.372838536271,-67.75640611874041
157913.0,4.5789,-5.5397,9.2034,0.0255,0.0638,9.8063,-0.0073,0.6108,-0.3606,145.14,-83.99,56.82,52.819176,-1.639904,11.75,4,346.14,19 / 21,-33.70874735517916,12.88873947838271,-2.421043699999948,-747.7116149290267,689.2573490439933,-51.61724355304734,False,64.4,-2.656082169352929,11.877759603082437,-214.1889200694524,621.4017280605018,12.171111111109445,347.3949999999923,31.052665185826235,-1.010979875300274,533.5226948595744,-67.85562098349146
158012.0,-3.4265,0.0733,10.3904,0.0173,-0.0421,9.8065,0.0103,0.5826,-0.2879,150.31,-84.31,58.27,52.819176,-1.639904,11.75,4,346.14,19 / 21,-33.88145186730204,13.039896796049273,-2.4220089499999475,-751.0573297905391,690.5408165395775,-51.85697465922231,False,64.499,-2.6828961099980995,12.004487376760483,-214.45506005171427,622.601632514063,12.300636111111086,347.40193,31.19855575730394,-1.03540941928879,536.6022697388248,-67.93918402551446
158112.0,-1.022,-7.7834,10.3065,0.0135,0.0229,9.8066,0.0759,0.3621,-0.2234,156.68,-84.2,60.81,52.819176,-1.639904,11.75,4,346.14,19 / 21,-33.81952758282631,13.471790039673774,-2.3678289499999505,-754.4423787630453,691.8664008813636,-52.09646655422229,False,64.59899999999999,-2.727459427874916,11.954321148093447,-214.7238883166192,623.7916406202421,12.261519444446801,347.1475700000148,31.092068154951395,-1.517468891580327,539.7184904464261,-68.07476026112147
158212.0,1.1128,2.0706,10.8642,0.0087,-0.1277,9.8057,0.057,0.8735,-0.5143,158.19,-84.77,62.22,52.819176,-1.639904,11.75,4,346.14,19 / 21,-33.92334589293997,13.703975342214028,-2.289958949999955,-757.8295224368335,693.2251891504579,-52.32935594922227,False,64.69899999999998,-2.6255174747766845,11.937003997851853,-214.9860630819847,624.9924346320645,12.222336111112833,347.59544999998,31.297828418163284,-1.7669713443621742,542.8434593548488,-68.23275451839345
158312.0,-0.6981,3.9094,9.5935,0.0369,-0.0781,9.8062,0.1082,-0.342,0.189,162.7,-84.78,67.42,52.819176,-1.639904,11.75,4,346.14,19 / 21,-33.830113213731074,13.381499546652451,-2.2477389499999454,-761.2171953921678,694.5794628949016,-52.556240844222316,False,64.799,-2.6519861145516423,11.917512983804542,-215.24817064027053,626.1823315419912,12.209019444444824,347.45447000000433,31.17812709917943,-1.463986562847909,545.9690247518972,-68.39713135291038
158413.0,-0.6996,-5.6495,9.6302,-0.0011,-0.0822,9.8062,-0.0112,0.2106,-0.1685,159.46,-84.61,68.85,52.819176,-1.639904,11.75,4,346.14,19 / 21,-33.78996513156277,13.453139664114996,-2.267413749999945,-764.6320093486052,695.9346121750453,-52.78425605557231,False,64.9,-2.6045407209854807,12.03529090635503,-215.5061785675405,627.4062541004153,12.313888888887366,347.7889999999951,31.185424410577287,-1.417848757759966,549.1258307810647,-68.52835807463009
158512.0,-1.3432,4.3596,10.837,0.0097,-0.0832,9.8062,0.0615,-0.5831,0.4512,154.13,-85.04,67.43,52.819176,-1.639904,11.75,4,346.14,19 / 23,-33.68502715704342,13.533867592884109,-2.2251456999999495,-767.9720214668909,697.2704690342666,-53.00663774834728,False,64.999,-2.554741336014457,11.933771633136312,-215.75901155068405,628.5841419575738,12.204163888888909,347.91670999999997,31.130285821028963,-1.6000959597477973,552.2130099162068,-68.6863270766928
158612.0,1.383,-3.888,9.694,0.0353,0.0223,9.8065,0.0558,-0.4662,0.1003,146.66,-85.14,72.56,52.819176,-1.639904,11.75,4,346.14,19 / 23,-33.6742469563898,13.46510003197633,-2.179260699999952,-771.3399851725624,698.6204174155096,-53.22685806834726,False,65.09899999999999,-2.294533561205548,11.740289177401458,-215.98113090455877,629.729894481787,11.962430555569586,348.9416599999403,31.379713395184254,-1.7248108545748728,555.3588542680036,-68.89052293372254
158712.0,0.3899,5.9826,11.5335,-0.0065,0.0293,9.8066,-0.1692,0.1502,-0.1112,149.97,-84.93,75.06,52.819176,-1.639904,11.75,4,346.14,19 / 23,-33.68520682205372,13.29512585983952,-2.0985506999999566,-774.7079578614844,699.9584287101003,-53.440748638347245,False,65.19899999999998,-2.2447517115472593,11.569061676262208,-216.19626072354623,630.8531856306832,11.784825000007778,349.019319999997,31.440455110506463,-1.7260641835773107,558.5116971379382,-69.10524307941705
158812.0,0.1949,0.7051,8.3263,-0.047,0.0952,9.806,0.0103,-0.4654,0.3181,145.39,-84.66,75.77,52.819176,-1.639904,11.75,4,346.14,19 / 23,-33.51927493035846,12.9664414698183,-2.0862256999999538,-778.0681819491058,701.2715070765835,-53.64998745834729,False,65.299,-1.8693258619865747,11.497276063184678,-216.35809533903566,631.9652460922226,11.648305555559528,350.7653699999486,31.64994906837189,-1.4691654066336213,561.7100866100701,-69.30626098436085
158912.0,6.2134,-5.5712,10.6479,-0.0874,0.0834,9.8059,0.2353,-0.8839,0.3939,141.26,-84.66,74.65,52.819176,-1.639904,11.75,4,346.14,19 / 23,-33.900934228971394,12.931023402241836,-2.118180699999952,-781.4391924070721,702.5663803201865,-53.860207778347274,False,65.399,-1.3520627120345874,11.010854626319542,-216.4462038028572,633.000137274929,11.093644444452654,353.0005999999671,32.548871516936806,-1.9201687759222938,564.9929886042149,-69.56624304525747
159011.0,0.6956,2.2496,11.0345,-0.062,-0.0156,9.8064,0.1473,0.1888,-0.286,139.75,-84.91,74.85,52.819176,-1.639904,11.75,4,346.14,19 / 23,-34.24384967408422,12.824062829729689,-2.0157602499999627,-784.812359210273,703.841257088669,-54.06483785537225,False,65.49799999999999,-1.1786698749397644,11.061614199236166,-216.54587188208586,634.0783944785451,11.124261111111094,353.91773999999964,33.06517979914445,-1.7624486304935232,568.2664873281872,-69.76286261012388
159111.0,3.1473,-11.4034,6.9348,-0.073,0.1271,9.8055,0.1254,1.1921,-0.8711,142.51,-84.27,72.17,52.819176,-1.639904,11.75,4,346.14,19 / 23,-34.64572287333662,13.04953382400948,-2.097960249999958,-788.2568378376438,705.1349369213558,-54.27052388037223,False,65.59799999999998,-0.9245101249051639,10.48266334868034,-216.58740584901463,635.0482366284107,10.523388888924,354.9610799999402,33.721212748431455,-2.5668704753291394,571.6694319886292,-70.08670029294512
159212.0,-1.3602,4.6677,11.2718,0.0201,-0.0999,9.806,0.0543,1.0028,-0.6543,141.17,-85.04,69.24,52.819176,-1.639904,11.75,4,346.14,19 / 23,-34.897180568491294,13.245803284847613,-2.1689985999999575,-791.7687544614561,706.4628514453531,-54.48600530229722,False,65.69899999999998,-0.665373992818046,9.754724570623923,-216.5815588342529,635.9262317689615,9.777411111143692,356.09871999995045,34.23180657567325,-3.49107871422369,575.1871956272032,-70.53661967639152
159312.0,1.57,-9.7978,10.7829,0.0564,0.1239,9.8056,0.1187,0.6175,-0.4175,151.81,-84.72,76.67,52.819176,-1.639904,11.75,4,346.14,19 / 23,-34.976923847492394,13.476466581703848,-2.0469285999999296,-795.262459682256,707.7989649386809,-54.69680166229726,False,65.799,-0.5623597566785196,9.2201887325867,-216.58814512674525,636.7715356015514,9.237325000015701,356.5099599999882,34.414564090813876,-4.256277849117149,578.6743145555108,-71.02742933712955
159411.0,-1.3322,4.18,10.3539,0.0576,-0.1062,9.8059,-0.1941,0.9858,-0.5623,156.5,-84.65,78.36,52.819176,-1.639904,11.75,4,346.14,19 / 23,-35.113624796288676,13.676422970513297,-1.9715153499999376,-798.7319418401228,709.1430329715155,-54.89571463782223,False,65.898,-0.005178663159820851,9.06990074599815,-216.48283165395398,637.6299604350178,9.0702444444469,7.168500005304907,35.10844613312886,-4.606522224515146,582.2491101861688,-71.5130725364977
159512.0,0.3816,3.6261,9.7736,0.0154,-0.0188,9.8065,0.0905,0.1447,0.0206,153.69,-85.01,79.58,52.819176,-1.639904,11.75,4,346.14,18 / 20,-34.88603196961192,13.308771480739145,-1.9455482499999377,-802.2669245068007,710.5057852913037,-55.09352634962222,False,65.999,-0.2663673796095356,9.300691576086834,-216.5738300216205,638.6050287471973,9.3045444444444,354.75995999993074,34.61966459000239,-4.008079904652311,585.6930944851802,-71.90075654410646
159612.0,5.073,-9.2815,9.6474,0.076,-0.1312,9.8054,-0.1822,0.7922,-0.4976,152.4,-85.42,83.34,52.819176,-1.639904,11.75,4,346.14,18 / 20,-35.24391401832675,13.404257982841603,-1.9551632499999372,-805.7734218061975,711.8414367644826,-55.28856192462221,False,66.09899999999999,-0.29755441994754095,9.544031904586124,-216.62134541745863,639.5944412043802,9.548669444430347,358.21430000000754,34.94635959837921,-3.8602260782554794,589.1520763887388,-72.24699556010239
159712.0,-2.8133,5.6233,8.9691,0.0179,-0.1206,9.8058,0.0487,-0.8965,0.6022,147.95,-85.12,79.67,52.819176,-1.639904,11.75,4,346.14,18 / 20,-35.395294742972325,13.508044838543446,-2.0050032499999344,-809.3053822442622,713.1870519055518,-55.48657024962219,False,66.19899999999998,-0.5296287541950869,10.215520415342786,-216.74823235848945,640.7161756242925,10.229261111080996,357.0329200000524,34.86566598877724,-3.2925244232006605,592.5571498857728,-72.47087628125928
159812.0,1.9832,-7.6388,9.4717,-0.0268,-0.0191,9.8066,-0.0278,0.0271,0.0327,153.57,-84.71,74.0,52.819176,-1.639904,11.75,4,346.14,18 / 20,-35.365962946203574,13.615773729542989,-2.063628249999948,-812.8434451287218,714.5432428339565,-55.69000182462223,False,66.299,-0.6494863700761344,10.771769910372782,-216.862618785215,641.8942858729382,10.791336111094743,356.5497600000139,34.71647657612744,-2.844003819170206,595.9808263435068,-72.64895696101826
159912.0,-2.1315,0.4816,10.5661,0.03,-0.1277,9.8057,-0.0083,0.7363,-0.4578,157.46,-84.76,74.97,52.819176,-1.639904,11.75,4,346.14,18 / 20,-35.49964757189313,13.904221793108867,-2.042403249999949,-816.3867256546264,715.919242610089,-55.895303399622215,False,66.399,-1.1672768922496704,11.194573435975999,-217.13655478715742,643.1059769873312,11.255369444437642,354.0482200000371,34.33237067964346,-2.7096483571328687,599.250170867469,-72.81326562275774
160012.0,2.4687,-5.2328,9.7488,0.0079,0.0442,9.8065,0.0928,-0.388,0.2868,163.95,-84.65,78.38,52.819176,-1.639904,11.75,4,346.14,18 / 20,-35.56811817538451,14.110668698736358,-2.007323249999951,-819.94011394199,717.3199871346811,-56.097789724622196,False,66.499,-1.2562724166574684,11.272434971043962,-217.2923407666699,644.2519519021768,11.342224999999983,353.64086000000003,34.311845758727046,-2.838233727692396,602.6477731753201,-73.06803523250437
160112.0,0.5648,0.6798,10.4143,0.0192,-0.0644,9.8064,-0.0929,-0.2484,0.3112,161.96,-84.78,80.91,52.819176,-1.639904,11.75,4,346.14,18 / 20,-35.7617279278278,14.256835478188206,-1.9798332499999525,-823.5066062471504,718.7383623435272,-56.29714754962218,False,66.59899999999999,-1.8800979016045432,11.945262581790827,-217.68644300302475,645.56238411201,12.092430555511857,351.05706000015044,33.881630026223256,-2.3115728963973794,605.8201632441258,-73.1759782315172
160212.0,-0.7874,1.6117,8.9489,-0.0204,0.0402,9.8065,-0.1089,-0.1464,0.1406,160.34,-84.56,78.75,52.819176,-1.639904,11.75,4,346.14,18 / 20,-35.699248545227576,14.123490026056748,-1.9923382499999516,-827.079655070803,720.1573786187394,-56.49575612462217,False,66.69899999999998,-2.2800402573477347,11.921535576796916,-218.02973669732194,646.7644012694137,12.137674999998328,349.1727700000825,33.41920828787984,-2.2019544492598317,609.0499183734811,-73.39297734932563
160313.0,-0.9641,-0.8367,11.0694,-0.045,-0.0538,9.8063,0.059,0.1355,-0.1528,156.05,-84.75,73.86,52.819176,-1.639904,11.75,4,346.14,18 / 20,-35.59079881407096,14.089483987295417,-1.9718857499999518,-830.6798024624476,721.5821338064136,-56.695949436622165,False,66.79999999999998,-3.4602585546880666,11.73954905305832,-218.6985142133511,647.9439570509468,12.238888888885937,343.57700000016325,32.13054025938289,-2.349934934237096,611.9812882490965,-73.63817675546682
160412.0,1.4382,-3.3702,10.2804,-0.0133,-0.0134,9.8065,0.0562,-0.294,0.1016,150.21,-84.47,70.75,52.819176,-1.639904,11.75,4,346.14,18 / 20,-35.690260665044,14.229113107034184,-1.8859289999999362,-834.2082149066645,722.9839043625832,-56.88691126674719,False,66.899,-3.9861380124806036,11.62087402235599,-219.22414067834634,649.0668034205994,12.285638888888194,341.0673500000372,31.7041226525634,-2.6082390846781944,614.9840742283181,-73.91710094198379
160513.0,-0.821,-0.4439,9.8958,0.0,0.0205,9.8066,0.0113,0.2186,-0.1969,148.07,-84.41,71.99,52.819176,-1.639904,11.75,4,346.14,18 / 23,-35.79384856113602,14.355480248190993,-1.8575025499999365,-837.8181624225865,724.4274263270221,-57.07595456002218,False,67.0,-3.3053655769569157,12.088183898390621,-219.39746770215334,650.3680064527877,12.531944444444445,344.707,32.48848298417911,-2.2672963498003718,618.4206947204332,-74.05941987423444
160612.0,3.0847,2.4315,9.4706,-0.0176,0.0482,9.8064,-0.0575,-0.4112,0.3893,152.56,-84.47,73.39,52.819176,-1.639904,11.75,4,346.14,18 / 23,-35.831312287998735,14.192358549304496,-1.8697240999999352,-841.3636078846183,725.8405443474979,-57.26045227919715,False,67.09899999999999,-2.476980889788022,12.832326593080735,-219.4906166959356,651.7220270740712,13.069569444413093,349.0728999997454,33.35433139821071,-1.3600319562237608,621.8729911886827,-74.11851727342673
160712.0,-2.4072,7.5795,9.7503,-0.0451,-0.0388,9.8064,-0.0778,-0.2242,0.2477,144.85,-84.51,68.04,52.819176,-1.639904,11.75,4,346.14,18 / 23,-35.57495818887999,13.74707579511212,-1.889344099999934,-844.9339214084621,727.2375160647186,-57.44840568919714,False,67.19899999999998,-2.488439210478211,12.547369475262437,-219.7510440775557,652.9906499918185,12.791750000012577,348.7823800000149,33.08651897840178,-1.1997063198496836,625.1828773309064,-74.24686607290016
160812.0,1.489,-2.2657,9.9386,-0.0595,0.107,9.8058,0.1396,-0.723,0.4958,144.67,-84.14,66.45,52.819176,-1.639904,11.75,4,346.14,18 / 23,-35.362223072803715,13.531557609784477,-1.8855640999999332,-848.4807804715471,728.6014477349638,-57.637151099197176,False,67.299,-2.401347897586815,12.787283958270084,-219.986537637619,654.3133136441269,13.010813888882346,349.36408999998275,32.9608751752169,-0.7442736515143924,628.4942428339281,-74.28813409083693
160912.0,2.9788,-3.9765,10.7073,-0.0412,0.019,9.8065,0.0768,-0.5327,0.371,141.01,-84.54,62.91,52.819176,-1.639904,11.75,4,346.14,18 / 23,-35.70615507747281,13.61821677901137,-1.833934099999936,-852.0341993790607,729.9589364544036,-57.82312600919716,False,67.399,-2.672636928100449,12.47950766668528,-220.28829736499296,655.5704834846657,12.762530555559273,347.91173000002163,33.033518149372355,-1.1387091123260902,631.7459020140677,-74.38845296973784
161012.0,-0.6701,3.4585,9.511,-0.0292,0.046,9.8064,-0.0443,-0.1726,0.2956,136.74,-84.95,58.08,52.819176,-1.639904,11.75,4,346.14,18 / 23,-35.77936242203747,13.554199043758075,-1.8036840999999377,-855.6084752540361,731.3175572455419,-58.00500691919714,False,67.499,-2.871917043601567,12.503706722527795,-220.60403616213628,656.8379944545446,12.829299999999986,347.0644100000001,32.9074453784359,-1.05049232123028,635.0044390918998,-74.4795627909973
161111.0,-3.0754,-0.7355,11.5868,-0.0387,-0.0368,9.8064,0.0055,-0.0092,0.0013,131.24,-84.95,52.02,52.819176,-1.639904,11.75,4,346.14,18 / 23,-35.53866403222175,13.571248563955935,-1.7302013499999456,-859.1387175635216,732.6602669021237,-58.17993424897212,False,67.59799999999998,-3.0288674105850766,12.408770233525091,-220.92333693376932,658.0711461903912,12.773105555558875,346.28278000004514,32.509796621636674,-1.1624783304308437,638.2153806297523,-74.58912071173245
161212.0,1.9652,-0.1288,11.2067,-0.0094,-0.0166,9.8066,0.0286,0.114,-0.0578,127.54,-84.74,47.14,52.819176,-1.639904,11.75,4,346.14,18 / 23,-35.50154147684131,13.620114815253075,-1.569601249999947,-862.7262479417293,734.0334307527737,-58.34657428027211,False,67.69899999999998,-2.5975584068968307,12.650655148837368,-221.13604729840245,659.3730163914157,12.914669444438108,348.39648999990544,32.90398306994448,-0.9694596664157071,641.5902006433269,-74.660414361358
161312.0,1.5745,2.3416,8.6728,0.0415,0.0056,9.8065,0.1396,-0.2094,-0.0261,125.31,-84.86,48.64,52.819176,-1.639904,11.75,4,346.14,18 / 23,-35.48758498868886,13.398179173076887,-1.556291249999944,-866.2757042650067,735.3843454521905,-58.50286890527214,False,67.799,-2.2198572695479637,12.663565103695083,-221.30446820635802,660.6188443496737,12.856711111112862,350.05743999995167,33.26772771914089,-0.734614069381804,644.9712360586486,-74.76550110251674
161412.0,2.2519,-5.4336,10.2782,-0.0003,0.0643,9.8064,-0.0891,-0.0778,0.2646,128.36,-84.86,51.82,52.819176,-1.639904,11.75,4,346.14,18 / 23,-35.69167905485497,13.330344954105238,-1.589406249999942,-869.8346674671836,736.7207716585496,-58.660153780272125,False,67.899,-2.148900288382102,12.858735970446624,-221.53236736794508,661.9412856121332,13.037061111108425,350.5125699999935,33.54277876647287,-0.4716089836586139,648.3023000992386,-74.77948604641631
161512.0,1.5956,2.0586,10.5031,0.0403,-0.0605,9.8064,-0.141,-0.4195,0.1782,129.84,-84.59,53.34,52.819176,-1.639904,11.75,4,346.14,20 / 22,-35.9185454848333,13.266096529928713,-1.5310062499999453,-873.4151786941678,738.0505937327512,-58.81617440527211,False,67.999,-2.3180642775983546,12.671286692293062,-221.80079239047157,663.2314803458751,12.88158888888892,349.6329300000002,33.60048120723495,-0.5948098376356512,651.6143863036963,-74.8191133868761
161613.0,4.0675,-5.3819,9.6616,-0.0772,0.0988,9.8058,0.0662,-0.6627,0.4382,135.69,-83.37,54.83,52.819176,-1.639904,11.75,4,346.14,20 / 22,-36.199993681481715,13.169326325000275,-1.5031605499999454,-877.0571649220667,739.3855825869251,-58.9693998286721,False,68.1,-2.3379780849762275,12.714892013762025,-222.05214681815082,664.5342401062325,12.928055555552755,349.5810000000025,33.862015596505486,-0.4544343112382503,655.0050181039159,-74.85134248069267
161712.0,-2.119,3.0059,8.9403,-0.02,0.0096,9.8066,0.064,0.0449,-0.041,136.48,-83.51,51.96,52.819176,-1.639904,11.75,4,346.14,20 / 22,-36.32610038111835,13.16319651694549,-1.5532248499999401,-880.6472065781651,740.6890424676013,-59.12069090597208,False,68.19899999999998,-2.4359741102284924,13.126615397799464,-222.31163330083956,665.8552358351078,13.350730555536787,349.4869500000042,33.89012627088986,-0.03658111914602635,658.3355732773255,-74.83380663249352
161812.0,0.788,7.9469,9.2522,-0.0318,0.1227,9.8057,0.1651,-0.6905,0.3407,139.07,-82.78,53.73,52.819176,-1.639904,11.75,4,346.14,20 / 22,-35.89005616109881,12.779756208415902,-1.6242648499999561,-884.2580144052768,741.9861901038697,-59.27956539097212,False,68.299,-2.3072878354990896,12.641260916136956,-222.50055236404336,667.0684836798758,12.850100000014882,349.656279999995,33.58276832559972,-0.13849529227894664,661.7574620412333,-74.91770642399388
161912.0,1.6863,2.3584,9.7485,-0.0069,0.1211,9.8059,-0.0234,0.749,-0.378,138.08,-83.08,53.52,52.819176,-1.639904,11.75,4,346.14,20 / 22,-35.61858558285831,12.2879158626035,-1.6548948499999543,-887.8334464924744,743.2395737074206,-59.443523375972106,False,68.399,-2.3340372211687375,12.617180234537077,-222.72865314681695,668.3245415711477,12.831250000000205,349.51940000000207,33.28454836168957,0.3292643719335775,665.1047933456575,-74.91503213627288
162012.0,-1.0292,6.7895,10.1361,-0.0179,0.0758,9.8063,0.033,-0.024,-0.0426,135.61,-83.45,51.29,52.819176,-1.639904,11.75,4,346.14,20 / 22,-35.30277363250779,11.916262494233752,-1.641329849999955,-891.3795144532426,744.4497826252624,-59.60833461097209,False,68.499,-2.263479609173533,12.637708509689807,-222.95715717200198,669.6030608378276,12.83881111111111,349.84568999999993,33.03929402333425,0.7214460154560545,668.4223572812406,-74.84672178743483
162112.0,1.9704,-8.5587,10.0165,-0.0014,0.1483,9.8054,-0.0752,1.1572,-0.6133,143.54,-82.99,54.68,52.819176,-1.639904,11.75,4,346.14,20 / 22,-35.33763007184913,11.97316687090232,-1.6143648499999563,-894.9115346384602,745.6442540935192,-59.77111934597208,False,68.59899999999999,-2.400670131971471,12.577165785101505,-223.19896819626157,670.8377693028684,12.804238888890909,349.19362000003815,32.93695993987765,0.6039989141991846,671.7125664421986,-74.80648479065076
162212.0,0.3084,4.5781,9.6507,0.0164,-0.0598,9.8064,-0.0003,0.7065,-0.3916,146.38,-83.69,54.12,52.819176,-1.639904,11.75,4,346.14,20 / 22,-35.53497421552153,12.035260139505613,-1.6116698499999564,-898.4551648528286,746.8446754440395,-59.93242108097207,False,68.69899999999998,-2.557121631783297,12.679499821614058,-223.4608741333603,672.1160661796897,12.934788888883075,348.5979500000261,32.97785258373823,0.6442396821084451,674.9942907194683,-74.72860926434976
162312.0,0.743,-5.9445,8.9855,0.0347,0.0691,9.8063,0.0716,0.3836,-0.2042,153.57,-83.6,58.02,52.819176,-1.639904,11.75,4,346.14,20 / 22,-35.566589506393214,12.05953472676468,-1.6605248499999674,-902.0102430389252,748.0494151873532,-60.0960308159721,False,68.799,-2.636928356633759,12.646239068339773,-223.7296351912051,673.3727912405237,12.91823611111164,348.2217400000109,32.929661149759454,0.5867043415750928,678.2806078477201,-74.67662394682952
162412.0,-1.1703,-4.5596,10.2281,0.0027,-0.1305,9.8057,-0.1125,0.7536,-0.3909,154.22,-84.4,55.78,52.819176,-1.639904,11.75,4,346.14,20 / 22,-35.76036814334567,12.51233811121706,-1.6805098499999662,-905.5765909214119,749.2780088292523,-60.263082550972086,False,68.899,-2.628233688504877,12.584102055644925,-224.0051169556884,674.6513105072034,12.85563055555648,348.2031500000003,33.132134454840795,0.0717639444278646,681.5714739657235,-74.62669832204881
162512.0,2.0514,2.8164,7.8386,-0.0179,-0.072,9.8063,-0.1383,0.7892,-0.3295,158.48,-84.31,56.01,52.819176,-1.639904,11.75,4,346.14,21 / 23,-35.83355573688156,12.546152549180032,-1.757839849999962,-909.1562871154231,750.5309333622721,-60.435000035972074,False,68.999,-2.709464729673083,12.49840759706924,-224.28066592722507,675.9080355680366,12.788725000000012,347.76839000000007,33.12409100720848,-0.04774495211079177,684.875621188198,-74.62289779423554
162612.0,-0.8338,-7.5959,10.038,0.017,-0.0003,9.8066,-0.0759,-0.0879,0.1595,153.08,-84.1,55.65,52.819176,-1.639904,11.75,4,346.14,21 / 23,-35.99478686332343,12.70692644116839,-1.844674849999957,-912.7477042454332,751.7935873117895,-60.61512577097206,False,69.09899999999999,-2.7304524583027825,12.354346117718396,-224.56286839830048,677.1535299421229,12.65248055556346,347.53729000001323,33.26433440502064,-0.35258032344999357,688.1848358471327,-74.64005736966658
162712.0,-0.2148,5.3379,10.2173,-0.035,-0.1529,9.8053,-0.1444,-1.0704,0.6555,129.02,-84.21,52.34,52.819176,-1.639904,11.75,4,346.14,21 / 23,-35.89205463813521,12.88243941173625,-1.8125748499999588,-916.3420463205059,753.0730556044346,-60.797988255972044,False,69.19899999999998,-2.9400982234633277,12.55594312590678,-224.8717520746975,678.4099214174811,12.895586111100254,346.8212100000317,32.951956414671876,-0.3264962858294709,691.4702942458084,-74.66313418695347
162812.0,-1.7871,2.632,9.6972,-0.0646,0.0743,9.8061,-0.0296,-0.7745,0.5237,124.27,-83.71,54.02,52.819176,-1.639904,11.75,4,346.14,21 / 23,-35.49005188711601,12.706356220129138,-1.7975148499999554,-919.9111516467693,754.3524953860281,-60.97849274097208,False,69.299,-3.084846598265628,12.437876007244272,-225.18090457934812,679.6554157916509,12.814730555558013,346.07051000002195,32.40520528885038,-0.26848021288486557,694.7302470674213,-74.69707959437721
162911.0,-0.376,7.029,8.6898,-0.0357,-0.1373,9.8056,-0.0827,-0.5086,0.412,116.23,-83.85,45.75,52.819176,-1.639904,11.75,4,346.14,21 / 23,-34.98216085969908,12.556341154682045,-1.8582166999999488,-923.3995261777363,755.6029989060811,-61.159451452697056,False,69.398,-3.199762947540476,12.482990905206638,-225.50672443643026,680.8992422403077,12.886572222221117,345.6229800000067,31.7823979121586,-0.07335024947540703,697.8928017413061,-74.70375666577343
163011.0,1.1537,-3.6357,9.8329,-0.0429,0.0723,9.8062,0.1015,-0.7094,0.4196,126.37,-83.5,45.18,52.819176,-1.639904,11.75,4,346.14,21 / 23,-34.80907288746041,12.465886141812806,-1.9127466999999456,-926.8890878650941,756.8541102709057,-61.34799962269704,False,69.49799999999999,-3.279010142827301,12.1839276998141,-225.83603906094393,682.1121565002696,12.617466666666772,344.9368200000003,31.53006274463311,-0.28195844199870557,701.0530488041502,-74.74195377063609
163112.0,0.4524,-4.3229,9.6149,0.0048,0.0173,9.8066,0.0337,0.1831,-0.0431,123.47,-83.89,42.67,52.819176,-1.639904,11.75,4,346.14,21 / 23,-35.156569223050994,12.613769822303635,-1.9211044499999455,-930.4223527916749,758.1206328970936,-61.54160910577203,False,69.59899999999999,-3.3103610466856686,12.252941602994607,-226.17530033123748,683.3693263409574,12.69224444443976,344.8814200000024,31.846208176365327,-0.36082821930902753,704.2470524604374,-74.75130655613623
163212.0,-0.0518,-4.0924,7.7263,0.0125,0.0501,9.8065,-0.0769,-0.4066,0.3973,123.36,-84.41,38.49,52.819176,-1.639904,11.75,4,346.14,21 / 23,-35.48912447556104,12.814293081084651,-2.034709449999939,-933.9546374766053,759.3920360422629,-61.73939980077201,False,69.69899999999998,-3.446559392794628,12.379530270202348,-226.53129616106577,684.6147095202082,12.850355555548571,344.4424300000195,32.042565082766416,-0.43476281088230273,707.4233413155396,-74.77732652205475
163312.0,-0.4013,-6.4111,10.4412,0.026,0.032,9.8065,-0.1848,1.0448,-0.5627,119.1,-84.66,34.59,52.819176,-1.639904,11.75,4,346.14,21 / 23,-35.89872566646733,13.089063051640403,-2.106999449999955,-937.5240299837075,760.6872038488995,-61.94648524577205,False,69.799,-3.4368980065184123,12.199975372241143,-226.8808401125223,685.8380761023649,12.674844444449667,344.26673000000505,32.461827659948916,-0.8890876793992604,710.6431898711852,-74.84912774653458
163412.0,-0.9411,10.1952,10.2398,0.0049,0.1021,9.806,0.0785,0.1067,-0.1789,120.54,-84.25,35.24,52.819176,-1.639904,11.75,4,346.14,21 / 23,-35.675554186740264,13.031387416871738,-2.0536144499999582,-941.1027439763676,761.993226372325,-62.154515940772036,False,69.899,-3.5222591762864246,12.259316010798752,-227.24362385603007,687.0612202953507,12.755280555554334,343.96998000000434,32.15329501045384,-0.7720714060729854,713.8591201203376,-74.93200607697429
163513.0,0.9522,-5.9819,9.9402,0.0712,-0.0922,9.8059,-0.0045,1.0881,-0.8837,121.59,-85.35,34.43,52.820164,-1.640313,12.69,6,339.3,21 / 22,-35.45990829913502,12.914586564187706,-2.0249960999999583,-944.6950848319043,763.3034980583685,-62.36048577354703,False,70.0,-3.5694295144539967,12.339092265695426,-227.60345048863513,688.318834915832,12.844999999999999,343.866,31.890478784681026,-0.5754942984922806,717.0916343432691,-74.98466314253653
163612.0,1.8169,10.2476,10.2753,0.0278,-0.2014,9.8045,-0.159,0.2171,0.1923,125.68,-85.29,38.89,52.820164,-1.640313,12.69,6,339.3,21 / 22,-35.34791186872146,12.646178255781578,-1.9951871999999613,-948.2000719302129,764.5687559169569,-62.55948484689701,False,70.09899999999999,-3.7212518615810457,12.151271884834198,-227.98269996332294,689.5187393693062,12.708325000007969,342.9730200000521,31.626660007140416,-0.49490637094737977,720.2173719668899,-75.05001654765067
163712.0,2.1045,-1.8436,11.5037,-0.0635,-0.0273,9.8063,-0.2697,0.9113,-0.3751,130.06,-84.33,41.85,52.820164,-1.640313,12.69,6,339.3,21 / 22,-35.094504957973996,12.235580086620162,-1.8869021999999673,-951.7221927715474,765.812843834077,-62.75358931689699,False,70.19899999999998,-3.6836288213308537,12.310353855683266,-228.35247324172178,690.7637889630752,12.849669444438106,343.34118999998327,31.410876136643143,0.0747737690631034,723.3697195298256,-75.04905487100177
163812.0,-1.4503,7.2427,8.7679,0.0364,-0.118,9.8058,-0.1402,0.9696,-0.4156,124.3,-84.65,40.53,52.820164,-1.640313,12.69,6,339.3,21 / 22,-34.864104182369594,12.053808509378229,-1.8539871999999598,-955.2201232285654,767.0273132638771,-62.94063378689703,False,70.299,-3.978256236730565,12.219802334842832,-228.75537960375607,691.9871555466252,12.851111111111111,341.96692000004066,30.88584794563903,0.16599382546460362,726.4647436248093,-75.04015771725187
163912.0,2.8858,2.7972,8.2534,0.0231,0.1472,9.8054,0.2558,0.3647,-0.0803,128.33,-84.92,41.12,52.820164,-1.640313,12.69,6,339.3,21 / 22,-34.4749407171546,11.693742812380123,-1.9835871999999524,-958.6870754735414,768.214690829965,-63.132512506897015,False,70.399,-3.9141370249275425,12.103028303321889,-229.15196850159015,693.210299738925,12.720211111113052,342.07872999999813,30.56080369222706,0.40928549094176603,729.5351069719513,-75.00439109104002
164012.0,0.3719,11.1031,9.9196,-0.0456,0.0719,9.8062,0.0493,1.3006,-0.9775,128.45,-84.67,45.03,52.820164,-1.640313,12.69,6,339.3,21 / 22,-34.003172822746144,11.117022621285168,-2.055602199999948,-962.1109811505363,769.3552291016482,-63.334471976897,False,70.499,-4.044789305722302,12.178619135787985,-229.5617971914101,694.4334439326111,12.832738888888866,341.62757000000016,29.95838351702384,1.061596514502817,732.5491839591261,-74.9217851690371
164112.0,-2.7948,-3.5684,7.2898,-0.0475,0.19,9.8047,0.1337,-0.3154,0.2038,136.11,-84.03,48.16,52.820164,-1.640313,12.69,6,339.3,21 / 22,-33.575898978250635,10.963850608058255,-2.1757971999999413,-965.4899347405859,770.4592727631153,-63.546041946896985,False,70.59899999999999,-4.059614883493038,12.239818637944522,-229.97176029541194,695.6675964230236,12.895488888885296,341.6507199999984,29.516284094757598,1.2759680298862666,735.5181744451739,-74.79167634009173
164212.0,2.2637,-11.8791,10.3904,-0.0914,0.1279,9.8054,-0.1426,0.9095,-0.5438,131.61,-83.89,42.33,52.820164,-1.640313,12.69,6,339.3,21 / 22,-34.09157462632057,11.479480015642373,-2.2724521999999356,-968.8733084208143,771.5814392943003,-63.768454416896965,False,70.69899999999998,-4.133527831891752,12.132938516092079,-230.39503039853497,696.8798435134398,12.817736111114591,341.18669000002063,29.95804679442882,0.6534585004497053,738.4782780222793,-74.70159578086043
164312.0,-0.7511,-5.4576,11.5459,-0.0251,0.1635,9.8052,0.1433,-0.6595,0.4249,133.2,-83.32,43.5,52.820164,-1.640313,12.69,6,339.3,21 / 22,-34.75696746613639,11.98449235130388,-2.1563021999999092,-972.315735525438,772.7546379126478,-63.989892136897005,False,70.799,-4.260202516627338,11.973835309036481,-230.83174191488277,698.0808599165065,12.709144444447622,340.4147500000226,30.49676494950905,-0.010657042267398609,741.4839936105552,-74.67377799614133
164412.0,2.1271,-5.8974,10.5444,-0.004,0.1479,9.8055,0.0897,0.2668,-0.1922,130.35,-83.58,44.55,52.820164,-1.640313,12.69,6,339.3,21 / 22,-35.19649005258805,12.289875614732946,-2.0324521999999163,-975.813408401374,773.9683563109496,-64.19932985689698,False,70.899,-4.253545737059537,12.05469879662023,-231.2685878453633,699.30378171895,12.783130555554441,340.5644099999976,30.94294431552851,-0.2351768181127163,744.5448205560107,-74.66457459199967
164515.0,-3.5407,6.2435,10.574,0.0567,0.0573,9.8062,0.2221,-0.9866,0.5878,130.4,-84.15,46.17,52.820164,-1.640313,12.69,6,339.3,21 / 21,-35.107271945402694,12.314972649038864,-1.9549395499999311,-979.4340521442698,775.2355059965337,-64.40468053202193,False,71.00199999999998,-4.2574136654191,11.925373375472422,-231.7114152047617,700.5302617597399,12.662561111110938,340.3530799999992,30.849858279983593,-0.38959927356644286,747.7226369395081,-74.70524423679376
164612.0,-1.9378,-4.4465,9.4917,-0.0556,0.1578,9.8052,0.0554,-0.4541,0.2222,136.57,-83.82,52.99,52.820164,-1.640313,12.69,6,339.3,21 / 21,-34.81950463147396,12.451858409125,-1.9329981499999291,-982.8255008082486,776.4366973028548,-64.59324551047193,False,71.09899999999999,-4.175829655673113,12.085689201417399,-232.11559850103134,701.7167116268569,12.786774999992607,340.9389599999651,30.64367497580085,-0.36616920770760153,750.7099023072174,-74.71998567599792
164712.0,-2.7352,7.155,9.3755,-0.0099,-0.0708,9.8063,0.0748,-0.8178,0.4058,128.39,-84.12,49.09,52.820164,-1.640313,12.69,6,339.3,21 / 21,-34.509668716002004,12.54600336938143,-1.9703031499999268,-986.2919594756222,777.68659039178,-64.78841057547191,False,71.19899999999998,-4.0209894794238465,11.950408195674175,-232.5189753125442,702.9178392241472,12.608755555563517,341.40336999997965,30.488679236578157,-0.5955951737072542,753.772984163078,-74.76875116763279
164812.0,-2.3714,-1.9498,9.6967,-0.0409,0.0749,9.8062,-0.0394,-0.8774,0.5841,132.42,-83.57,51.93,52.820164,-1.640313,12.69,6,339.3,21 / 21,-34.10861919438381,12.56633204131444,-1.9973581499999329,-989.7228738711423,778.9422071623151,-64.98679364047196,False,71.299,-4.013602221915001,12.029284268810315,-232.92221770989784,704.1297527304832,12.681194444442255,341.54857999999587,30.095016972468812,-0.5370477725041258,756.8006561612444,-74.81245443183184
164911.0,-3.5354,7.4244,9.7558,0.0108,-0.1433,9.8055,-0.1419,-0.0991,0.0117,130.26,-84.1,46.38,52.820164,-1.640313,12.69,6,339.3,21 / 21,-33.679994799878436,12.595871580596691,-2.005317749999932,-993.0784102638579,780.1877362415995,-65.18492609752194,False,71.398,-3.8061144153548754,12.25755075278933,-233.28849622085315,705.3732455950523,12.834933333331008,342.74951999998177,29.87388038452356,-0.3383208278073617,759.7899140430047,-74.81449064654726
165011.0,-0.7111,-1.3532,10.9397,0.0053,-0.0436,9.8065,0.2171,-0.7635,0.4861,128.78,-83.63,47.96,52.820164,-1.640313,12.69,6,339.3,21 / 21,-33.28495524287526,12.543389019528828,-1.9512077499999352,-996.4266577659954,781.4446992716057,-65.38275237252192,False,71.49799999999999,-4.058244187010564,12.106201001993517,-233.6976528400763,706.5861598550284,12.768366666666696,341.4676600000005,29.226711055864698,-0.4371880175353109,762.7290049259191,-74.85853941657729
165111.0,-2.6077,-8.672,10.901,0.0342,-0.1119,9.8059,-0.0245,0.4801,-0.3804,125.27,-84.02,44.7,52.820164,-1.640313,12.69,6,339.3,21 / 21,-33.56543276074513,12.953980123340415,-1.8398377499999414,-999.7691771661762,782.7195677287491,-65.5723046475219,False,71.59799999999998,-4.101064645909947,11.911099960243284,-234.10102965153413,707.7763903489703,12.597350000009898,341.0009800000257,29.464368114835185,-1.0428801630971307,765.668147514642,-74.94317737977883
165212.0,-1.564,-2.9261,9.986,0.0198,-0.093,9.8061,0.0437,-0.1115,0.213,127.11,-83.98,46.83,52.820164,-1.640313,12.69,6,339.3,21 / 21,-33.887875803639396,13.450442322070495,-1.7755158999999419,-1003.1755692486776,784.0529910622423,-65.75488000684689,False,71.69899999999998,-4.1681639171244775,12.057095492061519,-234.52826497156323,709.0000905175152,12.757238888881634,340.9296300000028,29.71971188651492,-1.3933468300089764,768.6473042771144,-75.0529005447271
165312.0,-1.5829,-5.1605,10.6517,0.0047,-0.0336,9.8065,-0.1029,0.484,-0.2828,132.85,-84.0,48.45,52.820164,-1.640313,12.69,6,339.3,21 / 21,-34.06489532754576,13.816806251399422,-1.72429589999993,-1006.5732078052376,785.4163534909161,-65.92987059684692,False,71.799,-4.372177446995928,12.015923164861283,-234.95832298836538,710.2121152180898,12.78666388888807,340.0053300000272,29.692717880549836,-1.800883086538139,771.6148848168723,-75.20423827282627
165412.0,-2.1243,1.7237,9.6075,0.0128,-0.0629,9.8064,0.0188,0.2813,-0.2029,132.04,-84.08,48.12,52.820164,-1.640313,12.69,6,339.3,21 / 21,-34.03804393738713,14.05250117114921,-1.6920008999999319,-1009.9783547684841,786.8098188620435,-66.1006854368469,False,71.899,-4.220123379735033,11.875407414210546,-235.3817947126616,711.3911150247534,12.602969444447172,340.4365499999934,29.817920557652098,-2.177093756938664,774.5965600558225,-75.41870383729008
165512.0,-2.1041,-4.5978,9.786,0.0026,0.0402,9.8065,0.0127,0.4359,-0.2542,136.49,-83.83,47.98,52.820164,-1.640313,12.69,6,339.3,19 / 22,-33.95846019138732,14.293018980851443,-1.7029908999999313,-1013.3781799749227,788.2270948696435,-66.27043502684688,False,71.999,-4.105782177557754,11.774043000153588,-235.7852387312536,712.5697812473293,12.469386111111136,340.77561999999995,29.852678013829564,-2.5189759806978547,777.5929412436691,-75.65731362231418
165612.0,-1.9092,3.2737,9.1424,-0.0003,-0.0354,9.8065,-0.0986,0.4526,-0.3134,133.18,-83.82,48.52,52.820164,-1.640313,12.69,6,339.3,19 / 22,-33.82951755999856,14.469700081340841,-1.7372358999999293,-1016.7675788624917,789.665230822753,-66.44244636684687,False,72.09899999999999,-4.213930456797968,11.754221953117696,-236.20844162725436,713.7484474698274,12.486755555554465,340.27707000002925,29.61558710320059,-2.715478128223145,780.5591372352374,-75.91678335292556
165712.0,-2.6902,-1.2231,10.1376,-0.0135,0.0372,9.8065,-0.0676,0.2797,-0.0092,139.76,-83.48,51.39,52.820164,-1.640313,12.69,6,339.3,19 / 22,-33.55604358701329,14.540080716549294,-1.7539008999999284,-1020.1368569198421,791.1157198626474,-66.61700320684685,False,72.19899999999998,-4.178481992758857,11.987461632917588,-236.6251926449513,714.9601385849118,12.694844444435212,340.78283999997734,29.377561594254434,-2.552619083631706,783.5116642748908,-76.15558127773568
165812.0,-4.0558,2.4937,10.3653,0.003,-0.001,9.8066,-0.1663,0.4184,-0.2859,138.49,-83.67,50.16,52.820164,-1.640313,12.69,6,339.3,19 / 22,-33.23371182049758,14.692690434948904,-1.709420899999918,-1023.4763446902184,792.5773584202227,-66.79016929684688,False,72.299,-4.318743920537185,11.960052390524575,-237.06183695424582,716.1721632854723,12.715919444443886,340.1454900000189,28.9149678999604,-2.732638044424329,786.4145077359726,-76.40519513475044
165912.0,-0.6255,0.6778,11.3236,-0.0012,0.0711,9.8063,-0.1628,-0.2678,0.4135,135.88,-83.44,51.45,52.820164,-1.640313,12.69,6,339.3,19 / 22,-32.9277818483731,14.710020861090971,-1.6056408999999239,-1026.7844193736616,794.0474939850246,-66.95592238684686,False,72.399,-4.2503335087076595,11.579546134646781,-237.48537588562172,717.3291464978339,12.334961111116767,339.84398000000436,28.677448339665442,-3.1304747264441897,789.29904348804,-76.71834748719073
166012.0,-2.2471,-8.2291,9.4688,0.0139,0.1486,9.8054,0.103,0.2997,-0.3477,137.04,-83.2,52.79,52.820164,-1.640313,12.69,6,339.3,19 / 22,-33.05425015636908,15.064323354235604,-1.5466858999999271,-1030.0835209738987,795.5362111957909,-67.11353872684685,False,72.499,-4.467148134680168,11.98284799106173,-237.93539440108785,718.5516235219736,12.78843611111102,339.55489000000006,28.58710202168891,-3.0814753631738743,792.1481265728108,-76.98458767381726
166111.0,-1.5094,0.8385,10.7302,0.0148,0.0476,9.8064,-0.0336,0.5886,-0.1496,135.9,-83.47,51.53,52.820164,-1.640313,12.69,6,339.3,19 / 22,-33.14250226310293,15.4397983045296,-1.5176937499999301,-1033.3602602186622,797.0461652178996,-67.26522551952183,False,72.59799999999998,-4.478851016103941,11.824311124421346,-238.38776516384226,719.729844963841,12.644150000008691,339.25408000001744,28.663651246998985,-3.6154871801082535,794.97249505482,-77.31632025405861
166212.0,-1.4929,-4.1925,11.6215,-0.0384,0.0323,9.8064,0.1561,-0.2876,0.1688,134.21,-83.35,49.11,52.820164,-1.640313,12.69,6,339.3,19 / 22,-33.13105841005815,15.643716783658789,-1.3794045499999315,-1036.7070750326568,798.6158827298531,-67.41152898367183,False,72.69899999999998,-4.689316306147685,11.535141634139213,-238.8693037933785,720.8985036434816,12.451911111119513,337.8768500000609,28.441742103910467,-4.1085751495195755,797.8377712392783,-77.71737908637147
166312.0,-1.35,-2.9218,10.1374,-0.0115,-0.0362,9.8066,-0.0608,0.0675,-0.1495,131.59,-83.71,46.66,52.820164,-1.640313,12.69,6,339.3,19 / 22,-33.26682103019197,15.97166236899146,-1.272124549999907,-1040.02696900467,800.196651687486,-67.54410543867185,False,72.799,-4.418074749084194,11.865879754382108,-239.29989946669951,722.0989640712173,12.66174999999376,339.5776799999495,28.848746281107776,-4.1057826146093515,800.7270695379705,-78.09768761626867
166412.0,-0.549,-3.2717,10.028,0.0117,-0.0387,9.8065,0.0436,-0.1136,0.2205,132.14,-83.8,47.15,52.820164,-1.640313,12.69,6,339.3,19 / 22,-33.40690910732904,16.230529001424784,-1.2445195499999084,-1043.360655511546,801.8067612560067,-67.66993764367183,False,72.899,-4.284034153518749,11.600283557475597,-239.7300246905678,723.255836087947,12.366063888893306,339.73062999999803,29.122874953810292,-4.630245443949187,803.6306308209781,-78.55092516805962
166514.0,-2.9825,-2.1521,9.964,-0.0104,0.0032,9.8066,-0.0666,0.2456,-0.035,131.67,-83.63,46.6,52.820164,-1.640313,12.69,6,339.3,21 / 22,-33.46492652522184,16.530739309923966,-1.2252058499999077,-1046.771119128806,803.4775859398856,-67.79589363907182,False,73.001,-4.404619186572127,11.463925426792246,-240.1821266250978,724.4352806747869,12.280975000000053,338.9824799999998,29.060307338649714,-5.06681388313172,806.5889925037083,-79.04230526509866
166613.0,-2.8264,0.6225,9.7793,0.0084,-0.0277,9.8065,-0.0707,0.1737,-0.1008,131.53,-83.67,46.13,52.820164,-1.640313,12.69,6,339.3,21 / 22,-33.30345844153999,16.777759397382,-1.2187708499999084,-1050.0761541846605,805.1263566258971,-67.9168704857218,False,73.1,-4.282014217951851,11.407829733888711,-240.60129709713783,725.5691353418571,12.185000000005651,339.4259999999739,29.021444223588137,-5.369929663493288,809.4748570875227,-79.55722128404
166711.0,-1.8351,-1.3954,9.7594,0.004,0.0185,9.8066,0.0289,0.0583,-0.0013,131.89,-83.63,46.46,52.820164,-1.640313,12.69,6,339.3,21 / 22,-33.15290607879265,16.95555011545866,-1.2224262499999088,-1053.3325160461573,806.7792887920265,-68.03648914362181,False,73.19800000000001,-4.298387375949413,11.187870243783987,-241.02940610900805,726.6588456224482,11.985188888897833,338.9830400000198,28.854518702843233,-5.767679871674673,812.3031099371492,-80.12044316957827
166811.0,-3.0455,1.4305,9.8622,0.0073,-0.0331,9.8065,-0.1056,0.3504,-0.1529,130.31,-83.66,45.0,52.820164,-1.640313,12.69,6,339.3,21 / 22,-32.96303227536035,17.121952425059483,-1.2220112499999087,-1056.6383129638648,808.4831639190522,-68.15871101862179,False,73.298,-4.31940591233539,10.732922600177117,-241.46625203951479,727.716309375472,11.569511111123449,338.0773000000269,28.643626363024957,-6.389029824882366,815.17206092435,-80.76685454358028
166911.0,-0.8235,0.4892,10.4634,0.0002,-0.0571,9.8064,-0.0029,-0.2117,0.2102,133.06,-83.85,43.68,52.820164,-1.640313,12.69,6,339.3,21 / 22,-32.73669444886871,17.186571600694272,-1.1863962499999108,-1059.923299300076,810.1985901203399,-68.27913139362177,False,73.398,-4.071391141824001,10.747111755329744,-241.86358021506553,728.805352486288,11.492511111112153,339.2516599999819,28.66530330704471,-6.439459845364528,818.0597190850104,-81.39323763405184
167012.0,-0.5964,-3.5079,9.2418,-0.001,-0.0398,9.8065,0.1152,-0.0598,-0.0071,132.97,-84.14,44.2,52.820164,-1.640313,12.69,6,339.3,21 / 22,-32.772204406270035,17.323436221754015,-1.1817552999999108,-1063.2314986922604,811.9413455153735,-68.39872304689676,False,73.499,-3.762086538677463,10.593180951981672,-242.23745312449125,729.8729349776365,11.24141111111116,340.44815999999975,29.010117867592573,-6.730255269772343,820.9940455677691,-82.06841053773701
167112.0,-0.2533,-1.5682,8.7619,0.0185,-0.0261,9.8065,0.0734,-0.1534,-0.0212,129.75,-84.33,45.46,52.820164,-1.640313,12.69,6,339.3,21 / 22,-32.90499959280449,17.50622922866646,-1.2622352999999062,-1066.515358892214,813.6828287878944,-68.52092257689675,False,73.59899999999999,-3.771899827211456,10.426334987328438,-242.62039898783482,730.9182784824383,11.087638888897708,340.11152000002033,29.13309976559303,-7.079894241338021,823.8949599043791,-82.76455030545617
167212.0,0.4765,-4.2164,10.5986,0.0001,0.0029,9.8066,0.0366,-0.17,0.1148,131.18,-84.31,47.11,52.820164,-1.640313,12.69,6,339.3,21 / 22,-33.10384805091785,17.66895305966369,-1.2748752999999056,-1069.8158012744,815.4415879023109,-68.64777810689674,False,73.69899999999998,-4.039267908766054,9.801197915232404,-243.03674676311897,731.8864527084703,10.601011111132653,337.60132000011134,29.064580142151794,-7.867755144431285,826.779054511281,-83.55513519384056
167312.0,-1.0331,0.9537,9.9293,-0.0228,0.0011,9.8066,-0.0662,-0.2137,0.085,130.19,-84.1,45.45,52.820164,-1.640313,12.69,6,339.3,21 / 22,-33.180817213612805,17.78038155343727,-1.229145299999895,-1073.1300345376274,817.2140546329663,-68.77297913689675,False,73.799,-3.904221568862333,9.495037439430005,-243.42016307596853,732.8318319757133,10.266386111120832,337.64826999999786,29.276595644750472,-8.285344114007264,829.7098714616588,-84.38222265725301
167412.0,-1.6842,-3.029,10.1193,-0.023,0.0106,9.8066,-0.0422,-0.1951,0.1986,129.32,-83.83,43.78,52.820164,-1.640313,12.69,6,339.3,21 / 22,-33.14694067369636,17.93249585960947,-1.2073802999998962,-1076.4464224319927,818.9996985036186,-68.89480541689673,False,73.899,-3.56144422109318,9.27495823783682,-243.7633223561316,733.7549722560107,9.93525555556042,338.99440999998006,29.585496452603184,-8.65753762177265,832.6831000758611,-85.2447262476079
167512.0,-1.55,-1.7261,10.5236,-0.0139,-0.025,9.8065,-0.0065,-0.1167,-0.0189,126.46,-83.79,40.25,52.820164,-1.640313,12.69,6,339.3,19 / 19,-33.20563003071869,18.190464324592362,-1.155900299999899,-1079.7640509672133,820.8058465128286,-69.01296944689672,False,73.999,-3.482734717312736,8.981403586541004,-244.10607839390912,734.6558735528357,9.633019444444502,338.8050500000001,29.72289531340595,-9.209060738051358,835.6579725733042,-86.14997295999285
167612.0,-2.0032,-0.9347,9.2605,-0.0021,0.0166,9.8066,0.0024,-0.0715,0.0283,127.36,-83.69,41.1,52.820164,-1.640313,12.69,6,339.3,19 / 19,-33.17659148693494,18.39577556149298,-1.1473602999998995,-1083.0831620430959,822.6351585071327,-69.1281324768967,False,74.09899999999999,-3.4141138228783525,8.747847926100745,-244.44883443164886,735.5345358612589,9.390475000013966,338.6802400000072,29.762477664056586,-9.647927635392234,838.634327611447,-87.10062264587384
167712.0,-0.8553,-1.5095,9.96,0.0178,-0.0113,9.8066,0.0351,-0.0294,-0.035,126.48,-83.9,40.54,52.820164,-1.640313,12.69,6,339.3,19 / 19,-33.159459487551736,18.56672183277808,-1.1670002999998983,-1086.39996459182,824.4832833768462,-69.24385050689668,False,74.19899999999998,-3.2705785109092584,8.477948440305415,-244.77828347030854,736.3909591869599,9.086930555568927,338.90471999998994,29.888880976642476,-10.088773392472664,841.6216811215114,-88.09232418988631
167812.0,-0.9571,-0.1107,9.7633,-0.004,0.0746,9.8063,0.0082,-0.0117,-0.1015,133.96,-83.58,44.2,52.820164,-1.640313,12.69,6,339.3,19 / 19,-33.1377686718981,18.666395696501386,-1.161500299999897,-1089.7148259997932,826.3449392533106,-69.3602755368967,False,74.299,-3.500435989646439,8.127490267122633,-245.12755859349892,737.203126931429,8.849313888895804,336.6983100000651,29.63733268225166,-10.538905429378753,844.5872674062944,-89.14181232188162
167912.0,-1.1609,-1.3157,10.0921,-0.006,0.0231,9.8066,0.0645,0.0528,-0.0733,135.75,-83.36,45.97,52.820164,-1.640313,12.69,6,339.3,19 / 19,-33.086625442242884,18.7722141687188,-1.1493952999998975,-1093.0260457055,828.2168697465715,-69.47582031689667,False,74.399,-3.1047155697524587,8.029086561597527,-245.43046084098887,738.014849896185,8.60851944444798,338.85993999996754,29.981909872490426,-10.743127607121274,847.5955848645112,-90.20201985038659
168012.0,-1.4812,-0.6832,10.2548,-0.0001,-0.0004,9.8065,-0.001,0.0181,-0.0047,135.88,-83.45,46.32,52.820164,-1.640313,12.69,6,339.3,19 / 19,-33.035668558648204,18.91538481715146,-1.1127152999998995,-1096.3321604055445,830.1012496958649,-69.58892584689666,False,74.499,-2.979305704051256,7.5949581843785685,-245.71958563992212,738.771531372034,8.158411111111198,338.5810400000001,30.056362854596948,-11.32042663277289,850.6125747656224,-91.32971832383089
168112.0,-1.2585,-1.8441,9.8896,0.0049,0.0049,9.8066,-0.0304,0.0767,-0.0002,135.55,-83.48,46.35,52.820164,-1.640313,12.69,6,339.3,19 / 19,-32.99999973250037,19.08086276115572,-1.086160299999901,-1099.6339438201019,832.0010620747802,-69.69886962689664,False,74.59899999999999,-2.9842249790822266,7.524303458260727,-246.02188302377985,739.5386651706931,8.094488888892354,338.36614000001236,30.015774753418142,-11.556559302894994,853.612060796322,-92.46239690408709
168212.0,-1.5596,-0.7813,9.4543,-0.0064,-0.0075,9.8066,-0.0353,0.0362,0.0173,129.94,-83.54,43.87,52.820164,-1.640313,12.69,6,339.3,19 / 19,-32.97261158960737,19.25652174020309,-1.0996302999999001,-1102.932574386207,833.917931299848,-69.80815915689662,False,74.69899999999998,-2.786952860985638,7.119597956694396,-246.29770082358252,740.2508686768274,7.645638888908795,338.6223899999885,30.18565872862173,-12.136923783508696,856.6348735626245,-93.66706262302057
168312.0,-1.8125,-2.1398,10.0893,0.0016,-0.0115,9.8066,0.0008,0.0439,-0.055,132.4,-83.64,42.79,52.820164,-1.640313,12.69,6,339.3,19 / 19,-32.94293068671291,19.462089253099567,-1.103115299999901,-1106.2283515000238,835.8538618495136,-69.91829643689664,False,74.799,-2.866447591580978,7.021032045847955,-246.58655679423688,740.9625162069374,7.5836361111128054,337.7914200000246,30.076483095131934,-12.441057207251612,859.6417947057869,-94.8913456425762
168412.0,-0.5206,-0.5917,9.9462,0.0026,0.0005,9.8066,0.0188,0.0722,-0.0705,132.65,-83.67,43.14,52.820164,-1.640313,12.69,6,339.3,19 / 19,-32.93791995229922,19.62132984370408,-1.0820052999999021,-1109.5223940319743,837.8080328043536,-70.02755246689662,False,74.899,-2.6571197519756407,6.706531279314361,-246.84893318078838,741.6301305463285,7.213730555561035,338.38689999999104,30.280800200323576,-12.914798564389717,862.6734608511858,-96.17790225802514
168512.0,0.2362,-1.0613,9.801,0.0104,0.0221,9.8066,-0.0042,-0.0062,-0.0266,130.12,-83.6,44.65,52.820164,-1.640313,12.69,6,339.3,21 / 22,-32.962833058944156,19.66721389482847,-1.0753102999999025,-1112.8174316825362,839.7724599912801,-70.1354182468966,False,74.999,-2.534708467608198,6.429479712117935,-247.09773373998223,742.2752835103115,6.911075000000058,338.48408,30.42812459133596,-13.237734182710536,865.7196979425539,-97.49717648096862
168612.0,0.7972,-0.9874,9.8983,-0.0027,0.0,9.8066,0.0061,0.0034,0.0174,134.63,-83.56,45.38,52.820164,-1.640313,12.69,6,339.3,21 / 22,-33.04709682945853,19.679764743947473,-1.0710102999999025,-1116.1179281769562,841.7398089232188,-70.24273427689658,False,75.09899999999999,-2.5547709075772937,6.183246788634248,-247.35970688411675,742.8871891918903,6.690255555568256,337.5504400000545,30.49232592188124,-13.496517955313225,868.7582212928394,-98.85261973132845
168712.0,0.0797,-1.3155,9.979,0.0037,-0.0028,9.8066,-0.0082,0.0107,-0.0131,134.29,-83.61,45.05,52.820164,-1.640313,12.69,6,339.3,21 / 22,-33.13372342818689,19.709242210718156,-1.0578102999999033,-1119.4269691898382,843.709259270952,-70.34917530689657,False,75.19899999999998,-2.3108799705454572,6.013743832490878,-247.58189344508907,743.4987612880399,6.442480555566461,338.9804599999361,30.822843457641433,-13.695498378227278,871.8450757447492,-100.2104979829121
168812.0,0.2974,-0.8902,9.7651,0.0002,-0.0083,9.8066,-0.0318,0.0287,-0.0069,129.6,-83.58,44.34,52.820164,-1.640313,12.69,6,339.3,21 / 22,-33.200160924556535,19.750509091515962,-1.0512702999999017,-1122.743663407476,845.6822468360641,-70.45462933689659,False,75.299,-2.4262163140931783,5.639326900240437,-247.8302907618713,744.0552918959779,6.139150000008868,336.719980000067,30.773944610463356,-14.111182191275525,874.9133726456048,-101.6269549400862
168912.0,0.5026,-1.0713,9.6199,-0.0027,0.0018,9.8066,-0.0156,0.0295,0.0024,129.24,-83.57,43.87,52.820164,-1.640313,12.69,6,339.3,21 / 22,-33.273293923338706,19.764320785505063,-1.062685299999901,-1126.0673361498707,847.657988329915,-70.56032711689657,False,75.399,-2.2232662530012806,5.521007813000979,-248.05234290869666,744.6112665292851,5.951861111113845,338.06616999997965,31.050027670337425,-14.243312972504084,878.014993241174,-103.04672180062994
169011.0,0.7068,-0.7679,9.649,0.0046,-0.0092,9.8066,-0.0003,0.0438,-0.0456,132.77,-83.64,43.26,52.820164,-1.640313,12.69,6,339.3,21 / 22,-33.3545237967189,19.760625563655328,-1.0797330999998993,-1129.3654131270132,849.6144731741982,-70.66637682769655,False,75.49799999999999,-2.1981345724100736,5.188902641605113,-248.27190839405762,745.1180930059513,5.635311111111235,337.04022000000043,31.15638922430883,-14.571722922050215,881.0935047329556,-104.4963801682469
169112.0,0.7954,-1.731,9.657,-0.0085,0.0046,9.8066,-0.0141,0.0329,-0.0331,132.85,-83.57,43.2,52.820164,-1.640313,12.69,6,339.3,21 / 22,-33.4714254316147,19.771417008652904,-1.095251749999899,-1132.740123563044,851.6108413240997,-70.77621356262154,False,75.59899999999999,-2.1427313291110903,4.959174697117183,-248.48925604622792,745.612688038353,5.402288888902103,336.63191000002263,31.328694102503608,-14.812242311535721,884.2508675168162,-105.99815328574675
169212.0,1.3155,-1.1927,9.6219,-0.0143,-0.0131,9.8066,-0.0187,0.0548,-0.0699,132.48,-83.51,43.07,52.820164,-1.640313,12.69,6,339.3,21 / 22,-33.6233399043094,19.77380367248981,-1.111971749999898,-1136.09486182984,853.5881023581568,-70.88657473762152,False,75.69899999999998,-1.8753094889040727,4.848046016850151,-248.66439766082243,746.0909374181764,5.1981500000089635,338.85351999990115,31.748030415405324,-14.925757655639657,887.4304641690176,-107.4971649399804
169312.0,0.5704,-2.0689,9.9947,-0.001,0.0029,9.8066,0.0063,0.0308,-0.0577,136.46,-83.42,42.19,52.820164,-1.640313,12.69,6,339.3,21 / 22,-33.77731791105868,19.80099779635049,-1.1118067499998978,-1139.4648947206092,855.5668424315993,-70.99776366262154,False,75.799,-2.0329081215985587,5.030490005466242,-248.8724035307854,746.6131087944937,5.425736111104342,337.99589000002595,31.74440978946012,-14.770507790884249,890.5924911898238,-108.95373363710564
169411.0,2.2959,-0.3865,9.4726,0.005,-0.0097,9.8066,0.0407,0.04,-0.0467,132.1,-83.39,42.27,52.820164,-1.640313,12.69,6,339.3,21 / 22,-33.932563785912066,19.76466614228137,-1.119033749999897,-1142.8165338646088,857.5253427965614,-71.10819026737151,False,75.898,-1.9528131228377166,4.850731878660473,-249.06548943209472,747.0869103751904,5.229061111114133,338.07127999999875,31.97975066307435,-14.913934263620899,893.751044432514,-110.43843242137098
169511.0,1.1856,-0.9343,9.8556,0.0258,-0.0078,9.8065,0.0736,-0.0025,-0.0232,132.84,-83.61,43.71,52.820164,-1.640313,12.69,6,339.3,19 / 21,-34.071374441007436,19.661754841313247,-1.133288749999896,-1146.2167307759546,859.4966638457411,-71.2208063923715,False,75.99799999999999,-1.9450488843204452,4.573781078515585,-249.2603899241534,747.543254354907,4.970200000000101,336.9607000000005,32.12632555668699,-15.087973762797663,896.9563408518012,-111.95340949083402
169612.0,3.3058,-0.9193,9.7881,0.0182,-0.0125,9.8066,0.0277,0.0522,-0.0592,133.75,-83.92,45.55,52.820164,-1.640313,12.69,6,339.3,19 / 21,-34.26861784696385,19.541874262428585,-1.1317535499998959,-1149.6679003864972,861.47644711548,-71.33519102852149,False,76.09899999999999,-1.7542090576507285,4.273571755896321,-249.43062542289618,747.9706876530342,4.6196000000201405,337.6834699999565,32.51440878931312,-15.268302506532265,900.2372749636011,-113.50575946244578
169713.0,3.2651,-2.2391,9.4797,0.0176,0.0047,9.8065,0.0192,0.0667,-0.0546,133.94,-84.02,46.61,52.820164,-1.640313,12.69,6,339.3,19 / 21,-34.58657974815586,19.393287692413008,-1.1492012999998957,-1153.1450878650508,863.4426727941996,-71.45037924844648,False,76.19999999999999,-1.701094528248982,4.37390533201855,-249.60032326510785,748.419692767175,4.693055555552188,338.7479999999538,32.88548521990688,-15.019382360394458,903.5447645999429,-115.02298002702457
169812.0,3.0222,0.0825,9.1989,0.0013,-0.0198,9.8066,-0.0239,0.0829,-0.0893,134.14,-84.03,46.88,52.820164,-1.640313,12.69,6,339.3,19 / 21,-34.8535351653541,19.2240897831778,-1.195468949999904,-1156.5823735532701,865.3542329792416,-71.5664404258215,False,76.299,-1.5265197041954177,4.123377310487265,-249.75335375491704,748.8269997838315,4.396880555564286,339.68552999997235,33.32701546115869,-15.100712472690535,906.8290197983531,-116.52723319541008
169912.0,3.2401,-0.7898,9.326,-0.0092,0.0013,9.8066,-0.0238,0.0641,-0.053,137.6,-84.01,45.67,52.820164,-1.640313,12.69,6,339.3,19 / 21,-35.07620539109888,19.012144922673443,-1.2498889499999009,-1160.0788605810926,867.266044714534,-71.68870832082148,False,76.399,-1.3868248270924566,3.952783925404317,-249.88796950858517,749.2164044163733,4.189013888891928,340.6671799999856,33.68938056400643,-15.059360997269126,910.1908910725074,-118.04964029816074
170012.0,2.2199,-2.3655,10.0149,0.001,-0.0334,9.8065,-0.0519,0.1367,-0.0931,136.51,-84.06,43.79,52.820164,-1.640313,12.69,6,339.3,19 / 21,-35.35894727984241,18.92039419596359,-1.2635089499999,-1163.6006182146396,869.1626716704658,-71.81437821582146,False,76.499,-1.4661727889894955,3.882757316724455,-250.0423441397049,749.605586659752,4.150369444444451,339.3127800000003,33.892774490852915,-15.037636879239134,913.5582740749346,-119.55708501071376
170112.0,2.944,-3.2503,9.8988,0.0034,0.0105,9.8066,-0.0184,0.0857,-0.1031,136.54,-84.03,44.01,52.820164,-1.640313,12.69,6,339.3,19 / 21,-35.713863792839746,18.925668625856208,-1.2484889499999008,-1167.1542587682734,871.0549748115567,-71.93997811082144,False,76.59899999999999,-1.3461487480257668,3.5531990595482457,-250.1703063938039,749.9617440099076,3.79965000002043,339.25049000000286,34.36771504481398,-15.372469566307963,916.9839523744695,-121.09323080164904
170212.0,2.9526,-1.6263,9.9221,0.0016,-0.0254,9.8066,-0.007,0.1511,-0.1388,135.74,-84.11,43.58,52.820164,-1.640313,12.69,6,339.3,19 / 21,-36.06919562669188,18.876901254853212,-1.2381089499999014,-1170.7434117392497,872.945103305592,-72.06430800582143,False,76.69899999999998,-1.3566988658397787,3.346175499115344,-250.31130681873844,750.2845428821064,3.6107611111193423,337.92934000005863,34.7124967608521,-15.530725755737869,920.4321049205113,-122.66056042348566
170312.0,3.1087,-1.5701,9.2935,0.0023,0.0022,9.8066,-0.0036,-0.0725,-0.0285,140.2,-84.01,44.21,52.820164,-1.640313,12.69,6,339.3,19 / 21,-36.37625797539869,18.77144450347496,-1.2579939499999058,-1174.3656844193551,874.8275205935089,-72.18911315082146,False,76.799,-1.2316089810191537,3.1415149799793927,-250.43248115916907,750.5959998713225,3.374313888895803,338.59315999998006,35.14464899437953,-15.629929523495568,923.933203260186,-124.23152072218636
170412.0,3.0811,-1.8421,9.6567,-0.0169,-0.03,9.8066,-0.0376,0.0393,0.0079,138.32,-84.02,42.43,52.820164,-1.640313,12.69,6,339.3,19 / 21,-36.69762036400476,18.67656031268036,-1.2911489499999038,-1178.0193783363252,876.6999208343166,-72.31657029582144,False,76.899,-1.1101850874302768,2.9734465104170815,-250.54014687926923,750.8963373681057,3.1739444444473826,339.52663999998623,35.58743527657449,-15.703113802263276,927.4792314570559,-125.80358346621085
170512.0,3.1012,-1.019,9.6456,-0.0064,-0.027,9.8066,0.0122,-0.0118,-0.0354,131.21,-84.08,38.59,52.820164,-1.640313,12.69,6,339.3,21 / 22,-36.988193727218814,18.539805516637117,-1.3066989499999029,-1181.703669040886,878.5607391257823,-72.44646269082142,False,76.999,-1.0669017770021043,2.7143114166568294,-250.65433168478222,751.1745470749618,2.9164694444444943,338.5410500000002,35.92129195021671,-15.825494099980286,931.0493373561039,-127.38619205082057
170612.0,2.999,-1.124,9.9856,-0.0026,-0.0401,9.8066,0.0357,-0.0309,-0.0306,124.95,-84.26,35.55,52.820164,-1.640313,12.69,6,339.3,21 / 22,-37.232261544882014,18.349171091888834,-1.3058039499999028,-1185.414691804491,880.4051879562086,-72.5770878358214,False,77.09899999999999,-1.0048453469506986,2.574299509057412,-250.75527669824896,751.4305177955474,2.76346388889766,338.6775199999915,36.22741619793132,-15.774871582831423,934.659415106242,-128.97467016066116
170712.0,4.2284,-1.8678,9.5305,-0.0011,-0.0101,9.8066,0.0493,-0.0424,-0.0247,124.32,-84.32,34.95,52.820164,-1.640313,12.69,6,339.3,21 / 22,-37.53117162522477,18.121377574779345,-1.3106639499999024,-1189.152863462996,882.2287153895419,-72.70791123082138,False,77.19899999999998,-0.9852064257895897,2.5475517154796252,-250.84943379803178,751.6972744244895,2.7314194444458,338.85719999999213,36.54596519943518,-15.57382585929972,938.3034296649643,-130.5314409650524
170812.0,2.0821,-1.7723,10.2701,0.0112,0.0018,9.8066,0.0071,0.0082,-0.0641,122.28,-84.36,36.2,52.820164,-1.640313,12.69,6,339.3,21 / 22,-37.82829399770004,17.944297041346246,-1.3012989499999004,-1192.9208367441431,884.0319991203486,-72.8385093758214,False,77.299,-0.9849796520655233,2.566169789372098,-250.94352369076122,751.9641422483639,2.7487111111105924,339.00155999999583,36.84331434563451,-15.37812725197415,941.9773130533819,-132.06785687198465
170912.0,2.1018,-1.0921,9.4015,-0.0032,0.0014,9.8066,-0.0083,-0.0594,0.0572,120.23,-84.31,37.18,52.820164,-1.640313,12.69,6,339.3,21 / 22,-38.0286769850733,17.826937175584604,-1.2983839499999006,-1196.7136852932815,885.820560831195,-72.96849352082138,False,77.399,-0.9489832522163498,2.4189752841362244,-251.0309600839186,752.2089934779362,2.598463888891121,338.5792800000063,37.079693732856946,-15.40796189144838,945.682725209363,-133.6115673532588
171012.0,1.838,-1.4565,9.5343,-0.0097,-0.0202,9.8066,0.0078,-0.0027,-0.0207,122.22,-84.48,36.64,52.820164,-1.640313,12.69,6,339.3,21 / 22,-38.209144206859655,17.711363095170586,-1.3322589499998987,-1200.525576352878,887.5974758447327,-73.10002566582136,False,77.499,-0.9931124898573714,2.6718947884714694,-251.12498276958164,752.4866472087697,2.850494444444395,339.6095499999998,37.21603171700228,-15.039468306699117,949.4005935832964,-135.110828635963
171112.0,2.6916,-0.3527,9.7549,-0.0071,-0.0286,9.8066,0.046,-0.1687,0.016,123.77,-84.48,34.04,52.820164,-1.640313,12.69,6,339.3,21 / 22,-38.37941434248188,17.55609714117541,-1.3484639499998978,-1204.355004280345,889.3608488565499,-73.23406181082134,False,77.59899999999999,-0.9486861257105779,2.4086824175364145,-251.2257261618367,752.72060133434,2.5887805555709664,338.50130000006527,37.4307282167713,-15.147414723638995,953.1292781185082,-136.64024752220985
171213.0,2.7422,-1.7372,9.9534,0.013,0.0243,9.8065,-0.0362,-0.0497,0.0693,124.74,-84.41,34.98,52.820164,-1.640313,12.69,6,339.3,21 / 22,-38.59099940461214,17.374124322254836,-1.3436664499998978,-1208.2420101745731,891.1248250404531,-73.37001439602133,False,77.69999999999999,-0.9218037393398809,2.495170909200744,-251.3141034539348,752.9898042523783,2.6599999999967663,339.723999999946,37.66919566527226,-14.878953413054091,956.9279067206384,-138.1350207880747
171312.0,2.7035,1.3432,10.107,-0.005,-0.0032,9.8066,-0.0087,-0.0809,0.0075,121.43,-84.24,35.14,52.820164,-1.640313,12.69,6,339.3,21 / 22,-38.722587568342966,17.14855002238871,-1.3215349999998938,-1212.069032729735,892.8336974205132,-73.50194186779635,False,77.799,-0.8043480345091292,2.3792023961915154,-251.38063844951444,753.2209785048109,2.5115000000043772,341.3218599999529,37.918239533833834,-14.769347626197195,960.6883942802206,-139.61271891570232
171412.0,2.8352,-0.352,9.5102,0.02,0.027,9.8065,-0.0176,-0.0169,-0.0117,129.34,-84.01,39.52,52.820164,-1.640313,12.69,6,339.3,21 / 22,-38.81012777496753,16.88423663079481,-1.3213399999998938,-1215.9456684969002,894.5353367531723,-73.63408561779633,False,77.899,-0.9222869180541629,2.4299418263492107,-251.47445951396514,753.4765044464034,2.599099999998678,339.2164300000315,37.88784085691337,-14.454294804445599,964.4712089829351,-141.05883230676886
171512.0,2.9316,0.4213,9.5502,0.0119,0.017,9.8066,-0.0431,0.0642,0.0005,131.36,-83.94,41.78,52.820164,-1.640313,12.69,6,339.3,22 / 22,-38.96692020028867,16.643845622965056,-1.3489849999998922,-1219.8345208956628,896.2117408658602,-73.76760186779632,False,77.999,-0.8631426518689609,2.4210324403959103,-251.54858890801728,753.7212444803507,2.5703000000000062,340.37804999999975,38.10377754841971,-14.222813182569146,968.2859319876454,-142.49049638550946
171612.0,2.9823,-0.3221,10.3589,-0.0285,0.014,9.8065,0.032,-0.0122,-0.0249,136.13,-83.99,42.95,52.820164,-1.640313,12.69,6,339.3,22 / 22,-39.140028374648665,16.408607689678153,-1.334194999999893,-1223.7398683244094,897.8643635314922,-73.9017608677963,False,78.09899999999999,-0.9722805053769746,2.5639867843798037,-251.6491306790868,753.9878899143573,2.7421499999899615,339.2336800000674,38.16774786927169,-13.844620905298349,972.0907376453226,-143.87647361713493
171712.0,1.9604,-0.6989,9.056,-0.0211,0.0078,9.8066,0.0802,0.1675,-0.0282,131.92,-83.82,42.22,52.820164,-1.640313,12.69,6,339.3,22 / 22,-39.323668153923236,16.24758657647137,-1.3441149999998925,-1227.6630531508376,899.4971732447997,-74.03567636779628,False,78.19899999999998,-0.9310908137124965,2.675600019161941,-251.73663427931075,754.2657660350319,2.832988888884932,340.81193999992945,38.39257734021074,-13.57198655730943,975.926418871527,-145.23140720976778
171812.0,3.051,-0.1586,10.6341,0.0105,0.0094,9.8065,-0.1074,0.1004,0.0065,132.64,-83.68,42.78,52.820164,-1.640313,12.69,6,339.3,22 / 22,-39.497211520414766,16.07225166895718,-1.3402749999998915,-1231.6040971345553,901.1131651570714,-74.1698958677963,False,78.299,-0.9651979092210241,2.806185864830242,-251.83731046453258,754.5547616502263,2.967538888884949,341.0190699999944,38.53201361119374,-13.266065804126937,979.7667866700227,-146.55840350684514
171912.0,1.1455,0.6194,9.8723,0.0043,0.0233,9.8066,-0.0504,0.1875,0.003,132.97,-83.52,42.83,52.820164,-1.640313,12.69,6,339.3,22 / 22,-39.595818982812204,15.88323853313538,-1.295619999999894,-1235.5587486597165,902.7109396671759,-74.30169061779628,False,78.399,-1.0738190816816124,3.0055711339662317,-251.95142806299236,754.8658850553687,3.1916388888855836,340.3398800000101,38.52199990113059,-12.877667399169148,983.6073205967241,-147.8450546118072
172012.0,3.1503,-0.385,9.5967,-0.0144,0.0152,9.8065,0.1488,-0.0441,-0.0059,134.6,-83.45,44.7,52.820164,-1.640313,12.69,6,339.3,22 / 22,-39.7098972858325,15.701978789303901,-1.3028349999998936,-1239.5240344731485,904.2902005332978,-74.43161336779626,False,78.499,-1.068054279607885,3.267392073051908,-252.0523730764535,755.2212640396649,3.437538888888841,341.8971999999997,38.64184300622461,-12.434586716251992,987.471661396695,-149.06893649363292
172112.0,2.5332,-0.2007,8.7512,0.0072,0.0207,9.8066,0.0993,0.1454,-0.0273,140.06,-83.59,46.79,52.820164,-1.640313,12.69,6,339.3,22 / 22,-39.9124410813107,15.508531888862525,-1.36610499999989,-1243.5051513915055,905.8507260672061,-74.56506036779624,False,78.59899999999999,-1.1983641099127298,3.4925752931687106,-252.1797976740226,755.5770878057269,3.6924499999852785,341.0625900000496,38.71407697139797,-12.015956595693813,991.3253537174828,-150.27363826147916
172212.0,2.9507,0.8227,10.0294,0.0041,0.0165,9.8066,-0.0465,0.0051,0.0717,134.95,-83.76,45.88,52.820164,-1.640313,12.69,6,339.3,22 / 22,-40.065859723453684,15.280167657646667,-1.4077399999998874,-1247.5040664317435,907.3901610445315,-74.70375261779621,False,78.69899999999998,-1.2058193463650932,3.54619766591733,-252.30083760030718,755.9439198679357,3.7455999999977534,341.22031999999257,38.86004037708859,-11.733969991729337,995.2032288314363,-151.44624117659578
172313.0,1.8212,-1.1856,9.3991,-0.0001,0.0165,9.8065,-0.0228,-0.0495,0.1291,138.32,-83.75,45.55,52.820164,-1.640313,12.69,6,339.3,22 / 22,-40.22438824548316,15.107813291086247,-1.417072399999887,-1251.5587239541746,908.9247540824425,-74.8464056439962,False,78.79999999999998,-1.2130303697716347,3.547213726750285,-252.42302004671734,756.3034130659089,3.7488888888888074,341.12100000000294,39.011357875711525,-11.560599564335963,999.1357039074574,-152.62134101653362
172414.0,2.5203,-0.7025,9.2285,-0.0096,-0.0079,9.8066,-0.0366,0.1421,-0.036,136.83,-83.83,43.17,52.820164,-1.640313,12.69,6,339.3,22 / 22,-40.42448349650209,15.008636995907484,-1.4668502499998866,-1255.6314919771448,910.4456348219356,-74.99204373782119,False,78.90099999999998,-1.334817487692209,3.8817640029586205,-252.55212482093773,756.7080514038636,4.1048555555513095,341.02320999999387,39.089666008809886,-11.126872992948863,1003.0793671562071,-153.73758341807206
172516.0,1.8617,-0.3435,9.7102,0.0018,0.0153,9.8065,-0.1209,-0.0162,-0.1025,131.71,-83.85,42.44,52.82069,-1.640629,7.72,4,338.11,19 / 22,-40.592047448788165,14.867397900773984,-1.5012548499998877,-1259.763335055355,911.9693126016665,-75.14341709792119,False,79.00299999999999,-1.4005322274196013,4.169706580622786,-252.69628397798598,757.1507184074285,4.398630555555205,341.4339400000004,39.19151522136856,-10.697691320151197,1007.0670510773689,-154.81859419423802
172612.0,2.2042,-1.4526,9.3498,-0.0269,0.032,9.8065,0.0707,-0.003,0.1079,132.06,-83.83,42.42,52.82069,-1.640629,7.72,4,338.11,19 / 22,-40.76030347360136,14.761851996876649,-1.5278132499998887,-1263.6682478996297,913.3915165967538,-75.28881236672119,False,79.09899999999999,-1.4719992222002247,4.333869462845322,-252.8382253018667,757.577706926049,4.5770305555448285,341.2400200000117,39.28830425140114,-10.427982534031326,1010.830022597763,-155.8138096707048
172712.0,1.8087,-1.2738,9.8006,-0.0012,-0.0092,9.8066,0.0014,0.0401,-0.1759,132.96,-83.61,43.01,52.82069,-1.640629,7.72,4,338.11,19 / 22,-40.969260555660206,14.686896144500249,-1.5509582499998873,-1267.7547261010925,914.8639540038226,-75.44275094172117,False,79.19899999999998,-1.4223078440057244,4.461607722945994,-252.97942734800114,758.0445032272786,4.682838888884273,342.31808999995206,39.546952711654484,-10.225288421554255,1014.7752987530914,-156.81945077654404
172812.0,3.922,-1.1605,10.4263,0.0072,0.012,9.8066,0.0742,0.0818,0.0962,129.0,-83.66,43.01,52.82069,-1.640629,7.72,4,338.11,19 / 22,-41.21848468651485,14.529966599274038,-1.5202782499998804,-1271.8641133632023,916.3247971410117,-75.5963127667212,False,79.299,-1.5098824665393349,4.602027150472611,-253.13386918619986,758.5115219190518,4.843388888884187,341.83598000001456,39.70860221997551,-9.927939448801428,1018.7302441770024,-157.81327522195988
172912.0,2.7727,-0.9892,10.4406,0.0135,-0.0079,9.8066,-0.006,0.0453,-0.0131,132.38,-83.86,43.3,52.82069,-1.640629,7.72,4,338.11,19 / 22,-41.489353475348445,14.326882570670184,-1.4575982499998839,-1275.9995052712952,917.7676395995088,-75.74520659172117,False,79.399,-1.4600546471979994,4.858021072935343,-253.27513843942694,759.0115655047354,5.072699999996622,343.27144999997864,40.029298828150445,-9.468861497734842,1022.7243668318683,-158.75607409477345
173012.0,1.7001,0.6672,7.2537,-0.0083,0.0051,9.8066,0.1364,-0.1324,0.0448,133.48,-84.05,44.72,52.82069,-1.640629,7.72,4,338.11,19 / 22,-41.62672352528068,14.15397159706487,-1.5535482499998783,-1280.1553091213264,919.1916823078955,-75.89576391672115,False,79.499,-1.5304658853649813,5.144210153198174,-253.43623377717213,759.5449675677107,5.367049999999943,343.43153,40.0962576399157,-9.009761443866697,1026.7190753441541,-159.64671474018473
173112.0,1.6264,-1.2906,8.8755,-0.0266,0.0178,9.8066,0.0206,0.2115,-0.1041,133.25,-84.1,44.81,52.82069,-1.640629,7.72,4,338.11,19 / 22,-41.73697802641784,14.034909982044528,-1.7277532499998682,-1284.323494198911,920.6011263868509,-76.05982899172113,False,79.59899999999999,-1.706658003444807,5.261539777414333,-253.61083773522193,760.0787032161212,5.531424999990587,342.02918000008185,40.03032002297303,-8.773370204630195,1030.7126564636892,-160.52242317072967
173212.0,3.4035,0.7482,10.5136,-0.0076,0.0123,9.8066,-0.1062,-0.0891,0.0609,132.43,-83.88,42.96,52.82069,-1.640629,7.72,4,338.11,19 / 22,-41.899973679553,13.849884036412416,-1.7389632499998675,-1288.5053417842093,921.9953660877736,-76.23316481672111,False,79.69899999999998,-1.4606893005806336,5.461753231164544,-253.74565511007708,760.6344554588779,5.6537805555501945,345.02657999986627,40.43928437897237,-8.388130805247872,1034.7596866741324,-161.36091062889568
173312.0,-0.3083,-2.4165,8.5734,-0.001,0.0483,9.8065,-0.083,0.1224,0.0785,134.85,-83.72,41.18,52.82069,-1.640629,7.72,4,338.11,19 / 22,-42.03531199537665,13.775644873331052,-1.7652782499998734,-1292.7021060679567,923.3766425332611,-76.40837689172115,False,79.799,-1.635382294544779,5.572309849316064,-253.91999023987285,761.2014383896791,5.807349999995508,343.6442700000416,40.399929700831876,-8.203335024014986,1038.782115828084,-162.17520414358205
173412.0,1.8459,0.2999,9.505,0.038,-0.0218,9.8065,0.0231,0.2057,-0.1181,134.69,-84.2,41.37,52.82069,-1.640629,7.72,4,338.11,19 / 22,-42.138080172037846,13.775565983197207,-1.842023249999869,-1296.9107756763271,924.7542030760875,-76.58874196672113,False,79.899,-1.6146538186686754,5.705825175071373,-254.08142161296297,761.7795408136134,5.929888888887094,344.19924999999154,40.52342635336917,-8.069740808125834,1042.8293540633642,-162.9746622624741
173514.0,0.6821,-1.1089,8.9973,-0.0313,-0.0212,9.8066,0.0799,-0.1458,-0.1013,135.96,-84.26,43.43,52.82069,-1.640629,7.72,4,338.11,20 / 22,-42.23114182911038,13.693636038080575,-1.898684249999871,-1301.213605998386,926.1551323791728,-76.77951804922112,False,80.001,-1.8212306086482464,5.779791812273998,-254.28640316495714,762.3697634838528,6.0599555555554545,342.5097999999993,40.409911220462135,-7.913844225806577,1046.9272028334287,-163.78536889531995
173611.0,3.0774,-1.4572,9.9666,-0.0251,-0.0211,9.8065,0.0613,0.2022,-0.0757,131.7,-84.08,42.98,52.82069,-1.640629,7.72,4,338.11,20 / 22,-42.418588094888875,13.625852003100817,-1.9301801499998645,-1305.319117899699,927.4801275491698,-76.96521797262108,False,80.09799999999998,-1.747089023646661,5.9948342045486145,-254.4558993859738,762.9737743254063,6.244255555544688,343.7513999999268,40.671499071242216,-7.631017798552203,1050.8632185137253,-164.50635322376343
173712.0,0.287,1.2933,8.4155,-0.0037,-0.0217,9.8065,0.0601,-0.0097,0.0028,130.47,-83.97,41.17,52.82069,-1.640629,7.72,4,338.11,20 / 22,-42.50885979091181,13.486842871624235,-1.9923557499998639,-1309.607954017932,928.8493186403433,-77.16330603557105,False,80.19899999999998,-2.0083215558674787,6.264534386110477,-254.66565263967115,763.613701128775,6.578605555540876,342.2256700000689,40.50053823504433,-7.222308485513758,1054.9423013782607,-165.2356175115683
173812.0,-1.6667,-0.7422,9.0109,0.0174,-0.0341,9.8065,-0.2531,0.3261,-0.0533,125.63,-83.64,39.19,52.82069,-1.640629,7.72,4,338.11,20 / 22,-42.42218668066696,13.506475173692353,-2.1017007499998885,-1313.8545063415118,930.1989845426094,-77.3680088605711,False,80.299,-2.109554125739778,6.258807170282129,-254.88730154409777,764.2475122097834,6.604769444443771,341.37345000002466,40.312632554927184,-7.247668003410224,1058.967204797414,-165.95147233282603
173912.0,1.3702,-1.9249,10.7863,-0.0372,-0.0171,9.8065,-0.0188,0.1971,-0.0164,126.51,-83.54,39.99,52.82069,-1.640629,7.72,4,338.11,20 / 22,-42.49292183663433,13.582170030403002,-2.092505749999889,-1318.1002617673767,931.5534168028141,-77.57771918557107,False,80.399,-2.126649992144758,6.481737423969918,-255.09577786353947,764.9033398878804,6.821699999996784,341.835249999993,40.366271844489575,-7.100432606433085,1063.0044839038371,-166.65007691493372
174012.0,2.1893,-1.657,10.0959,0.0292,-0.0467,9.8065,-0.0813,0.3944,-0.2933,129.12,-83.78,43.8,52.82069,-1.640629,7.72,4,338.11,20 / 22,-42.7158874115146,13.534988417618665,-2.0290607499998923,-1322.3607022297838,932.9092747252151,-77.78379751057105,False,80.499,-2.2679311822228283,6.4035946192883975,-255.32408026752552,765.5483816569462,6.793363888888894,340.4975600000003,40.44795622929177,-7.131393798330268,1067.0366219622583,-167.36089306826898
174112.0,1.7895,-5.5614,9.4943,0.0022,0.0163,9.8066,-0.0293,0.2188,-0.0542,135.3,-83.64,46.37,52.82069,-1.640629,7.72,4,338.11,20 / 22,-43.08132462596385,13.618213463323873,-2.030215749999892,-1326.6505628316575,934.2669348192622,-77.98676133557103,False,80.59899999999999,-2.4040520704301027,6.605690787931397,-255.57254479135707,766.2153288267282,7.029555555541765,340.00187000002813,40.67727255553375,-7.012522675392476,1071.0780180403003,-168.05160599253406
174212.0,2.6418,0.3842,9.3773,0.0246,-0.0875,9.8061,-0.0423,0.5471,-0.3643,135.45,-83.69,50.99,52.82069,-1.640629,7.72,4,338.11,20 / 22,-43.39511766267986,13.626238368316343,-2.0673007499998897,-1330.9743849460895,935.6291574108442,-78.191637160571,False,80.69899999999998,-2.6004978797559417,6.733384388133419,-255.83451793550938,766.8935066846144,7.2181194444361765,338.8832500000495,40.79461978292392,-6.892853980182925,1075.13986701058,-168.73565072622978
174312.0,3.4108,2.3637,10.2802,-0.0177,-0.0117,9.8066,-0.0238,-0.0776,-0.1052,138.42,-83.89,50.39,52.82069,-1.640629,7.72,4,338.11,20 / 22,-43.499424502021206,13.297265426765914,-2.065090749999889,-1335.3191120543254,936.9753326005986,-78.39825673557104,False,80.799,-2.694715724176246,6.861331638923589,-256.10993249292613,767.5938123331354,7.3715249999955335,338.5581700000093,40.80470877784496,-6.435933787842325,1079.2091795613992,-169.3815202674632
174412.0,2.5869,-0.1472,9.38,-0.027,-0.0476,9.8065,-0.0895,0.3974,-0.0835,137.6,-83.52,48.62,52.82069,-1.640629,7.72,4,338.11,20 / 22,-43.62394496734137,12.992383883966443,-2.062745749999889,-1339.6752805277933,938.2898150661351,-78.60464856057102,False,80.899,-2.6986967706158036,7.054610373237757,-256.3788279649038,768.3053486683135,7.553180555552883,339.0658399999924,40.92524819672557,-5.937773510728686,1083.2964525628895,-169.98446639782162
174512.0,-0.0263,1.9151,10.6369,0.0044,0.0494,9.8065,-0.0152,-0.1281,0.1694,142.67,-83.24,49.47,52.82069,-1.640629,7.72,4,338.11,19 / 20,-43.64105780668696,12.812852723743106,-2.04256574999989,-1344.0385306664946,939.5800768965205,-78.809914135571,False,80.999,-2.741408890712821,7.1759559897862335,-256.6476562298281,769.0280044973109,7.681774999999974,339.09179,40.89964891597414,-5.636896733956872,1087.3908744366665,-170.55207239920958
174613.0,0.2792,-3.3312,10.1472,-0.004,0.113,9.806,-0.1372,0.4268,-0.3634,144.7,-82.84,51.39,52.82069,-1.640629,7.72,4,338.11,19 / 20,-43.667005556543366,12.841781171545408,-1.9834403499998903,-1348.4475878663377,940.8756359082325,-79.01322744362099,False,81.1,-2.882389163761137,7.244596288150316,-256.94605560385537,769.7579991900191,7.796944444437809,338.30400000004596,40.784616392782226,-5.597184883395093,1091.5015322624822,-171.11763671821348
174712.0,3.2715,6.6856,9.0841,0.0363,0.0817,9.8062,-0.1207,-0.1732,0.1691,142.41,-82.42,53.15,52.82069,-1.640629,7.72,4,338.11,19 / 20,-43.67735373948039,12.583761060327827,-2.0023493499998883,-1352.7711336514903,942.1342002487102,-79.21052403377097,False,81.19899999999998,-2.8836709456726766,7.432300072878884,-257.23215608479535,770.5065634362178,7.9721194444366645,338.79404999997826,40.79368279380771,-5.151460987448943,1095.538977566695,-171.62763681249237
174812.0,3.3226,-2.8116,8.7133,-0.0674,0.1146,9.8057,0.0233,-0.7262,0.3931,140.08,-82.3,49.78,52.82069,-1.640629,7.72,4,338.11,19 / 20,-43.79684799455795,12.197415986735649,-2.0931443499999087,-1357.1448437381932,943.3732591010636,-79.415298718771,False,81.299,-2.9262291334531874,7.567529781259169,-257.52114646958285,771.2736972349319,8.11358888888477,338.85938999999826,40.87061886110476,-4.62988620547648,1099.6236972686104,-172.0995618661317
174912.0,-0.076,3.2224,9.4412,-0.0434,-0.0448,9.8064,-0.1431,0.4289,-0.1946,133.18,-82.15,44.98,52.82069,-1.640629,7.72,4,338.11,19 / 20,-43.868825646852095,12.07027813006032,-2.1660843499999043,-1361.5281274202634,944.5866438069033,-79.62826015377098,False,81.399,-2.984347898500712,7.637915902312528,-257.8234438534883,772.0409422292707,8.200249999998734,338.658040000003,40.88447774835138,-4.432362227747792,1103.7046835667752,-172.5457015776326
175011.0,3.4888,-2.2337,10.7331,0.026,0.003,9.8065,0.1408,-0.374,0.2165,136.4,-82.15,44.04,52.82069,-1.640629,7.72,4,338.11,19 / 20,-43.92525943668288,11.904986598833865,-2.138314849999907,-1365.873934631898,945.7734194109835,-79.84132791417095,False,81.49799999999999,-3.077917943051335,7.632145850889729,-258.1294376260129,772.789617670403,8.229422222222212,338.03664000000026,40.847341493631546,-4.272840747944136,1107.744497005885,-172.98380174058047
175112.0,4.0053,-1.1219,8.7163,0.0557,-0.0077,9.8065,0.1479,0.0785,-0.016,136.8,-82.74,45.91,52.82069,-1.640629,7.72,4,338.11,19 / 20,-44.29099800724546,11.74691606482792,-2.146591799999907,-1370.3288556328164,946.9678404954984,-80.05771569999594,False,81.59899999999999,-3.0806429499355312,7.856608155491788,-258.4416816557005,773.5973376172763,8.438999999987812,338.58928999996704,41.21035505730993,-3.8903079093361317,1111.887173977116,-173.37050287822217
175212.0,2.8694,0.047,10.9362,0.045,0.0193,9.8065,-0.057,-0.103,0.1247,137.62,-83.19,48.43,52.82069,-1.640629,7.72,4,338.11,19 / 20,-44.55439097908501,11.531116489410666,-2.144631799999907,-1374.7711250821326,948.1317421232103,-80.27227687999591,False,81.69899999999998,-3.0939640783148854,8.14113625675394,-258.75083416035085,774.4199576839001,8.709236111099205,339.1909799999735,41.46042690077012,-3.3899802326567254,1116.0202909217817,-173.71178443931024
175312.0,4.2449,0.1638,9.6147,-0.0171,0.0141,9.8065,-0.1626,0.1012,-0.1614,136.35,-83.19,46.78,52.82069,-1.640629,7.72,4,338.11,19 / 20,-44.781236305403134,11.2591884556147,-2.0977517999998967,-1379.237906446358,949.2712573704619,-80.48439605999596,False,81.799,-3.115193981348146,8.267434835759557,-259.05333316544244,775.2648167367768,8.83486944444082,339.3534199999954,41.666042324054985,-2.9917536198551424,1120.1845732809156,-174.0064406336851
175412.0,0.8136,-0.2548,9.3186,-0.0109,0.0394,9.8065,0.0106,0.08,0.1575,135.58,-83.31,45.64,52.82069,-1.640629,7.72,4,338.11,19 / 20,-44.94128554602734,11.066784307849458,-2.1317517999998947,-1383.7240325389294,950.387556008635,-80.69587123999594,False,81.899,-3.234791200744457,8.146997833707328,-259.38237896171665,776.0768732863135,8.765711111112154,338.344210000015,41.70649434528288,-2.91978647414213,1124.3416535772126,-174.31068272232153
175512.0,1.7758,0.298,11.1589,-0.0131,-0.0205,9.8066,0.0511,-0.2141,0.1912,135.7,-83.24,45.64,52.82069,-1.640629,7.72,4,338.11,20 / 21,-45.00643682683247,10.954278928054505,-2.088541799999897,-1388.221418657572,951.4886091704301,-80.90688591999591,False,81.999,-3.1554671784539634,8.299206698213435,-259.69838658711217,776.921621143573,8.878849999999979,339.1824299999998,41.85096964837851,-2.6550722298410694,1128.52303207046,-174.56698802685708
175612.0,2.7262,0.8979,11.0559,0.0119,-0.0442,9.8065,-0.0138,0.0744,0.1329,134.47,-83.3,48.91,52.82069,-1.640629,7.72,4,338.11,20 / 21,-45.096873144331575,10.732676571399221,-1.9584667999999046,-1392.72658415613,952.5729569454027,-81.1092363499959,False,82.09899999999999,-3.321098380085962,8.527238507472653,-260.02756679748256,777.7777108851463,9.151149999984188,338.7207500000274,41.77577476424561,-2.205438063926568,1132.6990173586473,-174.79524606025632
175712.0,1.013,0.9619,9.7544,0.0202,0.016,9.8066,-0.0926,-0.0282,-0.0971,141.49,-83.31,53.03,52.82069,-1.640629,7.72,4,338.11,20 / 21,-45.144956050330165,10.513322585718408,-1.898616799999908,-1397.2386756158628,953.6352569032584,-81.30209052999588,False,82.19899999999998,-3.177458499331241,8.594382452641506,-260.34357442290474,778.644920117126,9.162963888888484,339.7099599999559,41.96749755099893,-1.9189401330769016,1136.895101192958,-174.9903367861324
175812.0,-0.0997,-2.8147,11.3284,0.0413,0.0123,9.8065,0.0321,0.3056,-0.1813,147.39,-83.35,55.6,52.82069,-1.640629,7.72,4,338.11,20 / 21,-45.20379321764854,10.54123197780759,-1.8251417999998911,-1401.7561130792628,954.687984631435,-81.48827845999591,False,82.299,-3.2464811683846926,8.75368266624958,-260.6727546332854,779.5232488429118,9.336305555550448,339.651690000002,41.95731204926385,-1.78754931155801,1141.0833584459774,-175.16473578852322
175912.0,2.4946,2.2123,9.8359,0.0168,-0.0044,9.8065,-0.0135,0.2206,-0.1915,149.26,-83.13,57.72,52.82069,-1.640629,7.72,4,338.11,20 / 21,-45.3052714400205,10.477985743162952,-1.7475917999998953,-1406.281566312146,955.7389455174834,-81.6669151399959,False,82.399,-3.285563080658001,8.78325065284826,-261.0020692578121,780.401688762936,9.37765555555497,339.4906200000024,42.0197083593625,-1.6947350903146923,1145.279497054334,-175.3372567545474
176012.0,0.6588,-2.3165,10.1237,-0.0277,0.0163,9.8065,-0.0906,0.3016,-0.2356,150.16,-83.0,58.91,52.82069,-1.640629,7.72,4,338.11,20 / 21,-45.421933231130744,10.377083449890685,-1.7302767999998963,-1410.8179265457034,956.7816989771361,-81.84080856999587,False,82.499,-3.26687333578831,8.860142317224291,-261.33138388235204,781.2911369818548,9.443230555555544,339.76025999999996,42.15505989534243,-1.5169411326663944,1149.4865426633514,-175.49056199528127
176112.0,-1.4454,1.3024,9.0364,-0.0266,-0.0532,9.8064,-0.1012,0.2379,-0.0155,148.92,-82.84,56.9,52.82069,-1.640629,7.72,4,338.11,20 / 21,-45.392340644666014,10.416606349072257,-1.7529367999998948,-1415.3586402394928,957.8213834670842,-82.01496924999586,False,82.59899999999999,-3.4046842190828746,8.951060162395725,-261.6740055059462,782.1806963942477,9.576713888881144,339.1749400000343,41.98765642558314,-1.4655461866765318,1153.6846347335468,-175.6406870728365
176212.0,1.5731,0.0916,10.0926,0.013,0.0296,9.8065,0.0131,0.2593,-0.1075,145.05,-82.57,56.71,52.82069,-1.640629,7.72,4,338.11,20 / 21,-45.337257173427965,10.324181460774893,-1.7771517999998934,-1419.8951201303973,958.8584228575764,-82.19147367999584,False,82.69899999999998,-3.4147246437123573,9.042802648510145,-262.0167615437102,783.1032807005926,9.666055555551647,339.3125499999936,41.92253252971561,-1.281378812264748,1157.8783585866872,-175.75514215698388
176312.0,-0.6062,2.2112,10.0743,-0.0029,-0.0229,9.8066,0.0407,0.3825,-0.2524,143.3,-82.78,54.73,52.82069,-1.640629,7.72,4,338.11,20 / 21,-45.28609366182477,10.180759123849743,-1.749471799999887,-1424.426287672161,959.8836698868079,-82.36780485999587,False,82.799,-3.4104124689991537,9.308536048088419,-262.3595175814878,784.0482151881295,9.913619444437172,339.87829999998337,41.87568119282562,-0.8722230757613243,1162.0667700906731,-175.8354546986784
176412.0,0.4018,-0.4165,9.9594,0.0173,0.0468,9.8064,-0.0176,-0.0108,0.0538,145.82,-82.81,57.87,52.82069,-1.640629,7.72,4,338.11,20 / 21,-45.20156859537124,10.091942276163051,-1.728451799999888,-1428.9506707850205,960.8973049568084,-82.54170103999586,False,82.899,-3.4700831903288067,9.256232573090822,-262.70892711881123,784.971355469127,9.885311111111568,339.4493900000064,41.731485405042434,-0.8357097030722294,1166.2417436662092,-175.92594948768135
176512.0,0.4302,-3.4104,9.1309,0.0202,0.0379,9.8065,0.0851,0.3438,-0.1602,150.58,-82.95,59.42,52.82069,-1.640629,7.72,4,338.11,25 / 25,-45.311512142299065,10.210258265878515,-1.7546017999998864,-1433.4763248219037,961.9124149839104,-82.71585371999583,False,82.999,-3.3756687182940266,9.37701097344276,-263.0450968640828,785.9272982534654,9.966124999999984,340.20135999999985,41.935843424005036,-0.8332472924357557,1170.431227957821,-175.98511673044493
176612.0,0.1724,-1.2089,9.0988,0.0072,0.0501,9.8065,0.0043,-0.0728,0.1736,146.4,-83.12,59.68,52.82069,-1.640629,7.72,4,338.11,25 / 25,-45.43389155053362,10.368097966982802,-1.8237817999998824,-1438.013595006545,962.9413327955534,-82.89477289999581,False,83.09899999999999,-3.5631398546039255,9.475623910456262,-263.4010926938736,786.8835746225152,10.12341944443532,339.3922500000476,41.8707516959297,-0.8924740565265399,1174.6125023126715,-176.05775817303822
176712.0,2.8887,-2.7008,9.5732,-0.0063,0.0421,9.8065,0.005,0.0968,-0.0345,151.2,-82.91,59.88,52.82069,-1.640629,7.72,4,338.11,25 / 25,-45.645543173592195,10.436621359640172,-1.8708467999998797,-1442.567566742751,963.9815687618845,-83.07950432999579,False,83.19899999999998,-3.6006086879512793,9.653576485223285,-263.76394364446054,787.8728758848356,10.303199999992087,339.5453699999929,42.044934485640916,-0.7830448744168876,1178.8036230982905,-176.10869287704895
176812.0,0.1539,0.2448,9.1782,-0.0114,-0.0007,9.8066,0.0518,-0.2148,0.1459,150.4,-82.92,58.95,52.82069,-1.640629,7.72,4,338.11,25 / 25,-45.8181065622975,10.444399611436703,-1.9139417999998893,-1447.1407492295466,965.0256198104387,-83.26874375999581,False,83.299,-3.6962644720279907,9.746445630311936,-264.1401688011928,788.8515024337377,10.423799999996499,339.2311900000093,42.12184209026951,-0.6979539811247673,1183.0005804283537,-176.17411737670102
176912.0,-0.4627,-1.2484,8.7731,0.0049,0.0212,9.8065,-0.1145,0.001,0.0719,151.45,-82.89,60.4,52.82069,-1.640629,7.72,4,338.11,25 / 25,-45.80861317398072,10.469267596357488,-1.9970417999998846,-1451.7220852163603,966.0713031708283,-83.46429293999579,False,83.399,-3.669214837931089,9.874201792949732,-264.5098748725119,789.8410260873095,10.533899999998384,339.61508999999427,42.13939833604963,-0.5950658034077563,1187.2122103438483,-176.23027708351879
177012.0,2.4777,0.118,10.9345,0.0029,0.0018,9.8066,-0.1254,-0.0801,0.0467,150.1,-83.15,59.35,52.82069,-1.640629,7.72,4,338.11,25 / 25,-45.90286033133948,10.441761495574374,-1.9923267999998848,-1456.307658891626,967.1168546254248,-83.66376136999577,False,83.499,-3.6961563788843166,9.85269652352218,-264.8795137367779,790.8306609337262,10.523175000000004,339.43684,42.206703952455165,-0.5890649720521939,1191.4281451548482,-176.2861936916986
177112.0,0.0405,-1.855,10.3587,0.0303,-0.0041,9.8066,0.1149,-0.1082,0.1644,145.66,-83.24,59.27,52.82069,-1.640629,7.72,4,338.11,25 / 25,-46.04028967941623,10.424857705151743,-1.9083317999998894,-1460.9048163921636,968.160185585461,-83.85879429999575,False,83.59899999999999,-3.768553105241653,10.046283279538555,-265.2558061005892,791.8313040782514,10.729855555543496,339.4379699999999,42.27173657417458,-0.37857442561318777,1195.6490102915745,-176.32888150720964
177212.0,1.2584,-1.6065,8.8162,-0.0117,-0.0257,9.8066,0.0469,0.0839,-0.0684,144.21,-83.28,57.42,52.82069,-1.640629,7.72,4,338.11,25 / 25,-46.16998243375499,10.504281159652988,-1.930251799999888,-1465.515329997822,969.2066425287012,-84.05072347999572,False,83.69899999999998,-3.760359385019818,9.991370220718009,-265.6321656714675,792.8320584184795,10.675569444446946,339.3756300000028,42.40962304873517,-0.5129109389349793,1199.8831643263545,-176.3745841102217
177312.0,-1.8797,-0.9483,10.3609,-0.0052,-0.0152,9.8066,0.0005,0.1981,-0.0308,142.91,-83.41,55.95,52.82069,-1.640629,7.72,4,338.11,25 / 25,-46.198727380199784,10.603306750043005,-1.9520617999998928,-1470.1337654885208,970.2620219241862,-84.24483915999576,False,83.799,-3.8240157691325165,10.183648605568552,-266.01517874190466,793.8548293530173,10.877949999994016,339.41855999999876,42.37471161106727,-0.4196581444744538,1204.118586746616,-176.40719257116893
177412.0,-2.6865,5.3129,10.9842,0.0351,0.078,9.8062,0.0903,-0.4485,0.2949,145.55,-83.08,59.2,52.82069,-1.640629,7.72,4,338.11,25 / 25,-45.86870427423129,10.530640512774113,-1.8654717999998978,-1474.7371370712422,971.318719287327,-84.43571583999574,False,83.899,-3.8795166640256626,10.1880779707234,-266.4049125189541,794.8778226780973,10.901724999999677,339.15368000000393,41.989187610205626,-0.3425625420507128,1208.3322245522882,-176.44089660922964
177512.0,0.764,3.3005,12.2296,0.0251,0.0162,9.8066,-0.0922,-0.6617,0.3466,149.59,-83.22,59.23,52.82069,-1.640629,7.72,4,338.11,20 / 22,-45.53591896488934,10.200547258468875,-1.6854467999999079,-1479.3073682331978,972.355278675889,-84.61326176999572,False,83.999,-3.8824505893463335,10.253973386617936,-266.7947135030831,795.9118243013861,10.964369444444431,339.26188,41.65346837554301,0.053426128149061114,1212.5126547301147,-176.44345437450295
177612.0,-0.8218,2.591,9.5582,0.0842,-0.1446,9.8052,0.3686,-0.9242,0.5234,152.84,-84.3,65.04,52.82069,-1.640629,7.72,4,338.11,20 / 22,-45.37012791560619,9.91571613406366,-1.5767217999999141,-1483.8526705772224,973.3610918455156,-84.7763701999957,False,84.09899999999999,-3.943099534759105,10.375760898283403,-267.19782148630145,796.9459371195319,11.099749999992142,339.1917200000041,41.427028380847084,0.4600447642197434,1216.6548490909208,-176.4151547259837
177711.0,2.4801,2.4903,9.7648,0.013,-0.1977,9.8046,0.0645,-0.0514,0.0369,154.7,-84.37,67.9,52.82069,-1.640629,7.72,4,338.11,20 / 22,-45.31557769104781,9.629022022916809,-1.5910916499999168,-1488.3416130047526,974.3285563842863,-84.93317696577071,False,84.19800000000001,-3.919938322776207,10.327192225977663,-267.5772725822429,797.969708808183,11.046122222224684,339.2145199999989,41.3956393682716,0.6981702030608545,1220.7643404225096,-176.35884757610336
177811.0,2.8399,-8.1035,9.1246,-0.0671,-0.0224,9.8063,-0.2857,0.9081,-0.2624,160.36,-84.02,69.17,52.82069,-1.640629,7.72,4,338.11,20 / 22,-45.62795112314219,9.768708002581825,-1.6272866499999148,-1492.888789445462,975.2984428855613,-85.0940958807707,False,84.298,-3.9649728925008705,10.264725911531363,-267.9801117372248,799.0038216270681,11.003894444445676,338.8798400000101,41.66297823064132,0.496017908949538,1224.908677708237,-176.29462125849318
177912.0,-1.3868,-3.3738,8.6538,-0.0117,-0.0585,9.8064,-0.1553,0.8702,-0.6096,147.12,-84.13,63.21,52.82069,-1.640629,7.72,4,338.11,20 / 22,-45.91586684170441,10.259429082833403,-1.7199490999999139,-1497.5117522526866,976.3098638083748,-85.26313128614568,False,84.399,-3.9639557748079817,10.55025402006619,-268.3807330590064,800.0813004652875,11.270355555551589,339.4075999999921,41.95191106689643,0.29082493723278624,1229.1310191936802,-176.22856334308722
178012.0,2.8824,-8.6542,7.364,0.0359,0.1722,9.805,0.1728,0.3143,-0.3338,149.13,-83.42,65.55,52.82069,-1.640629,7.72,4,338.11,20 / 22,-46.2740151469049,10.71062203302844,-1.8997240999999037,-1502.1212463521167,977.3583663641678,-85.44411494614566,False,84.499,-4.027186395667271,10.538595387579566,-268.7839082493199,801.1377634639766,11.281855555555554,339.0863000000001,42.24682875123763,-0.1720266454488737,1233.3373381027968,-176.22060290019112
178112.0,1.2251,-0.2777,11.3422,0.0007,0.0139,9.8065,-0.0316,0.8693,-0.5054,152.09,-83.75,63.59,52.82069,-1.640629,7.72,4,338.11,20 / 22,-46.660578946347336,10.965223328150614,-1.945079099999901,-1506.7679760567792,978.4421586322267,-85.63635510614564,False,84.59899999999999,-4.138877012523281,10.317446128084153,-269.2071111453337,802.1720986712777,11.116669444454082,338.14151000005484,42.521701933824055,-0.6477772000664608,1237.5608649114454,-176.27005996094897
178211.0,-0.3623,5.4803,8.5523,-0.0369,0.0915,9.8061,-0.0025,-0.1872,0.2483,152.29,-83.23,68.25,52.82069,-1.640629,7.72,4,338.11,20 / 22,-46.55971578871029,10.690427555908032,-1.9311596999998983,-1511.3823806461653,979.5141133509877,-85.82822892674567,False,84.69800000000001,-4.235067028761834,10.450051872722225,-269.6262816174172,803.2067674638846,11.27561111110392,337.93894000000864,42.32464875994846,-0.24037568318580682,1241.7560990287482,-176.3073458871031
178312.0,2.5547,-0.2874,10.7295,-0.0381,0.0787,9.8062,-0.0489,0.4608,-0.2216,147.14,-83.38,67.02,52.82069,-1.640629,7.72,4,338.11,20 / 22,-46.5106852471682,10.369721127539492,-1.9479004499998982,-1516.0824358984771,980.5776508595018,-86.02412146432066,False,84.799,-4.198972306832573,10.482064247762766,-270.05392017981967,804.2624520976369,11.291813888888509,338.1696299999931,42.311712940335624,0.11234312022327408,1246.0285157186574,-176.31519876186485
178412.0,-1.3234,5.8708,9.8351,-0.0086,0.1091,9.806,0.1548,-0.8333,0.3987,143.46,-83.8,63.0,52.82069,-1.640629,7.72,4,338.11,20 / 22,-46.37569848116885,10.091529183636222,-1.9003354499999008,-1520.7267550848937,981.6007133750605,-86.21653325932064,False,84.899,-4.181727475409002,10.397563026221112,-270.4773246970625,805.3076844082829,11.206969444445706,338.0908200000012,42.19397100575984,0.3060338425848901,1250.2494303878311,-176.29302896677768
178512.0,1.5317,-2.3102,8.7717,-0.0027,0.1314,9.8057,-0.0797,-0.1737,0.2242,152.21,-83.07,67.69,52.82069,-1.640629,7.72,4,338.11,20 / 22,-46.24838003871944,9.936160382649142,-1.9506604499998978,-1525.357959010888,982.6020978533747,-86.40908305432062,False,84.999,-4.354532119563967,10.320062933090174,-270.9140362134369,806.3419084207272,11.201161111111112,337.12277000000023,41.893847919155476,0.3839025504410323,1254.443922797451,-176.2601894326475
178612.0,0.5921,2.6848,9.8415,-0.0168,-0.0738,9.8063,-0.1895,-0.3267,0.2109,144.54,-83.92,63.03,52.82069,-1.640629,7.72,4,338.11,20 / 22,-46.29545723849797,9.850507041443342,-2.000665449999895,-1529.9851508747486,983.5914312245793,-86.60664934932059,False,85.09899999999999,-4.394570547617079,10.375949575163968,-271.3575356434449,807.3870295356662,11.268211111107199,337.0456800000039,41.90088669088089,0.5254425337206268,1258.6276152313037,-176.2044016889131
178712.0,2.5913,-3.9415,9.6984,0.012,0.0386,9.8065,0.1825,-0.3842,0.067,147.75,-83.54,62.22,52.82069,-1.640629,7.72,4,338.11,20 / 22,-46.434645534748036,9.796688324016971,-2.0043354499998944,-1534.6216560134105,984.5737909928523,-86.80689939432057,False,85.19899999999998,-4.398021005570816,10.335486584659408,-271.79444878097854,808.4322618470044,11.232313888890513,336.9489700000043,42.03662452917722,0.5387982606424373,1262.827207232432,-176.14152914584793
178812.0,1.7378,-5.7008,10.6163,0.06,-0.1112,9.8058,0.0721,0.1509,-0.0692,153.18,-83.82,64.86,52.82069,-1.640629,7.72,4,338.11,20 / 22,-46.835694497844784,10.083008411249068,-1.9692654499998863,-1539.2851730150412,985.5677758296158,-87.0055794393206,False,85.299,-4.38719532473514,10.251501656172753,-272.2379482110312,809.4554775619556,11.150819444446837,336.8311800000034,42.448499173109646,0.16849324492368467,1267.04722480401,-176.1122982676602
178912.0,1.6177,-1.302,9.5752,0.0021,-0.0521,9.8064,-0.0372,-0.1325,0.0852,154.6,-83.7,66.55,52.82069,-1.640629,7.72,4,338.11,20 / 22,-47.12458742712475,10.29474020514127,-1.9403554499998878,-1543.9831871112895,986.5866632604352,-87.20106048432058,False,85.399,-4.4741541535204234,10.223758101925625,-272.68816834770956,810.4894791845439,11.159899999999853,336.3647000000069,42.65043327360433,-0.0709821032156448,1271.29501876358,-176.09718407589128
179012.0,1.2397,-3.978,9.3095,-0.0318,0.0017,9.8066,-0.1157,0.3706,-0.2007,155.27,-83.41,66.82,52.82069,-1.640629,7.72,4,338.11,20 / 22,-47.34734350570761,10.445695928808856,-1.9767854499998856,-1548.7067836579308,987.6236850671327,-87.39691752932056,False,85.499,-4.4451887679908095,10.37665484847005,-273.13180219189525,811.5235920027569,11.288699999999974,336.8104499999999,42.902154737716806,-0.06904108033880618,1275.5749814660355,-176.10009306437576
179112.0,-0.1716,0.7906,9.8438,-0.02,-0.0325,9.8065,-0.0598,0.5407,-0.227,148.61,-83.35,63.11,52.82069,-1.640629,7.72,4,338.11,20 / 22,-47.43979510372004,10.544273578701768,-1.9997854499998842,-1553.446140588402,988.6731835425081,-87.59574607432054,False,85.59899999999999,-4.473047073274811,10.133851613209975,-273.58202232852807,812.535688224501,11.077150000012411,336.18338000003683,42.966748030445224,-0.41042196549179266,1279.864118259874,-176.13749531800715
179212.0,0.6286,2.0936,10.3677,0.0283,0.0597,9.8064,0.033,0.2856,-0.1724,154.45,-83.14,65.13,52.82069,-1.640629,7.72,4,338.11,20 / 22,-47.37574675318591,10.380251714436374,-1.9698754499998858,-1558.186917681247,989.719409807165,-87.79422911932052,False,85.69899999999998,-4.551084679768213,10.13589391410832,-274.03230967225915,813.5475620571548,11.110749999998411,335.81961000001587,42.8246620734177,-0.24435780032805354,1284.154608008988,-176.17184775001022
179312.0,1.6125,0.6765,9.2753,0.0102,-0.0108,9.8066,0.0038,0.1445,-0.1188,157.87,-83.53,64.95,52.82069,-1.640629,7.72,4,338.11,20 / 22,-47.403763124657964,10.18230179792585,-1.9683904499998854,-1562.9258931751403,990.7475374827833,-87.99114241432055,False,85.799,-4.574065711480335,10.049849956673713,-274.48925051554966,814.5484275916155,11.041811111113155,335.5279100000085,42.82969741317763,-0.13245184125213783,1288.4366426595907,-176.19910989116784
179413.0,1.9337,-1.8968,9.8836,-0.0171,0.0389,9.8065,-0.0359,-0.0027,-0.0451,155.24,-83.28,66.59,52.82069,-1.640629,7.72,4,338.11,20 / 22,-47.57800609952048,10.137411709471163,-1.9913376499998852,-1567.7224725209612,991.7736830149069,-88.19110868337053,False,85.9,-4.37032321343349,10.210998477234122,-274.92394581993574,815.570308967672,11.10694444444349,336.8289999999811,43.207682886086985,0.07358676776295958,1292.7985267010254,-176.2033740472349
179512.0,-0.3236,-4.3617,8.2782,-0.0146,0.0009,9.8066,-0.0124,0.6206,-0.4445,153.17,-83.39,64.05,52.82069,-1.640629,7.72,4,338.11,20 / 22,-47.76948899581856,10.355099204735941,-2.0631868999998777,-1572.44217352818,992.78806230516,-88.3918076485955,False,85.999,-4.497695050252219,10.010378599407527,-275.37638378977545,816.5720640613066,10.97439444444447,335.80534000000023,43.271793945566344,-0.34472060532841375,1297.0657897384046,-176.2159982438534
179612.0,1.1356,-1.9071,9.0719,0.0367,0.102,9.806,0.1825,-0.3542,0.2217,149.97,-83.47,59.81,52.82069,-1.640629,7.72,4,338.11,20 / 22,-47.9310196164827,10.584363911359114,-2.176346899999871,-1577.2271989587948,993.8350354609647,-88.60378433859547,False,86.09899999999999,-4.557226783128694,9.944766746615587,-275.8333918401125,817.561921298887,10.939230555557529,335.3801900000242,43.373792833354,-0.6395971647435275,1301.3938071186824,-176.27311416207772
179712.0,0.036,-5.6185,9.6408,-0.0067,0.082,9.8062,-0.1203,0.2752,-0.1428,153.12,-83.16,63.62,52.82069,-1.640629,7.72,4,338.11,20 / 22,-48.13716327785062,10.861484660331183,-2.2213768999998686,-1582.0306081035112,994.9073278895492,-88.82367052859544,False,86.19899999999998,-4.387073830398091,9.861603170630174,-276.27043939179276,818.5625644427969,10.79341388889535,336.0175199999715,43.750089447452524,-0.9998814897010089,1305.7601687117185,-176.34476344675227
179812.0,0.6779,2.8216,10.835,-0.0059,0.0528,9.8065,0.0033,-0.4134,0.2789,154.05,-83.25,65.13,52.82069,-1.640629,7.72,4,338.11,20 / 22,-48.21613012610817,10.942097064277135,-2.1782518999998586,-1586.8482727737103,995.9975069757799,-89.04365196859548,False,86.299,-4.6351448749022595,9.94825418303124,-276.73389932052226,819.5743270812201,10.975094444439046,335.0181600000297,43.58098525120591,-0.9938428812458948,1310.114373453188,-176.42317989455978
179912.0,1.22,-5.6344,9.301,0.019,0.0796,9.8063,0.0195,0.174,-0.0172,150.7,-83.29,66.18,52.82069,-1.640629,7.72,4,338.11,20 / 22,-48.35697548527254,10.989182970912154,-2.15211689999986,-1591.676928054279,997.0940709775392,-89.26017040859546,False,86.399,-4.6582311535837775,10.130532326679045,-277.19762807749146,820.5972092106896,11.150194444441874,335.30598999999563,43.698744331688765,-0.8586506442331086,1314.4792999767874,-176.49686176684963
180012.0,-0.315,0.5442,10.3799,0.0052,0.0473,9.8065,-0.048,-0.5705,0.2111,155.12,-83.27,66.68,52.82069,-1.640629,7.72,4,338.11,20 / 22,-48.50360131982347,11.159731065220527,-2.14873689999986,-1596.5199568945334,998.2015166793458,-89.47521309859543,False,86.499,-4.336893203629121,10.232246801182852,-277.6280893367046,821.62020253647,11.11344444444445,337.0306099999997,44.16670811619434,-0.927484264037675,1318.8918675578288,-176.58131414287584
180112.0,-0.0272,-6.0346,10.3055,0.0275,0.0813,9.8063,0.0763,-0.2412,0.3046,160.6,-83.15,68.0,52.82069,-1.640629,7.72,4,338.11,20 / 22,-48.56052733174059,11.39800162375841,-2.095131899999863,-1601.3731633271113,999.3294033137946,-89.68740653859541,False,86.59899999999999,-4.299888437191395,10.031219361997689,-278.058214560529,822.6211792671895,10.913955555567165,336.7975300000146,44.26063889454919,-1.3667822617607204,1323.3149487665823,-176.7082240466051
180212.0,-0.1615,5.7022,8.835,0.0203,-0.0329,9.8065,0.1404,-0.6223,0.3824,155.86,-83.25,67.71,52.82069,-1.640629,7.72,4,338.11,20 / 22,-48.519400948544785,11.397343293332456,-2.1187718999998615,-1606.2271597411254,1000.4691705596491,-89.89810172859538,False,86.69899999999998,-4.447102445067526,9.838894982219133,-278.5016467835013,823.5999170110298,10.797269444449537,335.67729000004965,44.072298503477256,-1.5584483111133238,1327.7255129576242,-176.86925354861933
180312.0,1.2556,0.0254,10.4242,-0.0126,0.0391,9.8065,0.0475,-0.6129,0.3899,156.09,-83.49,68.4,52.82069,-1.640629,7.72,4,338.11,20 / 22,-48.43507527788264,11.085660462468518,-2.1364768999998653,-1611.074883552448,1001.5933207474394,-90.11086416859541,False,86.799,-4.531374131635539,9.908081212242235,-278.9585204197385,824.6004489607021,10.895111111108193,335.42345000000716,43.9037011462471,-1.177579250226282,1332.1163631327095,-176.99287178673728
180412.0,0.4012,4.2499,10.7352,0.0049,-0.0601,9.8065,0.0633,-0.2616,0.2847,155.17,-83.52,67.15,52.82069,-1.640629,7.72,4,338.11,20 / 22,-48.40352337234457,10.829681939577881,-2.0591718999998694,-1615.916813484959,1002.6890878675416,-90.32064660859538,False,86.899,-4.510687678882647,9.981417537790934,-279.4022214709775,825.6012033002306,10.953311111110262,335.68136999999615,43.892835693461926,-0.8482644017869472,1336.5145920139814,-177.087884567311
180512.0,-0.711,-4.7051,7.2826,0.0097,0.0144,9.8065,-0.1755,-0.6259,0.3679,152.29,-83.42,69.21,52.82069,-1.640629,7.72,4,338.11,21 / 24,-48.39209687260512,10.82571429031191,-2.1389468999998646,-1620.7565944972062,1003.7718576790361,-90.53055254859535,False,86.999,-4.402235732099086,10.033650258003568,-279.84578810808347,826.6019576411597,10.956913888888888,336.31066999999985,43.98986114050604,-0.7920640323083408,1340.9108063891226,-177.16990003787635
180612.0,2.2353,7.11,10.67,-0.0008,-0.0085,9.8066,-0.2109,-0.6142,0.3338,158.2,-83.12,70.85,52.82069,-1.640629,7.72,4,338.11,21 / 24,-48.42419940651594,10.650992861614101,-2.22198189999986,-1625.597409311162,1004.8456930366324,-90.74859898859533,False,87.09899999999999,-4.515775140840823,10.040721439494533,-280.2960082447294,827.6027119799302,11.00946944444138,335.78438000003104,43.908424265675116,-0.6102714221195686,1345.3014010664326,-177.2429810567022
180712.0,-0.3408,1.9983,7.0926,0.0341,0.0541,9.8064,0.2801,-1.2372,0.7211,154.74,-82.66,70.77,52.82069,-1.640629,7.72,4,338.11,21 / 24,-48.32092156274406,10.16798286720331,-2.3145168999998544,-1630.4346653596247,1005.8866418230732,-90.9754239285953,False,87.19899999999998,-4.578643914978681,10.05511544346592,-280.7529490880195,828.5924580219502,11.04849999999829,335.51764000001157,43.74227764776538,-0.11286742373738967,1349.6817162716052,-177.29418380112304
180812.0,3.6095,-11.6543,9.5237,0.0711,-0.1754,9.8048,0.2055,-0.5563,0.2727,152.88,-82.3,67.72,52.82069,-1.640629,7.72,4,338.11,21 / 24,-48.67085637282171,10.493742348072079,-2.4643668999998884,-1635.284254256404,1006.9197280838372,-91.21436811859535,False,87.299,-4.414323786391015,9.9969170004627,-281.19665013927187,829.5820928690534,10.928163888892447,336.17532999998053,44.256532586430694,-0.4968253476093789,1354.087604117132,-177.33763521478375
180912.0,0.5443,3.1572,9.426,-0.0201,-0.1433,9.8055,-0.0049,-0.9487,0.5182,155.55,-83.31,67.67,52.82069,-1.640629,7.72,4,338.11,21 / 24,-49.038472122915785,10.74749909081706,-2.4975468999998864,-1640.1697206811905,1007.9817901557816,-91.46246380859532,False,87.399,-4.57361391560554,9.97727600700004,-281.65352377549596,830.5607194186553,10.975619444443723,335.373170000012,44.46485820731024,-0.7702230838170205,1358.5161969056944,-177.42107073712634
181012.0,2.2292,-10.9054,8.9582,-0.0004,-0.1494,9.8055,-0.0815,0.9471,-0.4426,149.69,-83.45,65.65,52.82069,-1.640629,7.72,4,338.11,21 / 24,-49.35048855421788,10.979905212612445,-2.559001899999883,-1645.089168715047,1009.068160370953,-91.71529124859529,False,87.499,-4.720737230918346,10.171623813562563,-282.1304923245169,831.5612513690353,11.213711111111065,335.10364000000004,44.62975132329954,-0.808281399049882,1362.95867639053,-177.50690900191773
181112.0,-1.379,-0.995,8.9498,-0.0314,-0.1663,9.8051,-0.1341,0.013,-0.0578,152.32,-83.34,63.27,52.82069,-1.640629,7.72,4,338.11,21 / 24,-49.66434303354765,11.443878797122697,-2.644266899999878,-1650.039910294435,1010.1893495714397,-91.97545468859526,False,87.59899999999999,-4.570400135265811,10.170963387891677,-282.5743949969353,832.6170471967021,11.150661111114928,335.80290999995907,45.09394289828184,-1.27291540923102,1367.4655152974997,-177.57230237473766
181212.0,-0.0955,-7.6498,10.5875,-0.0265,-0.0189,9.8066,0.1149,-0.7221,0.5534,151.74,-83.33,62.31,52.82069,-1.640629,7.72,4,338.11,21 / 24,-49.78415442543259,11.832176044524621,-2.6480668999998778,-1655.0123351673838,1011.3531523135221,-92.24007137859523,False,87.69899999999998,-4.674861348697692,10.148695131016316,-283.04457563227635,833.6293658090625,11.173649999998949,335.267480000024,45.1092930767349,-1.6834809135083049,1371.9677595351075,-177.72378650445955
181311.0,0.0419,3.0897,10.1739,0.002,-0.1291,9.8057,0.0185,0.3676,-0.1542,155.5,-83.51,61.95,52.82069,-1.640629,7.72,4,338.11,21 / 24,-49.87955799368314,12.000734505592295,-2.5912359499998674,-1659.945688932131,1012.5328813857531,-92.49941686967027,False,87.798,-4.7168023050228065,10.239939218209575,-283.510320601235,834.6311209033977,11.274066666663664,335.2678799999999,45.16275568866034,-1.7607952873827202,1376.435368330896,-177.90176048235537
181411.0,0.1037,-5.804,9.9696,0.0081,0.0771,9.8063,-0.0029,0.8048,-0.5878,156.24,-83.59,63.37,52.82069,-1.640629,7.72,4,338.11,21 / 24,-49.921784355126064,12.094633822474231,-2.5647259499998687,-1664.9357560495712,1013.7376498021563,-92.75721496467024,False,87.898,-4.739097261353658,10.3083440130431,-283.9741837723497,835.6865831470597,11.345527777776722,335.31013999999936,45.18268709377241,-1.7862898094311301,1380.9615722772214,-178.05106665509663
181512.0,0.4015,4.577,9.924,-0.0262,-0.1173,9.8059,-0.0505,0.757,-0.3607,151.66,-83.63,62.79,52.82146,-1.641184,11.1,4,332.51,20 / 21,-49.934406457506604,12.119892652109003,-2.5505707999998686,-1669.978493685609,1014.9604833891227,-93.01553745054522,False,87.999,-4.797103931031339,10.307007811665608,-284.4558568160201,836.720473574958,11.36866944444444,335.04172000000005,45.13730252647527,-1.8128848404433953,1385.522636869589,-178.24000981416475
181613.0,0.5506,-5.9138,9.7896,-0.0097,0.0939,9.8062,-0.1043,0.0564,-0.0275,154.46,-83.11,66.0,52.82146,-1.641184,11.1,4,332.51,20 / 21,-49.97755067432486,12.136754064536012,-2.5455056499998685,-1675.0240475207665,1016.1854440483132,-93.2728893112702,False,88.1,-4.892736694355693,10.241270801991789,-284.95124010117087,837.7425773400895,11.350000000001101,334.4640000000335,45.08481397996917,-1.8954832625442233,1390.0728074195956,-178.44286670822373
181712.0,-0.0366,-3.5004,9.3015,0.0093,0.0123,9.8066,-0.169,0.6952,-0.4299,154.26,-83.43,65.99,52.82146,-1.641184,11.1,4,332.51,20 / 21,-50.18412695968829,12.518567062694043,-2.5713545499998656,-1679.9820505636496,1017.405882444111,-93.52617389117016,False,88.19899999999998,-4.854377864742187,10.171821270755128,-285.4169850701305,838.7553407319251,11.270800000003518,334.487759999999,45.32974909494611,-2.3467457919389147,1394.5650654935191,-178.65054171218583
181811.0,1.7105,-6.4956,9.3838,-0.0269,0.0964,9.806,-0.127,0.0387,0.0711,151.46,-83.04,66.14,52.82146,-1.641184,11.1,4,332.51,20 / 21,-50.46719624168015,12.890494553225219,-2.6172905499998738,-1684.9642910621183,1018.6636309940992,-93.7830118236202,False,88.298,-4.950806441523885,10.309477174756505,-285.90907520905967,839.7898983303014,11.436599999995005,334.3488400000042,45.51638980015626,-2.5810173784687134,1399.0552158530586,-178.8737326637978
181912.0,1.894,0.1987,8.8729,-0.0075,0.0568,9.8065,-0.049,0.4966,-0.3351,146.08,-83.16,64.39,52.82146,-1.641184,11.1,4,332.51,20 / 21,-50.75275421233873,13.0496425748211,-2.6857988499998733,-1690.0758985600462,1019.9736079190656,-94.05081783832019,False,88.399,-4.935370619177174,10.033341665118396,-286.4047273224979,840.7905414744617,11.181500000003835,333.807440000008,45.81738359316155,-3.0163009097027036,1403.6711712375484,-179.1830664446038
182012.0,-1.3558,3.4057,9.419,-0.0429,0.092,9.8061,0.103,-0.4288,0.1732,139.51,-83.33,61.49,52.82146,-1.641184,11.1,4,332.51,20 / 21,-50.640497376483154,12.879572887096018,-2.7518688499998696,-1695.145561139487,1021.2700686921613,-94.32270122332015,False,88.499,-5.0279917422744855,10.244145530279479,-286.89533890596863,841.8242095129631,11.411538888888844,333.85744,45.61250563420867,-2.635427356816539,1408.2502222335183,-179.44585917919824
182112.0,1.1383,-5.9116,12.2184,-0.0453,0.0901,9.8061,-0.0265,0.1997,-0.1503,138.98,-82.62,61.55,52.82146,-1.641184,11.1,4,332.51,20 / 21,-50.690687617240656,12.957691993602207,-2.650663849999875,-1700.212120389173,1022.5619319361962,-94.59282785832012,False,88.59899999999999,-4.966299878928476,10.237389336561316,-287.38595048941727,842.8473140329079,11.37841388889096,334.1213399999847,45.72438773831218,-2.7203026570408912,1412.8261698997558,-179.71461790328829
182212.0,-2.0298,-0.5636,10.3964,0.0514,0.0818,9.8061,0.1905,-0.1126,-0.1371,147.38,-82.88,66.97,52.82146,-1.641184,11.1,4,332.51,20 / 21,-50.83434429053267,13.198169356977072,-2.5005888499998834,-1705.2883719845613,1023.8697250037251,-94.85039049332009,False,88.69899999999998,-5.104720926467212,10.046653599425625,-287.89652257153773,843.8592990604936,11.26915555556039,333.0647000000471,45.72962336406546,-3.151515757551447,1417.3918494130235,-180.01042594323144
182312.0,1.5889,1.3345,10.4401,0.0441,-0.0186,9.8064,0.1622,0.0637,0.015,154.05,-83.14,71.3,52.82146,-1.641184,11.1,4,332.51,20 / 21,-50.7865775474615,13.155393342250441,-2.4394288499998695,-1710.3694180764621,1025.1874031386867,-95.09739137832014,False,88.799,-4.968584889869543,10.149902135279756,-288.39398927578014,844.8711728931555,11.30078055555459,333.91727999997454,45.81799265759196,-3.005491206970685,1421.975428800682,-180.3162302455312
182412.0,0.1393,2.8815,8.1923,-0.0418,0.0485,9.8064,-0.2026,0.2578,-0.1133,159.85,-83.09,73.19,52.82146,-1.641184,11.1,4,332.51,20 / 21,-50.768992561948856,12.894520343749589,-2.488473849999867,-1715.4471965819323,1026.4898988229866,-95.34378651332011,False,88.899,-5.003303891754402,10.156212364128974,-288.89132156587647,845.8940550233181,11.321736111110805,333.77354000000224,45.76568867019446,-2.7383079796206147,1426.5558750160558,-180.5958437996685
182512.0,-1.7405,-0.3644,8.0307,-0.0614,0.0694,9.8062,-0.482,0.3679,-0.1235,146.42,-83.44,68.4,52.82146,-1.641184,11.1,4,332.51,22 / 23,-50.644993828279965,12.793050466777206,-2.657988849999857,-1720.5178959014434,1027.7742773635127,-95.60110964832008,False,88.999,-5.035797633917607,9.936690986802995,-289.3953073555318,846.8840234552014,11.13989444444448,333.1245400000002,45.609196194362355,-2.856359479974211,1431.1225885459116,-180.89025390831137
182612.0,-2.9624,7.7179,10.606,-0.0461,0.0128,9.8065,-0.0693,0.8638,-0.6162,140.47,-83.19,60.07,52.82146,-1.641184,11.1,4,332.51,22 / 23,-50.19979957320982,12.62924163385273,-2.7068188499998542,-1725.5601355715175,1029.0453919685442,-95.86935003332005,False,89.09899999999999,-5.072586857131347,10.144256719748215,-289.8993603522039,847.9176914929357,11.341830555543673,333.43281999998163,45.127212716078475,-2.4849849141045155,1435.6607752193136,-181.12770047560855
182711.0,-2.2765,-0.4432,10.9705,0.0439,0.0491,9.8064,0.3496,-0.5301,0.0823,146.81,-83.07,61.44,52.82146,-1.641184,11.1,4,332.51,22 / 23,-49.73864805285084,12.48436436078236,-2.6096404499998367,-1730.5070887290085,1030.2885154652788,-96.13251476867008,False,89.19800000000001,-4.937370572442611,10.114063763299878,-290.39178652647854,848.9196689778131,11.254872222226208,333.97989999997566,44.80127748040823,-2.3703005974824816,1440.11530220253,-181.3688464874657
182812.0,2.4797,0.5264,10.4829,0.0892,-0.0505,9.8061,0.1547,0.1478,-0.1674,163.51,-83.81,71.72,52.82146,-1.641184,11.1,4,332.51,22 / 23,-49.7495999185968,12.477057912361495,-2.5167153999998373,-1735.5312452515666,1031.5490672900726,-96.39139573909506,False,89.299,-5.022302517608001,10.2401048782795,-290.89409213947596,849.9636781438173,11.405405555551063,333.8741800000035,44.7272974009888,-2.2369530340819956,1444.6371531120906,-181.58538914625524
182912.0,1.0423,-1.0932,9.4288,-0.0047,0.0137,9.8066,-0.1316,-0.1415,0.1734,176.83,-83.28,75.08,52.82146,-1.641184,11.1,4,332.51,22 / 23,-49.906346748908895,12.436967400852348,-2.501795399999838,-1740.5140425849415,1032.7947685557333,-96.64232127909503,False,89.399,-5.004956067062035,10.017507870021069,-291.4047314286902,850.9537577706255,11.19821944444754,333.4522500000063,44.90139068184686,-2.419459530831279,1449.1093111562514,-181.84101078510776
183012.0,-0.4013,-2.4841,9.8815,-0.0578,-0.0237,9.8064,-0.2071,0.0748,-0.0677,175.23,-83.27,72.41,52.82146,-1.641184,11.1,4,332.51,22 / 23,-49.94522066974551,12.581705957489534,-2.516945399999837,-1745.506620955874,1034.0457022236503,-96.893258319095,False,89.499,-5.016517878768356,10.077917100709636,-291.9021981329059,851.965409212731,11.2574361111111,333.5371,44.928702790977155,-2.5037888567798987,1453.6044228229682,-182.08029301091938
183112.0,-1.6073,1.8086,8.3465,-0.0055,-0.0076,9.8065,-0.0208,-0.049,0.0826,167.0,-83.08,71.04,52.82146,-1.641184,11.1,4,332.51,22 / 23,-49.82766019263035,12.605472129294386,-2.586210399999833,-1750.4952649989925,1035.3050611279893,-97.14841610909497,False,89.59899999999999,-5.042296855402117,10.05681580562999,-292.40618392252486,852.9662747471117,11.250080555556021,333.3716800000097,44.78536333722823,-2.548656323664396,1458.0890810764677,-182.33878638087765
183212.0,-1.579,-5.4195,8.542,0.0045,0.0397,9.8065,0.0531,-0.2497,-0.0443,164.27,-83.0,68.12,52.82146,-1.641184,11.1,4,332.51,22 / 23,-49.71422831619834,12.786982779047229,-2.7224503999998255,-1755.4723594244338,1036.5746838734065,-97.41384914909493,False,89.69899999999998,-5.034208359645742,9.718544278662819,-292.9102369192593,853.9340041948376,10.945025000013542,332.6156200000335,44.6800199565526,-3.06843850038441,1462.5621225051746,-182.64067967856886
183312.0,2.2153,-1.2703,10.4823,-0.0165,-0.0153,9.8066,-0.0208,0.8176,-0.5065,150.66,-82.77,66.49,52.82146,-1.641184,11.1,4,332.51,22 / 23,-49.822997776066565,13.041867857969136,-2.751900399999832,-1760.4492207290482,1037.8661264052575,-97.68756668909498,False,89.799,-4.964618701594799,9.96358355589568,-293.40763641640916,854.934424948899,11.131969444438843,333.51384999997333,44.85837907447176,-3.078284302073456,1467.041584312639,-182.9317014563585
183412.0,0.1949,-2.4133,10.9535,0.0057,0.0946,9.8061,0.1679,-0.2766,0.0721,153.12,-82.31,67.96,52.82146,-1.641184,11.1,4,332.51,22 / 23,-49.99472937644433,13.119286462458346,-2.660775399999837,-1765.4401070866734,1039.1741841212788,-97.95820047909494,False,89.899,-4.949583756535134,10.10567026805287,-293.8983152069462,855.9571958848231,11.252688888887127,333.90513999999433,45.0451456199092,-3.0136161944054756,1471.541791879727,-183.21698823645568
183512.0,0.2316,-3.041,10.3007,-0.0129,0.0677,9.8063,-0.0517,-0.1698,0.1486,153.84,-82.19,69.33,52.82146,-1.641184,11.1,4,332.51,21 / 23,-50.11696164934931,13.326452736848363,-2.5787303999998414,-1770.4456916379627,1040.4964710812442,-98.22017576909491,False,89.999,-4.948992586304944,9.585550029201913,-294.3955802899893,856.8921228278068,10.78776388888898,332.69229000000024,45.16796906304436,-3.74090270764645,1476.0501113479734,-183.60434825343737
183612.0,3.8783,0.9007,10.3432,-0.0166,-0.0247,9.8065,0.0126,0.1462,-0.0904,162.66,-82.25,69.95,52.82146,-1.641184,11.1,4,332.51,21 / 23,-50.35001799637769,13.328260248930166,-2.5272003999998445,-1775.4690406202487,1041.829206730533,-98.47547230909488,False,90.09899999999999,-4.9333444174021714,9.69954632057434,-294.8862590804779,857.8701934027024,10.882055555549783,333.04134999997893,45.41667357897552,-3.6287139283558254,1480.5827815397708,-183.9590133278307
183711.0,-0.1565,-0.9071,10.04,0.0289,0.0259,9.8065,0.0243,-0.0043,0.0084,158.91,-82.03,70.34,52.82146,-1.641184,11.1,4,332.51,21 / 23,-50.51425793412472,13.243929144256919,-2.4890903499998376,-1780.4618222788094,1043.1445301054962,-98.72377870121991,False,90.19800000000001,-4.829151407365207,9.804247914127496,-295.3653782556341,858.849820706409,10.929061111109052,333.7770599999672,45.68510652675951,-3.4396812301294233,1485.0964440231753,-184.2947093990872
183812.0,1.2936,0.5211,9.0061,-0.0038,0.0023,9.8065,0.0164,0.1817,-0.0553,163.69,-81.91,70.51,52.82146,-1.641184,11.1,4,332.51,21 / 23,-50.56400032669868,13.21595954664292,-2.5177339499998372,-1785.566274320981,1044.4807544843866,-98.9766233283699,False,90.299,-4.858750606599044,9.666799231468667,-295.8474545416893,859.8603601994839,10.819175000003266,333.3148200000141,45.70524972009964,-3.5491603151742517,1489.7188197792916,-184.62039428490266
183912.0,0.0803,0.8704,10.2631,-0.0287,-0.0073,9.8065,-0.0696,0.1678,-0.0043,158.78,-81.78,69.93,52.82146,-1.641184,11.1,4,332.51,21 / 23,-50.59218857924359,13.101129677879127,-2.534938949999836,-1790.6240837662779,1045.7966089456127,-99.22925697336987,False,90.399,-4.889936414989439,9.61187409085121,-296.34458521059935,860.7950647526055,10.784230555556057,333.0357700000041,45.70225216425415,-3.489255587027918,1494.2794985556784,-185.00154419300713
184012.0,-0.683,1.3712,10.4661,-0.0273,-0.0067,9.8065,-0.0232,0.2106,-0.1291,158.23,-81.56,68.76,52.82146,-1.641184,11.1,4,332.51,21 / 23,-50.50706533532527,12.979166921323493,-2.4791439499998393,-1795.679046462006,1047.1006237755728,-99.47996111836984,False,90.499,-4.844458079299747,9.601239049070688,-296.82861050157743,861.7511187325684,10.754188888888894,333.22605,45.662607256025524,-3.3779278722528048,1498.8504359604285,-185.34950504300434
184112.0,0.4702,0.6299,9.7692,0.0086,-0.0226,9.8066,0.0496,-0.0208,0.1073,158.87,-81.49,69.72,52.82146,-1.641184,11.1,4,332.51,21 / 23,-50.44454999798954,12.86136177325185,-2.448043949999841,-1800.7266272286715,1048.3926502103016,-99.72632051336981,False,90.59899999999999,-4.786498009413548,9.52601971856986,-297.3058478788424,862.7073951009252,10.660938888894307,333.32204999999453,45.65805198857599,-3.335342054681991,1503.420779349829,-185.68525510937639
184212.0,1.3296,-1.9335,10.8138,0.0224,-0.0208,9.8066,0.1104,-0.1491,0.0623,160.5,-81.43,72.4,52.82146,-1.641184,11.1,4,332.51,21 / 23,-50.534692169033946,12.86319197528527,-2.399558949999844,-1805.7755893370224,1049.6788778977284,-99.96870065836978,False,90.69899999999998,-4.729352954008288,9.460712827524981,-297.7763645495033,863.6526631725352,10.576950000003688,333.43981999999477,45.805339215025654,-3.402479147760289,1507.999224787519,-186.0262147251932
184312.0,-1.1524,1.5346,9.6764,0.0329,-0.0047,9.8066,0.0001,0.5374,-0.1823,166.53,-81.39,74.57,52.82146,-1.641184,11.1,4,332.51,21 / 23,-50.54235601376822,12.840754458141578,-2.355713949999834,-1810.8294417461636,1050.9640752194,-100.20646430336983,False,90.799,-4.708537834398656,9.348377910981938,-298.2468140131111,864.5868117510273,10.46721111111432,333.26676000000515,45.833818179369565,-3.4923765471596404,1512.5826277330525,-186.3772634683727
184412.0,0.6845,3.8564,9.5256,0.0083,0.0544,9.8064,-0.0718,0.4868,-0.1986,167.98,-81.21,77.33,52.82146,-1.641184,11.1,4,332.51,21 / 23,-50.45038364567694,12.552810659627232,-2.3762789499998327,-1815.8790787291357,1052.2337534752883,-100.4430639483698,False,90.899,-4.713005022826031,9.404607435770812,-298.71726347670557,865.5428657309899,10.519461111110319,333.38280999999824,45.73737862285091,-3.14820322385642,1517.1618152524302,-186.69088774429838
184512.0,0.0243,-2.346,10.2088,0.0038,0.0588,9.8065,-0.0362,0.1303,0.014,174.15,-80.75,78.9,52.82146,-1.641184,11.1,4,332.51,22 / 23,-50.44758340484574,12.441985259819894,-2.3702239499998328,-1820.9239770816616,1053.4834932712606,-100.68038909336977,False,90.999,-4.95490968948309,9.398940242823372,-299.2076734389905,866.4991421001157,10.625049999999979,332.2029300000002,45.49267371536265,-3.0430450169965226,1521.7163036426712,-186.9843511711449
184612.0,0.8174,0.1846,11.5266,0.0332,0.0011,9.8065,-0.1374,0.2991,-0.0148,174.04,-80.66,78.63,52.82146,-1.641184,11.1,4,332.51,22 / 23,-50.492830646164464,12.51296287106698,-2.2641189499998386,-1825.970997784212,1054.7312406778049,-100.91210623836974,False,91.09899999999999,-4.768684157585255,9.594329632618134,-299.6783245237632,867.4554184691655,10.714111111105979,333.5710599999195,45.72414648857921,-2.9186332384488463,1526.2926732604487,-187.2758222086394
184712.0,1.0234,2.7215,10.6171,0.0567,0.0107,9.8065,0.0866,0.3826,-0.0768,175.29,-80.63,79.98,52.82146,-1.641184,11.1,4,332.51,22 / 23,-50.565058006392285,12.327485833838725,-2.1375989499998456,-1831.0238922168394,1055.97326311305,-101.13219213336971,False,91.19899999999998,-4.434679396104345,9.566873489287739,-300.1155064895766,868.4447197314859,10.544775000007558,335.13038999993137,46.13037861028794,-2.760612344550987,1530.9083857272628,-187.5285433815642
184812.0,-2.3093,0.9397,10.7462,0.0139,0.0371,9.8065,0.0318,0.0723,0.1031,175.77,-80.9,81.15,52.82146,-1.641184,11.1,4,332.51,22 / 23,-50.479465707060264,12.116984359031012,-2.0500989499998257,-1836.0761184025132,1057.1954866226938,-101.34157702836974,False,91.299,-4.596615062155478,9.34838757794261,-300.5723129187471,869.379313089684,10.41738055555926,333.81643000003925,45.882850644904785,-2.7685967810884016,1535.503805483766,-187.81617353300976
184912.0,1.8866,1.1984,10.6543,-0.0117,0.0027,9.8066,0.0829,0.0982,0.0276,182.08,-80.98,80.87,52.82146,-1.641184,11.1,4,332.51,22 / 23,-50.45242696040236,11.989546576097807,-1.9607389499998307,-1841.1227130358861,1058.4008131694502,-101.54211892336971,False,91.399,-4.529489328857418,9.357722262810803,-301.01601396999945,870.3133504739443,10.396311111111405,334.17127999999457,45.92293763154495,-2.6318243132870034,1540.1066990658867,-188.0874626955059
185012.0,1.7633,-0.2694,9.5471,0.0086,-0.0401,9.8065,0.0505,0.255,-0.0838,182.73,-81.5,82.2,52.82146,-1.641184,11.1,4,332.51,22 / 23,-50.633413635155165,11.917818516402708,-1.9313339499998323,-1846.1770050656637,1059.5961814240752,-101.73672256836969,False,91.499,-4.758471769242562,9.315454036946544,-301.49284810488774,871.2583961557128,10.460461111111098,332.9414600000003,45.874941865912604,-2.6023644794561633,1544.684156960776,-188.33778526836238
185111.0,0.7423,1.8748,8.1206,-0.0474,-0.0543,9.8063,-0.1931,0.1657,0.1326,175.66,-81.79,81.24,52.82146,-1.641184,11.1,4,332.51,22 / 23,-50.7449159463866,11.80765477422474,-2.027641149999822,-1851.1952323799494,1060.770592351961,-101.93269183581965,False,91.59799999999998,-4.808416536893718,9.341077620365065,-301.9652465733845,872.1832043603019,10.506027777775156,332.76240000000973,45.93649940949288,-2.466577153859676,1549.2299858065649,-188.58738799165917
185212.0,-0.7098,-3.817,8.9713,-0.0948,-0.0979,9.8056,-0.085,-0.1645,0.0452,177.76,-82.84,74.49,52.82146,-1.641184,11.1,4,332.51,22 / 23,-50.74065367459157,11.871627565756219,-2.154971849999821,-1856.3202536458089,1061.96639611013,-102.14391379231964,False,91.69899999999998,-4.585277343315648,9.262828264096175,-302.42722794662967,873.1155738208957,10.335619444452051,333.6638599999598,46.155376331275924,-2.608799301660044,1553.8930256991791,-188.85082228923432
185312.0,-0.5752,-4.3768,8.7873,-0.0002,-0.0322,9.8065,-0.0372,-0.258,0.2869,178.05,-82.74,75.02,52.82146,-1.641184,11.1,4,332.51,22 / 23,-50.68589963717685,12.25081255845139,-2.247706849999842,-1861.3915813113983,1063.1725181163408,-102.36404772731967,False,91.799,-4.841892358153926,8.974604978364452,-302.91750349476786,873.972441924231,10.19748888889291,331.6524100000595,45.844007279022925,-3.276207580086938,1558.4740778166306,-189.2000761921098
185412.0,0.2415,-7.2179,11.9946,-0.0101,-0.0552,9.8064,-0.3588,0.4021,0.0468,184.46,-82.69,76.41,52.82146,-1.641184,11.1,4,332.51,22 / 23,-50.645042879705315,12.798435696879512,-2.189276849999845,-1866.458128437242,1064.4249805291072,-102.58589691231964,False,91.899,-4.935089616165707,8.962710184110176,-303.42142207735657,874.8286428600828,10.231586111110584,331.161750000007,45.70995326353961,-3.8357255127693364,1563.0367063598856,-189.59633766902436
185512.0,-0.8658,-7.1323,7.5835,0.0745,0.0488,9.8062,-0.0178,0.5735,-0.3312,179.67,-82.82,78.06,52.82146,-1.641184,11.1,4,332.51,23 / 24,-50.58470963710804,13.483155947063588,-2.191036849999845,-1871.5196160630824,1065.7390601113043,-102.80491259731961,False,91.999,-5.0248632989950055,8.87234966647738,-303.9321285736374,875.6958520927569,10.196469444444451,330.47489000000013,45.55984633811303,-4.610806280586209,1567.587487489445,-190.04320801854738
185612.0,2.4261,4.077,10.4746,-0.0794,-0.0871,9.8059,0.0478,-0.4468,0.2704,177.32,-82.77,73.59,52.82146,-1.641184,11.1,4,332.51,23 / 24,-50.64999826384796,13.598069489973405,-2.2687968499998408,-1876.5813514581298,1067.0931213831561,-103.02790428231958,False,92.09899999999999,-5.143630425714637,8.781625549502449,-304.4495557764931,876.5631725202859,10.177136111112217,329.64135000004825,45.50636783813333,-4.816443940470956,1572.1317956816367,-190.52994886287024
185712.0,0.8415,-1.9198,10.1935,-0.0347,-0.0692,9.8063,0.1462,-0.1579,-0.2566,177.63,-81.94,73.94,52.82146,-1.641184,11.1,4,332.51,23 / 24,-50.801949156569144,13.450382134327604,-2.216056849999844,-1881.6539488291503,1068.4455439643712,-103.25214696731955,False,92.19899999999998,-5.205435458539299,8.890860981353327,-304.9603966869064,877.4745261399805,10.302619444438863,329.65180999999916,45.596513698029845,-4.559521152974277,1576.6935521422438,-190.97101782439063
185812.0,0.4372,1.038,9.25,0.0498,-0.0194,9.8064,0.2141,-0.3576,0.1305,177.68,-82.23,74.11,52.82146,-1.641184,11.1,4,332.51,23 / 24,-50.86210272393864,13.459233549078212,-2.2245468499998458,-1886.7371514231768,1069.7910247485418,-103.47417715231958,False,92.299,-5.193751508934241,8.833826044744391,-305.47782388981256,878.3753162404953,10.247513888890552,329.5470600000031,45.6683512150044,-4.62540750433382,1581.2593275333643,-191.41570850804646
185912.0,0.5894,-3.0423,10.1044,0.0472,0.0264,9.8065,-0.1995,-0.3079,0.3364,178.07,-82.43,74.93,52.82146,-1.641184,11.1,4,332.51,23 / 24,-50.91094928717626,13.524932120445213,-2.237491849999845,-1891.8258040237322,1071.140233032018,-103.69727908731956,False,92.399,-5.320277209373436,8.813151409792546,-306.00862529887667,879.2649868478697,10.294519444443738,328.88171000000983,45.59067207780282,-4.711780710652667,1585.8171787248555,-191.87524618414818
186012.0,1.9988,-4.6297,9.671,-0.0278,-0.0351,9.8065,0.1475,-0.0819,-0.0293,169.69,-82.75,71.77,52.82146,-1.641184,11.1,4,332.51,23 / 24,-51.07757385326393,13.853779858906114,-2.2293868499998455,-1896.925230180754,1072.5091686309854,-103.92062302231953,False,92.499,-5.529765810733707,8.783397384695547,-306.5595216207771,880.1545462603125,10.379149999999985,327.8067900000002,45.54780804253022,-5.070382474210566,1590.3657085599768,-192.35462237067293
186112.0,-0.2515,-4.4705,10.0377,-0.023,0.0327,9.8065,0.1331,-0.3767,0.1417,176.94,-82.68,72.9,52.82146,-1.641184,11.1,4,332.51,23 / 24,-51.2086761391987,14.255524985579514,-2.2246168499998458,-1902.0395426803768,1073.9146338732096,-104.1433232073195,False,92.59899999999999,-5.582485072070891,8.712169331818439,-307.11061956381076,881.0441056747919,10.347275000001908,327.34951000002604,45.62619106712781,-5.5433556537610755,1594.928923116566,-192.87052819841767
186212.0,1.1423,-4.312,9.253,0.0124,0.0336,9.8065,0.0276,0.2757,-0.2164,179.61,-82.81,73.43,52.82146,-1.641184,11.1,4,332.51,23 / 24,-51.26139063967315,14.661984795177316,-2.240746849999845,-1907.16304601932,1075.3605093622473,-104.36659139231946,False,92.69899999999998,-5.75381371575635,8.641226678681514,-307.68833150510545,881.9116484922537,10.381594444442905,326.3421300000445,45.5075769239168,-6.020758116495802,1599.4747145142146,-193.4488608699936
186312.0,1.4524,0.0495,9.4962,0.0024,0.016,9.8066,-0.0864,0.0868,-0.055,170.47,-82.94,73.54,52.82146,-1.641184,11.1,4,332.51,23 / 24,-51.38412598385024,14.830544603041213,-2.2839518499998546,-1912.2953218504974,1076.8351358321586,-104.5928263273195,False,92.799,-5.879879589484576,8.431269597446363,-308.27296577423925,882.7569523248435,10.279094444447477,325.1083600000361,45.504246394365666,-6.39927500559485,1604.0223560762581,-194.0781835073151
186412.0,0.4908,-0.807,9.7232,-0.0052,0.0491,9.8065,-0.056,-0.2224,0.0813,170.05,-82.66,72.29,52.82146,-1.641184,11.1,4,332.51,23 / 24,-51.4767349084698,14.820000559397066,-2.3036468499998533,-1917.4383648951132,1078.3176630902803,-104.82220626231947,False,92.899,-5.9195753198783345,8.450600006215016,-308.8643207499853,883.6130420650848,10.31765555555497,324.9890800000016,45.55715958859147,-6.36940055318205,1608.5740441451278,-194.7046210251956
186512.0,0.9959,-0.836,9.885,-0.0129,-0.0269,9.8066,-0.0023,0.1764,-0.0818,168.85,-82.83,70.38,52.82146,-1.641184,11.1,4,332.51,20 / 20,-51.55462911016676,14.85544473054821,-2.3039018499998534,-1922.5899330960447,1079.8014353547776,-105.05258369731943,False,92.999,-6.20936940526126,8.365114901099622,-309.4757034314751,884.4692429995504,10.417880555555536,323.41390000000035,45.3452597049055,-6.490329829448589,1613.1142296645696,-195.33219235522722
186612.0,0.9684,-2.1328,10.2206,0.0135,-0.0146,9.8066,0.0187,-0.0552,0.0056,174.54,-82.79,70.95,52.82146,-1.641184,11.1,4,332.51,20 / 20,-51.66097755088031,14.956597553576726,-2.279286849999855,-1927.7507134290968,1081.2920374689838,-105.2817431323194,False,93.09899999999999,-6.49681872567125,8.17432312517764,-310.13386223101753,885.2814107432446,10.44171388888756,321.5229400001094,45.16415882520906,-6.782274428399086,1617.6168511980793,-196.01062672573926
186713.0,0.0881,-2.0633,9.0217,-0.0024,-0.0139,9.8066,0.0096,0.0071,-0.0238,170.14,-82.82,72.42,52.82146,-1.641184,11.1,4,332.51,20 / 20,-51.73346548373536,15.128846524863077,-2.298022349999855,-1932.9721328023447,1082.811352394945,-105.5128972469194,False,93.19999999999999,-6.4059050863885725,8.196825294965812,-310.77219494606095,886.1123704307726,10.403055555557257,321.99199999997865,45.32756039734679,-6.9320212298972645,1622.1999378562837,-196.6989819641725
186812.0,-0.218,-3.2444,10.2509,-0.0147,-0.0039,9.8066,-0.0225,0.0198,-0.0748,169.84,-82.85,72.14,52.82146,-1.641184,11.1,4,332.51,20 / 20,-51.76316690651849,15.357486192568881,-2.314886999999858,-1938.0952161056632,1084.3204258644582,-105.74123625974443,False,93.299,-6.805904361239571,7.876780413672524,-311.4508519008321,886.8939595701795,10.409930555555354,319.1714900000831,44.95726254527892,-7.480705778896358,1626.6443642048312,-197.42646629427873
186912.0,0.2982,-3.1478,9.1827,-0.021,-0.0306,9.8066,-0.0418,-0.0391,-0.0749,169.88,-82.76,72.12,52.82146,-1.641184,11.1,4,332.51,20 / 20,-51.813423820238285,15.639892394553828,-2.3238719999998576,-1943.2740456420008,1085.8702947938143,-105.9731742097444,False,93.399,-6.774782018162557,7.82687813493473,-312.12305697729556,887.6724352525758,10.351700000000864,319.1212200000003,45.03864180207573,-7.813014259619098,1631.1509886647052,-198.19785954123847
187012.0,-0.3931,-1.7157,10.1892,-0.0026,-0.0048,9.8065,0.0352,-0.1802,0.0515,169.1,-82.82,70.81,52.82146,-1.641184,11.1,4,332.51,20 / 20,-51.8425126805822,15.848719351281694,-2.3359419999998567,-1948.4568424670415,1087.444725381106,-106.20616490974437,False,93.499,-7.239198909726155,7.683638431301922,-312.85500913556604,888.439791441153,10.556811111111072,316.7063900000005,44.60331377085605,-8.165080919979772,1635.6018333314755,-199.00493393995305
187112.0,0.196,-3.3825,8.9924,0.0031,0.0281,9.8066,-0.0309,-0.2498,0.1573,169.88,-82.69,72.04,52.82146,-1.641184,11.1,4,332.51,20 / 20,-51.86863300400277,16.06999661377025,-2.3575269999998554,-1953.6423997512704,1089.0406611793585,-106.44083835974435,False,93.59899999999999,-7.166571224345288,7.688341593561678,-313.55429865961287,889.2620779229396,10.510488888891711,317.01166999998077,44.70206177965748,-8.381655020208573,1640.0881010916576,-199.77858325641887
187212.0,2.0462,-0.6815,9.7337,-0.0031,0.012,9.8066,-0.0386,-0.0587,-0.1177,163.29,-82.76,70.6,52.82146,-1.641184,11.1,4,332.51,20 / 20,-52.004057762161885,16.207144963664486,-2.401886999999853,-1958.8360342895783,1090.6545182582302,-106.67880905974432,False,93.69899999999998,-7.403733956957799,7.760732182184847,-314.28651964618575,890.0739120833128,10.725874999990415,316.34873000002955,44.600323805204084,-8.44641278147964,1644.5495146433925,-200.5806061749173
187312.0,0.6197,-0.1829,8.7743,-0.02,0.06,9.8064,0.0049,-0.2127,0.2615,163.75,-82.54,70.57,52.82146,-1.641184,11.1,4,332.51,20 / 20,-52.13076979975388,16.18025212219259,-2.457151999999865,-1964.0427756676752,1092.2738881125233,-106.92176100974437,False,93.799,-7.377426711344855,7.699882238766829,-315.01242316852057,890.8636184516737,10.663705555557453,316.22518000000343,44.753343088409025,-8.480369883425762,1649.0303524991546,-201.41026966084962
187412.0,-0.9302,-0.7639,9.3709,-0.0174,-0.0102,9.8065,-0.026,0.1597,-0.1808,162.53,-82.73,69.01,52.82146,-1.641184,11.1,4,332.51,20 / 20,-52.11659685756297,16.20062685072452,-2.530556999999861,-1969.2551440005407,1093.8929320611692,-107.17114645974435,False,93.899,-7.167423714059297,7.731006638549232,-315.72495248468385,891.6531024315641,10.542330555557346,317.166479999986,44.94917314350367,-8.46962021217529,1653.5301915158568,-202.23982962960508
187512.0,0.5106,0.6065,10.0012,-0.0218,0.0186,9.8066,0.0297,-0.0049,0.0103,163.11,-82.7,69.36,52.82146,-1.641184,11.1,4,332.51,21 / 23,-52.085567330789495,16.18453315247653,-2.54261699999986,-1974.465252209958,1095.5121900613292,-107.42480515974432,False,93.999,-7.2233989381449435,7.652510203828196,-316.45065438584567,892.398553219363,10.523236111111116,316.6522900000001,44.86216839264455,-8.532022948648333,1658.0145978241123,-203.11363684196624
187612.0,-0.8119,-2.882,9.4447,0.0223,0.0313,9.8065,0.0599,0.2133,-0.0092,167.21,-82.7,68.77,52.82146,-1.641184,11.1,4,332.51,21 / 23,-52.08099541736581,16.267037937809434,-2.5509869999998593,-1979.6735803473655,1097.1347686158433,-107.67948535974429,False,94.09899999999999,-7.332789894694481,7.834767261169179,-317.18314420062035,893.1875924180919,10.730955555543432,316.89548999998556,44.748205522671334,-8.432270676640254,1662.4904361467452,-203.94717619775145
187712.0,-0.0446,0.9841,9.2134,0.001,-0.0446,9.8065,-0.086,0.2336,-0.2267,165.32,-83.02,67.23,52.82146,-1.641184,11.1,4,332.51,21 / 23,-52.04676438532234,16.338692389894934,-2.5987469999998565,-1984.8799683374996,1098.7650551322283,-107.93697205974426,False,94.19899999999998,-7.143075788784596,7.857719361352025,-317.9023942234088,893.9660681011811,10.619205555560612,317.72761999996317,44.90368859653775,-8.480973028542909,1666.9775741140907,-204.7989870310472
187812.0,-1.0898,-3.3097,9.6734,0.0107,0.0101,9.8066,-0.0443,-0.0314,-0.0546,166.81,-82.95,68.39,52.82146,-1.641184,11.1,4,332.51,21 / 23,-52.004820395920405,16.43442847705142,-2.6350719999998646,-1990.082547576563,1100.403711175576,-108.19866300974431,False,94.299,-7.184283579423451,7.847992399065189,-318.6215098320781,894.7554408840674,10.639780555554916,317.52810000000613,44.820536816496954,-8.58643607798623,1671.4610377444849,-205.64827029150865
187912.0,2.3983,-3.0558,10.0804,-0.0164,-0.0083,9.8066,-0.0442,0.1302,-0.0873,165.79,-83.04,66.84,52.82146,-1.641184,11.1,4,332.51,21 / 23,-52.13138125071931,16.695826441176887,-2.628046999999865,-1995.2893576588947,1102.0602239214875,-108.46181895974428,False,94.399,-7.154019183658083,7.921150595814133,-319.3339719411619,895.5339165657495,10.673549999999503,317.91308999999427,44.97736206706122,-8.774675845362754,1675.9553857177327,-206.52630735573803
188012.0,2.7023,-1.8626,9.9949,0.006,-0.0255,9.8065,-0.0989,-0.1059,-0.077,160.62,-82.94,66.56,52.82146,-1.641184,11.1,4,332.51,21 / 23,-52.429962604431054,16.827406113444415,-2.6049469999998665,-2000.5174248516519,1103.7363855492185,-108.72346865974426,False,94.499,-7.257899084503609,7.855014948549841,-320.0596738422972,896.3232893500223,10.694788888888885,317.2626100000001,45.17206351992745,-8.972391164894574,1680.4577510093548,-207.41309619919627
188112.0,-0.2613,-2.7175,10.2694,0.0058,0.0239,9.8065,0.0474,0.056,0.1102,165.16,-83.0,65.76,52.82146,-1.641184,11.1,4,332.51,21 / 23,-52.59679430587342,16.97506403708723,-2.572396999999868,-2005.7687626971667,1105.426509056745,-108.98233585974423,False,94.59899999999999,-7.054379903048455,8.058273426681428,-320.75889615930447,897.134789924864,10.709849999999133,318.8003999999099,45.54241440282497,-8.916790610405801,1685.0098665378623,-208.2917191318811
188212.0,1.0298,-0.1694,9.2104,-0.0046,-0.0375,9.8065,-0.053,0.0717,-0.2051,164.52,-82.99,66.21,52.82146,-1.641184,11.1,4,332.51,21 / 23,-52.65816677257784,17.07365193797189,-2.5790719999998677,-2011.031510751089,1107.128944855498,-109.23990930974419,False,94.69899999999998,-7.065757775914292,8.072321166666935,-321.4645031476291,897.9465128889191,10.727874999999207,318.8041200000006,45.59240899666355,-9.001330771304954,1689.5670076034598,-209.18243196657897
188312.0,1.71,-1.8203,9.6077,0.0001,0.0069,9.8066,-0.0012,-0.0861,-0.0019,160.76,-82.7,66.7,52.82146,-1.641184,11.1,4,332.51,21 / 23,-52.80692932858205,17.09583279277899,-2.618831999999877,-2016.3047655561481,1108.837419092036,-109.49980450974424,False,94.799,-7.112013194790128,8.137323903693835,-322.1768308425931,898.758235853668,10.80725555555322,318.84656999999874,45.69491613379192,-8.958508889085154,1694.127934713555,-210.07918323836805
188412.0,0.8371,-1.742,9.6608,0.0231,0.0202,9.8066,-0.0738,-0.0586,0.0747,160.58,-82.71,66.98,52.82146,-1.641184,11.1,4,332.51,21 / 23,-52.97121177166647,17.192299421896035,-2.6360719999998756,-2021.5936726111602,1110.5518257027697,-109.7625497097442,False,94.899,-7.014236025764581,8.181188314993264,-322.88257224507777,899.569958818424,10.776430555556024,319.39149999999194,45.956975745901886,-9.01111110690277,1698.7111003660825,-210.98186688434578
188513.0,-0.2585,-2.3034,9.5879,0.0205,-0.0063,9.8066,-0.0083,0.062,-0.0323,161.46,-82.69,68.02,52.82146,-1.641184,11.1,4,332.51,21 / 22,-53.05010602980022,17.345741424539252,-2.6544842999998752,-2026.9477491601342,1112.2959967655147,-110.02972280289418,False,95.0,-6.971710352292949,8.317696174765379,-323.58186176919963,900.4120379976783,10.853055555555555,320.031,46.07839567750727,-9.028045249773873,1703.3658873909346,-211.88395876783636
188611.0,-1.7296,-1.8074,10.9222,-0.0037,-0.023,9.8065,0.0797,0.005,-0.0483,167.58,-82.76,69.66,52.82146,-1.641184,11.1,4,332.51,21 / 22,-52.99768843935923,17.531697022710603,-2.610541099999882,-2032.1440910891222,1114.0049912494296,-110.28770904749413,False,95.09799999999998,-6.925846011323059,8.395125052255612,-324.2602498956481,901.240217810117,10.883272222220459,320.47787999997394,46.07184242803617,-9.136571970454991,1707.8838411934742,-212.76477343931265
188712.0,-1.8828,-2.6109,10.3874,0.0209,0.0274,9.8065,0.1119,-0.1455,0.0199,170.24,-82.79,73.86,52.82146,-1.641184,11.1,4,332.51,21 / 22,-52.85007937354461,17.754031268796915,-2.524877949999883,-2037.4894033636738,1115.7869205281506,-110.54704770951912,False,95.19899999999998,-6.952214141817379,8.499898031688398,-324.9660585051945,902.0937500686555,10.980963888884576,320.71964999998966,45.89786523172723,-9.254133237108517,1712.5233448584793,-213.69317045949515
188812.0,5.9573,-2.7753,8.8689,0.0551,0.0389,9.8064,0.0523,0.2304,-0.193,172.7,-82.59,76.96,52.82146,-1.641184,11.1,4,332.51,21 / 22,-53.083443992512144,17.966663342659714,-2.542727949999887,-2042.7860795319777,1117.5729552587238,-110.80042800451916,False,95.299,-6.838867270584474,8.521848135512286,-325.64505149531084,902.9498398082106,10.926669444446075,321.25263999998435,46.24457672192767,-9.444815207147428,1717.141028036667,-214.62311545051318
188912.0,-2.9793,-0.4131,9.106,0.0126,0.0164,9.8066,-0.0586,0.1496,0.018,172.74,-82.66,77.9,52.82146,-1.641184,11.1,4,332.51,21 / 22,-53.24298875385973,18.07379785018903,-2.6246479499998823,-2048.102401169296,1119.3749783183662,-111.05879679951913,False,95.399,-6.857245629499057,8.61663541986127,-326.3371498633322,903.8170490408704,11.012186111109834,321.48668999999666,46.38574312436067,-9.457162430327761,1721.765251305964,-215.55792927749576
189012.0,-0.8353,-4.1504,9.9564,-0.0102,0.0195,9.8066,0.0411,0.2015,-0.1261,172.83,-82.59,78.0,52.82146,-1.641184,11.1,4,332.51,21 / 22,-53.07394997826878,18.292240828648026,-2.6521929499998804,-2053.4182481059024,1121.1932802523079,-111.3226388445191,False,95.499,-6.719584275846586,8.557251519217644,-327.00276864726305,904.6623528741598,10.880230555555583,321.85925999999995,46.35436570242219,-9.734989309430382,1726.4154794586393,-216.53092737814814
189112.0,-0.104,0.4321,10.0553,-0.0154,-0.0295,9.8065,-0.0551,0.2984,-0.1936,167.37,-82.54,77.06,52.82146,-1.641184,11.1,4,332.51,21 / 22,-53.03879566228799,18.451885827226494,-2.6322729499998814,-2058.72388538793,1123.0304865851015,-111.58686213951908,False,95.59899999999999,-6.685369438392572,8.635231650622961,-327.66811860290727,905.5404592093478,10.92068888888645,322.25305999997727,46.35342622389542,-9.816654176603533,1731.0557667850226,-217.4900273757537
189212.0,0.7779,1.3223,10.12,-0.007,0.0015,9.8066,-0.0094,-0.1422,0.147,167.07,-82.39,76.39,52.82146,-1.641184,11.1,4,332.51,21 / 22,-53.04070906937326,18.327777045948853,-2.604172949999883,-2064.0278606245124,1124.8694697287601,-111.84868443451906,False,95.69899999999998,-6.585752738031398,8.727818160544796,-328.320161559455,906.4188991300645,10.933761111110549,322.9628699999687,46.45495633134186,-9.599958885404057,1735.7076990650573,-218.45057059869566
189312.0,-0.5889,0.9394,10.6267,-0.0023,-0.0435,9.8065,0.0012,0.153,-0.1649,172.49,-82.14,76.23,52.82146,-1.641184,11.1,4,332.51,21 / 22,-53.0184974509407,18.180451566024686,-2.54750294999987,-2069.3308209505294,1126.6948811593593,-112.1062682295191,False,95.799,-6.656722925048611,8.766355388186915,-328.9853771009878,907.2973390507891,11.007313888886722,322.78883000000536,46.36177452589209,-9.414096177837772,1740.3454438495417,-219.39754210857018
189412.0,1.4559,-0.1782,9.8828,-0.0082,-0.0564,9.8064,0.0013,-0.1617,0.2323,167.32,-82.39,76.81,52.82146,-1.641184,11.1,4,332.51,21 / 22,-53.04621405407675,18.098956722133735,-2.5026929499998727,-2074.63405652578,1128.508851573767,-112.35877802451907,False,95.899,-6.53409579563489,8.744315809606208,-329.63742005754864,908.1757789708133,10.91593055555692,323.2315099999934,46.51211825844186,-9.354640912527527,1744.9966364682314,-220.33307260295373
189512.0,-1.819,-4.9715,9.5506,-0.0196,-0.058,9.8064,0.0814,0.1769,-0.2371,167.7,-82.5,77.51,52.82146,-1.641184,11.1,4,332.51,20 / 21,-53.07203512829838,18.32283565593821,-2.5116879499998723,-2079.9399689848988,1130.3299411926705,-112.60949706951904,False,95.999,-6.492836256589965,8.83295278493329,-330.2893285999503,909.0542188915306,10.962574999999989,323.6814999999999,46.579198871708414,-9.48988287100492,1749.6506403849485,-221.27572230113992
189612.0,-0.0004,2.0699,9.7522,-0.0069,-0.0441,9.8065,-0.0801,0.4551,-0.1074,168.38,-82.32,78.51,52.82146,-1.641184,11.1,4,332.51,20 / 21,-53.00430334961552,18.452528646767746,-2.5272129499998712,-2085.243785908794,1132.1687094078056,-112.86144211451901,False,96.09899999999999,-6.5495467400183704,8.915759284820163,-330.9412371423576,909.954675407193,11.062880555549734,323.69886999999926,46.45475660959715,-9.536769361947583,1754.3025487664365,-222.21403400061263
189712.0,1.7956,-2.6493,8.2922,0.0045,0.0119,9.8066,-0.0785,-0.1782,0.234,168.13,-82.3,78.07,52.82146,-1.641184,11.1,4,332.51,20 / 21,-53.0877039400705,18.43110151132065,-2.6056579499998667,-2090.548386273278,1134.01289091571,-113.11808565951898,False,96.19899999999998,-6.441935621948111,8.771534887598143,-331.57983868566794,910.8223294195656,10.882938888896923,323.7059299999997,46.645768318122386,-9.659566623722508,1758.9685475876101,-223.19056149614437
189812.0,-0.5634,3.5036,11.4629,-0.0059,-0.0921,9.8062,-0.138,-0.4374,0.3254,167.15,-82.63,76.99,52.82146,-1.641184,11.1,4,332.51,20 / 21,-53.12521151652158,18.346635703685934,-2.598567949999865,-2095.859032046109,1135.8517777764607,-113.37829695451903,False,96.299,-6.4002271486035545,8.868007156638306,-332.2183058148453,911.7116664428593,10.936386111109483,324.18119999998595,46.724984367918026,-9.478628547047627,1763.6407262312637,-224.14011133360145
189911.0,0.9352,-2.4208,8.3739,-0.0162,0.0395,9.8065,0.1304,-0.4183,0.2299,168.16,-82.47,78.55,52.82146,-1.641184,11.1,4,332.51,20 / 21,-53.118290056026915,18.260739822914953,-2.587504699999866,-2101.1180853739497,1137.6638428650272,-113.63500755069398,False,96.398,-6.474259926150384,8.96634092561279,-332.86356085770313,912.6032273644547,11.059444444442585,324.1683600000003,46.64403012987653,-9.294398897302163,1768.2545245162466,-225.06061550057245
190012.0,1.5808,3.895,10.0517,-0.0188,-0.0359,9.8065,0.0593,-0.1191,-0.0778,168.11,-82.39,78.36,52.82146,-1.641184,11.1,4,332.51,20 / 21,-53.21617198717174,18.130262006911103,-2.6474835499998655,-2106.487975707131,1139.5015884574334,-113.89937445731897,False,96.499,-6.488883427578421,8.779952438008822,-333.51533498599616,913.4798881665826,10.917569444444474,323.5334100000001,46.72728855959332,-9.350309568902281,1772.9726407211351,-226.02170029085084
190112.0,1.5025,-2.5903,9.6982,0.0188,0.091,9.8062,0.0406,-0.6343,0.4277,172.77,-81.95,77.5,52.82146,-1.641184,11.1,4,332.51,20 / 21,-53.33458384380222,18.010848705735167,-2.6406535499998656,-2111.8155134986796,1141.3086439930655,-114.16378131231895,False,96.59899999999999,-6.2394353903754665,8.874899612279163,-334.13390882353065,914.36922518982,10.848736111115038,324.8912199999204,47.09514845342675,-9.135949093456004,1777.681604675149,-226.93941880324553
190212.0,-4.0352,-5.6535,9.9367,0.0384,0.0681,9.8063,-0.0245,0.3644,-0.035,173.07,-82.26,78.34,52.82146,-1.641184,11.1,4,332.51,20 / 21,-53.25096614441468,18.402831791543342,-2.6395735499998656,-2117.1447909980902,1143.1293280179293,-114.42779266731891,False,96.69899999999998,-6.312648135114169,9.27851798974127,-334.76552083194883,915.3248343893744,11.222330555538935,325.7702599999616,46.93831800930052,-9.124313801802073,1782.3792701661414,-227.80449362855495
190312.0,-1.5226,-1.6084,10.3256,0.0318,0.0516,9.8064,0.0259,-0.1182,0.0189,175.12,-82.22,81.77,52.82146,-1.641184,11.1,4,332.51,20 / 21,-53.008167331782914,18.76223140170062,-2.607123549999858,-2122.4577476719014,1144.987581177592,-114.69012752231896,False,96.799,-6.272135334243448,9.053746137710153,-335.39061375494185,916.2260692695883,11.01408611111736,325.2869700000145,46.73603199753947,-9.708485263990468,1787.0671339169596,-228.76151190800363
190412.0,1.2137,-4.7244,8.1557,0.0152,0.0604,9.8064,0.0108,0.4248,-0.2591,176.15,-82.15,83.03,52.82146,-1.641184,11.1,4,332.51,20 / 21,-53.00882306238807,19.04809302610467,-2.663723549999855,-2127.7585971916096,1146.878097398982,-114.95366987731893,False,96.899,-6.222492417404329,9.031296722500333,-336.0089859713092,917.1267481758642,10.967394444445107,325.4334699999978,46.786330644983735,-10.016796303604337,1791.7496112203005,-229.7513492231177
190512.0,-3.3224,1.4968,11.1725,-0.03,-0.0512,9.8064,-0.0021,0.407,-0.3775,170.19,-82.58,81.97,52.82217,-1.641975,10.7,4,324.48,20 / 21,-52.900674514090205,19.202269792920735,-2.677978549999854,-2133.0540720704334,1148.790615539933,-115.2207549823189,False,96.999,-6.421827523300529,9.018011927067633,-336.6539049788464,918.0274270828475,11.070894444444423,324.54499000000015,46.47884699078968,-10.184257865853102,1796.400167091587,-230.76318845708556
190612.0,-0.2028,-4.0479,9.5355,0.0115,0.0538,9.8064,0.0177,0.1766,-0.1894,170.25,-82.1,82.1,52.82217,-1.641975,10.7,4,324.48,20 / 21,-52.73874998952717,19.3264404851535,-2.623243549999857,-2138.336043295614,1150.7170510538367,-115.48581608731887,False,97.09899999999999,-6.133083125027226,9.128726750236279,-337.25251831771806,918.9611308808743,10.997694444448772,326.10514999990846,46.605666864499945,-10.197713734917222,1801.083524977896,-231.75592017296242
190712.0,1.3187,-1.5954,11.3673,0.0008,-0.0208,9.8065,-0.0977,0.2161,-0.1043,169.18,-82.15,79.69,52.82217,-1.641975,10.7,4,324.48,20 / 21,-52.83272789872561,19.562115999348983,-2.558768549999861,-2143.6146171900264,1152.6614788780616,-115.74491669231884,False,97.19899999999998,-6.111025930031869,9.122471250240531,-337.8639682062732,919.873151669425,10.980169444445188,326.1823799999973,46.721701968693736,-10.439644749108451,1805.750648983753,-232.7883272086366
190812.0,0.6633,-1.6951,10.5278,0.0228,0.0003,9.8066,-0.1119,0.1756,0.0089,173.36,-82.2,78.79,52.82217,-1.641975,10.7,4,324.48,20 / 21,-52.94603053580899,19.676713126869508,-2.444678549999835,-2148.9035551117545,1154.6234203343731,-115.99508904731888,False,97.299,-6.318046935376951,8.887786124745764,-338.50216650721103,920.7299085792289,10.90465000000222,324.59207000004693,46.62798360043204,-10.788927002123744,1810.4013886045434,-233.89351175514423
190912.0,-1.8348,-1.5184,8.4374,0.0132,-0.0034,9.8066,-0.059,0.1326,0.0247,173.86,-82.24,79.65,52.82217,-1.641975,10.7,4,324.48,20 / 21,-52.89780010349551,19.810263540357276,-2.477083549999833,-2154.1957466437193,1156.5977691677344,-116.24117715231885,False,97.399,-6.334109297523929,9.127320007708267,-339.1339801368162,921.6631675976025,11.109863888885833,325.2402899999902,46.56369080597158,-10.68294353264901,1815.061766506903,-234.93460157013192
191012.0,1.1519,2.0098,10.8863,-0.04,-0.0696,9.8063,-0.0459,-0.3559,0.2435,173.49,-82.46,79.15,52.82217,-1.641975,10.7,4,324.48,20 / 21,-52.852693659505015,19.757081323872864,-2.491563549999832,-2159.483271331869,1158.5761364109458,-116.48960950731882,False,97.499,-6.276619534244652,9.161144664821471,-339.7590730597956,922.5861966836542,11.105069444444446,325.58359999999993,46.57607412526036,-10.595936659051393,1819.7241982720736,-235.98993972729158
191112.0,0.7569,-2.1484,10.9357,-0.0173,-0.0292,9.8065,0.1768,-0.128,0.0105,173.66,-82.59,79.51,52.82217,-1.641975,10.7,4,324.48,20 / 21,-52.940100365279996,19.721199755269783,-2.3811285499998385,-2164.7729110331084,1160.5500504649028,-116.73324411231879,False,97.59899999999999,-6.211226835130554,9.119476024494736,-340.377445276118,923.4760896829205,11.033775000004153,325.741439999991,46.72887353014944,-10.601723730775047,1824.3954657569902,-237.07396078198235
191212.0,-1.2678,-1.4491,9.4182,-0.0028,-0.0314,9.8065,-0.0017,-0.089,0.0018,173.78,-82.71,79.88,52.82217,-1.641975,10.7,4,324.48,20 / 21,-52.92659129684709,19.870566804619124,-2.3440985499998406,-2170.0662456162145,1162.5296387928972,-116.96950546731875,False,97.69899999999998,-6.328450202623148,9.1291400482286,-341.0090572845492,924.3876656910855,11.10813055555222,325.269780000021,46.59814109422395,-10.741426756390524,1829.0571883316652,-238.1419731018117
191312.0,1.2216,-1.7955,9.819,-0.0031,0.0043,9.8066,-0.1398,-0.0903,0.0967,172.09,-82.73,77.15,52.82217,-1.641975,10.7,4,324.48,20 / 21,-52.93602160402013,19.997978728275033,-2.3629035499998445,-2175.359376261259,1164.5230660695424,-117.20485557231879,False,97.799,-6.140122821269809,8.99891886566237,-341.62084320843775,925.2774474940854,10.89411388889522,325.6936699999873,46.795898782750314,-10.999059862612663,1833.7385330528214,-239.245618575457
191412.0,0.6827,2.2361,11.4486,-0.0077,0.0119,9.8065,0.0372,-0.0611,-0.0812,165.97,-82.66,75.38,52.82217,-1.641975,10.7,4,324.48,20 / 21,-53.00448398017316,19.93042691676842,-2.280188549999849,-2180.6564015404683,1166.5194863517945,-117.43701017731877,False,97.899,-6.2388666556677155,8.965644760609731,-342.24573451023133,926.1670069065352,10.922744444443987,325.16736000000793,46.76561732450545,-10.964782156158687,1838.410667030237,-240.3524794452593
191512.0,0.2382,5.2964,10.9712,0.0481,-0.0266,9.8064,-0.1227,0.4195,-0.3241,167.56,-82.7,77.99,52.82217,-1.641975,10.7,4,324.48,21 / 22,-52.95343127100125,19.521586223056875,-2.139863549999857,-2185.9542973030266,1168.4920870087856,-117.65801278231874,False,97.999,-6.261187044072871,9.020509192934107,-342.8707602261709,927.0675746178798,10.980530555555543,325.23526,46.69224422692838,-10.501077030122769,1843.0835370768557,-241.42451239090576
191612.0,0.048,-3.0224,8.5345,0.056,0.0732,9.8062,0.1784,0.0965,-0.3228,169.39,-82.51,80.46,52.82217,-1.641975,10.7,4,324.48,21 / 22,-52.92747876003737,19.377252212314072,-2.1452435499998566,-2191.248342804578,1170.437028930554,-117.87226813731871,False,98.09899999999999,-6.20480279176377,9.099388274982251,-343.48913244249354,927.9902701183988,11.013561111109217,325.71020999997234,46.7226759682736,-10.277863937331821,1847.7592103620846,-242.44675881215528
191712.0,2.1732,-4.2507,8.1644,0.0077,0.0132,9.8066,-0.0942,-0.2246,0.2342,171.08,-82.95,83.26,52.82217,-1.641975,10.7,4,324.48,21 / 22,-53.08820811103434,19.68688758561664,-2.2909635499998484,-2196.5491271481314,1172.3902359204506,-118.09407849231869,False,98.19899999999998,-6.278162600342668,8.968541595212836,-344.1140909513528,928.902179712725,10.947613888891832,325.00715000003146,46.81004551069167,-10.718345990403803,1852.4350361967786,-243.48805620772555
191812.0,0.8794,-4.2907,11.4013,-0.0537,0.0276,9.8064,-0.3427,0.6504,-0.1681,173.87,-82.85,80.48,52.82217,-1.641975,10.7,4,324.48,21 / 22,-6.148957124206353,9.042507236002193,-2.293343549999849,-344.7258096681747,929.7919615157389,-118.32329384731872,True,98.299,-6.148957124206353,9.042507236002193,-344.7258096681747,929.7919615157389,10.935119444444794,325.78407999997694,0.0,0.0,0.0,0.0
191912.0,-1.6713,0.9993,9.2279,-0.029,-0.0605,9.8063,0.149,0.4696,-0.2304,176.23,-83.42,77.26,52.82217,-1.641975,10.7,4,324.48,21 / 22,-6.1218460946328035,9.174478519209485,-2.2425485499998516,-345.3393498291166,930.7028108034995,-118.55008845231869,False,98.399,-6.222034703218424,8.873931039915043,-345.35070096998146,930.6705126313879,10.837925000001443,324.9633700000123,-0.10018860858562029,-0.30054747929444225,-0.011351140864860554,-0.03229817211160935
192012.0,0.3971,-5.7652,8.4373,0.0151,0.0102,9.8066,0.1254,0.1798,-0.1589,178.61,-83.51,80.83,52.82217,-1.641975,10.7,4,324.48,21 / 22,-6.056290005751028,9.385265738221168,-2.339953549999846,-345.94825663413576,931.6307980163709,-118.77921355731866,False,98.499,-6.3100703464481125,8.899165162162003,-345.9823801854538,931.5709691471149,10.90926944444443,324.6609700000001,-0.25378034069708466,-0.48610057605916523,-0.03412355131803224,-0.05982886925608
192112.0,2.8655,0.6846,10.2142,0.0061,-0.0527,9.8065,-0.0648,0.442,-0.2273,175.6,-83.79,83.54,52.82217,-1.641975,10.7,4,324.48,21 / 22,-6.217451928122687,9.595330469822871,-2.388043549999843,-346.5619437308294,932.5798278267731,-119.01561341231863,False,98.59899999999999,-6.1174196065160995,8.899387831181167,-346.5875126097382,932.4716480526256,10.799175000006464,325.4955399999512,0.10003232160658726,-0.6959426386417036,-0.025568878908813986,-0.10817977414751567
192212.0,-0.2097,1.1712,9.7357,0.0094,-0.0119,9.8066,-0.0939,-0.162,0.1287,175.01,-83.68,82.3,52.82217,-1.641975,10.7,4,324.48,21 / 22,-6.335212772992274,9.460466460426188,-2.371213549999844,-347.1895769658851,933.5326176732855,-119.25357626731859,False,98.69899999999998,-6.23131435658478,8.89598698776087,-347.20568320493203,933.3613186607,10.861305555552747,324.99019000002284,0.10389841640749431,-0.5644794726653188,-0.016106239046905557,-0.17129901258545033
192312.0,-0.069,-2.8145,8.9246,0.0407,-0.008,9.8065,-0.1283,0.168,-0.0249,167.57,-83.68,79.03,52.82217,-1.641975,10.7,4,324.48,21 / 22,-6.3374418860076265,9.509523250608344,-2.4188635499998545,-347.8232096988353,934.4811171588374,-119.49308012231863,False,98.799,-6.194462278758502,8.734001539193406,-347.8239882142332,934.2288614781482,10.707669444448992,324.65434000000977,0.14297960724912429,-0.7755217114149389,-0.0007785153979398274,-0.2522556806891316
192412.0,1.294,2.0127,11.4356,-0.016,-0.06,9.8064,-0.1135,-0.721,0.4533,174.32,-83.89,81.72,52.82217,-1.641975,10.7,4,324.48,21 / 22,-6.409438048851765,9.509505553328756,-2.3815185499998566,-348.4605536955782,935.4320685990342,-119.7330992273186,False,98.899,-6.290062070260989,8.782823207789738,-348.4556002226521,935.1181985014421,10.802911111109674,324.39063000000385,0.1193759785907762,-0.7266823455390181,0.004953472926104041,-0.3138700975921438
192512.0,1.4835,-8.9411,9.7178,-0.006,0.0485,9.8065,0.1627,-0.6431,0.4952,177.17,-83.6,85.81,52.82217,-1.641975,10.7,4,324.48,23 / 23,-6.553340640504389,9.813449110008673,-2.304513549999861,-349.108692630046,936.3982163322011,-119.96740083231857,False,98.999,-6.1412959202992115,8.783841263281184,-349.0673861465398,935.9967496170908,10.717813888888907,325.0404099999999,0.41204472020517713,-1.0296078467274885,0.04130648350621868,-0.4014667151102458
192612.0,2.6515,-4.4999,9.38,-0.0579,-0.0658,9.8062,0.0184,-0.3225,-0.0275,175.76,-83.99,83.84,52.82217,-1.641975,10.7,4,324.48,23 / 23,-6.792073714220019,10.438425513716583,-2.3302885499998593,-349.7759633477822,937.4108100633873,-120.19914093731855,False,99.09899999999999,-6.0797765309151,8.654302928852397,-349.6723169496258,936.8531729420506,10.576419444452638,324.91137000000793,0.7122971833049192,-1.7841225848641855,0.10364639815639975,-0.5576371213367111
192712.0,1.8612,-4.4113,10.2842,-0.0497,0.0762,9.8062,0.1143,-0.3671,0.2282,173.13,-83.46,79.27,52.82217,-1.641975,10.7,4,324.48,23 / 23,-7.05228661899463,10.828651411151293,-2.3277435499998593,-350.4681813644429,938.4741639096306,-120.43204254231851,False,99.19899999999998,-6.129511183569624,8.69490959000994,-350.2838340452475,937.7203821754167,10.63824999999719,324.8179300000041,0.922775435425006,-2.133741821141353,0.18434731919541036,-0.7537817342139306
192812.0,0.3669,-3.9463,8.8077,0.0019,0.0761,9.8064,-0.039,-0.5602,0.3465,172.12,-83.77,78.33,52.82217,-1.641975,10.7,4,324.48,23 / 23,-7.207855055080884,11.197481092310941,-2.3538135499998654,-351.1811884481468,939.575470534804,-120.66612039731855,False,99.299,-6.2297504406235165,8.532378994077428,-350.90872534704096,938.5656860080136,10.564638888891077,323.865610000028,0.9781046144573677,-2.665102098233513,0.27246310110587046,-1.0097845267904404
192912.0,0.6497,1.8659,9.55,0.0134,0.0105,9.8066,-0.0397,0.0559,-0.0863,171.96,-83.91,78.18,52.82217,-1.641975,10.7,4,324.48,23 / 23,-7.263439197296066,11.261626028751346,-2.416593549999862,-351.9047531607656,940.698425890857,-120.90464075231853,False,99.399,-6.002758375950444,8.654178504746618,-351.50713706475767,939.4327840450558,10.532263888889357,325.25387999997923,1.2606808213456215,-2.607447524004728,0.3976160960079369,-1.2656418458012695
193012.0,0.036,-2.9581,9.3545,-0.0186,0.0693,9.8063,-0.0773,0.4424,-0.2188,172.43,-83.68,78.72,52.82217,-1.641975,10.7,4,324.48,23 / 23,-7.295155160198537,11.279189708063011,-2.4520335499998596,-352.6326828786403,941.8254666776977,-121.1480721073185,False,99.499,-6.069016567613684,8.61118760340847,-352.1119334537416,940.2890961758391,10.534969444444444,324.8244800000001,1.2261385925848538,-2.6680021046545424,0.5207494248987246,-1.5363705018586415
193112.0,-0.2449,1.3706,9.8552,-0.0254,-0.02,9.8065,0.0071,0.2006,-0.2096,171.05,-83.84,76.8,52.82217,-1.641975,10.7,4,324.48,23 / 23,-7.284744357869373,11.327956124000188,-2.4722135499998585,-353.36167785454364,942.9558239693008,-121.39428446231847,False,99.59899999999999,-5.926156036231175,8.56006552479638,-352.69683655109833,941.1563054084509,10.411250000007216,325.30509999997173,1.358588321638198,-2.767890599203808,0.6648413034453142,-1.7995185608499469
193212.0,1.4752,-2.9428,10.2618,-0.0093,0.0427,9.8065,-0.0148,0.2851,-0.1707,171.54,-83.59,77.36,52.82217,-1.641975,10.7,4,324.48,23 / 23,-7.347421647067423,11.365099406517187,-2.44702854999986,-354.09328615479046,944.0904767458267,-121.64024656731844,False,99.69899999999998,-6.109756645738434,8.591627052814534,-353.30815202552014,942.0236258360417,10.542549999994113,324.5823500000323,1.2376650013289892,-2.773472353702653,0.7851341292703182,-2.066850909784989
193312.0,1.6904,2.0047,9.2997,-0.0175,-0.0258,9.8065,-0.0775,0.3615,-0.1732,171.23,-83.8,77.15,52.82217,-1.641975,10.7,4,324.48,23 / 23,-7.501155222625204,11.356069061602875,-2.4496185499998604,-354.83571499827525,945.2265351692329,-121.88507892231848,False,99.799,-5.945634956345844,8.61155733136482,-353.89312232998674,942.9019545618345,10.464688888891223,325.37788999997633,1.55552026627936,-2.744511730238056,0.942592668288512,-2.3245806073983886
193412.0,-0.0807,-3.1573,8.9673,0.0115,-0.0063,9.8066,0.0634,0.01,-0.0107,171.0,-83.73,76.77,52.82217,-1.641975,10.7,4,324.48,23 / 23,-7.580844905247016,11.368947176117171,-2.5169335499998566,-355.5898150046688,946.3627859811188,-122.13340652731846,False,99.899,-6.094725928000771,8.564167170973452,-354.5044378043966,943.7583778875568,10.511463888888184,324.5623200000123,1.486118977246245,-2.8047800051437193,1.0853772002722053,-2.6044080935620286
193513.0,1.0947,-4.5342,9.9638,-0.0167,-0.0785,9.8063,-0.0678,0.4296,-0.2965,171.48,-83.58,77.37,52.82217,-1.641975,10.7,4,324.48,21 / 22,-7.681066113388301,11.713262971247824,-2.5513846499998563,-356.3605415111099,947.5284375935607,-122.38935659641844,False,100.0,-5.957928092744309,8.442459946951818,-355.10869653686143,944.6009018472304,10.333055555555555,324.789,1.723138020643992,-3.270803024296006,1.2518449742484563,-2.9275357463303635
193612.0,1.4433,-3.2543,9.4849,0.0121,-0.0512,9.8064,-0.0221,-0.2563,0.1576,174.99,-83.91,75.71,52.82217,-1.641975,10.7,4,324.48,21 / 22,-7.845141041702618,12.04972338374607,-2.5595323499998552,-357.1290887652868,948.7047054181328,-122.6423469879184,False,100.09899999999999,-5.988684036847829,8.529770428613523,-355.700857997375,945.4485407715823,10.422155555550361,324.92759999999197,1.8564570048547893,-3.5199529551325472,1.4282307679117707,-3.2561646465504737
193712.0,1.3354,-2.6528,9.1296,0.0203,-0.0253,9.8065,-0.0323,0.0491,-0.0619,176.25,-83.95,76.3,52.82217,-1.641975,10.7,4,324.48,21 / 22,-7.999793499393863,12.301150630426855,-2.6094723499998524,-357.92133549234154,949.9222491188414,-122.90079722291837,False,100.19899999999998,-5.83718828686717,8.35763560265188,-356.27904038813625,946.2827251110315,10.194255555565716,325.0685899999938,2.1626052125266924,-3.943515027774975,1.6422951042052887,-3.6395240078098823
193812.0,-0.0219,0.9626,10.5925,0.024,-0.0197,9.8066,0.0651,-0.2408,0.1465,166.77,-83.9,78.46,52.82217,-1.641975,10.7,4,324.48,21 / 22,-8.053994803619272,12.350858380011957,-2.604032349999851,-358.7240249074924,951.1548495693636,-123.16147245791842,False,100.299,-6.005471914724593,8.264255880937553,-356.88363515594676,947.1056787638382,10.215869444443738,323.99486000003174,2.048522888894679,-4.086602499074404,1.8403897515456151,-4.049170805525364
193911.0,1.6628,-0.1478,10.874,0.0231,0.002,9.8066,0.0062,0.104,-0.025,163.65,-83.85,81.35,52.82217,-1.641975,10.7,4,324.48,21 / 22,-8.110719251117798,12.258286819299927,-2.5122989499998605,-359.5241782532018,952.3730022567294,-123.41473085726838,False,100.398,-6.087719092283903,8.37440906668787,-357.48245011603643,947.9420870016086,10.353311111109026,323.98498,2.023000158833895,-3.883877752612058,2.0417281371653644,-4.430915255120794
194012.0,1.0977,0.6124,10.1049,0.0115,-0.0331,9.8065,0.0945,-0.302,0.0847,170.43,-83.77,83.12,52.82217,-1.641975,10.7,4,324.48,21 / 22,-8.231321419239427,12.170857722346016,-2.443336149999861,-360.34945130705484,953.6066740560825,-123.66499042981836,False,100.499,-5.9107344515425,8.394908571746994,-358.0734018494093,948.795619258762,10.267011111111128,324.8512499999998,2.3205869676969266,-3.775949150599022,2.276049457645513,-4.81105479732048
194112.0,0.5522,-3.0848,9.8444,-0.0089,-0.0017,9.8066,0.2694,-0.1896,0.0858,179.0,-83.8,88.52,52.82217,-1.641975,10.7,4,324.48,21 / 22,-8.303410511119681,12.253119552530611,-2.426536149999862,-361.1761879035727,954.8278729198263,-123.90848404481834,False,100.59899999999999,-5.848914512957182,8.329378466267208,-358.66475682511316,949.61868410644,10.177836111116259,324.92335999999636,2.454495998162499,-3.9237410862634032,2.511431078459566,-5.209188813386277
194212.0,5.8491,0.3089,9.6098,0.0151,-0.0303,9.8066,-0.1554,-0.0507,-0.0053,175.23,-83.88,90.11,52.82217,-1.641975,10.7,4,324.48,21 / 22,-8.617966344576041,12.334640860629603,-2.4344911499998614,-362.02225674635747,956.0572609404842,-124.15153540981831,False,100.69899999999998,-6.074933230020145,8.510259089228885,-359.27613950658827,950.4745514554301,10.45606944443205,324.4794900000198,2.5430331145558966,-3.824381771400718,2.7461172397692053,-5.582709485054124
194312.0,-1.5425,-0.1853,8.0711,-0.0051,0.0558,9.8064,-0.1605,-0.1283,0.1512,175.72,-83.64,83.67,52.82217,-1.641975,10.7,4,324.48,21 / 22,-8.825074639222633,12.2775875241493,-2.5311111499998833,-362.8944087955476,957.2878723597235,-124.39981552481835,False,100.799,-6.088779974251146,8.683463694902818,-359.8810703097182,951.3527689869842,10.605463888884568,324.96207999998563,2.7362946649714868,-3.5941238292464828,3.0133384858293653,-5.935103372739263
194414.0,3.0188,-0.32,9.3727,-0.0445,0.0051,9.8065,0.0209,-0.0882,-0.0465,167.99,-83.8,79.58,52.82217,-1.641975,10.7,4,324.48,21 / 22,-8.892300728518382,12.24440422340604,-2.6417556499998565,-363.79799493930216,958.5384939388484,-124.66363173161827,False,100.90099999999998,-5.946453915614013,8.535410402579469,-360.4776674366282,952.2267611111203,10.402588888886735,325.13568999998586,2.945846812904369,-3.7089938208265707,3.3203275026739334,-6.311732827728179
194512.0,0.5392,-6.3354,10.1261,-0.0167,-0.0721,9.8064,-0.0052,0.4357,-0.4321,167.67,-83.7,78.74,52.82217,-1.641975,10.7,4,324.48,22 / 23,-9.121498146678546,12.496074733835737,-2.6473661499998573,-364.68067108418694,959.7507774077534,-124.92279869981829,False,100.999,-5.884982499501933,8.752973863044394,-361.0506748833047,953.1094264378914,10.547411111111082,326.0853099999998,3.2365156471766126,-3.743100870791343,3.6299962008822604,-6.641350969861946
194612.0,2.9596,1.774,10.496,0.0349,0.0084,9.8066,-0.07,0.4794,-0.1541,173.59,-83.76,80.41,52.82217,-1.641975,10.7,4,324.48,22 / 23,-9.343107001042895,12.663511622843535,-2.59692614999986,-365.60390134157296,961.0087567255873,-125.18501331481826,False,101.09899999999999,-6.1464783084218535,8.87495238408731,-361.66199035768454,954.0211136408958,10.795563888874506,325.29508000004665,3.196628692621042,-3.788559238756225,3.9419109838884197,-6.987643084691513
194712.0,1.4432,-7.4844,10.6306,0.024,-0.0591,9.8064,-0.1113,-0.0257,-0.0383,175.35,-83.85,82.81,52.82217,-1.641975,10.7,4,324.48,22 / 23,-9.575122929938257,12.893774456266499,-2.521261149999864,-366.54981283812197,962.2866210295427,-125.44092267981823,False,101.19899999999998,-5.866088311554396,8.911986369110444,-362.2403071625788,954.932912040297,10.669355555561271,326.64626999993965,3.7090346183838605,-3.9817880871560547,4.309505675543164,-7.353708989245774
194812.0,0.0761,2.8374,8.6512,-0.0359,-0.092,9.8061,0.1177,-0.8985,0.5487,173.46,-83.9,79.83,52.82217,-1.641975,10.7,4,324.48,22 / 23,-9.657571936977545,13.087332439137505,-2.5378361499998676,-367.51144758146796,963.5856763743133,-125.69387754481828,False,101.299,-6.140167822490708,8.904811097265641,-362.8582089294807,955.8226938433108,10.816555555551178,325.4126000000368,3.517404114486837,-4.182521341871864,4.6532386519872375,-7.762982531002422
194912.0,1.2573,-8.3302,10.1553,-0.0144,0.0316,9.8065,0.0965,-0.7116,0.2567,177.55,-83.43,77.97,52.82217,-1.641975,10.7,4,324.48,22 / 23,-9.71899616722263,13.327073474260521,-2.5781761499998654,-368.4802759866779,964.9063966699831,-125.94967815981825,False,101.399,-5.993838242249838,8.96048360067498,-363.44989994057204,956.7232615546624,10.780380555556114,326.2207099999879,3.725157924972791,-4.366589873585541,5.030376046105857,-8.183135115320738
195012.0,0.2304,-1.7139,9.8588,0.0006,-0.0432,9.8065,-0.0317,-0.5885,0.179,172.59,-83.54,77.49,52.82217,-1.641975,10.7,4,324.48,22 / 23,-9.815031394180863,13.791750602746875,-2.5581361499998665,-369.456977364748,966.2623378738334,-126.20649377481821,False,101.499,-6.172957060822967,9.012125053048534,-364.0679361216342,957.6239404602452,10.92354999999997,325.59045000000015,3.642074333357896,-4.779625549698341,5.389041243113809,-8.638397413588223
195112.0,0.3818,7.0181,9.1097,-0.0099,0.1241,9.8058,0.0738,-0.8606,0.6774,165.84,-83.97,76.32,52.82217,-1.641975,10.7,4,324.48,22 / 23,-9.759876510680929,13.498985359727314,-2.5903761499998645,-370.43572275999105,967.626874671957,-126.46391938981819,False,101.59899999999999,-6.027390879079263,9.003516653936781,-364.6662806322146,958.5246193657559,10.834800000005261,326.1997799999641,3.7324856316016657,-4.4954687057905325,5.769442127776472,-9.102255306201073
195212.0,1.7186,2.5278,9.4557,-0.0133,-0.001,9.8066,-0.0731,0.223,-0.2473,169.6,-83.7,75.11,52.82217,-1.641975,10.7,4,324.48,22 / 23,-9.743120737558867,12.98314302740961,-2.6427711499998616,-371.41087262240296,968.9509810913138,-126.72557675481816,False,101.69899999999998,-6.140959873039005,9.003339981597447,-365.28438402032833,959.4252982720313,10.898238888886029,325.70308000002234,3.6021608645198615,-3.9798030458121634,6.12648860207463,-9.525682819282451
195312.0,0.8976,0.5893,9.7171,-0.0049,0.0749,9.8063,0.0749,-0.2508,0.3171,164.84,-83.58,74.51,52.82217,-1.641975,10.7,4,324.48,22 / 23,-9.829042352206779,12.772145854287094,-2.6647961499998667,-372.38948077689145,970.238745535399,-126.99095511981821,False,101.799,-6.063370494069721,9.149398567760148,-365.8893820305249,960.3479937726162,10.976163888886612,326.46722999997735,3.7656718581370576,-3.6227472865269466,6.500098746366518,-9.89075176278277
195413.0,1.4817,-4.1066,9.8287,0.0119,0.0513,9.8065,-0.1828,0.3894,-0.078,163.92,-83.98,73.86,52.82217,-1.641975,10.7,4,324.48,22 / 23,-9.98129512180736,12.879390074410667,-2.6682048999998664,-373.38990281932917,971.5341480997981,-127.26027167284319,False,101.9,-6.102269860627452,9.31034315491246,-366.50029426254895,961.3023798275054,11.131944444442198,326.7579999999959,3.8790252611799083,-3.5690469194982075,6.889608556780217,-10.231768272292697
195511.0,0.5946,-3.2503,9.7743,0.0076,-0.0334,9.8065,0.0291,0.226,-0.2127,160.95,-84.12,69.58,52.82217,-1.641975,10.7,4,324.48,21 / 24,-10.172647583245666,13.164310557304718,-2.6687095999998665,-374.3774460118766,972.8102894307519,-127.52178048334314,False,101.99799999999999,-6.129009730703464,9.330240490592008,-367.0996468791837,962.2177364647807,11.163249999999987,326.6992,4.0436378525422025,-3.8340700667127106,7.2777991326929055,-10.592552965971208
195611.0,-0.2832,-4.5518,8.8057,0.0054,0.0328,9.8066,0.084,0.3729,-0.2224,167.04,-84.28,71.16,52.82217,-1.641975,10.7,4,324.48,21 / 24,-10.277923754336813,13.50290140849489,-2.7203745999998636,-375.3999745787557,974.1436500290419,-127.79123469334311,False,102.09799999999998,-6.242050715631523,9.171883253758828,-367.7244037668007,963.1190825398802,11.094472222226274,325.7621000000546,4.03587303870529,-4.331018154736062,7.6755708119549695,-11.024567489161655
195712.0,1.0334,0.3015,10.045,0.027,-0.0342,9.8065,-0.1151,0.2984,-0.2739,160.88,-84.5,69.8,52.82217,-1.641975,10.7,4,324.48,21 / 24,-10.34659802884566,13.668057649633559,-2.7588858999998633,-376.4415129288064,975.5157834614773,-128.0679373485931,False,102.19899999999998,-6.088453947968947,9.336625919996163,-368.33571924123544,964.0617931277129,11.146405555553185,326.89139999994904,4.258144080876713,-4.331431729637396,8.105793687570952,-11.45399033376441
195812.0,1.1362,-4.1163,10.3472,-0.0058,0.0492,9.8065,-0.0403,0.2453,-0.0726,161.52,-84.22,70.3,52.82217,-1.641975,10.7,4,324.48,21 / 24,-10.495004705248563,13.784430172439176,-2.7199408999998544,-377.48359306551134,976.8884078525813,-128.34187868859314,False,102.299,-6.176580890285632,9.458422911832558,-368.9538898363904,965.0068388094744,11.296544444440034,326.8544900000015,4.318423814962931,-4.326007260606618,8.529703229120969,-11.881569043106879
195912.0,0.4132,0.6991,8.9769,0.0183,-0.0475,9.8065,-0.0573,0.3482,-0.2566,161.97,-84.5,71.42,52.82217,-1.641975,10.7,4,324.48,21 / 24,-10.608638563622597,13.892199663407878,-2.7344008999998537,-378.5387752289548,978.2722393443736,-128.6145957785931,False,102.399,-6.157231272306765,9.498732550637685,-369.57219484571755,965.9630039836685,11.319780555555234,327.0480399999971,4.451407291315832,-4.3934671127701925,8.966580383237272,-12.309235360705088
196012.0,1.1806,0.273,9.9583,-0.0098,-0.0122,9.8066,0.0278,0.219,-0.0985,163.07,-84.33,72.55,52.82217,-1.641975,10.7,4,324.48,21 / 24,-10.656055540964646,13.792336566977262,-2.7683058999998518,-379.60200993418414,979.6564661558928,-128.88973111859306,False,102.499,-6.224315401234541,9.413655772804088,-370.1904998550187,966.8972637570843,11.285350000000005,326.5272800000001,4.431740139730104,-4.3786807941731745,9.411510079165453,-12.759202398808497
196111.0,1.2888,1.214,9.5233,-0.0061,-0.0422,9.8065,-0.0367,0.3006,-0.2152,167.96,-84.26,72.97,52.82217,-1.641975,10.7,4,324.48,21 / 24,-10.745697590253911,13.659977837816987,-2.774825049999851,-380.6613967141793,981.01535571893,-129.16411610061803,False,102.59799999999998,-6.264799154902032,9.44977507732328,-370.809208106688,967.8437549725879,11.337811111108028,326.4573200000038,4.48089843535188,-4.210202760493708,9.852188607491314,-13.171600746342051
196211.0,0.6773,-0.1105,10.2194,0.0028,-0.0439,9.8065,0.0248,-0.2637,0.1397,167.71,-84.32,72.03,52.82217,-1.641975,10.7,4,324.48,21 / 24,-10.819253685610045,13.554218703272623,-2.7683550499998493,-381.7396442779728,982.3760655459847,-129.44127510561808,False,102.69800000000001,-6.3017778669826345,9.461795618814627,-371.4342338226138,968.789134239129,11.368288888887571,326.3354600000054,4.51747581862741,-4.092423084457996,10.305410455358981,-13.586931306855718
196312.0,1.0142,-4.0128,9.3988,0.0085,-0.015,9.8066,0.0131,0.0843,-0.0787,163.33,-84.2,72.89,52.82217,-1.641975,10.7,4,324.48,21 / 24,-10.9486241396296,13.700874101957574,-2.768107599999849,-382.83892210814736,983.7524477326489,-129.72086646944305,False,102.799,-6.417991961175637,9.625653048804146,-372.07881679481727,969.7767675770917,11.56908888888299,326.3062700000008,4.5306321784539625,-4.075221053153427,10.760105313330087,-13.975680155557143
196412.0,0.1056,-1.0026,9.8501,0.0033,-0.0529,9.8065,0.0599,-0.3065,0.2402,164.59,-84.16,74.45,52.82217,-1.641975,10.7,4,324.48,21 / 24,-11.060021093291555,13.895138494997745,-2.786327599999848,-383.93935436979336,985.1322483624965,-129.99858822944302,False,102.899,-6.325220798210121,9.55171167232985,-372.7106304244354,970.7442746335606,11.456161111112817,326.4871699999973,4.734800295081434,-4.343426822667896,11.228723945357956,-14.38797372893589
196513.0,0.9941,-3.6469,9.4476,-0.0001,-0.0294,9.8066,0.0277,-0.0713,-0.0021,170.43,-84.11,75.95,52.82217,-1.641975,10.7,4,324.48,20 / 22,-11.147394152162319,14.084442428421198,-2.8022653999998477,-385.0608288396888,986.5452171991292,-130.280812175943,False,103.0,-6.4074145368755975,9.900565554000186,-373.3554150178381,971.7547029331188,11.793055555555554,327.09,4.739979615286721,-4.183876874421012,11.705413821850698,-14.790514266010405
196612.0,1.6291,1.7545,9.7236,-0.0121,-0.0529,9.8064,-0.0508,-0.3407,0.2735,170.73,-84.21,75.71,52.82217,-1.641975,10.7,4,324.48,20 / 22,-11.282056858991554,14.124246633941118,-2.8241493499998453,-386.17108666474076,987.941547307716,-130.55931970606795,False,103.09899999999999,-6.291893381783436,9.713601680274316,-373.96753697701456,972.712424835978,11.57333055556837,327.06723000000136,4.990163477208118,-4.410644953666802,12.203549687726195,-15.229122471737924
196712.0,1.027,-2.507,10.1097,-0.0228,0.0058,9.8066,0.0222,-0.1894,0.0809,169.38,-84.17,74.46,52.82217,-1.641975,10.7,4,324.48,20 / 22,-11.412034131467987,14.106739561533114,-2.813149349999846,-387.30579121426365,989.3530966174895,-130.8411846410679,False,103.19899999999998,-6.44128221370834,9.730137109937777,-374.6191094841091,973.6798206982218,11.669011111106764,326.4957700000254,4.970751917759647,-4.376602451595337,12.686681730154532,-15.67327591926778
196812.0,1.1226,2.6951,9.2873,-0.0067,-0.0446,9.8065,0.0491,-0.2642,0.1346,168.08,-84.21,72.62,52.82217,-1.641975,10.7,4,324.48,20 / 22,-11.502111280968068,14.04572662690561,-2.8239643499998484,-388.4514984848857,990.7607199269117,-131.12304032606795,False,103.299,-6.443248829844029,9.773865003536459,-375.2577110274461,974.6692331547753,11.706574999998923,326.6058299999966,5.058862451124039,-4.271861623369151,13.193787457439612,-16.091486772136477
196912.0,0.1679,-0.85,9.9226,0.0041,0.0469,9.8065,0.0231,-0.451,0.3296,168.46,-83.98,73.1,52.82217,-1.641975,10.7,4,324.48,20 / 22,-11.535092535439135,13.911019882105265,-2.8441343499998473,-389.603358675706,992.1585572523622,-131.40644526106792,False,103.399,-6.49040930195231,9.627515331898008,-375.90948515571506,975.6148348111665,11.61096944444587,326.0139900000088,5.0446832334868255,-4.283504550207256,13.693873519990916,-16.54372244119577
197012.0,0.5367,3.4642,9.6863,-0.0024,0.0027,9.8066,-0.0382,0.0418,0.0259,162.68,-84.23,72.26,52.82217,-1.641975,10.7,4,324.48,20 / 22,-11.513596057380608,13.746994507487383,-2.8443543499998474,-390.7557931053469,993.5414579718419,-131.6908696960679,False,103.499,-6.520055292128185,9.750867253951204,-376.5613936981297,976.5930165810636,11.729899999999976,326.23074999999994,4.9935407652524235,-3.9961272535361783,14.194399407217247,-16.94844139077827
197112.0,0.0118,-1.7526,9.9206,-0.0113,0.0425,9.8065,0.1108,-0.3866,0.2543,163.18,-84.13,72.78,52.82217,-1.641975,10.7,4,324.48,20 / 22,-11.499878346418434,13.627278024659452,-2.8446743499998473,-391.9064668255368,994.9101715984491,-131.97532113106786,False,103.59899999999999,-6.598653962339987,9.7205920501892,-377.2266092396149,977.5605236381697,11.748711111110087,325.8300700000235,4.901224384078447,-3.9066859744702516,14.679857585921923,-17.349647960279412
197212.0,1.1934,-4.3945,10.1482,-0.0041,0.0255,9.8065,-0.0243,0.2752,-0.1275,163.1,-84.43,72.9,52.82217,-1.641975,10.7,4,324.48,20 / 22,-11.633186268735404,13.87374607219238,-2.8218993499998484,-393.06312005629445,996.2852228032916,-132.25864981606782,False,103.69899999999998,-6.663412122854155,9.874227210844065,-377.8919591952933,978.5389277972212,11.912238888881635,325.9873699999929,4.9697741458812486,-3.9995188613483155,15.17116086100117,-17.746295006070454
197312.0,0.0812,-2.2143,9.8647,0.0061,0.0359,9.8065,-0.012,-0.1033,0.0959,167.77,-84.62,72.69,52.82217,-1.641975,10.7,4,324.48,20 / 22,-11.769221414306362,14.143351806187912,-2.801919349999844,-394.2332404404468,997.686077697211,-132.53984075106786,False,103.799,-6.690982182597898,9.797675078464644,-378.5639626505049,979.5174431511913,11.864388888890348,325.6702200000094,5.078239231708464,-4.3456767277232675,15.66927778994193,-18.16863454601969
197412.0,1.2602,-2.6765,9.9316,0.0018,0.0431,9.8065,-0.0086,0.2684,-0.1544,168.66,-84.53,73.73,52.82217,-1.641975,10.7,4,324.48,20 / 22,-11.87387420394987,14.33830248636618,-2.7927693499998445,-395.4153952213596,999.1101604118386,-132.81957518606782,False,103.899,-6.659957915299337,9.918709119848105,-379.2293798132369,980.5069668040629,11.947213888887655,326.12041999999326,5.213916288650532,-4.419593366518075,16.18601540812267,-18.603193607775665
197512.0,0.6038,0.3919,10.3379,0.0163,0.011,9.8066,-0.0522,0.0168,-0.0058,170.02,-84.6,75.74,52.82217,-1.641975,10.7,4,324.48,20 / 21,-11.978058285382229,14.401174343249664,-2.7599593499998463,-396.6079918458261,1000.5471342533193,-133.0972116210678,False,103.999,-6.661828404351979,9.90654326738423,-379.89472976890244,981.4966016511729,11.938155555555555,326.08045,5.3162298810302495,-4.494631075865435,16.713262076923684,-19.050532602146404
197612.0,0.8642,-0.6907,10.042,0.0029,0.033,9.8065,-0.0412,0.2227,-0.1688,169.91,-84.53,75.52,52.82217,-1.641975,10.7,4,324.48,20 / 21,-12.043083081317558,14.37154207051502,-2.7216293499998483,-397.80904891416105,1001.9857700740075,-133.37129105606778,False,104.09899999999999,-6.602752471381088,9.98382825789143,-380.55342622498796,982.4862364975044,11.96968055555371,326.52153999997427,5.4403306099364706,-4.3877138126235895,17.255622689173094,-19.499533576503154
197711.0,0.6313,0.0538,9.6975,0.0112,0.0071,9.8066,-0.0719,0.0375,0.0274,164.57,-84.83,75.43,52.82217,-1.641975,10.7,4,324.48,20 / 21,-12.109337380603957,14.356144833798611,-2.715382449999847,-399.00459372702636,1003.4077905757713,-133.6404231401678,False,104.19800000000001,-6.652830059737293,10.049658901430432,-381.2186417664835,983.4877692019749,12.05221111110743,326.49562000000134,5.456507320866664,-4.3064859323681794,17.78595196054289,-19.92002137379643
197811.0,0.0759,-4.243,9.4951,-0.0136,0.0265,9.8065,-0.0422,0.3484,-0.2363,173.41,-84.81,73.59,52.82217,-1.641975,10.7,4,324.48,20 / 21,-12.156757394392116,14.524200268878998,-2.7364174499998457,-400.2178984657761,1004.851807830905,-133.91301313516777,False,104.298,-6.665814374264427,10.207323325416429,-381.8841261363073,984.510540137213,12.191088888884776,326.85367999998925,5.490943020127689,-4.316876943462569,18.333772329468786,-20.34126769369209
197911.0,0.2377,-0.6581,9.7906,0.0014,0.0006,9.8066,-0.0242,0.0984,-0.0318,167.09,-85.02,71.99,52.82217,-1.641975,10.7,4,324.48,20 / 21,-12.194077919366178,14.732397617767177,-2.7527974499998447,-401.43544023146393,1006.3146377252373,-134.18747388016774,False,104.398,-6.497488180590014,10.17934591071446,-382.5297172145215,985.5226363597235,12.076288888890673,327.44997999999106,5.696589738776164,-4.553051707052717,18.90572301694243,-20.792001365513784
198012.0,0.8875,-4.2757,10.4391,0.0027,0.0394,9.8066,-0.0275,0.3118,-0.1762,161.79,-85.06,71.88,52.82217,-1.641975,10.7,4,324.48,20 / 21,-12.310244167316336,14.922508901208023,-2.7216692499998447,-402.6729084968414,1007.8122105044455,-134.46393444851773,False,104.499,-6.739429813130398,10.195406757232012,-383.2146244264515,986.5446289307116,12.221563888888861,326.53437000000014,5.570814354185938,-4.72710214397601,19.45828407038988,-21.267581573733878
198112.0,0.7433,-1.2815,9.9215,0.0183,-0.0135,9.8066,-0.0247,0.1822,-0.0979,162.2,-85.36,72.8,52.82217,-1.641975,10.7,4,324.48,20 / 21,-12.459997139528598,15.131511968843903,-2.6843042499998466,-403.91142056218354,1009.314911547948,-134.7342331235177,False,104.59899999999999,-6.590741691156346,10.22921662792834,-383.87345529665606,987.5785193583015,12.16860555555873,327.2061199999603,5.869255448372252,-4.902295340915563,20.037965265527475,-21.736392189646494
198212.0,0.9652,-3.6743,10.5048,-0.0034,0.0165,9.8066,-0.0861,0.1701,-0.101,167.38,-85.23,73.02,52.82217,-1.641975,10.7,4,324.48,20 / 21,-12.589507935264281,15.319411642463738,-2.643654249999849,-405.1638958159231,1010.8374577285133,-135.00063104851768,False,104.69899999999998,-6.6333062764343795,10.356484984298199,-384.53208454569585,988.6126321765138,12.298680555549756,327.3605099999935,5.956201658829902,-4.962926658165539,20.631811270227274,-22.224825551999515
198312.0,-0.3808,-0.5666,9.6873,-0.0027,-0.0141,9.8066,-0.0692,0.2148,-0.147,160.95,-85.21,70.78,52.82217,-1.641975,10.7,4,324.48,20 / 21,-12.654970362612772,15.490814869547362,-2.6147142499998424,-406.4261197308173,1012.3779690541143,-135.2635494735177,False,104.799,-6.5631553147515795,10.424743156729315,-385.1907137947495,989.6577532915351,12.318699999999449,327.8065099999869,6.091815047861193,-5.066071712818047,21.235405936067764,-22.720215762579187
198412.0,-0.2812,-1.0177,9.8264,-0.0013,0.006,9.8065,-0.0013,0.002,-0.0493,166.45,-84.97,70.76,52.82217,-1.641975,10.7,4,324.48,20 / 21,-12.631202079104401,15.546342295306976,-2.619694249999842,-407.69042835290304,1013.9298269123569,-135.52526989851768,False,104.899,-6.572926735001715,10.42368958062992,-385.8493430437898,990.7029856028739,12.323013888888827,327.76546000000064,6.058275344102686,-5.122652714677056,21.841085309113225,-23.226841309483007
198512.0,0.519,-1.8754,10.1668,0.0143,-0.004,9.8066,-0.0238,0.0392,-0.0054,166.95,-84.83,71.6,52.82217,-1.641975,10.7,4,324.48,19 / 21,-12.664224394949528,15.653676968136944,-2.600699249999843,-408.9551996766057,1015.489827875529,-135.78628957351765,False,104.999,-6.72832935773198,10.405411971873578,-386.5279327915073,991.7372096153255,12.39125555555554,327.1125900000001,5.9358950372175485,-5.248264996263366,22.42726688509839,-23.752618260203576
198612.0,0.3413,-1.0757,9.9496,0.0126,-0.0057,9.8066,-0.0465,-0.0957,0.0625,168.66,-84.81,73.45,52.82217,-1.641975,10.7,4,324.48,19 / 21,-12.726900477161475,15.757411890156392,-2.5755442499998447,-410.2247559202111,1017.0603823184437,-136.04510174851762,False,105.09899999999999,-6.755321965443069,10.393659370296678,-387.20672416037496,992.7713224334641,12.396069444444205,326.97829000000746,5.971578511718406,-5.363752519859714,23.018031759836163,-24.289059884979565
198712.0,-1.0941,-2.401,9.6899,-0.0148,0.0076,9.8066,-0.0035,-0.1244,0.038,169.1,-84.67,73.82,52.82217,-1.641975,10.7,4,324.48,19 / 21,-12.71269118804176,15.903680984818664,-2.5742342499998445,-411.4967355034712,1018.6434369621924,-136.30259067351759,False,105.19899999999998,-6.8272158229159805,10.503757018315058,-387.8921690288366,993.827451846685,12.527561111105273,326.97700000000003,5.885475365125779,-5.399923966503605,23.604566474634623,-24.815985115507374
198812.0,-0.0802,-0.6978,10.1279,-0.003,-0.002,9.8066,0.0123,-0.0346,-0.0116,169.11,-84.66,73.83,52.82217,-1.641975,10.7,4,324.48,19 / 21,-12.673951112119587,16.03554864723734,-2.564009249999842,-412.76606761847955,1020.2403984437956,-136.55950284851764,False,105.299,-6.783904686787244,10.502927324654722,-388.564374105274,994.8727953515557,12.503313888889643,327.1413399999951,5.8900464253323435,-5.532621322582619,24.201693513205555,-25.367603092239847
198912.0,0.2127,-2.9433,9.4543,0.0053,0.043,9.8065,-0.0219,-0.2359,0.1672,164.27,-84.54,74.7,52.82217,-1.641975,10.7,4,324.48,19 / 21,-12.71505935418315,16.17845085204465,-2.565564249999842,-414.0355181417946,1021.8510984187596,-136.81598152351762,False,105.399,-6.747317462538234,10.462410214830992,-389.236444767552,995.9180276621945,12.449430555556352,327.18160999999947,5.967741891644916,-5.716040637213659,24.799073374242653,-25.933070756565144
199012.0,-0.4256,-0.0468,10.0303,-0.003,-0.0027,9.8066,-0.0202,-0.025,0.0389,163.89,-84.74,74.19,52.82217,-1.641975,10.7,4,324.48,19 / 21,-12.732312762424698,16.29502370129258,-2.5719992499998416,-415.30788674762493,1023.4747721464264,-137.0728596985176,False,105.499,-6.910820100127998,10.404690658362613,-389.92847592852024,996.96325997214,12.490688888888881,326.40782000000013,5.8214926622967,-5.890333042929965,25.37941081910469,-26.511512174286395
199112.0,-0.2094,0.4538,10.1453,0.0026,0.0337,9.8065,0.0318,-0.2234,0.1495,163.28,-84.91,73.79,52.82217,-1.641975,10.7,4,324.48,19 / 21,-12.682615613064824,16.25422197911812,-2.5438842499998433,-416.57863316639936,1025.1022344304467,-137.32865387351757,False,105.59899999999999,-6.805691120301281,10.502457179978434,-390.6074017115204,998.0084922834038,12.514761111109733,327.0563699999617,5.876924492763543,-5.751764799139687,25.971231454878932,-27.093742147042917
199213.0,0.0746,-1.9725,9.6903,0.008,0.0256,9.8065,0.0101,-0.2142,0.1152,169.76,-84.84,74.96,52.82217,-1.641975,10.7,4,324.48,19 / 21,-12.675430044356316,16.301531904700617,-2.532658099999843,-417.8592144720991,1026.7463000015796,-137.58501926219256,False,105.69999999999999,-6.957638912486433,10.392019817481083,-391.3064224073758,999.0641769164552,12.5061111111115,326.1970000000379,5.717791131869883,-5.909512087219534,26.552792064723292,-27.68212308512443
199312.0,0.4251,0.3172,10.3997,-0.0169,0.0191,9.8066,0.0262,0.0095,0.0003,168.77,-84.93,74.25,52.82217,-1.641975,10.7,4,324.48,19 / 21,-12.703817318251964,16.346366410111337,-2.5090614499998387,-419.11548721654844,1028.362370968163,-137.8345843799176,False,105.799,-6.932219547777894,10.312376469303707,-391.99173286169525,1000.0769403089929,12.425811111113477,326.0900800000031,5.77159777047407,-6.033989940807629,27.12375435485319,-28.285430659170174
199412.0,0.4777,-1.5791,9.8164,0.01,0.0341,9.8065,-0.0309,-0.1049,0.07,164.06,-84.88,74.78,52.82217,-1.641975,10.7,4,324.48,19 / 21,-12.75439871368857,16.365197741935987,-2.47892144999984,-420.3883980181454,1029.9979491757654,-138.08398352491758,False,105.899,-6.935169970237685,10.3964671678957,-392.68396564387564,1001.1219502290893,12.497324999998927,326.293929999997,5.819228743450885,-5.968730574040286,27.704432374269743,-28.875998946676077
199512.0,0.3113,-0.0013,9.9899,0.0087,-0.0189,9.8066,0.0028,0.0113,-0.0867,164.46,-85.01,75.51,52.82294,-1.642846,11.92,4,326.65,19 / 21,-12.801072265269394,16.400058454759996,-2.4692714499998405,-421.6661715670932,1031.6362119856,-138.33139316991756,False,105.999,-6.928142732683507,10.155946160782909,-393.3761984260432,1002.1231493483227,12.294005555555596,325.6990300000001,5.872929532585887,-6.2441122939770874,28.28997314105004,-29.513062637277358
199612.0,0.22,-3.1416,10.9565,-0.0029,0.0082,9.8066,0.0729,-0.1523,0.096,165.7,-85.06,77.12,52.82294,-1.642846,11.92,4,326.65,19 / 21,-12.852990448344025,16.514874369546643,-2.402616449999844,-422.9488747027738,1033.2819586268154,-138.57498756491754,False,106.09899999999999,-6.878509331140581,10.335128800865048,-394.05512420904336,1003.1679368798823,12.414869444437276,326.35431999996143,5.974481117203444,-6.179745568681595,28.893750493730465,-30.114021746933076
199712.0,0.4243,-1.5697,9.6083,0.0082,0.0183,9.8066,0.0233,0.1429,-0.043,172.08,-85.08,78.97,52.82294,-1.642846,11.92,4,326.65,19 / 21,-12.923797211816986,16.707891014422525,-2.3550414499998467,-424.2377140857818,1034.9430968960137,-138.81287045991752,False,106.19899999999998,-6.978476006008118,10.442507051977232,-394.75387607662253,1004.2241774873349,12.559661111104736,326.2461600000051,5.945321205808868,-6.265383962445293,29.483838009159285,-30.718919408678744
199812.0,-0.3209,-0.3546,9.8239,0.0059,-0.019,9.8066,-0.0075,0.0214,-0.0205,173.34,-85.15,80.69,52.82294,-1.642846,11.92,4,326.65,19 / 21,-12.933361321339037,16.770206710972985,-2.3640964499998485,-425.5305720124399,1036.6170017822838,-139.04882735491756,False,106.299,-7.020386998586755,10.48867440699411,-395.4528295654155,1005.2805292910999,12.621336111109333,326.2044100000012,5.912974322752282,-6.281532303978876,30.077742447024377,-31.336472491183827
199912.0,-0.3087,-2.4241,9.8181,0.0015,0.0219,9.8066,0.0287,0.2627,-0.1076,173.19,-85.25,80.54,52.82294,-1.642846,11.92,4,326.65,19 / 21,-12.910453949761635,16.879807774374303,-2.3626614499998486,-426.8227627759949,1038.299502506551,-139.28516524991753,False,106.399,-6.981872190133774,10.534220589838792,-396.1517830541819,1006.3368810941785,12.637894444444207,326.4643699999961,5.928581759627861,-6.3455871845355105,30.670979721812955,-31.96262141237264
200012.0,-2.0875,2.5221,9.6982,-0.0009,-0.0228,9.8065,-0.0637,0.2432,-0.1706,173.67,-85.25,81.27,52.82294,-1.642846,11.92,4,326.65,19 / 21,-12.783877084073833,16.856086418349932,-2.3675114499998484,-428.1074793276866,1039.9862972161873,-139.52167389491748,False,106.499,-6.9083406897465665,10.504533279953016,-396.8440830434155,1007.3932328979502,12.572605555555567,326.66895999999997,5.875536394327266,-6.351553138396916,31.263396284271096,-32.59306431823711
200111.0,0.5065,0.0453,10.1933,0.02,-0.0201,9.8066,0.0071,-0.0216,0.1184,174.31,-85.4,82.22,52.82294,-1.642846,11.92,4,326.65,19 / 21,-12.684547058484588,16.706851405713735,-2.35374054999985,-429.3681663227431,1041.6476626384783,-139.75537586891744,False,106.59799999999998,-6.972803180789544,10.408009714439027,-397.53597979020435,1008.4172269763837,12.527844444447018,326.18002000002866,5.711743877695044,-6.298841691274708,31.832186532538742,-33.23043566209458
200211.0,0.3037,1.9441,9.053,0.0017,-0.048,9.8065,-0.105,0.2112,-0.2578,174.0,-85.39,81.74,52.82294,-1.642846,11.92,4,326.65,19 / 21,-12.706889686351447,16.571655219798025,-2.3720905499998537,-430.6377381599852,1043.3115879697543,-139.99166742391748,False,106.69800000000001,-6.942358777465644,10.548377567574352,-398.2283469864776,1009.4840311023038,12.627938888884369,326.6492199999785,5.764530908885803,-6.023277652223673,32.40939117350757,-33.82755686745054
200312.0,-0.6505,2.3109,10.3056,-0.0131,-0.0565,9.8065,-0.0065,-0.4359,0.2617,173.39,-85.28,80.91,52.82294,-1.642846,11.92,4,326.65,19 / 21,-12.657904453175165,16.3278389419346,-2.3849528999998535,-431.91866026403125,1044.9730124249218,-140.23189811814245,False,106.799,-6.88848825612873,10.513850579240534,-398.9208485969074,1010.5621771121566,12.569500000001783,326.7678999999968,5.769416197046435,-5.813988362694067,32.99781166712387,-34.41083531276513
200412.0,0.8716,-3.4544,9.8753,-0.009,0.0236,9.8066,-0.0471,-0.2711,0.1035,172.21,-85.23,78.74,52.82294,-1.642846,11.92,4,326.65,19 / 21,-12.670551572522266,16.35004305703685,-2.356572899999855,-433.18508306531606,1046.6069065248703,-140.46897440814243,False,106.899,-6.755129505280692,10.519639617753636,-399.5930536733446,1011.6186401094665,12.501788888889882,327.29369999999227,5.915422067241574,-5.830403439283213,33.59202939197144,-34.988266415403814
200512.0,1.2162,2.5079,9.8851,-0.0122,-0.0213,9.8066,-0.0564,-0.2834,0.1312,170.48,-85.02,76.72,52.82294,-1.642846,11.92,4,326.65,19 / 22,-12.767232302152255,16.34977842965432,-2.3492178999998554,-434.45697225904973,1048.2418975992048,-140.7042639481424,False,106.999,-6.776208707443216,10.43090899061178,-400.2717778351817,1012.66398361573,12.438686111111123,326.99111000000005,5.99102359470904,-5.918869439042542,34.18519442386804,-35.57791398347479
200611.0,0.1304,-3.7057,10.006,0.0045,0.0325,9.8065,0.0513,-0.2189,0.1993,169.96,-85.02,75.98,52.82294,-1.642846,11.92,4,326.65,19 / 22,-12.83474152758578,16.365627854275058,-2.335466799999857,-435.7242699636216,1049.861310210259,-140.93615584079237,False,107.09799999999998,-6.777180598725862,10.427255145166642,-400.94378129036045,1013.6987636025086,12.436150000000112,326.9782000000006,6.057560928859918,-5.938372709108416,34.780488673261175,-36.162546607750414
200712.0,0.3516,-0.4898,10.2549,0.0043,-0.0321,9.8065,0.019,-0.2418,0.0203,170.31,-85.21,76.61,52.82294,-1.642846,11.92,4,326.65,19 / 22,-12.885607468383363,16.538268135986815,-2.302762999999857,-437.02314758791806,1051.5229569577673,-141.17038644569234,False,107.19899999999998,-6.640079821093317,10.41635942709885,-401.60940007428877,1014.7654565337461,12.35278611111481,327.4838899999776,6.245527647290046,-6.121908708887965,35.41374751362929,-36.757500424021146
200812.0,-0.8723,-4.5705,10.3592,-0.0037,0.0541,9.8064,0.1353,-0.3873,0.3399,178.12,-85.16,79.14,52.82294,-1.642846,11.92,4,326.65,19 / 22,-12.863441300935762,16.75717752613267,-2.252722999999846,-438.3106000263843,1053.1877292408738,-141.3981607456924,False,107.299,-6.6559262638551475,10.500444658486556,-402.27468282291454,1015.8218083368179,12.432244444442075,327.6305699999958,6.207515037080614,-6.256732867646113,36.03591720346975,-37.36592090405588
200912.0,1.7502,-0.5258,10.2667,0.0306,-0.0066,9.8066,-0.0328,0.2198,-0.0692,173.82,-85.55,81.24,52.82294,-1.642846,11.92,4,326.65,19 / 22,-12.910631653196639,16.971354157485003,-2.2020929999998486,-439.59930367409083,1054.8741558250545,-141.62090154569236,False,107.399,-6.656403462234229,10.540803699319643,-402.9466862781262,1016.8781601398894,12.466605555555057,327.7280299999986,6.25422819096241,-6.43055045816536,36.652617395964626,-37.9959956851651
201012.0,-1.5431,1.8045,9.2365,0.0285,0.0178,9.8065,0.0751,-0.0414,0.0508,181.17,-85.61,83.51,52.82294,-1.642846,11.92,4,326.65,19 / 22,-12.91949140292585,16.863797604228424,-2.207597999999848,-440.8908098268969,1056.56591341314,-141.84138609569234,False,107.499,-6.586245635072013,10.37601254616454,-403.6054499413122,1017.9235036454596,12.289844444444478,327.59436000000005,6.333245767853837,-6.487785058063883,37.28535988558468,-38.642409767680306
201112.0,-1.3022,0.0826,9.7698,0.0084,0.04,9.8065,0.0916,-0.0056,0.0231,184.7,-85.48,89.26,52.82294,-1.642846,11.92,4,326.65,19 / 22,-12.777068665256937,16.729629542031443,-2.237947999999846,-442.17563783030596,1058.2455847704528,-142.06366339569232,False,107.59899999999999,-6.65422278148384,10.348079623242144,-404.2707326898638,1018.9577276578293,12.302905555554688,327.2573900000196,6.122845883773097,-6.381549918789299,37.90490514044217,-39.28785711262344
201212.0,1.4884,-0.7102,9.8348,0.0112,0.02,9.8066,-0.0191,-0.0604,0.0221,180.59,-85.47,90.83,52.82294,-1.642846,11.92,4,326.65,19 / 22,-12.783826737611415,16.72353653496951,-2.238382999999846,-443.4536826004493,1059.9182430743026,-142.2874799456923,False,107.69899999999998,-6.536218689304522,10.186442601531287,-404.92277564643774,1019.9808321778407,12.103130555564432,327.3133999999974,6.247608048306893,-6.537093933438225,38.530906954011584,-39.93741089646187
201312.0,0.1839,-3.3383,10.71,0.0141,0.0291,9.8065,-0.0521,0.2327,-0.244,181.71,-85.33,92.35,52.82294,-1.642846,11.92,4,326.65,19 / 22,-12.858487521042246,16.89407283013022,-2.1918079999998357,-444.7357983133823,1061.599123542558,-142.50898949569233,False,107.799,-6.649760914564528,10.016311978255265,-405.5879911879576,1020.9818089072262,12.022736111113423,326.4200300000264,6.208726606477718,-6.877760851874955,39.14780712542472,-40.617314635331695
201412.0,1.4227,-1.0348,10.0012,0.0096,0.045,9.8065,0.025,0.0523,0.0905,190.11,-85.23,95.84,52.82294,-1.642846,11.92,4,326.65,19 / 22,-12.922786911474955,17.091659984909242,-2.1369129999998386,-446.0248620350081,1063.2984101833097,-142.7254255456923,False,107.899,-6.461493209141467,10.208196889743459,-406.2267271454002,1022.0265964388598,12.081344444443562,327.66730999998134,6.461293702333488,-6.883463095165784,39.798134889607866,-41.2718137444499
201512.0,1.0985,-1.5534,10.0829,0.0296,0.0296,9.8065,0.0356,-0.133,0.1804,196.16,-85.25,96.89,52.82294,-1.642846,11.92,4,326.65,21 / 22,-13.018169168623611,17.21213111100546,-2.11337299999984,-447.32190983901296,1065.0135997381053,-142.93793984569228,False,107.999,-6.540195917962668,10.093873770488313,-406.8851547732548,1023.0388038556084,12.027494444444454,327.05927000000014,6.477973250660943,-7.118257340517145,40.43675506575818,-41.97479588249689
201612.0,1.0699,0.7335,9.0357,-0.002,0.0041,9.8066,0.0398,-0.0671,0.0372,194.34,-85.2,95.45,52.82294,-1.642846,11.92,4,326.65,21 / 22,-13.114730546687781,17.246998309297222,-2.1381079999998382,-448.62855482477846,1066.7365562091204,-143.15051389569226,False,108.09899999999999,-6.429789753979137,9.927850380267138,-407.5238235235715,1024.0286610924888,11.828119444456037,327.070819999999,6.684940792708644,-7.319147929030084,41.10473130120698,-42.70789511663156
201712.0,-0.1201,-1.4115,10.8391,-0.0281,0.0008,9.8065,0.009,-0.0117,0.0813,187.95,-85.33,93.84,52.82294,-1.642846,11.92,4,326.65,21 / 22,-13.162087664272775,17.260851901027266,-2.125032999999839,-449.94239573532644,1068.4619487196364,-143.36367094569223,False,108.19899999999998,-6.301256620039449,9.834885210308146,-408.14898365364377,1025.00728764209,11.680361111117582,327.3521599999875,6.8608310442333265,-7.42596669071912,41.793412081682675,-43.45466107754646
201812.0,1.6222,1.1462,9.6812,-0.0025,-0.0366,9.8066,0.0811,-0.108,0.2291,187.65,-85.35,93.42,52.82294,-1.642846,11.92,4,326.65,21 / 22,-13.234625612519878,17.25086513159951,-2.0796829999998288,-451.26223139916635,1070.187534571268,-143.57390674569226,False,108.299,-6.467796168786004,9.974440953724443,-408.80062336779275,1026.0188278899707,11.887888888882728,327.0391900000093,6.766829443733874,-7.276424177875068,42.4616080313736,-44.16870668129741
201912.0,0.3589,-1.3267,9.6294,0.0006,0.031,9.8065,-0.0098,-0.0957,-0.0739,193.26,-85.36,94.08,52.82294,-1.642846,11.92,4,326.65,21 / 22,-13.326651905185175,17.240580221762734,-2.0948179999998278,-452.5902952750515,1071.912106838936,-143.78263179569223,False,108.399,-6.288615046584594,9.88253862140067,-409.4259179119847,1027.0086851269298,11.713725000002613,327.53000999999267,7.038036858600581,-7.358041600362064,43.16437736306682,-44.90342171200632
202012.0,0.8852,0.9329,9.5635,0.0268,-0.0417,9.8065,0.1216,0.0751,0.0878,195.73,-85.63,97.11,52.82294,-1.642846,11.92,4,326.65,21 / 22,-13.38823109182065,17.24357278166391,-2.1158379999998265,-453.9260394249017,1073.6363144891072,-143.9931645956922,False,108.499,-6.182513110384106,9.831710016134029,-410.04429012837835,1027.9983199740327,11.614044444444465,327.83694999999994,7.205717981436544,-7.411862765529882,43.88174929652337,-45.637994515074524
202112.0,0.8743,-2.429,9.9403,0.005,0.0126,9.8066,-0.0319,-0.1195,0.0275,196.3,-85.5,96.92,52.82294,-1.642846,11.92,4,326.65,21 / 22,-13.456299360028046,17.306833102099567,-2.121312999999826,-455.26826594749406,1075.3638347832953,-144.20502214569217,False,108.59899999999999,-6.38617328572228,9.781008145333086,-410.68255563631106,1028.9769465235638,11.681255555551578,326.8589100000572,7.070126074305766,-7.525824956766481,44.58571031118299,-46.38688825973145
202212.0,1.3076,-2.0778,10.1824,-0.0109,-0.0162,9.8065,-0.0253,0.0175,-0.0638,198.09,-85.66,98.96,52.82294,-1.642846,11.92,4,326.65,21 / 22,-13.499680117001784,17.52216079153802,-2.0958429999998276,-456.61606492134547,1077.105284477977,-144.41587994569213,False,108.69899999999998,-6.135509415904021,9.783566013003954,-411.28775526770704,1029.9554618775403,11.54829444445038,327.907309999953,7.364170701097763,-7.7385947785340665,45.32830965363843,-47.149822600436664
202312.0,0.193,-1.4163,10.0076,-0.0213,-0.0244,9.8065,0.0214,-0.0606,0.0705,195.66,-85.77,96.7,52.82294,-1.642846,11.92,4,326.65,21 / 22,-13.525184253049769,17.67941443815115,-2.067007999999821,-457.96730813984834,1078.8653632394619,-144.62402249569215,False,108.799,-6.167025091392298,9.77028823737514,-411.90592586287505,1030.9449855297116,11.553819444444242,327.7398000000053,7.358159161657471,-7.909126200776008,46.06138227697329,-47.920377709750255
202413.0,1.3957,-3.8454,11.1109,-0.0064,0.0123,9.8066,0.0615,-0.1269,0.0012,196.17,-85.77,96.01,52.82294,-1.642846,11.92,4,326.65,21 / 22,-13.533818096635885,17.924038688446068,-1.9909953999998216,-459.33378775850747,1080.6633376223551,-144.82895166739212,False,108.9,-6.230827368900922,9.650216731697295,-412.53713462889425,1031.9111582480095,11.486944444445415,327.15100000000854,7.302990727734963,-8.273821956748773,46.79665312961322,-48.75217937434559
202512.0,0.6845,-3.5627,8.9667,0.028,0.0177,9.8065,-0.0058,0.3804,-0.1776,190.83,-85.84,97.26,52.82294,-1.642846,11.92,4,326.65,22 / 24,-13.550777498891625,18.27317431411976,-1.968012549999824,-460.67447524048595,1082.455099665982,-145.02492256091708,False,108.999,-6.104375336994249,9.726142101039665,-413.1359495890104,1032.8798884484395,11.483094444444445,327.88656999999984,7.446402161897376,-8.547032213080096,47.53852565147554,-49.575211217542574
202612.0,0.4634,4.6876,8.9981,0.0072,0.05,9.8065,0.1245,-0.5849,0.2769,188.82,-85.74,94.67,52.82294,-1.642846,11.92,4,326.65,22 / 24,-13.611152418182506,18.193494734582373,-2.050437549999819,-462.03257173633955,1084.278433118417,-145.22584506591704,False,109.09899999999999,-6.1251359574327635,9.694184141631213,-413.747466684589,1033.858403803039,11.467105555556486,327.7138200000105,7.486016460749743,-8.49931059295116,48.28510505175052,-50.42002931537809
202712.0,1.0932,-2.1766,10.1355,-0.0164,0.0923,9.8061,0.0186,-0.046,0.0667,188.16,-85.75,93.86,52.82294,-1.642846,11.92,4,326.65,22 / 24,-13.709272680781371,18.047880561491034,-2.0744225499998175,-463.39859299128767,1086.0905018832207,-145.43208807091702,False,109.19899999999998,-6.160964857820414,9.588009656585877,-414.3657044868229,1034.8149025613136,11.39681944444756,327.27640000001935,7.5483078229609575,-8.459870904905157,49.03288850446478,-51.275599321907066
202812.0,3.0445,5.1541,10.0263,0.0065,0.0037,9.8066,0.0301,-0.6315,0.3681,194.34,-85.77,95.09,52.82294,-1.642846,11.92,4,326.65,22 / 24,-13.961455876555954,17.918464773604654,-2.046997549999811,-464.78212941915484,1087.888819149976,-145.63815907591706,False,109.299,-6.145360864024078,9.598160695298983,-414.97735599657824,1035.7821872286268,11.396936111111087,327.3700099999971,7.816095012531876,-8.320304078305671,49.8047734225766,-52.10663192134916
202912.0,-0.6299,-3.3277,9.3574,0.0231,0.0749,9.8063,0.0464,-0.4716,0.3379,195.84,-85.43,96.2,52.82294,-1.642846,11.92,4,326.65,22 / 24,-14.101471753414764,17.825210263429334,-2.0584775499998105,-466.1852758006533,1089.6760029018276,-145.84343283091704,False,109.399,-6.225431127393273,9.56776039774933,-415.60224729837176,1036.7495830908783,11.41481944444418,326.94926000000623,7.87604062602149,-8.257449865680003,50.583028502281536,-52.926419810949255
203012.0,2.3571,4.6855,9.1829,0.0112,-0.0567,9.8065,0.0086,-0.2018,0.1036,197.78,-85.66,98.54,52.82294,-1.642846,11.92,4,326.65,22 / 24,-14.214923712534405,17.756981830705392,-2.1121275499998076,-467.60109557395066,1091.4551125065343,-146.051963085917,False,109.499,-6.148585363304987,9.525696194898304,-416.2139660151931,1037.7059706549285,11.337725000000015,327.15883999999994,8.066338349229419,-8.231285635807088,51.38712955875758,-53.74914185160583
203112.0,-0.6536,-2.3796,10.0179,0.0127,-0.0038,9.8066,0.0732,-0.5428,0.3104,197.32,-85.4,98.3,52.82294,-1.642846,11.92,4,326.65,22 / 24,-14.337891736299635,17.641207104915175,-2.1327525499998066,-469.0287363463923,1093.2250219533153,-146.26420709091698,False,109.59899999999999,-6.176045703661175,9.481066791816984,-416.8322038173833,1038.6622470239781,11.315219444445711,326.9194400000141,8.161846032638461,-8.160140313098191,52.196532529009005,-54.56277492933714
203212.0,1.0952,-4.4976,9.7885,-0.0071,-0.066,9.8063,-0.0867,0.2653,-0.1761,197.91,-85.59,97.6,52.82294,-1.642846,11.92,4,326.65,22 / 24,-14.260082622323372,17.94335815140331,-2.123097549999807,-470.45863506432335,1095.0042502161311,-146.47699959591696,False,109.69899999999998,-6.269069425234265,9.468401099591183,-417.45716232625574,1039.6075150955953,11.355699999998192,326.49130000001895,7.991013197089107,-8.474957051812126,53.001472738067605,-55.39673512053582
203312.0,-0.9566,-2.9201,9.1588,0.0115,-0.0446,9.8065,-0.098,-0.2321,0.216,190.95,-85.33,96.99,52.82294,-1.642846,11.92,4,326.65,22 / 24,-14.172376174073037,18.275699262395477,-2.1563975499998147,-471.8802580041435,1096.8152030868214,-146.690974350917,False,109.799,-6.331645592676367,9.37444588315314,-418.08884154174126,1040.5526719715886,11.3123861111124,325.96428000001544,7.84073058139667,-8.901253379242338,53.79141646240225,-56.26253111523283
203411.0,0.9848,-2.0359,9.9234,-0.0181,-0.0371,9.8065,-0.0953,0.4675,-0.24,196.23,-84.96,96.0,52.82294,-1.642846,11.92,4,326.65,22 / 24,-14.120591062491371,18.48650769388651,-2.1826869999998117,-473.2807598823533,1098.6349323311572,-146.90575903614197,False,109.898,-6.181244271047112,9.346080723707315,-418.70109791508196,1041.4774801769306,11.205233333334954,326.52053999999146,7.939346791444259,-9.140426970179194,54.57966196727136,-57.157452154226576
203515.0,2.2805,2.4987,9.9872,-0.0038,-0.0773,9.8063,0.0079,-0.1304,0.1263,196.13,-85.2,95.45,52.82294,-1.642846,11.92,4,326.65,20 / 23,-14.295431053376898,18.47662513707531,-2.1672273999998137,-474.75839303237825,1100.5570152383668,-147.13195458494192,False,110.00199999999998,-6.36388967279439,9.33505190883749,-419.3645660729086,1042.459998548271,11.297888888888957,325.71697999999986,7.931541380582508,-9.141573228237819,55.39382695946966,-58.09701669009587
203612.0,0.6816,-0.6797,10.3002,-0.0107,-0.0007,9.8066,-0.0511,0.3425,-0.0522,188.06,-85.01,93.65,52.82294,-1.642846,11.92,4,326.65,20 / 23,-14.466074138540835,18.396338285766724,-2.134533549999811,-476.15332603418636,1102.345353964375,-147.3405899910169,False,110.09899999999999,-6.320982287278635,9.305585932155997,-419.97736010275224,1043.3660148102585,11.249388888891776,325.8130099999943,8.1450918512622,-9.090752353610727,56.17596593143412,-58.97933915411636
203712.0,0.2323,1.5823,9.4931,-0.004,-0.0166,9.8066,0.0137,0.1792,-0.1908,188.32,-84.97,93.37,52.82294,-1.642846,11.92,4,326.65,20 / 23,-14.518447334755205,18.325116113343654,-2.1255335499998114,-477.60255210785107,1104.1814266843303,-147.55359334601687,False,110.19899999999998,-6.344485405803722,9.396674252596844,-420.6091065253037,1044.3000521952185,11.337988888884931,325.97338999999295,8.173961928951483,-8.92844186074681,56.993445582547395,-59.88137448911175
203812.0,0.4231,1.6601,10.0841,0.0253,0.0377,9.8065,0.1423,-0.1571,0.114,195.09,-84.63,94.8,52.82294,-1.642846,11.92,4,326.65,20 / 23,-14.585897948786592,18.140978299825754,-2.127338549999812,-479.0577693720285,1106.0047314049891,-147.7662369510169,False,110.299,-6.474960148560148,9.227475043110722,-421.26081344651914,1045.2230812805917,11.272613888890843,324.94243000003047,8.110937800226445,-8.913503256715032,57.79695592550934,-60.7816501243974
203912.0,-0.8703,-0.4386,9.0908,-0.0124,0.0461,9.8065,0.0154,-0.0835,-0.0001,194.71,-84.53,94.36,52.82294,-1.642846,11.92,4,326.65,20 / 23,-14.584587753560657,18.043735801075393,-2.1492585499998107,-480.51629365714575,1107.8139671100341,-147.98006680601688,False,110.399,-6.437113351378825,9.47170351566817,-421.899414989829,1046.1790240649223,11.452069444441772,325.79923999998715,8.147474402181832,-8.572032285407223,58.61687866731677,-61.63494304511187
204012.0,1.0744,3.8361,10.1574,-0.0131,-0.0117,9.8066,0.0077,-0.3744,0.3817,189.84,-84.38,95.66,52.82294,-1.642846,11.92,4,326.65,20 / 23,-14.62544371383396,17.841192442328992,-2.1675135499998097,-481.9767952305154,1109.6082135222043,-148.19590541101684,False,110.499,-6.416460865407624,9.468989650154162,-422.5378821190327,1047.1242921358396,11.438213888888892,325.8773,8.208982848426336,-8.37220279217483,59.43891311148269,-62.48392138636473
204112.0,-1.0418,-0.5837,7.8949,0.0121,0.0502,9.8064,0.2294,-0.5747,0.1688,195.05,-84.33,95.42,52.82294,-1.642846,11.92,4,326.65,20 / 23,-14.656172723977173,17.643158413280933,-2.245563549999805,-483.4408760524059,1111.3824310649848,-148.4165592660168,False,110.59899999999999,-6.489450506449781,9.437950753832506,-423.1830027476965,1048.0694490124574,11.45373055555464,325.4879400000228,8.166722217527392,-8.205207659448426,60.25787330470939,-63.31298205252733
204212.0,1.2404,5.4512,9.5694,0.0399,-0.0921,9.8061,0.1659,-0.256,0.2287,198.59,-84.96,99.78,52.82294,-1.642846,11.92,4,326.65,20 / 23,-14.749371044531593,17.38665883177912,-2.353013549999799,-484.91115324083125,1113.1339219272377,-148.64648812101677,False,110.69899999999998,-6.703554107423347,9.371594068184717,-423.85480458173356,1049.0146058891496,11.522363888885847,324.4237100000471,8.045816937108246,-8.015064763594403,61.056348659097694,-64.11931603808807
204312.0,-0.1507,-2.5933,8.7936,-0.0035,-0.0099,9.8066,-0.0064,-0.7149,0.3546,198.32,-84.79,99.69,52.82294,-1.642846,11.92,4,326.65,20 / 23,-14.853471675215458,17.236377807286193,-2.415528549999813,-486.39129537681896,1114.8650737591913,-148.8849152260168,False,110.799,-6.414873262622235,9.524603687820532,-424.4869542466848,1049.9707710633438,11.483455555556723,326.03956999995205,8.438598412593223,-7.711774119465661,61.904341130134185,-64.8943026958475
204412.0,-1.1045,-8.6864,10.4573,-0.0336,-0.0872,9.8062,-0.1503,0.5728,-0.4008,209.58,-85.28,103.89,52.82294,-1.642846,11.92,4,326.65,20 / 23,-14.552505178721312,17.67602537754632,-2.4336485499998117,-487.8615942195157,1116.6106939184328,-149.12737408101677,False,110.899,-6.492891348287262,9.425441298886442,-425.13866116790035,1050.9160391342612,11.445380555556113,325.43824000000916,8.05961383043405,-8.250584078659879,62.72293305161537,-65.69465478417169
204513.0,0.5339,-2.0559,9.8147,-0.0224,-0.0858,9.8061,0.0517,-0.13,0.1309,199.96,-85.02,101.71,52.82294,-1.642846,11.92,4,326.65,20 / 20,-14.287286715748277,18.105025020929627,-2.400384199999812,-489.3180037101864,1118.4176369635559,-149.37149273489175,False,111.0,-6.592053933164518,9.606935779201764,-425.8038095023646,1051.8928865652724,11.651111111111112,325.543,7.6952327825837585,-8.498089241727863,63.514194207821845,-66.52475039828346
204612.0,-1.4312,-5.5482,9.9674,-0.0262,-0.0087,9.8066,-0.0202,-0.6279,0.4044,203.93,-84.8,99.29,52.82294,-1.642846,11.92,4,326.65,20 / 20,-14.1094460690225,18.400339773485197,-2.3920285999998128,-490.7236419830324,1120.2246525208793,-149.6087171684917,False,111.09899999999999,-6.522093539689711,9.46881738129885,-426.44919895930815,1052.8285918731303,11.49766111112006,325.4410300000059,7.587352529332789,-8.931522392186347,64.27444302372425,-67.39606064774898
204712.0,1.2793,3.9044,9.8623,-0.0251,-0.1086,9.806,-0.0478,0.3514,-0.089,202.32,-85.15,98.27,52.82294,-1.642846,11.92,4,326.65,20 / 20,-14.07378231569341,18.436765194442494,-2.3812085999998134,-492.1328034022681,1122.0665077692756,-149.84737902849167,False,111.19899999999998,-6.766352272232167,9.408626922923608,-427.1343749995164,1053.7737487498225,11.589061111106982,324.2777400000516,7.307430043461244,-9.028138271518886,64.9984284027517,-68.29275901945311
204812.0,-0.4611,-4.1261,10.7084,-0.0156,0.0263,9.8065,-0.0723,0.7848,-0.471,196.01,-84.89,96.0,52.82294,-1.642846,11.92,4,326.65,20 / 20,-14.13476189608625,18.44010032943839,-2.3333385999998026,-493.5432306128574,1123.9103510454702,-150.0831063884917,False,111.299,-6.855201705438752,9.4225888067233,-427.81988707505866,1054.7189056258158,11.65242499999816,323.9630600000089,7.279560190647498,-9.01751152271509,65.72334353779877,-69.19144541965443
204912.0,1.2361,4.8454,9.8892,-0.035,-0.0981,9.806,-0.0655,0.6167,-0.2413,203.63,-85.37,97.28,52.82294,-1.642846,11.92,4,326.65,20 / 20,-14.216524025613497,18.402654736736906,-2.2841235999998055,-494.9607949089423,1125.7524887987788,-150.31397949849168,False,111.399,-6.910041938379992,9.23011264642772,-428.51205265015966,1055.6310376099982,11.53013055555738,323.1798800000116,7.306482087233505,-9.172542090309186,66.44874225878266,-70.12145118878061
205012.0,-1.5644,-1.0368,9.7019,0.0374,0.0842,9.8062,0.0974,0.4847,-0.2964,202.02,-84.76,96.26,52.82294,-1.642846,11.92,4,326.65,20 / 20,-14.287093632503206,18.192344811606702,-2.2852335999998052,-496.38597579184807,1127.582238776196,-150.54244735849164,False,111.499,-7.055519479419424,9.554930673820214,-429.22424593099106,1056.5978774969205,11.87758888888882,323.5571099999999,7.231574153083782,-8.637414137786488,67.16172986085701,-70.98436127927539
205112.0,2.7548,3.7331,10.7699,-0.0002,0.0106,9.8066,-0.046,0.6768,-0.3276,205.29,-84.93,98.49,52.82294,-1.642846,11.92,4,326.65,20 / 20,-14.408666958579106,18.069435571771002,-2.2423085999998076,-497.8207638214021,1129.3953277953647,-150.7688244684916,False,111.59899999999999,-6.361619200601741,9.810766486036611,-429.82353134051186,1057.6093065490977,11.693011111122079,327.0398599997971,8.047047757977365,-8.258669085734391,67.99723248089026,-71.78602124626696
205212.0,1.6029,1.8453,9.6382,0.0273,0.0282,9.8065,0.0159,0.6023,-0.3448,205.63,-84.6,99.57,52.82294,-1.642846,11.92,4,326.65,20 / 20,-14.735358517249445,17.87956992191892,-2.2025685999998097,-499.27796509519345,1131.1927780700491,-150.99106832849156,False,111.69899999999998,-7.108607824302231,9.462539361935317,-430.56139772063125,1058.533114000345,11.8354861111047,323.0853000001772,7.626750692947214,-8.417030559983605,68.7165673745622,-72.65966406970415
205312.0,0.3992,-3.4347,10.1848,0.0091,0.0899,9.8061,-0.2174,0.0426,-0.163,198.05,-84.37,100.06,52.82294,-1.642846,11.92,4,326.65,20 / 20,-14.821516133995777,17.96858075773656,-2.1920835999998074,-500.755808827756,1132.9851856040323,-151.2108009384916,False,111.799,-6.924312671353319,9.463377996416579,-431.2474474527055,1059.4890567846896,11.726119444447711,323.80729999997754,7.897203462642458,-8.505202761319982,69.50836137505053,-73.49612881934263
205412.0,0.8601,1.8698,10.9718,-0.0474,-0.0623,9.8062,-0.0002,-0.1103,0.3946,205.36,-84.53,99.33,52.82294,-1.642846,11.92,4,326.65,20 / 20,-14.874333525575297,18.040025188461794,-2.114918599999812,-502.2406013107345,1134.785615901342,-151.42615104849156,False,111.899,-7.1003747719968535,9.56830352965902,-431.9595735264703,1060.4453331531079,11.915024999997181,323.42197000000584,7.773958753578444,-8.471721658802773,70.28102778426421,-74.34028274823413
205512.0,0.4192,-2.985,10.4307,0.0292,0.0426,9.8065,0.1319,-0.1356,-0.0585,206.43,-84.27,101.75,52.82294,-1.642846,11.92,4,326.65,21 / 22,-14.916056565175158,18.085599738988545,-2.025458599999817,-503.73012081527196,1136.5918971477145,-151.63316990849154,False,111.999,-7.061506743490613,9.469026454049109,-432.6586614293825,1061.3906012247185,11.812169444444466,323.2863300000001,7.854549821684545,-8.616573284939436,71.07145938588945,-75.201295922996
205612.0,2.2942,-0.5351,9.0598,0.0158,-0.0387,9.8065,0.2492,-0.4053,0.0746,207.89,-84.63,105.6,52.82294,-1.642846,11.92,4,326.65,21 / 22,-14.968436396031196,18.27478194841855,-2.0315985999998167,-505.2243454633322,1138.4099162320847,-151.83602276849152,False,112.09899999999999,-7.167707704607274,9.406230452485813,-433.3775754167878,1062.335758100643,11.825961111110244,322.69199000003454,7.800728691423922,-8.868551495932737,71.8467700465444,-76.07415813144166
205712.0,-1.0377,-6.5827,9.5664,-0.0486,0.0526,9.8063,0.0578,-0.7937,0.3268,205.79,-84.21,101.36,52.82294,-1.642846,11.92,4,326.65,21 / 22,-14.878388891492891,18.59470295986412,-2.080953599999814,-506.71668672770835,1140.2533904774987,-152.04165037849148,False,112.19899999999998,-7.2987466779445835,9.352593648213517,-434.10999802454756,1063.2588983823268,11.86351111110945,322.03161000002905,7.579642213548308,-9.242109311650601,72.60668870316078,-76.99449209517184
205812.0,-0.4322,-2.4844,8.9532,-0.0309,-0.1205,9.8058,-0.0482,0.7535,-0.2925,197.43,-83.7,98.95,52.82294,-1.642846,11.92,4,326.65,21 / 22,-14.6387373653355,18.948568487264556,-2.1356385999998264,-508.1925430405501,1142.1305540498556,-152.2524799884915,False,112.299,-7.246000710902627,9.217294102380999,-434.8359015468955,1064.1818162734685,11.724463888892998,321.82799000000585,7.3927366544328725,-9.731274384883557,73.35664149365459,-77.94873777638713
205912.0,0.5169,10.7258,8.0559,-0.0227,-0.1068,9.806,0.0465,0.0201,-0.2694,204.98,-84.41,99.48,52.82294,-1.642846,11.92,4,326.65,21 / 22,-14.838682282084806,18.553375790167216,-2.265848599999819,-509.66641402292106,1144.005651263727,-152.47255434849149,False,112.399,-7.166321529660998,9.184645291479674,-435.5484308630588,1065.0937258671017,11.649630555556646,322.03686999999684,7.672360752423808,-9.368730498687542,74.11798315986226,-78.91192539662529
206012.0,3.5699,1.0788,9.6332,0.0007,0.0017,9.8065,0.2004,-0.8204,0.6247,204.67,-83.88,99.99,52.82294,-1.642846,11.92,4,326.65,21 / 22,-15.283199050875362,18.07211780200728,-2.362058599999813,-511.17250808956896,1145.8369259433357,-152.70394970849145,False,112.499,-7.164370311828924,9.330574519175933,-436.26082576508924,1066.0385491590143,11.763838888888865,322.4815299999999,8.118828739046439,-8.741543282831348,74.91168232447973,-79.79837678432136
206112.0,2.2975,8.3414,9.9022,-0.0144,-0.0572,9.8064,-0.1401,0.9752,-0.6914,204.87,-84.05,99.85,52.82294,-1.642846,11.92,4,326.65,21 / 22,-15.75740725246485,17.73597794285556,-2.3659535999998127,-512.7245384047359,1147.6273307305787,-152.94035031849143,False,112.59899999999999,-7.331490029419785,9.253295540961235,-436.99318116573124,1066.9726977374385,11.805699999997627,321.6098500000511,8.425917223045065,-8.482682401894325,75.73135723900464,-80.65463299314024
206212.0,-0.6832,-0.7335,9.9225,0.0574,0.1429,9.8054,0.0905,0.4366,-0.3743,204.58,-83.48,98.64,52.82294,-1.642846,11.92,4,326.65,21 / 22,-16.00055344835046,17.393487112288014,-2.355383599999813,-514.3124364397765,1149.3838039833358,-153.1764171784914,False,112.69899999999998,-7.00209763515949,9.399359671361,-437.67916369073896,1067.9177434191988,11.720861111114898,323.3156799999239,8.998455813190969,-7.994127440927015,76.63327274903759,-81.46606056413702
206312.0,2.5103,6.6515,10.5203,0.0253,0.0236,9.8066,-0.0406,0.9068,-0.5311,206.28,-83.43,101.29,52.82294,-1.642846,11.92,4,326.65,21 / 22,-16.22425295600389,17.138576333367784,-2.3139085999998037,-515.9236767599946,1151.110407155619,-153.40988178849142,False,112.799,-7.035372173372807,9.17081837254163,-438.3846362649446,1068.8298754019888,11.558575000004758,322.5063500000244,9.188880782631085,-7.9677579608261535,77.53904049504996,-82.28053175363016
206412.0,-1.3686,-2.5367,10.2323,0.0671,0.1378,9.8054,-0.0273,0.5343,-0.4008,209.59,-83.41,104.11,52.82294,-1.642846,11.92,4,326.65,21 / 22,-16.373497248969205,16.941513099154317,-2.256943599999807,-517.5535642702431,1152.814411627245,-153.6384243984914,False,112.899,-7.255009810711458,9.134392803067305,-439.1169244585724,1069.7416738006905,11.665019444442843,321.5416600000142,9.118487438257747,-7.807120296087012,78.43663981167072,-83.07273782655443
206511.0,-0.413,-6.5329,9.9436,0.0207,0.0345,9.8065,-0.0581,0.7488,-0.3907,213.22,-82.77,104.87,52.82294,-1.642846,11.92,4,326.65,22 / 23,-16.071619397763573,17.246704546089052,-2.2290948999998097,-519.1595975442563,1154.5067284006843,-153.86048330424134,False,112.99799999999999,-7.262719645806177,9.114368958165683,-439.83556961775395,1070.6443542147188,11.654133333333336,321.45066,8.808899751957396,-8.13233558792337,79.32402792650231,-83.86237418596556
206612.0,-1.5539,-4.3226,9.076,0.0327,0.0842,9.8062,0.0459,-0.5852,0.3756,212.24,-82.27,104.25,52.82294,-1.642846,11.92,4,326.65,22 / 23,-15.704883080324933,17.623874291847308,-2.2590767499998092,-520.7643109193997,1156.267692632,-154.08713597256633,False,113.09899999999999,-7.234894131671416,9.098245586784651,-440.56201079659013,1071.5652705973348,11.624188888890618,321.5083999999965,8.469988948653517,-8.525628705062656,80.20230012280956,-84.70242203466523
206712.0,-0.4864,-5.2532,9.3918,0.0243,0.1264,9.8058,-0.0348,0.1447,-0.195,211.23,-82.2,102.66,52.82294,-1.642846,11.92,4,326.65,22 / 23,-15.38050786632513,17.947108918329366,-2.316351749999806,-522.3185804667321,1158.0462417925087,-154.3159073975663,False,113.19899999999998,-7.299889552590427,8.974646162105417,-441.29443340433676,1072.4550524010413,11.568613888891344,320.87540000002815,8.080618313734703,-8.97246275622395,81.02414706239534,-85.59118939146742
206812.0,0.2732,4.9917,9.8302,0.0101,0.0283,9.8065,0.1267,-0.7888,0.3978,212.25,-81.99,101.31,52.82294,-1.642846,11.92,4,326.65,22 / 23,-15.38188435000641,17.92519338306954,-2.3359167499998104,-523.856700077549,1159.8398569075791,-154.54852082256633,False,113.299,-7.169344510382604,9.002749859987425,-442.00702992758,1073.3556201109993,11.508655555557308,321.46794999998235,8.212539839623807,-8.922443523082116,81.84967014996903,-86.48423679657981
206912.0,-1.1637,-4.1892,9.4555,0.0508,0.1161,9.8058,0.0496,-0.4119,0.2376,210.01,-81.5,102.04,52.82294,-1.642846,11.92,4,326.65,22 / 23,-15.384769638184343,17.843427842776244,-2.3522967499998093,-525.3950327769585,1161.6282879688713,-154.7829314975663,False,113.399,-7.427065079897817,8.989066507079464,-442.75269232739225,1074.245290719067,11.660405555553295,320.4354900000154,7.957704558286526,-8.85436133569678,82.64234044956623,-87.38299724980425
207012.0,2.4066,5.2215,10.391,-0.017,-0.0444,9.8065,-0.0511,-0.5741,0.3762,211.43,-81.26,102.9,52.82294,-1.642846,11.92,4,326.65,22 / 23,-15.481518961564824,17.80533359956451,-2.3406367499998098,-526.9383472069459,1163.4107260409883,-155.01757817256626,False,113.499,-7.470535312575067,8.850526227941698,-443.4986907625498,1075.1348501329173,11.58191944444446,319.83298000000013,8.010983648989757,-8.954807371622811,83.43965644439606,-88.27587590807093
207112.0,0.92,-0.7008,8.8845,0.0305,0.056,9.8064,0.1263,-0.7389,0.3193,217.86,-81.18,101.93,52.82294,-1.642846,11.92,4,326.65,22 / 23,-15.750251015695305,17.671868157931076,-2.357526749999809,-528.4999357058088,1165.184586128863,-155.25248634756622,False,113.59899999999999,-7.3297839618177205,8.937955060099995,-444.22472869895114,1076.0244095460102,11.559111111112394,320.64572999995227,8.420467053877584,-8.733913097831081,84.27520700685761,-89.16017658285273
207212.0,-2.9795,-5.5562,9.7388,-0.0344,-0.03,9.8065,-0.0363,-0.3844,0.1351,220.43,-81.47,98.25,52.82294,-1.642846,11.92,4,326.65,22 / 23,-15.488882700980557,17.814519421151367,-2.407026749999806,-530.0618923916425,1166.958905507817,-155.49071402256618,False,113.69899999999998,-7.436818130929607,8.717991191005579,-444.9705255129213,1076.8809440666575,11.459063888893322,319.53431000004974,8.05206457005095,-9.096528230145788,85.09136687872115,-90.07796144115946
207311.0,0.9031,2.1013,9.6679,-0.0713,-0.0477,9.8062,-0.0332,-0.1102,0.1765,213.28,-81.36,95.84,52.82294,-1.642846,11.92,4,326.65,22 / 23,-15.30875918458344,17.83736394712525,-2.4172534499998077,-531.5863756649782,1168.723673734547,-155.7295158924662,False,113.798,-7.229994051130494,8.8710142393813,-445.66954620877186,1077.761274300209,11.444172222222639,320.81953999996114,8.078765133452947,-8.966349707743952,85.9168294562063,-90.96239943433807
207412.0,-2.2672,-3.5407,9.4459,-0.0078,0.0016,9.8066,-0.0787,0.503,-0.2615,200.74,-81.13,95.46,52.82294,-1.642846,11.92,4,326.65,22 / 23,-15.245856072821164,17.869091796897116,-2.4424781999998073,-533.1293837354771,1170.5268497496202,-155.97493234079118,False,113.899,-7.28892084057775,8.880081107284878,-446.4022376447682,1078.648721009275,11.488438888888227,320.62028000000333,7.956935232243414,-8.989010689612238,86.72714609070886,-91.87812874034512
207512.0,0.6007,-0.442,9.6349,-0.0025,-0.0269,9.8066,0.0058,0.0145,0.0607,194.97,-81.09,95.96,52.82294,-1.642846,11.92,4,326.65,20 / 21,-15.106444443832874,17.99115709963542,-2.4691031999998057,-534.6469987613096,1172.3198621944466,-156.22051141079115,False,113.999,-7.253268789486601,8.866503093953195,-447.12807396004916,1079.5271609299923,11.455338888888896,320.71502,7.853175654346273,-9.124654005682224,87.51892480126048,-92.79270126445431
207611.0,0.7998,0.9667,8.0157,0.0091,0.038,9.8065,-0.1389,-0.0873,0.0861,188.51,-81.15,95.85,52.82294,-1.642846,11.92,4,326.65,20 / 21,-15.178224297487132,17.945932881733366,-2.566256849999795,-536.1460898640048,1174.0987481485242,-156.4697617332661,False,114.09799999999998,-7.555619479983786,8.617641709869948,-447.89275595956,1080.3750222456013,11.460988888888538,318.7569800001143,7.622604817503346,-9.328291171863418,88.25333390444479,-93.72372590292298
207712.0,0.5964,1.856,11.6394,0.0336,0.0237,9.8065,-0.0465,-0.5528,0.333,193.66,-81.47,93.34,52.82294,-1.642846,11.92,4,326.65,20 / 21,-15.278936488410643,17.786385519755225,-2.564145949999795,-537.6841764836927,1175.9032302277994,-156.72884707466608,False,114.19899999999998,-7.519366521826961,8.63651202939333,-448.64675203559955,1081.2397851908177,11.45121111111155,318.95558999998946,7.759569966583682,-9.149873490361895,89.03742444809313,-94.66344503698178
207812.0,-1.7925,1.7038,9.8659,0.0312,0.1107,9.806,0.0106,0.6799,0.0282,199.19,-81.2,93.99,52.82294,-1.642846,11.92,4,326.65,20 / 21,-15.278362836644437,17.560732044465635,-2.4695459499997736,-539.2120414499458,1177.670586106011,-156.9805316696661,False,114.299,-7.583878982774683,8.71803972593151,-449.4127109694076,1082.1400193159943,11.555061111108046,318.9797799999994,7.6944838538697535,-8.842692318534125,89.79933048053817,-95.53056679001656
207912.0,1.0757,3.5308,10.4714,0.0281,-0.0469,9.8065,0.1563,-0.138,-0.2497,209.28,-81.05,100.21,52.82294,-1.642846,11.92,4,326.65,20 / 21,-15.364508914674337,17.291622818696695,-2.433345949999776,-540.7441850375117,1179.413203849169,-157.22567626466608,False,114.399,-7.860651882632902,8.650682687592818,-450.2054855226376,1082.9966650315587,11.688661111109147,317.7395300000184,7.503857032041435,-8.640940131103877,90.53869951487405,-96.41653881761022
208012.0,-1.1589,-5.2513,9.1243,0.0589,0.113,9.8057,0.0029,0.6942,-0.2324,209.42,-80.72,101.97,52.82294,-1.642846,11.92,4,326.65,20 / 21,-15.330670632142976,17.33352873251972,-2.434225949999776,-542.2789440148524,1181.1444614267295,-157.46905485966604,False,114.499,-7.737724149020472,8.64340360687767,-450.97856840546933,1083.8638742642327,11.600900000000017,318.16457999999994,7.592946483122504,-8.690125125642052,91.30037560938308,-97.28058716249689
208112.0,0.5228,3.6754,9.3081,0.0054,-0.031,9.8065,-0.1474,0.3548,-0.2596,210.32,-81.25,101.63,52.82294,-1.642846,11.92,4,326.65,20 / 21,-15.279191395116122,17.357791538669762,-2.4932709499997725,-543.8094371162152,1182.8790274402888,-157.715429704666,False,114.59899999999999,-7.885935940313954,8.505649791172607,-451.77141016574905,1084.7091780960604,11.598900000000064,317.1651400000585,7.393255454802168,-8.852141747497155,92.03802695046619,-98.1698493442284
208212.0,-2.286,-6.0129,9.2012,0.0003,0.0466,9.8065,-0.0977,0.5647,-0.1651,215.87,-81.26,99.99,52.82294,-1.642846,11.92,4,326.65,20 / 21,-15.140055308788995,17.359258425337327,-2.5484709499997695,-545.3303994514104,1184.6148799384891,-157.96751679966596,False,114.69899999999998,-7.979007882800423,8.593743312293457,-452.5644535472313,1085.5652678369938,11.726763888883209,317.1243100000014,7.1610474259885715,-8.76551511304387,92.76594590417903,-99.04961210149531
208312.0,-0.3605,-1.1445,9.7738,-0.0559,-0.1086,9.8058,-0.0035,0.7372,-0.4202,211.69,-81.6,100.87,52.82294,-1.642846,11.92,4,326.65,20 / 21,-14.840545189278847,17.545545078597613,-2.5803859499997768,-546.8294294763141,1186.3601201136862,-158.223959644666,False,114.799,-7.7541507715926485,8.610673152335076,-453.3375364300769,1086.4434853671685,11.587530555559697,317.99618999997426,7.086394417686199,-8.934871926262536,93.49189304623718,-99.91663474651773
208412.0,1.0505,3.9368,10.5512,-0.0092,-0.0152,9.8066,-0.0233,0.2368,0.0406,219.17,-82.32,101.44,52.82294,-1.642846,11.92,4,326.65,20 / 21,-14.975693589191128,17.436226717343573,-2.544800949999779,-548.3202414152375,1188.109208703483,-158.48021898966596,False,114.899,-7.996950954353394,8.601276793397332,-454.14368518945184,1087.2999086921836,11.74451111110876,317.0852900000137,6.978742634837734,-8.83494992394624,94.1765562257857,-100.80930001129946
208512.0,2.5679,2.6342,10.5192,-0.0514,-0.0873,9.8061,-0.0224,0.0681,-0.1074,225.95,-83.26,102.95,52.823666,-1.643811,11.33,4,311.66,21 / 22,-15.343677665503646,17.29052848286771,-2.471945949999783,-549.8362099779722,1189.8455464634935,-158.7310563346659,False,114.999,-8.111545087952964,8.500834892172088,-454.963476983356,1088.1561096280498,11.749961111111109,316.34241000000014,7.232132577550683,-8.789693590695622,94.87273299461623,-101.68943683544376
208612.0,0.1696,-2.4945,9.8928,-0.0715,-0.0675,9.8061,0.1103,-0.6492,0.5354,233.37,-83.57,103.93,52.823666,-1.643811,11.33,4,311.66,21 / 22,-15.454759486376004,17.348044761079674,-2.4320109499997855,-551.3761318355661,1191.5774751256909,-158.9762541796659,False,115.09899999999999,-7.978861524240661,8.456205557783749,-455.75678919306006,1089.0123105624605,11.626250000007216,316.66367999998084,7.475897962135343,-8.891839203295925,95.61934264250601,-102.56516456323038
208711.0,-2.2041,-5.804,9.4533,-0.0516,-0.102,9.8059,-0.0493,0.45,-0.1427,217.32,-83.46,103.68,52.823666,-1.643811,11.33,4,311.66,21 / 22,-15.119654390885078,17.565234066047907,-2.445237349999788,-552.8895653224907,1193.3056824276339,-159.21767797051592,False,115.19800000000001,-8.239891343074747,8.404658544046887,-456.58141989568264,1089.8381552831142,11.77009444443795,315.56744000004926,6.87976304781033,-9.16057552200102,96.3081454268081,-103.46752714451964
208811.0,0.7049,2.9463,9.7833,-0.0141,-0.0823,9.8062,-0.0048,-0.2059,0.1185,196.01,-84.18,104.72,52.823666,-1.643811,11.33,4,311.66,21 / 22,-14.941297716083819,17.566661913372045,-2.4640723499997867,-554.3926129278391,1195.0622772266047,-159.46314345551588,False,115.298,-8.25195561560888,8.394355141747617,-457.40820122443813,1090.683014335312,11.771150000000059,315.4901200000017,6.6893421004749385,-9.172306771624427,96.98441170340095,-104.37926289129268
208912.0,0.2465,-3.8178,9.5533,0.0061,-0.0446,9.8065,-0.0237,0.5198,-0.2761,196.24,-84.31,105.35,52.823666,-1.643811,11.33,4,311.66,21 / 22,-14.979646255188792,17.589054160680185,-2.4780456999997864,-555.9036205983883,1196.8376408883444,-159.71272041704086,False,115.399,-8.134491374550313,8.378724233581977,-458.22315410954366,1091.514529996763,11.677886111112494,315.8473799999947,6.8451548806384785,-9.210329927098208,97.68046648884467,-105.32311089158134
209012.0,1.4492,2.3298,10.3929,-0.0177,-0.066,9.8064,-0.0584,0.1001,-0.0446,203.26,-84.34,104.87,52.823666,-1.643811,11.33,4,311.66,21 / 22,-15.057722175315337,17.665140679970747,-2.4614006999997873,-557.4054890199135,1198.6003506303769,-159.95969273704083,False,115.499,-8.179044770600258,8.437641661981086,-459.04294590340857,1092.3593890503475,11.751194444444431,315.89159,6.878677404715079,-9.227499017989661,98.36254311650492,-106.2409615800293
209112.0,-0.2236,-1.566,10.2192,-0.005,-0.0002,9.8066,-0.091,0.4765,-0.3387,211.0,-84.37,105.35,52.823666,-1.643811,11.33,4,311.66,21 / 22,-15.131515348628248,17.617050867606757,-2.41146069999979,-558.9149508961106,1200.3644602077557,-160.2033358070408,False,115.59899999999999,-8.34378711838255,8.358784861149,-459.8828326100232,1093.1934621941327,11.810519444441029,315.051490000049,6.787728230245698,-9.258266006457758,99.03211828608738,-107.17099801362292
209212.0,1.8685,1.6538,10.3226,-0.0058,-0.0542,9.8064,0.0379,0.3036,-0.0858,217.83,-84.33,106.11,52.823666,-1.643811,11.33,4,311.66,21 / 22,-15.221095074912206,17.64100352237802,-2.3650356999997926,-560.4325814172875,1202.1273629272548,-160.44216062704075,False,115.69899999999998,-8.362871081486032,8.4411063915405,-460.72957443744207,1094.0494407394342,11.882336111107948,315.2667399999901,6.858223993426174,-9.199897130837522,99.70300697984538,-108.0779221878206
209312.0,-0.6225,-2.083,10.7169,0.0414,0.0459,9.8064,-0.0545,0.2962,-0.2392,219.25,-84.21,108.11,52.823666,-1.643811,11.33,4,311.66,21 / 22,-15.272690754873746,17.665664107645576,-2.293725699999776,-561.9572707087771,1203.8926963087563,-160.67509869704077,False,115.799,-8.282479497693592,8.235612885864082,-461.54976947369266,1094.8616084845964,11.680105555561537,314.8373600000127,6.990211257180155,-9.430051221781493,100.4075012350844,-109.03108782415984
209412.0,2.3493,3.3996,9.9461,0.0286,-0.0228,9.8066,0.0298,0.5484,-0.2444,217.65,-83.77,110.74,52.823666,-1.643811,11.33,4,311.66,21 / 22,-15.39656958176402,17.63547941078434,-2.241240699999779,-563.4907337256088,1205.6577534846776,-160.90184701704072,False,115.899,-8.28057061724902,8.252949440575735,-462.376349181249,1095.6733314486592,11.690980555555363,314.9042799999989,7.115998964514999,-9.382529970208603,101.11438454435984,-109.98442203601849
209512.0,-0.8018,-1.9881,8.5416,0.0233,0.077,9.8062,0.0807,0.1014,-0.1341,217.27,-83.4,108.43,52.823666,-1.643811,11.33,4,311.66,24 / 24,-15.517857301732912,17.598869975136555,-2.2975206999997755,-565.0364550697836,1207.4194709539736,-161.12878508704068,False,115.999,-8.126180252836779,8.200088801953793,-463.1830355972079,1096.4850544127078,11.54453611111114,315.2594199999999,7.391677048896133,-9.398781173182762,101.85341947257575,-110.93441654126582
209612.0,0.2245,-3.8745,11.0038,-0.0323,0.0024,9.8065,-0.1947,0.1079,0.0551,219.92,-83.62,108.54,52.823666,-1.643811,11.33,4,311.66,24 / 24,-15.327162469189867,17.78121137140479,-2.3009156999997753,-566.5787060583297,1209.1884750213005,-161.35870690704064,False,116.09899999999999,-8.428311511559494,8.199728776323534,-464.0360948887811,1097.296777378098,11.758930555542968,314.21261000006126,6.898850957630373,-9.581482595081257,102.54261116954854,-111.8916976432024
209712.0,3.6755,7.6572,8.8114,-0.0057,-0.1251,9.8058,0.1455,-0.9176,0.9628,224.66,-83.8,109.25,52.823666,-1.643811,11.33,4,311.66,24 / 24,-15.630171683494275,17.76675263133683,-2.2908206999997756,-568.1265727659638,1210.9658732214375,-161.5882937270406,False,116.19899999999998,-8.388246257317281,8.121764009634445,-464.8696641312286,1098.10850034146,11.675861111114898,314.07528000000565,7.241925426176994,-9.644988621702383,103.25690863473523,-112.85737287997745
209812.0,-6.7264,-8.8017,9.5585,0.1148,0.1349,9.805,0.0872,-1.6141,0.2875,223.33,-82.77,107.44,52.823666,-1.643811,11.33,4,311.66,24 / 24,-15.50307205736937,17.686409237154127,-2.3529906999997894,-569.6832349530074,1212.7385313148625,-161.82048429704062,False,116.299,-8.345067808938744,8.005620393759827,-465.7030317524773,1098.8982067112001,11.564175000003267,313.8106600000078,7.158004248430625,-9.6807888433943,103.98020320053013,-113.84032460366234
209912.0,-3.102,-11.7678,12.7924,-0.042,-0.2285,9.8039,-0.2106,0.2263,-0.2711,223.25,-82.71,107.59,52.823666,-1.643811,11.33,4,311.66,24 / 24,-14.459691558175301,18.071267453568407,-2.2161106999997973,-571.1813731337845,1214.5264151493984,-162.0489393670406,False,116.399,-8.23712460435857,7.9958704662610876,-466.5230923746077,1099.6986989879053,11.47973055555679,314.1485599999949,6.222566953816731,-10.075396987307318,104.65828075917682,-114.82771616149307
210012.0,3.3872,9.8825,8.9314,0.0115,-0.0984,9.8061,0.1287,-0.889,0.5845,225.73,-82.83,111.16,52.823666,-1.643811,11.33,4,311.66,24 / 24,-14.435535138250788,18.14355461322285,-2.1105856999998034,-572.6261344686058,1216.337156252738,-162.26527418704055,False,116.499,-8.436016852809129,7.863329074662274,-467.3696325808284,1100.4772858631254,11.532513888888877,312.9877600000002,5.99951828544166,-10.280225538560575,105.25650188777735,-115.85987038961252
210112.0,-1.3604,-7.9814,10.5376,-0.0366,-0.0591,9.8064,-0.3119,0.9952,-0.7953,225.93,-82.91,111.07,52.823666,-1.643811,11.33,4,311.66,24 / 24,-14.594081190055647,18.12271072424459,-2.117800699999803,-574.077615285021,1218.1504695196113,-162.47669350704052,False,116.59899999999999,-8.41696888485042,7.773906732351782,-468.2097881156946,1101.2556503512274,11.457705555559949,312.7255300000146,6.1771123052052275,-10.348803991892808,105.8678271693264,-116.89481916838395
210212.0,2.9742,6.2729,10.2203,-0.0788,-0.1399,9.8053,-0.0843,0.2229,0.0687,225.02,-83.02,108.97,52.823666,-1.643811,11.33,4,311.66,24 / 24,-14.607398405045057,18.208875910169017,-2.0605706999998064,-575.537689264776,1219.9670488513318,-162.6856120770405,False,116.69899999999998,-8.561765006395753,7.778777617486025,-469.06983694223095,1102.0340148380124,11.567769444439524,312.2567100000207,6.045633398649304,-10.430098292682992,106.46785232254501,-117.93303401331946
210313.0,-0.7184,-4.2989,9.8963,-0.0031,0.0115,9.8065,-0.1371,0.8092,-0.4576,222.48,-82.59,106.92,52.823666,-1.643811,11.33,4,311.66,24 / 24,-14.784055614869295,18.199927185308002,-2.0351540499998064,-577.0219576927816,1221.8056934076533,-162.89244617691548,False,116.79999999999998,-8.579809838995827,7.690387955595353,-469.9319691878067,1102.7979239833867,11.521944444445818,311.8710000000111,6.204245775873469,-10.509539229712649,107.08998850497488,-119.0077694242666
210412.0,2.2947,5.3386,10.0155,-0.0147,-0.0783,9.8063,0.008,0.6317,-0.3311,224.08,-82.73,108.92,52.823666,-1.643811,11.33,4,311.66,24 / 24,-14.898729436491353,18.195522864276764,-2.0203782999998037,-578.4912555528242,1223.607268185108,-163.0931950282405,False,116.899,-8.555122543996438,7.705930357262981,-470.78361713106625,1103.5685048252901,11.513969444444562,312.01058999999793,6.343606892494915,-10.489592507013782,107.70763842175796,-120.03876335981795
210512.0,0.4667,-1.455,9.3878,0.0409,0.0799,9.8062,-0.0079,0.4649,-0.2638,218.41,-82.14,107.21,52.823666,-1.643811,11.33,4,311.66,22 / 24,-15.158315128086882,18.12767079685711,-2.030878299999803,-579.994107781053,1225.4234278681647,-163.29575785824048,False,116.999,-8.645083906620075,7.649631572625488,-471.6438675788031,1104.33586101386,11.543588888888882,311.50413000000015,6.513231221466807,-10.478039224231622,108.35024020224989,-121.08756685430467
210612.0,3.0765,4.8259,10.3625,-0.0153,0.0075,9.8065,-0.1008,0.835,-0.483,227.63,-82.38,106.81,52.823666,-1.643811,11.33,4,311.66,22 / 24,-15.432523207152911,18.12342756991577,-2.0240282999998036,-581.5236496978149,1227.2359827865032,-163.49850318824045,False,117.09899999999999,-8.718150292847053,7.575938065899301,-472.5240785251674,1105.092097709943,11.549938888888535,310.99014000002967,6.714372914305859,-10.547489504016468,108.9995711726475,-122.14388507656031
210712.0,-0.7749,-2.4645,9.4008,0.048,0.0927,9.8061,0.0673,-0.0934,0.0864,225.78,-81.84,105.33,52.823666,-1.643811,11.33,4,311.66,22 / 24,-15.620058710820018,18.107061638877713,-2.0165282999998038,-583.0762787937134,1229.0475072469428,-163.7005310182404,False,117.19899999999998,-8.608688850296058,7.511625841415602,-473.37787709453164,1105.8372149129543,11.425150000005544,311.1067699999946,7.01136986052396,-10.595435797462113,109.69840169918177,-123.21029233398849
210812.0,-3.8654,-4.7917,10.0717,0.0484,0.0562,9.8063,-0.0188,0.5065,-0.3421,227.18,-81.91,106.25,52.823666,-1.643811,11.33,4,311.66,22 / 24,-15.218460018300934,18.160660735609476,-2.0235682999998055,-584.6182047301699,1230.8608933656676,-163.90253584824043,False,117.299,-8.7744573500033,7.5409128395037905,-474.2513673342934,1106.593229219936,11.569638888884594,310.6763600000127,6.444002668297635,-10.619747896105686,110.36683739587647,-124.26766414573171
210912.0,-1.1438,-2.9403,10.3096,0.0353,0.0487,9.8064,-0.0564,0.5854,-0.3621,221.77,-81.92,106.83,52.823666,-1.643811,11.33,4,311.66,22 / 24,-14.790676319792459,18.226953131547894,-1.9851682999998077,-586.1186615470745,1232.6802740590254,-164.1029726782404,False,117.399,-8.78003443341698,7.400432342883377,-475.1250591952941,1107.316329827252,11.482836111112421,310.12651000000807,6.010641886375479,-10.826520788664517,110.99360235178034,-125.3639442317733
211012.0,-1.0199,-3.0251,9.3235,0.0492,0.0684,9.8062,-0.0303,0.2584,-0.124,222.82,-81.43,107.21,52.823666,-1.643811,11.33,4,311.66,22 / 24,-8.93495064164769,7.35224743711982,-1.9841782999998077,-476.01205805538706,1108.050105147975,-164.30144000824038,True,117.499,-8.93495064164769,7.35224743711982,-476.01205805538706,1108.050105147975,11.571044444444427,309.4497800000001,0.0,0.0,0.0,0.0
211112.0,1.358,5.3795,11.4821,0.047,0.0435,9.8064,-0.0132,-0.6141,0.4122,213.17,-81.21,108.1,52.823666,-1.643811,11.33,4,311.66,22 / 24,-9.0154982890688,7.212184521477964,-1.924563299999811,-476.90958050192285,1108.778326745905,-164.49687708824035,False,117.59899999999999,-8.81556299192734,7.44276782896369,-476.8858843304178,1108.806008259978,11.537294444446465,310.1736199999574,0.19993529714145986,0.23058330748572597,0.023696171505037,0.02768151407303776
211212.0,-1.3276,0.6941,8.7707,0.0593,0.0825,9.8061,0.0969,-0.3311,0.2351,218.92,-81.14,107.62,52.823666,-1.643811,11.33,4,311.66,22 / 24,-9.20547749337816,6.926514606786687,-1.8925882999998127,-477.8206292910451,1109.485261702318,-164.68773466824032,False,117.69899999999998,-8.722477755591134,7.502709310287736,-477.7529226918458,1109.5621337611976,11.505319444445847,310.70074999997695,0.48299973778702565,0.5761947035010495,0.06770659919931177,0.0768720588796441
211312.0,2.9914,5.3768,10.7828,-0.0132,-0.0503,9.8064,0.0739,-0.539,0.384,225.17,-81.66,107.29,52.823666,-1.643811,11.33,4,311.66,22 / 24,-9.490504728516715,6.74720109907123,-1.8955782999998134,-478.75542840214007,1110.1689474876111,-164.87714299824034,False,117.799,-8.792259476826231,7.550137077234793,-478.63320084532614,1110.3182592624107,11.589149999997517,310.6535300000016,0.6982452516904836,0.8029359781635632,0.12222755681392528,0.14931177479957114
211413.0,-1.1041,0.4425,10.5046,0.0328,0.0249,9.8065,-0.1644,-0.4678,0.3473,224.73,-81.5,107.29,52.823666,-1.643811,11.33,4,311.66,22 / 24,-9.786033564357705,6.581325948800365,-1.811036249999814,-479.7288935859302,1110.8420381035287,-165.06432703301533,False,117.9,-8.857103082382972,7.430411503510977,-479.5291382452141,1111.0708265262103,11.56111111111153,309.9940000000096,0.9289304819747333,0.8490855547106122,0.19975534071613765,0.2287884226816459
211512.0,0.1861,3.1716,10.6147,-0.0529,-0.0736,9.8062,-0.0452,0.095,0.0883,227.73,-81.28,108.54,52.823666,-1.643811,11.33,4,311.66,24 / 24,-9.905498910692147,6.403038189990226,-1.736489249999822,-480.7036244434451,1111.4847641283989,-165.23992954526528,False,117.999,-8.815542807176156,7.491564650755138,-480.40074668715124,1111.819390772411,11.56881111111111,310.35831999999994,1.0899561035159913,1.0885264607649123,0.30287775629386715,0.3346266440121326
211612.0,-0.9362,-0.1594,9.9509,0.0086,-0.0167,9.8066,0.029,-0.2473,0.1195,236.62,-81.57,109.88,52.823666,-1.643811,11.33,4,311.66,24 / 24,-10.019902349513236,6.245162586288656,-1.6888742499998246,-481.69989450645534,1112.1171741672129,-165.41119772026525,False,118.09899999999999,-8.962410139353784,7.447707852855039,-481.30111975336393,1112.5645079753685,11.653038888883978,309.7264200000371,1.0574922101594524,1.202545266566383,0.3987747530914021,0.44733380815569035
211712.0,-3.3659,-2.6136,9.3511,-0.0168,-0.0452,9.8064,0.0554,0.3823,-0.2139,231.86,-81.77,111.54,52.823666,-1.643811,11.33,4,311.66,24 / 24,-9.804863182876119,6.1362105946464105,-1.7044392499998235,-482.69113278307475,1112.7362428262595,-165.58086339526523,False,118.19899999999998,-8.991987805177622,7.421095937391374,-482.20169444082626,1113.3095139834481,11.658838888888669,309.5328900000083,0.8128753776984965,1.2848853427449631,0.4894383422484907,0.5732711571886284
211812.0,-2.8151,0.6964,9.3651,-0.0296,-0.0557,9.8064,-0.0212,0.0661,0.0598,233.1,-81.72,112.56,52.823666,-1.643811,11.33,4,311.66,24 / 24,-9.564880161175315,5.927747667070095,-1.7492942499998336,-483.65961995027754,1113.3394407393455,-165.75355007026525,False,118.299,-8.913049248802972,7.485041227079713,-483.088962129198,1114.0655282897294,11.639088888889471,310.0230299999855,0.6518309123723434,1.5572935600096178,0.5706578210795215,0.7260875503839088
211912.0,-2.7054,-2.8743,9.5783,-0.004,0.0035,9.8066,-0.0487,0.3854,-0.1406,238.51,-81.64,113.59,52.823666,-1.643811,11.33,4,311.66,24 / 24,-9.339693550133067,5.732083640174238,-1.7827892499998317,-484.6048486358429,1113.9224323047076,-165.93015424526521,False,118.399,-8.943427609826243,7.331833466307102,-483.9827489029825,1114.79963719524,11.564638888889991,309.34490000001017,0.39626594030682405,1.5997498261328635,0.6220997328604199,0.8772048905323118
212012.0,-1.0515,0.7163,10.0513,-0.0041,-0.0236,9.8065,0.0475,0.2745,-0.1682,236.22,-81.82,114.52,52.823666,-1.643811,11.33,4,311.66,24 / 24,-9.172321431086596,5.606934114746161,-1.7819742499998317,-485.5304493849039,1114.4893831924537,-166.10839242026518,False,118.499,-9.004733082190606,7.252150845954805,-484.88325638336585,1115.5335237115944,11.561963888888892,308.8469600000001,0.16758834889598972,1.6452167312086443,0.6471930015380281,1.044140519140683
212113.0,-0.474,-1.5348,10.0264,0.0113,-0.0026,9.8066,0.0039,0.2202,-0.0587,243.16,-81.9,115.74,52.823666,-1.643811,11.33,4,311.66,24 / 24,-9.119257864795463,5.535939365218389,-1.7585220499998317,-486.4541741393459,1115.052098303192,-166.28718748341515,False,118.6,-9.031314841028683,7.1869210236987895,-485.79283681765105,1116.2525101075094,11.54194444444561,308.5120000000192,0.08794302376677976,1.6509816584804007,0.661337321694873,1.2004118043173548
212212.0,0.7846,2.8468,9.9004,-0.025,-0.0227,9.8065,-0.13,0.4554,-0.1549,251.15,-82.09,117.48,52.823666,-1.643811,11.33,4,311.66,24 / 24,-9.214980617250637,5.52408863872411,-1.7430037999998333,-487.3617189442071,1115.5995696893872,-166.4605130129901,False,118.69899999999998,-9.097957329565196,7.342977538489068,-486.69105925785095,1116.9900660555065,11.6915444444378,308.90700999998245,0.11702328768544135,1.818888899764958,0.6706596863561458,1.3904963661193506
212312.0,-0.131,1.1891,10.2266,0.026,0.026,9.8065,0.0054,0.1675,-0.0675,252.46,-82.15,118.04,52.823666,-1.643811,11.33,4,311.66,24 / 24,-9.446883649575174,5.476783278179642,-1.7173187999998274,-488.2948121575486,1116.1496132852326,-166.63352914299014,False,118.799,-9.154421445477192,7.289028031264564,-487.60500815145923,1117.7240637660857,11.701855555555296,308.5278700000113,0.2924622040979816,1.8122447530849222,0.6898040060893891,1.574450480853102
212412.0,-0.438,3.7188,10.6589,0.0005,-0.013,9.8065,0.0573,0.4699,-0.1928,239.33,-82.41,119.9,52.823666,-1.643811,11.33,4,311.66,24 / 24,-9.678353804548594,5.321776625231541,-1.653708799999831,-489.25107403025476,1116.689541280403,-166.8020805229901,False,118.899,-9.248279456808174,7.363785246101634,-488.53233125127736,1118.468958579941,11.821844444442666,308.52795999999995,0.43007434774042075,2.042008620870093,0.7187427789774006,1.779417299537954
212512.0,-0.2212,0.4143,9.1709,0.0331,0.0249,9.8065,0.102,-0.1229,0.1327,242.75,-82.35,122.23,52.823666,-1.643811,11.33,4,311.66,23 / 23,-9.867069016026399,5.1691886608548545,-1.6428837999998316,-490.2283451712834,1117.2140895447073,-166.9669101529901,False,118.999,-9.329853114992275,7.0309580272352585,-489.4664422648142,1119.1589230998218,11.682530555555584,307.0014200000003,0.5372159010341235,1.861769366380404,0.7619029064692313,1.9448335551144282
212612.0,-3.609,-3.2313,10.4184,0.0103,0.0242,9.8065,-0.0103,0.2868,-0.1082,244.82,-82.48,123.24,52.823666,-1.643811,11.33,4,311.66,23 / 23,-9.68495267748378,5.037012472548775,-1.6440837999998315,-491.20594625595885,1117.7243996013774,-167.13125853299007,False,119.09899999999999,-9.309576623262604,7.324067588133965,-490.40062048533713,1119.9033731332197,11.845286111101538,308.19280999992964,0.37537605422117615,2.28705511558519,0.805325770621721,2.1789735318423027
212712.0,-1.7261,0.0913,10.5054,-0.0052,-0.0035,9.8066,-0.0135,-0.1378,0.1528,247.7,-82.61,125.27,52.823666,-1.643811,11.33,4,311.66,23 / 23,-9.461719146019457,4.843779273078968,-1.5785587999998352,-492.16327984713394,1118.2184391886587,-167.29239066299004,False,119.19899999999998,-9.259884111591223,7.460697105078468,-491.32149170680896,1120.6593874402006,11.891494444442468,308.85839999997097,0.20183503442823358,2.6169178319995003,0.8417881403249794,2.4409482515418404
212812.0,-2.8938,-1.2697,9.7458,0.0246,0.0167,9.8065,0.0106,0.0462,0.0493,252.63,-82.62,126.07,52.823666,-1.643811,11.33,4,311.66,23 / 23,-9.358767243285673,4.627944906570109,-1.5466637999998278,-493.10430416659943,1118.6920253976414,-167.44865179299006,False,119.299,-9.246280995725229,7.429640371833235,-492.2488820136941,1121.4045046439198,11.861419444445346,308.7828300000024,0.11248624756044379,2.8016954652631263,0.855422152905362,2.7124792462784626
212911.0,2.0508,2.2544,10.4977,0.0249,-0.0152,9.8065,0.0768,-0.3652,0.2381,254.92,-82.58,128.34,52.823666,-1.643811,11.33,4,311.66,23 / 23,-9.420151878122024,4.565871760844451,-1.5154688999998311,-494.033860663109,1119.1471193226782,-167.60022736164004,False,119.398,-9.185925989032906,7.522120201509291,-493.1604786600261,1122.152957695196,11.87281666666649,309.31315999999197,0.23422588908911735,2.95624844066484,0.8733820030828952,3.005838372517701
213012.0,-0.6422,-0.6942,10.3962,0.0123,-0.0201,9.8065,-0.0681,0.5771,-0.2235,256.29,-82.74,129.16,52.823666,-1.643811,11.33,4,311.66,23 / 23,-9.546271140016673,4.600658216759266,-1.4507985999998316,-494.991665025525,1119.6100290865472,-167.75002387039,False,119.499,-9.343442279501852,7.285712658085657,-494.1103833341161,1122.8836195575166,11.84830555555556,307.9459200000003,0.20282886051482052,2.6850544413263915,0.8812816914089012,3.2735904709693386
213112.0,-0.0304,0.1122,9.328,-0.0029,-0.0191,9.8066,-0.0146,0.002,0.0929,266.36,-82.68,130.77,52.823666,-1.643811,11.33,4,311.66,23 / 23,-9.542078051408339,4.566698508767787,-1.445253599999832,-495.94608248509616,1120.0683969228235,-167.89482648038998,False,119.59899999999999,-9.256786046038917,7.1435746388350045,-495.0313217625877,1123.595378283886,11.692680555564616,307.65777000001594,0.28529200536942234,2.576876130067218,0.9147607225084471,3.5269813610625533
213212.0,-2.2926,-0.8489,9.4014,0.003,0.0092,9.8066,-0.101,-0.0506,0.1552,256.06,-82.78,128.68,52.823666,-1.643811,11.33,4,311.66,23 / 23,-9.510382345701256,4.454616803244025,-1.4894485999998293,-496.8987055049516,1120.519462688424,-168.04156159038996,False,119.69899999999998,-9.284836329021934,7.149661483370254,-495.9653655690438,1124.318034111496,11.71861111110989,307.59758000000255,0.2255460166793224,2.6950446801262293,0.9333399359077816,3.7985714230719623
213312.0,1.8766,-0.1203,11.0282,-0.0216,0.0089,9.8066,-0.0503,-0.0199,0.1002,256.12,-83.07,128.21,52.823666,-1.643811,11.33,4,311.66,23 / 23,-9.489032829274397,4.434108330504289,-1.4486335999998199,-497.84867626370055,1120.9638989451116,-168.18846570038997,False,119.799,-9.377531350292788,6.947066949136982,-496.9061972891666,1125.0077762408146,11.670488888890315,306.5317600000314,0.11150147898160867,2.512958618632693,0.9424789745339694,4.043877295702941
213412.0,-0.1212,0.0838,7.8544,0.0158,-0.0075,9.8065,-0.048,0.0729,0.1804,263.5,-83.13,130.52,52.823666,-1.643811,11.33,4,311.66,23 / 23,-9.540619532643793,4.51017698718097,-1.4851685999998177,-498.8001588817964,1121.4111132109958,-168.33515581038995,False,119.899,-9.264627525531195,6.935361073217645,-497.83378921729036,1125.708193084253,11.57292500000144,306.8179999999956,0.27599200711259897,2.4251840860366745,0.9663696645060327,4.297079873257189
213514.0,-1.8867,-2.8986,9.9831,-0.0345,-0.0466,9.8064,-0.0352,0.3555,-0.1473,268.9,-83.3,134.59,52.823666,-1.643811,11.33,4,311.66,21 / 22,-9.427550894939786,4.403643196729913,-1.575734399999821,-499.7675355736032,1121.8657180403752,-168.49126186338992,False,120.001,-9.247118197960619,6.936388786129553,-498.7731423819747,1126.4223980986108,11.559538888888916,306.8740300000004,0.18043269697916742,2.5327455893996396,0.9943931916284896,4.556680058235543
213612.0,-4.4399,-3.2813,10.3068,0.0623,0.0687,9.8062,0.1294,-0.5389,0.3541,273.43,-82.81,131.94,52.823666,-1.643811,11.33,4,311.66,21 / 22,-9.168464771015307,4.083637002261318,-1.5425809999998261,-500.67874034123486,1122.2815947701258,-168.64405931798987,False,120.09899999999999,-9.304297992128014,6.783070088971916,-499.6886370380732,1127.076224267055,11.514350000002663,306.09297000004597,-0.13583322111270668,2.6994330867105987,0.9901033031616748,4.794629496929247
213712.0,-0.8094,-5.4981,12.0949,0.0347,0.0001,9.8065,-0.1074,0.4852,-0.2424,266.51,-82.89,133.99,52.823666,-1.643811,11.33,4,311.66,21 / 22,-8.773830588306796,3.8242956688067253,-1.4031609999998338,-501.5758551092009,1122.6769914036793,-168.79134641798984,False,120.19899999999998,-9.208211610692313,6.652040540295667,-500.6095082595449,1127.7433938260401,11.35961388889574,305.8444300000107,-0.43438102238551757,2.827744871488942,0.9663468496560199,5.066402422360852
213811.0,-0.9911,0.091,10.8096,0.0511,-0.0108,9.8064,-0.0145,0.0864,0.1671,271.57,-82.73,135.14,52.823666,-1.643811,11.33,4,311.66,21 / 22,-8.537928767321926,3.7472000334366866,-1.2402465999998042,-502.4327871973047,1123.0517804409403,-168.92219509418985,False,120.298,-9.306593829907193,6.502368964487244,-501.5276239913035,1128.3929945882385,11.353155555555704,304.941380000027,-0.7686650625852671,2.755168931050558,0.9051632060011912,5.34121414729816
213913.0,1.3174,0.7921,9.569,0.0092,0.0175,9.8066,-0.0727,-0.0098,0.1177,271.87,-82.86,135.47,52.823666,-1.643811,11.33,4,311.66,21 / 22,-8.615682651551142,3.7619316627118193,-1.2012162999998026,-503.3076213796673,1123.434746157444,-169.04670970208983,False,120.4,-9.129202772161532,6.493543757122993,-502.45346853567185,1129.0510461644326,11.20305555555773,305.42399999999276,-0.5135201206103908,2.7316120944111733,0.8541528439954504,5.616300006988695
214013.0,0.0582,-0.0983,9.1948,-0.0058,0.0019,9.8066,0.0201,0.0118,-0.0367,271.8,-82.99,135.08,52.823666,-1.643811,11.33,4,311.66,21 / 22,-8.681008567309595,3.8286063599574227,-1.2436912999998,-504.1724559406103,1123.8142730585773,-169.1689550820898,False,120.5,-9.250146235710071,6.178648608743218,-503.38092604964953,1129.662618260576,11.123888888888889,303.741,-0.5691376684004759,2.3500422487857957,0.79152989096076,5.848345201998654
214112.0,-0.2093,-1.9757,9.8336,0.0105,0.0054,9.8066,-0.0283,0.1511,-0.0375,277.22,-82.92,135.15,52.823666,-1.643811,11.33,4,311.66,21 / 22,-8.612977637957703,3.8071141794003673,-1.2726438499997967,-505.0285082577709,1124.1922412252754,-169.29351367201477,False,120.59899999999999,-9.107428163900686,6.055599503569094,-504.2791484897447,1130.2570663389129,10.936888888899794,303.62022000000707,-0.4944505259429821,2.2484853241687266,0.7493597680261814,6.064825113637426
214212.0,-1.6446,0.9623,10.0136,0.0078,0.013,9.8065,-0.0061,0.0822,-0.0509,276.94,-83.05,135.12,52.823666,-1.643811,11.33,4,311.66,21 / 22,-8.607040232760491,3.7083168822517116,-1.2609488499997974,-505.88950915130675,1124.568012778358,-169.42019330701473,False,120.69899999999998,-9.037076674831196,5.927148806759335,-505.1864438838325,1130.8465106451358,10.807400000005666,303.25963000001593,-0.4300364420707048,2.218831924507623,0.7030652674742441,6.278497866777798
214312.0,-2.2848,-0.5859,10.091,0.0455,-0.0028,9.8065,0.0379,0.2423,-0.0827,279.64,-82.75,135.27,52.823666,-1.643811,11.33,4,311.66,21 / 22,-8.68802576114415,3.515482177641278,-1.2363838499997917,-506.7542624510022,1124.9292027313527,-169.54505994201475,False,120.799,-9.006153954355897,5.788589335813369,-506.0804322788165,1131.4248354582264,10.70601111111406,302.7303100000155,-0.3181281932117468,2.273107158172091,0.673830172185717,6.495632726873737
214412.0,-0.1401,-0.8679,10.3588,-0.0057,-0.0206,9.8065,-0.0412,0.2678,-0.1285,281.95,-82.55,137.39,52.823666,-1.643811,11.33,4,311.66,21 / 22,-8.670257367934349,3.384066433245311,-1.194558849999794,-507.6221766074561,1125.274180161897,-169.66660707701473,False,120.899,-9.037984742759809,5.677644239299336,-506.987593258772,1131.9810324806826,10.673375000000469,302.1369400000087,-0.3677273748254599,2.293577806054025,0.6345833486840888,6.70685231878565
214514.0,-2.8715,-1.1518,9.9537,0.0007,-0.0173,9.8066,-0.0067,0.2158,-0.0492,285.38,-82.54,137.55,52.823666,-1.643811,11.33,4,311.66,22 / 22,-8.644131743699612,3.2148053787585846,-1.1588996499997926,-508.50521045214947,1125.6107226243091,-169.7866334605147,False,121.001,-8.962928120789046,5.5691181269352,-507.8994587333718,1132.5479042168,10.552213888888934,301.85473000000025,-0.3187963770894342,2.354312748176615,0.6057517187776966,6.937181592490788
214612.0,-1.8553,2.1167,9.6845,-0.0216,-0.0144,9.8066,-0.1136,0.5208,-0.291,282.95,-82.5,138.48,52.823666,-1.643811,11.33,4,311.66,22 / 22,-8.780643088891505,3.0026311156549883,-1.1576795499997927,-509.3590244189463,1125.9153770125354,-169.90014584131467,False,121.09899999999999,-8.932986285990875,5.46049019536367,-508.77543563454174,1133.0709651522486,10.469730555560416,301.43627000002465,-0.15234319709936983,2.457859079708682,0.5835887844045828,7.155588139713245
214712.0,2.341,1.2855,10.1746,-0.0193,0.0109,9.8066,-0.0623,-0.0834,0.0344,280.3,-82.54,135.91,52.823666,-1.643811,11.33,4,311.66,22 / 22,-8.979838270461686,3.0650321716123408,-1.1453895499997935,-510.2470484869139,1126.2187601768987,-170.01529929631465,False,121.19899999999998,-9.030449774406007,5.3101833100415865,-509.68259661449616,1133.6047008007042,10.47603888888857,300.4568500000433,-0.0506115039443209,2.2451511384292457,0.5644518724177487,7.385940623805482
214812.0,-0.3294,-2.3514,9.734,-0.0095,-0.0175,9.8065,0.122,0.24,-0.1689,285.74,-82.48,135.52,52.823666,-1.643811,11.33,4,311.66,22 / 22,-8.94631073392141,3.1471739616159984,-1.13062454999979,-511.14335593713326,1126.5293704835601,-170.12910000131467,False,121.299,-8.715299227088313,5.228127519286726,-510.5433175116989,1134.1164198527579,10.163161111120337,300.9588299999849,0.2310115068330969,2.080953557670728,0.6000384254343771,7.587049369197757
214912.0,0.961,0.6371,10.4851,0.0276,-0.0205,9.8065,0.0451,-0.0386,-0.0072,286.79,-81.82,135.98,52.823666,-1.643811,11.33,4,311.66,22 / 22,-8.886889677941006,3.1597230618556145,-1.1003345499997916,-512.0350159577264,1126.8447153347336,-170.24064795631463,False,121.399,-8.833842481993893,5.118288018599915,-511.4301819576585,1134.627916515648,10.209499999999265,300.087850000013,0.053047195947113934,1.9585649567443006,0.6048340000679104,7.783201180914375
215012.0,1.032,-1.7137,9.9674,0.0121,0.0153,9.8066,0.0368,0.2371,-0.0828,289.84,-81.06,134.93,52.823666,-1.643811,11.33,4,311.66,22 / 22,-8.837837175103646,3.2406372083945088,-1.058374549999794,-512.9212523003786,1127.164733348246,-170.3485834113146,False,121.499,-8.815081773732219,4.895449048500142,-512.3106617323247,1135.1063882853414,10.083225000000024,299.0454400000002,0.022755401371426842,1.654811840105633,0.6105905680539081,7.941654937095336
215112.0,-2.1872,1.2222,9.2208,-0.0054,0.0016,9.8066,0.1342,0.2796,-0.215,286.31,-80.86,133.9,52.823666,-1.643811,11.33,4,311.66,22 / 22,-8.861552348676094,3.1784140914495294,-1.0796295499997928,-513.8062217765676,1127.4856859132383,-170.45548361631455,False,121.59899999999999,-8.660009461657706,4.942399867401453,-513.1777673007438,1135.6065430645208,9.971119444450908,299.7141399999604,0.20154288701838752,1.7639857759519235,0.6284544758237871,8.120857151282507
215212.0,1.2754,-0.5367,10.3025,-0.0113,-0.0244,9.8066,-0.0114,0.377,-0.1182,286.68,-80.51,132.4,52.823666,-1.643811,11.33,4,311.66,22 / 22,-8.93954151607407,3.1492241585724265,-1.0841295499997925,-514.696276469805,1127.8020678257394,-170.56367157131453,False,121.69899999999998,-8.899454635497053,4.754470428833363,-514.0646989537817,1136.0738953410753,10.089899999994676,298.11324000007136,0.040086880577018036,1.6052462702609365,0.6315775160232988,8.271827515335872
215312.0,2.8142,-0.2948,9.6758,0.0083,-0.0019,9.8065,-0.0451,0.011,0.1494,283.68,-80.43,133.27,52.823666,-1.643811,11.33,4,311.66,22 / 22,-8.880668533677074,3.3403118511256094,-1.0658795499997882,-515.5872869722928,1128.1265446262244,-170.67117202631454,False,121.799,-8.648928863604285,4.660417295073459,-514.925218229785,1136.540914032155,9.824636111118966,298.31776999999346,0.2317396700727894,1.3201054439478495,0.6620687425078131,8.414369405930529
215411.0,-0.6086,0.3348,9.6812,-0.0086,0.0108,9.8065,-0.0589,0.1197,0.0169,284.73,-80.48,131.59,52.823666,-1.643811,11.33,4,311.66,22 / 22,-8.889721926322913,3.4511653863738627,-1.0785663999997868,-516.4669213000626,1128.4627227494805,-170.7773221008395,False,121.898,-8.898654531885244,4.5303491432250835,-515.809797635482,1136.99236543582,9.985549999997515,296.98132000002033,-0.008932605562330664,1.0791837568512208,0.6571236645805811,8.529642686339457
215512.0,3.5966,0.351,10.2009,-0.0297,0.0128,9.8065,-0.0185,-0.0663,0.0998,283.11,-80.57,130.68,52.823666,-1.643811,11.33,4,311.66,23 / 23,-8.9231175150821,3.6104435505227825,-1.0649919999997868,-517.3664696918536,1128.8193340007938,-170.8855718000395,False,121.999,-8.636220005628372,4.468526113136277,-516.6793226583588,1137.4418153289944,9.723788888888942,297.3579199999999,0.28689750945372694,0.8580825626134945,0.6871470334947389,8.622481328200593
215612.0,0.7215,-0.6096,10.5333,0.033,-0.009,9.8066,0.0429,0.0053,0.0878,290.02,-80.25,131.35,52.823666,-1.643811,11.33,4,311.66,23 / 23,-8.891002829074544,3.8182807570847204,-1.0089469999997898,-518.2571757090614,1129.190770216174,-170.98926875003946,False,122.09899999999999,-8.905082949916274,4.278245262913724,-517.572840603814,1137.8645784394823,9.879511111101875,295.6611800000992,-0.014080120841729382,0.4599645058290034,0.6843351052473281,8.673808223308242
215712.0,1.5442,-0.1694,9.784,-0.0092,0.0079,9.8066,-0.1564,0.2481,-0.0463,285.23,-80.29,131.28,52.823666,-1.643811,11.33,4,311.66,23 / 23,-8.854057622554297,3.9198747324792875,-0.9737469999997916,-519.1444287316427,1129.5776779906523,-171.08840345003944,False,122.19899999999998,-8.824459457183142,4.394828046652725,-518.4533875855465,1138.3091357565468,9.858286111112127,296.4746099999631,0.029598165371155005,0.4749533141734372,0.6910411460962678,8.731457765894447
215812.0,1.1119,-0.8044,10.389,0.0009,0.0175,9.8066,0.1511,-0.0842,0.0515,292.97,-80.31,131.52,52.823666,-1.643811,11.33,4,311.66,23 / 23,-8.799166841281693,4.034324556726731,-0.9457619999997853,-520.0270899548348,1129.9753879551126,-171.18437890003943,False,122.299,-8.707181226705314,4.267270560205373,-519.3204931540288,1138.7318988677735,9.696630555560315,296.10878000001105,0.09198561457637844,0.23294600347864147,0.7065968008059826,8.756510912660815
215912.0,-1.5249,-1.7187,9.6484,0.0306,0.0062,9.8065,0.0199,0.4553,-0.1084,293.33,-80.21,132.07,52.823666,-1.643811,11.33,4,311.66,23 / 23,-8.723536933946665,3.97474176601625,-0.9245569999997865,-520.9032251435962,1130.3758412712498,-171.27789485003942,False,122.399,-8.995238799116493,4.226367419608571,-520.2140783066269,1139.1654478866446,9.938649999996386,295.1664800000139,-0.27170186516982753,0.2516256535923209,0.6891468369692575,8.78960661539486
216012.0,-0.9146,3.6905,9.2499,0.0008,-0.0201,9.8065,-0.0581,0.2263,-0.0344,292.25,-80.23,133.52,52.823666,-1.643811,11.33,4,311.66,23 / 23,-8.894789289659789,3.9070127337381844,-0.9603069999997843,-521.7841414547764,1130.7699289962375,-171.37213805003938,False,122.499,-8.886022824526647,4.119649476725696,-521.1012787879055,1139.5770915047376,9.79453611111114,294.87287000000003,0.008766465133142276,0.21263674298751178,0.6828626668709603,8.807162508500141
216112.0,0.5758,0.0928,9.8127,0.0228,-0.0163,9.8066,0.0214,0.0752,0.0125,297.79,-80.12,134.73,52.823666,-1.643811,11.33,4,311.66,23 / 23,-9.105036736093616,3.972182140483719,-0.9878419999997827,-522.6841327560641,1131.1638887399486,-171.46954550003935,False,122.59899999999999,-9.054234278431412,3.9670140249452444,-522.0150260603149,1139.966496138644,9.885180555550184,293.6602200000706,0.05080245766220415,-0.005168115538474627,0.6691066957491785,8.8026073986955
216212.0,0.574,-1.6897,9.9648,-0.008,0.0247,9.8065,0.0733,0.0597,-0.0035,298.47,-80.04,135.48,52.823666,-1.643811,11.33,4,311.66,23 / 23,-9.038681174747817,3.9964675110838805,-0.9796319999997831,-523.5913186516061,1131.5623212225269,-171.5679192000393,False,122.69899999999998,-8.95136000505335,4.020183643024062,-522.9157351618974,1140.3556783813365,9.812686111114372,294.1855699999761,0.0873211696944658,0.023716131940181295,0.6755834897087425,8.793357158809613
216312.0,0.5296,0.6043,9.8465,-0.0077,-0.0151,9.8066,0.0812,0.0338,0.0132,295.57,-80.04,136.02,52.823666,-1.643811,11.33,4,311.66,23 / 23,-8.997681560400467,4.029443477731471,-0.9697319999997808,-524.4931367883637,1131.9636167719677,-171.66538740003932,False,122.799,-9.211043762423389,3.865561229651841,-523.8362703480371,1140.7338523272142,9.989319444439216,292.766390000042,-0.2133622020229211,-0.1638822480796298,0.656866440326553,8.770235555246472
216412.0,-2.4082,2.6435,9.3727,0.0301,-0.009,9.8065,-0.148,-0.009,0.0709,294.77,-80.0,136.16,52.823666,-1.643811,11.33,4,311.66,23 / 23,-9.21544584400617,4.02250289197804,-0.9894369999997795,-525.403793158584,1132.3662140904532,-171.7633458500393,False,122.899,-9.00251341774474,3.6540516283659326,-524.7437001562715,1141.089898482472,9.715836111115195,292.0916700000098,0.21293242626143005,-0.36845126361210756,0.6600930023124647,8.723684392018868
216512.0,-2.4941,0.2265,10.6223,0.0024,-0.0017,9.8066,-0.0849,0.2053,-0.1082,298.9,-79.94,135.56,52.823666,-1.643811,11.33,4,311.66,21 / 21,-9.487240109308134,3.8758363336298296,-0.9703519999997806,-526.3389274562496,1132.7611310517336,-171.86133530003926,False,122.999,-9.254886315258663,3.7641425696653643,-525.6709560490505,1141.4567305446744,9.991080555555502,292.13252,0.23235379404947132,-0.11169376396446529,0.6679714071991611,8.6955994929408
216612.0,1.9679,-0.0735,9.9421,0.0359,-0.0029,9.8065,0.1364,0.0187,0.0277,300.2,-79.62,136.7,52.823666,-1.643811,11.33,4,311.66,21 / 21,-9.535362462506194,3.8677855569158925,-0.9227969999997833,-527.2900575848403,1133.1483121462609,-171.95599275003923,False,123.09899999999999,-9.240279871261883,3.686476853913137,-526.5851065638309,1141.8456903981696,9.948513888891535,291.7498700000223,0.29508259124431113,-0.1813087030027556,0.7049510210093786,8.69737825190873
216712.0,-0.9434,0.7883,10.5527,0.0134,-0.0053,9.8066,0.0621,0.2857,-0.1712,300.64,-79.5,137.31,52.823666,-1.643811,11.33,4,311.66,21 / 21,-9.57106343225036,3.9434036185625554,-0.8787219999997857,-528.2453788795781,1133.5388716050347,-172.0460687000392,False,123.19899999999998,-9.332218447303935,3.758922159351409,-527.525736662766,1142.2238643440544,10.060805555550548,291.9390499999914,0.23884498494642514,-0.18448145921114634,0.7196422168120762,8.684992739019663
216812.0,1.8331,1.114,9.1889,0.0114,-0.0252,9.8065,-0.1333,0.2941,-0.0501,298.89,-79.44,138.29,52.823666,-1.643811,11.33,4,311.66,21 / 21,-9.664064496826965,4.042638740225567,-0.8723069999997842,-529.2071352760322,1133.9381737229742,-172.1336201500392,False,123.299,-9.486369037806591,3.6711118401282805,-528.4732890895538,1142.5909187968136,10.171944444441204,291.15593000002315,0.17769545902037365,-0.3715269000972867,0.7338461864784449,8.65274507383947
216912.0,-1.3364,-0.5687,9.9129,0.0095,0.0136,9.8066,-0.1465,0.1987,-0.0566,298.61,-79.6,137.74,52.823666,-1.643811,11.33,4,311.66,21 / 21,-9.706368393088546,4.089551552766427,-0.8978819999997827,-530.1756569205279,1134.3447832376237,-172.22212960003918,False,123.399,-9.34338308573883,3.620803868667651,-529.4009482246915,1142.9578620546406,10.020430555557821,291.18264999999946,0.36298530734971557,-0.46874768409877543,0.7747086958363525,8.613078817016913
217012.0,0.6545,0.9648,9.6694,-0.0123,0.0226,9.8065,-0.0792,0.2598,-0.0786,301.27,-79.62,137.55,52.823666,-1.643811,11.33,4,311.66,21 / 21,-9.768166413302737,4.082950040109551,-0.8994319999997825,-531.1493836608474,1134.7534083172675,-172.31199530003914,False,123.499,-9.535729813480177,3.4678848660147463,-530.355019736879,1143.3137970149664,10.146763888888865,289.9851000000003,0.2324365998225595,-0.6150651740948043,0.7943639239684899,8.560388697698954
217112.0,-0.0595,1.6105,8.769,-0.0481,0.0242,9.8064,0.0951,-0.073,0.05,301.58,-79.95,136.27,52.823666,-1.643811,11.33,4,311.66,21 / 21,-9.892758650036164,4.189051547581503,-0.9581769999997791,-532.1324299140143,1135.167008396652,-172.4048757500391,False,123.59899999999999,-9.655147598398681,3.3751441468116825,-531.3093600772766,1143.6586124828416,10.228080555550887,289.2681200000411,0.23761105163748297,-0.8139074007698204,0.8230698367377727,8.491604086189682
217212.0,-1.4014,0.3674,10.1637,-0.0164,0.0155,9.8065,0.0915,-0.1273,-0.0607,298.5,-79.74,134.69,52.823666,-1.643811,11.33,4,311.66,21 / 21,-10.042989163951106,4.188590514697996,-0.9922069999997771,-533.1292173047136,1135.5858904997658,-172.50239495003908,False,123.69899999999998,-9.625697336060268,3.3182351562252546,-532.2703539172747,1144.003316755117,10.181588888890989,289.02043000001066,0.4172918278908373,-0.8703553584727413,0.8588633874388734,8.417426255351302
217312.0,3.4532,-0.3101,10.4026,0.0221,-0.0067,9.8066,-0.0489,0.097,0.1481,298.71,-79.61,134.58,52.823666,-1.643811,11.33,4,311.66,21 / 21,-10.026840973380237,4.291715884985491,-0.9445569999997663,-534.1327088115804,1136.00990581975,-172.59923315003908,False,123.799,-9.912239510123085,3.0907037045980066,-533.2646824621346,1144.3149961355832,10.38296111110516,287.3181700000501,0.11460146325715215,-1.2010121803874845,0.8680263494458131,8.30509031583324
217412.0,-1.4201,-0.9537,9.3894,0.0413,-0.0004,9.8065,-0.1023,-0.178,0.1541,297.27,-79.57,134.45,52.823666,-1.643811,11.33,4,311.66,21 / 21,-9.951386745603825,4.36236040814068,-0.9356219999997667,-535.1316201975295,1136.4426096344062,-172.69324210003904,False,123.899,-9.963861563144226,2.909734445192509,-534.2593470423403,1144.6043253341793,10.380050000000073,286.27932000001516,-0.012474817540400807,-1.4526259629481713,0.8722731551891911,8.16171569977314
217512.0,1.4476,1.363,9.4435,0.0044,0.0047,9.8066,0.0753,-0.2994,0.2105,298.52,-79.69,134.28,52.824055,-1.645072,11.13,4,270.96,22 / 22,-9.997814097048984,4.385104495728324,-0.9746419999997644,-536.1290802396621,1136.8799828795995,-172.788755300039,False,123.999,-9.995113710640265,2.474478439821188,-535.2606651220788,1144.8383906546985,10.296950000000017,283.90488000000045,0.0027003864087191687,-1.9106260559071364,0.8684151175833676,7.958407775098976
217612.0,0.5155,0.8328,9.267,0.0108,-0.0039,9.8066,0.0037,-0.0526,-0.0963,300.05,-79.72,134.94,52.824055,-1.645072,11.13,4,270.96,22 / 22,-10.07693869927968,4.536719620083686,-1.0197819999997617,-537.1328178794785,1137.32607408539,-172.888476500039,False,124.09899999999999,-10.075357104309473,2.4043051424673525,-536.268703908383,1145.0719000005715,10.358261111107488,283.4216400000268,0.0015815949702062682,-2.132414477616334,0.8641139710954349,7.745825915181513
217712.0,-2.2199,-0.3028,9.7783,0.0087,-0.0138,9.8066,0.0116,0.143,0.1823,295.94,-79.64,135.44,52.824055,-1.645072,11.13,4,270.96,22 / 22,-10.16593242684099,4.485063546426885,-1.0481819999997601,-538.1449614357845,1137.7771632437154,-172.99187470003895,False,124.19899999999998,-10.191321945723784,2.22413434852586,-537.29011690093,1145.2944010482604,10.431213888885676,282.3111700000491,-0.025389518882793283,-2.2609291979010253,0.8548445348544647,7.517237804544948
217812.0,-1.6093,-0.0544,9.404,-0.0491,-0.0178,9.8064,0.0128,-0.1534,0.188,300.06,-79.79,137.09,52.824055,-1.645072,11.13,4,270.96,22 / 22,-10.269740190888152,4.31924309268864,-1.069731999999765,-539.1667450666712,1138.2173785756713,-173.09777040003894,False,124.299,-10.265316930684607,1.9709230655062828,-538.3183178071832,1145.4837660085147,10.452844444443828,280.86846000004226,0.004423260203544999,-2.348320027182357,0.8484272594879485,7.26638743284343
217912.0,-1.6612,-1.4837,9.8266,-0.0425,0.0042,9.8065,0.1073,0.0627,-0.1359,302.16,-79.52,136.51,52.824055,-1.645072,11.13,4,270.96,22 / 22,-10.31935786182117,4.151721265210576,-1.0888669999997638,-540.1961999693066,1138.6409267935662,-173.2057003500389,False,124.399,-10.324387458834709,1.8761807030830306,-539.3465859204896,1145.6617890857935,10.493480555554955,280.29960000000824,-0.005029597013539444,-2.2755405621275457,0.8496140488169885,7.020862292227321
218012.0,-0.8202,-0.4957,9.3625,0.0028,-0.0038,9.8066,-0.0613,0.0982,0.1141,304.47,-79.48,137.22,52.824055,-1.645072,11.13,4,270.96,22 / 22,-10.333266900459163,4.008521012252871,-1.1100769999997626,-541.2288312074205,1139.0489389074394,-173.31564755003888,False,124.499,-10.39820598249986,1.658339823048492,-540.3881610328878,1145.817684373138,10.529638888888881,279.06145000000026,-0.06493908204069676,-2.3501811892043785,0.8406701745327609,6.768745465698657
218112.0,-3.0072,0.0331,8.7761,0.0361,-0.0174,9.8065,-0.1499,-0.1678,0.1567,304.44,-79.61,137.19,52.824055,-1.645072,11.13,4,270.96,22 / 22,-10.451879478764974,3.8526468197286348,-1.1838119999997583,-542.2680885263817,1139.4419972990383,-173.43034200003885,False,124.59899999999999,-10.352273709206967,1.6344134345339958,-541.4232170598373,1145.9843655688235,10.480500000002888,278.9717800000045,0.09960576955800704,-2.218233385194639,0.8448714665444186,6.542368269785129
218212.0,-2.1611,-1.4136,10.3485,0.023,0.0033,9.8065,-0.1098,0.2914,-0.1483,300.99,-79.8,136.39,52.824055,-1.645072,11.13,4,270.96,22 / 22,-10.563189402951664,3.614679529736965,-1.208246999999757,-543.3188419704675,1139.8153636165116,-173.54994495003882,False,124.69899999999998,-10.554791690545194,1.378362806255484,-542.4781663784185,1146.1181330655495,10.644449999992696,277.44046000006796,0.008397712406470248,-2.2363167234814814,0.8406755920490241,6.302769449037896
218312.0,1.0903,1.1192,9.6343,-0.0025,0.0183,9.8066,0.1265,0.1092,-0.052,300.27,-79.9,137.48,52.824055,-1.645072,11.13,4,270.96,22 / 22,-10.609457382037531,3.573981224019458,-1.1897719999997527,-544.3774743097172,1140.1747966541996,-173.66984590003884,False,124.799,-10.515452751353903,1.2497178289079425,-543.5333173182134,1146.2405586785853,10.589461111112781,276.7775400000191,0.09400463068362797,-2.3242633951115153,0.8441569915037235,6.065762024385776
218412.0,-2.3994,-1.2313,10.504,0.0333,-0.003,9.8065,-0.0519,0.5059,-0.3488,300.93,-79.77,137.35,52.824055,-1.645072,11.13,4,270.96,22 / 22,-10.669540173476136,3.5277366990564767,-1.1635219999997541,-545.4414241874928,1140.5298825503532,-173.78751060003881,False,124.899,-10.732259034642823,1.0249022127685063,-544.6084287566985,1146.3408565030804,10.781113888886038,275.45529000001955,-0.06271886116668668,-2.5028344862879703,0.8329954307943126,5.810973952727181
218512.0,-4.4359,-2.1728,9.9661,-0.012,-0.0058,9.8066,-0.1117,0.4237,-0.1129,300.03,-79.98,137.14,52.824055,-1.645072,11.13,4,270.96,21 / 23,-10.725740527056098,3.1597466007633397,-1.1206819999997566,-546.5111882225193,1140.8642567153443,-173.9017208000388,False,124.999,-10.567988720627811,1.0467780224627692,-545.6637813176791,1146.4519402345416,10.619705555555587,275.65682999999996,0.157751806428287,-2.1129685783005705,0.8474069048402271,5.587683519197299
218612.0,-4.5971,-1.4025,9.2008,0.0112,0.0203,9.8066,-0.0607,0.2805,-0.0085,303.04,-80.11,136.66,52.824055,-1.645072,11.13,4,270.96,21 / 23,-10.839371954531394,2.6959444521225406,-1.1430019999997552,-547.5894438465987,1141.1570412679885,-174.01490500003877,False,125.09899999999999,-10.944991484142006,0.732127783686132,-546.7588532547367,1146.5191019702095,10.969505555535061,273.82750000010685,-0.10561952961061216,-1.9638166684364087,0.8305905918620056,5.362060702221015
218712.0,0.0233,1.8072,9.7353,-0.0842,-0.0064,9.8062,-0.1195,0.5485,-0.3578,303.4,-80.44,136.82,52.824055,-1.645072,11.13,4,270.96,21 / 23,-11.010457289332733,2.5301332815125703,-1.1768619999997532,-548.6819353087918,1141.4183451546703,-174.13089820003873,False,125.19899999999998,-10.657989752655835,0.8990051130515232,-547.8210609365157,1146.6078355218797,10.695855555567864,274.821769999955,0.35246753667689745,-1.6311281684610472,0.8608743722761574,5.189490367209373
218812.0,3.3673,0.8407,10.3253,-0.0225,0.0153,9.8065,-0.0305,-0.2877,0.2579,301.45,-80.47,135.18,52.824055,-1.645072,11.13,4,270.96,21 / 23,-11.063212545081491,2.760388416255877,-1.1544969999997479,-549.7856188005128,1141.6828712395588,-174.24746615003872,False,125.299,-10.859061209728832,0.624285946339245,-548.9095465811456,1146.663766570204,10.877030555550133,273.2905700000454,0.20415133535265895,-2.136102469916632,0.8760722193671882,4.980895330645126
218912.0,-0.1317,1.4817,9.9677,-0.0489,0.0086,9.8064,-0.0345,0.119,-0.055,299.03,-80.87,134.73,52.824055,-1.645072,11.13,4,270.96,21 / 23,-11.10965389217014,2.9689700034572355,-1.1205119999997497,-550.8942621223753,1141.9693391605445,-174.3612166000387,False,125.399,-10.844611471320809,0.5814544899746151,-549.9916475545083,1146.7303723305477,10.860188888889166,273.06908000000305,0.2650424208493316,-2.3875155134826205,0.9026145678669764,4.761033170003202
219012.0,4.3501,1.746,9.7935,-0.0911,0.008,9.8061,0.0274,-0.6554,0.4622,298.34,-81.1,134.59,52.824055,-1.645072,11.13,4,270.96,21 / 23,-11.182010166033505,3.2440372427280253,-1.1131169999997501,-552.0088453252854,1142.2799895228536,-174.47289805003865,False,125.499,-10.975093938024997,0.6885300950032517,-551.0869883199099,1146.7970892865092,10.996674999999973,273.58971999999994,0.20691622800850773,-2.5555071477247737,0.9218570053755002,4.517099763655551
219112.0,-5.5168,0.2938,9.556,-0.0046,0.0071,9.8066,0.0927,-0.3907,0.1865,299.17,-81.11,134.43,52.824055,-1.645072,11.13,4,270.96,21 / 23,-11.333650729214938,3.2552513454896874,-1.1263069999997493,-553.1346283700477,1142.6049539522644,-174.58486925003862,False,125.59899999999999,-11.099527414082988,0.6003491448521695,-552.1957704984691,1146.8527979449723,11.115755555548692,273.0960400000291,0.23412331513194928,-2.654902200637518,0.938857871578648,4.247843992707885
219212.0,3.8068,2.8159,10.2824,-0.0499,-0.0151,9.8065,0.0273,-0.49,0.3428,301.42,-81.18,135.39,52.824055,-1.645072,11.13,4,270.96,21 / 23,-11.532289562545074,3.2702362044377513,-1.11505199999975,-554.2779253846356,1142.9312283297606,-174.6969372000386,False,125.69899999999998,-10.845120654095288,0.6666580664942291,-553.2780730930313,1146.9304120035167,10.865594444455605,273.51768999998103,0.6871689084497863,-2.603578137943522,0.9998522916043839,3.999183673756079
219312.0,-5.3966,-0.9928,9.7182,0.045,0.0015,9.8065,0.0981,-0.5222,0.3098,301.04,-80.91,135.94,52.824055,-1.645072,11.13,4,270.96,21 / 23,-11.680050388557955,3.262627360222834,-1.0956869999997454,-555.438542382191,1143.2578715079937,-174.80747415003862,False,125.799,-11.11038433782059,0.39471538064285455,-554.3933743571092,1146.9532069637062,11.117430555548056,272.0350200000438,0.5696660507373643,-2.8679119795799792,1.0451680250818072,3.6953354557124385
219412.0,-3.1606,0.1741,9.7494,-0.007,-0.007,9.8066,-0.0034,-0.0366,0.0134,300.74,-80.88,137.02,52.824055,-1.645072,11.13,4,270.96,21 / 23,-11.895223434842219,2.887634572891931,-1.102971999999745,-556.617306073361,1143.5653846046494,-174.9174071000386,False,125.899,-10.969935225512938,0.3172862449793039,-555.4823976582574,1146.986454246766,10.974525000002158,271.6566700000054,0.9252882093292811,-2.570348327912627,1.1349084151036095,3.421069642116663
219512.0,0.7588,-0.3596,9.7141,0.0245,0.0111,9.8066,0.0473,-0.2225,0.2469,299.12,-80.92,138.75,52.824055,-1.645072,11.13,4,270.96,22 / 23,-11.979837233968492,2.793314085918601,-1.1104619999997445,-557.8110591068014,1143.8494320375898,-175.02807880003854,False,125.999,-11.26811222486041,0.5340679132322683,-556.6177266281057,1147.041829321153,11.280780555555495,272.7132899999998,0.7117250091080827,-2.259246172686333,1.1933324786956518,3.1923972835631957
219611.0,-0.4992,0.3228,9.5633,-0.0148,-0.0121,9.8065,-0.0638,-0.1309,0.0709,304.94,-81.08,139.73,52.824055,-1.645072,11.13,4,270.96,22 / 23,-12.002965212617353,2.8199772417634774,-1.1270890499997426,-558.9982078279073,1144.12728995831,-175.1388375770135,False,126.09799999999998,-11.195129915004824,0.1855408059814398,-557.7224091756285,1147.0532823976787,11.196777777782863,270.9492200001036,0.8078352976125291,-2.6344364357820376,1.2757986522788087,2.925992439368656
219712.0,0.6474,0.7876,9.2163,0.0497,0.0113,9.8064,-0.0298,-0.3384,0.3805,302.91,-81.4,140.47,52.824055,-1.645072,11.13,4,270.96,22 / 23,-12.07625841426591,2.872608991807587,-1.169190899999742,-560.2142086210649,1144.4147655631054,-175.25479971448848,False,126.19899999999998,-11.250075289089786,0.10306756800436433,-558.8558563475502,1147.0535047875137,11.250549999997531,270.52492000001723,0.826183125176124,-2.769541423803223,1.3583522735146971,2.638739224408255
219812.0,-0.5392,1.7605,9.6795,-0.006,0.0068,9.8066,-0.0567,0.3283,-0.1132,306.88,-81.48,140.62,52.824055,-1.645072,11.13,4,270.96,22 / 23,-12.207623536872054,2.9676909311786495,-1.2050658999997501,-561.4284027186221,1144.7067805592549,-175.37351255448849,False,126.299,-11.276415654362456,0.22220331451240008,-559.9848678531714,1147.075521383916,11.2786111111103,271.12885999998207,0.9312078825095984,-2.7454876166662494,1.4435348654507152,2.368740824661245
219912.0,2.4201,-0.2127,9.6922,0.013,0.0112,9.8066,0.0195,-0.0306,-0.0092,306.29,-81.4,140.28,52.824055,-1.645072,11.13,4,270.96,22 / 23,-12.242878273572048,3.1063077294025883,-1.2171458999997493,-562.6509278091443,1145.010480492284,-175.49462314448846,False,126.399,-11.312544327048329,-0.14535650921746893,-561.1206000653788,1147.0537271773767,11.313538888888374,269.2639000000278,0.930333946523719,-3.2516642386200574,1.530327743765497,2.043246685092754
220012.0,-4.9373,-0.4712,8.9695,0.0566,0.0161,9.8064,0.0644,0.4601,-0.2143,301.63,-81.4,140.39,52.824055,-1.645072,11.13,4,270.96,22 / 23,-12.30162988709418,2.9897623353049667,-1.2647258999997466,-563.8781532171776,1145.3152839955194,-175.61871673448843,False,126.499,-11.436562823850835,-0.07540593392508829,-562.2630529842112,1147.042496490713,11.436813888888866,269.6221899999999,0.8650670632433446,-3.065168269230055,1.6151002329663697,1.7272124951934984
220112.0,-0.434,1.8785,8.5849,-0.0036,-0.0344,9.8065,-0.1561,0.1794,-0.2167,306.5,-81.34,140.92,52.824055,-1.645072,11.13,4,270.96,22 / 23,-12.528953732094584,2.820455668025718,-1.3676708999997407,-565.1196823981369,1145.605794895686,-175.7503365744884,False,126.59899999999999,-11.512445602948565,-0.12548309297032306,-563.4122266095733,1147.0313769975949,11.513130555551179,269.3755300000146,1.0165081291460183,-2.945938760996041,1.7074557885636068,1.425582101908958
220213.0,-5.4171,-1.3922,10.1568,0.0792,0.0118,9.8063,-0.0382,0.445,-0.2812,304.78,-81.2,138.99,52.824055,-1.645072,11.13,4,270.96,22 / 23,-12.745955986377874,2.610261427964834,-1.4116866999997402,-566.3960653389197,1145.8800461090334,-175.89069413328835,False,126.69999999999999,-11.558013977359956,-0.34141862861352135,-564.5796805570469,1146.9867878315483,11.563055555553404,268.3080000000466,1.1879420090179185,-2.9516800565783554,1.8163847818727845,1.1067417225149256
220312.0,-2.1798,0.6911,9.1649,-0.0217,-0.0235,9.8066,-0.0872,0.6045,-0.2056,300.78,-81.15,139.72,52.824055,-1.645072,11.13,4,270.96,22 / 23,-12.956464900413817,2.289529547985504,-1.4261208999997428,-567.6683351728161,1146.122585762343,-176.03116560948834,False,126.799,-11.482757118930067,-0.15777472273519294,-565.7107754816877,1146.9867878315463,11.48385555555789,269.2128599999733,1.4737077814837498,-2.447304270720697,1.957559691128381,0.864202069203202
220412.0,-10.2584,-0.7772,8.2634,-0.0792,0.0145,9.8063,-0.1795,0.2254,0.1275,306.56,-81.52,141.5,52.824055,-1.645072,11.13,4,270.96,22 / 23,-13.345842577695755,1.7930417906839486,-1.5353708999997364,-568.9834505467215,1146.3267143292765,-176.1792401994883,False,126.899,-11.512514072734476,-0.3065875229037277,-566.866602606678,1146.9427546408417,11.51660555555506,268.47455000001105,1.8333285049612797,-2.0996293135876765,2.116847940043499,0.6160403115652571
220512.0,-1.5702,5.2629,10.7393,-0.1743,0.0333,9.805,0.0166,0.7461,-0.7021,316.73,-82.41,144.26,52.824055,-1.645072,11.13,4,270.96,22 / 23,-13.884906983167122,1.5142148450359962,-1.5659008999997346,-570.3449880247646,1146.4920771610625,-176.33430378948827,False,126.999,-11.635829319246564,-0.3725809557358609,-568.0225641458408,1146.909284968633,11.64179444444442,268.16604000000007,2.2490776639205574,-1.886795800771857,2.3224238789238143,0.41720780757054854
220612.0,5.7385,3.3745,10.6028,-0.0454,-0.0306,9.8064,0.2319,-0.5932,0.5214,314.17,-82.13,142.2,52.824055,-1.645072,11.13,4,270.96,22 / 23,-14.069559529105117,1.9957403311546054,-1.4794608999997394,-571.7427113503782,1146.667574919872,-176.48657187948825,False,127.09899999999999,-11.50225645615677,-0.3730857794570031,-569.1785256848942,1146.8539098942567,11.508305555563412,268.1422100000012,2.567303072948347,-2.3688261106116086,2.564185665483933,0.18633497438463564
220712.0,3.2755,1.5706,9.9663,-0.0966,-0.0856,9.8058,-0.0677,0.6321,-0.4216,313.81,-81.55,146.78,52.824055,-1.645072,11.13,4,270.96,22 / 23,-13.960487965233959,2.51136085394172,-1.431670899999742,-573.144213725095,1146.8929299791268,-176.6321284694882,False,127.19899999999998,-11.63328507167173,-0.46353364279056375,-570.3344872240563,1146.8093207282075,11.642519444438424,267.7182800000188,2.3272028935622284,-2.9748944967322837,2.8097265010387673,-0.08360925091938043
220812.0,8.6041,2.046,8.9548,-0.1425,-0.0416,9.8055,0.1473,-1.4968,0.7718,311.98,-81.3,145.05,52.824055,-1.645072,11.13,4,270.96,22 / 23,-13.718984665211591,3.0913287572945873,-1.4662808999997499,-574.5281873566177,1147.1730644596887,-176.7770260594882,False,127.299,-11.421381920580728,-0.46976923823519995,-571.4771417640621,1146.7648427584907,11.431038888895163,267.64470000000205,2.297602744630863,-3.5610979955297872,3.0510455925555107,-0.4082217011980447
220912.0,-9.7419,-2.0164,9.2789,-0.0095,0.047,9.8065,0.054,-0.563,0.2311,306.61,-80.93,141.74,52.824055,-1.645072,11.13,4,270.96,22 / 23,-13.74486866856062,3.045878768806637,-1.535260899999746,-575.9013800233062,1147.4799248359936,-176.92710314948818,False,127.399,-11.626799372822973,-0.5729955214372694,-572.6396223886377,1146.7093564898864,11.640913888885743,267.1787000000069,2.118069295737648,-3.6188742902439066,3.26175763466847,-0.7705683461072113
221012.0,3.9751,2.9157,9.1628,-0.1021,-0.001,9.806,0.0717,-0.829,0.3996,303.89,-81.4,139.55,52.824055,-1.645072,11.13,4,270.96,22 / 23,-13.993832903327432,2.856468189844873,-1.5938408999997424,-577.2883151019005,1147.7750421839262,-177.08355823948813,False,127.499,-11.439471066561715,-0.5953980480499019,-573.7823441357224,1146.631742431341,11.454955555555593,267.02055,2.5543618367657164,-3.451866237894775,3.505970966178097,-1.1432997525851079
221112.0,-7.4477,-0.4616,9.2128,0.0588,0.0235,9.8064,0.0408,-0.6872,0.5031,304.21,-81.29,136.18,52.824055,-1.645072,11.13,4,270.96,22 / 23,-14.223843749884232,2.7966376194752933,-1.6557258999997388,-578.699198934561,1148.0576974743922,-177.2460365794881,False,127.59899999999999,-11.511806757269477,-0.5759463069926338,-574.9315177610977,1146.5869308754543,11.52620555555129,267.1358199999932,2.7120369926147543,-3.372583926467927,3.767681173463302,-1.470766598937871
221212.0,-0.5105,0.7155,9.8816,-0.0409,-0.0119,9.8065,-0.0252,-0.4073,0.2648,315.81,-81.54,138.17,52.824055,-1.645072,11.13,4,270.96,22 / 23,-14.48506048635576,2.50128484900069,-1.6816708999997374,-580.1346441463729,1148.322593597816,-177.41290641948808,False,127.69899999999998,-11.340294934042667,-0.6453308364044318,-576.0674515945167,1146.5094280118349,11.358644444451919,266.74298000001755,3.1447655523130926,-3.1466156854051217,4.0671925518562375,-1.8131655859810962
221312.0,-7.4079,0.1497,10.3761,0.0828,0.0116,9.8063,0.0985,-0.6456,0.3344,305.04,-81.24,136.56,52.824055,-1.645072,11.13,4,270.96,22 / 23,-14.774679266035099,2.228113104805513,-1.64945089999973,-581.5976311339928,1148.5590634955063,-177.57946250948808,False,127.799,-11.362367849204835,-0.7303507124364236,-577.1899440146727,1146.4425998609415,11.385819444443593,266.32221000001226,3.4123114168302635,-2.958463817241937,4.40768711932003,-2.1164636345647523
221412.0,-0.0316,2.4268,10.3732,0.0349,0.0028,9.8065,0.1043,-0.0653,-0.0238,293.1,-81.02,137.18,52.824055,-1.645072,11.13,4,270.96,22 / 23,-15.136249800580604,1.9874388983188516,-1.592650899999733,-583.0931775873235,1148.7698410956625,-177.74156759948804,False,127.899,-11.391276755881805,-0.8046256130913566,-578.3389160189312,1146.3428580117695,11.419661111110614,265.9596200000053,3.744973044698799,-2.7920645114102083,4.75426156839228,-2.426983083892992
221512.0,1.3535,1.5326,10.8422,0.091,-0.0016,9.8062,0.084,-0.389,0.1736,295.24,-80.95,137.98,52.824055,-1.645072,11.13,4,270.96,21 / 21,-15.320578272962576,2.137014772618029,-1.5125458999997377,-584.6160189910005,1148.9760637792094,-177.896827439488,False,127.999,-11.335374923903995,-0.645057824441513,-579.4681963527783,1146.2978240667233,11.353725000000013,266.7430499999998,3.9852033490585814,-2.7820725970595417,5.147822638222237,-2.6782397124861745
221612.0,2.8839,-0.082,10.5956,0.0756,0.0009,9.8063,-0.1095,0.2969,-0.3261,298.21,-80.16,136.3,52.824055,-1.645072,11.13,4,270.96,21 / 21,-15.320439608981049,2.3669665952200103,-1.4213208999997429,-586.1480698850976,1149.2012628476014,-178.04352077948795,False,128.099,-11.456900640431643,-0.7674291684886715,-580.6105820644756,1146.2093129049135,11.482580555548001,266.16789000003405,3.863538968549406,-3.1343957637086817,5.537487820622005,-2.9919499426878247
221712.0,-0.1953,1.4074,8.1854,0.0956,0.0336,9.8061,-0.0747,-0.2838,0.2162,292.83,-79.79,132.5,52.824055,-1.645072,11.13,4,270.96,21 / 21,-15.34868916891303,2.520665956647242,-1.4629358999997406,-587.6815263239922,1149.4456444751947,-178.18773361948791,False,128.19899999999998,-11.33369146932491,-0.9584587869476531,-581.7397951912296,1146.1093486651855,11.374163888893762,265.16606000004424,4.01499769958812,-3.479124743594895,5.941731132762584,-3.336295810009233
221812.0,-5.7023,-0.6041,9.7451,0.044,0.0497,9.8064,-0.1205,0.63,-0.291,295.28,-79.87,131.22,52.824055,-1.645072,11.13,4,270.96,21 / 21,-15.543437077047452,2.2777296186681038,-1.5470758999997596,-589.2261326362906,1149.6855642539606,-178.33823420948792,False,128.299,-11.4286583369446,-0.703661539483244,-582.8821809029822,1146.0533064233298,11.450330555553277,266.4766599999611,4.114778740102851,-2.9813911581513475,6.343951733308359,-3.632257830630806
221912.0,0.1815,1.0652,9.1954,0.0174,-0.0037,9.8066,-0.0592,0.1598,-0.1623,294.78,-79.7,130.26,52.824055,-1.645072,11.13,4,270.96,21 / 21,-15.713932520518203,2.0475919247169863,-1.5807158999997577,-590.7890011161687,1149.9018303311298,-178.4946237994879,False,128.399,-11.507547182806462,-0.7064465135031579,-584.0313545284532,1145.9756923633984,11.529211111109953,266.48703000000006,4.20638533771174,-2.754038438220144,6.757646587715499,-3.9261379677313926
222012.0,-5.316,-1.7771,8.8766,0.0844,0.0193,9.8062,-0.025,0.5584,-0.186,292.56,-79.62,129.41,52.824055,-1.645072,11.13,4,270.96,21 / 21,-15.81012584587496,1.8078611648500615,-1.6577808999997532,-592.3652040344883,1150.0946029856082,-178.65654863948785,False,128.499,-11.489594745780762,-0.6884139206657683,-585.1739418614185,1145.9088642124914,11.510200000000005,266.57115,4.320531100094199,-2.4962750855158298,7.191262173069845,-4.185738773116782
222112.0,4.0011,2.0046,10.5393,-0.0685,0.0233,9.8063,0.0202,0.5714,-0.5052,298.28,-79.66,129.63,52.824055,-1.645072,11.13,4,270.96,21 / 21,-15.854920674624513,1.7621855207876376,-1.6676508999997526,-593.9484563605132,1150.27310531989,-178.82282022948783,False,128.599,-11.491273964315486,-0.4968222116539447,-586.3231154867806,1145.8641638529293,11.502025000000465,267.5243799999445,4.363646710309027,-2.2590077324415825,7.625340873732625,-4.408941466960641
222212.0,-1.2427,0.6468,8.948,0.0326,0.0024,9.8065,0.1306,0.2012,-0.2076,295.53,-79.78,129.01,52.824055,-1.645072,11.13,4,270.96,21 / 21,-15.93551298433564,1.954750231365812,-1.673950899999752,-595.5379780434611,1150.4589521074977,-178.9899003194878,False,128.69899999999998,-11.640525330882017,-0.5490877944607859,-587.4790098188627,1145.8196858818262,11.653469444437714,267.29937000001047,4.294987653453623,-2.5038380258265978,8.058968224598402,-4.639266225671463
222312.0,1.2797,0.7877,9.7497,-0.0585,-0.0065,9.8064,-0.0516,0.4191,-0.1574,293.76,-80.18,130.49,52.824055,-1.645072,11.13,4,270.96,21 / 21,-16.03330358506157,1.9968459175339728,-1.7197308999997625,-597.1364188719313,1150.6565319149427,-179.1595844094878,False,128.799,-11.58076825657977,-0.5044368264129356,-588.6416248575716,1145.7641996139084,11.591750000001865,267.5058899999938,4.452535328481801,-2.5012827439469083,8.494794014359627,-4.89233230103423
222412.0,-1.2659,-0.108,10.0206,-0.0246,-0.0028,9.8066,-0.0725,0.3612,-0.289,293.21,-80.29,129.82,52.824055,-1.645072,11.13,4,270.96,21 / 21,-16.095309711874222,2.020131262806186,-1.7118808999997628,-598.742849536778,1150.8573807739597,-179.33116499948775,False,128.899,-11.659557943929912,-0.47453732150671923,-589.8043071033469,1145.7196104478735,11.669211111109952,267.66936999999757,4.435751767944311,-2.494668584312905,8.938542433431053,-5.137770326086184
222512.0,-3.792,0.2341,8.6264,-0.0587,0.0191,9.8064,-0.0389,0.2582,-0.1737,290.26,-80.61,128.57,52.824055,-1.645072,11.13,4,270.96,21 / 23,-16.22393924063046,1.7941933112247037,-1.76019589999976,-600.3588119844031,1151.0480970026613,-179.50476883948772,False,128.999,-11.697867449997934,-0.6790037832009415,-590.9736428486547,1145.6531158817536,11.717574999999991,266.6780300000002,4.5260717906325265,-2.473197094425645,9.38516913574847,-5.394981120907687
222612.0,1.245,1.7914,9.251,-0.0307,0.0074,9.8065,0.0538,-0.1742,0.0983,292.58,-80.6,127.75,52.824055,-1.645072,11.13,4,270.96,21 / 23,-16.391437185668938,1.7202513721389936,-1.846990899999755,-601.989580805718,1151.2238192368295,-179.6851281794877,False,129.099,-11.688713163440271,-0.28294900173643406,-592.1297388018535,1145.6414404139932,11.692205555557063,268.61334999988657,4.702724022228667,-2.0032003738754276,9.859842003864514,-5.58237882283629
222712.0,0.0988,1.7341,9.6221,-0.0297,-0.0034,9.8065,-0.0288,0.2037,-0.1674,290.47,-80.41,126.31,52.824055,-1.645072,11.13,4,270.96,21 / 23,-16.5617883315086,1.8551351327972216,-1.884000899999753,-603.6372420815768,1151.4025885620763,-179.87167776948766,False,129.19899999999998,-11.495392372419094,-0.24808887685682435,-593.2790468414303,1145.608304326559,11.498069444453055,268.76367999999417,5.066395959089505,-2.103224009654046,10.358195240146529,-5.7942842355173525
222812.0,1.3033,1.2328,10.2753,-0.0334,0.0041,9.8065,0.0338,-0.4223,0.2818,291.18,-80.49,126.4,52.824055,-1.645072,11.13,4,270.96,21 / 23,-16.707370954594094,1.9807908574200557,-1.8697958999997497,-605.3007000458823,1151.5943848615873,-180.05936760948768,False,129.299,-11.476172041441963,-0.3025618174094504,-594.4282876739417,1145.5749458478817,11.480161111111581,268.4897800000081,5.231198913152131,-2.283352674829506,10.87241237194064,-6.019439013705551
222912.0,-5.192,-0.7761,10.1492,-0.0063,-0.018,9.8066,-0.0386,-0.1194,0.0414,287.3,-80.28,126.6,52.824055,-1.645072,11.13,4,270.96,21 / 23,-16.81378213671787,1.8112048740913345,-1.829235899999752,-606.9767577004478,1151.783984648163,-180.24431919948765,False,129.399,-11.68127266023286,-0.19765579212551657,-595.5908355055838,1145.5746122630937,11.682949999996989,269.0305099999919,5.1325094764850085,-2.008860666216851,11.385922194864065,-6.209372385069173
223012.0,1.809,0.7537,10.6145,-0.0592,-0.0003,9.8064,-0.0504,-0.4999,0.2678,291.67,-80.41,126.49,52.824055,-1.645072,11.13,4,270.96,21 / 23,-16.887848980521525,1.6566955408943411,-1.7717158999997553,-608.6618392563097,1151.9573796689122,-180.4243667894876,False,129.499,-11.547073546139817,-0.23301295068220176,-596.7402107522407,1145.552595668091,11.549425000000026,268.84394000000003,5.340775434381708,-1.889708491576543,11.921628504068963,-6.40478400082111
223112.0,-5.6518,-1.7354,9.125,0.0324,0.0104,9.8065,0.0788,-0.6223,0.3577,292.06,-80.28,126.28,52.824055,-1.645072,11.13,4,270.96,21 / 23,-16.94719168390634,1.4684321452400206,-1.7654058999997557,-610.353591289531,1152.113636053219,-180.60122287948758,False,129.599,-11.585839100695866,-0.24741091564982265,-597.9027585837732,1145.5193483843404,11.588480555553199,268.7766600000038,5.361352583210474,-1.7158430608898434,12.450832705757762,-6.594287668878451
223212.0,-3.0155,0.4409,10.373,-0.0233,0.0213,9.8065,-0.0357,-0.1844,0.119,290.89,-80.53,126.83,52.824055,-1.645072,11.13,4,270.96,21 / 23,-17.0793247763548,1.048973861867759,-1.7711708999997553,-612.054917112544,1152.2395063535744,-180.77805171948754,False,129.69899999999998,-11.394829726629808,-0.06212318232009001,-599.0388268313386,1145.5190147995515,11.395013888897498,269.68778999995953,5.68449504972499,-1.1110970441878492,13.01609028120538,-6.7204915540228285
223312.0,-6.6944,1.5375,9.392,0.09,0.0333,9.8062,0.0366,-0.5676,0.4256,290.15,-80.69,128.3,52.824055,-1.645072,11.13,4,270.96,21 / 23,-17.373345443498994,0.6357198182964152,-1.7635858999997536,-613.7775506235371,1152.3237410375825,-180.95478955948755,False,129.799,-11.375943661565584,-0.2642365785241796,-600.1746262506126,1145.4859899070486,11.379030555555968,268.6693800000303,5.9974017819334104,-0.8999563968205948,13.602924372924463,-6.8377511305338885
223412.0,-4.4083,-1.0415,10.2205,0.0259,0.0125,9.8066,0.0711,-0.4763,0.158,291.66,-80.46,127.27,52.824055,-1.645072,11.13,4,270.96,21 / 23,-17.62591109541648,0.13161237442085694,-1.7636258999997536,-615.5275134504827,1152.3621076472184,-181.13115014948752,False,129.899,-11.401240795805128,-0.10254647564125352,-601.3104256698596,1145.485656322275,11.40171388888855,269.48465999998774,6.224670299611352,-0.23415885006211046,14.21708778062316,-6.876451324943446
223511.0,0.1536,2.0406,9.3791,-0.0015,-0.0008,9.8066,0.132,0.2206,-0.0882,292.34,-80.48,127.81,52.824055,-1.645072,11.13,4,270.96,22 / 22,-17.78074078485587,-0.036546542451615927,-1.7643040499997535,-617.280142718556,1152.366813405901,-181.30578268201248,False,129.998,-11.370956949226661,-0.13232590025380503,-602.4414533874327,1145.463862116428,11.371727777777789,269.33326000000005,6.409783835629208,-0.0957793578021891,14.838689331123305,-6.902951289473094
223612.0,-1.0121,0.5605,10.3848,0.0035,0.0028,9.8066,-0.116,0.0513,0.0108,293.92,-80.48,128.82,52.824055,-1.645072,11.13,4,270.96,22 / 22,-17.951835075526592,-0.016399361696695283,-1.7566987499997535,-619.0846377995053,1152.3641396377416,-181.48359332341246,False,130.099,-11.290571541061782,-0.07331266165041164,-603.5754382158455,1145.4634173367167,11.290811111115794,269.6279899999826,6.66126353446481,-0.056913299953716356,15.509199583659893,-6.900722301024871
223712.0,-3.3945,-0.4587,9.795,0.0084,0.0094,9.8066,0.0449,-0.2468,0.0836,293.21,-80.63,127.9,52.824055,-1.645072,11.13,4,270.96,22 / 22,-18.075526157436805,-0.20712239560540285,-1.7283737499997551,-620.8860058611534,1152.3529635498764,-181.65784694841244,False,130.19899999999998,-11.308971682271505,-0.2489363629172946,-604.6977962218805,1145.452409039216,11.311724999999035,268.7390100000396,6.7665544751653,-0.04181396731189174,16.18820963927294,-6.900554510660413
223812.0,-1.2927,0.324,8.8824,0.044,-0.024,9.8065,0.1155,0.0715,-0.1279,293.76,-80.6,128.43,52.824055,-1.645072,11.13,4,270.96,22 / 22,-18.193962721362578,-0.4156235948846674,-1.7751687499997657,-622.6994803050939,1152.321826250352,-181.83302407341245,False,130.299,-11.431494929671357,-0.08784753161703585,-605.8401147265802,1145.44128954609,11.431844444440909,269.55961999997555,6.76246779169122,0.32777606326763153,16.85936557851369,-6.8805367042618855
223912.0,1.6468,0.3343,9.6476,0.0531,-0.0017,9.8065,-0.0978,-0.1026,0.1332,294.79,-80.84,128.84,52.824055,-1.645072,11.13,4,270.96,22 / 22,-18.247108979112742,-0.37689985083325594,-1.8293337499997626,-624.5215338901176,1152.2822000780661,-182.0132491984124,False,130.399,-11.25510097403618,-0.2495961699272555,-606.962674353802,1145.4191617561564,11.257880555558154,268.72947000001244,6.992008005076562,0.12730368090600044,17.558859536315595,-6.863038321909698
224012.0,-2.6748,-0.4767,10.6522,0.0295,0.0258,9.8065,-0.1677,0.1545,-0.0457,288.87,-80.68,127.18,52.824055,-1.645072,11.13,4,270.96,22 / 22,-18.28042595545496,-0.42117608526296524,-1.7950087499997645,-626.3479106368459,1152.2422962812614,-182.19446632341237,False,130.499,-11.401523566668631,-0.14181978441153614,-608.0983393589559,1145.4079310688062,11.402411111111084,269.2872799999999,6.878902388786328,0.2793563008514291,18.249571277890027,-6.834365212455168
224112.0,-0.3273,0.7878,9.8947,-0.008,0.0253,9.8066,0.1084,0.2572,-0.2323,290.85,-80.65,125.79,52.824055,-1.645072,11.13,4,270.96,22 / 22,-18.376030130462524,-0.54958208753409,-1.748328749999767,-628.1807334411417,1152.1937583726215,-182.37163319841233,False,130.599,-11.299397044580523,-0.28356200624912437,-609.2274852785757,1145.3747949799797,11.302963888894773,268.5623800000426,7.076633085882001,0.2660200812849656,18.953248162565956,-6.818963392641763
224212.0,-0.4921,0.758,9.9225,-0.0155,0.015,9.8066,0.0777,-0.053,-0.0635,289.53,-80.41,125.11,52.824055,-1.645072,11.13,4,270.96,22 / 22,-18.494839855850884,-0.5540602705593524,-1.7381337499997676,-630.0242769404573,1152.1385762547168,-182.5459563234123,False,130.69899999999998,-11.377920288218393,-0.27088036418093164,-610.3632174907815,1145.3524448001895,11.381144444440928,268.6361799999964,7.1169195676324915,0.2831799063784207,19.661059449675804,-6.786131454527322
224312.0,-0.5675,0.9183,8.4217,-0.0041,0.0128,9.8065,-0.1069,0.1129,-0.1446,285.98,-80.17,123.43,52.824055,-1.645072,11.13,4,270.96,22 / 22,-18.623235009433124,-0.573281311764542,-1.801588749999782,-631.880180683722,1152.0822091756006,-182.7229424484123,False,130.799,-11.346079635858034,-0.2291648127160792,-611.4923634105096,1145.3302058139375,11.348394444445434,268.84291999999397,7.27715537357509,0.3441164990484628,20.387817273212363,-6.752003361663128
224412.0,-1.6819,-0.696,9.5373,0.0199,-0.0135,9.8066,-0.1305,0.0051,0.0497,285.18,-80.06,122.36,52.824055,-1.645072,11.13,4,270.96,22 / 22,-18.696336717411555,-0.6734916456098683,-1.8843037499997772,-633.7461592700641,1152.0198705277319,-182.9072370734123,False,130.899,-11.346538149451233,-0.32096104240730694,-612.6214421231577,1145.296958531571,11.35108055555551,268.3797000000069,7.349798567960322,0.35253060320256135,21.12471714690639,-6.722911996160974
224512.0,-2.1937,-0.892,9.2543,0.0043,-0.0162,9.8065,-0.0741,0.1011,-0.0608,284.38,-80.17,121.98,52.824055,-1.645072,11.13,4,270.96,23 / 24,-18.70158622358484,-0.8768462054177393,-1.9253887499997748,-635.6160554171139,1151.9423536351806,-183.09772169841224,False,130.999,-11.273151823747181,-0.24243713145299506,-613.7438673362597,1145.2856166492966,11.275761111111127,268.7680299999999,7.428434399837659,0.6344090739647442,21.872188080854244,-6.656736985883981
224612.0,0.1473,-0.657,10.2194,-0.0259,0.0169,9.8066,0.0028,0.1718,-0.1411,288.19,-80.21,121.63,52.824055,-1.645072,11.13,4,270.96,23 / 24,-18.68475350282329,-0.9923286597007904,-1.9323687499997744,-637.4853724034342,1151.8488948919246,-183.2906095734122,False,131.099,-11.331188191604538,-0.1706204054502128,-614.8795323413058,1145.2634888579705,11.332474999996649,269.1373099999787,7.353565311218754,0.8217082542505776,22.605840062128436,-6.5854060339540865
224712.0,-0.0637,-0.6152,10.0793,-0.0502,0.0142,9.8064,0.029,0.1133,-0.1356,283.95,-80.54,120.75,52.824055,-1.645072,11.13,4,270.96,23 / 24,-18.654812644409454,-1.0011157585834847,-1.8980987499997763,-639.3523507107957,1151.7492226710103,-183.4821329484122,False,131.19899999999998,-11.19796059007343,-0.1798942743216345,-615.995371261915,1145.2412498731053,11.19940555556149,269.0796200000027,7.456852054336023,0.8212214842618502,23.35697944888068,-6.50797279790504
224811.0,-0.5916,-0.1286,9.1889,-0.0289,-0.0026,9.8065,-0.1283,0.1966,-0.1006,287.37,-80.49,119.75,52.824055,-1.645072,11.13,4,270.96,23 / 24,-18.6610529269616,-1.0366692378572036,-1.9151811999997794,-641.1994860565788,1151.6483523136865,-183.6708903059372,False,131.298,-11.144568562149145,-0.18239967344239588,-617.0932658957996,1145.230130380679,11.146061111112669,269.0623400000005,7.516484364812454,0.8542695644148077,24.10622016077923,-6.418221933007544
224912.0,-2.5703,-0.6879,9.9332,0.0061,-0.0131,9.8066,-0.0232,-0.1875,0.1421,284.55,-80.6,119.66,52.824055,-1.645072,11.13,4,270.96,23 / 24,-18.695758426617118,-1.1965204171212789,-1.939986799999779,-643.0860050299345,1151.53557623611,-183.8655762899372,False,131.399,-11.060014532757881,-0.24703235270111495,-618.2132716545382,1145.1968830976266,11.06277500000122,268.72045000000503,7.635743893859237,0.949488064420164,24.872733375396365,-6.33869313848345
225012.0,0.1888,-0.3088,10.3494,-0.0169,0.0166,9.8066,-0.0911,-0.1076,0.1416,285.66,-80.81,119.23,52.824055,-1.645072,11.13,4,270.96,23 / 24,-18.71008934155658,-1.3202033063646363,-1.906521799999781,-644.9562974183431,1151.4097400499359,-184.05790171993715,False,131.499,-11.037132272584994,-0.2094155418836027,-619.3155347477776,1145.1745329171436,11.03911944444445,268.91301999999996,7.672957068971584,1.1107877644810336,25.640762670565437,-6.235207132792311
225112.0,-1.2277,0.4688,9.3908,0.0033,0.002,9.8066,0.0381,0.0214,0.0293,286.71,-80.93,119.47,52.824055,-1.645072,11.13,4,270.96,23 / 24,-18.765436939501047,-1.36228860239773,-1.9001767999997814,-646.8300737323958,1151.2756154544977,-184.24823664993713,False,131.599,-10.949154701253219,-0.19487738978314878,-620.4044236347404,1145.1522939322867,10.950888888894022,268.9803399999962,7.816282238247828,1.1674112126145813,26.42565009765542,-6.123321522210972
225213.0,-1.2274,-0.2292,9.8291,-0.0365,-0.0005,9.8065,0.0444,-0.0096,-0.0583,284.32,-81.0,120.34,52.824055,-1.645072,11.13,4,270.96,23 / 24,-18.84309460666073,-1.473073462848477,-1.920043499999781,-648.7293045754769,1151.1324296702028,-184.4411577750871,False,131.7,-10.922396896963884,-0.2848684565933776,-621.5107863590024,1145.118713065162,10.926111111112158,268.5060000000208,7.920697709696848,1.1882050062550993,27.218518216474536,-6.013716605040827
225312.0,-2.1334,0.9352,9.4863,0.0027,0.004,9.8066,-0.0479,0.0206,0.0291,278.95,-81.08,119.61,52.824055,-1.645072,11.13,4,270.96,23 / 24,-18.94188257454974,-1.629451790767744,-1.9347895499997836,-650.5996609459472,1150.9788546701488,-184.63197201106212,False,131.799,-10.892050879994374,-0.17016820681603426,-622.5819997876238,1145.107704766259,10.893386111112076,269.10494999998235,8.049831694555367,1.4592835839517098,28.01766115832345,-5.871149903889773
225412.0,-0.2198,0.2849,10.5065,0.0006,-0.0153,9.8066,-0.0035,-0.1165,0.1696,280.48,-81.19,119.49,52.824055,-1.645072,11.13,4,270.96,23 / 24,-19.053696070745897,-1.7344307729174733,-1.9158145499997845,-652.4994398782119,1150.8106605419646,-184.8245022160621,False,131.899,-10.892555862968294,-0.276912845338066,-623.6706870534789,1145.0855769763184,10.89608055555551,268.54373000000845,8.161140207777603,1.4575179275794072,28.828752824732987,-5.725083565646173
225512.0,-0.4293,-0.7388,8.7088,-0.0066,0.0008,9.8066,-0.0006,-0.1891,0.0042,279.6,-81.24,119.7,52.824055,-1.645072,11.13,4,270.96,22 / 22,-19.069874850083277,-1.7684505527026857,-1.9357145499997832,-654.4056184242532,1150.6355164756835,-185.01707867106205,False,131.999,-10.783089993779692,-0.2552626683869419,-624.746134527296,1145.0633379907665,10.786111111111133,268.64392999999995,8.286784856303585,1.5131878843157438,29.659483896957227,-5.5721784849170035
225612.0,-3.7772,-1.0417,9.9862,-0.0065,0.019,9.8065,-0.0887,0.1958,-0.1038,283.54,-81.38,119.43,52.824055,-1.645072,11.13,4,270.96,22 / 22,-19.063555677930033,-1.9891804007562712,-1.9816295499997805,-656.3122899506538,1150.4476349280105,-185.212945876062,False,132.099,-10.804422114948588,-0.22306354678384346,-625.8214475868633,1145.0410990052096,10.806724999998734,268.81725999999,8.259133562981445,1.7661168539724277,30.490842363790534,-5.406535922800913
225712.0,-0.473,1.1326,9.4166,0.0437,0.0238,9.8065,-0.0347,0.0493,0.0324,281.1,-81.38,119.05,52.824055,-1.645072,11.13,4,270.96,22 / 22,-19.150181012708565,-2.194458401773792,-1.9921545499997797,-658.2229767851857,1150.238452987884,-185.41163508106197,False,132.19899999999998,-10.751142428166325,-0.22962865008352076,-626.8901071469745,1145.0188600203514,10.753594444446813,268.7764300000019,8.39903858454224,1.9648297516902713,31.33286963821115,-5.219592967532662
225812.0,-2.8314,0.4744,9.5819,0.0188,0.0146,9.8066,-0.0733,0.1051,-0.0421,283.87,-81.51,118.87,52.824055,-1.645072,11.13,4,270.96,22 / 22,-19.300182098328584,-2.335592450047515,-2.0228945499997866,-660.145494940738,1150.011950445293,-185.612387536062,False,132.299,-10.7298671607014,-0.17714042098950064,-627.9653529995927,1145.007629333001,10.731330555556195,269.0541899999918,8.570314937627185,2.1584520290580143,32.18014194114528,-5.004321112292018
225912.0,-3.4425,-0.6012,10.1588,-0.0288,0.0066,9.8065,-0.0461,0.2311,-0.1044,282.24,-82.06,118.65,52.824055,-1.645072,11.13,4,270.96,22 / 22,-19.39715001465355,-2.6386787644671497,-2.016524549999787,-662.0803615463869,1149.7632368845673,-185.81435849106197,False,132.399,-10.75974285545217,-0.2018398172555395,-629.0406660592507,1144.9855015423739,10.76163611111066,268.92533000000196,8.63740715920138,2.4368389472116103,33.039695487136214,-4.7777353421934095
226013.0,-0.7435,2.0342,9.8308,-0.0177,-0.0148,9.8066,0.0206,-0.007,-0.0389,280.93,-82.02,117.97,52.824055,-1.645072,11.13,4,270.96,22 / 22,-19.54560985947484,-2.829963117151909,-1.9975213999997872,-664.0469709200304,1149.4870704695454,-186.01706781153695,False,132.5,-10.760957410043918,-0.1457526827525399,-630.1200115428796,1144.9741596600925,10.761944444444445,269.224,8.784652449430922,2.684210434399369,33.92695937715075,-4.512910809452933
226112.0,-2.7633,0.0831,10.2056,0.005,-0.0077,9.8066,0.031,-0.058,0.0253,284.71,-82.03,118.45,52.824055,-1.645072,11.13,4,270.96,22 / 22,-19.72272298945222,-2.975174570864528,-1.9765779499997893,-665.9907533960521,1149.1997161539887,-186.21378572936192,False,132.599,-10.717372342895443,-0.017567789722412352,-631.1845714718764,1144.9741596600925,10.717394444447043,269.9061099999602,9.005350646556776,2.9576067811421156,34.80618192417569,-4.2255564938961925
226211.0,-1.2159,0.2592,9.8284,0.0169,0.0027,9.8065,0.0,0.0224,0.0254,283.98,-81.91,119.01,52.824055,-1.645072,11.13,4,270.96,22 / 22,-19.820905442623804,-3.15778002461076,-1.9557532999997855,-667.9481630034403,1148.8961349015126,-186.40843612623692,False,132.698,-10.644105179734694,-0.09480356861824955,-632.2359588159652,1144.9632625568229,10.644533333336573,269.48964000001894,9.17680026288911,3.0629764559925103,35.712204187475095,-3.932872344689713
226312.0,-3.0368,-0.4054,10.1758,0.0063,-0.0101,9.8066,-0.0102,0.0216,-0.012,280.87,-81.95,119.87,52.824055,-1.645072,11.13,4,270.96,22 / 22,-19.89049790383754,-3.365748338724764,-1.9360128499997855,-669.9535888724366,1148.5666967191642,-186.6049703168119,False,132.799,-10.694403710201708,0.03821267104811088,-633.3084491788629,1144.9740484651609,10.69448055555404,270.20468999997865,9.196094193635833,3.403961009772875,36.6451396935737,-3.5926482540032794
226412.0,-1.1348,1.402,9.4886,-0.0167,-0.0001,9.8066,0.0774,-0.225,0.0922,280.89,-81.93,119.25,52.824055,-1.645072,11.13,4,270.96,22 / 22,-20.01177348969876,-3.5591565515834125,-1.9334578499997856,-671.9487024421134,1148.2204514746488,-186.79844385181187,False,132.899,-10.66586567830141,-0.10575765708331968,-634.3769743248289,1144.963151361891,10.666400000000426,269.43188000001163,9.345907811397351,3.4533988945000926,37.571728117284465,-3.2573001127577754
226512.0,-0.9855,0.6492,9.4235,0.0126,-0.015,9.8066,0.0344,-0.2067,0.0437,281.72,-81.87,119.65,52.824047,-1.646565,10.02,6,271.32,22 / 22,-20.166097021394958,-3.641036144679212,-1.9685178499997835,-673.9575959676679,1147.8604418398356,-186.99354263681184,False,132.999,-10.606623313719803,0.0405277556054683,-635.4389131783287,1144.9630401669597,10.606711111111123,270.2189699999999,9.559473707675155,3.6815639002846803,38.51868278933921,-2.897401672875958
226612.0,-0.9734,1.196,10.2965,0.025,0.0046,9.8066,-0.0361,0.0007,0.0054,281.69,-81.68,120.07,52.824047,-1.646565,10.02,6,271.32,22 / 22,-20.309268720812902,-3.7157549316184,-1.9631828499997837,-675.9813642547782,1147.4926022860209,-187.1901276718118,False,133.099,-10.614868789860447,-0.02910941832243045,-636.4941313251269,1144.952031869459,10.614911111110597,269.8428800000224,9.694399930952455,3.6866455132959697,39.48723292965133,-2.540570416561877
226712.0,-3.0312,0.5292,9.1519,0.0159,0.0056,9.8065,-0.0698,-0.0821,0.0787,279.26,-81.69,119.95,52.824047,-1.646565,10.02,6,271.32,22 / 22,-20.4611896023925,-3.8948551329514047,-1.971427849999783,-678.0198871709383,1147.1120717827923,-187.38685820681178,False,133.19899999999998,-10.632115671968899,0.1261021787213483,-637.5559357644798,1144.9739372702359,10.632874999999206,270.67950999996265,9.829073930423602,4.020957311672753,40.46395140645848,-2.138134512556462
226812.0,-1.0063,0.8958,9.771,-0.0295,0.018,9.8066,-0.0124,-0.2148,0.1263,287.23,-81.89,119.07,52.824047,-1.646565,10.02,6,271.32,22 / 22,-20.602176957633656,-4.0716160001417325,-2.005947849999791,-680.0730554989401,1146.7137482261376,-187.5857269918118,False,133.299,-10.603963229288713,0.16710320395832912,-638.6111539113414,1144.9851679575934,10.605280555556373,270.9028299999936,9.998213728344943,4.238719204100062,41.46190158759873,-1.7285802685441922
226912.0,-2.4704,-1.519,11.0966,0.0012,0.0288,9.8065,0.1302,-0.0803,0.0011,285.9,-81.99,118.34,52.824047,-1.646565,10.02,6,271.32,22 / 22,-20.65328335203948,-4.240744967406446,-1.9432328499997944,-682.1358285144237,1146.2981301777602,-187.7831860268118,False,133.399,-10.682151403289298,0.35455358690306626,-639.6796118502541,1145.0293123432225,10.688049999998768,271.9009399999852,9.971131948750182,4.595298554309512,42.456216664169574,-1.2688178345376855
227011.0,0.9962,1.4279,11.0032,-0.0388,0.0015,9.8065,-0.034,-0.2905,0.1086,286.42,-81.97,118.4,52.824047,-1.646565,10.02,6,271.32,22 / 22,-20.70066873407289,-4.306688252935375,-1.8201510999998074,-684.182849142686,1145.8750322333533,-187.96947353233676,False,133.498,-10.626420658284125,0.19215657327480953,-640.7309319872634,1145.0406542255043,10.628183333333357,271.0358600000003,10.074248075788766,4.498844826210185,43.45191715542262,-0.8343780078489544
227112.0,-0.8822,-0.2179,9.8106,0.0493,0.0091,9.8065,0.0215,-0.4723,0.3044,283.35,-82.21,117.98,52.824047,-1.646565,10.02,6,271.32,22 / 22,-20.78828183685274,-4.279591142194252,-1.7595258499998079,-686.2780411465177,1145.4414251238993,-188.15024721831173,False,133.599,-10.681714679825859,0.3142825152656981,-641.8100758496429,1145.073901509255,10.68634444444098,271.6852599999611,10.10656715702688,4.59387365745995,44.46796529687481,-0.36752361464436945
227212.0,0.5108,-0.1794,10.0223,0.0245,-0.0156,9.8065,0.0279,-0.1262,0.0458,278.19,-82.03,117.91,52.824047,-1.646565,10.02,6,271.32,22 / 22,-20.808310236358857,-4.299083868115072,-1.7485458499998083,-688.3578707501781,1145.012491373384,-188.3256508033117,False,133.69899999999998,-10.715913143608043,0.3812342513102872,-642.8786682026747,1145.1072599865463,10.722694444442856,272.03750999998465,10.092397092750813,4.680318119425359,45.479202547503405,0.09476861316238683
227312.0,-1.8973,-0.1375,9.1843,0.014,0.0063,9.8066,-0.0149,-0.3905,0.2275,276.28,-82.03,117.08,52.824047,-1.646565,10.02,6,271.32,22 / 22,-20.832383333736995,-4.370226759441076,-1.768880849999813,-690.4399054286833,1144.579025842006,-188.5015221383117,False,133.799,-10.674526853942465,0.32022001670472083,-643.9472605557338,1145.1406184652235,10.679330555556845,271.7182600000095,10.15785647979453,4.690446776145797,46.49264487294954,0.5615926232173933
227412.0,-4.8082,-1.3089,9.3189,-0.0003,0.0251,9.8065,0.0016,-0.4067,0.1566,281.92,-82.41,117.13,52.824047,-1.646565,10.02,6,271.32,22 / 22,-20.85454535996687,-4.713040257683707,-1.8243858499998098,-692.5242518633685,1144.12486249115,-188.68118547331167,False,133.899,-10.67006199527705,0.4601521247170316,-645.0091994092073,1145.1959935382172,10.679988888888872,272.46937999998886,10.18448336468982,5.173192382400738,47.51505245416115,1.0711310470671833
227512.0,-1.91,-1.4063,9.4573,-0.0024,0.019,9.8066,-0.0559,-0.1564,-0.0093,281.07,-82.57,114.67,52.824047,-1.646565,10.02,6,271.32,22 / 22,-20.822463540855395,-5.066649272945346,-1.8662408499998073,-694.6081023084095,1143.6358780146186,-188.86571680831165,False,133.999,-10.644368128776309,0.29159715796873126,-646.0710710556406,1145.218566108549,10.648375000000005,271.56917000000016,10.178095412079086,5.358246430914077,48.537031252768884,1.5826880939305283
227612.0,-5.1437,1.8227,10.5516,0.0381,0.0181,9.8065,-0.0458,0.3106,-0.1697,280.79,-82.64,113.39,52.824047,-1.646565,10.02,6,271.32,22 / 22,-20.942453628730156,-5.407416601426952,-1.8464608499998083,-696.6963481668886,1143.1121747209,-189.05135189331162,False,134.099,-10.632337578932567,0.37580543393252,-647.1329427019976,1145.2518133916067,10.638980555556083,272.0243099999729,10.310116049797589,5.783222035359472,49.563405464890934,2.139638670706745
227712.0,1.679,-0.8776,9.1305,0.0062,0.0059,9.8066,-0.1256,0.103,-0.1035,277.38,-82.6,111.07,52.824047,-1.646565,10.02,6,271.32,22 / 22,-21.05884761739427,-5.564405188734165,-1.8430208499998084,-698.7964132291947,1142.5635836313918,-189.2358259783116,False,134.19899999999998,-10.63864808293256,0.26337844824366524,-648.194814348404,1145.2741635720902,10.641913888888755,271.41817000002715,10.42019953446171,5.827783636977831,50.60159888079079,2.7105799406983806
227812.0,-1.8354,-1.6126,9.4714,0.0215,0.0332,9.8065,-0.1142,0.2987,-0.175,275.61,-82.62,108.43,52.824047,-1.646565,10.02,6,271.32,22 / 22,-20.966318399140057,-5.586523165113189,-1.89359084999982,-700.897671530022,1142.0060372136993,-189.42265656331162,False,134.299,-10.589845095315457,0.34508255362189544,-649.2500324952654,1145.3074108551498,10.595469444445815,271.86640999998656,10.3764733038246,5.931605718735084,51.647639034756594,3.301373641450482
227912.0,3.0064,0.3023,9.8236,-0.0396,0.0266,9.8065,-0.0811,0.2892,-0.2014,273.14,-83.03,105.37,52.824047,-1.646565,10.02,6,271.32,22 / 22,-20.934901687715296,-5.536558885205775,-1.909505849999819,-702.9927325343646,1141.4498831111835,-189.61281139831158,False,134.399,-10.561555462838824,0.34610748887943776,-650.298529935501,1145.351777630635,10.56722500000041,271.87693999999993,10.373346224876473,5.882666374085213,52.69420259886351,3.9018945194516164
228012.0,-3.7834,-0.5697,10.1845,0.0335,0.019,9.8065,-0.0348,0.4174,-0.3269,271.44,-82.98,103.79,52.824047,-1.646565,10.02,6,271.32,22 / 22,-20.950954197107073,-5.57840785091942,-1.88976584999982,-705.0870253286056,1140.8941347743773,-189.80277498331154,False,134.499,-10.460577521455125,0.271179228090322,-651.3403066691378,1145.3742390053424,10.464094444444465,271.48496000000006,10.490376675651948,5.8495870790097415,53.746718659467774,4.480104230965026
228112.0,0.2944,1.8729,10.2565,-0.0264,-0.025,9.8065,0.0212,0.3666,-0.2169,266.47,-83.26,104.81,52.824047,-1.646565,10.02,6,271.32,22 / 22,-21.054267747010783,-5.764158680691867,-1.8483808499998222,-707.1872864258114,1140.3270064477967,-189.9896823183115,False,134.599,-10.40334973804219,0.33067386053682835,-652.3820161956069,1145.407486289093,10.408605555558731,271.8205699999802,10.650918008968594,6.094832541228696,54.80527023020454,5.08047984129621
228212.0,-4.0941,-4.8075,9.3393,0.0455,-0.007,9.8065,0.0054,0.3235,-0.2845,270.4,-82.98,106.11,52.824047,-1.646565,10.02,6,271.32,22 / 22,-20.94232953026993,-5.966759596291127,-1.8492558499998222,-709.2871162896753,1139.7404605339477,-190.17456415331148,False,134.69899999999998,-10.344811690538876,0.31083008835940074,-653.4104187230587,1145.4408447663843,10.349480555558156,271.7210400000046,10.597517839731054,6.277589684650528,55.8766975666166,5.7003842324365905
228313.0,-1.1854,-0.0939,9.5403,-0.0285,-0.0051,9.8065,-0.0087,0.4508,-0.168,268.25,-82.92,107.85,52.824047,-1.646565,10.02,6,271.32,22 / 22,-20.72747710517428,-6.239581422117291,-1.8863076999998218,-711.3914415247652,1139.1240403125182,-190.36321011258647,False,134.79999999999998,-10.279540245012004,0.3902285923686988,-654.4489695174849,1145.4856563222736,10.286944444446258,272.17399999998673,10.447936860162276,6.629810014485989,56.942472007280344,6.36161600975538
228412.0,2.4585,-1.1704,9.2185,-0.0016,-0.0173,9.8066,-0.0556,-0.008,-0.1307,268.44,-83.04,108.74,52.824047,-1.646565,10.02,6,271.32,22 / 22,-20.698751795956245,-6.180012850852555,-1.9286054499998295,-713.4420398553716,1138.509270396006,-190.55204831351148,False,134.899,-10.269062338041673,0.24916478800404887,-655.4603014501128,1145.5076729172772,10.272094444444663,271.3899200000116,10.429689457914572,6.429177638856604,57.98173840525885,6.998402521271146
228512.0,1.3412,-1.9349,9.1762,-0.0314,-0.0343,9.8065,-0.0674,0.3637,-0.189,272.11,-83.11,109.17,52.824047,-1.646565,10.02,6,271.32,21 / 22,-20.57723068265437,-5.996186748682867,-1.989535449999826,-715.505838979302,1137.9004604160293,-190.74795535851146,False,134.999,-10.16745939768134,0.33389822800819413,-656.4751953572346,1145.5409202010303,10.172944444444463,271.8809599999999,10.409771284973031,6.330084976691061,59.03064362206737,7.640459785000985
228613.0,-0.7109,0.8962,9.5282,-0.0043,-0.0201,9.8065,0.0474,0.0699,0.005,267.13,-83.0,109.6,52.824047,-1.646565,10.02,6,271.32,21 / 22,-20.553537744336865,-5.974737426374399,-2.0354348999998253,-717.582942784865,1137.295928745189,-190.95121636118645,False,135.1,-10.074230524787945,0.37239839970833627,-657.4867289109802,1145.5746122630917,10.081111111116403,272.11699999998655,10.47930721954892,6.347135826082735,60.096213873884835,8.278683517902664
228712.0,0.8192,1.001,9.4187,-0.0507,-0.0511,9.8063,-0.0336,0.2835,-0.2942,273.01,-82.94,112.1,52.824047,-1.646565,10.02,6,271.32,21 / 22,-20.675844442190513,-5.9731784985373535,-2.068421699999822,-719.623797203098,1136.7045069069059,-191.1543572628864,False,135.19899999999998,-10.061491771800261,0.33554839571613754,-658.4781003449166,1145.6186454544973,10.067086111111733,271.9100900000092,10.614352670390252,6.308726894253491,61.145696858181395,8.914138547591392
228812.0,-1.7787,-1.4988,9.7773,0.0046,-0.0074,9.8066,0.0379,-0.1048,0.0379,276.21,-82.67,112.56,52.824047,-1.646565,10.02,6,271.32,21 / 22,-20.69179392958803,-6.027776283803702,-2.0892866999998265,-721.6921791216873,1136.1044591677887,-191.36224268288643,False,135.299,-9.876126098310401,0.33686254279296124,-659.4595251330712,1145.6521151274133,9.881869444449901,271.95353999999867,10.81566783127763,6.3646388265966625,62.23265398861611,9.547655959624535
228912.0,-2.4061,-2.0968,9.3233,-0.0149,-0.0025,9.8066,-0.0376,0.0442,-0.0669,279.56,-82.6,113.59,52.824047,-1.646565,10.02,6,271.32,21 / 22,-20.576546413659134,-6.260063978895324,-2.114921699999825,-723.7555961388496,1135.4900671546538,-191.5724531028864,False,135.399,-9.813683640290243,0.45964452173575615,-660.4407483000261,1145.7074902003997,9.824450000000823,272.68164999998925,10.76286277336889,6.7197085006310795,63.314847838823425,10.217423045745818
229012.0,-1.1293,-3.3342,9.3585,-0.0344,0.0095,9.8065,-0.0286,-0.1184,0.1094,282.57,-82.74,113.46,52.824047,-1.646565,10.02,6,271.32,21 / 22,-20.375689728171658,-6.485392754247677,-2.161496699999822,-725.803207945941,1134.8527943179968,-191.78627402288637,False,135.499,-9.7877123328978,0.4730839675995502,-661.421971466981,1145.7520793664344,9.799138888888894,272.76721,10.587977395273857,6.9584767218472265,64.38123647896009,10.899285048437605
229112.0,-1.8306,1.2137,9.9814,-0.0174,0.0312,9.8065,0.0098,-0.0988,-0.0933,280.45,-82.83,111.98,52.824047,-1.646565,10.02,6,271.32,21 / 22,-20.334505023234605,-6.653423956794325,-2.175166699999821,-727.8387176835113,1134.1958534824448,-192.00310719288635,False,135.599,-9.735021519439353,0.6134141225629114,-662.3898876347212,1145.8185739325495,9.754338888891487,273.6055399999512,10.599483503795252,7.266838079357236,65.44883004879011,11.62272045010468
229212.0,-1.2896,-1.2764,9.1425,0.0118,0.0315,9.8065,0.0238,-0.0108,-0.0012,278.0,-82.81,110.16,52.824047,-1.646565,10.02,6,271.32,21 / 22,-20.389587050646192,-6.804112720823201,-2.19963669999982,-729.8749222872052,1133.522976648564,-192.2218473628863,False,135.69899999999998,-9.585328619924317,0.4867888232172138,-663.3443623893198,1145.8632742935165,9.597688888895824,272.90714000003135,10.804258430721875,7.290901544040415,66.53055989788538,12.340297644952443
229312.0,-1.7179,1.6233,9.7313,-0.0014,0.017,9.8066,-0.0457,-0.0533,-0.0494,280.65,-83.23,107.9,52.824047,-1.646565,10.02,6,271.32,21 / 22,-20.46402704678267,-6.945154314943139,-2.2366116999998282,-731.9176029920771,1132.8355132967756,-192.44365978288633,False,135.799,-9.634158908709427,0.8094985181315747,-664.3053562293189,1145.9517854546375,9.668161111108986,274.80277999994394,10.829868138073245,7.754652833074713,67.61224676275822,13.116272157861886
229412.0,-1.9505,-2.1936,9.5499,0.0316,-0.0015,9.8066,-0.0198,0.1917,-0.0597,278.33,-83.2,107.01,52.824047,-1.646565,10.02,6,271.32,21 / 22,-20.498296785592625,-7.125752154766963,-2.253216699999827,-733.9657191836958,1132.13196797329,-192.6681512028863,False,135.899,-9.604849953230802,0.527916777536875,-665.2597637768516,1145.9967082047528,9.619388888889622,273.14593000002486,10.893446832361823,7.653668932303838,68.70595540684417,13.864740231462747
229512.0,0.0036,-1.3073,9.0505,-0.0279,-0.006,9.8065,0.0201,0.0916,-0.1207,272.48,-83.19,108.17,52.824047,-1.646565,10.02,6,271.32,21 / 23,-20.3715794674617,-7.24193737246109,-2.3038616999998243,-736.0092129963484,1131.4135834969288,-192.89600512288627,False,135.999,-9.52368701640861,0.7803436200540383,-666.2141041173049,1146.0852193665683,9.555638888888902,274.6842899999997,10.84789245105309,8.022280992515128,69.79510887904348,14.671635869639431
229612.0,-0.2507,-3.9307,10.0971,-0.0068,0.0271,9.8065,-0.0531,0.1145,-0.0531,266.9,-83.39,107.83,52.824047,-1.646565,10.02,6,271.32,21 / 23,-20.142056174622716,-7.250904718351197,-2.327146699999823,-738.0348947784526,1130.6889413923882,-193.12755554288623,False,136.099,-9.516519705751957,0.9301007865075137,-667.1617909581437,1146.18518360629,9.561874999999599,275.58208999994855,10.62553646887076,8.18100550485871,70.87310382030887,15.496242213901724
229712.0,-2.217,0.5516,9.95,-0.0246,0.0149,9.8066,-0.0202,-0.0063,0.0616,262.07,-83.72,105.26,52.824047,-1.646565,10.02,6,271.32,21 / 23,-19.98934024033601,-7.373770198561908,-2.3054566999998243,-740.0414645992004,1129.9577076465425,-193.3591857128862,False,136.19899999999998,-9.491864925560872,0.9202399763155444,-668.1094105919708,1146.263242444548,9.53636944444558,275.5375400000024,10.497475314775137,8.294010174877453,71.93205400722957,16.30553479800551
229812.0,-0.032,-2.4025,9.7103,-0.0039,-0.0265,9.8065,0.0955,-0.0341,-0.0138,264.95,-83.87,106.5,52.824047,-1.646565,10.02,6,271.32,21 / 23,-19.913638129476634,-7.486318340698554,-2.3031066999998235,-742.0366135176914,1129.2147032195794,-193.58961388288623,False,136.299,-9.511217540757047,1.0559241861159296,-669.057030225812,1146.3851120843462,9.56966111111012,276.3349399999765,10.402420588719588,8.542242526814483,72.97958329187941,17.17040886476684
229912.0,0.2362,-1.7481,9.5981,0.0128,-0.0096,9.8066,-0.0453,-0.1717,0.0941,270.65,-83.8,108.16,52.824047,-1.646565,10.02,6,271.32,21 / 23,-19.738853189854012,-7.47202717391376,-2.3183516999998224,-744.0192380836578,1128.466785943849,-193.8206868028862,False,136.399,-9.563229732534914,0.8789041392522866,-670.0113033591854,1146.4633933117527,9.603549999999501,275.2510300000162,10.175623457319098,8.350931313166047,74.00793472447242,17.996607367903835
230012.0,-1.857,0.9738,9.1088,-0.007,0.0234,9.8066,0.0856,0.0186,0.0486,269.79,-84.05,107.05,52.824047,-1.646565,10.02,6,271.32,21 / 23,-19.732460284043782,-7.5583698271152135,-2.3636716999998195,-745.9928037573526,1127.7152660937975,-194.05478797288617,False,136.499,-9.507287706911745,0.8664576724531942,-670.9589902000791,1146.5522380583413,9.5466888888889,275.20733,10.225172577132037,8.424827499568408,75.03381355727345,18.836971964543864
230112.0,-1.5977,-0.5308,10.0709,-0.028,-0.0101,9.8065,-0.0037,-0.0837,-0.0431,271.82,-84.13,108.36,52.824047,-1.646565,10.02,6,271.32,21 / 23,-19.78964749586528,-7.735882264016439,-2.385351699999818,-747.968909146348,1126.950553489241,-194.29223914288613,False,136.599,-9.58043326817092,1.0786530227091387,-671.9199168329693,1146.663210595564,9.640986111105578,276.42370999992903,10.209214227694362,8.814535286725578,76.04899231337868,19.712657106322922
230212.0,-3.0801,-0.8862,9.2315,-0.0017,0.0027,9.8066,-0.0395,-0.0354,-0.0617,272.51,-84.42,108.19,52.824047,-1.646565,10.02,6,271.32,21 / 23,-19.76104775461574,-7.975384831401209,-2.400896699999817,-749.946443908872,1126.1649901344701,-194.5315515628861,False,136.69899999999998,-9.573631352309512,1.0591782680285964,-672.8676708809164,1146.7633972244485,9.632044444444883,276.31324000000546,10.187416402306226,9.034563099429805,77.07877302795555,20.59840708997831
230312.0,-2.9945,-1.9273,9.0437,0.0223,-0.0165,9.8065,-0.1367,-0.1638,0.1651,274.05,-84.69,108.94,52.824047,-1.646565,10.02,6,271.32,21 / 23,-19.670937875029242,-8.289715673545968,-2.4678016999998325,-751.9180431903546,1125.3517351092225,-194.77498648288613,False,136.799,-9.630166599546952,0.9568745511600787,-673.8285975138751,1146.863472657701,9.677594444443098,275.6744400000188,10.04077127548229,9.246590224706047,78.0894456764795,21.51173754847855
230412.0,-3.5812,-2.2446,9.9698,-0.0033,0.0178,9.8066,-0.0632,0.1329,-0.096,267.11,-84.93,107.21,52.824047,-1.646565,10.02,6,271.32,21 / 23,-19.497030082839103,-8.622965834164237,-2.497791699999831,-753.876441588248,1124.506101033837,-195.0232661528861,False,136.899,-9.745990889135175,1.1824253261287976,-674.8029655600718,1146.9855646873493,9.817480555553487,276.91737999998145,9.751039193703928,9.805391160293034,79.07347602817617,22.479463653512312
230512.0,-1.263,-1.4342,9.5304,-0.0265,0.0225,9.8065,0.0535,0.0824,-0.1554,273.51,-84.97,107.59,52.824047,-1.646565,10.02,6,271.32,20 / 22,-19.340952915707273,-8.867636180087825,-2.5034466999998304,-755.8183407381752,1123.6315709331245,-195.27332807288607,False,136.999,-9.70908717559406,1.1879185524770615,-675.7708145208157,1147.107879107561,9.781488888888898,276.97553999999997,9.631865740113213,10.055554732564886,80.0475262173594,23.476308174436554
230612.0,-2.218,-2.4337,9.1711,0.007,0.0021,9.8066,-0.0187,-0.0284,-0.0476,273.17,-84.87,107.14,52.824047,-1.646565,10.02,6,271.32,20 / 22,-19.190845659716313,-9.054859032861788,-2.549036699999828,-757.7449306669462,1122.7354461724772,-195.52595224288604,False,137.099,-9.746854334429235,1.3682376085642605,-676.7452497740215,1147.2412018245714,9.842436111107537,277.9907499999408,9.443991325287078,10.42309664142605,80.99968089292463,24.505755652094194
230712.0,-1.1255,-1.0203,10.0237,-0.0252,0.0059,9.8065,-0.0944,0.0021,0.0137,270.68,-85.05,105.3,52.824047,-1.646565,10.02,6,271.32,20 / 22,-19.058028629702676,-9.232349212557427,-2.5699616999998267,-759.6573743814171,1121.8210857602062,-195.781902162886,False,137.19899999999998,-9.805410331804813,1.4237066488651084,-677.7264057338961,1147.3856440340091,9.90823055555266,278.26136999998846,9.252618297897863,10.656055861422535,81.93096864752101,25.56455827380296
230812.0,-2.6725,0.9057,9.7622,-0.0108,0.0011,9.8066,-0.0033,-0.0643,0.0437,262.4,-85.43,102.55,52.824047,-1.646565,10.02,6,271.32,20 / 22,-19.06727397707862,-9.433878665791022,-2.561331699999825,-761.5636395117566,1120.8877743662886,-196.03846683288606,False,137.299,-9.840772179136573,1.390948422848687,-678.7076289008643,1147.519189140871,9.938588888888013,278.0452100000065,9.226501797942047,10.82482708863971,82.85601061089233,26.63141477458248
230912.0,-0.8984,-1.2719,9.9864,-0.0431,-0.0136,9.8065,-0.0056,0.0152,0.0058,265.33,-85.98,104.07,52.824047,-1.646565,10.02,6,271.32,20 / 22,-19.059569873885348,-9.619646643176331,-2.554566699999825,-763.4699817043047,1119.9350981008402,-196.29426175288603,False,137.399,-9.901426003508853,1.4859738809518925,-679.6955055673386,1147.6746396478104,10.0123138888878,278.53502999999273,9.158143870376495,11.105620524128224,83.77447613696609,27.73954154697026
231012.0,-1.5885,-0.033,9.6722,-0.06,0.0045,9.8064,-0.04,-0.1843,0.071,261.31,-86.26,103.95,52.824047,-1.646565,10.02,6,271.32,20 / 22,-19.010935821208065,-9.745541017645996,-2.552301699999825,-765.3735069890593,1118.9668387177992,-196.549605172886,False,137.499,-9.88639324226319,1.6235774185876821,-680.6834494409185,1147.8413208435006,10.018830555555555,279.32605999999987,9.124542578944874,11.369118436233679,84.69005754814077,28.874482125701434
231112.0,-1.2402,-2.3719,10.3864,-0.0217,0.0188,9.8065,-0.0011,-0.2804,0.0976,260.23,-86.48,102.08,52.824047,-1.646565,10.02,6,271.32,20 / 22,-18.90157394678007,-9.874250935976415,-2.5300366999998265,-767.2691324774586,1117.985849120118,-196.80372209288598,False,137.599,-9.917626146414335,1.7020103654970837,-681.6713933144146,1148.0081132327168,10.062613888886338,279.73791999997644,8.983947800365733,11.576261301473497,85.59773916304403,30.022264112598805
231212.0,-1.6156,0.2388,10.3142,0.0083,0.0075,9.8066,0.0743,-0.0367,-0.0558,262.36,-86.7,98.58,52.824047,-1.646565,10.02,6,271.32,20 / 22,-18.80701903571952,-10.006055509428338,-2.4756716999998294,-769.1545621265834,1116.991833797848,-197.05400751288593,False,137.69899999999998,-10.051900788851166,1.7923867599448144,-682.6792976866572,1148.185913920832,10.210455555549013,280.1102799999837,8.755118246868355,11.798442269373153,86.47526443992626,31.194080122984133
231312.0,-2.325,-0.211,9.2271,0.0215,-0.0058,9.8066,-0.0863,-0.1332,0.076,256.37,-86.81,96.99,52.824047,-1.646565,10.02,6,271.32,20 / 22,-18.801850220708825,-10.208416068017724,-2.4792716999998303,-771.0350055894053,1115.9811102189753,-197.30175468288598,False,137.799,-10.11782319364987,1.7107921545186846,-683.6874036800875,1148.3528175056854,10.261444444442986,279.5972200000152,8.684027027058955,11.919208222536408,87.34760190931775,32.371707286710034
231412.0,-2.7051,-1.2163,9.9627,-0.0257,0.0116,9.8065,-0.0884,-0.1309,-0.0165,256.79,-86.9,95.21,52.824047,-1.646565,10.02,6,271.32,20 / 22,-18.70498094802221,-10.448433635854432,-2.500446699999829,-772.9103471478417,1114.948267733782,-197.55074060288595,False,137.899,-10.119747464391603,1.8563921750064307,-684.6955096735174,1148.5526347895104,10.288619444444048,280.3948899999881,8.585233483630608,12.304825810860862,88.21483747432421,33.60436705572852
231512.0,-1.5985,-0.0794,9.4153,-0.0082,-0.0018,9.8066,0.0445,-0.2057,0.0684,255.22,-87.0,93.05,52.824047,-1.646565,10.02,6,271.32,20 / 20,-18.621408677933278,-10.654537262655175,-2.512211699999828,-774.7766666291393,1113.8931191888564,-197.8013735228859,False,137.999,-10.132841986641186,1.8854413159979497,-685.710269166533,1148.7417773585216,10.306763888888884,280.54061,8.488566691292093,12.539978578653125,89.06639746260635,34.848658169665214
231612.0,-1.876,-0.9879,9.955,-0.0063,-0.0012,9.8066,0.0142,0.039,-0.1193,246.83,-86.84,87.56,52.824047,-1.646565,10.02,6,271.32,20 / 20,-18.544393902008174,-10.812249229132776,-2.5243616999998273,-776.6349567581362,1112.819779864267,-198.0532021928859,False,138.099,-10.286944764570036,2.0290133864879256,-686.7384028656197,1148.9418170321746,10.485144444434054,281.1577799999641,8.257449137438138,12.841262615620701,89.89655389251652,36.12203716790759
231713.0,-1.2766,0.6946,9.1923,-0.0286,-0.0146,9.8065,-0.0901,0.0626,-0.0837,248.68,-87.04,87.5,52.824047,-1.646565,10.02,6,271.32,20 / 20,-18.49949869715247,-10.96903691668865,-2.547894699999827,-778.5056733343938,1111.719824913903,-198.30935114108587,False,138.2,-10.241027692471071,1.8895590999569145,-687.7635122468348,1149.1328499163415,10.413888888892087,280.4540000000311,8.2584710046814,12.858596016645564,90.742161087559,37.41302500243842
231812.0,-2.354,-0.9385,9.7826,0.0282,0.0035,9.8065,-0.0465,0.0343,-0.0992,250.11,-86.62,88.81,52.824047,-1.646565,10.02,6,271.32,20 / 20,-18.454112377680275,-11.149536222822869,-2.5794954999998327,-780.3348770825984,1110.624955543497,-198.5631569559859,False,138.299,-10.333128429144509,1.93130477718447,-688.7881511785533,1149.319990978767,10.512063888885994,280.58665999999613,8.120983948535766,13.08084100000734,91.54672590404505,38.69503543527003
231911.0,-0.6431,-0.4831,9.6199,0.0071,0.0079,9.8066,-0.0404,-0.0171,-0.12,247.89,-86.51,87.18,52.824047,-1.646565,10.02,6,271.32,20 / 20,-18.365425015437296,-11.279356547652515,-2.5899300999998314,-782.1574441835575,1109.5147253513585,-198.81904352318585,False,138.398,-10.418533984331868,2.016404966415331,-689.8193764027785,1149.518029142383,10.611872222220722,280.95353999999446,7.946891031105428,13.295761514067847,92.33806778077894,40.003303791024564
232012.0,-2.9245,-0.0961,9.7638,0.0066,0.0235,9.8066,0.0102,-0.0235,-0.0507,234.79,-86.3,82.11,52.824047,-1.646565,10.02,6,271.32,20 / 20,-18.268289727547717,-11.43765395745584,-2.601524899999831,-784.0074467780781,1108.3675163208504,-199.08121200068584,False,138.499,-10.483713162076564,2.0704854732453066,-690.8781565241471,1149.7311898164546,10.686213888888874,281.17187,7.784576565471154,13.508139430701146,93.129290253931,41.36367349560419
232112.0,-1.6124,-0.794,9.8881,0.0037,0.0143,9.8066,-0.0547,-0.0488,-0.0625,241.31,-86.22,81.3,52.824047,-1.646565,10.02,6,271.32,20 / 20,-18.132040675563502,-11.62694308383723,-2.5995948999998313,-785.8274632982336,1107.2142864687858,-199.3412679906858,False,138.599,-10.527487480997335,2.004599972339839,-691.9332402567995,1149.9204435817699,10.716644444442714,280.78097000002293,7.604553194566167,13.631543056177069,93.89422304143409,42.7061571129841
232212.0,-0.8782,-1.1736,10.0112,-0.0082,-0.0049,9.8066,-0.0353,-0.0661,0.0633,234.51,-86.13,82.77,52.824047,-1.646565,10.02,6,271.32,20 / 20,-18.010701694779947,-11.701274605060364,-2.585294899999832,-787.6346004167507,1106.047875584341,-199.60051248068575,False,138.69899999999998,-10.568860695204275,2.048836806823738,-692.98839119662,1150.1314915522512,10.765619444442283,280.9710399999914,7.441840999575671,13.750111411884102,94.64620922013069,44.08361596791019
232312.0,-2.2459,0.6023,10.452,0.0022,-0.0037,9.8066,0.0145,0.0211,-0.1162,238.14,-86.2,83.35,52.824047,-1.646565,10.02,6,271.32,20 / 20,-17.928636715636493,-11.835938941484478,-2.5427998999998223,-789.4315673372719,1104.8710149070134,-199.8569172206858,False,138.799,-10.56409609365117,2.299455160560999,-694.0368886368432,1150.3757868057855,10.811486111109774,282.2797999999615,7.3645406219853236,14.135394102045478,95.3946787004287,45.504771898772105
232412.0,-0.7659,-1.6684,10.0832,0.0331,0.004,9.8065,0.0175,-0.0734,-0.0723,242.55,-86.14,83.0,52.824047,-1.646565,10.02,6,271.32,20 / 20,-17.829615537068978,-11.962643418943713,-2.4967048999998247,-791.219479949907,1103.681085788992,-200.10889246068578,False,138.899,-10.63878124274992,2.3450489738123337,-695.0986258691435,1150.6094073473005,10.894169444443223,282.43060999999796,7.190834294319059,14.307692392756048,96.12085408076359,46.928321558308426
232512.0,-1.0066,-1.3164,9.9083,0.0066,-0.0132,9.8066,0.0698,-0.0346,-0.0491,244.69,-86.24,82.64,52.824047,-1.646565,10.02,6,271.32,20 / 22,-17.684381734763164,-11.993906988658294,-2.4777948999998256,-792.9951798134986,1102.483258268612,-200.35761745068575,False,138.999,-10.62251484590517,2.4435606213344654,-696.1538440159916,1150.8649332889001,10.899949999999999,282.9547199999999,7.061866888857994,14.437467609992758,96.84133579750699,48.381675020288185
232612.0,-1.1324,-0.9511,9.3536,-0.0134,-0.0089,9.8066,-0.0792,-0.1452,0.045,240.33,-86.32,85.04,52.824047,-1.646565,10.02,6,271.32,20 / 22,-17.56110575365314,-12.055816468730624,-2.4953648999998244,-794.7574541879193,1101.2807720957426,-200.60627544068572,False,139.099,-10.776007677902014,2.620329588767545,-697.2356089539451,1151.1206816203305,11.090024999988918,283.66685999995883,6.785098075751128,14.676146057498169,97.5218452339742,49.83990952458794
232712.0,-2.4052,-2.7829,9.8062,0.0133,-0.0047,9.8066,0.0105,0.2214,-0.2304,238.14,-86.28,85.29,52.824047,-1.646565,10.02,6,271.32,20 / 22,-17.336078750630215,-12.130588721483889,-2.518039899999823,-796.5023134131334,1100.071451836232,-200.8569456806857,False,139.19899999999998,-10.619891218650187,2.738771841696054,-698.2910287220187,1151.4094548442813,10.967369444449977,284.46104999996504,6.716187531980028,14.869360563179942,98.21128469111466,51.33800300804933
232812.0,-0.4445,-2.7106,9.9522,-0.0256,0.0293,9.8065,0.0844,-0.1858,-0.1068,225.6,-86.08,79.67,52.824047,-1.646565,10.02,6,271.32,20 / 22,-17.065050096694044,-12.103783219724031,-2.5107848999998215,-798.2223698555,1098.8597332391712,-201.10838692068575,False,139.299,-10.703473940430252,2.766466722063958,-699.3594866609449,1151.687553355506,11.055211111108484,284.49176999999935,6.3615761562637925,14.87024994178799,98.86288319455514,52.827820116334806
232912.0,-4.0934,-1.9613,8.7429,0.0928,0.0264,9.8061,0.1995,0.2096,-0.1896,224.68,-85.95,79.49,52.824047,-1.646565,10.02,6,271.32,20 / 22,-16.75841208083778,-12.125158464367896,-2.556694899999819,-799.9135429643765,1097.6482861549666,-201.36176091068572,False,139.399,-10.624687732988502,2.903588163003135,-700.4214255144053,1151.9765489707074,11.01431111111173,285.2849899999882,6.133724347849277,15.028746627371032,99.49211744997115,54.3282628157408
233012.0,-1.2845,-0.4279,10.233,0.0231,-0.0319,9.8065,-0.2809,0.1248,-0.0548,220.42,-86.09,73.38,52.824047,-1.646565,10.02,6,271.32,20 / 22,-16.500174792640873,-12.251703806156591,-2.588564899999817,-801.5764723080503,1096.4294430414404,-201.61902390068568,False,139.499,-10.579125669984828,2.963577835253185,-701.4766436612792,1152.2766640769485,10.986388888888893,285.64939999999996,5.921049122656045,15.215281641409776,100.09982864677102,55.84722103550803
233112.0,-1.9487,-0.1198,9.0543,0.005,0.0089,9.8066,-0.0144,-0.1394,0.0249,219.97,-86.05,72.94,52.824047,-1.646565,10.02,6,271.32,20 / 22,-16.376787366949642,-12.362842537432092,-2.604864899999816,-803.2203204160297,1095.198715724261,-201.87869539068564,False,139.599,-10.61485707644101,3.0541881926383563,-702.531794600985,1152.5878986769792,11.045511111107647,286.05196999997673,5.761930290508632,15.417030730070449,100.68852581504473,57.3891829527181
233212.0,-0.5341,1.3121,8.6197,-0.0337,0.0263,9.8065,0.0011,0.1512,-0.0902,210.57,-85.92,66.7,52.824047,-1.646565,10.02,6,271.32,20 / 22,-16.324037045310607,-12.520031502486841,-2.7018298999998107,-804.8553616366427,1093.9545720222652,-202.1440301306856,False,139.69899999999998,-10.561184554022622,3.137002312410571,-703.5935990403508,1152.89924447127,11.017236111112393,286.5430799999784,5.762852491287985,15.657033814897412,101.26176259629187,58.944672449004884
233312.0,0.7036,-3.4661,11.2864,-0.092,0.0129,9.8061,0.0696,0.1822,0.0422,207.9,-86.03,62.53,52.824047,-1.646565,10.02,6,271.32,20 / 22,-16.29669431222886,-12.451149628096667,-2.687189899999807,-806.48639820452,1092.7060129657357,-202.41348112068565,False,139.799,-10.423295058961488,3.238857529982366,-704.6355101881212,1153.2105902655544,10.91491944444745,287.261789999979,5.873399253267371,15.690007158079034,101.85088801639881,60.50457729981872
233412.0,3.8809,-0.74,11.2792,-0.1036,-0.0709,9.8058,0.292,0.3732,-0.7132,211.65,-86.33,61.35,52.824047,-1.646565,10.02,6,271.32,20 / 22,-16.40503351810384,-12.178756139479852,-2.5395748999998156,-808.1214845960366,1091.474517677357,-202.6748193606856,False,139.899,-10.38151702981055,3.4121974871481373,-705.6705662151063,1153.5549609544428,10.92791388888868,288.19464999998627,6.023516488293289,15.59095362662799,102.45091838093026,62.080443277085806
233512.0,3.6109,-0.3376,7.4003,0.0881,-0.0862,9.8058,0.6305,-0.814,-0.0432,217.67,-85.77,71.33,52.824047,-1.646565,10.02,6,271.32,21 / 22,-16.698512923646053,-11.951084372863592,-2.586264899999813,-809.776661918124,1090.26802565174,-202.93111135068557,False,139.999,-10.36141392048506,3.4515603076589403,-706.6989015354657,1153.9106735242267,10.921180555555557,288.42377999999997,6.3370990031609935,15.402644680522533,103.07776038265831,63.642647872486805
233612.0,0.2865,0.9476,9.2796,0.1695,0.0169,9.8051,-0.5131,-0.4345,0.5784,212.02,-86.41,69.08,52.824047,-1.646565,10.02,6,271.32,21 / 22,-16.8835871401303,-11.889262884987986,-2.732934899999804,-811.4557669213127,1089.0760082888473,-203.19707134068554,False,140.099,-10.207071549977572,3.6488987966452613,-707.720516149139,1154.2775055877962,10.839711111115859,289.6714199999274,6.676515590152727,15.538161681633246,103.73525077217369,65.20149729894888
233712.0,-2.3107,-3.0414,7.8401,-0.0336,0.0716,9.8063,0.1507,-0.419,-0.0447,208.38,-85.82,65.92,52.824047,-1.646565,10.02,6,271.32,21 / 22,-16.75972348582036,-11.873415794115928,-2.8576148999997972,-813.1379324526101,1087.8878743548921,-203.4765988306855,False,140.19899999999998,-10.10637951302529,3.763644183634396,-708.7287565567146,1154.6664654406318,10.784438888891307,290.42550999996706,6.653343972795069,15.637059977750324,104.40917589589549,66.77859108573966
233812.0,1.1599,0.0878,9.0254,-0.0183,0.04,9.8065,0.1187,-0.0611,-0.0616,211.61,-85.48,63.95,52.824047,-1.646565,10.02,6,271.32,21 / 22,-16.65017646122141,-11.7983826555569,-2.9950048999998287,-814.8084274499626,1086.7042844324083,-203.76922982068555,False,140.299,-10.008085900108444,3.7930639675642994,-709.7235555510405,1155.0446393858092,10.702763888891281,290.75672999999045,6.6420905611129655,15.591446623121199,105.08487189892207,68.34035495340095
233912.0,-0.2023,-3.8922,7.8254,0.006,0.0294,9.8065,0.208,0.3943,-0.3472,203.44,-85.44,65.91,52.824047,-1.646565,10.02,6,271.32,21 / 22,-16.626515654178863,-11.628152689986942,-3.1331298999998207,-816.4722620557325,1085.532957665131,-204.07563656068552,False,140.399,-9.916851132294461,4.021121071957553,-710.7182201312461,1155.4557270299658,10.701119444444457,292.0717499999805,6.709664521884402,15.649273761944496,105.75404192448639,69.92276936483472
234012.0,4.9734,2.6712,10.5541,-0.0731,-0.0759,9.806,0.0132,0.5968,-0.4326,209.4,-85.45,66.21,52.824047,-1.646565,10.02,6,271.32,21 / 22,-16.832786869351928,-11.479117600501594,-3.194819899999817,-818.1452271819089,1084.3775941506067,-204.39203405068548,False,140.499,-9.911897320153184,3.967234833408834,-711.7062312118794,1155.8451316625074,10.676361111111115,291.81374000000005,6.920889549198744,15.446352433910427,106.43899597002951,71.46753751190067
234112.0,0.7015,-0.089,9.7419,-0.0095,-0.086,9.8063,0.1383,-0.5103,0.3593,210.56,-85.66,67.21,52.824047,-1.646565,10.02,6,271.32,21 / 22,-17.155625816015238,-11.482255331493374,-3.160684899999819,-819.8446478161771,1083.229525504007,-204.70980929068546,False,140.599,-9.635199213670846,4.186864182390176,-712.6675610871538,1156.2673388004607,10.505611111121054,293.4870699999023,7.520426602344392,15.66911951388355,107.17708672902336,73.0378132964538
234212.0,-3.6144,-3.5416,9.3922,0.0646,-0.0665,9.8062,-0.0812,-0.2364,0.2473,210.52,-85.95,66.15,52.824047,-1.646565,10.02,6,271.32,21 / 22,-16.950943497343687,-11.430213636360847,-3.1846448999998174,-821.549976281845,1082.0839020556143,-205.0270757806854,False,140.69899999999998,-9.752072658911665,4.159420798005701,-713.6485826328815,1156.6788712229431,10.602063888884528,293.099090000018,7.198870838432022,15.589634434366548,107.90139364896356,74.59496916732883
234312.0,0.7377,0.5774,9.6192,-0.0616,-0.0477,9.8062,-0.1319,-0.3153,0.2116,210.49,-86.46,72.89,52.824047,-1.646565,10.02,6,271.32,21 / 22,-16.764734935384034,-11.406008084018428,-3.2147398999998242,-823.2357602034818,1080.942090969595,-205.34704502068547,False,140.799,-9.58255936529167,4.28544201551464,-714.6031918016272,1157.1123090475758,10.497180555558677,294.09489999997055,7.1821755700923635,15.691450099533068,108.63256840185466,76.17021807798073
234412.0,-4.803,-5.188,8.3195,-0.0136,0.029,9.8065,-0.0172,-0.7393,0.3844,197.88,-86.69,69.69,52.824047,-1.646565,10.02,6,271.32,21 / 22,-16.512459726713185,-11.270483696060467,-3.2984698999998194,-824.8996199365866,1079.8082663805912,-205.67270551068543,False,140.899,-9.487271997938981,4.449947998327039,-715.5442251429627,1157.5679858563806,10.479061111111363,295.12865999998485,7.025187728774204,15.720431694387505,109.35539479362399,77.75971947578932
234513.0,-2.3733,-3.1344,10.7456,-0.0523,0.0161,9.8065,-0.0342,-0.2612,0.2865,197.69,-87.12,61.21,52.824047,-1.646565,10.02,6,271.32,21 / 22,-16.044917717655494,-11.014064553646824,-3.326153999999819,-826.5437674975273,1078.682896693981,-206.00724901763542,False,141.0,-9.427868801218523,4.460962885634717,-716.4945330594636,1158.0173245545886,10.43,295.322,6.617048916436971,15.47502743928154,110.04923443806365,79.33442786060755
234612.0,-5.2874,-3.8192,10.1542,0.0147,0.045,9.8065,0.1843,-0.7312,0.0999,199.81,-87.05,64.23,52.824047,-1.646565,10.02,6,271.32,21 / 22,-15.581978090087814,-10.844858683297643,-3.262472249999826,-828.1092988400104,1077.6008799937524,-206.33338601701035,False,141.099,-9.447540257375584,4.451504716960114,-717.4326764968714,1158.457656464416,10.443749999999199,295.2289400000054,6.13443783271223,15.296363400257757,110.676622343139,80.85677647066359
234711.0,-1.9706,-2.0055,9.2256,0.0467,0.038,9.8064,0.0308,-0.0286,-0.2504,195.72,-87.01,66.14,52.824047,-1.646565,10.02,6,271.32,21 / 22,-15.156759748877526,-10.71873151730153,-3.274030499999828,-829.6308663630394,1076.5334822788225,-206.6569429031354,False,141.198,-9.333383088019904,4.6424944537595625,-718.3510610568957,1158.919782579428,10.424288888889766,296.44613999994544,5.8233766608576225,15.361225971061092,111.27980530614377,82.38630030060563
234812.0,1.2958,0.4572,9.7013,0.0374,0.0591,9.8063,-0.0418,-0.2631,0.2697,190.5,-87.29,58.72,52.824047,-1.646565,10.02,6,271.32,21 / 22,-15.105392647797405,-10.692163007597651,-3.3086936999998278,-831.1591050590715,1075.452232105315,-206.98937047523538,False,141.299,-9.346611089647716,4.688456639470252,-719.2944466455588,1159.402479756327,10.456613888887926,296.63929999999505,5.758781558149689,15.380619647067903,111.86465841351276,83.95024765101198
234912.0,-0.6679,-4.1385,9.6269,-0.0052,0.026,9.8065,-0.1628,0.2327,-0.2304,177.73,-87.1,56.04,52.824047,-1.646565,10.02,6,271.32,21 / 22,-15.146207043166582,-10.527540136104879,-3.322948699999827,-832.6716850436196,1074.39124694813,-207.32095259523533,False,141.399,-9.237995075444761,4.874371913762978,-720.2153178670309,1159.891626238741,10.445119444444618,297.81810999998254,5.908211967721821,15.401912049867857,112.45636717658874,85.50037929061114
235012.0,1.5514,-0.3302,9.5215,-0.0476,-0.0222,9.8064,0.0315,0.1718,-0.0795,164.53,-87.19,47.45,52.824047,-1.646565,10.02,6,271.32,21 / 22,-15.190997682898189,-10.355750508404084,-3.3461936999998256,-834.1885452799228,1073.3470824159047,-207.6544097152353,False,141.499,-9.19656172615808,4.9414408121778415,-721.1360546743701,1160.3808839153796,10.440050000000003,298.2497599999999,5.994435956740109,15.297191320581925,113.05249060555263,87.03380149947498
235114.0,-0.1808,-3.4566,8.4393,-0.0089,0.0031,9.8066,0.1458,-0.0147,-0.1905,168.82,-87.24,44.37,52.824047,-1.646565,10.02,6,271.32,21 / 22,-15.28495566098511,-10.217403938789413,-3.430471199999829,-835.7428189004609,1072.2978515390978,-208.00001962513528,False,141.601,-9.210440770469178,5.141153450487788,-722.0684183040979,1160.9135076147606,10.548161111115336,299.16972999998416,6.074514890515932,15.358557389277202,113.67440059636294,88.61565607566286
235212.0,1.1064,0.1907,10.2947,0.0172,0.032,9.8065,0.0362,-0.4622,0.0926,158.23,-87.03,43.37,52.824047,-1.646565,10.02,6,271.32,21 / 22,-15.342930900107143,-10.107803424776597,-3.473556899999822,-837.2435853419541,1071.3019163782833,-208.3383170020352,False,141.69899999999998,-9.124219941950981,5.149052215354086,-722.9641540827973,1161.414774343707,10.476838888892088,299.437269999988,6.218710958156162,15.256855640130683,114.27943125915681,90.1128579654237
235311.0,-0.1137,-0.0079,10.2225,0.0994,0.0503,9.806,-0.0814,0.589,-0.2306,163.39,-87.16,46.03,52.824047,-1.646565,10.02,6,271.32,21 / 22,-15.370376660685613,-10.164127951334121,-3.428813849999814,-838.7638940662137,1070.2984557751656,-208.67998435416027,False,141.798,-9.142763689684879,5.2787149655459755,-723.8690300225172,1161.9320531425449,10.557233333330903,300.0005599999832,6.227612971000735,15.442842916880096,114.89486404369643,91.63359736737925
235411.0,-0.2913,4.488,8.515,-0.0123,0.0276,9.8066,-0.1693,-0.1971,-0.165,146.51,-87.04,37.11,52.824047,-1.646565,10.02,6,271.32,21 / 22,-15.211529368446394,-10.368820917154814,-3.4726038499998113,-840.2929893676702,1069.2718083317413,-209.02505523916022,False,141.898,-9.11714145037308,5.296945981868175,-724.7830461232313,1162.4655664004445,10.544188888889112,300.1560599999978,6.0943879180733145,15.665766899022989,115.50994324443889,93.19375806870312
235512.0,-3.472,-8.1501,11.2327,0.0215,0.1541,9.8054,0.184,-0.8443,0.5075,154.8,-86.44,37.51,52.824295,-1.64786,11.5,4,315.03,21 / 22,-15.070874269723094,-10.129335719259764,-3.465816649999811,-841.8222507513977,1068.2366514216023,-209.3754454744102,False,141.999,-8.976182505483656,5.554834040126369,-725.6928953858471,1163.026655999673,10.555988888888887,301.75091999999967,6.094691764239437,15.684169759386133,116.12935536555062,94.7900045780707
235612.0,1.0465,1.5787,10.0022,-0.0228,-0.0487,9.8064,0.011,0.3447,-0.3131,140.5,-86.74,28.36,52.824295,-1.64786,11.5,4,315.03,21 / 22,-15.05649865317551,-9.806102511073362,-3.3847366499998155,-843.3286193975426,1067.2398795100858,-209.71797313941016,False,142.099,-9.001109175498845,5.552470273763753,-726.5934700732453,1163.5826306329332,10.575911111109956,301.66899000000575,6.055389477676664,15.358572784837115,116.73514932429737,96.3427511228474
235712.0,-0.6276,-8.5757,10.2014,0.0195,0.0481,9.8065,-0.0108,0.2673,-0.4115,135.84,-86.6,33.25,52.824295,-1.64786,11.5,4,315.03,21 / 22,-15.29786099298113,-9.592387296588484,-3.3552216499998173,-844.8463373798504,1066.2699550197028,-210.05497105441012,False,142.19899999999998,-9.130995465353738,5.686762196902336,-727.5006982602795,1164.1606218619418,10.757061111103075,301.9145099999891,6.166865527627392,15.27914949349082,117.34563911957093,97.89066684223894
235812.0,0.0167,-2.7261,9.5905,-0.001,-0.0792,9.8063,-0.1166,0.4898,-0.2053,134.07,-87.05,24.49,52.824295,-1.64786,11.5,4,315.03,21 / 22,-15.646382982744335,-9.188853512594594,-3.346291649999815,-846.393549578637,1065.3308929792433,-210.39004671941018,False,142.299,-9.061023809033696,5.8558663832980145,-728.4079936543683,1164.7388354808077,10.788588888888015,302.8733399999718,6.585359173710639,15.044719895892609,117.98555592426874,99.40794250156432
235912.0,1.5122,3.0923,9.2725,-0.0108,-0.0113,9.8066,0.0166,-0.0506,-0.2644,134.43,-86.97,24.94,52.824295,-1.64786,11.5,4,315.03,21 / 22,-15.660967050429644,-9.276698410527231,-3.383806649999813,-847.9589170802956,1064.4076153830872,-210.72655163441013,False,142.399,-9.124002311361004,5.894272194395748,-729.3219425480287,1165.3280573971747,10.8623138888878,302.8632000000003,6.53696473906864,15.17097060492298,118.63697453226689,100.92044201408748
236012.0,2.5015,-1.4317,9.2608,-0.0315,-0.1261,9.8058,0.021,0.5646,-0.4557,139.38,-86.81,30.37,52.824295,-1.64786,11.5,4,315.03,21 / 22,-15.71954873578679,-9.487025432389535,-3.4378066499998097,-849.5279428696064,1063.4694291909414,-211.0676322994101,False,142.499,-9.130609968715834,5.96873385008238,-730.2359586487426,1165.917390507766,10.908430555555547,303.17286999999993,6.588938767070955,15.455759282471915,119.29198422086381,102.4479613168246
236112.0,0.743,4.292,8.8025,-0.0146,-0.0932,9.8061,-0.1703,0.6335,-0.4724,134.08,-87.27,21.25,52.824295,-1.64786,11.5,4,315.03,21 / 22,-15.707233410820637,-9.711018326890555,-3.5153066499998054,-851.0992819769366,1062.5095270029774,-211.41528796441006,False,142.599,-9.15540548572371,6.070928248581169,-731.1499747493905,1166.5287402154097,10.98533888888443,303.5482399999783,6.5518279250969265,15.781946575471725,119.94930722754611,104.0192132124323
236212.0,-1.9834,-0.7859,10.1451,-0.016,-0.0902,9.8062,-0.0264,0.0592,-0.1385,126.75,-87.27,20.12,52.824295,-1.64786,11.5,4,315.03,21 / 22,-15.523405923786854,-9.801993450237521,-3.5485916499998034,-852.6608139436669,1061.533876414121,-211.76848287941002,False,142.69899999999998,-9.08713793452414,6.0548107621870155,-732.057337350558,1167.129304013365,10.919561111114065,303.67574999999454,6.4362679892627135,15.856804212424537,120.6034765931089,105.59542759924398
236311.0,2.0688,6.2245,10.1919,0.0104,-0.144,9.8055,0.0422,-1.2459,0.5473,113.72,-87.4,20.86,52.824295,-1.64786,11.5,4,315.03,21 / 22,-15.224981906500842,-9.930364755085733,-3.512768499999797,-854.1828591412664,1060.5571246829575,-212.11802020683507,False,142.798,-9.117618615112914,6.224059304910774,-732.9621460831985,1167.7564434001545,11.039483333329716,304.3188999999808,6.107363291387928,16.154424059996508,121.22071305806787,107.199318717197
236412.0,-1.3904,-8.6841,10.8674,0.0251,0.0781,9.8062,0.1497,-0.8415,0.5113,118.44,-87.51,26.29,52.824295,-1.64786,11.5,4,315.03,21 / 22,-15.299811097047515,-9.892547780626163,-3.4397454999997974,-855.7243611879455,1059.556067599904,-212.46912216383504,False,142.899,-9.248788077558489,6.399282816357991,-733.8919558444783,1168.4076008908883,11.246819444441405,304.6794899999948,6.051023019489026,16.291830596984155,121.83240534346726,108.85153329098421
236512.0,1.0475,3.2787,9.5865,0.0186,-0.1043,9.806,0.0059,0.6158,-0.376,123.17,-87.88,32.47,52.824295,-1.64786,11.5,4,315.03,22 / 25,-15.509633552651037,-9.771282433070683,-3.3977154999997996,-857.2648334204304,1058.5728760892193,-212.81099521383499,False,142.999,-9.07451172563539,6.679588452302861,-734.7993856526992,1169.0855563589266,11.267863888888884,306.3560999999997,6.435121827015648,16.450870885373543,122.46544776773112,110.51268026970729
236612.0,-1.3304,-10.355,10.0315,-0.041,0.1024,9.806,-0.1306,0.6583,-0.3374,134.35,-87.31,42.83,52.824295,-1.64786,11.5,4,315.03,22 / 25,-15.69671169704659,-9.512438054382038,-3.3974804999997996,-858.8251506829151,1057.6086900648468,-213.15075501383495,False,143.099,-8.967746658053215,6.840325182206158,-735.6933740476181,1169.774853708497,11.27878055555493,307.3352799999439,6.728965038993374,16.352763236588196,123.131776635297,112.16616364365018
236712.0,1.6699,-4.025,9.0706,-0.0341,-0.0499,9.8064,-0.201,1.1558,-0.7951,122.75,-87.44,30.27,52.824295,-1.64786,11.5,4,315.03,22 / 25,-16.206731612125424,-9.081302348051487,-3.4230404999997983,-860.4203228483736,1056.679003044725,-213.4917810638349,False,143.19899999999998,-8.898761945729023,7.05993955009118,-736.5739210293638,1170.4862788494354,11.359188888885322,308.4270699999519,7.307969666396401,16.141241898142667,123.84640181900988,113.80727580471034
236812.0,-0.0396,11.433,8.4705,-0.0092,0.2436,9.8035,-0.1677,0.6731,-0.638,107.62,-87.36,13.91,52.824295,-1.64786,11.5,4,315.03,22 / 25,-15.8445305346745,-9.223812619111891,-3.5266504999998216,-862.0228859557141,1055.7637472963668,-213.83926561383495,False,143.299,-8.832966724324386,7.259148501171577,-737.4609870965098,1171.2199429752404,11.433149999997845,309.41413999997127,7.011563810350113,16.48296112028347,124.56189885920423,115.45619567887366
236912.0,1.759,-6.2342,9.7794,-0.0089,0.1709,9.8051,-0.0976,1.2338,-0.7044,120.85,-87.08,33.3,52.824295,-1.64786,11.5,4,315.03,22 / 25,-15.580382422222295,-9.320136116505624,-3.5948204999998175,-863.5941316035588,1054.836549859586,-214.19533916383492,False,143.399,-8.830336820452619,7.348947821820782,-738.3414668711891,1171.9538294908948,11.48833888888808,309.7685199999949,6.750045601769676,16.669083938326406,125.25266473236968,117.11727963130875
237012.0,-1.0983,15.206,8.4134,-0.0216,0.1391,9.8056,0.2889,-2.0791,1.2066,124.98,-87.37,32.98,52.824295,-1.64786,11.5,4,315.03,22 / 25,-15.208844463798027,-9.64090392558807,-3.665845499999813,-865.1335929478597,1053.8884978574815,-214.55837246383487,False,143.499,-8.745602780107513,7.493177356671514,-739.2085724396708,1172.7097326022517,11.516663888888885,310.58973999999984,6.463241683690514,17.134081282259583,125.92502050818894,118.82123474477021
237112.0,2.6929,-6.7658,10.1842,-0.0765,0.3048,9.8016,0.0641,-0.6551,0.3461,123.71,-87.28,36.74,52.824295,-1.64786,11.5,4,315.03,22 / 25,-14.88108197755752,-9.971014281007095,-3.7166304999998103,-866.6380892699274,1052.907901947152,-214.92749626383483,False,143.599,-8.680095582376513,7.723724774104839,-740.0755435939707,1173.476866401611,11.618969444438495,311.6632399999379,6.2009863951810065,17.694739055111935,126.5625456759567,120.56896445445909
237212.0,-2.8839,11.2628,8.1957,0.0404,-0.0841,9.8061,0.1838,-1.6164,0.7562,104.23,-87.83,17.87,52.824295,-1.64786,11.5,4,315.03,22 / 25,-14.624688552670026,-9.903218259525705,-3.7783004999998067,-868.1133777964387,1051.9141903201253,-215.3022428138348,False,143.69899999999998,-8.570656047189107,7.918013976725087,-740.9292077492148,1174.2771362884587,11.66839999999785,312.733299999953,6.054032505480919,17.821232236250793,127.18417004722392,122.3629459683334
237312.0,2.2507,-3.4438,10.0084,-0.0539,0.1169,9.8058,0.1419,-1.7529,0.9435,121.63,-87.2,28.61,52.824295,-1.64786,11.5,4,315.03,22 / 25,-14.217532025438274,-9.916138043302944,-3.8487604999998224,-869.5554888253445,1050.9232225049836,-215.68359586383485,False,143.799,-8.353133003861618,8.02291291972866,-741.7627769916364,1175.0777397600818,11.58198888889145,313.84487999996753,5.864399021576656,17.939050963031605,127.79271183370804,124.1545172550982
237412.0,2.2467,-15.2972,10.0824,0.0343,-0.2399,9.8036,0.047,-0.7374,0.364,122.0,-86.89,33.56,52.824295,-1.64786,11.5,4,315.03,22 / 25,-15.101230796919808,-9.625265759963764,-3.824885499999824,-871.0214269664623,1049.9461523148204,-216.0672781638348,False,143.899,-8.28133982181215,8.249218725908348,-742.589491113352,1175.9113681256083,11.688911111109514,314.88856999998467,6.819890975107658,17.87448448587211,128.4319358531103,125.96521581078787
237512.0,1.1033,-3.221,9.3234,-0.0035,-0.1083,9.806,0.1228,-1.4618,0.7512,105.93,-87.17,17.21,52.824295,-1.64786,11.5,4,315.03,24 / 24,-15.948034280906215,-9.333390491641033,-3.835260499999823,-872.5738902203535,1048.9982195022403,-216.45028546383477,False,143.999,-8.144500207825654,8.425687917534685,-743.3961775293112,1176.7453300752227,11.718599999999995,315.9721599999998,7.803534073080561,17.759078409175718,129.1777126910423,127.74711057298236
237612.0,0.9259,-13.6915,11.0987,0.0235,-0.1799,9.8049,0.2198,-1.5643,0.7841,99.46,-87.24,10.85,52.824295,-1.64786,11.5,4,315.03,24 / 24,-16.76805645455945,-9.278427765569988,-3.7948204999998256,-874.2096947571267,1048.0676285893799,-216.83178951383474,False,144.099,-7.98955548021393,8.474411558999163,-744.1960088244148,1177.6013086204712,11.64683888889309,316.68688999995896,8.77850097434552,17.752839324569152,130.01368593271195,129.5336800310913
237711.0,0.6604,0.5993,9.7357,0.041,-0.1895,9.8047,0.0217,0.0022,-0.0819,96.45,-87.26,13.47,52.824295,-1.64786,11.5,4,315.03,24 / 24,-17.385588492577504,-9.248376207471198,-3.7343760499998147,-875.9003001820104,1047.1505517927142,-217.2044847430598,False,144.198,-7.868547593154843,8.540417243762313,-744.9680163942027,1178.4380504444016,11.612627777779275,317.3447199999709,9.51704089942266,17.78879345123351,130.9322837878077,131.28749865168743
237812.0,2.866,-10.3961,7.7766,0.0112,0.0606,9.8064,0.211,0.7082,-0.5556,110.0,-87.06,26.03,52.824295,-1.64786,11.5,4,315.03,24 / 24,-17.869127129769797,-9.244720684748883,-3.8404765499998135,-877.680663320939,1046.216650399657,-217.58701479935976,False,144.299,-7.753521534917838,8.764846822300617,-745.7487608825847,1179.335615891587,11.702144444441785,318.5034299999662,10.11560559485196,18.0095675070495,131.9319024383542,133.11896549192988
237912.0,3.2184,-1.1473,10.7188,-0.0252,-0.0577,9.8064,-0.1452,0.7717,-0.4868,104.8,-87.15,21.09,52.824295,-1.64786,11.5,4,315.03,24 / 24,-18.470647650803922,-9.348254222599925,-3.8963715499998104,-879.4976520599675,1045.2870016542897,-217.97385720435972,False,144.399,-7.576552134571848,8.807326975358615,-746.5083351451126,1180.2141670065284,11.617805555556822,319.29610999998846,10.894095516232074,18.15558119795854,132.98931691485495,134.92716535223872
238012.0,2.913,-6.7365,8.5425,-0.0011,0.1062,9.8061,-0.2451,0.0151,0.0897,99.39,-86.98,15.2,52.824295,-1.64786,11.5,4,315.03,24 / 24,-18.890386998687642,-9.58062657267999,-3.9139715499998093,-881.365703792442,1044.3405576145258,-218.3643743593597,False,144.499,-7.396910245643282,8.893318896584798,-747.2411609952848,1181.1036152254474,11.567444444444455,320.2484599999998,11.49347675304436,18.473945469264788,134.12454279715723,136.76305761092158
238112.0,-0.4022,0.7232,9.8995,0.0052,0.0862,9.8062,-0.0193,0.6629,-0.549,108.4,-86.6,22.87,52.824295,-1.64786,11.5,4,315.03,24 / 24,-19.173065065687393,-9.66542814433032,-3.972536549999806,-883.2688763956606,1043.3782548786753,-218.75869976435965,False,144.599,-7.260221158097754,9.170726973913684,-747.9670645175669,1182.0261995310423,11.696744444436876,321.6321199999199,11.91284390758964,18.836155118244005,135.30181187809376,138.64794465236696
238212.0,1.6924,5.8174,9.963,-0.004,0.1436,9.8056,0.1021,-0.4029,0.2463,109.4,-86.01,22.36,52.824295,-1.64786,11.5,4,315.03,24 / 24,-18.853771339241796,-9.840778856222748,-3.9600765499998065,-885.170218215907,1042.4029445286478,-219.15533041935961,False,144.69899999999998,-7.0686800414990465,9.247209554742216,-748.672940334171,1182.949117422169,11.639480555558155,322.6053099999574,11.785091297742749,19.087988410964964,136.49727788173595,140.5461728935211
238312.0,1.9716,5.2264,9.1297,-0.0413,0.1518,9.8053,-0.081,0.6019,-0.3725,110.19,-85.85,22.2,52.824295,-1.64786,11.5,4,315.03,24 / 24,-18.364003665392474,-10.20701588190835,-3.9861065499998123,-887.0311069661391,1041.4005547917411,-219.5526395743597,False,144.799,-6.9329656447841534,9.456955980175552,-749.3586540309128,1183.9050602072066,11.726063888886317,323.75448999996644,11.43103802060832,19.6639718620839,137.67245293522626,142.50450541546547
238412.0,0.4172,-1.7775,9.6476,-0.0137,0.1042,9.806,0.0744,-0.9268,0.4724,113.61,-85.73,25.58,52.824295,-1.64786,11.5,4,315.03,24 / 24,-18.21056962918421,-10.381517753663172,-4.02790654999981,-888.8598356308678,1040.3711281099627,-219.95334022935964,False,144.899,-6.720192805168955,9.56942627003846,-750.0308591073368,1184.8613365763324,11.693394444444941,324.92132999998285,11.490376824015256,19.95094402370163,138.82897652353097,144.49020846636972
238512.0,0.8426,-7.2848,9.7046,-0.0383,0.1414,9.8055,-0.0223,-0.3836,0.2451,113.39,-85.55,25.69,52.824295,-1.64786,11.5,4,315.03,24 / 24,-18.61963756800559,-10.268269550685302,-4.0409615499998095,-890.7013459907272,1039.3386387447454,-220.3567836343596,False,144.999,-6.604342472740351,9.672003289165394,-750.6896227705229,1185.8286212429525,11.71175555555555,325.6735199999998,12.01529509526524,19.940272839850696,140.01172322020432,146.48998249820716
238612.0,2.0161,3.1398,8.9819,-0.0082,-0.0471,9.8064,0.0319,-0.5642,0.3898,111.86,-85.38,23.22,52.824295,-1.64786,11.5,4,315.03,24 / 24,-18.830613776276543,-10.323026354735031,-4.087301549999807,-892.5738585579412,1038.3090739494744,-220.76319678935957,False,145.099,-6.446039465604324,9.83897988748394,-751.3282915208397,1186.8180337001284,11.762544444441493,326.76900999993654,12.38457431067222,20.162006242218972,141.24556703710152,148.50895975065396
238712.0,-0.5143,-6.6825,9.8306,-0.009,0.0426,9.8065,0.0092,-0.7325,0.3448,115.26,-85.2,20.68,52.824295,-1.64786,11.5,4,315.03,24 / 24,-18.98191661189353,-10.318393850911868,-4.127341549999804,-894.4644850773497,1037.277002939192,-221.17392894435952,False,145.19899999999998,-6.300353673055344,10.01774748046713,-751.9601051504707,1187.8296851436326,11.834280555552393,327.83335999995325,12.681562938838187,20.336141331378997,142.50437992687898,150.55268220444054
238812.0,1.3945,4.1988,9.4197,0.0121,-0.1286,9.8057,0.0683,-0.1724,0.1887,103.89,-85.63,15.24,52.824295,-1.64786,11.5,4,315.03,24 / 24,-19.053907164681785,-10.277576317440635,-4.145491549999808,-896.3662762661788,1036.2472044307742,-221.5875705993596,False,145.299,-6.117425302220534,10.068964982304188,-752.565237574787,1188.841558974901,11.781650000001573,328.71915999997424,12.936481862461251,20.34654129974482,143.8010386913918,152.59435454412687
238912.0,1.8989,2.1022,9.5213,-0.0087,-0.0149,9.8066,-0.0305,-0.6956,0.3354,104.13,-85.43,19.97,52.824295,-1.64786,11.5,4,315.03,24 / 24,-18.755260842922944,-10.51719540073384,-4.179106549999807,-898.2567346665589,1035.2074658448655,-222.00380050435956,False,145.399,-5.762516725865141,10.261646686061251,-753.1368336730686,1189.8644411057498,11.769011111111292,330.683249999971,12.992744117057804,20.77884208679509,145.11990099349032,154.65697526088434
239012.0,-0.8754,5.7079,10.1751,0.0121,-0.1099,9.8059,0.0336,-0.015,-0.0952,97.77,-85.58,13.76,52.824295,-1.64786,11.5,4,315.03,24 / 24,-18.354879694720392,-10.632185618430906,-4.174951549999807,-900.112241693441,1034.1499967939073,-222.42150340935953,False,145.499,-5.655069513019618,10.277262104703372,-753.7014402364721,1190.8874344315443,11.730388888888896,331.17819999999995,12.699810181700773,20.909447723134278,146.4108014569689,156.73743763763696
239112.0,1.3619,-0.8952,9.3635,0.0113,-0.0539,9.8065,-0.0558,-0.6262,0.4325,106.87,-85.55,18.43,52.824295,-1.64786,11.5,4,315.03,24 / 24,-18.095956468482147,-10.682401224940385,-4.1786865499998065,-901.934783501601,1033.084267451739,-222.8391853143595,False,145.599,-5.441581754807612,10.427096361706955,-754.239365594534,1191.9434526483665,11.761624999998157,332.44128999992665,12.654374713674535,21.10949758664734,147.69541790706705,158.85918519662755
239212.0,2.4707,-4.9763,9.4046,-0.0232,-0.1076,9.806,-0.0812,0.2909,-0.2353,109.42,-85.51,21.08,52.824295,-1.64786,11.5,4,315.03,24 / 24,-18.40182062265938,-10.77451339820823,-4.220946549999804,-903.759672356158,1032.0114217205817,-223.25916696935946,False,145.69899999999998,-5.097936468499591,10.354117070416766,-754.7437546265751,1192.9777878564214,11.54111944445425,333.7865399999408,13.303884154159789,21.128630468624998,149.01591772958295,160.96636613583973
239312.0,-0.1664,-3.1029,8.9741,0.0006,-0.0789,9.8063,0.0024,-0.2787,0.2607,104.99,-85.37,15.54,52.824295,-1.64786,11.5,4,315.03,24 / 24,-18.79272294236683,-10.765748969279107,-4.282676549999818,-905.6193995344098,1030.934408602207,-223.68434812435953,False,145.799,-4.984946591935741,10.491241622981057,-755.2345006241922,1194.0339172696438,11.615338888886635,334.5850699999769,13.807776350431087,21.256990592260166,150.38489891021766,163.0995086674368
239412.0,1.7715,-2.326,10.194,-0.0088,-0.047,9.8065,0.0251,-0.4945,0.273,111.21,-85.26,17.15,52.824295,-1.64786,11.5,4,315.03,24 / 24,-19.048474571320515,-10.7642087863838,-4.304936549999816,-907.5114594100941,1029.857910714424,-224.1137287793595,False,145.899,-4.843812567025092,10.666813144343111,-755.7184587081173,1195.1012773709167,11.71511111110964,335.5770599999854,14.204662004295422,21.431021930726914,151.79300070197678,165.24336665649275
239512.0,0.8919,-0.2507,10.3984,0.0131,-0.0894,9.8061,-0.0897,-0.0844,0.1353,104.84,-85.38,15.79,52.824295,-1.64786,11.5,4,315.03,22 / 22,-19.18004554142228,-10.8506879672606,-4.255981549999818,-909.4228854157311,1028.7771658767417,-224.54177468435944,False,145.999,-4.656241892781427,10.837352131350984,-756.1757355867263,1196.2017735596248,11.795311111111095,336.7492599999998,14.523803648640854,21.688040098611584,153.2471498290048,167.4246076828831
239612.0,0.1476,5.6611,10.5438,-0.0091,-0.0883,9.8062,0.1017,0.0236,-0.0888,102.34,-85.4,12.85,52.824295,-1.64786,11.5,4,315.03,22 / 22,-18.895794810361206,-10.96184820818333,-4.189536549999822,-911.3266774333201,1027.6865390679695,-224.9640505893594,False,146.099,-4.493401685861815,10.762966237319205,-756.6260901375048,1197.2695784405253,11.663286111118856,337.34014999996623,14.40239312449939,21.724814445502535,154.70058729581535,169.58303937255573
239712.0,3.2304,-4.8904,10.6334,0.0064,-0.0618,9.8064,-0.0323,-0.633,0.574,105.32,-85.5,16.64,52.824295,-1.64786,11.5,4,315.03,22 / 22,-18.866530178765764,-11.124424464579112,-4.1113415499998265,-913.2147936827764,1026.5822254343316,-225.37909449435935,False,146.19899999999998,-4.4314959740502236,10.864116082766289,-757.0630704821183,1198.3590663310301,11.73316944444128,337.80931999997944,14.43503420471554,21.9885405473454,156.15172320065813,171.77684089669856
239812.0,1.2711,-3.7136,10.313,0.0407,-0.1532,9.8054,-0.0324,-0.0371,0.0398,105.1,-85.54,21.2,52.824295,-1.64786,11.5,4,315.03,22 / 22,-19.30811672596021,-11.23308013551461,-4.0446865499998115,-915.1235260280132,1025.4643502043266,-225.78689589935942,False,146.299,-4.397317461115991,10.995255499294558,-757.5065699121578,1199.4597849102804,11.841963888885703,338.2020799999886,14.91079926484422,22.22833563480917,157.61695611585537,173.9954347059538
239912.0,0.8544,-7.5476,11.1307,0.0215,-0.0811,9.8062,0.1206,-0.836,0.4451,101.05,-85.94,13.07,52.824295,-1.64786,11.5,4,315.03,22 / 22,-19.84964446502934,-11.218932142008168,-3.9531665499998168,-917.0814140875626,1024.3417495904505,-226.18678855435937,False,146.399,-4.291096644515906,10.946799359469626,-757.9301760506132,1200.560614684469,11.757805555556821,338.5950699999942,15.558547820513432,22.165731501477794,159.1512380369494,176.2188650940186
240012.0,1.7853,-3.6055,9.5239,0.032,-0.1126,9.8059,-0.0773,0.6574,-0.4225,94.1,-86.04,6.43,52.824295,-1.64786,11.5,4,315.03,22 / 22,-20.38142128927553,-11.2647758558149,-3.9011015499998196,-919.0929673752778,1023.2175641905594,-226.57950195935933,False,146.499,-4.241727343597809,11.026703970292381,-758.3535805678697,1201.6724527554588,11.814419444444432,338.95935999999995,16.13969394567772,22.29147982610728,160.7393868074081,178.45488856489942
240112.0,0.6946,6.6713,9.2298,0.0154,-0.152,9.8054,-0.012,-0.1374,0.0681,87.36,-85.87,4.17,52.824295,-1.64786,11.5,4,315.03,22 / 22,-20.20003576702442,-11.356418281331525,-3.944081549999817,-921.1220402280927,1022.0865044837021,-226.97176111435928,False,146.599,-4.173183563310398,11.300603848160963,-758.7703315855102,1202.8064186176875,12.046549999986498,339.7312399999552,16.02685220371402,22.65702212949249,162.35170864258248,180.7199141339854
240212.0,1.038,-0.6903,10.1923,-0.0177,-0.0335,9.8065,-0.1687,0.6983,-0.4671,91.1,-85.68,7.27,52.824295,-1.64786,11.5,4,315.03,22 / 22,-19.868031814384796,-11.422279046236925,-3.9536415499998165,-923.1254436071631,1020.9475696173238,-227.36664726935925,False,146.69899999999998,-4.043565566018575,11.376384221248266,-759.1670548974774,1203.9406068691594,12.073638888887789,340.43298999996915,15.824466248366221,22.79866326748519,163.95838870968566,182.99303725183563
240312.0,1.221,4.1859,8.7685,0.021,-0.1015,9.8061,-0.0289,0.2047,-0.1073,92.22,-85.68,7.57,52.824295,-1.64786,11.5,4,315.03,22 / 22,-19.663879820382462,-11.539311352071541,-3.986266549999824,-925.1020391889019,1019.7994900974081,-227.76364267435932,False,146.799,-3.9667163687328206,11.141303100614287,-759.5635765882057,1205.0527785249235,11.826388888896185,340.4023800000011,15.697163451649642,22.68061445268583,165.53846260069622,185.25328842751537
240412.0,1.7352,-2.6334,9.9326,-0.0286,0.0277,9.8065,-0.0092,-0.3302,0.1575,94.63,-85.69,10.4,52.824295,-1.64786,11.5,4,315.03,22 / 22,-19.562385965696183,-11.681978989492631,-4.031876549999821,-927.0633524782057,1018.63842558033,-228.1645498293593,False,146.899,-3.8880215048947386,11.438554585964752,-759.9534447794011,1206.2087609829357,12.081288888885071,341.2266699999878,15.674364460801446,23.120533575457383,167.1099076988046,187.57033540260568
240512.0,0.4248,1.2313,9.3128,-0.0026,-0.0289,9.8066,-0.048,0.2193,-0.0886,95.56,-85.5,10.75,52.824295,-1.64786,11.5,4,315.03,22 / 24,-19.608388685882375,-11.783601456630194,-4.05027154999982,-929.0218912107846,1017.465146558024,-228.56865723435925,False,146.999,-4.08879444378983,11.449090990470442,-760.3632062622074,1207.3431716249647,12.157313888888874,340.34697000000017,15.519594242092545,23.232692447100636,168.65868494857716,189.87802506694072
240612.0,2.358,-1.4539,10.0213,0.0068,0.0125,9.8066,-0.0262,-0.1314,0.0954,96.93,-85.57,12.87,52.824295,-1.64786,11.5,4,315.03,22 / 24,-19.602518282375648,-11.918306152393995,-4.064231549999819,-930.9824365591974,1016.2800511775729,-228.97438238935922,False,147.099,-3.948090452820556,11.484330350651852,-760.7532088675072,1208.499376471357,12.144030555556375,341.0280299999598,15.654427829555093,23.402636503045848,170.2292276916902,192.2193252937841
240712.0,1.9011,-3.7514,9.9704,-0.0275,0.0339,9.8065,0.0098,0.1701,-0.1226,96.08,-85.5,11.31,52.824295,-1.64786,11.5,4,315.03,22 / 24,-19.85244403987312,-12.100709252967585,-4.045311549999821,-932.9551846753097,1015.0791004073048,-229.3798595443592,False,147.19899999999998,-3.910718930742112,11.517881082031046,-761.1430098516228,1209.6447954115727,12.163688888888009,341.2458699999907,15.941725109131008,23.61859033499863,171.81217482368697,194.5656950042678
240812.0,1.9117,-2.3868,9.2906,-0.0232,0.0257,9.8066,0.0113,-0.3368,0.1092,95.14,-85.32,9.8,52.824295,-1.64786,11.5,4,315.03,22 / 24,-20.14341632389733,-12.258837713325862,-4.062926549999824,-934.9549776934987,1013.8611230589898,-229.78527144935927,False,147.299,-3.928176531381811,11.579252111973457,-761.5328108357784,1210.8011114529795,12.227413888887016,341.26086999999967,16.21523979251552,23.83808982529932,173.4221668577203,196.93998839398967
240912.0,0.1455,-2.7734,10.0524,-0.0295,0.0329,9.8065,-0.0475,0.1106,-0.0296,93.92,-85.13,7.67,52.824295,-1.64786,11.5,4,315.03,22 / 24,-20.376674796502865,-12.339468295265954,-4.076441549999823,-936.9809822495185,1012.6312077585603,-230.19223985435923,False,147.399,-3.9835824864541243,11.712715042715953,-761.9292653194534,1211.9795552856992,12.371605555553424,341.2164500000007,16.39309231004874,24.05218333798191,175.05171693006514,199.3483475271389
241012.0,0.1701,2.0779,9.1511,-0.0122,0.0179,9.8065,0.0211,-0.4209,0.1888,91.66,-85.12,5.65,52.824295,-1.64786,11.5,4,315.03,22 / 24,-20.378974771253024,-12.34609985273651,-4.096931549999822,-939.0187647279063,1011.3969293511602,-230.6009085093592,False,147.499,-3.8701072645143593,11.523564634426005,-762.3191335106487,1213.1251966150783,12.156080555555597,341.43578,16.508867506738664,23.869664487162517,176.69963121725755,201.72826726391804
241112.0,-0.6126,-3.0638,10.2161,-0.006,0.0532,9.8065,-0.0411,-0.2809,0.1349,93.18,-85.1,7.13,52.824295,-1.64786,11.5,4,315.03,22 / 24,-20.393701143499445,-12.31565970879537,-4.109236549999822,-941.0573985236438,1010.1638413730838,-231.01121691435915,False,147.599,-3.9681748767451546,11.68579894145545,-762.7089344947764,1214.292520955296,12.341163888877968,341.2439600000113,16.42552626675429,24.001458650250818,178.3484640288674,204.12867958221216
241212.0,1.428,3.92,8.541,0.0169,-0.0334,9.8065,0.0237,0.2094,-0.1375,90.51,-85.34,4.8,52.824295,-1.64786,11.5,4,315.03,22 / 24,-20.31671233795499,-12.346520568529002,-4.152046549999819,-943.0929191977164,1008.9307323592176,-231.42428106935913,False,147.69899999999998,-3.838458770149868,11.707012599838176,-763.0920819793333,1215.4710759829532,12.320230555556568,341.84688999997314,16.478253567805123,24.053533168367178,180.00083721838303,206.54034362373557
241312.0,1.0382,-1.2368,9.1726,-0.008,0.0686,9.8063,0.0124,-0.6391,0.2499,90.73,-85.24,9.33,52.824295,-1.64786,11.5,4,315.03,22 / 24,-20.151031980463525,-12.46687667765482,-4.247031549999841,-945.1163064136377,1007.6900624969081,-231.8442349743592,False,147.799,-3.960978278693262,11.837109304772103,-763.4884692559415,1216.6607505030374,12.482249999995217,341.49858000001046,16.190053701770264,24.303985982426923,181.62783715769626,208.9706880061293
241412.0,-1.2839,3.3223,10.0928,0.0267,-0.0672,9.8063,0.0338,-0.125,0.0656,84.93,-85.27,4.34,52.824295,-1.64786,11.5,4,315.03,22 / 24,-20.021186930477324,-12.433881258902005,-4.26442654999984,-947.1249173591847,1006.4450246000804,-232.26980787935918,False,147.899,-3.9176623525345193,11.904496591184786,-763.8783374471501,1217.8505362187464,12.532563888888166,341.7840799999957,16.103524577942803,24.338377850086793,183.24657991203458,211.40551161866597
241512.0,1.4896,-0.5197,9.4733,0.0157,0.0009,9.8066,0.0685,-0.3134,0.1711,89.86,-85.31,8.66,52.824295,-1.64786,11.5,4,315.03,20 / 21,-19.85467952029055,-12.42406219909043,-4.266786549999839,-949.118710681723,1005.2021274271808,-232.69636853435912,False,147.999,-3.855359156512366,11.767146755094426,-764.2614849317335,1219.0293136355606,12.382630555555586,341.85927,15.999320363778184,24.19120895418486,184.85722574998942,213.82718620837977
241612.0,0.3043,-1.4673,9.9665,0.0403,-0.0262,9.8065,0.0859,-0.1619,0.087,91.22,-85.59,10.76,52.824295,-1.64786,11.5,4,315.03,20 / 21,-19.92134250362772,-12.508305845107996,-4.2754615499998385,-951.1075117829188,1003.955509024971,-233.12348093935907,False,148.099,-4.1231305544527075,11.91123292831868,-764.6778327069768,1220.218988155552,12.604686111098074,340.9066300000556,15.798211949175013,24.419538773426677,186.42967907594198,216.26347913058112
241713.0,-0.1955,0.3045,9.1333,0.0178,-0.0389,9.8065,-0.0277,0.0838,-0.0528,87.68,-86.01,8.03,52.824295,-1.64786,11.5,4,315.03,20 / 21,-19.947741480890993,-12.50698825893362,-4.301393299999838,-953.1209005241369,1002.692236672717,-233.55661210928406,False,148.2,-3.947838291710736,11.820094422595767,-765.0718005292132,1221.409552235285,12.461944444450792,341.53099999997227,15.999903189180257,24.327082681529387,188.04909999492372,218.71731556256805
241812.0,1.2078,-1.5337,9.4657,-0.0568,0.0118,9.8064,-0.0875,0.0735,-0.1185,91.93,-85.52,10.98,52.824295,-1.64786,11.5,4,315.03,20 / 21,-19.97855011418637,-12.549580814822392,-4.351601149999848,-955.0972519580936,1001.4519365035658,-233.9849353345591,False,148.299,-4.102776549996132,11.88683821146413,-765.4776640021646,1222.5984483906443,12.574969444441113,340.95779000001687,15.875773564190236,24.436419026286522,189.61958795592898,221.14651188707853
241912.0,1.6011,0.3452,10.0361,-0.0385,-0.0129,9.8065,-0.0494,0.1645,-0.0751,88.04,-85.21,10.3,52.824295,-1.64786,11.5,4,315.03,20 / 21,-20.004481628892762,-12.682507140856574,-4.357176149999847,-957.0964035452474,1000.1903321057819,-234.42037419955906,False,148.399,-4.0383153699998475,11.881641995885564,-765.8809736066243,1223.7883453005775,12.549161111111511,341.2282099999959,15.966166258892915,24.564149136742138,191.21542993862317,223.5980131947956
242012.0,-1.466,0.0744,9.9449,-0.0155,0.0221,9.8066,-0.0623,0.0387,-0.04,95.43,-85.0,13.48,52.824295,-1.64786,11.5,4,315.03,20 / 21,-19.94103261065042,-12.68604852191131,-4.338791149999848,-959.0936792572245,998.9219043226435,-234.855172564559,False,148.499,-4.046681538892205,11.918303526286554,-766.2842160039778,1224.9781310162864,12.586563888888882,341.24584999999996,15.894351071758216,24.604352048197864,192.8094632532467,226.05622669364288
242112.0,1.8551,-0.683,9.9431,-0.0056,0.0074,9.8066,0.0324,-0.0706,0.0891,92.91,-84.98,14.59,52.824295,-1.64786,11.5,4,315.03,20 / 21,-19.936217022142923,-12.702467722191818,-4.325056149999848,-961.087541738864,997.6524785104384,-235.28836492955898,False,148.599,-4.166020353272984,11.777793989104449,-766.7007654004458,1226.1679167319166,12.492894444449927,340.52033000004235,15.77019666886994,24.480261711296265,194.38677633841826,228.51543822147823
242212.0,0.8929,0.0532,9.646,0.0051,-0.0343,9.8065,-0.0365,-0.0867,0.0217,98.25,-84.85,15.63,52.824295,-1.64786,11.5,4,315.03,20 / 21,-19.945806854489916,-12.836883892188284,-4.326266149999848,-963.0816429326956,996.3755109297194,-235.72093104455894,False,148.69899999999998,-3.949848172403453,12.026259689703567,-767.0908352128413,1227.3797190412329,12.658319444437057,341.81781999994206,15.995958682086464,24.86314358189185,195.99080771985427,231.00420811151344
242312.0,1.6422,-1.7088,9.3857,-0.0144,-0.0127,9.8066,-0.0597,-0.2409,0.1729,95.99,-84.69,13.8,52.824295,-1.64786,11.5,4,315.03,20 / 21,-20.01007813711823,-12.95403104971234,-4.355346149999854,-965.0794371822764,995.0859651826241,-236.15501165955902,False,148.799,-3.9653704344711693,11.932284141230427,-767.4872896965295,1228.5807354435851,12.57392500000254,341.6171600000063,16.044707702647063,24.886315190942767,197.59214748574686,233.494770260961
242412.0,0.7116,1.2684,9.4325,-0.0038,-0.0535,9.8064,-0.023,-0.0882,0.0998,93.39,-84.48,10.51,52.824295,-1.64786,11.5,4,315.03,20 / 21,-20.00940926895465,-13.064480628087008,-4.395101149999852,-967.0804115525799,993.7850395987342,-236.59253402455897,False,148.899,-3.7994631218559576,11.941652974122213,-767.8638508885938,1229.770632354919,12.531530555556172,342.3505699999891,16.20994614709869,25.00613360220922,199.21656066398612,235.9855927561847
242511.0,2.7697,-1.3459,9.0884,-0.021,-0.0292,9.8065,-0.0128,-0.1519,0.109,94.68,-84.21,10.62,52.824295,-1.64786,11.5,4,315.03,20 / 21,-19.993739931869843,-13.23264106270114,-4.449174949999846,-969.0605674380205,992.4833320750404,-237.03032569150892,False,148.998,-3.834912004741615,11.931886968894144,-768.2430331562559,1230.959417313982,12.533016666666665,342.1825800000001,16.15882792712823,25.16452803159528,200.81753428176455,238.47608523894155
242612.0,-0.0877,-0.9612,9.9498,0.0043,-0.0302,9.8065,-0.0492,0.068,-0.093,99.36,-84.07,10.76,52.824295,-1.64786,11.5,4,315.03,20 / 21,-20.08671404632749,-13.354011774349406,-4.478217499999846,-971.0846303639195,991.1407061067694,-237.4811590102339,False,149.099,-3.7828280064138147,11.995262598178755,-768.6232907369748,1232.1723315747765,12.577605555552958,342.49678999998144,16.303886039913674,25.34927437252816,202.46133962694466,241.03162546800718
242712.0,1.4066,2.3826,9.4621,-0.0112,-0.046,9.8065,0.0516,-0.2332,0.1329,96.91,-83.99,8.56,52.824295,-1.64786,11.5,4,315.03,20 / 21,-19.99057659692594,-13.426442746152457,-4.488287499999846,-973.088494896082,989.8016833807443,-237.92948426023386,False,149.19899999999998,-3.633134251091895,11.88556777632672,-768.9796898092029,1233.3622284847233,12.428455555562198,343.0029199999777,16.357442345834045,25.312010522479177,204.1088050868791,243.56054510397905
242812.0,2.4245,-0.7844,9.2131,0.0026,-0.0037,9.8066,-0.0046,-0.1592,0.0339,96.34,-83.98,8.44,52.824295,-1.64786,11.5,4,315.03,20 / 21,-19.90009218097431,-13.626298359920254,-4.535192499999856,-975.0830283349775,988.4490463254403,-238.38065826023396,False,149.299,-3.534879773992922,12.096189566957005,-769.3358872601918,1234.5740307954343,12.60211944443928,343.7099099999793,16.365212406981385,25.722487926877257,205.74714107478565,246.12498446999393
242912.0,-0.0635,2.134,10.0144,0.0107,-0.0233,9.8066,-0.052,-0.1397,0.0851,82.67,-83.98,7.61,52.824295,-1.64786,11.5,4,315.03,20 / 21,-19.814530811304564,-13.721179481714708,-4.554482499999855,-977.0687594845913,987.0816724333587,-238.8351420102339,False,149.399,-3.515100976730896,12.06571351815973,-769.6854312116478,1235.7860554960016,12.567313888889432,343.7575899999994,16.29942983457367,25.78689299987444,207.38332827294346,248.70438306264293
243012.0,2.4697,0.9193,9.2436,-0.022,0.037,9.8065,-0.0307,-0.1554,0.1607,89.08,-83.74,8.51,52.824295,-1.64786,11.5,4,315.03,20 / 21,-19.628832059702283,-13.820553478642982,-4.572247499999854,-979.0409276281415,985.7045857853409,-239.29147851023387,False,149.499,-3.4146750435547446,11.956342058780695,-770.0216009569459,1236.9760636008662,12.434394444444468,344.06093999999996,16.21415701614754,25.776895537423677,209.01932667119559,251.27147781552526
243111.0,1.1145,2.089,9.5059,-0.0057,-0.0138,9.8065,-0.0376,-0.054,0.0464,86.5,-83.65,7.01,52.824295,-1.64786,11.5,4,315.03,20 / 21,-19.442535892959885,-13.985346649671012,-4.615005599999849,-980.9749603417981,984.3281937289895,-239.7462475386838,False,149.59799999999998,-3.367224172496277,11.979429289210447,-770.3542759347496,1238.1648485619094,12.443672222221602,344.3001799999862,16.07531172046361,25.96477593888146,210.62068440704854,253.83665483291986
243212.0,1.4802,1.6428,9.5935,0.024,0.0207,9.8065,-0.1452,0.1693,-0.0158,96.6,-83.56,7.54,52.824295,-1.64786,11.5,4,315.03,20 / 21,-19.226903197044724,-14.115482830703403,-4.6409575499998486,-982.9277670158433,982.9091018402306,-240.21367367775878,False,149.69899999999998,-3.3354303290737493,11.95257751636659,-770.6870181196407,1239.3777628214305,12.409238888890426,344.4079599999954,15.891472867970975,26.068060347069995,212.2407488962026,256.46866098119983
243312.0,0.9822,2.0361,9.2052,0.0156,0.0078,9.8066,-0.0482,0.1281,0.0077,83.63,-83.64,9.27,52.824295,-1.64786,11.5,4,315.03,20 / 21,-19.01461429167327,-14.231789089620335,-4.681687549999857,-984.8398428902797,981.4917382442142,-240.67980593275888,False,149.799,-3.1083982284927023,12.045045603469111,-770.996372245504,1240.5896763270662,12.43968888888798,345.52967999996696,15.906216063180565,26.276834693089448,213.84347064477572,259.097938082852
243412.0,-4.0448,4.2245,9.5977,0.0711,-0.0758,9.806,-0.1061,0.6371,-0.3635,76.68,-83.89,5.66,52.824295,-1.64786,11.5,4,315.03,20 / 21,-18.717533291514602,-14.014055417379218,-4.7222075499998555,-986.7264502694389,980.0794460188642,-241.15000068775885,False,149.899,-3.0766368278066163,12.086178923825402,-771.3055247501677,1241.8017010276335,12.47162499999953,345.7182099999974,15.640896463707985,26.10023434120462,215.42092551927124,261.72225500876925
243512.0,2.9117,-1.1463,9.5323,0.027,-0.029,9.8065,0.0276,-0.0212,0.0375,83.95,-84.01,7.89,52.824295,-1.64786,11.5,4,315.03,21 / 23,-18.56870737534123,-13.909714691683124,-4.746372549999854,-988.5907623027816,978.6832575134113,-241.6234296927588,False,149.999,-3.0542149063863295,12.098434223833342,-771.6080237552459,1243.0137257275007,12.477994444444445,345.83187,15.5144924689549,26.008148915516465,216.98273854753575,264.3304682140895
243612.0,2.1007,-4.6971,10.3146,0.0292,-0.1019,9.806,-0.0345,0.48,-0.2868,88.06,-84.18,4.26,52.824295,-1.64786,11.5,4,315.03,21 / 23,-18.80914493792739,-14.166927510134284,-4.7346925499998544,-990.4596549184449,977.2794254033205,-242.09748294775875,False,150.099,-3.063883049301267,12.042996395021113,-771.9171090528209,1244.2367587261742,12.426630555558555,345.7260800000063,15.745261888626121,26.2099239051554,218.542545865624,266.95733332285374
243712.0,-0.3609,5.9804,9.1491,0.02,-0.0838,9.8062,0.0496,-0.5335,0.3142,89.61,-84.08,5.55,52.824295,-1.64786,11.5,4,315.03,21 / 23,-18.708739785764077,-14.254849344484244,-4.742172549999854,-992.3355491546293,975.8583365605897,-242.5713262027587,False,150.19899999999998,-3.0931129076133788,12.098293725523554,-772.2196080579256,1245.4488946209726,12.487436111108387,345.658670000003,15.6156268781507,26.353143070007796,220.11594109670375,269.59055806038293
243812.0,-1.0335,-0.0219,9.7556,0.0348,-0.0353,9.8065,-0.0337,0.1247,-0.0228,89.81,-83.92,9.77,52.824295,-1.64786,11.5,4,315.03,21 / 23,-18.378362018637052,-14.178673997191423,-4.777602549999862,-994.1899042448498,974.4366603935056,-243.0473149577588,False,150.299,-3.003980337300799,12.248819871929463,-772.5153863563919,1246.6829359172352,12.611805555551907,346.2203199999834,15.374381681336253,26.427493869120887,221.6745178884579,272.24627552372965
243912.0,1.0916,4.8119,9.1048,0.0226,-0.0921,9.8061,-0.0178,-0.5056,0.2754,87.78,-84.14,8.81,52.824295,-1.64786,11.5,4,315.03,21 / 23,-18.104425736619373,-14.167276063488966,-4.815247549999859,-996.0140436326125,973.0193628904716,-243.52695746275876,False,150.399,-3.029250115090451,12.358024928431863,-772.8177509473769,1247.9282079001619,12.723880555553912,346.22698999999994,15.07517562152892,26.52530099192083,223.19629268523556,274.90884500969025
244011.0,1.8463,-1.6936,10.244,-0.0183,0.0105,9.8066,-0.0183,-0.1426,0.1006,96.8,-83.88,12.32,52.824295,-1.64786,11.5,4,315.03,21 / 23,-17.925897218371926,-14.289958866320505,-4.828340299999858,-997.7975446188843,971.6107297614461,-244.0043150613337,False,150.498,-2.932134600663862,12.247694058025123,-773.1105721349292,1249.1393430417668,12.593788888888941,346.5366799999999,14.993762617708065,26.53765292434563,224.68697248395517,277.52861328032066
244112.0,-1.288,3.4388,10.1963,0.0162,-0.0332,9.8065,0.1123,-0.1077,0.0648,95.79,-83.86,11.7,52.824295,-1.64786,11.5,4,315.03,21 / 23,-17.809152520433607,-14.324576084427248,-4.786576799999858,-999.602164630694,970.1656957464334,-244.48986837488368,False,150.599,-2.9213709916957167,12.321575951570034,-773.4025868376626,1250.3857269741163,12.663161111106911,346.6617999999931,14.88778152873789,26.646152035997282,226.19957779303138,280.22003122768297
244211.0,1.5602,-0.3435,9.8287,0.0077,0.0362,9.8066,0.0295,-0.2047,0.1584,100.9,-84.13,13.66,52.824295,-1.64786,11.5,4,315.03,21 / 23,-17.63198483698167,-14.351476483270927,-4.766197649999854,-1001.3565009298864,968.746231144332,-244.96273071015875,False,150.698,-3.0522648587565984,12.361216267450176,-773.7018599035739,1251.618545126643,12.732488888885817,346.1298800000239,14.579719978225071,26.712692750721104,227.65464102631245,282.8723139823111
244312.0,1.7281,-3.6144,9.7521,0.0119,0.0055,9.8066,-0.0523,0.1164,-0.1525,88.9,-84.17,11.42,52.824295,-1.64786,11.5,4,315.03,21 / 23,-17.811568332774787,-14.514872172456947,-4.7678388999998536,-1003.146400364959,967.2884805372178,-245.44419955593372,False,150.799,-3.157388324710256,12.30273619738414,-774.027276518269,1252.854365540592,12.701438888889845,345.6061800000151,14.65418000806453,26.81760836984109,229.11912384669006,285.5658850033742
244411.0,1.0919,-3.4534,11.197,-0.1063,0.1192,9.8053,0.2663,-0.4178,0.0366,86.54,-84.23,4.47,52.824295,-1.64786,11.5,4,315.03,21 / 23,-18.12392785110078,-14.662596977540357,-4.70171679999986,-1004.9252074260608,965.844195814293,-245.91294256308365,False,150.898,-3.190494342449798,12.36556188889146,-774.3400582044858,1254.0870724974948,12.770527777776723,345.5324000000011,14.933433508650984,27.028158866431816,230.58514922157497,288.24287668320176
244513.0,2.0618,-2.0466,7.797,0.0142,0.1672,9.8051,0.0483,-0.856,0.6632,95.67,-83.99,16.39,52.825195,-1.648469,12.65,4,341.89,21 / 21,-18.377221538867072,-14.819450363007473,-4.733301099999862,-1006.7867660449492,964.340611399925,-246.39412847598365,False,151.0,-3.1795420797612994,12.364682875454514,-774.6622488800001,1255.3462438471918,12.766944444444446,345.579,15.197679459105773,27.18413323846199,232.1245171649491,291.00563244726675
244611.0,1.9099,0.3315,10.1173,-0.0377,0.183,9.8049,0.058,-0.6315,0.4341,103.99,-84.15,21.28,52.825195,-1.648469,12.65,4,341.89,21 / 21,-18.46158246072906,-15.006180576485402,-4.816552099999849,-1008.5918674409291,962.8791554838901,-246.86207128278357,False,151.09799999999998,-3.235892103958418,12.503082825379414,-774.9783909195074,1256.577616465353,12.915033333324692,345.48982000000524,15.22569035677064,27.509263401864814,233.61347652142172,293.69846098146286
244712.0,1.8054,-5.1197,9.6919,-0.0085,0.1319,9.8057,-0.1985,0.4496,-0.2815,102.91,-84.14,21.29,52.825195,-1.648469,12.65,4,341.89,21 / 21,-18.70783985425379,-15.138437170266037,-4.806659149999849,-1010.4689232678357,961.3568522876792,-247.34804345090856,False,151.19899999999998,-3.2346892350369916,12.535202965781156,-775.3042107766001,1257.8466841630523,12.945830555554323,345.53056999999814,15.4731506192168,27.673640136047194,235.1647124912356,296.48983187537306
244812.0,0.7829,-3.4677,9.704,-0.0093,0.145,9.8055,-0.042,-0.4042,0.4057,99.34,-84.07,17.23,52.825195,-1.648469,12.65,4,341.89,21 / 21,-19.12199592241536,-15.181864625287256,-4.817529149999851,-1012.3604150566696,959.8408371979012,-247.82925286590864,False,151.299,-3.251639510787254,12.462340176319259,-775.6268046945017,1259.092178536529,12.879561111113071,345.37656000000453,15.870356411628105,27.644204801606513,236.73361036216784,299.25134133862775
244912.0,1.1541,-3.6529,10.1583,-0.0292,0.0984,9.806,-0.2123,0.6276,-0.2837,102.91,-83.97,22.16,52.825195,-1.648469,12.65,4,341.89,21 / 21,-19.457390183206837,-15.209935891822544,-4.805079149999852,-1014.2893843619506,958.3212471720458,-248.3103832809086,False,151.399,-3.3005356879854237,12.604628101239223,-775.9560521119488,1260.3595783093826,13.029588888886652,345.3264900000007,16.156854495221413,27.814563993061768,238.33333225000183,302.03833113733685
245012.0,0.5806,4.8248,8.3385,-0.0676,0.0012,9.8063,0.1717,0.1197,-0.169,99.5,-83.78,17.64,52.825195,-1.648469,12.65,4,341.89,21 / 21,-19.382206537394698,-15.296014318599084,-4.860904149999849,-1016.2313641979806,956.7959496615248,-248.79368244590856,False,151.499,-3.267933331169198,12.601340078127885,-776.2787132369164,1261.6272004734785,13.018186111111113,345.46163,16.114273206225498,27.897354396726968,239.95265096106425,304.83125081195374
245112.0,-3.3592,-2.8388,8.8322,-0.0228,0.0824,9.8062,0.1631,0.5234,-0.3895,96.63,-83.84,19.98,52.825195,-1.648469,12.65,4,341.89,21 / 21,-19.237626078985055,-15.181619351849893,-4.983034149999842,-1018.1623558287995,955.2720679780024,-249.28587936090852,False,151.599,-3.3565635865296373,12.644475436111762,-776.6146141539251,1262.8948226374973,13.082405555551802,345.1333300000192,15.881062492455419,27.826094787961654,241.54774167487437,307.62275465949494
245212.0,1.7443,6.1738,9.6024,-0.0363,-0.0044,9.8065,0.1183,0.1325,-0.2266,97.21,-83.82,20.53,52.825195,-1.648469,12.65,4,341.89,21 / 21,-19.030871761663196,-15.123384006716796,-5.041969149999838,-1020.0757807208317,953.7568178100742,-249.78712952590848,False,151.69899999999998,-3.38672802889475,12.420599987012467,-776.9573029846097,1264.129419907704,12.874055555564835,344.747860000017,15.644143732768446,27.543983993729263,243.11847773622208,310.37260209762985
245312.0,-0.9923,-3.6784,10.1005,0.0054,0.1122,9.806,0.0962,0.4293,-0.2753,98.05,-83.94,24.67,52.825195,-1.648469,12.65,4,341.89,21 / 21,-18.877678178015277,-15.173901229982215,-5.037489149999837,-1021.9712082178161,952.2419535482388,-250.2911024409086,False,151.799,-3.429259916687886,12.660198666346036,-777.3000590223738,1265.4077167845269,13.116419444437238,344.84398999999706,15.44841826132739,27.83409989632825,244.67114919544224,313.16576323628806
245412.0,-2.1173,1.7712,10.1125,0.0272,0.0068,9.8066,0.0042,0.2827,-0.0781,100.12,-84.3,22.87,52.825195,-1.648469,12.65,4,341.89,21 / 21,-18.91402241683842,-15.011332510955292,-5.007504149999839,-1023.8607932475586,950.732691861192,-250.79335210590855,False,151.899,-3.3640909270797343,12.669981803723008,-777.6295080610467,1266.6754501428613,13.108988888889035,345.1301199999958,15.549931489758686,27.6813143146783,246.23128518651185,315.9427582816693
245511.0,0.6578,-1.7436,9.8887,0.0025,0.009,9.8066,0.0144,0.0173,0.0044,100.95,-84.67,24.35,52.825195,-1.648469,12.65,4,341.89,20 / 23,-18.86754723035567,-14.940923676184791,-4.9883030999998415,-1025.7309809450944,949.2500551799287,-251.2881445647835,False,151.998,-3.4347820231482133,12.714070666509507,-777.9752884167806,1267.9412931879006,13.16986666666664,344.88212000000004,15.432765207207456,27.654994342694298,247.75569252831383,318.69123800797183
245612.0,0.4789,-0.3773,9.6899,0.0004,-0.0245,9.8065,-0.0102,0.2789,-0.151,98.56,-84.79,22.2,52.825195,-1.648469,12.65,4,341.89,20 / 23,-18.949400518679422,-14.979260876895436,-4.990055449999842,-1027.6407368064206,947.7390858599982,-251.79205167155848,False,152.099,-3.5427493636805067,12.65057581268681,-778.3349134281607,1269.2108056652082,13.137286111113083,344.35527000003043,15.406651154998915,27.62983668958225,249.3058233782599,321.47171980521
245712.0,1.7615,-2.1188,10.3302,0.0055,0.0067,9.8066,0.0949,-0.2387,0.0401,104.69,-84.73,24.23,52.825195,-1.648469,12.65,4,341.89,20 / 23,-19.063516823708323,-15.060891846599068,-4.969715449999843,-1029.5413826735398,946.2370782238236,-252.29004021655845,False,152.19899999999998,-3.471330359665107,12.389502066689104,-778.6778038800583,1270.4452917411832,12.866619444456449,344.3480200000001,15.592186464043216,27.450393913288174,250.86357879348157,324.2082135173596
245812.0,0.2275,-1.625,9.5425,-0.0157,-0.0092,9.8066,-0.0304,0.0423,0.0818,105.12,-84.49,23.3,52.825195,-1.648469,12.65,4,341.89,20 / 23,-19.23696481338017,-15.113325741109593,-4.95674544999984,-1031.4564067553947,944.7283673444377,-252.78636326155856,False,152.299,-3.5835846185359967,12.4783036201091,-779.0405204164994,1271.6905637248103,12.982688888885386,343.97675000001095,15.653380194844171,27.591629361218693,252.41588633889535,326.9621963803726
245912.0,0.7999,1.9094,9.9044,-0.0158,-0.0681,9.8064,-0.0129,-0.2425,0.1385,98.71,-84.45,20.37,52.825195,-1.648469,12.65,4,341.89,20 / 23,-19.197159312926594,-15.15970078901552,-4.965065449999839,-1033.37811296171,943.2147160179316,-253.28245380655852,False,152.399,-3.5061425975917926,12.637424958981033,-779.390131575022,1272.9689717965653,13.114788888886947,344.4937399999923,15.6910167153348,27.797125747996553,253.98798138668803,329.7542557786337
246012.0,1.9997,-2.6203,11.1658,-0.0174,-0.0211,9.8065,0.1434,-0.2956,0.0729,107.71,-84.3,20.54,52.825195,-1.648469,12.65,4,341.89,20 / 23,-19.23128784932797,-15.272417612709448,-4.892220449999844,-1035.2995353198226,941.6931100978454,-253.77531810155847,False,152.499,-3.4852812925811554,12.548985150474591,-779.7396083194118,1274.214688559197,13.02398611111113,344.47821,15.746006556746813,27.82140276318404,255.55992700041077,332.5215784613515
246112.0,1.1417,1.0454,9.3675,0.0045,-0.0025,9.8066,0.1209,-0.1014,0.0203,104.09,-84.36,17.83,52.825195,-1.648469,12.65,4,341.89,20 / 23,-19.317036593960268,-15.400783215805324,-4.846220449999846,-1037.2269515419869,940.1594500564198,-254.2622401465584,False,152.599,-3.6174665338173777,12.558917485727534,-780.1023920628938,1275.4710800358525,13.069530555552845,343.93152000003187,15.69957006014289,27.95970070153286,257.124559479093,335.3116299794327
246212.0,0.8386,0.7198,10.0445,0.0155,0.0672,9.8063,-0.0835,-0.2899,0.2108,101.35,-84.42,20.52,52.825195,-1.648469,12.65,4,341.89,20 / 23,-19.220302244564856,-15.520130534663554,-4.856285449999845,-1039.153818483913,938.6134043688965,-254.74736544155837,False,152.69899999999998,-3.5042116231449922,12.632574623615362,-780.4453497218577,1276.7385910043365,13.109599999998244,344.49623999997465,15.716090621419863,28.152705158278916,258.7084687620553,338.12518663544006
246312.0,0.8514,-3.0902,9.7682,-0.0118,0.0052,9.8066,-0.0823,-0.1342,0.1218,100.45,-84.43,18.82,52.825195,-1.648469,12.65,4,341.89,20 / 23,-19.3199476305528,-15.58417875182788,-4.846315449999842,-1041.0808309776694,937.0581889045716,-255.23249548655846,False,152.799,-3.497574442440948,12.581468646575583,-780.7947592591811,1277.9952048709392,13.058575000001513,344.4643800000011,15.822373188111852,28.165647398403465,260.2860717184883,340.93701596636765
246412.0,2.5297,-2.8101,10.4817,-0.0243,0.0683,9.8064,0.0842,-0.3882,0.2181,102.33,-84.47,21.12,52.825195,-1.648469,12.65,4,341.89,20 / 23,-19.610923087423448,-15.693879667309924,-4.814485449999844,-1043.027374513568,935.4942859836148,-255.71553553155843,False,152.899,-3.976141490254911,12.443932835641991,-781.2041174995887,1279.2296909469214,13.06383055555547,342.28006000003245,15.634781597168537,28.137812502951917,261.8232570139793,343.7354049633067
246511.0,0.5057,-0.6635,10.4118,-0.0212,0.0064,9.8065,0.1201,-0.1672,0.029,99.69,-84.6,19.53,52.825195,-1.648469,12.65,4,341.89,18 / 19,-19.777494925848643,-15.807712821903854,-4.7511155499998505,-1044.9771012052247,933.9349571553988,-256.18903278105836,False,152.998,-3.5101441380104883,12.335022654815432,-781.537531755159,1280.4516119947996,12.824877777777873,344.1160799999993,16.267350787838154,28.142735476719288,263.43956945006573,346.51665483940076
246612.0,3.1456,2.5131,9.8018,-0.0179,0.0111,9.8066,0.0442,0.0097,-0.0796,100.73,-84.67,20.73,52.825195,-1.648469,12.65,4,341.89,18 / 19,-19.686364447356567,-16.008585208530775,-4.720800399999851,-1046.9700261035716,932.3282341048618,-256.66736453653334,False,153.099,-3.8312171478534065,12.23927795930899,-781.9301554360418,1281.687210019469,12.82494999999971,342.61851000008954,15.85514729950316,28.247863167839768,265.03987066752984,349.3589759146071
246711.0,-0.6466,-1.3003,8.8494,-0.0029,0.0618,9.8064,0.1061,0.2229,-0.1976,100.32,-84.43,23.44,52.825195,-1.648469,12.65,4,341.89,18 / 19,-19.61804841516637,-16.143493109541687,-4.768424349999859,-1048.915594540267,930.736706228117,-257.1370811616584,False,153.198,-3.647886522563529,12.391169633309008,-782.2897132403591,1282.9199169770704,12.917011111106993,343.5957399999555,15.970161892602842,28.534662742850696,266.62588129990786,352.18321074895346
246811.0,-0.4862,1.3305,9.6379,0.0006,0.042,9.8065,-0.07,0.1382,-0.0387,100.61,-84.33,24.58,52.825195,-1.648469,12.65,4,341.89,18 / 19,-19.573352101929867,-16.090158946426474,-4.8247243499998556,-1050.8751645661216,929.1250236253187,-257.61673859665837,False,153.298,-3.860917753849129,12.348104336557393,-782.67897656797,1284.1544030516732,12.937672222221657,342.6369800000294,15.712434348080738,28.43826328298387,268.1961879981516,355.02937942635447
246911.0,1.3262,0.0294,10.2014,-0.004,0.0549,9.8064,0.0003,0.1965,-0.0851,102.77,-84.23,26.59,52.825195,-1.648469,12.65,4,341.89,18 / 19,-19.483758763576187,-16.14597843212391,-4.813424349999856,-1052.828020109397,927.5132167563913,-258.09864603165835,False,153.398,-3.905540875830943,12.359059184990445,-783.0687775520863,1285.388666738464,12.96146666666631,342.46314000000234,15.578217887745243,28.505037617114354,269.7592425573106,357.8754499820727
247011.0,0.6608,1.3883,10.583,0.0078,0.0179,9.8066,0.129,-0.0054,-0.0148,112.0,-84.29,30.98,52.825195,-1.648469,12.65,4,341.89,18 / 19,-19.4125531637615,-16.273321268145626,-4.7548693499998596,-1054.7728357057638,925.8922517713779,-258.5770607166583,False,153.498,-3.76077522723339,12.394117962376761,-783.4388196587366,1286.633827527181,12.952144444444448,343.1205199999998,15.651777936528111,28.667439230522387,271.33401604702715,360.74157575580307
247111.0,2.1074,5.4752,9.9246,0.0179,0.0622,9.8063,0.1438,0.1521,0.0156,116.2,-84.34,35.83,52.825195,-1.648469,12.65,4,341.89,18 / 19,-19.129821143395006,-16.55485921241218,-4.710154349999862,-1056.6999544211214,924.2508427473501,-259.0503119016583,False,153.59799999999998,-4.001706652784473,12.182143323321316,-783.8413899854386,1287.8465193965285,12.822638888896435,341.814920000077,15.128114490610532,28.737002535733495,272.85856443568287,363.59567664917836
247212.0,1.4176,-1.5097,10.1924,0.0017,0.0969,9.8061,0.0804,-0.431,0.4556,121.57,-84.46,38.37,52.825195,-1.648469,12.65,4,341.89,18 / 19,-19.00012525939063,-16.805714632473585,-4.684717499999862,-1058.625516714462,922.5661337681834,-259.52475293008325,False,153.69899999999998,-3.7984240957527406,12.244341205799069,-784.2220508085568,1289.092680939087,12.82,342.76512999995657,15.201701163637889,29.050055838272655,274.40346590590525,366.52654717090354
247312.0,1.9243,1.7708,9.9851,-0.0061,0.0085,9.8066,-0.0329,-0.0871,0.2042,117.01,-84.41,40.82,52.825195,-1.648469,12.65,4,341.89,18 / 19,-19.035715269047937,-16.964826860250252,-4.656507499999855,-1060.5273087408843,920.8776066935468,-259.99181418008334,False,153.799,-3.8394102373365344,12.29381414447036,-784.6117173785528,1290.3269446259064,12.879399999998249,342.6562000000035,15.196305031711404,29.258641004720612,275.9155913623315,369.44933793235964
247412.0,1.3849,-3.0831,10.0052,-0.0454,0.087,9.8061,0.0143,-0.5307,0.3613,119.49,-83.99,41.79,52.825195,-1.648469,12.65,4,341.89,18 / 19,-19.137918119742935,-17.08690456015056,-4.6376574999998565,-1062.4359904103237,919.1750201225268,-260.4565224300833,False,153.899,-3.9520706906697494,12.23267879185595,-785.0081718622409,1291.550200013838,12.855250000000366,342.0956500000083,15.185847429073185,29.31958335200651,277.42781854808277,372.3751798913113
247512.0,0.6159,2.1062,8.5578,-0.009,0.0358,9.8065,0.1542,0.4515,-0.1063,113.25,-84.23,39.06,52.825195,-1.648469,12.65,4,341.89,20 / 21,-19.19037609759741,-17.151883447405243,-4.6901724999998535,-1064.3524051211907,917.4630807221491,-260.92291393008327,False,153.999,-3.953737917420346,12.145440716176697,-785.3980400534365,1292.7623359086294,12.772775000000015,341.96823,15.236638180177065,29.29732416358194,278.9543650677542,375.2992551864803
247612.0,-1.0283,6.3442,11.2158,0.0199,0.0687,9.8063,-0.0276,-0.0215,0.0608,118.81,-84.41,41.87,52.825195,-1.648469,12.65,4,341.89,20 / 21,-18.771767333442902,-17.34010718106237,-4.682157499999854,-1066.2505122927425,915.7384811907258,-261.3915304300832,False,154.099,-3.959961805520042,12.217434308999984,-785.7944945370829,1293.985368906603,12.84316944444029,342.04124999999567,14.81180552792286,29.557541490062352,280.4560177556597,378.2468877158773
247712.0,1.9413,1.2165,9.6941,-0.0087,0.1242,9.8058,-0.005,0.7978,-0.4068,121.79,-84.41,44.08,52.825195,-1.648469,12.65,4,341.89,20 / 21,-18.438040985644612,-17.57532384538281,-4.617327499999858,-1068.1110027086968,913.9927096394036,-261.85650468008316,False,154.19899999999998,-3.9418408552282007,12.335532791146107,-786.1843627283047,1295.2195213984965,12.950038888884174,342.2786099999895,14.496200130416412,29.910856636528916,281.9266399803921,381.2268117590928
247812.0,-0.6655,6.025,9.98,0.0034,-0.0156,9.8065,-0.2009,0.4982,-0.2142,122.77,-84.58,40.73,52.825195,-1.648469,12.65,4,341.89,20 / 21,-18.136174925494323,-17.838851728332177,-4.6142874999998575,-1069.939713504254,912.2220008607175,-262.3180854300833,False,154.299,-4.03390620007681,12.24201614245529,-786.5874707115256,1296.442776785728,12.889511111112926,341.76224000001525,14.102268725417513,30.080867870787465,283.3522427927285,384.22077592501057
247912.0,1.4574,0.0726,8.4201,-0.0035,0.0703,9.8063,-0.1971,-0.0415,0.155,123.4,-84.3,40.53,52.825195,-1.648469,12.65,4,341.89,20 / 21,-17.872155304669636,-18.051086583302904,-4.674947499999854,-1071.7401300157621,910.4275039451358,-262.7825471800832,False,154.399,-4.056601884270607,12.330015580973804,-786.9907131089185,1297.676929276215,12.980188888887533,341.78867999999954,13.81555342039903,30.381102164276708,284.74941690684363,387.24942533107935
248012.0,-0.8706,6.1646,9.5492,0.0031,-0.0913,9.8061,-0.0671,0.7213,-0.4715,117.31,-84.41,33.66,52.825195,-1.648469,12.65,4,341.89,20 / 21,-17.585000992001444,-18.22953012429021,-4.757147499999849,-1073.5129878305956,908.6134731097562,-263.2541519300832,False,154.499,-4.279777989334476,12.211004982822407,-787.4205695045086,1298.9001846648328,12.939311111111119,340.68515000000025,13.305223002666967,30.440535107112616,286.092418326087,390.2867115550765
248112.0,0.8247,-3.8418,9.3459,0.0419,0.0593,9.8063,0.1382,0.2615,-0.3201,121.87,-84.31,38.67,52.825195,-1.648469,12.65,4,341.89,20 / 21,-17.44547945337086,-18.278337312726286,-4.793057499999847,-1075.2645118528642,906.7880797379055,-263.73166218008316,False,154.599,-4.094058262626968,12.338999598442863,-787.8240807301241,1300.145345452746,13.000488888885297,341.6441999999434,13.351421190743894,30.617336911169147,287.44043112274005,393.3572657148404
248212.0,-0.8903,1.1352,10.5831,0.056,-0.0063,9.8065,0.0218,0.2761,-0.0115,120.56,-84.87,39.13,52.825195,-1.648469,12.65,4,341.89,20 / 21,-17.528638390245053,-18.21580435877093,-4.777272499999848,-1077.0132177450448,904.9633726543308,-264.2101786800831,False,154.69899999999998,-4.1494549120857815,12.255266434159045,-788.2406301266083,1301.368712036988,12.938686111113881,341.29463000001596,13.379183478159272,30.47107079292998,288.77258761843655,396.4053393826572
248312.0,1.2022,-2.8297,10.1519,0.0048,0.0216,9.8066,-0.1435,0.2106,-0.0091,121.45,-85.06,40.86,52.825195,-1.648469,12.65,4,341.89,20 / 21,-17.578906549558756,-18.197023708713118,-4.721187499999835,-1078.7685949920353,903.1427312509562,-264.6851016800832,False,154.799,-4.065090490270039,12.317308370604989,-788.6440069381213,1302.602864526796,12.970780555554592,341.7355099999869,13.513816059288716,30.51433207931811,290.12458805391407,399.4601332758399
248412.0,1.661,0.0136,9.7437,-0.0081,-0.051,9.8065,0.1304,0.118,-0.1027,123.39,-85.04,42.63,52.825195,-1.648469,12.65,4,341.89,20 / 21,-17.746160765290803,-18.258174299460048,-4.7070724999998355,-1080.5348483577777,901.3199713505477,-265.1565146800832,False,154.899,-4.071636830265801,12.35401438010784,-789.0472493354749,1303.837128212908,13.007686111110567,341.75880999999976,13.674523935025002,30.612188679567886,291.4875990223028,402.51715686236037
248512.0,0.3103,0.7514,9.4845,-0.0238,-0.0103,9.8065,0.0625,0.0142,0.0217,121.13,-85.11,40.66,52.825195,-1.648469,12.65,4,341.89,21 / 22,-17.73717587640555,-18.374485101483334,-4.726327499999834,-1082.3090151898625,899.4883383805006,-265.62818468008317,False,154.999,-4.091016531708978,12.35118606391587,-789.4571452324271,1305.0713918976332,13.011080555555555,341.67386,13.646159344696574,30.725671165399206,292.8518699574354,405.5830535171326
248611.0,-0.5197,0.8878,8.8299,0.0259,-0.0057,9.8066,-0.1092,0.1506,-0.0683,121.39,-84.99,40.56,52.825195,-1.648469,12.65,4,341.89,21 / 22,-17.63243998400869,-18.421025762290803,-4.7906230499998275,-1084.0598111749528,897.666960592744,-266.0992737323081,False,155.09799999999998,-4.048656996505097,12.280352684509827,-789.8564224128576,1306.293312947489,12.930533333338035,341.7533599999953,13.583782987503593,30.701378446800632,294.2033887620952,408.6263523547451
248711.0,-1.8796,0.0457,10.8576,0.0263,0.0151,9.8066,-0.0417,-0.1008,0.0495,116.69,-84.85,40.39,52.825195,-1.648469,12.65,4,341.89,21 / 22,-17.50606171475872,-18.351201518001186,-4.786913049999827,-1085.8167362598915,895.8283492287289,-266.5781505373082,False,155.198,-4.199007283178986,12.393682171841313,-790.2794236877146,1307.5275766329346,13.085688888881869,341.28362000002113,13.307054431579733,30.7448836898425,295.5373125721769,411.69922740420566
248812.0,-0.6697,-1.5572,9.9111,0.0452,0.0225,9.8065,-0.0691,-0.0148,0.1054,122.51,-84.86,41.41,52.825195,-1.648469,12.65,4,341.89,21 / 22,-17.47863658073923,-18.209243028043737,-4.728565349999827,-1087.583463523814,893.9820467791537,-267.0586821965082,False,155.299,-4.178172923377387,12.422097064179447,-790.6937552510125,1308.7851912534086,13.105938888888387,341.409629999996,13.300463657361844,30.631340092223184,296.8897082728016,414.80314447425485
248912.0,-0.5247,-0.2277,9.027,-0.0034,-0.0401,9.8066,-0.001,-0.1304,0.099,121.62,-84.93,40.58,52.825195,-1.648469,12.65,4,341.89,21 / 22,-17.492203920550004,-18.12464121424427,-4.762325349999825,-1089.3320055488784,892.1653525670395,-267.53322673150814,False,155.399,-4.213882441612411,12.371287526841764,-791.1170253541227,1310.0305744319598,13.069261111111658,341.19023000000334,13.278321478937592,30.495928741086033,298.21498019475575,417.8652218649204
249012.0,3.1089,-0.8573,10.3779,-0.017,-0.0248,9.8065,0.1183,-0.0082,-0.0971,128.78,-85.03,43.43,52.825195,-1.648469,12.65,4,341.89,21 / 22,-17.589739668951864,-18.206045665400634,-4.772745349999824,-1091.0861027283534,890.3488182230573,-268.0099802665081,False,155.499,-4.324682710665428,12.26029492061823,-791.5537368704838,1311.2539410148088,13.0006888888889,340.5702400000001,13.265056958286436,30.466340586018866,299.53236585786954,420.9051227917515
249112.0,-1.1554,-0.9329,8.9771,0.0155,0.0274,9.8066,-0.0007,0.0425,-0.1142,129.93,-84.93,44.5,52.825195,-1.648469,12.65,4,341.89,21 / 22,-17.69116213022508,-18.243627542452973,-4.785660349999824,-1092.850147818312,888.5263345626647,-268.48790055150806,False,155.599,-4.296414599253384,12.450885124691705,-791.9772758018155,1312.499101802715,13.17132499999001,340.9619799999768,13.394747530971696,30.69451266714468,300.87287201649656,423.9727672400502
249212.0,-0.2922,0.7699,10.5301,0.0155,0.0432,9.8065,-0.0926,-0.0546,0.0533,126.68,-84.57,45.52,52.825195,-1.648469,12.65,4,341.89,21 / 22,-17.621903341538953,-18.197633979373194,-4.790965349999824,-1094.6158010919003,886.7042714865735,-268.966731836508,False,155.69899999999998,-4.5855759771005085,12.335337252848763,-792.4406013163976,1313.7334766837578,13.16013055555613,339.6077200000603,13.036327364438446,30.532971232221957,302.1751997755026,427.0292051971843
249312.0,1.7497,-0.1528,9.7583,-0.0081,0.0459,9.8065,0.0003,0.2141,-0.063,128.13,-84.35,46.2,52.825195,-1.648469,12.65,4,341.89,21 / 22,-17.613710452696324,-18.289536679946483,-4.757210349999816,-1096.3775817816124,884.8799129536071,-269.4441406215081,False,155.799,-4.883786774394232,12.310780691085887,-792.9375975711746,1314.9567320716828,13.24414999999752,338.3614500000363,12.729923678302093,30.600317371032368,303.43998421043784,430.0768191180757
249413.0,1.3267,1.3467,10.436,0.002,0.015,9.8066,0.0797,-0.0224,-0.0664,130.64,-84.28,49.09,52.825195,-1.648469,12.65,4,341.89,21 / 22,-17.63806010936911,-18.467087357935156,-4.727869849999816,-1098.1577961949968,883.0237034396941,-269.92313717160806,False,155.9,-4.937344107045498,12.090749901006676,-793.4331824775467,1316.169868721755,13.060000000002683,337.7870000000081,12.700716002323613,30.55783725894183,304.7246137174501,433.1461652820608
249513.0,-1.2125,-3.7383,9.3021,0.0225,0.0496,9.8064,0.1118,0.2405,-0.2075,137.35,-84.24,51.36,52.825195,-1.648469,12.65,4,341.89,20 / 22,-17.685726222939262,-18.402396034625472,-4.721629849999816,-1099.923985511612,881.1802292700662,-270.395612156608,False,156.0,-5.433636643100066,12.203001313450265,-793.9910011272843,1317.3930129147477,13.358055555555556,335.99800000000005,12.252089579839197,30.605397348075737,305.9329843843277,436.2127836446815
249611.0,2.1982,0.2544,9.9701,0.0376,0.0263,9.8064,-0.0512,0.1067,-0.0102,138.44,-84.42,53.31,52.825195,-1.648469,12.65,4,341.89,20 / 22,-17.813828756121033,-18.32923090795409,-4.738343749999814,-1101.6634637055856,879.3803795498801,-270.8591508630079,False,156.09799999999998,-5.409057959424558,11.940087333550082,-794.5179045264325,1318.5590029153711,13.108155555570141,335.62854000002153,12.404770796696475,30.269318241504173,307.1455591791531,439.17862336549103
249712.0,-1.9364,-2.8819,11.6988,0.0072,-0.0071,9.8066,-0.0061,-0.0939,0.1883,132.54,-84.65,53.61,52.825195,-1.648469,12.65,4,341.89,20 / 22,-17.903247131791392,-18.262604075176018,-4.634535949999814,-1103.4671760379251,877.5324918832321,-271.3324812878579,False,156.19899999999998,-5.499047341968172,11.819021693832502,-795.0742446206821,1319.7496781900275,13.035680555558548,335.04878000002543,12.40419978982322,30.081625769008518,308.39293141724306,442.2171863067954
249812.0,-1.3553,-0.7431,10.2251,-0.0062,0.0429,9.8065,0.1131,-0.1939,-0.0763,142.22,-84.44,59.21,52.825195,-1.648469,12.65,4,341.89,20 / 22,-17.887922631168347,-18.044121349677628,-4.519005949999788,-1105.2567345260736,875.717155611989,-271.79015838285795,False,156.299,-5.865851072880686,11.85078727169963,-795.6719170606677,1320.9283444126108,13.223099999994455,333.6659100000406,12.022071558287662,29.894908621377258,309.5848174654059,445.2111888006218
249912.0,1.9824,-1.4621,8.8808,-0.0103,0.0244,9.8065,-0.0199,-0.1182,-0.1108,143.54,-84.27,60.55,52.825195,-1.648469,12.65,4,341.89,20 / 22,-17.9571146254613,-17.996910252668073,-4.544375949999787,-1107.048986388905,873.9151040318718,-272.2433274778579,False,156.399,-5.7499239867921474,11.949294360785315,-796.2367924523109,1322.129027230196,13.260749999999469,334.30341999999035,12.207190638669154,29.94620461345339,310.8121939365941,448.2139231983242
250011.0,1.7813,-2.5792,8.4165,-0.0284,0.0547,9.8063,-0.1103,-0.218,0.1637,142.06,-83.99,57.9,52.825195,-1.648469,12.65,4,341.89,20 / 22,-18.204107104649335,-17.97383596664336,-4.659017949999774,-1108.8389668645452,872.134552094016,-272.6988954759079,False,156.498,-5.971812181537398,11.78845930561761,-796.8352041700414,1323.2961291810952,13.21483333333335,333.13400000000047,12.232294923111937,29.76229527226097,312.00376269450385,451.1615770870792
250112.0,-1.0493,2.0768,9.6034,-0.0202,-0.005,9.8066,-0.053,-0.1815,0.1015,134.94,-83.23,54.84,52.825195,-1.648469,12.65,4,341.89,20 / 22,-18.218357359535045,-17.984896744255728,-4.739484649999774,-1110.6783013199865,870.3186360921156,-273.17351985720785,False,156.599,-6.103272760599988,11.79491414905767,-797.452769901568,1324.486582065133,13.280438888885008,332.6407400000274,12.115084598935056,29.779810893313396,313.22553141841854,454.16794597301737
250212.0,-0.0213,1.5577,8.9526,-0.0001,0.1036,9.8061,-0.011,-0.2343,0.0879,138.17,-82.24,56.91,52.825195,-1.648469,12.65,4,341.89,20 / 22,-18.029437970905416,-18.099292294053374,-4.792349649999771,-1112.4906910865084,868.5144266402003,-273.6501115722078,False,156.69899999999998,-6.151843324439908,11.678488957048957,-798.0710077038149,1325.6432316920063,13.199711111114727,332.2211900000184,11.877594646465507,29.777781251102333,314.4196833826935,457.128805051806
250312.0,0.5046,-0.6471,10.7209,-0.0276,-0.0233,9.8065,0.0061,-0.3352,0.2055,137.97,-82.24,55.47,52.825195,-1.648469,12.65,4,341.89,20 / 22,-17.992034438388515,-18.17101345801225,-4.7893396499997705,-1114.2917647069735,866.7009113525967,-274.12919603720786,False,156.799,-6.2251091964627125,11.652389652041103,-798.6959662126751,1326.8106672272322,13.210988888888533,331.88733000000974,11.766925241925803,29.823403110053356,315.5957984942984,460.10975587463554
250412.0,-0.9882,2.6628,10.596,-0.0068,0.1466,9.8055,0.1641,-0.5752,0.3967,137.1,-81.97,60.06,52.825195,-1.648469,12.65,4,341.89,20 / 22,-17.880342291041035,-18.24907142356331,-4.7041596499997755,-1116.0853835434448,864.879907108518,-274.6038710022078,False,156.899,-6.341181357377003,11.676528140894245,-799.3276454281602,1327.9782139566892,13.28728611110998,331.49493000000575,11.539160933664032,29.925599564457556,316.7577381152846,463.0983068481712
250512.0,5.2942,-1.898,8.6099,0.0438,0.0062,9.8065,0.089,-0.0301,0.0815,135.37,-82.58,61.32,52.825195,-1.648469,12.65,4,341.89,20 / 22,-17.982825292642577,-18.452119210565236,-4.724529649999774,-1117.8785419226288,863.0448475768117,-275.0753054672078,False,156.999,-6.384746521850584,11.679663524040018,-799.9660453502712,1329.1457606868396,13.310880555555551,331.33656,11.598078770791993,30.131782734605252,317.91249657235755,466.10091311002793
250612.0,-0.0601,-1.6025,8.9949,0.0028,0.0646,9.8064,-0.0446,-0.4686,0.3166,136.2,-82.93,63.02,52.825195,-1.648469,12.65,4,341.89,20 / 22,-18.265259268527103,-18.531158698833163,-4.824954649999769,-1119.690946150687,861.1956836813418,-275.55277968220776,False,157.099,-6.4704083129302346,11.586090029566593,-800.6111659789611,1330.302299118712,13.270411111113484,330.8182200000302,11.794850955596868,30.11724872839976,319.07978017172593,469.1066154373701
250712.0,1.5952,-2.5134,10.1032,-0.026,0.015,9.8065,-0.061,0.3072,-0.0563,135.76,-82.9,62.94,52.825195,-1.648469,12.65,4,341.89,20 / 22,-18.437527554358976,-18.45747023286747,-4.850714649999767,-1121.5260854918313,859.3462522347569,-276.0365631472077,False,157.19899999999998,-6.302017213274207,11.726469659926089,-801.2363933161,1331.4917512482375,13.312624999998107,331.7455799999586,12.135510341084768,30.183939892793557,320.28969217573126,472.1454990134806
250812.0,0.0532,0.2656,10.3244,0.0006,0.0104,9.8066,0.0865,0.1113,-0.0456,140.68,-83.22,62.57,52.825195,-1.648469,12.65,4,341.89,20 / 22,-18.550997847026697,-18.456626272899097,-4.8099996499997575,-1123.375511761901,857.5005474094681,-276.5195988622078,False,157.299,-6.329012212407225,11.780841957696238,-801.8680725315725,1332.6705286664387,13.37328055555378,331.75401000000005,12.221985634619472,30.237468230595333,321.5074392303285,475.1699812569706
250912.0,0.1622,-3.9424,9.4873,-0.0024,0.0465,9.8065,-0.0064,0.3932,-0.1739,142.49,-83.28,63.81,52.825195,-1.648469,12.65,4,341.89,20 / 22,-18.647401257605324,-18.340190782255394,-4.800079649999758,-1125.2354317171325,855.6607065567105,-277.00010282720774,False,157.399,-6.589759501413354,11.473648416632257,-802.5330864519057,1333.8051616976243,13.231438888891002,330.12941000002417,12.05764175619197,29.81383919888765,322.7023452652269,478.1444551409138
251012.0,1.2431,1.0364,10.0338,-0.007,-0.049,9.8064,-0.1009,0.4445,-0.1678,137.57,-83.73,59.81,52.825195,-1.648469,12.65,4,341.89,20 / 22,-18.760479181251444,-18.291310435940538,-4.804689649999758,-1127.1058257390753,853.8291314958008,-277.4803412922077,False,157.499,-6.66631924346879,11.416266805919642,-803.1984364075845,1334.9393499490898,13.2201,329.7179900000001,12.094159937782655,29.70757724186018,323.9073893314908,481.110218453289
251112.0,1.157,-4.4671,9.7049,-0.0029,0.0108,9.8066,-0.0415,0.1728,-0.1441,138.38,-83.6,58.95,52.825195,-1.648469,12.65,4,341.89,20 / 22,-18.937884988239116,-18.264441001597206,-4.798419649999758,-1128.9907439475496,852.001343923924,-277.96049675720764,False,157.599,-6.7587628669711854,11.399726651780847,-803.8704398627743,1336.0845464986746,13.252724999998094,329.336810000022,12.17912212126793,29.66416765337805,325.1203040847753,484.08320257475066
251212.0,0.4901,-0.0374,10.2236,0.0113,-0.06,9.8064,0.02,0.4097,-0.1316,136.87,-83.56,59.47,52.825195,-1.648469,12.65,4,341.89,20 / 22,-19.123409446328537,-18.172621000339333,-4.782659649999759,-1130.8938086692779,850.1794908238272,-278.43955072220757,False,157.69899999999998,-6.577921698507987,11.473387072501488,-804.5225500263887,1337.2408625414737,13.225280555556788,330.1735099999627,12.54548774782055,29.64600807284082,326.3712586428892,487.06137171764647
251312.0,-1.0562,2.5871,10.12,0.0226,-0.0411,9.8065,0.0102,-0.2094,0.1405,130.0,-83.88,59.07,52.825195,-1.648469,12.65,4,341.89,20 / 22,-18.982854237805846,-18.250109435201765,-4.74614464999975,-1132.799121853485,848.3583543020497,-278.91599093720765,False,157.799,-6.548354448056119,11.419342950686797,-805.1744585688036,1338.3862814810045,13.163675000001808,330.1681400000004,12.434499789749726,29.66945238588856,327.62466328468145,490.02792717895477
251412.0,0.4206,0.7646,10.5219,0.0119,-0.0319,9.8065,0.0315,0.1353,-0.0304,131.38,-83.86,60.2,52.825195,-1.648469,12.65,4,341.89,20 / 22,-18.807406597705977,-18.351992509631128,-4.694714649999753,-1134.6886348952605,846.5282492048082,-279.3880339022076,False,157.899,-6.607936730006993,11.465261944149287,-805.8396741103495,1339.5315892242027,13.233180555554517,330.04326000000185,12.199469867698983,29.817254453780414,328.848960784911,493.0033400193945
251512.0,-0.6665,2.1649,10.5717,0.0022,-0.0684,9.8063,-0.094,-0.3436,0.2931,137.97,-83.94,59.42,52.825195,-1.648469,12.65,4,341.89,22 / 23,-18.66913938068905,-18.471119065916398,-4.620699649999757,-1136.5624621941802,844.6870936260309,-279.8538046172076,False,157.999,-6.661926368337664,11.462475433458247,-806.4983705664563,1340.676896968787,13.257813888888883,329.8350900000001,12.007213012351386,29.933594499374642,330.0640916277239,495.9898033427562
251612.0,1.2791,-4.71,10.6027,-0.0028,0.0678,9.8064,-0.095,0.4993,-0.2963,137.92,-83.65,60.0,52.825195,-1.648469,12.65,4,341.89,22 / 23,-18.752089428549958,-18.418764901371468,-4.542644649999762,-1138.433523634642,842.8425994276666,-280.3119718322075,False,158.099,-6.606462468789127,11.379211203251472,-807.156999815449,1341.8222047140036,13.157955555561394,329.86170999999837,12.14562695976083,29.79797610462294,331.2765238191929,498.979605286337
251711.0,3.596,2.6918,9.5629,-0.0106,-0.018,9.8065,-0.042,0.1794,0.0168,135.52,-83.95,57.66,52.825195,-1.648469,12.65,4,341.89,22 / 23,-18.96366473105421,-18.52867010118343,-4.515305799999757,-1140.3004534655427,841.0137013950398,-280.76034037948256,False,158.198,-6.6033495649554,11.382051990330634,-807.8090427720116,1342.956059381163,13.158849999999914,329.8796399999992,12.360315166098808,29.910722091514064,332.49141069353107,501.94235798612317
251811.0,4.7573,-0.0373,10.3267,0.049,0.0468,9.8063,-0.0183,0.2119,-0.2183,137.55,-84.08,59.29,52.825195,-1.648469,12.65,4,341.89,22 / 23,-19.148787012815756,-18.93070398850003,-4.5014907999997575,-1142.206076052736,839.1407326905558,-281.2111802094825,False,158.298,-6.596991400763491,11.321240408468116,-808.4610857285725,1344.1013671250682,13.103083333335007,329.7702400000033,12.551795612052265,30.25194439696815,333.7449903241636,504.9606344345125
251912.0,-1.0555,-0.6167,9.1779,-0.0019,0.0258,9.8066,-0.0431,0.076,0.0601,136.77,-83.75,58.7,52.825195,-1.648469,12.65,4,341.89,22 / 23,-19.28415805418886,-19.05361419040662,-4.506980149999757,-1144.1469397786198,837.222524622521,-281.66610799245746,False,158.399,-6.48303453214911,11.526795949338807,-809.1062063573202,1345.2691362453004,13.22486944444262,330.645139999987,12.801123522039752,30.580410139745425,335.0407334212996,508.04661162277944
252012.0,3.4532,0.796,8.7269,-0.0459,0.0241,9.8065,-0.1194,-0.1204,-0.0861,136.45,-83.47,57.21,52.825195,-1.648469,12.65,4,341.89,22 / 23,-19.338932827246257,-19.16369948323203,-4.5924051499997525,-1146.0780943226914,835.3116589388392,-282.1210772574574,False,158.499,-6.498345017410997,11.320271908484234,-809.7579804856024,1346.403546886629,13.052861111111145,330.14217,12.84058780983526,30.483971391716263,336.320113837089,511.0918879477899
252112.0,4.3069,-1.8059,10.5204,-0.0475,0.0283,9.8064,0.1637,-0.2007,0.121,142.14,-83.14,55.67,52.825195,-1.648469,12.65,4,341.89,22 / 23,-19.63751202582413,-19.394423771712656,-4.610705149999752,-1148.026916565345,833.383752776092,-282.5812327724573,False,158.599,-6.530267188683186,11.543787239157975,-810.4098890279834,1347.570760031215,13.262861111098761,330.5032999999786,13.107244837140943,30.93821101087063,337.61702753736154,514.187007255123
252212.0,-3.3675,3.1506,9.9499,-0.0225,-0.0008,9.8066,0.0923,-0.4229,0.3135,135.57,-82.89,53.74,52.825195,-1.648469,12.65,4,341.89,22 / 23,-19.607700651402915,-19.471767555538317,-4.567855149999754,-1149.989177199206,831.4404432097296,-283.0401607874573,False,158.69899999999998,-6.654103570627253,11.388126451355896,-811.0751045695022,1348.7052818681618,13.189650000003345,329.70213000003577,12.953597080775662,30.859894006894216,338.9140726297039,517.2648386584323
252312.0,3.1735,-1.2935,10.2649,-0.0243,0.0462,9.8064,0.0642,-0.5324,0.2852,141.44,-82.89,53.67,52.825195,-1.648469,12.65,4,341.89,22 / 23,-19.516704257871744,-19.53642602997859,-4.5377801499997465,-1151.9453974446703,829.4900335304533,-283.49544255245735,False,158.799,-6.501089986149486,11.421849266544639,-811.7204940265044,1349.839470119635,13.14241388889026,330.3523499999806,13.015614271722258,30.958275296523226,340.2249034181659,520.3494365891818
252412.0,3.6049,0.8442,9.8384,-0.0122,-0.0174,9.8065,-0.0702,-0.1222,0.109,139.77,-82.94,52.0,52.825195,-1.648469,12.65,4,341.89,22 / 23,-19.767353033305955,-19.756022421633705,-4.513280149999748,-1153.909600309229,827.5254111078727,-283.94799556745727,False,158.899,-6.720291618026948,11.283460357078406,-812.398949360089,1350.9626500743,13.133144444444575,329.2224800000169,13.047061415279007,31.039482778712113,341.5106509491401,523.4372389664272
252512.0,-1.422,-3.0159,10.0381,-0.0274,0.0371,9.8065,-0.023,-0.1873,0.1409,138.85,-82.64,49.4,52.825195,-1.648469,12.65,4,341.89,21 / 23,-19.898794363511104,-19.766402567105576,-4.5001201499997485,-1155.8929076790698,825.5492898584359,-284.3986655824572,False,158.999,-6.705590499468014,11.27933492313511,-813.0644337298871,1352.0747105351456,13.122055555555557,329.26842,13.19320386404309,31.045737490240686,342.8284739491827,526.5254206767097
252612.0,0.2992,-0.7201,9.1819,-0.0123,-0.0129,9.8065,0.0608,-0.0994,-0.0654,132.24,-82.54,48.23,52.825195,-1.648469,12.65,4,341.89,21 / 23,-19.955246243308615,-19.613319984704262,-4.5197851499997475,-1157.8856097094108,823.5803037308456,-284.8496608474572,False,159.099,-6.813463762190862,11.177341449816938,-813.7497441841942,1353.1976680991734,13.090319444446289,328.63441000003706,13.141782481117753,30.790661434521198,344.13586552521656,529.6173643683278
252712.0,0.3552,-2.7821,9.8184,-0.0242,0.0641,9.8063,0.085,-0.3158,0.2288,132.6,-82.37,48.03,52.825195,-1.648469,12.65,4,341.89,21 / 23,-20.079306495924232,-19.53807325261394,-4.550435149999745,-1159.8873373463723,821.6227340689798,-285.30317186245713,False,159.19899999999998,-6.794289913518687,11.240729614070021,-814.4286027601638,1354.3097285614124,13.134549999998022,328.8497599999901,13.285016582405545,30.77880286668396,345.4587345862085,532.6869944924326
252812.0,-0.9229,1.4742,9.2483,0.0371,0.0367,9.8065,0.0788,-0.1751,0.0524,133.28,-82.26,48.68,52.825195,-1.648469,12.65,4,341.89,21 / 23,-20.081530738442144,-19.49313847675462,-4.577765149999752,-1161.895379208091,819.6711734825109,-285.7595818774572,False,159.299,-6.924337093730585,11.122106105188763,-815.1207011281983,1355.4216778266336,13.10145000000099,328.09465000002234,13.157193644711558,30.615244581943383,346.77467807989274,535.7505043441228
252912.0,2.0455,1.5162,9.7789,0.0065,0.075,9.8064,-0.0655,-0.388,0.3511,139.26,-82.11,48.12,52.825195,-1.648469,12.65,4,341.89,21 / 23,-19.998550640956218,-19.654976487698946,-4.60707014999975,-1163.899383277061,817.7137677342884,-286.21882364245715,False,159.399,-6.867011220860742,11.134918456763595,-815.7996269112477,1356.5336270932337,13.082136111111392,328.33746999999624,13.131539420095475,30.78989494446254,348.09975636581316,538.8198593589453
253012.0,0.5642,1.5949,9.1523,-0.0211,-0.0124,9.8065,0.0417,0.0584,0.0469,131.5,-82.3,45.23,52.825195,-1.648469,12.65,4,341.89,21 / 23,-19.9595403480241,-19.873423748710817,-4.641175149999747,-1165.89728782651,815.737347722468,-286.6812359074571,False,159.499,-6.964345483114053,11.101025667976453,-816.4917252792692,1357.6565846573494,13.104769444444438,327.8974700000001,12.995194864910045,30.97444941668727,349.4055625472407,541.9192369348814
253112.0,1.5128,-1.1327,10.443,-0.0084,0.0314,9.8065,0.0526,-0.3633,0.1113,131.84,-82.25,46.45,52.825195,-1.648469,12.65,4,341.89,21 / 23,-19.9838426752638,-19.984576070202547,-4.642075149999747,-1167.8944569776743,813.7444477315224,-287.14539842245705,False,159.599,-7.052571834050771,10.99386855854385,-817.2039185600495,1358.7246119281056,13.061550000002534,327.31979000003344,12.931270841213031,30.978444628746395,350.6905384176248,544.9801641965831
253212.0,2.8185,-3.8152,8.5392,-0.0057,0.0713,9.8064,-0.0491,0.321,-0.2153,131.98,-82.12,45.71,52.825195,-1.648469,12.65,4,341.89,21 / 23,-20.285323578684853,-19.999040765352785,-4.673630149999745,-1169.9079152903716,811.7452668897448,-287.611183687457,False,159.69899999999998,-6.978136032714424,11.008856471440135,-817.9030064629619,1359.8140998193107,13.034161111112306,327.6307999999859,13.307187545970429,31.00789723679292,352.00490882740974,548.0688329295659
253312.0,0.9543,-2.9567,8.7428,0.0746,0.0636,9.8061,-0.2158,-0.1614,0.3099,131.31,-82.07,43.93,52.825195,-1.648469,12.65,4,341.89,21 / 23,-20.636613418589793,-19.933055266920675,-4.7901951499997715,-1171.9540121402358,809.7486620881307,-288.0843749524571,False,159.799,-7.042767945162537,11.083795348845563,-818.6086134513005,1360.9258266960687,13.132063888885995,327.56767000000195,13.593845473427255,31.016850615766238,353.34539868893535,551.177164607938
253412.0,0.1316,-1.8788,11.2209,-0.0562,0.0005,9.8064,0.3075,-0.3224,0.047,132.15,-82.19,45.75,52.825195,-1.648469,12.65,4,341.89,21 / 23,-20.825925512528297,-19.83178103820444,-4.772675149999772,-1174.0271390867915,807.7604202728745,-288.56251846745704,False,159.899,-7.092937909467112,10.96099991312409,-819.3209411462777,1362.00475107018,13.055780555556703,327.0927900000071,13.732987603061185,30.79278095132853,354.7061979405138,554.2443307973055
253514.0,-0.4984,1.3451,8.1317,0.0088,-0.0403,9.8066,-0.0056,-0.2024,0.2523,138.07,-82.59,47.23,52.826126,-1.649231,13.52,4,323.27,21 / 22,-20.810082314138626,-19.82709805325409,-4.785970849999773,-1176.1505754859515,805.7378174392101,-289.050009413457,False,160.001,-7.186863485194456,10.964116724625,-820.0544390670929,1363.1271526587327,13.10965000000002,326.7555700000002,13.62321882894417,30.79121477787909,356.0961364188587,557.3893352195226
253612.0,1.5083,-3.2939,9.0658,0.0036,-0.0184,9.8066,-0.1821,-0.004,0.0695,131.48,-82.35,45.42,52.826126,-1.649231,13.52,4,323.27,21 / 22,-20.892045076759686,-19.82790609387799,-4.904345049999754,-1178.1939797281052,803.7947222360009,-289.5248348925569,False,160.099,-7.232091527615143,10.89318910798267,-820.7657586560167,1364.1841716315132,13.07535000000202,326.4194300000198,13.659953549144543,30.721095201860656,357.4282210720885,560.3894493955123
253712.0,-0.278,2.8298,9.0295,-0.0309,-0.0816,9.8062,-0.0405,-0.3398,0.192,129.0,-82.33,41.57,52.826126,-1.649231,13.52,4,323.27,21 / 22,-20.91891448631771,-19.871477123425798,-4.980245049999749,-1180.284527706259,801.8097530751359,-290.01906439755686,False,160.19899999999998,-7.253174404942228,10.915743424288502,-821.4849414717386,1365.2737707183437,13.105799999998633,326.3971900000008,13.665740081375482,30.7872205477143,358.79958623452046,563.4640176432079
253811.0,4.2968,-2.0607,10.1946,-0.017,0.0532,9.8064,0.1645,-0.2176,0.0939,131.02,-82.03,44.28,52.826126,-1.649231,13.52,4,323.27,21 / 22,-20.990391103885276,-20.060088421159662,-4.999510449999753,-1182.3590383329745,799.8331405806786,-290.5130622948069,False,160.298,-7.327420638026708,10.878230190516982,-822.216624801773,1366.3525838965961,13.115911111110817,326.0363600000108,13.662970465858567,30.938318611676642,360.14241353120144,566.5194433159176
253912.0,-1.801,0.5696,9.505,0.0497,0.0032,9.8064,0.157,-0.1866,0.0975,132.27,-82.22,46.72,52.826126,-1.649231,13.52,4,323.27,21 / 22,-21.101265600535875,-20.126330194816873,-4.995152299999753,-1184.4846669965477,797.8037264405717,-291.0177927636819,False,160.399,-7.309108756169375,10.910985946174993,-822.9499883084724,1367.4531912797622,13.132886111110862,326.18244999999774,13.792156844366499,31.037316140991866,361.53467868807536,569.6494648391905
254011.0,0.9006,-3.4276,8.0859,0.0413,0.0706,9.8063,-0.122,-0.3024,0.2448,135.17,-82.21,50.5,52.826126,-1.649231,13.52,4,323.27,21 / 22,-21.1453126163564,-20.009800111354696,-5.0952610999997425,-1186.5758726182837,795.8169879904165,-291.5172682269818,False,160.498,-7.346357751122991,11.000573693061897,-823.6817388455734,1368.5429015619638,13.228061111111074,326.26436,13.798954865233409,31.010373804416595,362.89413377271035,572.7259135715474
254111.0,0.5049,-0.5038,11.105,-0.0191,0.0315,9.8065,-0.1377,0.182,-0.0734,133.84,-82.15,48.93,52.826126,-1.649231,13.52,4,323.27,21 / 22,-21.30736793807499,-19.94070090054366,-5.1163810999997414,-1188.6985066460052,793.8194629398216,-292.02785033698177,False,160.59799999999998,-7.393831675703369,11.039601913634348,-824.4210165740396,1369.6328342321256,13.286894444441124,326.1876000000046,13.91353626237162,30.98030281417801,364.27749007196553,575.8133712923039
254212.0,-0.4444,1.3727,9.0834,-0.0017,0.0606,9.8064,0.1068,-0.313,0.221,132.59,-82.34,47.83,52.826126,-1.649231,13.52,4,323.27,21 / 22,-21.25008708511622,-19.991391711855083,-5.087338549999742,-1190.8476581246764,791.8028922628955,-292.54313817930677,False,160.69899999999998,-7.443344308031079,10.977788602105436,-825.1743405793882,1370.7334416159763,13.263305555556654,325.8612800000144,13.806742777085141,30.96918031396052,365.6733175452882,578.9305493530808
254312.0,-0.0869,1.0296,9.5688,-0.0131,0.0179,9.8066,0.0345,0.1778,-0.039,133.68,-82.28,49.32,52.826126,-1.649231,13.52,4,323.27,21 / 22,-21.1174596284341,-20.07319390285397,-5.135393549999753,-1192.9660354603543,789.7996629821596,-293.05427478430687,False,160.799,-7.499184976669474,10.970410289911884,-825.9269925140916,1371.8341601952336,13.288630555554802,325.6441600000063,13.618274651764628,31.043604192765855,367.0390429462627,582.034497213074
254412.0,0.1512,-0.8906,10.2219,0.0012,0.017,9.8066,-0.0328,-0.0843,0.1137,139.84,-82.3,48.66,52.826126,-1.649231,13.52,4,323.27,21 / 22,-21.08620557807867,-20.097378275087838,-5.126523549999753,-1195.07621872068,787.7911343732626,-293.56737063930683,False,160.899,-7.534528712267255,11.028175823722316,-826.6797116558745,1372.945998266223,13.35626388888789,325.65882999999974,13.551676865811414,31.125554098810156,368.3965070648054,585.1548638929603
254512.0,1.9851,-0.6558,9.7987,0.0168,0.0135,9.8066,-0.0248,0.1433,0.025,132.68,-82.43,48.42,52.826126,-1.649231,13.52,4,323.27,20 / 22,-21.18640533588809,-20.139656353998728,-5.106158549999754,-1197.1898492663781,785.7792826418084,-294.07900474430676,False,160.999,-7.590493264973048,11.175547636797916,-827.4390842971902,1374.0689558310319,13.509569444444415,325.81541999999996,13.595912070915041,31.315203990796643,369.7507649691879,588.2896731892234
254612.0,1.8328,0.5165,9.1799,0.0,-0.0027,9.8066,-0.1103,0.1231,-0.0193,139.16,-82.46,48.24,52.826126,-1.649231,13.52,4,323.27,20 / 22,-21.304418403215383,-20.290410661397086,-5.1378935499997525,-1199.314390453333,783.7577792910388,-294.5912073493067,False,161.099,-7.592211821921306,11.130669023217717,-828.1985241455174,1375.1810162917973,13.473436111113308,325.7021600000067,13.712206581294076,31.421079684614803,371.11586630781574,591.4232370007585
254714.0,0.867,-2.1383,10.0303,-0.0166,-0.0024,9.8066,-0.0523,0.1384,-0.0322,132.07,-82.39,47.24,52.826126,-1.649231,13.52,4,323.27,20 / 22,-21.442050426272623,-20.352032828479558,-5.158451649999753,-1201.494460363637,781.685014673055,-295.1163209545067,False,161.201,-7.650044533218179,10.98002997467704,-828.9799407045447,1376.3039738563798,13.382236111109838,325.1341700000036,13.792005893054444,31.332062803156596,372.51451965909234,594.6189591833248
254812.0,1.9291,-0.1407,9.7889,-0.0098,-0.0229,9.8066,-0.0222,0.1761,-0.1533,139.16,-82.29,47.78,52.826126,-1.649231,13.52,4,323.27,20 / 22,-21.598913980749643,-20.389961564421505,-5.148362549999751,-1203.6034676195814,779.6886569478025,-295.6213548503068,False,161.299,-7.681997758131144,10.992587724783908,-829.7307780484913,1377.3827870343919,13.410819444443593,325.0528300000024,13.9169162226185,31.382549289205414,373.87268957109006,597.6941300865893
254912.0,1.173,-1.814,9.8381,-0.0058,0.0098,9.8066,0.0242,0.1052,-0.0247,138.92,-82.24,47.17,52.826126,-1.649231,13.52,4,323.27,20 / 22,-21.75559499623304,-20.439846239032253,-5.147677549999751,-1205.7711930684304,777.6471665576299,-296.1361568553067,False,161.399,-7.761973450902573,10.93998838975122,-830.5035921030579,1378.472608509672,13.41386111111107,324.644120000006,13.993621545330466,31.37983462878347,375.2676009653725,600.8254419520421
255012.0,1.7895,1.175,10.2382,0.0076,-0.026,9.8066,-0.0174,0.3351,-0.2084,138.54,-82.34,46.95,52.826126,-1.649231,13.52,4,323.27,20 / 22,-21.8627411597214,-20.535111924865394,-5.124527549999753,-1207.952109876228,775.5984186494352,-296.64976711030664,False,161.499,-7.831068614183684,10.828622191460738,-831.2897803637956,1379.5513104932195,13.363563888888898,324.12619000000007,14.031672545537715,31.363734116326132,376.6623295124324,603.9528918437843
255112.0,0.1269,-1.2536,10.6132,0.0198,0.0053,9.8065,-0.0143,0.2797,-0.14,140.27,-82.19,48.94,52.826126,-1.649231,13.52,4,323.27,20 / 22,-21.911281738654438,-20.616346016054813,-5.062622549999756,-1210.1408110211466,773.5408457523893,-297.1591246153066,False,161.599,-7.763762035689852,10.91755110936493,-832.069449539077,1380.6409095792726,13.396605555553599,324.5823399999731,14.147519702964587,31.53389712541974,378.0713614820696,607.1000638268833
255212.0,-0.7734,-3.3126,10.4211,0.0257,-0.0423,9.8065,-0.082,0.4584,-0.2278,141.03,-82.47,51.54,52.826126,-1.649231,13.52,4,323.27,20 / 22,-22.0062523532213,-20.44174779220861,-4.99157254999976,-1212.3366877257404,771.4879410619762,-297.66183437030656,False,161.69899999999998,-7.8529841952536135,10.93092956752847,-832.8557050068935,1381.730619861028,13.459369444441673,324.3058400000125,14.153268157967686,31.37267735973708,379.4809827188469,610.2426787990516
255312.0,2.1809,-1.1812,9.1925,-0.0136,-0.0035,9.8065,-0.0489,-0.0862,-0.014,142.04,-82.24,52.28,52.826126,-1.649231,13.52,4,323.27,20 / 22,-22.178937014705884,-20.332177287145946,-4.99155754999976,-1214.5459471941372,769.4492448080081,-298.16099087530665,False,161.799,-7.899244652520248,11.00581137116613,-833.6420276817644,1382.831338439592,13.54717499999743,324.33170999999913,14.279692362185635,31.337988658312078,380.9039195123728,613.3820936315839
255412.0,0.5708,0.2841,10.2147,-0.0278,-0.0061,9.8066,-0.0672,0.0818,-0.0727,141.66,-82.0,50.54,52.826126,-1.649231,13.52,4,323.27,20 / 22,-22.291219238504286,-20.404676670442793,-5.001862549999759,-1216.7694550067974,767.4124021101287,-298.6606618803066,False,161.899,-7.97331493183985,10.950973295109863,-834.4416573557526,1383.9211599162725,13.546130555555585,323.9419400000058,14.317904306664436,31.355649965552658,382.3277976510449,616.5087578061438
255512.0,-0.5982,-1.811,9.7033,0.0209,0.0236,9.8065,-0.0711,-0.07,0.0943,141.85,-81.76,49.82,52.826126,-1.649231,13.52,4,323.27,22 / 22,-22.313572723940354,-20.366943226607916,-4.986627549999759,-1218.9996946049196,765.3738211152763,-299.1600863853065,False,161.999,-7.95387579552874,10.919523595934146,-835.234767944341,1384.9998618991337,13.509261111111117,323.93008000000003,14.359696928411614,31.28646682254206,383.76492666057857,619.6260407838574
255612.0,0.0004,0.0832,10.0826,0.012,0.0087,9.8066,-0.0552,-0.0886,0.1075,149.4,-81.77,50.21,52.826126,-1.649231,13.52,4,323.27,22 / 22,-22.321913457308053,-20.30544389514587,-4.97799754999976,-1221.2314689139819,763.3402017591887,-299.65831764030645,False,162.099,-8.08559821373385,11.000552470353686,-836.0477718244562,1386.1114775808812,13.65243888888052,323.68349000001433,14.236315243574204,31.305996365499556,385.1836970895257,622.7712758216925
255712.0,0.9335,-0.0579,10.2015,-0.0302,0.0176,9.8065,-0.0532,0.137,0.0442,148.21,-81.78,49.94,52.826126,-1.649231,13.52,4,323.27,22 / 22,-22.34039319677821,-20.356992517181578,-4.944457549999762,-1223.464584246686,761.3070799385725,-300.1544403953064,False,162.19899999999998,-8.102508764143957,11.091896121336193,-836.8543238262688,1387.212418549994,13.736113888885239,323.8522699999924,14.237884432634251,31.448888638517772,386.61026042041715,625.9053386114215
255811.0,1.1907,1.4399,10.1234,-0.0122,0.0132,9.8066,0.1256,-0.1224,-0.0595,150.65,-81.79,51.99,52.826126,-1.649231,13.52,4,323.27,22 / 22,-22.377490439956784,-20.495702562391237,-4.909233349999756,-1225.6781194867046,759.2848715321334,-300.64219809485644,False,162.298,-8.083391770741066,11.062053310588366,-837.6527437730682,1388.313137129018,13.700738888889974,323.8432200000003,14.294098669215717,31.557755872979605,388.02537571363644,629.0282655968847
255911.0,0.9504,1.9525,10.8119,0.0306,0.0531,9.8064,0.0303,0.1437,-0.2332,143.8,-81.81,53.62,52.826126,-1.649231,13.52,4,323.27,22 / 22,-22.35349922495041,-20.719689845588483,-4.84313334999976,-1227.9146689699498,757.2241019117345,-301.12981642985636,False,162.398,-8.094769671434914,11.096648561919025,-838.4658148603075,1389.4250863949392,13.735388888888352,323.8900399999993,14.258729553515497,31.81633840750751,389.4488541096423,632.2009844832047
256011.0,-1.0979,-0.5438,10.0082,0.0426,0.0423,9.8064,-0.0722,-0.0464,0.2031,149.13,-82.06,51.95,52.826126,-1.649231,13.52,4,323.27,22 / 22,-22.27938767442629,-20.799971361437986,-4.782793349999746,-1230.146313314919,755.1481188513827,-301.61111276485644,False,162.49800000000002,-8.235628182638667,10.966158033168954,-839.2856066541727,1390.5152414556926,13.714333333333336,323.0932800000001,14.043759491787622,31.766129394606942,390.86070666074636,635.3671226043099
256111.0,1.6447,-2.594,11.3387,0.0131,0.0066,9.8066,0.2247,-0.2385,0.0395,149.83,-82.21,54.69,52.826126,-1.649231,13.52,4,323.27,22 / 22,-22.362185690658755,-20.70373687106797,-4.696113349999776,-1232.3783919831726,753.0729334397581,-302.08505809985627,False,162.59799999999998,-8.329050388580358,11.015558317761972,-840.1187054470965,1391.6158488399399,13.809983333327725,322.90648000001,14.033135302078398,31.719295188829943,392.25968653607606,638.5429154001818
256212.0,-1.0774,0.3543,9.459,-0.0191,0.0087,9.8066,0.043,0.0701,0.0992,156.46,-82.27,55.65,52.826126,-1.649231,13.52,4,323.27,22 / 22,-22.424040091811744,-20.654444235888004,-4.636301149999777,-1234.6400963851872,750.9843452938569,-302.55634503210626,False,162.69899999999998,-8.318860165879506,11.177941762585625,-840.9604067445429,1392.7497035061701,13.933769444439033,323.34255999998044,14.105179925932237,31.83238599847363,393.67968964064437,641.7653582123132
256312.0,-1.4466,-1.1458,9.0468,-0.0229,-0.0249,9.8066,-0.0572,0.2549,-0.0698,148.76,-82.36,54.11,52.826126,-1.649231,13.52,4,323.27,22 / 22,-22.316630615971455,-20.589755984900673,-4.691676149999789,-1236.8771299205769,748.922135282817,-303.02274389710635,False,162.799,-8.394837075732438,11.014498410157248,-841.7937743658047,1393.839747372701,13.848925000002538,322.6866700000195,13.921793540239017,31.60425439505792,395.0833555547722,644.917612089884
256413.0,1.025,0.5534,9.7777,-0.015,-0.0271,9.8066,-0.0215,0.0752,-0.0598,149.06,-82.05,53.5,52.826126,-1.649231,13.52,4,323.27,22 / 22,-22.29343006530027,-20.57910656368044,-4.731510549999788,-1239.129937984981,746.8431077241137,-303.49861482545634,False,162.9,-8.54502927532818,11.068347543941806,-842.6623584897401,1394.9625937421322,13.983055555553598,322.3310000000051,13.748400789972091,31.647454107622245,396.467579495241,648.1194860180185
256512.0,1.5428,-0.7427,9.8195,0.0069,0.0295,9.8065,-0.0364,0.1574,0.0467,149.62,-81.97,53.41,52.826126,-1.649231,13.52,4,323.27,24 / 24,-22.38716595088149,-20.661356590115787,-4.732307499999788,-1241.3416274877818,744.801704798001,-303.9670738189313,False,162.999,-8.39976342633024,11.036246847982538,-843.4873924347633,1396.052415217879,13.869205555555576,322.72502,13.987402524551248,31.697603438098326,397.85423505301856,651.2507104198779
256612.0,0.2535,0.6172,9.9964,0.0138,-0.0212,9.8065,0.0315,0.0053,-0.0705,155.47,-82.0,52.88,52.826126,-1.649231,13.52,4,323.27,24 / 24,-22.452347473268674,-20.728755513200674,-4.722177499999786,-1243.5836031589897,742.7321991928346,-304.4397980689314,False,163.09900000000002,-8.578820311413587,11.0744763540928,-844.3473740541865,1397.1642532894823,14.008580555547402,322.2369700000286,13.873527161855087,31.803231867293476,399.2362291048032,654.4320540966477
256712.0,1.3971,-1.5061,10.0842,0.0058,0.0169,9.8066,0.1428,0.0961,0.014,161.71,-82.28,54.18,52.826126,-1.649231,13.52,4,323.27,24 / 24,-22.52511950089386,-20.741430903516388,-4.698812499999794,-1245.832476507697,740.6586898719995,-304.9108475689312,False,163.19899999999998,-8.64911712581015,11.167228187275944,-845.2142780014551,1398.2872108535962,14.124949999994895,322.2418999999996,13.876002375083711,31.908659090792334,400.6181985062419,657.6285209815967
256812.0,-0.09,-1.2929,10.1101,-0.0094,-0.0042,9.8066,0.0701,0.1014,-0.0964,157.0,-82.64,54.5,52.826126,-1.649231,13.52,4,323.27,24 / 24,-22.620666784806367,-20.65973337587294,-4.669762499999787,-1248.0897658219826,738.5886316580296,-305.3792763189313,False,163.299,-8.672782721743808,11.04212516801793,-846.0812491558173,1399.3772547194337,14.040861111113623,321.85293000001144,13.94788406306256,31.70185854389087,402.0085166661653,660.7886230614041
256912.0,-1.5215,-2.7157,9.4298,0.0199,0.0177,9.8066,-0.0534,-0.0462,0.1261,156.1,-82.67,56.16,52.826126,-1.649231,13.52,4,323.27,24 / 24,-22.61029422502589,-20.471879253657438,-4.673432499999786,-1250.3513138724734,736.5320510265537,-305.84643606893115,False,163.39899999999997,-8.707699628528417,11.111859333200897,-846.9482203101925,1400.4889815961917,14.11727499999883,321.916319999999,13.902594596497472,31.583738586858335,403.4030935622809,663.956930569638
257012.0,1.3959,-0.6697,9.7941,-0.0124,0.0005,9.8066,-0.077,0.1991,-0.0378,155.02,-82.71,54.26,52.826126,-1.649231,13.52,4,323.27,24 / 24,-22.65572448127557,-20.34411389681478,-4.69290249999979,-1252.614614807789,734.4912513690297,-306.31475281893125,False,163.499,-8.842963142147099,11.038299469720144,-847.8418054627653,1401.5899225653052,14.14363055555555,321.3012200000001,13.812761339128471,31.382413366534923,404.7728093450237,667.0986711962755
257112.0,-1.6608,1.4319,9.6378,-0.01,0.0149,9.8066,-0.042,0.0061,-0.0686,155.27,-82.47,53.29,52.826126,-1.649231,13.52,4,323.27,24 / 24,-22.61011523143611,-20.401475592638985,-4.701972499999792,-1254.877906793425,732.4539718945565,-306.78449656893133,False,163.59900000000002,-8.741838186277732,11.230954939913866,-848.7156989448755,1402.7237772319165,14.232163888883765,322.10382999995306,13.86827704515838,31.632430532552853,406.16220784854943,670.26980533736
257212.0,-1.4073,-2.6948,10.4017,-0.0011,-0.02,9.8066,-0.0555,0.313,-0.1437,149.09,-82.26,53.48,52.826126,-1.649231,13.52,4,323.27,24 / 24,-22.494548001053403,-20.306976850834946,-4.6806624999998,-1257.1331399550486,730.4185492723835,-307.25362831893113,False,163.69899999999998,-8.793910081441986,11.063786061985326,-849.5893908058622,1403.8249405901788,14.13295555556,321.52097000002624,13.700637919611417,31.370762912820272,407.5437491491864,673.4063913177953
257312.0,0.6981,-1.5167,10.3411,0.0014,-0.0157,9.8066,0.0167,0.0503,-0.0317,155.98,-82.25,53.98,52.826126,-1.649231,13.52,4,323.27,24 / 24,-22.547281842629335,-20.1272364859787,-4.6241874999997865,-1259.3852314472333,728.3968386055424,-307.71887081893124,False,163.799,-8.837873127871333,11.09464601058382,-850.4763896659417,1404.925770364361,14.184469444442897,321.45956000000166,13.709408714758002,31.221882496562518,408.9088417812916,676.5289317588185
257412.0,1.3502,-1.3505,9.9627,-0.0036,-0.031,9.8066,-0.0943,0.236,-0.0749,157.79,-82.33,55.03,52.826126,-1.649231,13.52,4,323.27,24 / 24,-22.681277301053136,-20.063650057890555,-4.589662499999799,-1261.6466594044166,726.3872942783496,-308.17956331893106,False,163.89899999999997,-8.949717485280893,11.203805041309153,-851.3768299392581,1406.0486167335514,14.339549999997663,321.38178000000113,13.731559815772243,31.267455099199708,410.2698294651585,679.6613224552018
257512.0,1.7886,-3.2464,9.2076,-0.0089,0.0475,9.8065,-0.2341,-0.1778,0.0957,157.01,-82.43,53.69,52.826126,-1.649231,13.52,4,323.27,23 / 23,-22.898500493067527,-19.94077720362358,-4.611812499999804,-1263.9256482941232,724.3870729152734,-308.63963706893117,False,163.999,-8.947854887061624,10.997483253012241,-852.2707511272149,1407.1496688968891,14.177761111111142,320.8671900000001,13.950645606005903,30.93826045663582,411.6548971669083,682.7625959816157
257612.0,-1.2189,-3.823,10.0521,0.0193,0.0277,9.8065,0.0849,-0.1207,0.125,154.68,-82.2,51.95,52.826126,-1.649231,13.52,4,323.27,23 / 23,-23.053590125730217,-19.655584767784998,-4.629492499999808,-1266.2232528250636,722.4072548167026,-309.10170231893125,False,164.09900000000002,-8.984854577868512,11.027651783657111,-853.1712586075474,1408.2504986709919,14.224511111108303,320.8283400000019,14.068735547861705,30.683236551442107,413.05199421751615,685.8432438542893
257712.0,0.342,-0.909,9.0664,0.035,-0.0119,9.8066,0.1711,-0.0506,0.0263,153.67,-82.31,49.64,52.826126,-1.649231,13.52,4,323.27,23 / 23,-23.097624089856975,-19.451229494289358,-4.654232499999799,-1268.530813535842,720.4519141035995,-309.5658885689311,False,164.19899999999998,-8.998427150687432,11.040280658492023,-854.0718332950227,1409.36233674268,14.242874999999206,320.8181000000004,14.099196939169543,30.49151015278138,414.4589802408194,688.9104226390806
257812.0,0.9631,-0.192,8.9115,-0.0462,0.0202,9.8065,-0.0627,0.0788,-0.1266,160.77,-82.08,46.79,52.826126,-1.649231,13.52,4,323.27,23 / 23,-23.165153899079545,-19.453390941323843,-4.736002499999818,-1270.8439524352893,718.5066830818184,-310.0354003189312,False,164.299,-9.050522846776666,10.95685661838728,-854.9790614820447,1410.4522694128925,14.211430555556488,320.4427900000111,14.11463105230288,30.410247559711124,415.86489095324464,691.9455863310741
257911.0,0.0744,-0.7603,10.5173,-0.0012,0.0259,9.8065,0.0431,-0.1596,0.074,161.3,-82.1,47.4,52.826126,-1.649231,13.52,4,323.27,23 / 23,-23.21431997288199,-19.454967963286023,-4.745135249999817,-1273.1397363919511,716.5807193160405,-310.5047166375561,False,164.398,-9.082491719904606,10.914379457920324,-855.8772839222052,1411.5310825911306,14.199133333333515,320.2341800000031,14.131828252977385,30.36934742120635,417.262452469746,694.9503632750901
258011.0,-0.6309,-1.6784,9.5953,0.0235,0.0282,9.8065,-0.0404,-0.0735,0.0258,157.37,-82.22,49.33,52.826126,-1.649231,13.52,4,323.27,23 / 23,-23.217663921054495,-19.359702800084648,-4.720170249999811,-1275.4613355866486,714.6399857778715,-310.9779819125562,False,164.49800000000002,-9.041132049259364,10.93704854568477,-856.7779930238142,1412.6316899754568,14.19017777777778,320.42109999999997,14.176531871795131,30.296751345769415,418.68334256283435,697.9917041975852
258112.0,1.3207,-0.7944,9.1728,0.0084,-0.0097,9.8065,-0.0782,0.0117,0.06,157.64,-82.3,49.47,52.826126,-1.649231,13.52,4,323.27,23 / 23,-23.281172868484067,-19.28642100121184,-4.76285284999981,-1277.8095268445202,712.6883565259061,-311.45687457910617,False,164.59900000000002,-9.097623994122396,10.883419435842962,-857.7008804572047,1413.7215114516068,14.185050000000288,320.1072100000185,14.183548874361671,30.169840437054802,420.1086463873155,701.0331549257007
258212.0,-0.2023,-0.2001,9.8346,0.0104,-0.0015,9.8066,0.0175,-0.0159,-0.0315,158.73,-82.33,49.06,52.826126,-1.649231,13.52,4,323.27,23 / 23,-23.335424066314534,-19.29066096558484,-4.7931478499998,-1280.1403566912593,710.7595024275669,-311.934674614106,False,164.69899999999998,-9.076724032403666,10.912242056012303,-858.601589558813,1414.8111105377366,14.193799999999609,320.2465599999937,14.258700033910868,30.202903021597145,421.5387671324463,704.0516081101697
258312.0,-0.1388,-2.4656,9.5323,0.0032,0.0358,9.8066,-0.0214,0.3532,-0.2046,150.98,-82.26,49.18,52.826126,-1.649231,13.52,4,323.27,23 / 23,-23.365622694057247,-19.19429592558742,-4.805467849999802,-1282.4754090292784,708.8352545830078,-312.41460539910605,False,164.799,-9.147961189499526,10.85917822774201,-859.522124744953,1415.900820819493,14.198838888888744,319.8886300000106,14.217661504557721,30.05347415332943,422.9532842843254,707.0655662364852
258412.0,0.4774,1.3643,9.6252,0.0026,-0.0468,9.8065,-0.0359,0.3152,-0.246,150.57,-82.63,48.92,52.826126,-1.649231,13.52,4,323.27,23 / 23,-23.386911767536294,-19.180792533051456,-4.828257849999795,-1284.8130357523573,706.9165001600765,-312.89629168410585,False,164.89899999999997,-9.116880172151129,10.837602568836727,-860.4295545531738,1416.979522802354,14.162313888889441,319.9285599999994,14.270031595385165,30.01839510188818,424.3834811991835,710.0630226422776
258513.0,-0.2985,-6.0819,9.6911,0.0305,0.0235,9.8065,-0.043,0.4734,-0.2266,152.48,-82.68,51.7,52.826126,-1.649231,13.52,4,323.27,22 / 22,-23.483041151300863,-19.00034098007333,-4.843256349999795,-1287.1799683747586,704.9883529176636,-313.3847031512058,False,164.99999999999997,-9.140659797405478,10.8799098556971,-861.3593643144538,1418.0800189912893,14.209999999999987,319.965,14.342381353895385,29.88025083577043,425.82060406030473,713.0916660736257
258612.0,-0.3654,-0.0443,10.2071,0.0005,-0.0493,9.8065,0.0272,0.4598,-0.3766,152.56,-82.96,50.5,52.826126,-1.649231,13.52,4,323.27,22 / 22,-23.57528684523527,-18.743084625743023,-4.829153799999788,-1289.5093556105883,703.1200533501749,-313.863487453631,False,165.09900000000002,-9.201350478339169,10.703451762011824,-862.2708937536405,1419.1368155730547,14.114850000005521,319.3155600000377,14.3739363668961,29.446536387754847,427.23846185694777,716.0167622228798
258712.0,-0.9907,-4.7638,10.116,0.0085,0.0604,9.8064,0.0405,0.1946,-0.2804,149.98,-83.15,48.89,52.826126,-1.649231,13.52,4,323.27,22 / 22,-23.61688599985949,-18.528367432409095,-4.7936637999998,-1291.8689642528423,701.2564807472679,-314.34462833363085,False,165.19899999999998,-9.154790188978348,10.7290395711236,-863.1849770614463,1420.204286869944,14.10398888888933,319.5267999999903,14.462095810881143,29.257407003532695,428.683987191396,718.9478061226762
258812.0,1.7387,0.1038,10.2479,-0.0248,-0.0292,9.8065,-0.063,0.3324,-0.1332,150.78,-83.02,49.23,52.826126,-1.649231,13.52,4,323.27,22 / 22,-23.746601314996727,-18.370703540303257,-4.756133799999792,-1294.2371386185855,699.4115271986319,-314.8221182136309,False,165.299,-9.170608649404926,10.583648994851655,-864.0989931621474,1421.260749867955,14.004063888891832,319.0914200000129,14.575992665591802,28.95435253515491,430.1381454564381,721.849222669323
258912.0,0.7829,-0.7281,9.7812,-0.0026,0.0723,9.8063,-0.0977,0.0781,-0.1239,152.51,-82.83,51.6,52.826126,-1.649231,13.52,4,323.27,22 / 22,-23.852158194190814,-18.430264163526832,-4.735343799999799,-1296.617076594044,697.571478813441,-315.2966920936307,False,165.39899999999997,-9.200190402441594,10.628732676900029,-865.0196627624197,1422.3391182667285,14.057505555554732,319.1206599999995,14.65196779174922,29.05899684042686,431.5974138316243,724.7676394532875
259012.0,1.2657,0.7953,10.367,0.0185,-0.0034,9.8066,-0.0096,0.3267,-0.1002,153.58,-83.01,51.88,52.826126,-1.649231,13.52,4,323.27,22 / 22,-23.92401759106441,-18.50709270748373,-4.708598799999793,-1299.0058853833073,695.72461096989,-315.7688892236308,False,165.499,-9.298496198714691,10.638350005059253,-865.9537065688772,1423.4067007578576,14.129280555555543,318.84479000000005,14.625521392349718,29.14544271254298,433.05217881443,727.6820897879676
259112.0,-0.7624,-1.3271,9.6855,0.0555,0.0722,9.8062,0.0289,-0.173,0.0869,159.58,-82.87,54.22,52.826126,-1.649231,13.52,4,323.27,22 / 22,-23.933514354257866,-18.523721899530358,-4.686638799999788,-1301.398761980574,693.873070239539,-316.2386511036309,False,165.59900000000002,-9.203598980084088,10.594696992119081,-866.8745777902961,1424.474172051885,14.034025000005569,319.01920999998976,14.729915374173778,29.11841889164944,434.52418419027777,730.6011018123461
259212.0,-1.095,-2.8151,10.0359,0.013,0.0221,9.8066,0.1019,0.1996,-0.1497,159.7,-83.17,52.04,52.826126,-1.649231,13.52,4,323.27,22 / 22,-23.903028764825912,-18.326475915292207,-4.68123379999979,-1303.7905891365274,692.0305603487984,-316.7070447336307,False,165.69899999999998,-9.176450439513303,10.53283138584848,-867.7953145976346,1425.5306350505662,13.969530555558375,318.9368500000037,14.726578325312609,28.85930730114069,435.9952745388928,733.5000747017677
259312.0,-0.6004,-3.0527,10.2039,-0.0027,0.0131,9.8066,0.0404,-0.1933,0.1167,151.39,-83.33,51.22,52.826126,-1.649231,13.52,4,323.27,22 / 22,-23.92984713200473,-18.055094279743695,-4.649908799999783,-1306.1822329313695,690.2114818390462,-317.1736018636308,False,165.799,-9.184123920902652,10.429474775648018,-868.7093979054152,1426.5649702586431,13.896838888891013,318.6330600000089,14.74572321110208,28.484569055391713,437.4728350259543,736.3534884195969
259411.0,-0.042,-2.7522,9.2258,-0.0135,0.0432,9.8065,-0.1374,0.0623,-0.0072,151.27,-83.19,50.58,52.826126,-1.649231,13.52,4,323.27,22 / 22,-24.020509509575845,-17.81419005166449,-4.658996999999782,-1308.5557755851275,688.4359522646416,-317.6343927007307,False,165.898,-9.139311861552875,10.541760655211682,-869.6142738451216,1427.6105361538348,13.95191666666582,319.0758999999932,14.88119764802297,28.355950706876172,438.94150174000595,739.1745838891932
259512.0,1.1113,0.1592,9.6464,0.0031,0.0229,9.8066,-0.0153,-0.2221,0.1739,151.11,-83.22,50.41,52.826126,-1.649231,13.52,4,323.27,23 / 23,-24.110988472518436,-17.752380397935855,-4.696422549999782,-1310.9864162332233,686.6398404569368,-318.10684138800565,False,165.999,-9.27728602816106,10.482738664777193,-870.5573906055199,1428.6774514749372,13.998430555555547,318.49100000000016,14.833702444357376,28.235119062713046,440.42902562770337,742.0376110180005
259612.0,1.6179,-0.8949,9.8896,0.0134,0.0384,9.8065,0.0358,0.0078,-0.096,151.24,-83.25,50.71,52.826126,-1.649231,13.52,4,323.27,23 / 23,-24.228704056460717,-17.812553098794083,-4.700287549999783,-1313.4034008596727,684.8615937820999,-318.57667689300575,False,166.09900000000002,-9.186117105873965,10.44643771805603,-871.4716083273668,1429.7338032772327,13.910888888893995,318.6730999999891,15.042586950586752,28.258990816850115,441.93179253230596,744.8722094951328
259712.0,-0.093,-0.0362,9.8563,0.0043,0.0073,9.8066,0.1001,-0.1938,0.0349,151.32,-83.26,50.86,52.826126,-1.649231,13.52,4,323.27,23 / 23,-24.298453505725817,-17.83512754492469,-4.693657549999785,-1315.8297587377813,683.0792097499146,-319.04637414800555,False,166.19899999999998,-9.202944358620437,10.621110028426163,-872.3922779276385,1430.812171676698,14.053549999993626,319.0917899999815,15.09550914710538,28.45623757335085,443.4374808101428,747.7329619267833
259812.0,0.7567,-2.4777,9.7151,0.0101,0.0216,9.8065,-0.0391,-0.2119,0.202,152.64,-83.29,52.64,52.826126,-1.649231,13.52,4,323.27,23 / 23,-24.366624823612568,-17.765601096858543,-4.695752549999786,-1318.2630126542488,681.2991733178251,-319.5158446530056,False,166.299,-9.170869247263884,10.522300606526104,-873.306361235419,1431.8577375721325,13.957925000002861,318.9257200000051,15.195755576348684,28.287901703384648,444.9566514188298,750.5585642543074
259912.0,0.7668,-0.1372,10.5554,-0.0128,-0.0365,9.8065,-0.1916,-0.262,0.2973,152.63,-83.39,53.43,52.826126,-1.649231,13.52,4,323.27,23 / 23,-24.475516731985163,-17.711647391694967,-4.662892549999797,-1320.705119732028,679.525310893398,-319.98377690800544,False,166.39899999999997,-9.037606435041672,10.468773221787123,-874.2070703370277,1432.902969882778,13.830169444446362,319.19624999999587,15.43791029694349,28.18042061348209,446.4980493950002,753.37765898938
260012.0,0.4829,-1.6572,10.2342,0.041,0.054,9.8064,0.0093,-0.0474,0.0936,152.71,-83.26,52.66,52.826126,-1.649231,13.52,4,323.27,23 / 23,-24.553335986291394,-17.68777666118418,-4.604077549999784,-1323.1565623679423,677.7553396907537,-320.44712541300555,False,166.499,-9.016876870456837,10.434115037745702,-875.1076450245042,1433.937193895923,13.790388888888895,319.16732,15.536459115834557,28.121891698929883,448.0489173434381,756.1818542051693
260112.0,-0.9474,4.0747,8.867,0.0109,0.0118,9.8066,0.1229,-0.441,0.2697,150.21,-83.29,49.14,52.826126,-1.649231,13.52,4,323.27,23 / 23,-24.45105832325735,-17.80523907176538,-4.62968254999979,-1325.6067820834203,675.9806889041058,-320.90881341800565,False,166.59900000000002,-9.057890345419054,10.39655493753812,-876.0082197119158,1434.9823150108691,13.788900000000062,318.9363300000134,15.393167977838296,28.2017940093035,449.5985623715045,759.0016261067633
260212.0,1.5581,-0.9802,10.6069,-0.0117,0.0175,9.8066,0.0469,-0.2814,0.0924,148.7,-83.3,46.66,52.826126,-1.649231,13.52,4,323.27,23 / 23,-24.38043329416745,-17.983173663992698,-4.636652549999787,-1328.0483566642906,674.1912682673185,-321.3721301730055,False,166.69899999999998,-8.970999464126457,10.441894562256074,-876.9087943993778,1436.0275473201064,13.766338888889889,319.33296999998225,15.409433830040992,28.425068226248772,451.1395622649128,761.8362790527879
260312.0,3.5964,0.8741,10.2739,-0.0077,-0.038,9.8065,0.1155,-0.2649,0.1698,146.88,-83.48,45.68,52.826126,-1.649231,13.52,4,323.27,23 / 23,-24.578114868731152,-18.142085167556026,-4.573277549999772,-1330.496284072436,672.3850053257406,-321.83262667800557,False,166.799,-8.947752612487829,10.456097652578624,-877.8027155872952,1437.072779632139,13.761986111111232,319.44490999999687,15.630362256243323,28.59818282013465,452.6935684851409,764.6877743063983
260412.0,-1.068,-4.9361,9.6594,-0.0101,0.0069,9.8066,0.0005,-0.467,0.2959,147.22,-83.56,46.95,52.826126,-1.649231,13.52,4,323.27,23 / 23,-24.772166068593474,-18.065715128373817,-4.557277549999777,-1332.9637981193014,670.5746153109448,-322.28915443300536,False,166.89899999999997,-8.901978446215242,10.37140848652914,-878.6899160685867,1438.107003643897,13.667894444445867,319.35987000000137,15.870187622378232,28.43712361490296,454.27388205071463,767.5323883329523
260512.0,-0.1827,-3.9673,9.3293,-0.0405,-0.0889,9.8061,-0.0319,-0.3016,0.2094,151.96,-83.6,46.01,52.826126,-1.649231,13.52,4,323.27,23 / 23,-24.925833885299035,-17.6760146345092,-4.588507549999784,-1335.4486981169966,668.7875288228001,-322.74644368800546,False,166.999,-8.9046637527571,10.414931176131358,-879.577049342799,1439.1411164621034,13.702694444444438,319.46988,16.021170132541933,28.09094581064056,455.87164877419764,770.3535876393032
260612.0,-2.0429,-5.2978,9.7144,-0.0243,-0.0401,9.8065,0.0608,-0.5356,0.3274,148.73,-83.83,41.7,52.826126,-1.649231,13.52,4,323.27,23 / 23,-25.04130100187296,-17.243574785791125,-4.6169875499997906,-1337.9470548613558,667.0415493517847,-323.2067184430055,False,167.09900000000002,-8.779466830293108,10.391882637495856,-880.4508756178697,1440.18623757775,13.604055555561299,319.8075999999804,16.26183417157985,27.63545742328698,457.49617924348615,773.1446882259653
260712.0,0.5832,-0.881,9.7624,0.0014,-0.1004,9.8061,0.0593,0.1054,-0.017,148.0,-84.27,41.85,52.826126,-1.649231,13.52,4,323.27,23 / 23,-25.118746993439526,-16.9679120061681,-4.623812549999788,-1340.4550572611206,665.3309750121873,-323.66875844800535,False,167.19899999999998,-8.825772581903518,10.388828463382335,-881.331220978389,1441.2204615901937,13.631655555554286,319.6506200000071,16.292974411536008,27.356740469550434,459.12383628273165,775.8894865780064
260812.0,1.2186,1.7493,10.2855,0.0017,-0.047,9.8064,0.0473,-0.3237,0.0641,143.66,-84.41,44.3,52.826126,-1.649231,13.52,4,323.27,23 / 23,-25.142153163740293,-17.07727635326649,-4.602082549999783,-1342.9681022689801,663.6287155942152,-324.13005320300545,False,167.299,-8.66274810907474,10.389463375013841,-882.1983265468845,1442.2545744084073,13.527169444447534,320.17864999998443,16.479405054665555,27.46673972828033,460.7697757220957,778.625858814192
260912.0,0.6989,1.6483,9.8809,0.0067,-0.0659,9.8064,0.0963,0.2058,-0.1542,148.77,-84.6,45.83,52.826126,-1.649231,13.52,4,323.27,23 / 23,-25.10481097943163,-17.297275175167,-4.574427549999792,-1345.4804504761378,661.9099880177941,-324.58887870800527,False,167.39899999999997,-8.622214762075805,10.411407062738599,-883.0586442016876,1443.2886872266272,13.518136111111232,320.3701199999972,16.482596217355827,27.7086822379056,462.4218062744502,781.378699208833
261012.0,-0.4034,0.0195,10.4635,0.0091,-0.0902,9.8061,0.0785,-0.1893,0.0916,148.83,-84.95,46.75,52.826126,-1.649231,13.52,4,323.27,23 / 23,-25.053577927280536,-17.40208974553231,-4.537872549999784,-1347.988369921474,660.1750197717588,-325.04449371300535,False,167.499,-8.582972231214915,10.373102811764792,-883.9122411498655,1444.3228000434472,13.463605555555565,320.39477,16.47060569606562,27.775192557297103,464.0761287716085,784.1477802716884
261112.0,2.125,-3.1517,9.2582,0.0152,0.0185,9.8066,0.0703,0.1735,-0.2386,154.27,-84.86,54.26,52.826126,-1.649231,13.52,4,323.27,23 / 23,-25.180606353100803,-17.32340916306864,-4.532452549999783,-1350.5000791354937,658.4387448263284,-325.4980099680054,False,167.59900000000002,-8.457333323621844,10.365283832887954,-884.759117391357,1445.356912861579,13.377805555560501,320.7880299999772,16.72327302947896,27.688692995956593,465.7409617441367,786.9181680352507
261212.0,0.3641,-2.778,9.5362,0.0005,-0.022,9.8065,0.0215,-0.2693,-0.0006,151.96,-84.79,58.18,52.826126,-1.649231,13.52,4,323.27,23 / 23,-25.407481705811122,-17.14083932670681,-4.573397549999768,-1353.0294835384384,656.7155324018402,-325.95330247300524,False,167.69899999999998,-8.42965010943675,10.409714844870596,-885.5992729262833,1446.4020339772987,13.39481944444365,320.99989999999076,16.977831596374372,27.550554171577406,467.43021061215507,789.6865015754586
261311.0,-1.8046,-4.3551,7.5685,0.0074,-0.0516,9.8064,0.2072,0.4748,-0.3785,152.94,-84.57,59.07,52.826126,-1.649231,13.52,4,323.27,23 / 23,-25.4878083506806,-16.822144047054067,-4.697573249999755,-1355.5488003962346,655.0343647248392,-326.41221552760516,False,167.79799999999997,-8.475697285653657,10.352088579471586,-886.4375466633709,1447.4259168615683,13.379211111111589,320.6913400000094,17.012111065026943,27.17423262652565,469.1112537328637,792.3915521367292
261411.0,1.3591,5.6179,11.0516,-0.0818,-0.1258,9.8055,0.0285,-0.0906,-0.1256,144.38,-84.52,54.07,52.826126,-1.649231,13.52,4,323.27,23 / 23,-25.377536164298842,-16.88080208011271,-4.747233249999766,-1358.0920676219841,653.3492174184804,-326.88445585260524,False,167.898,-8.402658374565307,10.389697364564007,-887.2777694053647,1448.4600296797746,13.362283333333586,321.03583999999466,16.974877789733533,27.270499444676716,470.8142982166195,795.1108122612942
261511.0,-0.1625,-3.5858,9.5591,-0.0239,-0.0349,9.8065,0.1453,-0.3053,0.1337,152.09,-84.44,57.31,52.826126,-1.649231,13.52,4,323.27,22 / 22,-25.325096488628546,-17.01204623491577,-4.697363249999754,-1360.627199254631,651.6545750027286,-327.3566856776053,False,167.99800000000002,-8.182784877790167,10.434192211565623,-888.0915125632671,1449.5050396005722,13.260133333333343,321.89559999999994,17.142311610838377,27.44623844648139,472.53568669136394,797.8504645978436
261612.0,5.5386,4.4479,8.9256,0.0055,-0.1115,9.8059,-0.1387,0.3945,-0.2491,156.09,-84.86,56.5,52.826126,-1.649231,13.52,4,323.27,22 / 22,-25.548942353752118,-17.19477003205892,-4.754357549999754,-1363.1963382161712,649.9271307812464,-327.83399757800527,False,168.09900000000002,-8.240487667508194,10.403611804694584,-888.919503619153,1450.549715935348,13.271805555554758,321.61798000001716,17.308454686243923,27.598381836753504,474.27683459701814,800.6225851541017
261712.0,0.0221,-5.6312,10.9298,-0.0118,0.0941,9.8062,-0.1266,-0.6938,0.6274,151.42,-84.15,56.08,52.826126,-1.649231,13.52,4,323.27,22 / 22,-25.829336567535766,-17.291087633801684,-4.742252549999758,-1365.7652521622347,648.2028378979539,-328.3088280830051,False,168.19899999999998,-8.186896642358098,10.44601285546389,-889.7327763276041,1451.5948370517542,13.271944444444445,321.9129899999868,17.64243992517767,27.737100489265572,476.03247583463053,803.3919991538003
261812.0,1.768,6.9674,10.9792,-0.0002,-0.0872,9.8062,0.0073,-0.6684,0.4622,146.94,-84.45,50.54,52.826126,-1.649231,13.52,4,323.27,22 / 22,-25.82861338384895,-17.41050251891489,-4.627467549999732,-1368.3481496598044,646.4677583903177,-328.7773140880052,False,168.299,-8.038957836592857,10.447040527235824,-890.5326748298455,1452.640069361707,13.182019444447095,322.4218899999851,17.789655547256093,27.857543046150713,477.81547482995893,806.1723109713893
261912.0,-0.2663,-6.9371,10.655,0.0601,0.134,9.8055,0.2286,-0.9816,0.4838,147.86,-84.38,52.03,52.826126,-1.649231,13.52,4,323.27,22 / 22,-25.864662907354322,-17.475228830713974,-4.526422549999767,-1370.9328134743637,644.7234718228369,-329.23500859300503,False,168.39899999999997,-8.15967885603125,10.508993063919828,-891.3523994166566,1453.6853016723458,13.30486111110924,322.1725700000039,17.704984051323073,27.9842218946338,479.5804140577071,808.9618298495088
262012.0,1.5849,-2.6176,11.4188,0.0073,0.0139,9.8066,0.3445,-0.2516,0.0773,155.81,-84.28,62.03,52.826126,-1.649231,13.52,4,323.27,22 / 22,-26.14464963888286,-17.11434998458396,-4.403397549999739,-1373.533279101676,642.9939928820717,-329.68149959800513,False,168.499,-8.1285227971746,10.312191085095112,-892.1723256246545,1454.7195256854905,13.130661111111145,321.7532100000001,18.01612684170826,27.42654106967907,481.36095347702155,811.7255328034188
262112.0,1.2114,-6.8095,10.5804,0.0042,0.0709,9.8064,0.164,-0.6282,0.3022,160.66,-84.25,68.87,52.826126,-1.649231,13.52,4,323.27,22 / 22,-26.42438056887369,-16.755065737930757,-4.284102549999712,-1376.1617306120645,641.3005220959456,-330.1158746030052,False,168.59900000000002,-8.15405912259419,10.150432783953585,-892.9922518325932,1455.720613609734,13.019988888895208,321.22430000003044,18.270321446279503,26.90549852188434,483.1694787794713,814.4200915137885
262211.0,1.6714,1.1468,8.9838,-0.0038,0.0506,9.8064,0.023,-0.0951,-0.0528,159.02,-84.4,66.69,52.826126,-1.649231,13.52,4,323.27,22 / 22,-26.634375263218033,-16.5685047942275,-4.286532999999712,-1378.7881390257528,639.6510053546039,-330.5401210627301,False,168.698,-8.064045621706219,10.296846899081595,-893.7908061935251,1456.7440517149828,13.078777777775096,321.933419999968,18.57032964151181,26.865351693309094,484.9973328322277,817.0930463603789
262311.0,-2.2661,2.2609,10.1796,0.0012,0.1146,9.8059,-0.1091,-0.3128,0.2276,156.56,-84.12,63.01,52.826126,-1.649231,13.52,4,323.27,22 / 22,-26.5266240047432,-16.739337551622697,-4.309027999999704,-1381.44618898915,637.9856132373119,-330.96989911272993,False,168.79799999999997,-7.967954138068883,10.340655416338558,-894.5775321108066,1457.7781645332025,13.054411111111886,322.38409999998674,18.558669866674318,27.079992967961253,486.86865687834336,819.7925512958906
262412.0,-0.7312,-3.0667,10.191,0.0038,0.0312,9.8065,-0.1517,0.2883,-0.1068,156.84,-84.25,62.84,52.826126,-1.649231,13.52,4,323.27,22 / 22,-26.386127731639963,-16.670360976571153,-4.270784349999704,-1384.1182829518373,636.2984234616381,-331.4031796364049,False,168.89899999999997,-8.014579174611105,10.281599668414302,-895.3916785111029,1458.8116101814035,13.036288888889155,322.063330000005,18.37154855702886,26.951960644985455,488.7266044407344,822.5131867197654
262512.0,2.9139,-2.8127,9.5783,-0.0212,0.0133,9.8065,0.1155,0.0352,-0.2058,155.05,-84.17,68.53,52.827,-1.650341,12.84,4,326.97,24 / 24,-26.586996176575543,-16.47714207227887,-4.2629843499997015,-1386.7669391472486,634.6410483091952,-331.829868071405,False,168.999,-7.996040955058081,10.400751821399174,-896.1915098063038,1459.8566201014937,13.119161111111094,322.44708999999995,18.59095522151746,26.877893893678042,490.5754293409449,825.2155717922985
262612.0,-4.1068,-3.1898,8.9501,-0.0323,0.0367,9.8065,-0.1447,0.3472,-0.1203,160.96,-83.8,68.57,52.827,-1.650341,12.84,4,326.97,24 / 24,-26.620139710557336,-16.222094759490577,-4.317229349999714,-1389.427295941606,633.0060864676063,-332.25887875640507,False,169.09900000000002,-7.897755342340525,10.393514486440589,-896.9846203947959,1460.8908441138565,13.053725000003848,322.76977999998155,18.72238436821681,26.615609245931168,492.44267554681005,827.8847576462501
262712.0,0.2022,-6.4135,11.6454,-0.0271,-0.103,9.806,-0.1946,0.1917,-0.1015,154.06,-84.11,59.4,52.827,-1.650341,12.84,4,326.97,24 / 24,-26.610985705071755,-15.748999449198624,-4.26811934999973,-1392.0888522123864,631.4075317571725,-332.6881461914049,False,169.19899999999998,-7.7455869023521515,10.3894930994219,-897.7577032776538,1461.9249569313683,12.959005555559731,323.2947299999768,18.865398802719604,26.138492548620526,494.3311489347326,830.5174251741959
262812.0,-2.9574,5.3672,8.9546,0.0278,-0.0125,9.8066,0.2586,-0.2633,0.0055,148.41,-83.83,57.94,52.827,-1.650341,12.84,4,326.97,24 / 24,-26.47433290735866,-15.642837883009427,-4.218784349999718,-1394.7431181430086,629.8379398905618,-333.11249137640493,False,169.299,-7.747331542281553,10.394217461964809,-898.5305845392738,1462.9590697495817,12.963830555555385,323.30098999999996,18.727001365077108,26.037055344974235,496.21253360373476,833.1211298590199
262911.0,-2.3316,-4.3029,9.2392,0.0622,0.0655,9.8062,-0.2893,-0.1733,0.4164,156.33,-84.12,55.47,52.827,-1.650341,12.84,4,326.97,24 / 24,-26.171529888306395,-15.577779183875414,-4.289049599999711,-1397.3490883513937,628.2925193457511,-333.53362915692986,False,169.398,-7.744363615938889,10.388014278723603,-899.2957369883163,1463.9828414396195,12.957083333333438,323.2951200000001,18.427166272367508,25.965793462599017,498.05335136307735,835.6903220938684
263012.0,-2.0196,1.9814,10.0788,0.0262,-0.072,9.8063,-0.0245,0.3342,-0.2131,156.58,-84.26,56.36,52.827,-1.650341,12.84,4,326.97,24 / 24,-26.000402058930625,-15.411401080926522,-4.30396224999971,-1399.9837709147291,626.7275657423786,-333.96757625535486,False,169.499,-7.671169195201123,10.407523027815941,-900.0696935629937,1465.0383036828232,12.92916944444445,323.60684999999995,18.3292328637295,25.818924108742465,499.9140773517354,838.3107379404446
263112.0,-1.0086,-6.1588,9.4563,0.0149,0.044,9.8065,0.0495,-0.5525,0.3673,164.04,-84.06,59.9,52.827,-1.650341,12.84,4,326.97,24 / 24,-25.88953016561935,-15.18159861497303,-4.307872249999711,-1402.5782675259572,625.1979157575832,-334.3981679803549,False,169.59900000000002,-7.507264648839632,10.44822455877207,-900.8158936192962,1466.083535993387,12.865638888892558,324.30200999995986,18.382265516779718,25.629823173745102,501.7623739066611,840.8856202358037
263212.0,0.6669,3.3429,9.5198,-0.0192,-0.0736,9.8063,-0.0318,-0.3195,0.2373,152.02,-84.41,58.28,52.827,-1.650341,12.84,4,326.97,24 / 24,-25.86062388548363,-15.063558072621285,-4.339732249999701,-1405.1657752285116,623.6856579232041,-334.8305482053547,False,169.69899999999998,-7.365151154760972,10.523946924781683,-901.5485850553222,1467.1287683033313,12.845200000000878,325.0138799999687,18.495472730722657,25.587504997402966,503.61719017318944,843.4431103801272
263312.0,0.0907,0.9437,9.9116,0.0059,0.0733,9.8064,0.1322,-0.5935,0.3539,149.9,-84.2,61.13,52.827,-1.650341,12.84,4,326.97,24 / 24,-25.772282762167663,-15.296490138490155,-4.348827249999703,-1407.7474205608949,622.1676555126481,-335.2649761803548,False,169.799,-7.442986390944315,10.577943302504403,-902.3011025758794,1468.196017210373,12.934099999997374,324.8685400000045,18.32929637122335,25.874433440994558,505.4463179850154,846.0283616977248
263412.0,2.6385,3.4884,9.977,0.0084,0.0164,9.8065,0.045,0.0473,-0.055,149.29,-84.57,61.26,52.827,-1.650341,12.84,4,326.97,24 / 24,-25.75663090520771,-15.583032299162813,-4.335062249999707,-1410.3238662442627,620.623679390766,-335.6991706553546,False,169.89899999999997,-7.477762639746005,10.57504291325489,-903.0538217176488,1469.2524802076825,12.951774999999747,324.735330000002,18.278868265461707,26.158075212417703,507.2700445266139,848.6288008169165
263512.0,-0.7961,-2.1933,10.8217,0.0029,0.0901,9.8062,0.019,-0.5351,0.3024,148.36,-84.93,60.26,52.827,-1.650341,12.84,4,326.97,24 / 24,-25.78401035757563,-15.711957402237102,-4.275792249999693,-1412.9008983074025,619.0589299056957,-336.12971338035464,False,169.999,-7.328178420363834,10.492816763949572,-903.7799268611957,1470.2978237139462,12.798494444444476,325.0696099999999,18.455831937211798,26.204774166186674,509.1209714462068,851.2388938082505
263612.0,2.8146,-5.6639,9.2093,-0.0178,0.0658,9.8063,-0.082,-0.5696,0.3539,149.2,-84.56,60.76,52.827,-1.650341,12.84,4,326.97,24 / 24,-26.05290962009988,-15.452340051031612,-4.254907249999688,-1415.4927443062868,617.5007150330318,-336.5562483553547,False,170.09900000000002,-7.411335220715518,10.664589865278803,-904.5257236750878,1471.365072618825,12.986969444433416,325.20268999999246,18.64157439938436,26.116929916310415,510.96702063119903,853.8643575857932
263712.0,-1.0978,-3.5056,8.8762,-0.0025,0.0723,9.8064,-0.1412,-0.2973,0.198,152.45,-84.26,57.41,52.827,-1.650341,12.84,4,326.97,24 / 24,-26.331516203334825,-15.126885443711911,-4.331297249999662,-1418.1119655974576,615.9717537582952,-336.9855585803545,False,170.19899999999998,-7.391142885083784,10.713685129168809,-905.2650686106725,1472.4435522132155,13.015838888887691,325.39902999999134,18.94037331825104,25.840570572880722,512.846896986785,856.4717984549203
263812.0,3.4893,-3.8077,9.992,-0.0283,0.0596,9.8064,-0.1094,0.4525,-0.1907,150.18,-84.2,53.72,52.827,-1.650341,12.84,4,326.97,24 / 24,-26.59049546212982,-14.894378008940079,-4.36855224999967,-1420.7580661807315,614.4706905856623,-337.42055105535457,False,170.299,-7.333071507650643,10.851889101770078,-905.9976928396327,1473.5331512986536,13.097236111108717,325.9514399999838,19.257423954479176,25.746267110710157,514.7603733410988,859.0624607129913
263912.0,-1.6539,1.582,9.2294,0.0127,0.0075,9.8066,0.0418,0.0784,-0.1191,145.18,-84.24,54.44,52.827,-1.650341,12.84,4,326.97,24 / 24,-26.702377171216988,-14.859074316479091,-4.388147249999664,-1423.422709812398,612.9830179693919,-337.8583860303544,False,170.39899999999997,-7.226808408110714,10.709617513545505,-906.7169428624211,1474.6008449847,12.919855555558252,325.98867999999953,19.475568763106274,25.568691830024598,516.7057669499768,861.6178270153081
264012.0,-0.2296,-3.1841,9.5408,0.007,0.0745,9.8063,0.0601,0.3941,-0.3031,152.85,-84.21,58.16,52.827,-1.650341,12.84,4,326.97,24 / 24,-26.6312778622181,-14.755739544894507,-4.430302249999673,-1426.0893925640703,611.5022772763228,-338.2993085053545,False,170.499,-7.202429022820083,10.72750342439885,-907.4360584710772,1475.6683162802044,12.921080555555557,326.12265,19.428848839398015,25.483242969293357,518.6533340929931,864.1660390038816
264112.0,2.5209,3.284,10.2607,0.0009,-0.005,9.8066,-0.0431,0.2872,-0.261,152.86,-84.3,58.34,52.827,-1.650341,12.84,4,326.97,24 / 24,-26.712232469655607,-14.839679028035427,-4.42089224999967,-1428.7565680806647,610.022506347676,-338.74186823035456,False,170.59900000000002,-7.312318321479001,10.626233886957776,-908.1684810787856,1476.7247792788246,12.89911111111239,325.4666400000381,19.399914148176606,25.465912914993204,520.5880870018791,866.7022729311486
264212.0,-2.4307,-2.4848,9.9287,0.0159,0.0715,9.8063,0.0071,0.1171,-0.1585,154.48,-84.0,59.79,52.827,-1.650341,12.84,4,326.97,24 / 24,-26.674992827402107,-14.906302198654886,-4.39208724999968,-1431.4259293455166,608.5352072863419,-339.1825172053544,False,170.69899999999998,-7.227572838421778,10.879442224646278,-908.8877311015739,1477.836172570106,13.061413888881672,326.4024799999582,19.44741998898033,25.785744423301164,522.5381982439427,869.3009652837642
264312.0,-2.0218,1.9791,10.1728,0.0254,-0.039,9.8065,0.0232,0.3706,-0.2414,155.13,-84.28,60.96,52.827,-1.650341,12.84,4,326.97,24 / 24,-26.46770349563396,-14.8169315210332,-4.367677249999674,-1434.083064161669,607.0490456003572,-339.62050543035446,False,170.799,-7.259296046970936,10.665574114909848,-909.6135002097758,1478.8930803485089,12.901630555560313,325.7595900000192,19.208407448663024,25.48250563594305,524.4695639518932,871.8440347481517
264412.0,0.4011,-1.2556,9.2972,0.0209,-0.019,9.8066,0.0419,-0.2558,0.1231,158.05,-84.13,64.42,52.827,-1.650341,12.84,4,326.97,24 / 24,-26.359515168022813,-14.841839581872012,-4.374842249999672,-1436.7244250948509,605.5661070452124,-340.0576314053543,False,170.89899999999997,-7.169798481763694,10.965941298747302,-910.3260295259387,1479.9934653429918,13.101849999996947,326.82219999998387,19.189716686259118,25.807780880619312,526.3983955689122,874.4273582977794
264512.0,0.7546,-6.3665,9.8258,-0.0219,-0.0955,9.8061,-0.0425,0.4348,-0.1812,156.33,-84.47,62.87,52.827,-1.650341,12.84,4,326.97,23 / 23,-26.547306623924246,-14.543267672295864,-4.399357249999677,-1439.3697661844487,604.0968516825037,-340.49634138035435,False,170.999,-7.066894695301873,10.894956663429907,-911.0317709284234,1481.0722785200778,12.986188888888911,327.03099999999995,19.480411928622374,25.43822433572577,528.3379952560254,876.9754268375741
264612.0,-3.5334,-4.5325,10.1294,0.0198,-0.1148,9.8059,0.0944,-0.5642,0.2845,155.68,-84.57,62.6,52.827,-1.650341,12.84,4,326.97,23 / 23,-26.62478045132468,-14.01580841213383,-4.382262249999673,-1442.0283705382117,602.6688978782819,-340.93542235535443,False,171.09900000000002,-7.066909152521565,11.005467197449253,-911.7307916242193,1482.1838942018185,13.079049999994544,327.29435999998486,19.557871298803114,25.021275609583085,530.2975789139924,879.5149963235366
264712.0,2.7342,-4.1092,9.4985,-0.0184,-0.0685,9.8063,0.1034,0.0856,-0.0823,157.32,-84.4,64.67,52.827,-1.650341,12.84,4,326.97,23 / 23,-26.74550751215092,-13.628033106308832,-4.381532249999673,-1444.6968849363845,601.2867058023602,-341.37361208035423,False,171.19899999999998,-7.200490395187348,10.967071718550704,-912.4563591112465,1483.2738268734304,13.119599999998242,326.7129000000259,19.54501711696357,24.595104824859536,532.2405258251381,881.9871210710702
264812.0,-2.6072,3.5751,9.6382,0.0074,-0.0893,9.8062,0.1333,-0.5578,0.2907,155.19,-84.88,62.8,52.827,-1.650341,12.84,4,326.97,23 / 23,-26.74043956780732,-13.627011866938918,-4.405362249999679,-1447.371182290383,599.9239535536975,-341.8129568053543,False,171.299,-7.166790726941251,11.079453450415546,-913.1688884273839,1484.3855537494953,13.195349999997779,327.10299999998836,19.57364884086607,24.706465317354464,534.2022938629992,884.4616001957978
264912.0,0.7454,-3.3495,9.566,-0.0043,-0.0046,9.8066,-0.0342,-0.2198,0.1656,151.04,-84.67,63.83,52.827,-1.650341,12.84,4,326.97,23 / 23,-26.642197340793295,-13.633370367400953,-4.425817249999672,-1450.0403141358122,598.560934441981,-342.2545157803541,False,171.39899999999997,-7.077247500594775,11.017678881701116,-913.874629829868,1485.4754864203999,13.094911111112642,327.28519999999736,19.56494984019852,24.65104924910207,536.1656843059442,886.9145519784189
265012.0,0.1573,2.9403,10.4929,-0.0008,-0.0645,9.8064,0.0367,-0.3968,0.2346,144.44,-84.79,61.07,52.827,-1.650341,12.84,4,326.97,23 / 23,-26.655738444382298,-13.654455756133954,-4.403537249999666,-1452.7052109250715,597.196543135804,-342.69598350535415,False,171.499,-7.100717776719029,11.082762649031743,-914.5803040252733,1486.5872132978589,13.162363888888875,327.35233999999997,19.555020667663268,24.7372184051657,538.1249068997981,889.3906701620549
265112.0,0.8529,-2.1023,10.1324,0.0099,0.0319,9.8066,0.0367,-0.3783,0.1999,151.29,-84.6,63.17,52.827,-1.650341,12.84,4,326.97,23 / 23,-26.6435339206818,-13.732364512336815,-4.352937249999655,-1455.3701745433252,595.8272021223801,-343.1338072303542,False,171.59900000000002,-7.034243633409862,11.167834217591079,-915.285978220641,1487.6991625637004,13.198530555553498,327.7945399999744,19.60929028727194,24.900198729927894,540.0841963226842,891.8719604413203
265212.0,0.7794,0.9358,9.7113,0.0043,-0.0111,9.8066,0.0111,-0.0039,-0.0161,151.21,-84.75,63.64,52.827,-1.650341,12.84,4,326.97,23 / 23,-7.076168991091981,11.317270164671276,-4.341417249999658,-915.9916524160321,1488.833128425308,-343.568524955354,True,171.69899999999998,-7.076168991091981,11.317270164671276,-915.9916524160321,1488.833128425308,13.347388888882294,327.98412999999175,0.0,0.0,0.0,0.0
265312.0,0.539,-0.4592,10.3468,0.0088,0.0449,9.8065,0.005,-0.3899,0.1101,151.13,-84.73,63.5,52.827,-1.650341,12.84,4,326.97,23 / 23,-7.102938444151145,11.237930268917687,-4.319177249999653,-916.7006077877944,1489.9608884469876,-344.00155468035405,False,171.799,-7.103775405725214,11.329983377915585,-916.7039801109961,1489.9673166774744,13.372813888888183,327.91274000000215,-0.000836961574068873,0.09205310899789865,-0.003372323201688232,0.0064282304867901985
265411.0,0.2909,-5.8621,9.606,-0.0028,0.0909,9.8062,-0.0086,0.2266,-0.1925,157.73,-84.46,65.56,52.827,-1.650341,12.84,4,326.97,23 / 23,-7.242792444452235,11.480621083720825,-4.302371999999655,-917.4107214667802,1491.085456738943,-344.428321368229,False,171.898,-7.028701294992332,11.261635875519397,-917.3960784790338,1491.0683688405857,13.275055555557042,328.0305799999982,0.21409114945990293,-0.21898520820142764,0.014642987746356084,-0.017087898357431186
265512.0,-0.1705,-1.5062,9.7123,0.0184,0.0797,9.8062,-0.038,-0.3566,0.2094,159.22,-84.32,67.4,52.827,-1.650341,12.84,4,326.97,23 / 23,-7.371366227445062,11.793963582004153,-4.317269499999655,-918.1487364797109,1492.2608232645623,-344.86361326397895,False,171.999,-7.0194004694656735,11.240446777802408,-918.1020215027147,1492.2024458973533,13.252155555555559,328.01617000000005,0.35196575797938845,-0.5535168042017453,0.04671497699621341,-0.05837736720900466
265612.0,1.2888,-3.3132,10.1627,-0.0269,-0.023,9.8065,-0.1217,0.2527,-0.2782,158.84,-84.36,66.95,52.827,-1.650341,12.84,4,326.97,23 / 23,-7.494302223722366,11.96954765013157,-4.304184499999652,-918.8920199022695,1493.4489988261694,-345.294685963979,False,172.09900000000002,-7.0289687990130405,11.341446579773427,-918.8076284909896,1493.3475312520145,13.342969444439161,328.2110299999887,0.4653334247093257,-0.6281010703581433,0.08439141127985295,-0.10146757415486718
265712.0,-0.0838,0.7704,9.9232,-0.0093,-0.0487,9.8065,0.0323,-0.0035,0.0863,156.89,-84.3,64.09,52.827,-1.650341,12.84,4,326.97,23 / 23,-7.57893161426043,12.038241189791028,-4.28055449999966,-919.6456815941683,1494.649388268165,-345.72392291397887,False,172.19899999999998,-6.957705643442485,11.368973285863408,-919.4999956872762,1494.481830699111,13.329038888889547,328.53375999998576,0.6212259708179451,-0.6692679039276204,0.14568590689214034,-0.1675575690539972
265812.0,-1.8621,-0.4215,9.9921,-0.0124,0.0127,9.8066,0.0732,-0.1433,-0.0498,156.71,-83.91,63.44,52.827,-1.650341,12.84,4,326.97,23 / 23,-7.465947288403898,12.032179068768396,-4.265454499999656,-920.3979255393017,1495.8529092810932,-346.15122336397894,False,172.299,-6.976946255667957,11.432456705235282,-920.19222846947,1495.6160189505842,13.393238888886993,328.605309999998,0.4890010327359411,-0.5997223635331146,0.2056970698316718,-0.2368903305089134
265911.0,1.9679,-2.1448,9.815,-0.009,-0.0088,9.8066,0.0622,-0.1863,0.1174,143.06,-83.94,63.75,52.827,-1.650341,12.84,4,326.97,23 / 23,-7.511409131632978,12.08833246039143,-4.255861399999657,-921.1393046820934,1497.0468746017864,-346.5730285010289,False,172.398,-6.8603476733363635,11.605154190321333,-920.870952631297,1496.7715566286522,13.481272222220895,329.4105799999878,0.6510614582966143,-0.4831782700700966,0.26835205079646585,-0.27531797313417883
266012.0,-0.051,0.4203,9.8971,0.0301,-0.0111,9.8065,0.1022,-0.0334,0.1675,149.43,-83.91,66.6,52.827,-1.650341,12.84,4,326.97,23 / 23,-7.620984359101935,12.073118653012754,-4.2508719999996565,-921.9034905533755,1498.2670278830133,-347.00261853772884,False,172.499,-7.055533951925787,11.60083336856702,-921.5899338258172,1497.9507788261112,13.577930555555534,328.69242000000014,0.5654504071761481,-0.4722852844457339,0.3135567275583071,-0.31624905690205196
266112.0,0.5415,-3.0207,11.1686,0.0299,-0.0195,9.8065,0.138,-0.2323,-0.0167,155.2,-84.2,68.37,52.827,-1.650341,12.84,4,326.97,23 / 23,-7.677055869779641,12.155060232902487,-4.17825199999964,-922.6683925648198,1499.4784368273092,-347.4240747377289,False,172.59900000000002,-6.877615046768171,11.671606683583915,-922.2690612300161,1499.1183255554845,13.547263888890724,329.4908599999533,0.7994408230114702,-0.4834535493185719,0.3993313348037191,-0.360111271824735
266212.0,1.5232,-0.2367,8.7547,0.0208,0.0133,9.8066,0.164,-0.0603,-0.1667,155.57,-84.45,69.08,52.827,-1.650341,12.84,4,326.97,23 / 23,-7.821698603038525,12.232063206992105,-4.162751999999645,-923.4433302884604,1500.6977929993036,-347.84112493772875,False,172.69899999999998,-6.811701460729677,11.785494394363303,-922.9478525989321,1500.2968805831342,13.612394444441538,329.97320999997896,1.0099971423088485,-0.44656881262880255,0.49547768952834303,-0.40091241616937623
266312.0,-2.8743,-0.5266,10.1754,0.0269,0.0068,9.8066,0.2078,-0.2709,0.1425,160.03,-84.1,74.84,52.827,-1.650341,12.84,4,326.97,23 / 23,-7.753538785234742,12.256454324389834,-4.196911999999653,-924.2220921578743,1501.9222188758729,-348.2591081377288,False,172.799,-6.853610516702919,11.591977286203173,-923.6332974673945,1501.4425219125146,13.466480555559874,329.4067700000169,0.8999282685318226,-0.6644770381866607,0.5887946904797445,-0.47969696335826484
266412.0,0.6731,-1.4435,9.0173,-0.0064,0.0256,9.8066,-0.0799,0.2372,-0.3195,166.91,-84.07,77.68,52.827,-1.650341,12.84,4,326.97,23 / 23,-7.663200703545543,12.36280593918467,-4.2179419999996455,-924.9929291323131,1503.1531818890512,-348.6798508377286,False,172.89899999999997,-6.644935197774626,11.834897803539446,-924.285542045141,1502.6318628478175,13.57279999999837,330.68700999998055,1.0182655057709171,-0.5279081356452231,0.7073870871720374,-0.5213190412337099
266512.0,-2.4866,1.0062,10.6554,-0.0105,-0.0428,9.8065,0.076,-0.111,-0.0165,160.56,-84.07,75.81,52.827,-1.650341,12.84,4,326.97,22 / 23,-7.56509374010042,12.389195972288519,-4.214971999999645,-925.7543438544956,1504.3907819846252,-349.1014965377287,False,172.999,-6.830206139149049,11.820841679191822,-924.9707180853646,1503.821648562126,13.652263888888873,329.98027000000013,0.734887600951371,-0.5683542930966965,0.7836257691309356,-0.5691334224991351
266612.0,0.4072,-3.8849,9.1069,-0.0099,-0.0269,9.8065,0.0346,0.3624,-0.1701,158.99,-83.88,73.26,52.827,-1.650341,12.84,4,326.97,22 / 23,-7.504431459127423,12.527884993375759,-4.207521999999643,-926.5078201144571,1505.6366360329087,-349.52262123772874,False,173.09900000000002,-6.900619059256937,11.924002152528324,-925.6628836604162,1505.0114342784427,13.776805555548377,329.94132000000184,0.6038123998704856,-0.6038828408474348,0.8449364540408624,-0.6252017544659338
266712.0,-1.1374,-1.0908,9.3969,0.0004,-0.048,9.8065,-0.0948,0.036,-0.0214,159.45,-83.99,74.08,52.827,-1.650341,12.84,4,326.97,22 / 23,-7.543364840712235,12.743815921890146,-4.262996999999624,-927.2602099294488,1506.9002210786716,-349.94614718772857,False,173.19899999999998,-6.805968223709055,12.005954687752034,-926.3418094434655,1506.2122282902649,13.80088055555454,330.4518399999773,0.7373966170031805,-0.7378612341381121,0.9184004859832839,-0.6879927884067456
266812.0,1.0996,-2.8107,11.017,0.0058,-0.0107,9.8066,0.1183,-0.185,0.1133,161.4,-83.98,76.66,52.827,-1.650341,12.84,4,326.97,22 / 23,-7.591200374619036,12.901055817159692,-4.222966999999614,-928.0169381902156,1508.1824646656244,-350.37044538772864,False,173.299,-6.844259210710721,11.967333965121446,-927.0272543119279,1507.4021252001917,13.78626111111155,330.23425000000657,0.746941163908315,-0.9337218520382464,0.9896838782876785,-0.7803394654326894
266912.0,1.0818,-0.5345,8.7631,0.0205,0.0088,9.8066,-0.0094,0.0742,-0.1428,161.97,-83.95,77.68,52.827,-1.650341,12.84,4,326.97,22 / 23,-7.733497170287299,12.995608047911388,-4.214626999999617,-928.7831730674607,1509.4772978588776,-350.79232508772844,False,173.39899999999997,-6.778174244309325,11.981971146429782,-927.7061128879106,1508.6029192134013,13.76631111111141,330.50325999999586,0.9553229259779741,-1.0136369014816058,1.077060179550017,-0.8743786454763267
267012.0,0.643,-1.5262,9.0587,-0.0104,0.0236,9.8065,0.0235,0.1304,-0.1888,159.98,-83.67,74.37,52.827,-1.650341,12.84,4,326.97,22 / 23,-7.83482673095179,13.03537846818685,-4.304201999999638,-929.5615892625228,1510.7788471846827,-351.2182665377285,False,173.499,-6.666744948392484,12.05069241922957,-928.3649437581632,1509.803824420843,13.771886111111106,331.04752999999994,1.1680817825593062,-0.9846860489572808,1.1966455043595943,-0.9750227638396609
267112.0,-0.6164,1.4345,10.8246,-0.0443,-0.0544,9.8063,-0.1502,0.0226,-0.0291,156.51,-83.77,69.47,52.827,-1.650341,12.84,4,326.97,22 / 23,-7.818208037141496,13.013724280518504,-4.2907019999996345,-930.3442410009277,1512.0813023221183,-351.64801173772855,False,173.59900000000002,-6.6712477407599895,12.048274023497964,-929.0302265067282,1511.0047296288913,13.771944444444442,331.02627000000155,1.1469602963815069,-0.9654502570205405,1.314014494199455,-1.0765726932270354
267212.0,-1.1302,-3.559,9.3409,-0.0342,-0.038,9.8065,0.0322,0.271,-0.1514,156.08,-83.81,68.92,52.827,-1.650341,12.84,4,326.97,22 / 23,-7.764772640958349,13.117508286976737,-4.263091999999644,-931.1233900348324,1513.3878639504926,-352.07570143772836,False,173.69899999999998,-6.609544545401963,11.987482882771744,-929.6889229628213,1512.2056348363315,13.688894444448133,331.1289599999954,1.155228095556386,-1.1300254042049929,1.4344670720111026,-1.1822291141611458
267312.0,1.3631,-0.6938,8.9102,0.0342,-0.0454,9.8064,-0.0782,0.0556,0.0387,159.68,-83.93,73.6,52.827,-1.650341,12.84,4,326.97,22 / 23,-7.844949277877783,13.283204855745893,-4.33120199999966,-931.9038761307744,1514.707899607629,-352.50541613772845,False,173.799,-6.568498638697269,12.095817071713427,-930.3408987123158,1513.4285566394683,13.764230555553311,331.4962999999892,1.2764506391805135,-1.1873877840324667,1.5629774184585585,-1.2793429681607904
267412.0,0.1672,-1.7644,10.7171,0.0078,-0.0093,9.8066,-0.1729,0.09,-0.0371,165.66,-83.91,75.92,52.827,-1.650341,12.84,4,326.97,22 / 23,-7.937049377968451,13.345490406509356,-4.33050199999966,-932.6929760635664,1516.0393343707415,-352.93850133772827,False,173.89899999999997,-6.566358038082548,11.963766138797222,-930.9928072547305,1514.6186759399577,13.647300000001781,331.23963000000396,1.3706913398859033,-1.3817242677121335,1.700168808835997,-1.4206584307837602
267513.0,-0.6477,-0.5225,9.5794,0.0136,-0.0155,9.8066,0.072,0.1056,-0.094,159.83,-83.97,74.61,52.827,-1.650341,12.84,4,326.97,24 / 24,-7.931784688917616,13.435472759322796,-4.29600039999966,-933.4943521839442,1517.391773010616,-353.3741397089282,False,173.99999999999997,-6.419559293977778,12.003095018775186,-931.6445141759441,1515.8314790045488,13.611944444444452,331.8609999999998,1.512225394939838,-1.4323777405476097,1.8498380080001198,-1.5602940060671244
267612.0,0.7865,-0.4547,9.6651,0.0107,0.0138,9.8066,-0.0268,-0.0667,0.0557,159.7,-83.92,73.85,52.827,-1.650341,12.84,4,326.97,24 / 24,-7.939751498534177,13.449420825282528,-4.314255999999669,-934.2799932252234,1518.7225752430545,-353.8003474007284,False,174.09900000000002,-6.379226375053199,12.052587740396042,-932.2699431342384,1517.020375159823,13.636694444443009,332.1084999999856,1.5605251234809776,-1.3968330848864863,2.0100500909850325,-1.7022000832314461
267712.0,-1.9724,0.6041,10.0763,-0.0052,-0.0318,9.8065,-0.0521,0.0736,-0.0008,163.62,-84.05,73.18,52.827,-1.650341,12.84,4,326.97,24 / 24,-7.867039393530583,13.426179215169494,-4.307850999999671,-935.0703327698263,1520.0663552450767,-354.23145275072824,False,174.19899999999998,-6.409766415623765,11.993021081423846,-932.9083430563484,1518.2102720704556,13.598444444446155,331.87736000001036,1.4572729779068183,-1.433158133745648,2.161989713477965,-1.8560831746210624
267812.0,-0.7265,-1.2166,10.1219,0.0051,0.0158,9.8066,-0.0763,0.2559,-0.0113,168.92,-83.89,74.29,52.827,-1.650341,12.84,4,326.97,24 / 24,-7.728043180249922,13.46089306589382,-4.278605999999664,-935.8500868985155,1521.4107088591302,-354.6607756007283,False,174.299,-6.203173073600002,12.001435745074783,-933.5201961873036,1519.4220743811736,13.509780555558157,332.66699999997667,1.52487010664992,-1.4594573208190376,2.3298907112119878,-1.9886344779565661
267912.0,1.8287,1.21,9.3987,0.0141,-0.0091,9.8066,-0.082,0.1907,-0.1262,164.65,-84.07,75.29,52.827,-1.650341,12.84,4,326.97,24 / 24,-7.76461312901411,13.414111170362764,-4.283240999999663,-936.6247197139785,1522.7544590709426,-355.0888679507281,False,174.39899999999997,-6.263618271550689,12.031669502166586,-934.1450874891101,1520.6230907835393,13.56443888888805,332.4987800000027,1.5009948574634215,-1.3824416681961775,2.4796322248683964,-2.1313682874033475
268012.0,0.7168,-1.6987,10.236,-0.0214,0.0002,9.8065,0.0475,-0.1169,0.07,158.81,-84.1,73.52,52.827,-1.650341,12.84,4,326.97,24 / 24,-7.886588290609735,13.368052739576132,-4.282170999999662,-937.4072797849599,1524.0935672664398,-355.5171385507282,False,174.499,-6.185683020165482,11.862049097179309,-934.7634597054777,1521.8129876934727,13.378000000000037,332.45938,1.7009052704442533,-1.5060036423968235,2.643820079482225,-2.280579572967099
268112.0,-1.4693,-3.7567,10.4448,-0.0132,0.0466,9.8065,-0.0435,0.0188,0.0085,154.47,-83.96,72.78,52.827,-1.650341,12.84,4,326.97,24 / 24,-7.948474559252963,13.607066762068698,-4.22879599999965,-938.1990329274532,1525.4423232415222,-355.94268690072823,False,174.59900000000002,-6.106471542895804,11.895330197848546,-935.3751112151754,1522.9917651108954,13.3711611111114,332.82628999997866,1.8420030163571592,-1.7117365642201516,2.8239217122778655,-2.4505581306268596
268212.0,1.5732,-0.0568,9.9093,0.0153,-0.0073,9.8066,-0.0486,-0.3808,0.2163,152.93,-84.06,77.11,52.827,-1.650341,12.84,4,326.97,24 / 24,-8.016133737770433,13.747462257819395,-4.191755999999662,-938.9972633423041,1526.8100496925163,-356.36371450072807,False,174.69899999999998,-6.1887253440802406,11.936389039892997,-935.9933490174221,1524.192447929179,13.445361111107815,332.59438000001046,1.8274083936901926,-1.8110732179263973,3.0039143248819755,-2.617601763337234
268312.0,-0.4668,-5.1912,10.3066,-0.0289,0.0524,9.8064,0.0349,-0.2346,0.1453,157.34,-83.89,76.68,52.827,-1.650341,12.84,4,326.97,24 / 24,-8.14829696805882,13.934784221897377,-4.161625999999655,-939.8054848775957,1528.1941620165023,-356.78138360072813,False,174.799,-5.922977868210303,11.723848409523836,-936.5783865289684,1525.3603282434178,13.135086111120279,333.1968899999822,2.2253190998485177,-2.210935812373542,3.227098348627351,-2.833833773084507
268412.0,-2.4788,1.1221,10.1294,0.0195,-0.0218,9.8066,0.0013,0.2541,-0.2073,160.02,-84.09,74.52,52.827,-1.650341,12.84,4,326.97,24 / 24,-8.07522702694437,14.14394461792807,-4.120490999999669,-940.6166610773456,1529.598098458493,-357.19548945072796,False,174.89899999999997,-5.927917472277742,11.654625554331668,-937.1697415047146,1526.5278749735678,13.075569444445296,333.04064000000244,2.147309554666628,-2.489319063596403,3.4469195726310318,-3.0702234849252363
268512.0,1.6581,-4.4107,9.3724,0.0051,0.0218,9.8066,-0.0508,-0.4209,0.2519,160.57,-84.06,75.03,52.827,-1.650341,12.84,4,326.97,22 / 22,-8.07606135700502,14.284541882949961,-4.12606599999967,-941.4242254965433,1531.0195227835372,-357.607817300728,False,174.999,-5.800671549823347,11.848095588536719,-937.7412031888498,1527.717438299428,13.191874999999976,333.9141599999998,2.275389807181673,-2.4364462944132423,3.683022307693477,-3.302084484109173
268612.0,0.4225,1.9288,9.9779,0.0261,-0.0766,9.8063,-0.0347,-0.045,0.1888,161.01,-83.95,75.51,52.827,-1.650341,12.84,4,326.97,22 / 22,-8.201394689805404,14.337323412462094,-4.139215999999673,-942.238098298884,1532.4506160483081,-358.02108140072806,False,175.09900000000002,-5.92829607588596,11.699515749071264,-938.3324237504343,1528.8852074179567,13.115780555560038,333.1280300000461,2.2730986139194442,-2.6378076633908307,3.905674548449724,-3.565408630351385
268712.0,0.8411,1.6917,9.5722,0.0248,-0.0086,9.8065,0.0313,-0.3986,0.1052,160.74,-84.34,76.47,52.827,-1.650341,12.84,4,326.97,22 / 22,-8.187026725755512,14.115963437288785,-4.142375999999672,-943.0575193696618,1533.8732803907951,-358.4351610007279,False,175.19899999999998,-5.831318178532965,11.69538362601441,-938.9171924336874,1530.0527541473984,13.068525000002065,333.4991699999832,2.355708547222547,-2.4205798112743757,4.140326935974372,-3.820526243396671
268812.0,2.1042,-3.5138,9.7327,-0.0096,-0.0589,9.8064,-0.0778,0.1983,-0.0647,160.25,-84.58,74.81,52.827,-1.650341,12.84,4,326.97,22 / 22,-8.342259371115045,14.122570630543695,-4.157795999999675,-943.8839836745055,1535.2852070941872,-358.85016960072795,False,175.299,-5.706583234540532,11.495838465464608,-939.4819334112375,1531.198284281847,12.834305555562446,333.60001999999713,2.6356761365745127,-2.626732165079087,4.402050263268052,-4.086922812340163
268912.0,0.5978,-1.34,8.7804,-0.0251,-0.027,9.8065,-0.0918,-0.1628,0.0727,163.51,-84.29,73.3,52.827,-1.650341,12.84,4,326.97,22 / 22,-8.534092386110817,14.278319697698578,-4.212805999999657,-944.7278012623666,1536.705251610599,-359.2686997007278,False,175.39899999999997,-5.689425795983146,11.572533945971754,-940.0464727675483,1532.3546003239464,12.895469444443483,333.81978999999666,2.8446665901276713,-2.7057857517268236,4.681328494818331,-4.3506512866524645
269012.0,1.5355,-1.4653,9.9226,-0.0112,-0.0291,9.8065,-0.0434,0.1112,-0.1394,156.65,-84.41,70.81,52.827,-1.650341,12.84,4,326.97,22 / 22,-8.666152811883707,14.341603465375503,-4.258320999999667,-945.5878135222665,1538.136247768753,-359.69225605072785,False,175.499,-5.739897311126612,11.678365866458265,-940.6243191229905,1533.533044156674,13.01271111111109,333.82596,2.9262555007570956,-2.663237598917238,4.963494399275987,-4.603203612079142
269112.0,1.6416,-0.1354,10.324,-0.009,-0.0284,9.8065,0.102,-0.0986,0.0784,161.3,-84.27,70.2,52.827,-1.650341,12.84,4,326.97,22 / 22,-8.829874710503304,14.32949325566141,-4.22665599999966,-946.462614898386,1539.5698026048053,-360.11650490072793,False,175.59900000000002,-5.619753667886187,11.612824372160999,-941.1823393938479,1534.6896937834708,12.90113888889543,334.17645999997967,3.210121042617118,-2.716668883500411,5.280275504538167,-4.880108821334488
269212.0,-0.8885,-2.3309,9.7432,0.0184,-0.0114,9.8065,0.0147,0.1052,-0.1442,162.5,-84.4,71.74,52.827,-1.650341,12.84,4,326.97,22 / 22,-8.888239471345853,14.404270394801978,-4.203960999999667,-947.3485206074782,1541.006490787328,-360.5380357507278,False,175.69899999999998,-5.4799243478267865,11.490802955079754,-941.7268510444283,1535.8351127229932,12.73060000000752,334.5037299999856,3.408315123519067,-2.9134674397222238,5.621669563049977,-5.171378064334704
269312.0,0.97,-1.2254,10.1227,0.008,-0.0372,9.8065,0.0206,-0.0398,0.0667,163.84,-84.59,74.1,52.827,-1.650341,12.84,4,326.97,22 / 22,-8.93098785939001,14.5439937483947,-4.191330999999664,-948.2394819740152,1542.4539039944882,-360.95780035072784,False,175.799,-5.428110120250639,11.412765774365313,-942.2645747813303,1536.9804204675922,12.637863888891573,334.56342999999833,3.502877739139371,-3.131227974029386,5.974907192684896,-5.473483526895961
269412.0,1.5275,-1.9817,9.8551,0.0121,-0.0031,9.8066,0.0681,-0.2348,0.034,159.67,-84.55,74.67,52.827,-1.650341,12.84,4,326.97,22 / 22,-9.086369951347297,14.625947153310966,-4.17310599999967,-949.1403498645518,1543.912401039573,-361.3760222007277,False,175.89899999999997,-5.551484758609864,11.366619541836295,-942.8221918098426,1538.1147199139893,12.649869444444247,333.969010000009,3.534885192737433,-3.2593276114746708,6.318158054709215,-5.797681125583722
269512.0,-0.1214,1.8493,9.6829,0.0147,-0.0428,9.8065,0.004,0.0301,0.0514,158.72,-84.76,74.51,52.827,-1.650341,12.84,4,326.97,22 / 23,-9.137576110926286,14.579242399985537,-4.176870999999671,-950.0515471676657,1545.3726605172383,-361.79352105072775,False,175.999,-5.3523957308070145,11.445453628673185,-943.3467429617593,1539.2599164636567,12.635150000000001,334.9371599999998,3.7851803801192716,-3.133788771312352,6.704804205906385,-6.112744053581537
269612.0,1.7596,-1.3589,9.9306,-0.005,-0.0208,9.8066,-0.0424,0.315,-0.1657,163.78,-84.71,74.14,52.827,-1.650341,12.84,4,326.97,22 / 23,-9.187265145324877,14.506311499749735,-4.17686099999967,-950.9677892304785,1546.8269382122253,-362.21120765072783,False,176.09900000000002,-5.263696905549086,11.388286616505093,-943.8709580783195,1540.3942159099724,12.54590000000517,335.19350999998574,3.9235682397757916,-3.118024883244642,7.096831152158984,-6.4327223022528415
269712.0,-2.0245,1.81,9.8001,-0.0211,-0.0485,9.8065,-0.1262,0.1422,-0.0465,161.93,-84.85,71.98,52.827,-1.650341,12.84,4,326.97,22 / 23,-9.152688947612692,14.462278248659272,-4.170990999999672,-951.884786935125,1548.2753676996451,-362.62860025072763,False,176.19899999999998,-5.390767369862286,11.170626653378362,-944.415133693567,1541.5063875664355,12.403375000006289,334.23867000004253,3.761921577750406,-3.2916515952809107,7.469653241558035,-6.768980133209652
269812.0,0.9057,-1.987,9.8229,-0.0172,0.0098,9.8065,0.026,-0.1706,0.0863,160.84,-84.78,70.25,52.827,-1.650341,12.84,4,326.97,22 / 23,-9.08927185930034,14.456922881074018,-4.170505999999672,-952.7968849754709,1549.721327756132,-363.0456751007277,False,176.299,-5.212191758959632,11.266512607784517,-944.9328969317924,1542.6403534287524,12.413769444444094,335.1734599999722,3.8770801003407076,-3.190410273289501,7.863988043678546,-7.080974327379636
269912.0,1.2825,2.2601,9.459,0.002,-0.0122,9.8066,-0.0154,0.3037,-0.2345,155.12,-84.78,68.9,52.827,-1.650341,12.84,4,326.97,22 / 23,-9.159069663384713,14.377658367400436,-4.187075999999666,-953.7093020516048,1551.1630568185553,-363.4635542007275,False,176.39899999999997,-5.281161017649677,11.163347647937133,-945.4636983408826,1543.7525250852227,12.349538888889864,334.6820600000076,3.877908645735036,-3.2143107194633025,8.245603710722207,-7.410531733332618
270012.0,-0.178,-2.7046,10.0695,-0.0103,0.0418,9.8065,-0.0434,0.0821,0.0193,159.97,-84.69,68.94,52.827,-1.650341,12.84,4,326.97,22 / 23,-9.191216264901774,14.349622808025595,-4.191315999999667,-954.6268163480194,1552.599420877327,-363.88247380072755,False,176.499,-5.198845717807561,11.076781257116567,-945.9813271649748,1544.8644743518375,12.236138888888911,334.85718,3.992370547094213,-3.2728415509090283,8.64548918304456,-7.734946525489477
270112.0,-0.8382,-2.0784,10.0451,-0.002,0.0098,9.8066,0.0604,0.2514,-0.1525,158.6,-84.72,67.13,52.827,-1.650341,12.84,4,326.97,22 / 23,-9.212494392000714,14.562620283682902,-4.1662509999996615,-955.5470018808647,1554.0450330319127,-364.30035215072763,False,176.59900000000002,-5.221444892470126,11.077049467043897,-946.49882157491,1545.9764236176718,12.245999999999363,334.7619800000057,3.991049499530588,-3.4855708166390045,9.048180305954702,-8.068609414240882
270212.0,-0.4813,-2.9241,10.2539,0.0166,0.0385,9.8065,0.0245,-0.0755,0.0292,156.5,-84.79,70.76,52.827,-1.650341,12.84,4,326.97,22 / 23,-9.231172532057123,14.789681374162488,-4.131965999999673,-956.4691852270673,1555.5126481148045,-364.7152630007275,False,176.69899999999998,-5.115888695661248,10.961443422331673,-947.0096624853102,1547.0663562892767,12.096511111117755,334.98077999999026,4.115283836395875,-3.8282379518308147,9.459522741757155,-8.446291825527851
270312.0,1.9316,-0.833,9.5706,0.0302,0.0326,9.8065,0.0358,0.1807,-0.0749,168.08,-84.9,73.91,52.827,-1.650341,12.84,4,326.97,22 / 23,-9.356547131193393,14.924385263799463,-4.121405999999671,-957.3985712102301,1556.998351446703,-365.12793160072755,False,176.799,-4.9856605898926265,10.90542887007197,-947.5004756899938,1548.1450582721386,11.991050000003064,335.43146999998675,4.3708865413007665,-4.018956393727493,9.898095520236325,-8.853293174564442
270412.0,2.6066,0.7027,8.844,-0.0098,0.0009,9.8066,-0.1705,0.2474,-0.0591,168.81,-85.09,75.03,52.827,-1.650341,12.84,4,326.97,22 / 23,-9.569943828701662,14.854171697809566,-4.181340999999651,-958.3448957582245,1558.487279294783,-365.5430689507274,False,176.89899999999997,-5.061083236237864,11.011281471430443,-948.0110477721282,1549.2566739532645,12.118699999998054,335.31522000000183,4.508860592463798,-3.8428902263791223,10.333847986096316,-9.23060534151864
270512.0,0.3094,1.7514,10.7688,-0.0135,0.002,9.8066,-0.0416,-0.284,0.2202,160.03,-85.09,75.65,52.827,-1.650341,12.84,4,326.97,23 / 24,-9.662742687231267,14.676485845827118,-4.181365999999651,-959.3065300840215,1559.9638121719652,-365.96120430072745,False,176.999,-5.09429787108319,10.734958840396699,-948.5151679759031,1550.3245900298673,11.882400000000047,334.61308000000014,4.5684448161480775,-3.9415270054304195,10.791362108118392,-9.639222142097879
270612.0,2.1479,0.1019,9.8313,0.0062,-0.0494,9.8065,-0.0977,0.2395,-0.1224,159.52,-85.3,75.5,52.827,-1.650341,12.84,4,326.97,23 / 24,-9.730872620048054,14.517266953688654,-4.132025999999639,-960.2762108493856,1561.4234998119414,-366.3768739007275,False,177.09900000000002,-5.001219445369101,10.85022536006093,-949.0125674730297,1551.414077920303,11.947374999996093,335.25345999996244,4.729653174678953,-3.667041593627724,11.263643376355958,-10.00942189163834
270712.0,-0.8437,3.5239,9.6029,0.019,-0.0954,9.8061,0.0717,-0.2038,0.1996,157.46,-85.64,73.32,52.827,-1.650341,12.84,4,326.97,23 / 24,-9.707216839872896,14.299426380283208,-4.140980999999636,-961.2481153223813,1562.8643344786394,-366.79052425072734,False,177.19899999999998,-4.961290882743527,10.741901824793699,-949.5098997631386,1552.4817716063494,11.832280555560697,335.20951000000224,4.745925957129368,-3.5575245554895094,11.73821555924269,-10.38256287229001
270812.0,2.5901,-1.1303,12.1188,-0.0054,-0.0322,9.8065,-0.0522,0.7054,-0.4288,162.61,-85.54,73.56,52.827,-1.650341,12.84,4,326.97,23 / 24,-9.726011825427987,14.138764948806003,-4.035560999999612,-962.2197767556465,1564.2862440450942,-367.1993513507274,False,177.299,-5.035469101342225,10.80108132046564,-950.0138855527808,1553.560251200055,11.917186111108574,335.00506000000604,4.690542724085762,-3.337683628340363,12.2058912028657,-10.725992845039173
270912.0,0.9495,4.1726,10.05,0.0223,-0.1399,9.8056,-0.0527,0.4059,-0.0116,164.38,-86.12,76.48,52.827,-1.650341,12.84,4,326.97,23 / 24,-9.842642124739168,13.910071215005624,-3.9077859999996556,-963.1982094531545,1565.6886858532844,-367.59651870072724,False,177.39899999999997,-4.980267674330952,10.786118685585192,-950.5112850499564,1554.6388419886848,11.880380555556126,335.2158499999968,4.862374450408216,-3.123952529420432,12.686924403198077,-11.049843864599552
271012.0,0.7234,-2.858,10.203,0.0475,0.0812,9.8061,0.1722,0.4445,-0.4204,166.2,-86.05,78.72,52.827,-1.650341,12.84,4,326.97,23 / 24,-9.888961254646887,13.795894199512096,-3.8758009999996483,-964.1847896221241,1567.0739841240106,-367.9856980507273,False,177.499,-5.025108319871201,10.59528720986642,-951.0086173400397,1555.684407883411,11.72655000000003,334.62598000000014,4.863852934775686,-3.200606989645676,13.176172282084394,-11.389576240599581
271112.0,0.1684,0.5214,8.4798,0.0042,-0.0658,9.8063,-0.134,0.1084,-0.0702,176.91,-86.02,86.02,52.827,-1.650341,12.84,4,326.97,23 / 24,-9.956189678399877,13.867899210224495,-3.922325999999659,-965.1770471687767,1568.4571737944977,-368.37560440072735,False,177.59900000000002,-4.815857960694451,10.585866510896178,-951.4859891314372,1556.7406484921758,11.62985000000552,335.53772999994675,5.1403317177054255,-3.282032699328317,13.691058037339417,-11.716525302321998
271214.0,3.0997,2.1395,10.7646,-0.0288,-0.0279,9.8065,0.0167,0.1758,-0.0569,171.68,-85.81,85.56,52.827,-1.650341,12.84,4,326.97,23 / 24,-10.096326566898268,13.677242453736595,-3.9411398999996545,-966.1997254972866,1569.8619760193594,-368.7766411616272,False,177.701,-4.9877556338455955,10.500455090586621,-951.9996527386285,1557.8067854483274,11.624855555564658,334.59209000000396,5.108570933052673,-3.1767873631499732,14.200072758658166,-12.055190571031972
271312.0,-0.3733,-0.8889,7.8802,-0.0092,0.0652,9.8064,-0.168,-0.2068,-0.0498,169.92,-85.48,82.75,52.827,-1.650341,12.84,4,326.97,23 / 24,-10.211803428623096,13.566581221590083,-3.9885963999996608,-967.1948238670673,1571.1969233794507,-369.16519824032724,False,177.799,-4.91597236082625,10.307905294692484,-952.4738657979369,1558.82021600949,11.420144444450539,334.5029100000026,5.295831067796846,-3.258675926897599,14.720958069130347,-12.37670736996074
271412.0,1.5918,2.9166,10.3797,-0.0101,-0.0439,9.8065,-0.0515,-0.2694,0.2489,163.01,-85.77,74.21,52.827,-1.650341,12.84,4,326.97,23 / 24,-10.222919955030225,13.42007219066854,-4.056266399999638,-968.2165600362496,1572.5462560500632,-369.56744138032707,False,177.89899999999997,-4.827471071518798,10.41072376141236,-952.9577566747953,1559.8543288277028,11.475530555554684,335.1227299999906,5.395448883511427,-3.00934842925618,15.258803361454284,-12.691927222360391
271512.0,2.0594,2.0392,10.5801,0.0027,0.0261,9.8065,0.0066,0.079,0.1049,168.69,-85.64,75.56,52.827927,-1.651136,12.61,4,334.4,24 / 24,-10.32527151577237,13.106473415624766,-3.9889413999996224,-969.2439696097899,1573.8725833303781,-369.9697017703271,False,177.999,-5.00836969830881,10.52752673279401,-953.461608050305,1560.921466538427,11.658161111111077,334.5577700000001,5.31690181746356,-2.5789466828307557,15.782361559484912,-12.951116791951108
271612.0,1.5138,1.8837,10.3155,-0.0059,-0.0195,9.8066,0.0347,0.0785,-0.0238,163.38,-85.72,74.63,52.827927,-1.651136,12.61,4,334.4,24 / 24,-10.439805098913178,12.84365353797331,-3.9248263999996076,-970.2822234405245,1575.1700896780583,-370.36539016032714,False,178.09900000000002,-4.760734572809595,10.239115337059149,-953.9323935491968,1561.9338963456444,11.291775000021367,335.0638299999703,5.679070526103583,-2.6045382009141615,16.34982989132766,-13.236193332413904
271711.0,-1.1336,-1.4683,9.7165,-0.0134,0.04,9.8065,-0.114,-0.143,0.1735,163.37,-85.43,74.41,52.827927,-1.651136,12.61,4,334.4,24 / 24,-10.43864912078296,12.788687569088712,-3.9041007499996097,-971.3157069243994,1576.4388905628578,-370.75292205425205,False,178.198,-4.971051643067152,10.336974482888966,-954.4244836881381,1562.957445645825,11.47017222221407,334.31734000003365,5.467597477715809,-2.451713086199746,16.891223236261226,-13.481444917032832
271812.0,1.6609,-0.5081,9.4826,-0.0212,-0.0075,9.8066,0.0188,0.0525,-0.0238,160.11,-85.51,70.26,52.827927,-1.651136,12.61,4,334.4,24 / 24,-10.478168213680231,12.8416345672568,-3.9250178499996093,-972.3720061997898,1577.733221830743,-371.14829254355203,False,178.299,-5.030889868213182,10.384915985308048,-954.9334428006945,1564.0129078890277,11.53933888888696,334.15251000000444,5.447278345467049,-2.4567185819487527,17.4385633990953,-13.720313941715403
271912.0,-0.3875,-0.5498,10.2743,0.0191,0.0011,9.8066,0.0076,0.0674,0.0627,164.42,-85.48,69.98,52.827927,-1.651136,12.61,4,334.4,24 / 24,-10.539592600648445,12.839054750174483,-3.9178378499996116,-973.4228942405059,1579.0172562966143,-371.54043532855184,False,178.39899999999997,-5.005617491744638,10.457032461344687,-955.4374957974293,1565.0581401996665,11.593349999999194,334.42027999999596,5.533975108903808,-2.3820222888297966,17.985398443076633,-13.95911609694781
272012.0,0.9406,-0.9681,10.4184,0.0093,-0.0177,9.8066,0.0323,-0.0409,0.0646,165.7,-85.74,71.53,52.827927,-1.651136,12.61,4,334.4,24 / 24,-10.573278036029935,12.875459143675416,-3.863867849999599,-974.47853777234,1580.302981991307,-371.92952061355186,False,178.499,-4.936875426242256,10.577718840061669,-955.9282417950462,1566.1143808078139,11.673088888888874,334.9803699999999,5.6364026097876785,-2.2977403036137467,18.550295977293786,-14.18860118349312
272112.0,1.4158,-3.4823,9.3166,-0.0091,-0.042,9.8065,-0.0281,0.1364,-0.033,165.53,-85.97,71.94,52.827927,-1.651136,12.61,4,334.4,24 / 24,-10.730590223058957,13.03096098509386,-3.8577828499995976,-975.5437311852947,1581.5983029977458,-372.31560314855193,False,178.59900000000002,-4.976361550158084,10.560089375607001,-956.4255068780142,1567.1707326108094,11.67388888888889,334.76820000001265,5.754228672900873,-2.470871609486858,19.11822430728057,-14.427570386936395
272212.0,-1.6971,-0.4502,11.0716,-0.0206,-0.0624,9.8063,-0.0399,0.2959,-0.2405,153.96,-86.08,69.23,52.827927,-1.651136,12.61,4,334.4,24 / 24,-10.761017981870987,13.210214786173934,-3.819037849999611,-976.6183115955408,1582.9103617863088,-372.69944418355175,False,178.69899999999998,-5.023311438180333,10.565248603973663,-956.9294926676685,1568.216076116379,11.69863888888779,334.5709700000087,5.737706543690654,-2.644966182200271,19.688818927872376,-14.69428566992974
272312.0,1.3721,-2.9255,9.5129,-0.0277,-0.0236,9.8065,0.1067,-0.0632,-0.0667,157.03,-85.89,66.68,52.827927,-1.651136,12.61,4,334.4,24 / 24,-10.797444412979969,13.347547445097998,-3.7704778499995997,-977.6962347152836,1584.2382498978727,-373.0789199685518,False,178.799,-5.0580039018680845,10.55018115490769,-957.4335456643902,1569.272316724526,11.699988888888855,334.3858500000054,5.7394405111118845,-2.7973662901903076,20.262689050893414,-14.965933173346684
