time,acc_x,acc_y,acc_z,grav_x,grav_y,grav_z,gyro_yaw,gyro_pitch,gyro_roll,orient_yaw,orient_pitch,orient_roll,gps_lat,gps_lon,gps_speed,gps_accuracy,gps_orient,gps_sats,ins_vel_x,ins_vel_y,ins_vel_z,ins_pos_x,ins_pos_y,ins_pos_z,ins_is_reset,_t_sec,true_vel_x,true_vel_y,true_pos_x,true_pos_y,true_speed_ms,true_heading,err_vel_x,err_vel_y,err_pos_x,err_pos_y
318112.0,0.6771,0.0493,9.7605,-0.0134,0.0052,9.8066,-0.0324,0.0937,-0.0663,134.42,-86.27,52.87,52.832485,-1.653545,14.42,4,353.55,22 / 22,-1.531887174292262,14.367453212337102,0.0,0.0,0.0,0.0,False,0.0,-1.531887174292262,14.367453212337102,0.0,0.0,14.44888888888889,353.914,0.0,0.0,0.0,0.0
318212.0,0.9329,-0.6405,9.9895,-0.0049,0.0038,9.8066,-0.0091,0.0017,-0.0432,130.59,-86.3,48.87,52.832485,-1.653545,14.42,4,353.55,22 / 22,-1.5112595016953,14.34017456282856,0.006834999999997727,-0.1521573337993262,1.4353813887577935,0.00034174999999976976,False,0.0999999999999659,-1.5256598980179692,14.404429418603103,-0.14779188921276673,1.445534046351691,14.484999999997886,353.9539999999977,-0.014400396322669096,0.06425485577454282,0.004365444586559464,0.010152657593897496
318311.0,0.4733,-1.3199,10.1442,0.0011,0.0043,9.8066,0.0217,0.0184,0.0161,131.12,-86.32,49.47,52.832485,-1.653545,14.42,4,353.55,22 / 22,-1.534112958443077,14.366907524300741,0.032594799999995025,-0.30290327057615996,2.856381952070544,0.0022935250999992045,False,0.19899999999995543,-1.492366606002744,14.360086153924632,-0.29410585953086554,2.865604454843581,14.437425000002126,354.066859999995,0.04174635244033298,-0.0068213703761088595,0.008797411045294412,0.009222502773036823
318412.0,1.6172,0.7448,9.8047,0.0107,0.0085,9.8066,0.0051,0.0699,-0.0691,137.15,-86.27,56.69,52.832485,-1.653545,14.42,4,353.55,22 / 22,-1.5358779346635236,14.320156275583042,0.049542599999994934,-0.4579378106780419,4.305078673964662,0.00644146379999866,False,0.2999999999999545,-1.5165483522418108,14.378297936224074,-0.4500934807951943,4.314363153708268,14.458055555554932,353.97900000000266,0.019329582421712788,0.058141660641032544,0.007844329882847612,0.0092844797436058
318512.0,0.0928,0.3896,8.8931,0.0095,0.018,9.8066,-0.0172,-0.0518,-0.0536,143.79,-86.15,59.65,52.832485,-1.653545,14.42,4,353.55,23 / 23,-1.4640553284967728,14.219015636927336,0.0037675999999846263,-0.6079344738360908,5.732037269590505,0.009106973799998244,False,0.39999999999997726,-1.544336314701381,14.424509089091078,-0.6046031831677536,5.748777707032976,14.506944444443722,353.8890000000013,-0.08028098620460833,0.2054934521637417,0.00333129066833715,0.016740437442471112
318611.0,1.4298,0.2581,9.0893,0.0131,0.0076,9.8066,0.0668,-0.0563,0.0005,139.01,-85.94,58.05,52.832485,-1.653545,14.42,4,353.55,23 / 23,-1.4043184162101225,14.142713466634103,-0.07696195000000677,-0.7499189741990671,7.135942860216647,0.005483853474997531,False,0.4989999999999668,-1.4794709871923972,14.239165405619008,-0.7509171534595109,7.157839818022982,14.315819444444536,354.0681899999999,-0.07515257098227468,0.0964519389849059,-0.0009981792604438766,0.021896957806334605
318712.0,0.8178,-0.8027,9.4392,-0.0077,-0.0174,9.8066,-0.0859,-0.1851,0.1336,139.12,-85.95,57.78,52.832485,-1.653545,14.42,4,353.55,23 / 23,-1.4088862548029726,14.091171831478972,-0.13174435000000626,-0.8919858100852271,8.561754067771345,-0.005055814675003031,False,0.5999999999999659,-1.5814847950875242,14.324910069961836,-0.9136225878877955,8.606487322566364,14.411944444438703,353.70000000002165,-0.17259854028455157,0.23373823848286435,-0.02163677780256834,0.04473325479501966
318812.0,1.9556,-2.847,9.6418,-0.0115,-0.0343,9.8065,-0.0013,-0.3171,0.1727,140.87,-86.18,56.39,52.832485,-1.653545,14.42,4,353.55,23 / 23,-1.5335868628257827,14.143896223696798,-0.15835935000001228,-1.0391094659666984,9.973507470530453,-0.019560999675007254,False,0.6999999999999886,-1.5430090287532807,14.298931748221962,-1.0681322902607482,10.040901875891073,14.381944444445756,353.8409999999938,-0.009422165927498005,0.15503552452516445,-0.029022824294049787,0.06739440536061991
318912.0,1.3975,0.7829,9.6951,0.0121,-0.0507,9.8064,0.0164,0.1217,-0.1057,135.73,-86.32,55.01,52.832485,-1.653545,14.42,4,353.55,23 / 23,-1.6239563943039115,14.119131687527364,-0.1721793500000075,-1.1969866288231292,11.38665886609118,-0.03608793467500261,False,0.7999999999999545,-1.5737119480570123,14.254504502290205,-1.2226419926198662,11.464196937497125,14.341111111112317,353.70000000000414,0.050244446246899166,0.13537281476284058,-0.02565536379673694,0.07753807140594482
319012.0,0.8317,-1.1107,10.6544,-0.024,0.0182,9.8065,-0.0821,-0.0269,-0.0141,139.24,-86.05,54.37,52.832485,-1.653545,14.42,4,353.55,23 / 23,-1.6164034115427808,14.061962194742362,-0.13536934999999903,-1.3590046191155007,12.795713560204987,-0.05146536967500644,False,0.8999999999999773,-1.558502524225599,14.225996313670372,-1.3771516949924256,12.887491998396175,14.311111111111556,353.74799999999937,0.05790088731718179,0.16403411892800968,-0.01814707587692488,0.09177843819118792
319112.0,1.2435,-1.6256,9.5191,-0.0017,0.0058,9.8066,-0.0164,-0.0615,0.1277,135.89,-86.04,54.68,52.832485,-1.653545,14.42,4,353.55,23 / 23,-1.6873459803336053,14.09654496964228,-0.10735934999999257,-1.5241920887093576,14.20363891842454,-0.06360180467500878,False,1.0,-1.6623031234245957,14.266538235249227,-1.5450970236626973,14.310787058587904,14.363055555555555,353.35400000000004,0.025042856909009537,0.16999326560694605,-0.02090493495333967,0.10714814016336405
319212.0,1.0414,-3.0168,9.7285,-0.011,-0.0048,9.8066,-0.0906,0.3106,-0.2565,136.08,-86.01,54.28,52.832485,-1.653545,14.42,4,353.55,23 / 23,-1.8327907384837312,14.1914504213716,-0.12564434999998625,-1.7001989246501643,15.618038687974751,-0.07525198967500375,False,1.099999999999966,-1.697030975652686,14.29965334781277,-1.7130423523074985,15.745201613222076,14.399999999997837,353.2320000000072,0.13575976283104518,0.10820292644116947,-0.01284342765733415,0.1271629252473243
319312.0,0.7826,0.4112,9.5235,0.01,-0.0551,9.8064,-0.0701,0.2022,0.0379,134.12,-86.09,52.42,52.832485,-1.653545,14.42,4,353.55,23 / 23,-1.889639197054874,14.230378819239908,-0.14370934999999027,-1.886320421427137,17.03913015000565,-0.08871967467500563,False,1.1999999999999886,-1.766116714043154,14.225788440450629,-1.8944233072483851,17.168496673414456,14.335000000002847,352.92300000001353,0.12352248301172009,-0.00459037878927937,-0.008102885821248185,0.12936652340880528
319412.0,0.1728,0.0707,8.7752,-0.0008,0.0075,9.8066,-0.0533,0.14,-0.1177,135.93,-85.71,53.8,52.832485,-1.653545,14.42,4,353.55,23 / 23,-1.8081090333948668,14.188353195383193,-0.20943934999996777,-2.071207832949561,18.46006675073632,-0.10637710967499751,False,1.2999999999999545,-1.6866771767844109,14.282697437961808,-2.0623686359193485,18.59179173502002,14.381944444443056,353.26499999998987,0.12143185661045597,0.09434424257861451,0.008839197030212631,0.13172498428370005
319512.0,2.0379,-2.5889,10.5064,-0.0196,0.0325,9.8065,-0.0233,0.156,-0.2595,134.68,-85.67,52.13,52.832485,-1.653545,14.42,4,353.55,22 / 22,-1.8777371653844017,14.206821043798046,-0.22602434999997154,-2.2555001428885664,19.879825462695706,-0.12815029467499944,False,1.3999999999999773,-1.7373952945128013,14.338176710148428,-2.237031777725221,20.0262062883444,14.443055555554652,353.09100000000257,0.14034187087160044,0.1313556663503821,0.01846836516334527,0.14638082564869492
319612.0,1.0243,-1.4887,10.5353,0.0057,0.029,9.8066,0.1328,-0.146,0.0306,134.42,-85.76,52.19,52.832485,-1.653545,14.42,4,353.55,22 / 22,-2.032740159959264,14.250645625836171,-0.15460434999995532,-2.451024009155794,21.30269879617774,-0.14718172967500012,False,1.5,-1.8371064404448947,14.22071638471062,-2.418412732680149,21.44950134995094,14.338888888888889,352.639,0.19563371951436936,-0.029929241125550732,0.03261127647564521,0.14680255377319895
319712.0,1.8185,-2.6159,10.6862,0.0014,0.0271,9.8065,0.0599,-0.0024,0.0021,137.06,-85.85,55.14,52.832485,-1.653545,14.42,4,353.55,22 / 22,-2.1795643482455946,14.30768001923489,-0.07419434999998274,-2.6616392345659654,22.730615078430805,-0.1586216646749931,False,1.599999999999966,-1.851088310858766,14.474056609490056,-2.606511500770339,22.90615488872747,14.591944444429629,352.7119999999957,0.32847603738682873,0.16637659025516527,0.05512773379562619,0.17553981029666588
319812.0,1.3452,0.2237,10.163,0.0019,0.0113,9.8065,0.0031,-0.2185,0.043,138.12,-86.02,56.6,52.832485,-1.653545,14.42,4,353.55,22 / 22,-2.2797705910318324,14.29280503917402,-0.012399349999968647,-2.8846059815298877,24.160639331351575,-0.16295134967499167,False,1.6999999999999886,-1.790975000401378,14.279232737109366,-2.7878924557257596,24.31833045649615,14.391111111119901,352.8509999999939,0.4887955906304544,-0.013572302064654096,0.09671352580412806,0.15769112514457362
319912.0,2.0144,-1.9237,9.7893,-0.0131,0.0218,9.8066,0.0135,-0.1466,0.0898,138.23,-85.82,56.95,52.832485,-1.653545,14.42,4,353.55,22 / 22,-2.363458764763693,14.247762280621634,0.004550650000025681,-3.116767449319585,25.587667697340873,-0.1633437846749887,False,1.7999999999999545,-1.9121910835667533,14.413713097595618,-2.975991223829342,25.763864503658876,14.539999999995597,352.4430000000121,0.4512676811969396,0.16595081697398406,0.14077622549024316,0.1761968063180035
320012.0,-0.6794,-0.4631,9.6349,-0.0088,-0.0075,9.8065,0.0346,-0.0467,-0.0001,137.79,-85.63,55.61,52.832485,-1.653545,14.42,4,353.55,22 / 22,-2.39494248946351,14.296204059954007,-0.004904349999976371,-3.354687512030999,27.01486601436998,-0.16336146967498624,False,1.8999999999999773,-1.8820591756940823,14.345961067081861,-3.164089991906616,27.198279056983917,14.468888888889941,352.52599999999876,0.5128833137694278,0.04975700712785347,0.19059752012438302,0.18341304261393887
320112.0,0.5121,-0.7971,9.6997,-0.0242,-0.0046,9.8066,-0.0397,-0.1571,0.0467,137.02,-85.54,54.77,52.832485,-1.653545,14.42,4,353.55,22 / 22,-2.3331844816159566,14.352739656059233,-0.01883934999997948,-3.591093860585026,28.447313200170967,-0.1645486546749843,False,2.0,-1.99444236393594,14.44911197972445,-3.372342199457168,28.64381310344144,14.58611111111111,352.141,0.3387421176800165,0.09637232366521609,0.21875166112785838,0.19649990327047107
320212.0,1.3894,-2.8385,9.9098,-0.0091,-0.0415,9.8065,-0.1087,0.1536,-0.0895,134.97,-85.56,52.78,52.832485,-1.653545,14.42,4,353.55,22 / 22,-2.4306993347955785,14.422867423651098,-0.019029349999979326,-3.8292880514055216,29.886093554155995,-0.1664420896749816,False,2.099999999999966,-1.9698503988238676,14.500703204276585,-3.5671587806824663,30.089347149793134,14.63388888888609,352.2639999999928,0.46084893597171095,0.07783578062548635,0.26212927072305536,0.20325359563713974
320312.0,1.07,-1.2502,10.0434,0.0053,-0.0311,9.8066,0.0201,-0.1331,0.0541,135.19,-85.5,52.42,52.832485,-1.653545,14.42,4,353.55,22 / 22,-2.564433921976642,14.489500405467494,-0.0020343499999753677,-4.07904471424419,31.331711945612252,-0.1674952746749796,False,2.1999999999999886,-2.020596277730725,14.410136198191438,-3.7686931750839667,31.523761704533136,14.551111111114732,352.0180000000108,0.543837644245917,-0.07936420727605586,0.31035153916022296,0.19204975892088427
320412.0,0.1795,-3.471,10.1884,0.0273,-0.031,9.8065,-0.0087,0.3704,-0.2343,134.8,-85.35,51.93,52.832485,-1.653545,14.42,4,353.55,22 / 22,-2.6781465595916223,14.621044124892606,0.02889065000001413,-4.341173738322514,32.78723917212976,-0.16615245967497813,False,2.2999999999999545,-1.9775661824943709,14.614868273899559,-3.963509756323734,32.9915347344252,14.748055555549735,352.29399999999185,0.7005803770972514,-0.006175850993047405,0.3776639819987797,0.20429556229544232
320512.0,0.2709,1.6593,10.1271,0.0173,-0.0472,9.8065,-0.0207,0.2394,-0.1219,138.18,-85.55,52.46,52.832485,-1.653545,14.42,4,353.55,23 / 23,-2.6644642310797853,14.67252746883588,0.06400065000002217,-4.608304277856145,34.251917751816514,-0.16150789467497526,False,2.3999999999999773,-1.9842704681808871,14.574432512273031,-4.158326337576672,34.44818827472352,14.708888888889467,352.2470000000007,0.6801937628988981,-0.09809495656284994,0.4499779402794726,0.19627052290700675
320612.0,3.2784,-3.1396,10.1688,-0.017,0.0274,9.8065,-0.1322,0.3175,-0.1754,137.72,-85.33,55.75,52.832485,-1.653545,14.42,4,353.55,23 / 23,-2.748025859364236,14.611460743016789,0.09813065000002996,-4.8789287823784075,35.71611716240948,-0.1534013296749708,False,2.5,-2.021710879216759,14.625932794897446,-4.359860731965113,35.915961306032365,14.765,352.13,0.7263149801474769,0.014472051880657588,0.5190680504132947,0.19984414362288305
320712.0,-0.0607,1.1269,9.1331,-0.0132,-0.0085,9.8066,-0.1157,0.5076,-0.1576,136.71,-85.29,54.3,52.832485,-1.653545,14.42,4,353.55,23 / 23,-2.8360306635331307,14.58358073325861,0.08256065000003532,-5.15813160852318,37.17586923622275,-0.14436676467497062,False,2.599999999999966,-2.0288979078425884,14.644007100467125,-4.561395126338875,37.38373433864839,14.783888888887782,352.1120000000011,0.8071327556905423,0.06042636720851391,0.5967364821843057,0.20786510242563594
320812.0,-0.6768,2.4575,9.7016,-0.012,0.058,9.8064,0.0625,-0.0396,0.0144,136.12,-85.12,52.85,52.832485,-1.653545,14.42,4,353.55,23 / 23,-2.5876646443683837,14.48609169216147,0.043630650000026514,-5.429316373918318,38.629352857494084,-0.1380571996749661,False,2.6999999999999886,-2.108625562145368,14.797460811360923,-4.776365147024538,38.86262686167507,14.946944444437307,351.8900000000097,0.4790390822230157,0.311369119199453,0.65295122689378,0.2332740041809842
320912.0,-0.4605,-0.0372,10.52,0.0152,-0.0051,9.8066,-0.0182,0.1912,-0.0797,137.07,-85.57,50.94,52.832485,-1.653545,14.42,4,353.55,23 / 23,-2.364533280186018,14.444271060312564,0.07404565000001613,-5.6769262701459535,40.07587099511729,-0.13217338467496598,False,2.7999999999999545,-2.105076723606931,14.728380396431458,-4.984617354575563,40.330399894398376,14.878055555557593,351.86600000000067,0.25945655657908695,0.28410933611889355,0.6923089155703908,0.2545288992810839
321012.0,-0.0549,1.9615,10.0399,0.0133,0.0104,9.8066,0.1002,-0.269,0.1618,135.66,-85.81,53.67,52.832485,-1.653545,14.42,4,353.55,23 / 23,-2.180485003532077,14.399729449816864,0.1213756500000269,-5.9041771843319095,41.51807102062409,-0.1224023196749616,False,2.8999999999999773,-2.0579718525864936,14.815808376764755,-5.1861517489643,41.82041191126536,14.95805555555437,352.09199999999663,0.12251315094558324,0.4160789269478915,0.7180254353676094,0.30234089064126835
321111.0,2.1033,-2.2986,9.5612,0.0003,0.0367,9.8065,-0.0332,-0.0661,0.0405,142.98,-85.85,58.14,52.832485,-1.653545,14.42,4,353.55,23 / 23,-2.1653273710802634,14.361908146040719,0.12077175000002696,-6.119294896875197,42.94177208161889,-0.1104160233749602,False,2.998999999999967,-2.0545666771495714,14.791293742764129,-5.392321434413033,43.284515510462604,14.933305555555565,352.092,0.11076069393069199,0.42938559672341015,0.7269734624621647,0.34274342884371123
321212.0,1.1703,-0.251,10.7193,-0.0046,0.0067,9.8066,-0.0694,0.0381,-0.0165,139.58,-85.82,58.51,52.832485,-1.653545,14.42,4,353.55,23 / 23,-2.2741349892747618,14.360172615720051,0.1544653500000267,-6.343487746073124,44.3922371600878,-0.09651654982495762,False,3.099999999999966,-2.032527832551449,14.870627972240534,-5.595938350888813,44.78931645246589,15.008888888884448,352.21699999999265,0.24160715672331268,0.5104553565204828,0.7475493951843104,0.3970792923780877
321311.0,1.589,0.1733,10.0187,0.0162,0.0158,9.8066,0.0816,0.0775,-0.0087,140.46,-85.75,59.41,52.832485,-1.653545,14.42,4,353.55,23 / 23,-2.2842959654846413,14.275759792138455,0.21013800000002095,-6.56913007833369,45.80971581427665,-0.07846868399995717,False,3.1989999999999554,-2.0443725243626094,14.893986655092622,-5.7954574013201805,46.26442834916436,15.033638888887783,352.18433000000147,0.2399234411220319,0.6182268629541667,0.7736726770135096,0.4547125348877117
321411.0,1.4797,0.7093,9.7988,-0.0037,0.0037,9.8066,0.0203,-0.0715,0.0322,144.99,-85.76,60.86,52.832485,-1.653545,14.42,4,353.55,23 / 23,-2.282289875220896,14.142755330427942,0.22034800000002336,-6.797459370369019,47.2306415704053,-0.056944383999950055,False,3.298999999999978,-2.024100026979088,14.97804108742232,-5.996991795748247,47.76544866353292,15.114188888886499,352.30378999999647,0.25818984824180813,0.8352857569943772,0.8004675746207717,0.5348070931276254
321512.0,0.727,-0.5833,9.6821,0.01,0.0233,9.8066,-0.0751,-0.0546,0.1037,148.05,-85.75,64.39,52.832485,-1.653545,14.42,4,353.55,23 / 23,-2.271151025344333,14.065274091418875,0.2136618000000235,-7.027408135847561,48.65514705620855,-0.03502688909994789,False,3.3999999999999773,-2.0365032405440076,15.036607282348404,-6.200541534054317,49.28159148862612,15.173888888888019,352.28700000000026,0.23464778480032544,0.9713331909295295,0.8268666017932444,0.6264444324175713
321612.0,0.4073,1.2334,9.1418,0.0184,-0.0067,9.8066,0.0101,-0.0556,0.0633,149.03,-85.76,65.4,52.832485,-1.653545,14.42,4,353.55,23 / 23,-2.20600663600143,13.993260006594948,0.17419180000001458,-7.2512660189149,50.05807376110956,-0.015634209099941575,False,3.5,-2.0105407168734555,15.046266182205935,-6.4020759284562105,50.78272299862674,15.18,352.389,0.19546591912797462,1.053006175610987,0.8491900904586895,0.7246492375171769
321712.0,0.6232,-0.6245,10.3136,-0.0056,-0.0006,9.8066,0.0221,-0.0913,0.0823,147.68,-85.69,64.34,52.832485,-1.653545,14.42,4,353.55,23 / 23,-2.1375702561299494,13.925776846962282,0.1662968000000173,-7.468444863521395,51.454025603786945,0.0013902209000542128,False,3.599999999999966,-2.0610211955063464,15.187739056044391,-6.610328135978435,52.30609349407429,15.32694444443584,352.27200000000687,0.076549060623603,1.2619622090821085,0.85811672754296,0.8520678902873442
321812.0,0.7199,-1.1878,9.5456,-0.0076,-0.0058,9.8066,0.0399,0.1278,-0.0805,146.44,-85.78,62.56,52.832485,-1.653545,14.42,4,353.55,23 / 23,-2.1459438516116607,13.953443079895555,0.17859180000002012,-7.682620568908524,52.847986600130156,0.018634650900060005,False,3.6999999999999886,-1.990827593926374,15.022548184255589,-6.8051447172188055,53.807225002661575,15.153888888896464,352.4509999999922,0.1551162576852867,1.069105104360034,0.8774758516897183,0.9592384025314189
321912.0,1.0102,0.1818,9.4306,0.0247,-0.014,9.8065,-0.0306,0.1184,-0.0292,148.88,-85.88,65.38,52.832485,-1.653545,14.42,4,353.55,23 / 23,-2.149977220202398,13.936476412352022,0.14673680000003106,-7.897416622499153,54.242482574742056,0.034901080900057016,False,3.7999999999999545,-2.0300518777773076,15.085969708415321,-7.006679111606937,55.30835651266134,15.221944444442434,352.3360000000034,0.11992534242509034,1.1494932960632998,0.8907375108922162,1.0658739379192852
322012.0,1.3101,-2.058,10.1885,-0.0169,0.0062,9.8066,-0.0329,0.2148,-0.1058,152.3,-85.82,69.3,52.832485,-1.653545,14.42,4,353.55,23 / 23,-2.1978103341553834,13.94562055363417,0.14702680000003115,-8.114806000217092,55.63658742304168,0.049589260900063464,False,3.8999999999999773,-2.012238502305713,15.208569503186064,-7.2082135059954755,56.84284650064527,15.34111111110935,352.46299999999815,0.1855718318496704,1.2629489495518946,0.9065924942216164,1.2062590776035904
322112.0,0.6543,0.9797,8.6548,-0.0113,-0.0167,9.8066,-0.008,0.0221,-0.0336,150.82,-85.8,67.69,52.832485,-1.653545,14.42,4,353.55,23 / 23,-2.2120582354934935,13.928294172627611,0.10852680000002242,-8.335299428699585,57.030283159355086,0.06236694090006905,False,4.0,-1.95296005847182,15.198931465370388,-7.396312274099658,58.35509750307188,15.323888888888888,352.67800000000005,0.25909817702167337,1.2706372927427765,0.9389871545999275,1.3248143437167954
322211.0,0.3265,-1.1285,9.4165,-0.0015,0.0035,9.8066,0.008,0.1596,0.0477,148.9,-85.5,64.9,52.832485,-1.653545,14.42,4,353.55,23 / 23,-2.1635663105231475,13.893410249510234,0.03219780000003049,-8.551892843727385,58.40745752825077,0.06933280860007093,False,4.0989999999999895,-2.008539711484607,15.154791215779618,-7.5958313245429485,59.85222599536448,15.28731388889102,352.4503000000133,0.15502659903854044,1.2613809662693836,0.9560615191844368,1.444768467113711
322312.0,1.6842,1.0555,9.9036,-0.0106,0.0119,9.8066,-0.0716,0.2579,-0.1893,147.98,-85.42,63.88,52.832485,-1.653545,14.42,4,353.55,23 / 23,-2.152827146101869,13.829264231578906,0.017391200000030683,-8.769870713286947,59.807452589545754,0.071837053100074,False,4.199999999999989,-1.9872844818692732,15.21185033161665,-7.799381062875313,61.39071900023856,15.34111111110874,352.55699999999524,0.1655426642325959,1.382586100037745,0.9704896504116336,1.5832664106928078
322412.0,-0.0385,1.1049,9.6911,-0.0275,0.0305,9.8066,-0.0394,0.0417,0.0032,150.02,-85.23,65.86,52.832485,-1.653545,14.42,4,353.55,23 / 23,-2.0699508260927266,13.678032379086275,0.016461200000031123,-8.981009611896605,61.18281742007854,0.07352967310007652,False,4.2999999999999545,-2.0186236186558086,15.171294726760719,-8.000915457263737,62.90297000266447,15.305000000001067,352.421000000004,0.05132720743691799,1.4932623476744435,0.9800941546328676,1.720152582585925
322512.0,2.1016,-1.1806,10.051,0.0205,0.0157,9.8066,0.0401,0.1857,-0.0668,152.43,-85.3,69.12,52.832485,-1.653545,14.42,4,353.55,22 / 22,-2.0647862034907973,13.61613422630077,0.02290120000003268,-9.187746463375827,62.54752575034821,0.07549779310008016,False,4.399999999999977,-1.9718202303804493,15.151117802264178,-8.195732038516875,64.41522100509074,15.278888888889274,352.58499999999754,0.09296597311034804,1.5349835759634072,0.9920144248589526,1.8676952547425358
322612.0,1.1202,0.8071,9.3475,0.0078,0.04,9.8065,0.0927,-0.1588,-0.0289,153.7,-85.21,70.72,52.832485,-1.653545,14.42,4,353.55,22 / 22,-2.1218616833620683,13.537045419736822,0.01216120000003031,-9.397078857718519,63.9051847326504,0.07725091310008371,False,4.5,-2.020216766812224,15.150905887605889,-8.39726643291867,65.93859149994252,15.285,352.405,0.10164491654984431,1.613860467869067,0.999812424799849,2.0334067672921208
322712.0,1.3945,-1.3951,9.9718,0.0026,0.0047,9.8066,-0.0944,0.0808,0.1083,155.46,-85.33,72.47,52.832485,-1.653545,14.42,4,353.55,22 / 22,-2.1514813884703137,13.486237591773733,-0.0025387999999646124,-9.610746011310065,65.25634888322547,0.07773203310008683,False,4.599999999999966,-1.9595719845686161,15.061112482021642,-8.592083014157321,67.43972300983306,15.188055555561231,352.58699999998936,0.19190940390169753,1.5748748902479086,1.0186629971527434,2.183374126607589
322812.0,2.1006,-0.7641,10.059,-0.0121,0.001,9.8066,-0.1019,0.0608,0.0058,153.64,-85.22,71.22,52.832485,-1.653545,14.42,4,353.55,22 / 22,-2.259829667802972,13.484072067769501,0.018336200000040156,-9.831311564123778,66.60486436620293,0.07852190310009079,False,4.699999999999989,-2.01981747567332,15.101636307202735,-8.793617408532114,68.95197401296602,15.236111111109008,352.38200000000893,0.24001219212965186,1.617564239433234,1.0376941555916641,2.347109646763087
322912.0,1.0411,0.7814,9.7638,0.0057,0.003,9.8066,0.0398,0.1368,-0.0655,153.65,-85.28,70.75,52.832485,-1.653545,14.42,4,353.55,22 / 22,-2.30470163017798,13.39079836139755,0.028811200000036598,-10.059538129022748,67.94860788766083,0.08087927310009382,False,4.7999999999999545,-2.1411997434869536,15.095846400598296,-9.008587429217854,70.45310552155163,15.246944444444125,351.9270000000135,0.1635018866910265,1.7050480392007454,1.0509506998048934,2.504497633890807
323012.0,1.0832,-0.0901,10.7722,0.0085,0.0114,9.8066,-0.0721,0.0569,0.0442,154.62,-85.32,72.56,52.832485,-1.653545,14.42,4,353.55,22 / 22,-2.2895662124343743,13.289967542926652,0.07494620000004712,-10.289251521153417,69.28264618287734,0.08606714310009919,False,4.899999999999977,-2.1331398290442234,15.063602809195974,-9.216839636768903,71.9653565246849,15.213888888889377,351.9399999999998,0.1564263833901509,1.7736352662693218,1.0724118843845147,2.6827103418075637
323112.0,1.5439,1.3391,9.666,0.016,0.0161,9.8065,0.0102,0.1215,-0.0627,156.74,-85.25,74.61,52.832485,-1.653545,14.42,4,353.55,22 / 22,-2.2902886360642323,13.152696940442334,0.11619120000005656,-10.5182442635784,70.6047794070461,0.09562401310010654,False,5.0,-2.1630961274748017,14.966436413661324,-9.438527470590756,73.45536854155287,15.121944444444441,351.776,0.12719250858943054,1.8137394732189893,1.079716792987643,2.8505891345067766
323212.0,0.3854,-0.5102,9.8179,-0.0153,0.0127,9.8066,-0.0623,-0.0022,0.0474,154.34,-85.39,71.86,52.832485,-1.653545,14.42,4,353.55,22 / 22,-2.2685045593955877,13.049452420903748,0.10972120000005883,-10.746183923351312,71.91488687511296,0.10691963310010846,False,5.099999999999966,-2.171276761893716,15.071343481497282,-9.653497491261444,74.96761954316095,15.226944444438296,351.8019999999985,0.09722779750187183,2.021891060593534,1.0926864320898684,3.0527326680479945
323312.0,0.0201,-1.7706,9.6812,-0.0162,-0.0027,9.8065,-0.0009,0.2089,-0.0739,147.67,-85.49,68.28,52.832485,-1.653545,14.42,4,353.55,22 / 22,-2.2488261467405177,13.120068649491744,0.1040112000000576,-10.972050458658169,73.22336292863302,0.11760625310011671,False,5.199999999999989,-2.224442685717858,15.074819795013765,-9.87518532510981,76.46875105316222,15.238055555555068,351.6060000000086,0.02438346102265987,1.954751145522021,1.0968651335483592,3.2453881245291996
323412.0,-0.4077,-2.6082,9.9894,0.0109,0.0325,9.8066,0.031,-0.1267,0.0636,151.21,-85.58,68.36,52.832485,-1.653545,14.42,4,353.55,22 / 22,-2.245090055653114,13.302760213731318,0.1068762000000567,-11.196746268777774,74.54450437179372,0.12815062310011882,False,5.2999999999999545,-2.235392975218619,14.993162794823954,-10.096873158918383,77.96988256316199,15.158888888891228,351.52000000000254,0.009697080434495131,1.690402581092636,1.0998731098593915,3.4253781913682673
323512.0,1.7373,-2.2506,11.003,0.0131,0.0411,9.8065,0.1485,0.1337,-0.0501,152.49,-85.67,69.85,52.832485,-1.653545,14.42,4,353.55,23 / 23,-2.3228858953677087,13.466798265770619,0.17583120000007244,-11.425145066328868,75.88298229576912,0.1422859931001285,False,5.399999999999977,-2.2836026264228773,15.051642832123004,-10.325278805902546,79.48213356558794,15.223888888887927,351.3730000000022,0.03928326894483147,1.5848445663523858,1.0998662604263227,3.599151269818819
323612.0,0.2273,2.6964,9.5463,0.0144,0.0277,9.8066,0.087,-0.3489,0.16,155.35,-85.7,73.3,52.832485,-1.653545,14.42,4,353.55,23 / 23,-2.310640799141191,13.375999656891768,0.22263120000008316,-11.656821401054366,77.22512219190254,0.1622091131001408,False,5.5,-2.3122748592702203,15.123140752163712,-10.553684452886907,80.99438456801423,15.29888888888889,351.307,-0.0016340601290294465,1.7471410952719442,1.1031369481674584,3.7692623761116835
323712.0,0.7984,-1.7551,8.687,-0.0214,0.0321,9.8065,-0.0407,-0.1857,0.1157,154.51,-85.69,71.87,52.832485,-1.653545,14.42,4,353.55,23 / 23,-2.2435712619354646,13.285866799120981,0.15363120000010674,-11.88453200410812,78.55821551470272,0.18102223310014387,False,5.599999999999966,-2.341731047972809,15.11270471901966,-10.788807912989627,82.49551607719744,15.293055555555895,351.19200000000666,-0.09815978603734443,1.8268379198986793,1.095724091118493,3.9373005624947126
323812.0,-1.2727,1.7123,9.3462,-0.0295,-0.0409,9.8064,-0.0393,-0.1784,0.2151,150.77,-85.85,67.7,52.832485,-1.653545,14.42,4,353.55,23 / 23,-2.124192674222558,13.283194109208775,0.0746262000000888,-12.10292020091607,79.88666856011952,0.19243510310015624,False,5.699999999999989,-2.413854562349985,15.17533119344471,-11.030649186258152,84.01888657204807,15.366111111107914,350.96200000001005,-0.2896618881274269,1.8921370842359355,1.0722710146579182,4.132218011928558
323912.0,0.349,-0.8342,8.4173,0.0067,-0.0044,9.8066,0.0396,-0.3701,0.1594,149.56,-86.04,66.52,52.832485,-1.653545,14.42,4,353.55,23 / 23,-1.9663242399660648,13.249758325948898,-0.017863799999879665,-12.307446046625431,81.21331618187695,0.19527322310016573,False,5.7999999999999545,-2.501660813146069,15.185315050269699,-11.279208272675591,85.54225706760647,15.389999999999294,350.64500000000936,-0.5353365731800042,1.9355567243208007,1.02823777394984,4.328940885729523
324012.0,1.1931,-5.2629,8.7853,-0.0081,-0.0878,9.8062,-0.0908,-0.2597,0.2113,148.66,-85.99,65.42,52.832485,-1.653545,14.42,4,353.55,23 / 23,-2.093314568131137,13.455468489580117,-0.1383987999999071,-12.510427987030337,82.5485775226537,0.1874600931001746,False,5.899999999999977,-2.4639977430025173,15.23002341914712,-11.521049545958062,87.06562756245842,15.428055555554991,350.80999999999756,-0.37068317487138014,1.7745549295670031,0.9893784410722741,4.517050039804715
324112.0,-1.3243,0.8982,10.8888,-0.0267,-0.065,9.8063,0.0225,-0.2727,0.0925,142.71,-86.24,58.96,52.832485,-1.653545,14.42,4,353.55,23 / 23,-2.1036383151918314,13.644280052529979,-0.13535879999990638,-12.720275631196532,83.90356494975951,0.17377221310018082,False,6.0,-2.484684837544928,15.1830354757563,-11.769608632375837,88.57787856488486,15.385,350.706,-0.3810465223530968,1.5387554232263216,0.9506669988206955,4.674313615125342
324212.0,0.8609,-4.6592,11.4755,0.0211,-0.0052,9.8065,-0.0902,0.5459,-0.2297,149.36,-86.09,66.36,52.832485,-1.653545,14.42,4,353.55,23 / 23,-2.0819981677187482,13.81727337637259,0.0021912000000467724,-12.92955745534199,85.27664262120418,0.1671138331001901,False,6.099999999999966,-2.545693717291402,15.268118572114268,-12.024885531897239,90.11236855346458,15.47888888888339,350.53400000001005,-0.4636955495726536,1.4508451957416781,0.9046719234447522,4.835725932260402
324312.0,0.8482,1.4472,11.5072,0.0359,0.002,9.8065,0.0895,0.2533,-0.2451,154.42,-85.97,72.65,52.832485,-1.653545,14.42,4,353.55,23 / 23,-2.148705790838449,13.892390974394063,0.1706612000000851,-13.141092653269899,86.66212583874282,0.17575645310019866,False,6.199999999999989,-2.6026194584537703,15.330651387151848,-12.286880244625983,91.64685854074217,15.549999999996887,350.3650000000074,-0.45391366761532126,1.438260412757785,0.8542124086439156,4.984732701999349
324412.0,0.1238,-4.3222,9.4952,0.0235,0.0781,9.8062,-0.0616,0.2444,-0.1841,158.1,-85.47,75.89,52.832485,-1.653545,14.42,4,353.55,23 / 23,-2.147746297711493,13.97994172913105,0.24011620000006145,-13.355915257697323,88.0557424739186,0.19629532310019898,False,6.2999999999999545,-2.6194610308810873,15.374560341609001,-12.548874957328266,93.1813485280189,15.596111111109748,350.33100000000104,-0.47171473316959434,1.3946186124779505,0.8070403003690565,5.125606054100302
324512.0,0.7188,-3.5448,10.5853,-0.0392,-0.008,9.8065,-0.0777,0.4499,-0.2025,151.58,-85.54,68.75,52.832485,-1.653545,14.42,4,353.55,23 / 23,-2.255202036699515,14.29221884779843,0.2634762000000669,-13.576062674417923,89.4693505027654,0.22147494310021112,False,6.399999999999977,-2.658329219083143,15.40932566083253,-12.810869670044049,94.7158385152965,15.63694444444384,350.21200000000175,-0.40312718238362777,1.1171068130341002,0.7651930043738737,5.246488012531103
324612.0,-1.3038,2.2704,8.5954,-0.0165,-0.0069,9.8066,0.0494,-0.3248,0.1928,151.4,-85.6,68.62,52.832485,-1.653545,14.42,4,353.55,23 / 23,-2.1632941105163037,14.343381578701987,0.24184620000006202,-13.796987481778764,90.90113052409075,0.2467410631002233,False,6.5,-2.74142476565549,15.36851913418165,-13.086300009044194,96.2614479957069,15.61111111111111,349.886,-0.5781306551391863,1.0251375554796631,0.7106874727345698,5.360317471616156
324712.0,-0.7557,-2.656,10.2411,-0.0073,0.0171,9.8066,-0.0234,-0.1414,0.1788,146.16,-85.74,66.87,52.832485,-1.653545,14.42,4,353.55,23 / 23,-1.9972962276763928,14.391703959815716,0.20300620000007527,-14.005016998688328,92.33788480101614,0.2689836831002226,False,6.599999999999966,-2.86026335970488,15.524825201114227,-13.3684481611728,97.80705747671146,15.786111111100864,349.561000000019,-0.8629671320284871,1.133121241298511,0.6365688375155276,5.469172675695319
324812.0,0.826,1.332,10.6613,0.0233,-0.0003,9.8066,0.0294,-0.2609,0.2405,152.2,-85.93,69.85,52.832485,-1.653545,14.42,4,353.55,23 / 23,-1.94848431883685,14.429642665328048,0.26746120000009,-14.202306026014035,93.77895213227366,0.29250705310023617,False,6.699999999999989,-2.86037084216941,15.4301740533005,-13.650596313335452,99.35266695712205,15.693055555559628,349.49800000000283,-0.9118865233325599,1.0005313879724511,0.5517097126785835,5.573714824848395
324912.0,0.1859,-2.6342,9.8098,0.0029,0.0511,9.8064,0.0084,-0.1602,0.0427,155.17,-85.98,72.83,52.832485,-1.653545,14.42,4,353.55,23 / 23,-1.9222428005551817,14.4442835130552,0.31035120000007543,-14.395842381983572,95.22264844119233,0.3213976731002346,False,6.7999999999999545,-2.9594268857407253,15.541857974449467,-13.946180091781905,100.9093959299569,15.821111111107326,349.21900000000824,-1.0371840851855436,1.0975744613942666,0.44966229020166715,5.686747488764567
325012.0,-0.9354,2.711,9.6659,-0.0049,-0.0348,9.8065,-0.0064,-0.1982,0.1595,151.82,-86.04,69.54,52.832485,-1.653545,14.42,4,353.55,23 / 23,-1.7852242147845778,14.440021729692717,0.30347120000007394,-14.581215732750602,96.66686370333005,0.35208879310024904,False,6.899999999999977,-3.051415603647454,15.554632309077343,-14.248481683364515,102.46612490350046,15.851111111110665,348.90100000000473,-1.266191388862876,1.1146105793846264,0.33273404938608664,5.799261200170406
325112.0,-0.4017,-2.1683,9.7546,-0.0104,0.0119,9.8066,0.0171,-0.3384,0.1377,151.82,-85.8,69.22,52.832485,-1.653545,14.42,4,353.55,23 / 23,-1.6172973309657834,14.427971509980111,0.29383120000007185,-14.75134181003816,98.11026336531403,0.3819539131002631,False,7.0,-3.0712688900757015,15.520993312540908,-14.557501088082827,104.01173438320387,15.821944444444444,348.807,-1.453971559109918,1.0930218025607967,0.19384072195533264,5.901471017889847
325212.0,0.9804,-3.2882,10.4371,0.0138,-0.0406,9.8065,-0.0586,0.1915,-0.1635,151.93,-85.7,68.71,52.832485,-1.653545,14.42,4,353.55,23 / 23,-1.675245334422938,14.63522985254519,0.32275120000006197,-14.91596894330754,99.5634234334398,0.41278303310025927,False,7.099999999999966,-3.1273995447436462,15.58033325808814,-14.866520492805288,105.56846335663329,15.89111111110706,348.6500000000092,-1.4521542103207081,0.9451034055429499,0.04944845050225233,6.005039923193493
325312.0,-1.1789,-2.2741,10.7118,0.0248,-0.0257,9.8065,0.1054,-0.1336,0.0889,152.94,-85.76,69.98,52.832485,-1.653545,14.42,4,353.55,23 / 23,-1.6991358747618035,14.864573913886582,0.39953120000007947,-15.084688003766816,101.03841362176172,0.44889715310027456,False,7.199999999999989,-3.2310229443412055,15.637752042999702,-15.18897552384753,107.13631182260185,15.968055555552187,348.3260000000142,-1.531887069579402,0.7731781291131199,-0.10428752008071385,6.097898200840135
325412.0,0.0526,-1.4829,9.6866,0.0296,-0.0056,9.8065,0.0295,0.1829,-0.1322,157.8,-85.67,75.6,52.832485,-1.653545,14.42,4,353.55,23 / 23,-1.6341284580397981,15.034704017715184,0.4387862000000662,-15.251351220406839,102.5333775183413,0.49081302310026753,False,7.2999999999999545,-3.2941338731733376,15.528329932175266,-15.518148367985617,108.69304079473036,15.873888888891672,348.023000000009,-1.6600054151335395,0.4936259144600825,-0.26679714757877804,6.159663276389068
325511.0,1.6546,0.5487,10.3406,-0.0011,-0.0273,9.8066,-0.0003,0.1044,-0.0037,157.27,-85.67,75.56,52.8337,-1.65388,14.56,3,345.69,23 / 23,-1.636517774269678,15.016093734390388,0.4592742500000759,-15.413248208906234,104.02089200707123,0.5352670153752954,False,7.399000000000001,-3.285024458309808,15.482753137458802,-15.837378848731715,110.22319418103778,15.827413888889577,348.02102,-1.64850668404013,0.46665940306841414,-0.4241306398254814,6.202302173966558
325612.0,0.9516,-0.8204,9.9977,-0.0352,0.0051,9.8065,-0.0729,0.1183,-0.0127,157.99,-85.45,71.87,52.8337,-1.65388,14.56,3,345.69,23 / 23,-1.6683308207567344,14.949020216362294,0.49588675000007565,-15.580143062955067,105.53413026158422,0.5835026458753027,False,7.5,-3.3105836578955876,15.435920793268213,-16.16977624322073,111.77314026312635,15.786944444444444,347.895,-1.6422528371388532,0.4869005769059189,-0.5896331802656647,6.239010001542127
325712.0,0.345,0.1841,8.5648,-0.004,0.0046,9.8066,-0.0951,0.2529,-0.1087,153.87,-85.39,71.73,52.8337,-1.65388,14.56,3,345.69,23 / 23,-1.644787759970336,14.926828779099429,0.4433467500000936,-15.745798991991364,107.0279227113568,0.6304643208752951,False,7.599999999999966,-3.332071435674445,15.360812816879843,-16.498949087348517,113.30763025029142,15.718055555559589,347.76100000000787,-1.687283675704109,0.43398403778041406,-0.753150095357153,6.27970753893463
325812.0,-1.5808,0.017,11.1127,0.0107,0.0439,9.8065,-0.0197,0.0869,-0.0213,153.66,-85.4,70.91,52.8337,-1.65388,14.56,3,345.69,23 / 23,-1.4895521372486376,14.922319124102314,0.4465567500000944,-15.902515986852348,108.52038010651722,0.6749594958753147,False,7.699999999999989,-3.4280330086577386,15.322319661690672,-16.841557557824274,114.84212023898367,15.701111111111853,347.38900000001627,-1.938480871409101,0.4000005375883582,-0.9390415709719253,6.321740132466445
325912.0,1.2676,2.0088,9.718,0.0231,0.0157,9.8066,0.0128,0.208,-0.1133,156.65,-85.26,74.97,52.8337,-1.65388,14.56,3,345.69,23 / 23,-1.3418807314664072,14.814035968419155,0.5074267500000738,-16.044087630288054,110.00719786114279,0.7226586708753068,False,7.7999999999999545,-3.399511758227536,15.346882019058162,-17.177448215151962,116.37661022626038,15.718888888888364,347.5099999999964,-2.0576310267611286,0.5328460506390069,-1.1333605848639081,6.369412365117597
326012.0,0.4104,-1.7736,9.9618,-0.0067,0.0299,9.8066,-0.0479,0.0613,0.0143,160.85,-85.19,75.1,52.8337,-1.65388,14.56,3,345.69,23 / 23,-1.315696719032475,14.742599233020185,0.5107517500000746,-16.176966502813027,111.48502962121509,0.7735675958753258,False,7.899999999999977,-3.547355765723665,15.220986662258882,-17.533492311912468,117.88886122798,15.62888888889022,346.8810000000093,-2.23165904669119,0.4783874292386976,-1.3565258090994412,6.403831606764911
326112.0,0.3987,-2.0448,9.9165,0.007,0.0211,9.8065,-0.0126,0.2728,-0.19,159.95,-85.31,74.11,52.8337,-1.65388,14.56,3,345.69,23 / 23,-1.3257875989648986,14.875018376665636,0.5240017500000776,-16.309040718712925,112.96591050169972,0.8253052708753451,False,8.0,-3.3913743922171364,15.163434643224624,-17.869382969240352,119.41223172283178,15.538055555555555,347.39300000000003,-2.065586793252238,0.288416266558988,-1.5603422505274267,6.446321221132052
326212.0,0.4677,-3.1169,10.2371,0.0092,0.0317,9.8065,-0.0113,-0.0012,0.0217,161.06,-85.26,75.42,52.8337,-1.65388,14.56,3,345.69,23 / 23,-1.360169572960565,15.070045082816566,0.5510167500000684,-16.443338577309152,114.46316367467332,0.8790561958753341,False,8.099999999999966,-3.5012189883066376,15.135312702284212,-18.21870925284023,120.92448272585449,15.53500000000018,346.9750000000245,-2.141049415346073,0.06526761946764559,-1.7753706755310787,6.461319051181164
326312.0,0.1734,-1.3367,9.3947,0.0312,0.0478,9.8065,-0.0122,0.2277,-0.1154,162.98,-85.23,78.14,52.8337,-1.65388,14.56,3,345.69,23 / 23,-1.3695656308377282,15.23481303097225,0.5519417500000687,-16.5798253374991,115.97840658036311,0.9342041208753535,False,8.199999999999989,-3.3700388615653485,14.913984647701197,-18.5545999101419,122.41449474343075,15.290000000010723,347.2669999999872,-2.0004732307276205,-0.3208283832710528,-1.9747745726428008,6.436088163067637
326412.0,1.3118,1.8732,10.1059,0.0068,0.0349,9.8066,-0.0702,-0.1333,0.0904,160.31,-85.24,79.47,52.8337,-1.65388,14.56,3,345.69,23 / 23,-1.3362324756442778,15.150083008901825,0.5463067500000708,-16.715115242823153,117.4976513823563,0.9891165458753418,False,8.299999999999955,-3.2988086810606165,14.866456783272241,-18.883772754320635,123.89338726787238,15.228055555557388,347.4889999999935,-1.9625762054163387,-0.2836262256295843,-2.168657511497482,6.395735885516089
326512.0,1.4863,0.0255,9.9643,0.0008,0.0241,9.8065,0.0673,0.0145,-0.022,160.01,-85.04,78.91,52.8337,-1.65388,14.56,3,345.69,23 / 23,-1.3435256405708949,14.979751030582204,0.569151750000076,-16.84910314863394,119.00414308433083,1.0448894708753618,False,8.399999999999977,-3.3420396995921853,15.021606834185366,-19.21294559849927,125.40563826959036,15.38888888888651,347.45700000000045,-1.9985140590212904,0.041855803603162656,-2.3638424498653308,6.40149518525952
326612.0,-0.3044,0.3448,8.6893,0.0018,-0.0043,9.8066,0.0683,-0.0853,0.0855,157.06,-85.13,75.33,52.8337,-1.65388,14.56,3,345.69,23 / 23,-1.2990042005560962,14.912398864758554,0.5211667500000651,-16.98122964069032,120.49875057909821,1.0994053958753813,False,8.5,-3.4687261503074254,14.78550710840908,-19.55555406896226,126.87341130160735,15.186944444444444,346.797,-2.169721949751329,-0.12689175634947425,-2.5743244282719395,6.374660722509134
326712.0,0.7808,-0.1414,9.3603,-0.0144,-0.003,9.8066,0.0009,-0.094,0.0739,155.49,-85.27,73.57,52.8337,-1.65388,14.56,3,345.69,23 / 23,-1.222371317700488,14.865579303868085,0.44298175000009177,-17.107298416603104,121.98764948752904,1.1476128208753726,False,8.599999999999966,-3.4225751806030935,14.777725442591237,-19.898162539400325,128.35230382594088,15.168888888889944,346.95999999999043,-2.2002038629026055,-0.08785386127684802,-2.7908641227972204,6.364654338411839
326812.0,0.6007,0.3743,9.3778,0.0057,-0.0325,9.8065,0.0233,0.004,0.0481,152.86,-85.66,70.28,52.8337,-1.65388,14.56,3,345.69,23 / 23,-1.1837511751032492,14.801828333321417,0.3992217500000819,-17.22760454124332,123.47101986938885,1.189722995875391,False,8.699999999999989,-3.5052891534879325,14.653523905277838,-20.247488823025424,129.80895736482555,15.066944444448907,346.5470000000181,-2.3215379783846832,-0.1483044280435788,-3.0198842817821046,6.337937495436691
326912.0,1.7006,-1.8384,10.8242,-0.0033,-0.0094,9.8066,0.0679,-0.1315,0.0687,154.82,-85.66,68.57,52.8337,-1.65388,14.56,3,345.69,23 / 23,-1.222586919843041,14.795403181776564,0.4286567500000719,-17.347921445990593,124.95088144514325,1.2311169208753845,False,8.799999999999955,-3.382957274875192,14.568488584762934,-20.583379480326702,131.26561090441538,14.956111111114385,346.92699999998877,-2.160370355032151,-0.22691459701363037,-3.2354580343361086,6.3147294592721295
327012.0,-0.1439,0.1406,10.4167,0.0147,-0.0126,9.8066,0.0351,0.0338,-0.0235,154.22,-85.7,71.94,52.8337,-1.65388,14.56,3,345.69,23 / 23,-1.2339634776387869,14.814998327790338,0.5100367500000905,-17.47074896586471,126.43140152062193,1.2780515958754033,False,8.899999999999977,-3.413881921336315,14.467675529511059,-20.925987950816406,132.71114495087338,14.865000000001347,346.723000000003,-2.1799184436975283,-0.34732279827927925,-3.455238984951695,6.279743430251443
327112.0,2.1302,-0.9889,10.631,0.0378,-0.0029,9.8065,0.101,-0.0413,-0.0104,165.77,-85.71,77.13,52.8337,-1.65388,14.56,3,345.69,23 / 23,-1.247889476661581,14.800531794083751,0.581756750000107,-17.594841613579757,127.91217802671598,1.3326412708754256,False,9.0,-3.3988621050582486,14.476347481004971,-21.261878608130733,134.15667899662375,14.87,346.787,-2.1509726283966675,-0.3241843130787796,-3.667036994550976,6.244500969907776
327212.0,0.9493,1.235,10.0426,0.0235,0.0026,9.8066,0.3002,0.011,-0.2905,165.77,-85.56,81.41,52.8337,-1.65388,14.56,3,345.69,23 / 23,-1.3055200153267381,14.708445645888945,0.634771750000089,-17.72251208817913,129.3876268987141,1.3934676958754146,False,9.099999999999966,-3.4466246590406073,14.381655434188884,-21.604487078582157,135.60221304226812,14.788888888893638,346.5230000000155,-2.141104643713869,-0.32679021170006095,-3.8819749904030267,6.2145861435540155
327312.0,0.421,0.0568,8.3286,-0.0564,-0.0629,9.8063,-0.1881,-0.1082,0.1953,164.03,-85.51,79.68,52.8337,-1.65388,14.56,3,345.69,23 / 23,-1.2665886009605634,14.587446227145668,0.5726667500000749,-17.851117518993526,130.85242149236618,1.4538396208754365,False,9.199999999999989,-3.3451289946535794,14.38620909097153,-21.940377735896778,137.0366275963008,14.770000000000826,346.9099999999831,-2.0785403936930162,-0.20123713617413763,-4.089260216903252,6.184206103934628
327412.0,3.06,0.8141,9.4404,-0.0873,-0.0653,9.806,-0.2124,0.0593,0.2477,156.15,-85.31,74.42,52.8337,-1.65388,14.56,3,345.69,23 / 23,-1.3173914331320615,14.446576259340302,0.4804517500001064,-17.980316520698114,132.30412261668997,1.5064955458754277,False,9.299999999999955,-3.416106291082686,14.183296401772287,-22.276268393237526,138.44880316477438,14.588888888894243,346.4580000000134,-2.0987148579506245,-0.26327985756801553,-4.295951872539412,6.144680548084409
327512.0,0.2483,-0.2323,7.955,-0.0037,0.0166,9.8066,0.0667,0.0538,-0.1215,158.63,-85.24,72.88,52.8337,-1.65388,14.56,3,345.69,23 / 23,-1.3628678838948398,14.324835968698531,0.36955675000008126,-18.11432948654949,133.74269322809224,1.5489959708754468,False,9.399999999999977,-3.4239062324892924,14.171127948956398,-22.618876863687163,139.87209822567308,14.578888888889036,346.4170000000006,-2.061038348594453,-0.15370801974213322,-4.504547377137673,6.129404997580849
327612.0,0.8875,-2.5169,9.1992,0.0293,0.0258,9.8065,0.0742,0.0673,0.0282,152.63,-85.3,69.71,52.8337,-1.65388,14.56,3,345.69,23 / 23,-1.381394074498973,14.396469961806249,0.24660175000005333,-18.251542584469213,135.1787585246178,1.5798038958754606,False,9.5,-3.495403829783971,14.05063612522656,-22.96820314731256,141.27315430242848,14.47888888888889,346.03,-2.114009755284998,-0.345833836579688,-4.716660562843348,6.094395777810689
327712.0,2.0004,-1.3061,10.6678,-0.0058,0.0159,9.8066,0.0162,0.0079,-0.0651,153.47,-85.3,71.13,52.8337,-1.65388,14.56,3,345.69,23 / 23,-1.5015800881154466,14.479816621655997,0.259286750000049,-18.395691292599885,136.62257285379042,1.605098320875457,False,9.599999999999966,-3.545437032324091,14.006290928946775,-23.32424724404755,142.67421037766616,14.448055555557362,345.7950000000138,-2.0438569442086445,-0.47352569270922196,-4.928555951447667,6.0516375238757405
327812.0,1.1464,-1.3213,9.674,0.0099,-0.0269,9.8065,-0.0356,0.0769,0.0272,159.07,-85.41,73.47,52.8337,-1.65388,14.56,3,345.69,23 / 23,-1.6031250553525704,14.50772478682764,0.29571175000005734,-18.550926549773322,138.07194992421492,1.6328482458754687,False,9.699999999999989,-3.502187365042169,13.974789153525697,-23.666855714498173,144.07526645371388,14.406944444446244,345.930999999994,-1.8990623096895987,-0.5329356333019444,-5.11592916472485,6.00331652949896
327912.0,-0.0384,1.1838,8.6282,-0.0029,-0.0171,9.8066,-0.0699,0.1972,-0.1141,158.33,-85.4,72.91,52.8337,-1.65388,14.56,3,345.69,23 / 23,-1.563495133594163,14.46357403977309,0.2301567500000797,-18.709257559220607,139.52051486554447,1.6591416708754667,False,9.799999999999955,-3.528233636347612,13.818633316789587,-24.022899811258487,145.45408354420317,14.261944444448732,345.6770000000075,-1.9647385027534492,-0.6449407229835025,-5.31364225203788,5.933568678658702
328011.0,2.7989,-0.1663,10.9604,-0.0069,0.0324,9.8066,0.0882,0.048,-0.0431,158.16,-85.28,72.2,52.8337,-1.65388,14.56,3,345.69,23 / 23,-1.5793155233140168,14.335879869134677,0.22893410000007916,-18.864826686737633,140.94608783403606,1.6818666679504852,False,9.899000000000001,-3.559780883699793,13.813663637902883,-24.375383467052057,146.81911246308746,14.264969444444398,345.5492900000019,-1.980465360385776,-0.5222162312317948,-5.510556780314424,5.8730246290514
328111.0,2.3607,-2.9985,10.9239,0.0152,0.01,9.8066,0.2043,-0.1548,0.1571,157.78,-85.23,71.83,52.8337,-1.65388,14.56,3,345.69,23 / 23,-1.7847581770469758,14.355797107348396,0.3424841000000405,-19.033030371755626,142.38067168285974,1.7104375779504815,False,9.998999999999967,-3.653998380621402,13.686624817094005,-24.73807819883032,148.18692125606748,14.166000000000047,345.0520100000003,-1.8692402035744262,-0.6691722902543908,-5.705047827074694,5.806249573207737
328211.0,0.7231,-0.9005,9.4866,0.0245,0.0078,9.8065,0.072,-0.0067,-0.0399,155.43,-85.16,73.35,52.8337,-1.65388,14.56,3,345.69,23 / 23,-1.9081435047582314,14.448214525383943,0.38234410000004954,-19.217675455845928,143.8208722644967,1.7466789879504943,False,10.09899999999999,-3.6896841577443067,13.663768803642435,-25.107490743731223,149.55461885333213,14.15317500000069,344.8886000000092,-1.7815406529860753,-0.7844457217415073,-5.889815287885295,5.73374658883543
328312.0,3.9425,-1.3808,10.7825,-0.0036,0.0066,9.8066,0.0509,-0.0881,0.0265,161.62,-85.08,76.29,52.8337,-1.65388,14.56,3,345.69,23 / 23,-2.0771707201478335,14.4467218101361,0.4154620000000493,-19.418933824203684,145.28006654944045,1.7869681960004988,False,10.199999999999989,-3.671978284477175,13.683945838230217,-25.4739474508719,150.93599342736783,14.168055555554899,344.978999999996,-1.5948075643293413,-0.7627759719058833,-6.055013626668217,5.655926877927385
328412.0,0.4078,-2.1284,8.2782,0.0339,0.0096,9.8066,0.0671,-0.3152,0.0915,161.44,-84.93,75.93,52.8337,-1.65388,14.56,3,345.69,23 / 23,-2.2477311256947816,14.508834624331055,0.3878320000000588,-19.63517891649574,146.72784437116331,1.8271328960004904,False,10.299999999999955,-3.697272274690709,13.602592627277104,-25.843427173917053,152.292571532298,14.096111111113238,344.7940000000055,-1.4495411489959276,-0.9062419970539501,-6.208248257421314,5.564727161134698
328512.0,4.3602,2.5782,10.3552,-0.0315,-0.0655,9.8063,-0.2216,0.1537,0.078,157.46,-84.99,71.31,52.8337,-1.65388,14.56,3,345.69,23 / 23,-2.3602173349825515,14.368317414278916,0.3388370000000477,-19.86557633952966,148.17170197309414,1.863466346000504,False,10.399999999999977,-3.7249679787659957,13.56594267536824,-26.219624710111464,153.6491496379358,14.06805555555597,344.6460000000022,-1.3647506437834442,-0.802374738910677,-6.354048370581804,5.477447664841662
328612.0,1.559,-1.7722,9.8491,-0.0312,-0.0072,9.8066,-0.148,0.2085,-0.0421,157.85,-84.73,71.48,52.8337,-1.65388,14.56,3,345.69,23 / 23,-2.524085321817568,14.18898666618739,0.3683870000000545,-20.10979147236972,149.5995671771178,1.8988275460005173,False,10.5,-3.750141917831206,13.640838416692825,-26.58910443315722,155.01684723458442,14.146944444444445,344.62800000000004,-1.2260565960136378,-0.5481482494945649,-6.4793129607874995,5.417280057466627
328712.0,0.8019,0.231,9.5955,0.0244,-0.001,9.8065,0.0072,0.1873,-0.0568,152.65,-84.77,70.19,52.8337,-1.65388,14.56,3,345.69,23 / 23,-2.565264915705482,14.18759160769603,0.3599520000000574,-20.364258984245787,151.01839609081148,1.9352444960005104,False,10.599999999999966,-3.865409083593992,13.600249689944194,-26.978737595647882,156.3734253401227,14.13888888888936,344.13400000002895,-1.3001441678885097,-0.5873419177518358,-6.614478611402095,5.3550292493112295
328812.0,1.2003,1.0161,9.4407,-0.0014,0.0056,9.8066,-0.0363,0.1243,0.2032,153.5,-84.68,70.32,52.8337,-1.65388,14.56,3,345.69,23 / 23,-2.530887262232177,14.064861711168358,0.3310970000000508,-20.619066593142726,152.431018756755,1.9697969460005236,False,10.699999999999989,-3.92846372427803,13.611373467030136,-27.36837075812705,157.74112293818553,14.166944444443217,343.9010000000102,-1.3975764620458526,-0.45348824413822264,-6.7493041649843235,5.310104181430518
328912.0,1.6399,-2.2077,10.0018,-0.0177,0.0385,9.8065,-0.0522,0.1487,-0.183,153.3,-84.69,70.08,52.8337,-1.65388,14.56,3,345.69,23 / 23,-2.589175721716834,14.032041036981651,0.3225570000000537,-20.875069742340088,153.83586389416203,2.0024796460005176,False,10.799999999999955,-4.004856216858075,13.524501901450735,-27.77143954693002,159.09770104311568,14.10500000000183,343.5050000000117,-1.415680495141241,-0.5075391355309158,-6.896369804589931,5.261837148953646
329012.0,2.0708,1.104,9.3152,0.0051,0.0246,9.8065,0.0853,-0.2235,0.1367,157.0,-84.77,70.15,52.8337,-1.65388,14.56,3,345.69,23 / 23,-2.690940857103279,13.97730190208788,0.3077420000000504,-21.139075571281154,155.23633104111582,2.03399459600053,False,10.899999999999977,-4.024886468255159,13.595630880583744,-28.1745083357071,160.45427914804617,14.178888888887796,343.50899999999996,-1.3339456111518797,-0.3816710215041361,-7.035432764425945,5.217948106930351
329112.0,1.3785,-3.4944,9.6843,-0.0171,0.0452,9.8064,0.0017,-0.1148,0.0882,153.39,-84.61,70.29,52.8337,-1.65388,14.56,3,345.69,23 / 23,-2.8097573345127898,13.986055195910003,0.27705200000004354,-21.41411048086202,156.63449889601603,2.0632342960005414,False,11.0,-4.005758190793131,13.695075444857926,-28.570859311335322,161.83309623853492,14.268888888888888,343.696,-1.196000856280341,-0.2909797510520775,-7.156748830473301,5.1985973425188945
329212.0,0.8558,1.333,9.2099,-0.004,0.0055,9.8066,-0.0173,-0.1031,0.008,152.1,-84.76,68.69,52.8337,-1.65388,14.56,3,345.69,23 / 23,-2.860424760852179,14.011217723073907,0.24109700000005585,-21.69761958563017,158.03436254196475,2.0891417460005375,False,11.099999999999966,-3.9643269813757285,13.70510180062898,-28.96721028696109,163.20079383579076,14.266944444444556,343.86699999999,-1.1039022205235494,-0.3061159224449259,-7.26959070133092,5.166431293826008
329312.0,0.7453,-0.9101,10.1267,0.0142,0.0149,9.8066,0.0722,-0.0445,0.0146,152.76,-84.54,69.4,52.8337,-1.65388,14.56,3,345.69,23 / 23,-2.8250490731732842,13.934967587519283,0.2272620000000527,-21.98189327733151,159.43167180749472,2.1125596960005484,False,11.199999999999989,-4.047502129725846,13.703651782968265,-29.370279075737777,164.5796109262792,14.288888888887927,343.5450000000141,-1.2224530565525615,-0.2313158045510182,-7.388385798406269,5.147939118784478
329412.0,0.4563,-0.7531,10.0427,0.018,0.0253,9.8065,0.0843,0.0372,-0.071,155.88,-84.36,72.93,52.8337,-1.65388,14.56,3,345.69,23 / 23,-2.8200247944293126,13.959541947853957,0.25506700000004323,-22.264146970711543,160.8263972842629,2.136676146000545,False,11.299999999999955,-4.086681014021882,13.919427984067578,-29.780065677676642,165.9695475099,14.506944444438,343.6379999999973,-1.2666562195925692,-0.04011396378637855,-7.515918706965099,5.1431502256371004
329512.0,0.7153,-0.5691,9.6939,0.0128,0.0015,9.8066,-0.0677,0.0791,0.0064,157.89,-84.39,75.53,52.8337,-1.65388,14.56,3,345.69,23 / 23,-2.8060281171957984,13.969373446936409,0.26123200000004465,-22.545449616292863,162.22284305400274,2.1624910960005552,False,11.399999999999977,-4.20440841826701,13.907248548799108,-30.203287905886835,167.35948409352207,14.528888888888565,343.1790000000068,-1.398380301071212,-0.06212489813730038,-7.657838289593972,5.136641039519333
329612.0,-0.0428,-0.4201,9.4317,-0.0033,0.0006,9.8066,-0.0135,-0.0549,0.0602,161.65,-84.33,75.97,52.8337,-1.65388,14.56,3,345.69,23 / 23,-2.7619721082357334,13.970085959490468,0.2368470000000391,-22.823849627564503,163.6198160243244,2.187395046000565,False,11.5,-4.181008414242641,14.04998904258727,-30.619792320975275,168.76054016886232,14.658888888888889,343.42800000000005,-1.419036306006908,0.07990308309680216,-7.7959426934107725,5.140724144537927
329712.0,0.4921,-2.1074,8.9052,-0.0258,0.0109,9.8065,-0.008,0.0026,-0.01,159.73,-84.29,73.58,52.8337,-1.65388,14.56,3,345.69,23 / 23,-2.7341591244519825,14.046723277602961,0.17302700000006094,-23.098656189198795,165.02065648617858,2.207888746000563,False,11.599999999999966,-4.228186217435178,13.963901364260941,-31.036296736059786,170.1615962441,14.590000000004034,343.154000000016,-1.4940270929831958,-0.08282191334201983,-7.93764054686099,5.140939757921416
329811.0,0.5906,0.4506,9.2773,0.013,0.0129,9.8066,-0.0185,-0.0224,-0.0269,152.86,-84.37,69.87,52.8337,-1.65388,14.56,3,345.69,23 / 23,-2.7157503772522684,14.076127504346214,0.10220240000006853,-23.36842670953313,166.4127375998849,2.221512601300568,False,11.698999999999955,-4.369682320641132,14.00008602474531,-31.475238646999294,171.54864175938678,14.666174999996596,342.66593000002183,-1.653931943388864,-0.0760414796009048,-8.106811937466166,5.135904159501877
329912.0,0.4186,-0.9063,9.2168,0.0103,-0.0119,9.8066,-0.0455,-0.0273,0.0837,152.78,-84.39,69.79,52.8337,-1.65388,14.56,3,345.69,23 / 23,-2.6748628575028714,14.051709954908967,0.04568280000006907,-23.640652677888262,167.83319339157728,2.228980803900575,False,11.799999999999955,-4.213599675556006,14.076787575762532,-31.89617681877825,172.96370839548737,14.693888888888093,343.33599999998006,-1.5387368180531347,0.025077620853565463,-8.255524140889989,5.130515003910091
330012.0,1.1641,-0.9944,10.286,0.0273,0.0066,9.8065,-0.0095,0.0679,0.0144,159.8,-84.34,73.55,52.8337,-1.65388,14.56,3,345.69,23 / 23,-2.6918188532292606,14.081908167132294,0.040157800000067814,-23.90898676342493,169.23987429767968,2.2332728339005827,False,11.899999999999977,-4.408656769437063,14.208702315563597,-32.33955248643491,174.3981229495184,14.876944444441738,342.7620000000084,-1.7168379162078025,0.1267941484313031,-8.43056572300998,5.158248651838733
330112.0,0.3696,-0.521,10.7073,0.0151,0.0104,9.8066,-0.0366,0.1215,-0.1066,160.58,-84.34,74.57,52.8337,-1.65388,14.56,3,345.69,23 / 23,-2.6974147771422787,14.093401983767471,0.10915780000008354,-24.17844844494357,170.64863980522497,2.240738613900592,False,12.0,-4.441969022696838,14.246631121623077,-32.782928154092374,175.82141801112493,14.923055555555555,342.68300000000005,-1.7445542455545588,0.15322913785560566,-8.604479709148805,5.172778205899959
330212.0,1.2904,-0.4811,9.8236,-0.0228,0.0007,9.8065,-0.0286,-0.0054,0.0155,161.21,-84.32,75.37,52.8337,-1.65388,14.56,3,345.69,23 / 23,-2.7004654121555216,14.079189817259318,0.155037800000068,-24.44834245440837,172.05726939527582,2.253948393900595,False,12.099999999999966,-4.379274155954513,14.198892100422697,-33.219586008568854,177.24471307191962,14.858888888892645,342.85899999998975,-1.6788087437989914,0.11970228316337916,-8.771243554160485,5.187443676643795
330312.0,-0.1182,-0.6129,9.2545,-0.0321,-0.0078,9.8065,-0.1091,0.0152,-0.0008,154.3,-84.18,71.89,52.8337,-1.65388,14.56,3,345.69,23 / 23,-2.6838001550210056,14.081868013992437,0.12827780000006203,-24.717555732767256,173.46532228683873,2.2681141739006048,False,12.199999999999989,-4.468620050206308,14.46347678981823,-33.66296167623928,178.70136661009371,15.138055555543335,342.83100000000127,-1.7848198951853025,0.3816087758257929,-8.945405943472021,5.236044323254987
330411.0,0.8762,-1.8342,8.8253,-0.0092,0.0326,9.8065,0.0179,0.0064,-0.0886,153.57,-83.97,70.58,52.8337,-1.65388,14.56,3,345.69,23 / 23,-2.6765020337566776,14.150734056892505,0.05236955000007014,-24.982890691111724,174.86283608934738,2.2770562177256104,False,12.298999999999978,-4.551010082246341,14.47610662654871,-34.11520485725435,180.13244531678708,15.174630555554467,342.5478600000084,-1.8745080484896635,0.32537256965620465,-9.132314166142624,5.269609227439702
330512.0,-0.3001,-1.9328,10.3015,-0.0057,0.0117,9.8065,0.0021,0.2008,-0.0877,156.91,-84.01,69.79,52.8337,-1.65388,14.56,3,345.69,23 / 23,-2.6859489642608456,14.284066075797767,0.027801300000070476,-25.253694466511607,176.29879349604823,2.2811048456506176,False,12.399999999999977,-4.571650028873249,14.604229707515048,-34.57658426414916,181.61467368856674,15.303055555553664,342.617999999999,-1.885701064612403,0.32016363171728024,-9.322889797637554,5.315880192518506
330612.0,-0.0455,-0.9882,8.4686,0.0128,0.0249,9.8065,0.0997,-0.207,0.1365,155.14,-84.0,72.75,52.8337,-1.65388,14.56,3,345.69,23 / 23,-2.634286791343676,14.397937093205105,-0.014358699999938999,-25.519706254291894,177.7328936544987,2.281776975650624,False,12.5,-4.57961452048935,14.591253512602394,-35.03339555810453,183.07132722745024,15.293055555555554,342.575,-1.9453277291456739,0.1933164193972896,-9.513689303812637,5.338433572951544
330712.0,2.0853,-1.4507,10.1358,0.0174,0.0315,9.8065,0.0791,0.1628,-0.0929,159.89,-84.12,74.38,52.8337,-1.65388,14.56,3,345.69,23 / 23,-2.6821708237020006,14.446863631724298,-0.06480369999992174,-25.785529135044087,179.17513369074467,2.2778188556506325,False,12.599999999999966,-4.724983794711443,14.758183753675333,-35.50364247833668,184.55021975249107,15.496111111099221,342.2470000000192,-2.0428129710094427,0.3113201219510344,-9.718113343292593,5.375086061746401
330812.0,-1.175,1.9292,9.5615,-0.0007,0.0207,9.8066,-0.0182,0.363,-0.2564,154.25,-84.25,73.01,52.8337,-1.65388,14.56,3,345.69,23 / 23,-2.6163340476450543,14.3893828989547,-0.06060369999992071,-26.050454378611498,180.61694601727896,2.271548485650639,False,12.699999999999989,-4.723911469727391,14.719439734760314,-35.97388939858996,186.02911227622576,15.458888888890518,342.20700000000176,-2.107577422082337,0.33005683580561396,-9.923435019978463,5.412166258946797
330912.0,0.4328,-1.3177,9.6399,-0.0586,0.0562,9.8063,-0.014,-0.052,0.0833,143.96,-83.98,70.67,52.8337,-1.65388,14.56,3,345.69,23 / 23,-2.4811566156828713,14.35350396327828,-0.08119869999991357,-26.305328911777806,182.05409036039012,2.2644583656506496,False,12.799999999999955,-4.82419258091641,14.754403401121856,-36.457571945126936,187.49688530894906,15.52305555555366,341.89400000000927,-2.343035965233539,0.4008994378435755,-10.15224303334913,5.442794948558941
331012.0,-2.2208,4.6976,9.9638,0.0002,-0.0124,9.8066,-0.1182,0.5426,-0.3147,140.84,-84.04,68.41,52.8337,-1.65388,14.56,3,345.69,23 / 23,-2.204922057188867,14.278350813253,-0.08167869999991353,-26.539632845421448,183.485683099217,2.2563144956506562,False,12.899999999999977,-4.776543955607168,14.965086634013279,-36.93453667851602,188.99801681824135,15.708888888886142,342.29799999999403,-2.571621898418301,0.6867358207602781,-10.39490383309457,5.512333719024355
331112.0,0.1839,-2.3524,10.1025,-0.0193,0.0718,9.8063,0.0616,-0.4953,0.1917,147.32,-83.85,69.65,52.8337,-1.65388,14.56,3,345.69,23 / 23,-1.9439444950180278,14.253824786034617,-0.05902869999990833,-26.74707617303184,184.9122918791817,2.2492791256506637,False,13.0,-4.907976434353647,14.953198988496819,-37.424937038215965,190.49914832753467,15.738055555555555,341.829,-2.9640319393356194,0.6993742024622023,-10.677860865184126,5.586856448352961
331212.0,-2.3664,2.7584,9.3836,0.0273,-0.0459,9.8065,0.0465,-0.2761,0.1986,155.64,-84.01,71.9,52.8337,-1.65388,14.56,3,345.69,23 / 23,-1.7544750612827913,14.251940810257443,-0.06538869999990617,-26.93199715084682,186.33758015899582,2.2430582556506753,False,13.099999999999966,-4.912542316674601,14.981227838689684,-37.9153373978668,192.0002798367179,15.766111111109469,341.8449999999991,-3.15806725539181,0.7292870284322408,-10.983340247019981,5.662699677722088
331312.0,-0.0954,-5.4028,10.116,0.0009,0.0371,9.8065,0.0813,-0.4804,0.2176,156.21,-83.63,72.47,52.8337,-1.65388,14.56,3,345.69,23 / 23,-1.5998834795908272,14.39767557851433,-0.07107369999990744,-27.099715077890536,187.77006097843474,2.236235135650683,False,13.199999999999989,-5.049915436307913,15.140011693716353,-38.41917338385071,193.5125308384362,15.959999999991515,341.55400000001276,-3.4500319567170856,0.7423361152020238,-11.319458305960175,5.742469860001449
331412.0,-0.3791,-2.3654,10.5786,0.0182,-0.066,9.8063,0.0713,-0.1191,0.0683,155.48,-83.46,72.05,52.8337,-1.65388,14.56,3,345.69,23 / 23,-1.6417672989324343,14.735851042200922,-0.017008699999925846,-27.261797616816644,189.22673730947,2.231831015650693,False,13.299999999999955,-5.118662258928767,15.118960517394942,-38.92972718297044,195.02478184227627,15.961944444444388,341.2960000000076,-3.476894959996333,0.3831094751940203,-11.667929566153795,5.798044532806273
331512.0,-2.0853,-5.7688,9.7454,0.0264,-0.0102,9.8066,0.0423,-0.5902,0.2473,155.82,-83.61,72.69,52.8337,-1.65388,14.56,3,345.69,23 / 23,-1.6019836405692462,15.131078300006822,0.018526300000082284,-27.423985163791766,190.72008377658074,2.2319068956507007,False,13.399999999999977,-5.027420338876818,15.083093603021622,-39.43356316895533,196.53703284470257,15.89888888888982,341.565999999996,-3.425436698307572,-0.047984696985199804,-12.009578005163565,5.816949068121829
331612.0,0.4075,-0.4697,8.5953,0.0354,-0.0714,9.8063,0.1928,-0.3823,0.2697,161.3,-83.86,75.56,52.8337,-1.65388,14.56,3,345.69,23 / 23,-1.5587436290753858,15.421811399196326,-0.04510369999993213,-27.582021527274033,192.24772826154125,2.2305780256507077,False,13.5,-5.1728203863742666,15.101691028492928,-39.9508347812244,198.0492838464215,15.963055555555554,341.092,-3.614076757298881,-0.32012037070339794,-12.368813253950368,5.801555584880248
331712.0,-0.0926,4.36,10.9204,-0.0007,-0.055,9.8065,0.1414,-0.1474,-0.0328,161.7,-83.75,75.98,52.8337,-1.65388,14.56,3,345.69,23 / 23,-1.4212274459261245,15.19640798366883,-0.04998369999993037,-27.73102008102406,193.77863923068398,2.225823655650716,False,13.599999999999966,-5.226193487099913,15.310662402183294,-40.46810639346908,199.5837738342939,16.17805555554297,341.15299999999644,-3.8049660411737882,0.11425441851446294,-12.737086312445019,5.805134603609929
331812.0,1.8474,-2.2025,10.696,-0.0318,-0.0264,9.8065,-0.033,0.6394,-0.5129,157.27,-83.94,75.76,52.8337,-1.65388,14.56,3,345.69,23 / 23,-1.3835032206846167,15.024436508070593,0.050171300000092484,-27.87125661435463,195.2896814552713,2.2258330356507243,False,13.699999999999989,-5.256673971011484,15.253515969820368,-40.998813632035464,201.1071443298538,16.133888888890823,340.98500000000735,-3.8731707503268673,0.2290794617497749,-13.127557017680836,5.817462874582503
331912.0,-0.8935,2.7527,9.2713,-0.0067,-0.1121,9.8059,-0.1605,0.3575,-0.0058,157.18,-84.15,75.17,52.8337,-1.65388,14.56,3,345.69,23 / 23,-1.322793937169278,14.952106963413309,0.0678713000000865,-28.006571472247277,196.788508628845,2.2317351656507314,False,13.799999999999955,-5.344423974863593,15.270677066059394,-41.536238683737636,202.6193953315724,16.17888888888756,340.7110000000081,-4.021630037694315,0.31857010264608476,-13.52966721149036,5.830886702727412
332012.0,1.2739,-1.2924,10.2982,-0.0047,0.0488,9.8065,-0.0861,0.3745,-0.1198,157.77,-83.96,75.7,52.8337,-1.65388,14.56,3,345.69,23 / 23,-1.2178727357141692,14.849206394782069,0.06568130000008604,-28.13360480589148,198.2785742967551,2.2384127956507416,False,13.899999999999977,-5.384232438218893,15.340613139595312,-42.073663735467115,204.14276582713134,16.25805555555439,340.66000000000076,-4.166359702504724,0.49140674481324353,-13.940058929575635,5.864191530376246
332112.0,1.9677,4.0309,9.6377,-0.005,0.002,9.8066,-0.0134,0.4919,-0.3799,157.37,-83.85,74.84,52.8337,-1.65388,14.56,3,345.69,23 / 23,-1.22081741369114,14.631801281893257,0.08181130000008978,-28.255539313361773,199.7526246805892,2.245787425650752,False,14.0,-5.285387202279234,15.251234377033793,-42.597653160898886,205.6661363226906,16.14111111111111,340.886,-4.064569788588094,0.6194330951405362,-14.342113847537114,5.913511642101383
332212.0,0.0764,-2.025,9.3946,-0.0137,0.0645,9.8064,0.0253,0.0582,0.0099,156.81,-83.44,74.46,52.8337,-1.65388,14.56,3,345.69,23 / 23,-1.1834945917345878,14.471028175204605,0.0527613000000998,-28.375754913633017,201.2077661534436,2.252516055650759,False,14.099999999999966,-5.214493909488835,15.503505565714198,-43.12164258626532,207.21174580228052,16.356944444431807,341.40999999996933,-4.030999317754247,1.0324773905095928,-14.7458876726323,6.003979648836918
332312.0,1.3832,-2.8504,9.6648,-0.0317,-0.0066,9.8066,-0.1395,0.3361,-0.2275,154.94,-83.67,72.25,52.8337,-1.65388,14.56,3,345.69,23 / 23,-1.2553573895584773,14.635951323680537,0.025066300000093567,-28.497697512697698,202.6631151283882,2.2564074356507695,False,14.199999999999989,-5.530672955276889,15.09775892519769,-43.67922107741299,208.72399680470875,16.07888888890106,339.8810000000669,-4.275315565718412,0.46180760151715283,-15.181523564715292,6.060881676320548
332412.0,-1.6248,1.6624,10.2588,-0.0167,0.0218,9.8065,-0.0262,0.2144,-0.0134,153.74,-83.71,70.07,52.8337,-1.65388,14.56,3,345.69,23 / 23,-1.1735246189171087,14.673251902822143,0.040581300000088354,-28.619141613121435,204.12857528971284,2.2596898156507774,False,14.299999999999955,-5.403222687063346,15.308309281257817,-44.21664612912969,210.25848679127716,16.233888888884305,340.55899999997996,-4.229698068146238,0.6350573784356737,-15.597504516008257,6.129911501564322
332512.0,-1.4643,-2.2772,10.8083,-0.0117,0.0174,9.8066,-0.059,0.2854,-0.1297,152.25,-83.93,68.43,52.8337,-1.65388,14.56,3,345.69,22 / 22,-0.9563637625891043,14.747839427846415,0.11327130000010494,-28.72563603219677,205.5996298562466,2.2673824456507887,False,14.399999999999977,-5.28187251281807,15.536728187049262,-44.740635554548305,211.8152157655274,16.409999999997396,341.22399999999016,-4.325508750228965,0.7888887592028464,-16.014999522351534,6.215585909280804
332612.0,-1.0278,0.4308,10.1626,0.0007,0.0264,9.8066,0.0207,-0.2124,0.0934,152.52,-83.98,68.62,52.8337,-1.65388,14.56,3,345.69,22 / 22,-0.7930703360647076,14.866646932150614,0.18115130000012036,-28.81310773712948,207.0803541742468,2.2821035756508032,False,14.5,-5.412603078110837,15.189448736502095,-45.28477841942645,213.32746676795432,16.125,340.38699999999994,-4.619532742046129,0.32280180435148154,-16.47167068229697,6.247112593707527
332712.0,0.1483,-2.4349,9.6073,-0.0041,0.0301,9.8066,0.007,0.0557,-0.0604,152.08,-84.0,68.32,52.8337,-1.65388,14.56,3,345.69,22 / 22,-0.705083900696171,14.954844454796072,0.18898130000011773,-28.8880154489675,208.57142874359363,2.3006102056508086,False,14.599999999999966,-5.43169187064096,15.163455501925235,-45.82892128423828,214.8397177695624,16.106944444445503,340.29200000000554,-4.726607969944789,0.20861104712916223,-16.940905835270776,6.268289025968784
332812.0,0.3237,-1.3446,10.2413,-0.0013,0.0262,9.8066,-0.0531,-0.0678,-0.0278,151.73,-83.92,67.48,52.8337,-1.65388,14.56,3,345.69,22 / 22,-0.7185857580746456,15.090646177096538,0.20074630000012053,-28.95919893190606,210.0737032751886,2.320096585650825,False,14.699999999999989,-5.400754668674685,15.198971972102456,-46.36634633595479,216.363088265121,16.129999999998994,340.4379999999937,-4.682168910600039,0.10832579500591777,-17.40714740404873,6.289384989932415
332912.0,1.7814,-1.382,8.9134,0.0095,-0.0004,9.8065,-0.0585,0.1025,0.0971,151.48,-84.01,67.54,52.8337,-1.65388,14.56,3,345.69,22 / 22,-0.7796814868247411,15.14103630690275,0.1778163000001284,-29.034112294151,211.58528739938805,2.3390247156508313,False,14.799999999999955,-5.510248097198629,15.182966615379131,-46.91048920080592,217.88645875926477,16.151944444443792,340.0530000000114,-4.730566610373888,0.04193030847638113,-17.87637690665492,6.301171359876719
333011.0,-0.5142,1.4723,9.0059,-0.0117,-0.012,9.8065,0.036,-0.2653,0.1939,151.06,-83.99,66.97,52.8337,-1.65388,14.56,3,345.69,22 / 22,-0.7368806959621611,15.088988286796123,0.09396330000008916,-29.109182122198987,213.08167361677684,2.352477805850848,False,14.899000000000001,-5.468130867466803,15.215134892020355,-47.45584127203975,219.3945955498688,16.167894444444208,340.2321899999974,-4.731250171504642,0.12614660522423193,-18.34665914984076,6.312921933091957
333111.0,1.3596,-3.0918,9.9176,-0.0105,0.0158,9.8066,-0.0231,-0.2416,0.133,149.77,-84.07,65.69,52.8337,-1.65388,14.56,3,345.69,22 / 22,-0.7186965781883993,15.119010132641812,0.059473300000101016,-29.18196098590649,214.59207353774823,2.360149635850855,False,14.998999999999967,-5.46526845913404,15.057281704433203,-47.99340068001874,220.89594944972447,16.01845555555563,340.05085000000014,-4.746571880945641,-0.06172842820860858,-18.81143969411225,6.303875911976235
333212.0,0.9587,0.0977,9.8257,0.0114,-0.0453,9.8064,-0.0207,0.0473,0.0514,148.79,-84.33,64.33,52.8337,-1.65388,14.56,3,345.69,22 / 22,-0.7975537399827722,15.174462845066518,0.066038300000101,-29.258531626974133,216.12189392312249,2.366487971650865,False,15.099999999999966,-5.468297042820879,14.980078923884367,-48.549635608496374,222.40097278299802,15.946944444448542,339.94600000000605,-4.6707433028381065,-0.1943839211821512,-19.29110398152224,6.27907885987554
333312.0,0.5722,0.9671,10.0418,-0.0025,-0.0174,9.8066,0.0305,-0.2636,0.0846,148.2,-84.3,63.79,52.8337,-1.65388,14.56,3,345.69,22 / 22,-0.7376928927552824,15.07518177256125,0.07874830000010394,-29.335293958611054,217.63437615400423,2.373727301650877,False,15.199999999999989,-5.46362776890479,15.012824445699069,-49.09377847334849,223.902104290876,15.976111111109834,340.0019999999975,-4.725934876149508,-0.06235732686218043,-19.75848451473744,6.267728136871767
333412.0,-0.8834,-0.2339,10.3407,0.0099,-0.0318,9.8065,0.0102,0.1885,-0.1222,147.09,-84.45,62.65,52.8337,-1.65388,14.56,3,345.69,22 / 22,-0.6084430276944706,15.040177571238113,0.11720830000009089,-29.402600754633518,219.14014412119369,2.383525131650883,False,15.299999999999955,-5.485179318564971,14.829161891733545,-49.63792133822662,225.3921163084506,15.81111111111599,339.70100000000895,-4.8767362908705,-0.2110156795045679,-20.2353205835931,6.251972187256911
333512.0,0.1835,-0.1499,9.5707,0.0235,-0.0276,9.8065,0.0091,-0.1209,0.0458,149.19,-84.48,65.09,52.8337,-1.65388,14.56,3,345.69,21 / 21,-0.4922023733978627,15.062245015720528,0.13211330000009436,-29.457633024688146,220.64526525054197,2.3959912116508955,False,15.399999999999977,-5.531226617179533,14.842881529857708,-50.19549982940257,226.87100883289293,15.839999999999574,339.562000000002,-5.03902424378167,-0.21936348586281973,-20.737866804714425,6.225743582350958
333612.0,1.5015,-3.1696,10.4445,0.0186,0.0002,9.8066,-0.0751,0.3205,-0.182,151.06,-84.41,67.38,52.8337,-1.65388,14.56,3,345.69,21 / 21,-0.5495991393006717,15.149497139588245,0.152208300000099,-29.509723100323086,222.15585235830775,2.4102072916509085,False,15.5,-5.489414156216863,14.746408282070787,-50.746360507389994,228.3387818649094,15.735,339.582,-4.9398150169161905,-0.40308885751745827,-21.236637407066908,6.182929506601653
333712.0,1.3181,2.5028,10.0111,0.0211,-0.0189,9.8065,0.0314,0.3346,-0.2542,152.83,-84.41,69.66,52.8337,-1.65388,14.56,3,345.69,21 / 21,-0.5973492122234315,15.090522306617979,0.19432330000008471,-29.56707051789927,223.66785333061756,2.427533871650912,False,15.599999999999966,-5.480975547527417,14.705681062238233,-51.290503372201826,229.80655489611078,15.693888888891296,339.5590000000014,-4.883626335303986,-0.3848412443797464,-21.723432854302555,6.138701565493221
333812.0,-0.068,-3.7282,9.2392,-0.0044,0.0498,9.8065,0.0106,0.18,-0.1687,153.18,-84.09,70.25,52.8337,-1.65388,14.56,3,345.69,21 / 21,-0.5841574106823686,15.095299897783658,0.1761733000000807,-29.626145849044576,225.177144440838,2.4460587016509243,False,15.699999999999989,-5.461158788962746,14.67363806348669,-51.83464623706691,231.2743279274198,15.656944444446061,339.5859999999988,-4.877001378280378,-0.4216618342969678,-22.208500388022337,6.097183486581798
333912.0,1.4525,-0.8118,10.4969,-0.0209,-0.0093,9.8066,-0.0391,0.2082,-0.1132,151.85,-84.11,68.18,52.8337,-1.65388,14.56,3,345.69,21 / 21,-0.6524840443162782,15.24385001861321,0.18231330000007867,-29.687977921794488,226.69410193665732,2.463983031650926,False,15.799999999999955,-5.6149169602183955,14.61668263699784,-52.398942541364306,232.7309814670101,15.658055555555523,338.9860000000177,-4.962432915902117,-0.6271673816153704,-22.71096461956982,6.036879530352792
334012.0,1.3617,-3.1086,10.2712,-0.0067,0.0167,9.8066,-0.0395,0.0333,0.0272,152.44,-84.04,69.18,52.8337,-1.65388,14.56,3,345.69,21 / 21,-0.771873926858257,15.331418825118377,0.2400533000000919,-29.75919582035323,228.22286537884423,2.4851013616509396,False,15.899999999999977,-5.505636902584066,14.564094970060617,-52.94980321937873,234.18763500589347,15.570000000001302,339.2919999999954,-4.733762975725809,-0.767323855057759,-23.1906073990255,5.964769627049236
334112.0,0.6124,-0.4189,9.441,0.0142,0.0403,9.8065,0.0002,0.1948,-0.1455,154.26,-83.99,71.14,52.8337,-1.65388,14.56,3,345.69,21 / 21,-0.8452153294946286,15.421017468814686,0.24499830000009312,-29.840050283170893,229.76048719354122,2.5093539416509545,False,16.0,-5.421131006821296,14.563754275834262,-53.48722827106835,235.64428854548413,15.540000000000001,339.583,-4.575915677326668,-0.8572631929804242,-23.64717798789746,5.883801351942907
334212.0,1.2385,1.681,9.4773,-0.004,0.0338,9.8065,0.0548,-0.217,0.0948,152.07,-84.2,69.22,52.8337,-1.65388,14.56,3,345.69,21 / 21,-0.8015612749826462,15.30136959342552,0.21024830000010505,-29.92238911339473,231.2966065466527,2.5321162716509567,False,16.099999999999966,-5.45000956793898,14.52953694839316,-54.03137113590689,237.10094208355335,15.51805555555684,339.43900000000843,-4.648448292956334,-0.7718326450323598,-24.10898202251216,5.804335536900652
334311.0,1.295,-1.0528,9.26,-0.0361,0.0013,9.8065,-0.0248,-0.0192,0.0812,150.89,-84.09,66.64,52.8337,-1.65388,14.56,3,345.69,21 / 21,-0.8027804315849946,15.194543081835102,0.16688630000010968,-30.00180402786982,232.80615422407794,2.550784434350965,False,16.198999999999955,-5.4752531138871,14.465951862511258,-54.57672320712699,238.5320207902469,15.467455555557816,339.2687200000076,-4.672472682302105,-0.7285912193238442,-24.57491917925717,5.725866566168946
334412.0,1.4353,1.0133,9.9216,-0.007,-0.038,9.8066,-0.0534,-0.1597,0.1192,145.28,-84.36,64.41,52.8337,-1.65388,14.56,3,345.69,21 / 21,-0.8180971805576897,15.112321006181741,0.14508545000010992,-30.083658347283023,234.33665086052278,2.566539007725976,False,16.299999999999955,-5.464100799725357,14.537004590024136,-55.126374678772244,240.00312966960104,15.529999999998136,339.39999999999606,-4.646003619167668,-0.5753164161576052,-25.04271633148922,5.6664788090782565
334512.0,0.5283,-1.3716,9.5652,0.0019,0.0232,9.8066,-0.0497,-0.0318,0.0371,148.76,-84.41,64.68,52.83488,-1.654504,15.65,4,339.46,23 / 23,-0.808930662740436,15.06315818011887,0.13876045000010856,-30.16500973944795,235.84542481983814,2.58073130272599,False,16.399999999999977,-5.575283842996817,14.502167173900883,-55.68395316992149,241.43754422292642,15.536944444444341,338.97100000000637,-4.766353180256381,-0.5609910062179875,-25.518943430473538,5.592119403088276
334612.0,0.704,0.1071,9.5923,0.0259,-0.0266,9.8065,-0.0804,0.2188,-0.0711,152.58,-84.67,64.62,52.83488,-1.654504,15.65,4,339.46,23 / 23,-0.7993577766283699,15.069372278824456,0.11597045000010348,-30.24542416141641,237.35205134278564,2.5934678477260036,False,16.5,-5.534036401546656,14.387378708658382,-56.23481384792227,242.88307827009126,15.415,338.961,-4.734678624918286,-0.6819935701660746,-25.98938968650586,5.531026927305618
334711.0,0.8198,-1.7175,10.0136,0.0144,0.0022,9.8065,0.0282,-0.0284,0.0262,149.03,-84.61,65.12,52.83488,-1.654504,15.65,4,339.46,23 / 23,-0.8108877845701877,15.082824567206632,0.11560415000010357,-30.325131316695728,238.844585086664,2.6049307904260126,False,16.59899999999999,-5.463733408733744,14.45450451565338,-56.76686464908234,244.31415697457928,15.452674999997802,339.29363999998066,-4.6528456241635565,-0.6283200515532528,-26.441733332386615,5.469571887915265
334811.0,0.9597,-3.2948,9.2434,-0.0054,-0.051,9.8065,0.0777,0.2355,-0.2364,155.42,-84.52,68.05,52.83488,-1.654504,15.65,4,339.46,23 / 23,-0.9064958988322684,15.244864350052348,0.09778915000010968,-30.41100050086582,240.36096953252644,2.6156004554260197,False,16.698999999999955,-5.518099566924176,14.472219424796817,-57.31759097081869,245.75969102172118,15.488530555553968,339.1287000000075,-4.611603668091908,-0.7726449252555305,-26.90659046995287,5.398721489194742
334912.0,-1.725,0.7429,8.0412,-0.0327,-0.0501,9.8064,-0.2528,0.4786,-0.1695,149.15,-84.59,65.49,52.83488,-1.654504,15.65,4,339.46,23 / 23,-0.8289206794878868,15.36781941736771,-0.01981019999988924,-30.498639038070987,241.90691006278115,2.6195383924010307,False,16.799999999999955,-5.466528888764669,14.398308420268382,-57.8672424424773,247.20856091622503,15.401111111113707,339.20999999999754,-4.637608209276783,-0.9695109970993272,-27.36860340440631,5.301650853443874
335012.0,0.0562,-2.7509,7.5198,0.0565,0.0257,9.8064,-0.312,0.0216,0.1613,148.76,-84.4,64.67,52.83488,-1.654504,15.65,4,339.46,23 / 23,-0.712516938777207,15.481431041059992,-0.22242519999993526,-30.57571091898426,243.4493725857029,2.6074266224010367,False,16.899999999999977,-5.579629344265754,14.450184648666871,-58.4248209336666,248.65409496268236,15.489999999998686,338.8870000000047,-4.867112405488547,-1.03124639239312,-27.849110014682342,5.2047223769794755
335112.0,1.417,1.6118,10.8192,-0.0188,-0.0494,9.8065,-0.087,-0.2498,0.1888,144.95,-84.43,60.36,52.83488,-1.654504,15.65,4,339.46,23 / 23,-0.7005004854546687,15.47961246422097,-0.28614019999994966,-30.64636179019587,244.99742476096728,2.581998352401037,False,17.0,-5.485752805680332,14.467963380527303,-58.96896379847847,250.09962900843274,15.473055555555556,339.235,-4.785252320225664,-1.0116490836936674,-28.3226020082826,5.102204247465465
335212.0,2.7987,-4.1324,11.4725,-0.0376,0.0025,9.8065,0.3014,-0.3844,0.1881,146.77,-84.34,62.04,52.83488,-1.654504,15.65,4,339.46,23 / 23,-0.8448046458313876,15.45948856608177,-0.15222019999999525,-30.723627046760146,246.54437981248188,2.560080332401047,False,17.099999999999966,-5.5899019998900075,14.37440914616904,-59.526542289613936,251.53404356306692,15.423055555558484,338.7500000000284,-4.74509735405862,-1.0850794199127307,-28.80291524285379,4.989663750585038
335311.0,-0.8933,0.9367,9.2562,0.0092,-0.0232,9.8066,0.0794,-0.13,0.1168,146.97,-84.68,62.88,52.83488,-1.654504,15.65,4,339.46,23 / 23,-0.9138888536629338,15.528687456965786,-0.09700790000000103,-30.810682374985106,248.07829452562257,2.547743541451048,False,17.198999999999955,-5.533887291718452,14.471166455491643,-60.071894360848034,252.96512226835867,15.49318055555242,339.0727399999856,-4.619998438055518,-1.057521001474143,-29.26121198586293,4.886827742736102
335411.0,0.3844,-0.6745,9.5022,-0.0181,0.022,9.8066,0.0251,-0.2,0.0588,146.08,-84.72,62.1,52.83488,-1.654504,15.65,4,339.46,23 / 23,-0.7880955332008076,15.520284807674253,-0.1397529000000107,-30.895781594328312,249.6307431388549,2.5359055014510448,False,17.298999999999978,-5.521477835417827,14.459888908673825,-60.62275503884886,254.41065631480924,15.478213888889355,339.10074999999927,-4.73338230221702,-1.0603958990004276,-29.726973444520546,4.779913175954334
335511.0,-0.8869,1.0306,9.9575,-0.0151,-0.0084,9.8066,-0.0189,-0.0817,0.0617,145.63,-84.57,61.01,52.83488,-1.654504,15.65,4,339.46,22 / 22,-0.6594630256164862,15.510444629903985,-0.1474329000000124,-30.968159522269193,251.18227961073418,2.5215462114510405,False,17.399,-5.607173115239463,14.460627106048124,-61.18026635185359,255.85619036126695,15.509680555555088,338.8059800000044,-4.947710089622976,-1.049817523855861,-30.212106829584396,4.6739107505327695
335612.0,0.849,-0.654,8.696,0.0151,0.0607,9.8064,-0.0495,-0.2509,0.1708,148.07,-84.39,63.77,52.83488,-1.654504,15.65,4,339.46,22 / 22,-0.548487313798622,15.486717819796402,-0.19590280000001195,-31.029161014409656,252.74763631444404,2.5042077586010394,False,17.5,-5.55671736118329,14.571441835588,-61.74342062792781,257.32729924061437,15.595,339.126,-5.008230047384668,-0.9152759842084013,-30.714259613518156,4.579662926170329
335712.0,-0.0468,-1.7769,10.0984,-0.0132,0.0189,9.8065,-0.041,0.159,0.0012,147.0,-84.46,63.08,52.83488,-1.654504,15.65,4,339.46,22 / 22,-0.5508537528508719,15.555343935320833,-0.23684779999999794,-31.08412806774211,254.29973940219938,2.4825702286010465,False,17.599999999999966,-5.521943341507085,14.462812415569797,-62.294281305888106,258.7728332876734,15.481111111117778,339.1030000000014,-4.971089588656213,-1.0925315197510361,-31.210153238145995,4.4730938854740145
335812.0,0.0706,-1.5505,10.0951,0.0074,0.0135,9.8066,0.0373,-0.0731,0.0026,143.99,-84.55,63.9,52.83488,-1.654504,15.65,4,339.46,22 / 22,-0.5479806883811398,15.682781610278791,-0.20783779999999127,-31.139069789803724,255.86164567947972,2.460335948601042,False,17.69999999999999,-5.527113739958613,14.514352415839012,-62.84514198390214,260.2294868258487,15.531111111108922,339.15299999999786,-4.979133051577474,-1.1684291944397796,-31.706072194098414,4.367841146368988
335912.0,0.3773,-1.1225,10.183,0.0027,0.0405,9.8065,-0.0724,0.2978,-0.1025,146.65,-84.45,67.07,52.83488,-1.654504,15.65,4,339.46,22 / 22,-0.5452605760621563,15.771242747054686,-0.17459780000000255,-31.19373185302587,257.43434689734585,2.4412141686010487,False,17.799999999999955,-5.56771969759403,14.539284666157291,-63.40272047505116,261.6750208730134,15.568888888887772,339.0460000000032,-5.022459121531874,-1.2319580808973942,-32.20898862202529,4.240673975667562
336012.0,-0.7056,0.839,9.3973,-0.0031,0.011,9.8066,0.0048,0.0708,0.0064,147.16,-84.49,67.78,52.83488,-1.654504,15.65,4,339.46,22 / 22,-0.4419672500201903,15.780250558570867,-0.1762478000000029,-31.243093244329998,259.0119215626275,2.4236718886010444,False,17.899999999999977,-5.577454413639927,14.50252297744477,-63.96029896618745,263.1316744126038,15.538055555556012,338.9640000000012,-5.135487163619737,-1.277727581126097,-32.717205721857454,4.119752849976294
336112.0,0.183,-1.2146,9.4025,-0.0203,0.0337,9.8066,-0.0592,0.3819,-0.1286,151.24,-84.36,68.4,52.83488,-1.654504,15.65,4,339.46,22 / 22,-0.3298964913982917,15.79769643458231,-0.21692280000001213,-31.28168643140093,260.5908189122855,2.404013358601039,False,18.0,-5.591749151407522,14.541964840685498,-64.5178774573638,264.57720845835433,15.58,338.967,-5.261852660009231,-1.2557315938968117,-33.23619102596287,3.9863895460688354
336212.0,-0.2225,2.2578,10.1036,-0.0045,-0.0377,9.8066,0.0354,0.3153,-0.1844,146.98,-84.5,68.27,52.83488,-1.654504,15.65,4,339.46,22 / 22,-0.19935307131682906,15.742815481454134,-0.22228280000001024,-31.30814890953668,262.1678445080868,2.382053078601045,False,18.099999999999966,-5.631317693013663,14.48914373040777,-65.07545594847255,266.0338619964235,15.54500000000205,338.7610000000121,-5.431964621696833,-1.2536717510463635,-33.76730703893587,3.8660174883367517
336312.0,0.6844,0.9774,9.4717,0.0124,0.0126,9.8066,0.0457,0.036,-0.0453,152.97,-84.45,70.12,52.83488,-1.654504,15.65,4,339.46,22 / 22,-0.04014609367078911,15.57856455887576,-0.2241828000000106,-31.320123867786062,263.7339135101036,2.3597297986010393,False,18.19999999999999,-5.607258779729724,14.588379515157385,-65.63975225277076,267.4793960435892,15.628888888885218,338.97499999999064,-5.567112686058935,-0.990185043718375,-34.319628384984696,3.7454825334855855
336412.0,-0.0783,2.0199,8.8058,-0.0035,-0.0332,9.8065,-0.0217,0.3405,-0.1492,152.36,-84.48,69.81,52.83488,-1.654504,15.65,4,339.46,22 / 22,0.09778199618611702,15.410708567880103,-0.29097279999998776,-31.317242072660296,265.28337716644086,2.333972018601048,False,18.299999999999955,-5.695457218719346,14.553277552402726,-66.20404855708237,268.93604958247124,15.62805555555558,338.62700000001024,-5.793239214905463,-0.8574310154773777,-34.88680648442208,3.6526724160303843
336512.0,-0.9968,-2.4607,10.4712,-0.0281,0.0155,9.8065,-0.1395,0.1865,-0.0996,151.89,-84.23,68.17,52.83488,-1.654504,15.65,4,339.46,22 / 22,0.2301694329055499,15.434845680698809,-0.30778779999999156,-31.30084450120571,266.8256548788702,2.3040339886010424,False,18.399999999999977,-5.6784009934722075,14.641307605260758,-66.77506267451638,270.4038226144872,15.703888888887768,338.8019999999974,-5.908570426377757,-0.7935380754380503,-35.47421817331067,3.5781677356170007
336612.0,-0.2089,-1.9531,10.5197,0.0109,0.0386,9.8065,0.07,0.6059,-0.1757,151.4,-84.36,68.61,52.83488,-1.654504,15.65,4,339.46,22 / 22,0.2748253810838008,15.638180964153875,-0.23890779999997586,-31.275594760506237,268.37930621111315,2.2766992086010376,False,18.5,-5.709135106764158,14.582228099049644,-67.34607679197728,271.8604761533707,15.66,338.619,-5.983960487847959,-1.0559528651042314,-36.070482031471045,3.4811699422575657
336712.0,-0.9554,5.0544,10.0985,0.0087,0.0701,9.8064,0.0921,-0.4652,0.2595,150.37,-84.46,67.17,52.83488,-1.654504,15.65,4,339.46,22 / 22,0.5002035169631472,15.514733782848882,-0.18866279999999294,-31.236843315603902,269.93695194846276,2.2553206786010462,False,18.599999999999966,-5.694331224436513,14.656577830326324,-67.91037309622114,273.3282491845721,15.723888888885147,338.76799999999133,-6.19453474139966,-0.8581559525225586,-36.67352978061723,3.391297236109324
336812.0,0.8779,-1.8703,9.9341,-0.0131,0.0699,9.8063,0.0413,-0.1454,0.1395,152.14,-84.17,69.28,52.83488,-1.654504,15.65,4,339.46,22 / 22,0.6805231071373707,15.362089195154994,-0.1676977999999881,-31.177806984398863,271.4807930973633,2.237502648601043,False,18.69999999999999,-5.667678998266142,14.627290958196944,-68.47466940051973,274.7849027241634,15.68694444444606,338.8199999999977,-6.348202105403513,-0.7347982369580492,-37.29686241612087,3.3041096268000842
336912.0,1.3503,5.3509,9.9626,0.0098,-0.0357,9.8065,0.0047,-0.3193,0.2904,151.82,-84.48,69.35,52.83488,-1.654504,15.65,4,339.46,22 / 22,0.7609753102970134,15.136564608227312,-0.15352779999999283,-31.105732063527167,273.0057257875319,2.2214413686010497,False,18.799999999999955,-5.655518365279758,14.617105817073606,-69.03896570481801,276.2526757554711,15.673055555555965,338.84799999999916,-6.416493675576771,-0.5194587911537063,-37.93323364129084,3.2469499679392015
337012.0,-0.4441,0.282,9.0898,-0.005,0.045,9.8065,0.0164,-0.3806,0.2839,148.87,-84.3,70.63,52.83488,-1.654504,15.65,4,339.46,22 / 22,0.9507313827331711,14.851043335323997,-0.18157279999999912,-31.020146728875638,274.5051061847098,2.2046863386010465,False,18.899999999999977,-5.6928864035753435,14.709871717815295,-69.60997982227872,277.7204487867801,15.773055555554077,338.8430000000001,-6.643617786308514,-0.14117161750870189,-38.58983309340308,3.2153426020702796
337112.0,-0.2537,3.4663,9.8013,0.0063,-0.0545,9.8064,-0.0133,0.0231,0.1092,146.56,-84.61,67.94,52.83488,-1.654504,15.65,4,339.46,22 / 22,1.1804468816517582,14.7000534776798,-0.21768280000000728,-30.913587815656367,275.9826610253603,2.1847235586010414,False,19.0,-5.748384946584292,14.746126303318237,-70.18099393972626,279.1882218195038,15.826944444444443,338.70300000000003,-6.928831828236051,0.0460728256384364,-39.26740612406989,3.20556079414348
337212.0,0.2393,-0.3775,10.2601,0.0067,-0.0121,9.8066,0.0458,-0.1748,0.1472,150.63,-84.58,67.99,52.83488,-1.654504,15.65,4,339.46,22 / 22,1.3639321371740065,14.558747241989945,-0.1952778000000149,-30.786368864715122,277.44560106134327,2.1640755286010473,False,19.099999999999966,-5.709829816258081,14.753651868923265,-70.75200805711857,280.65599485141246,15.820000000000405,338.84299999999183,-7.073761953432087,0.19490462693332056,-39.96563919240345,3.2103937900691903
337312.0,0.3389,-2.5742,10.1259,0.0098,-0.0513,9.8065,0.002,0.2266,-0.161,155.74,-84.63,69.13,52.83488,-1.654504,15.65,4,339.46,22 / 22,1.371505316467529,14.657742247872001,-0.1566428000000061,-30.649596992033015,278.9064255358367,2.1464794986010425,False,19.19999999999999,-5.733948734270597,14.741016364939114,-71.32302217456613,282.13488737514643,15.816944444444578,338.74500000000427,-7.1054540507381265,0.08327411706711274,-40.67342518253312,3.228461839309716
337412.0,1.719,-2.116,9.2473,0.0022,-0.0553,9.8064,-0.0114,-0.183,0.2187,155.43,-84.9,69.11,52.83488,-1.654504,15.65,4,339.46,22 / 22,1.2756931794685515,14.802628902899787,-0.168647800000002,-30.517237067236255,280.3794440933748,2.1302149686010474,False,19.299999999999955,-5.798116319408484,14.742762662657556,-71.90075410517537,283.60266040645513,15.841944444443707,338.5310000000063,-7.0738094988770355,-0.05986624024223097,-41.383517037939114,3.223216313080343
337512.0,0.6242,-1.3251,9.7394,-0.0163,-0.0569,9.8064,-0.0853,0.4807,-0.1905,149.78,-84.98,67.58,52.83488,-1.654504,15.65,4,339.46,23 / 23,1.1890038525558655,14.883659215046464,-0.19997780000000914,-30.394002215635005,281.8637584992724,2.111783688601043,False,19.399999999999977,-5.76282390789072,14.774783159043608,-72.47848603575852,285.08155293160405,15.858888888888638,338.69199999999756,-6.9518277604465855,-0.1088760560028561,-42.084483820123516,3.2177944323316297
337611.0,-1.303,3.8368,9.4216,-0.0078,-0.0693,9.8063,-0.0544,0.1435,0.0149,152.93,-84.98,66.35,52.83488,-1.654504,15.65,4,339.46,23 / 23,1.368492273407867,14.766296135865879,-0.22236665000000674,-30.267406157399815,283.3314312891424,2.0908776383260443,False,19.498999999999967,-5.768884944011811,14.751159320018724,-73.05044064703566,286.5456565308012,15.839088888888899,338.64052000000004,-7.137377217419678,-0.015136815847155205,-42.78303448963584,3.2142252416587667
337712.0,-0.7247,-2.4373,10.1762,0.0091,0.0084,9.8066,0.0421,0.5251,-0.1975,153.3,-84.86,66.62,52.83488,-1.654504,15.65,4,339.46,23 / 23,1.589320581603935,14.728021210443076,-0.22314940000000671,-30.118036608221722,284.820894315131,2.068379077801044,False,19.599999999999966,-5.7780094894844245,14.714252505207863,-73.62723208374734,288.02821848724744,15.80805555555736,338.5610000000046,-7.367330071088359,-0.013768705235213119,-43.50919547552562,3.2073241721164436
337812.0,0.5909,3.79,9.7101,0.0118,-0.0503,9.8064,-0.0604,0.4521,-0.2384,149.2,-85.18,67.21,52.83488,-1.654504,15.65,4,339.46,23 / 23,1.7349013617337412,14.656538204330152,-0.20949940000000353,-29.9518255110548,286.29012228587,2.0467466378010384,False,19.69999999999999,-5.82143160667024,14.747608587455648,-74.21168182751873,289.5071110116888,15.854999999997945,338.4590000000045,-7.556332968403981,0.09107038312549598,-44.25985631646393,3.216988725818794
337912.0,0.3513,-1.7749,9.889,-0.0018,0.024,9.8066,-0.032,0.2809,-0.0646,154.96,-85.1,68.99,52.83488,-1.654504,15.65,4,339.46,23 / 23,1.8490502367859862,14.531492469880652,-0.21020940000000324,-29.772627931128874,287.74952381958,2.025761197801045,False,19.799999999999955,-5.838437552839208,14.728932821663085,-74.78941375807514,290.9748840429975,15.843888888889216,338.3770000000024,-7.6874877896251945,0.1974403517824328,-45.01678582694627,3.2253602234174537
338012.0,0.926,-1.4237,9.7411,-0.0013,-0.0028,9.8066,-0.0269,0.4788,-0.1969,154.33,-85.18,68.52,52.83488,-1.654504,15.65,4,339.46,23 / 23,1.8181005049202843,14.624145443569557,-0.20936940000000306,-29.589270394043517,289.20730571525286,2.00478225780104,False,19.899999999999977,-5.898961200792596,14.607781209856686,-75.38058131496916,292.44265707572106,15.753888888890218,338.0100000000054,-7.71706170571288,-0.016364233712870657,-45.791310920925646,3.2353513604682007
338112.0,2.3246,-1.7977,9.5663,-0.0091,0.0491,9.8064,-0.091,-0.0941,0.1081,155.23,-85.07,69.53,52.83488,-1.654504,15.65,4,339.46,23 / 23,1.6973707759120091,14.676522781620081,-0.2246644000000065,-29.41349683000186,290.67233912651267,1.9830805678010348,False,20.0,-5.949735411360826,14.565572700814077,-75.97174887185022,293.8993106138973,15.73388888888889,337.781,-7.6471061872728345,-0.11095008080600444,-46.55825204184836,3.226971487384617
338212.0,0.3359,-0.1256,9.3683,-0.0031,0.05,9.8065,-0.0496,0.3382,-0.1003,149.47,-85.09,68.23,52.83488,-1.654504,15.65,4,339.46,23 / 23,1.6323921754178723,14.685751874212144,-0.2585993999999949,-29.247008682435425,292.14045285930376,1.958917377801043,False,20.099999999999966,-6.005178484242842,14.547309855850738,-76.56963424184976,295.3559641533812,15.738055555555311,337.5690000000124,-7.637570659660715,-0.13844201836140613,-47.322625559414334,3.21551129407743
338312.0,-0.2982,2.7277,10.1478,-0.0043,0.0432,9.8065,-0.0426,-0.0887,0.0699,152.5,-85.23,66.68,52.83488,-1.654504,15.65,4,339.46,23 / 23,1.787361527033524,14.55024601157617,-0.2634593999999959,-29.076020997312817,293.6022527535935,1.9328144378010375,False,20.19999999999999,-6.113480969948966,14.535584171960625,-77.18095523817689,296.80149819913214,15.768888888887538,337.1890000000167,-7.90084249698249,-0.014661839615545347,-48.104934240864075,3.1992454455386223
338411.0,0.0747,-0.2973,9.6867,-0.0019,0.0238,9.8066,0.0663,0.1008,0.0247,158.1,-85.04,66.56,52.83488,-1.654504,15.65,4,339.46,23 / 23,1.9476291060199127,14.424351681528343,-0.252509999999997,-28.89113896097669,295.03649533940205,1.9072739525010405,False,20.298999999999978,-6.167162677188857,14.444138058538,-77.79281365954529,298.23257690582506,15.70563888889077,336.8791300000092,-8.11479178320877,0.01978637700965713,-48.9016746985686,3.196081566423004
338512.0,1.0402,3.7043,9.5502,0.0054,-0.0055,9.8066,-0.0702,0.3799,-0.114,157.85,-85.18,66.68,52.83488,-1.654504,15.65,4,339.46,22 / 22,2.0548560397152897,14.213606448283295,-0.27151819999999677,-28.689013461117064,296.48271222495754,1.880810528401041,False,20.399999999999977,-6.284914403507194,14.406842866780785,-78.42375067025206,299.6925662920467,15.718055555555361,336.4310000000066,-8.339770443222484,0.19323641849748974,-49.734737209135,3.209854067089168
338612.0,0.2984,-1.9483,10.1576,-0.0076,0.0337,9.8065,0.0265,-0.1779,0.1661,158.56,-85.26,67.56,52.83488,-1.654504,15.65,4,339.46,22 / 22,2.1204135618416102,14.077394290860038,-0.2667931999999956,-28.480249981039172,297.89726226191505,1.8538949584010354,False,20.5,-6.345435674896682,14.383628911496906,-79.06194291916226,301.12698084607894,15.72111111111111,336.195,-8.465849236738292,0.306234620636868,-50.58169293812309,3.2297185841638907
338712.0,1.0401,1.451,10.0648,0.0075,-0.0402,9.8065,0.0027,-0.0398,0.1354,157.55,-85.54,66.9,52.83488,-1.654504,15.65,4,339.46,22 / 22,2.144029222078771,14.045671743603188,-0.23633820000000594,-28.267027841843227,299.3034155636377,1.8287383884010437,False,20.599999999999966,-6.400829983339971,14.378525619170178,-79.70013516802588,302.5725148924306,15.738888888887846,336.0030000000113,-8.544859205418742,0.33285387556698964,-51.43310732618265,3.2690993287928904
338812.0,-0.1796,-0.2069,10.015,0.0102,0.0223,9.8066,-0.0057,-0.0946,0.0239,159.0,-85.44,68.47,52.83488,-1.654504,15.65,4,339.46,22 / 22,2.221696600163072,13.941247500499088,-0.21301320000000054,-28.048741550731084,300.70276152584313,1.8062708184010383,False,20.69999999999999,-6.484389278001039,14.190608378045743,-80.35176304323339,303.984690460906,15.601944444450439,335.4420000000245,-8.70608587816411,0.24936087754665515,-52.30302149250231,3.281928935062865
338912.0,-1.8824,-0.8053,10.3866,-0.0005,0.0389,9.8066,-0.0154,0.1868,-0.1153,159.47,-85.31,68.8,52.83488,-1.654504,15.65,4,339.46,22 / 22,2.3932283700508035,13.992887788876804,-0.1735982000000139,-27.817995302220467,302.09946829031145,1.7869402484010442,False,20.799999999999955,-6.641369912820487,14.187474429264137,-81.01010873158998,305.4079855218037,15.664999999998136,334.9150000000156,-9.03459828287129,0.19458664038733353,-53.19211342936951,3.30851723149226
339012.0,-0.2884,2.3957,10.2993,0.0027,0.0356,9.8065,-0.0187,0.0132,-0.0027,157.31,-85.34,66.23,52.83488,-1.654504,15.65,4,339.46,22 / 22,2.6200396565469837,13.928077915394198,-0.11996820000000166,-27.567331900890522,303.4955165755253,1.7722619284010401,False,20.899999999999977,-6.7074961606066,14.004642251479687,-81.68189004621804,306.7979221047195,15.528055555557579,334.4080000000075,-9.327535817153583,0.07656433608548951,-54.11455814532752,3.302405529194175
339112.0,-1.0155,-0.2855,9.7509,0.0099,0.0554,9.8065,-0.1722,0.3323,-0.1967,159.23,-85.03,68.18,52.83488,-1.654504,15.65,4,339.46,22 / 22,2.8153098261074154,13.82409993766875,-0.09812319999999662,-27.29556442675774,304.8831254681788,1.7613573584010378,False,21.0,-6.908243173902368,14.10958100902473,-82.37382480030645,308.21009767319254,15.709999999999999,333.913,-9.723553000009783,0.28548107135597967,-55.078260373548716,3.3269722050137602
339212.0,0.4837,0.5071,10.2126,0.0013,-0.0107,9.8066,0.0365,0.326,-0.0423,158.92,-85.16,67.72,52.83488,-1.654504,15.65,4,339.46,22 / 22,2.937199180562574,13.791404137620551,-0.08061320000000255,-27.007938976424338,306.2639006719428,1.752420538401041,False,21.099999999999966,-6.980236387985076,14.047433280069917,-83.07247736750621,309.62227324226967,15.686111111112508,333.57700000001967,-9.91743556854765,0.2560291424493659,-56.06453839108187,3.3583725703268783
339312.0,-0.7392,1.3579,9.8341,0.0046,-0.0258,9.8065,0.0131,0.0773,0.0224,159.75,-85.18,68.96,52.83488,-1.654504,15.65,4,339.46,22 / 22,3.074703796514269,13.676028713566545,-0.058943199999997586,-26.707343827570426,307.63727231450247,1.7454427184010393,False,21.19999999999999,-7.117007393677154,13.835722937935195,-83.77784774785233,311.0010903327607,15.558888888894458,332.7790000000349,-10.191711190191423,0.15969422436864988,-57.07050392028191,3.3638180182582573
339412.0,0.5502,0.3812,9.977,0.0044,-0.015,9.8066,-0.0377,0.1185,-0.0705,160.22,-85.16,69.83,52.83488,-1.654504,15.65,4,339.46,22 / 22,3.205850052587185,13.564714054651057,-0.049053200000000914,-26.393316135115462,308.9993094529129,1.7400428984010412,False,21.299999999999955,-7.198089590577774,13.778045262156327,-84.49665375452251,312.37990742254175,15.54500000000041,332.41600000001074,-10.403939643164959,0.21333120750527002,-58.10333761940705,3.380597969628866
339511.0,0.5407,-0.0838,9.751,-0.0083,0.0213,9.8065,0.0125,0.0856,0.007,160.77,-85.06,70.19,52.83488,-1.654504,15.65,4,339.46,21 / 21,3.2511577684449713,13.499198017587712,-0.04337554999999821,-26.07369424797422,310.33897310048934,1.7354676752760392,False,21.399,-7.32514721356935,13.714339055556765,-85.22157297116163,313.7339280446252,15.548024999999955,331.89229000000773,-10.576304982014321,0.21514103796905282,-59.14787872318742,3.3949549441358613
339612.0,1.1702,0.7479,9.5713,-0.0035,0.0083,9.8066,-0.0516,0.1341,-0.0548,165.57,-85.06,69.11,52.83488,-1.654504,15.65,4,339.46,21 / 21,3.2674106745659155,13.40430127577939,-0.05807104999999801,-25.744506541602174,311.6975998148044,1.7303446219760394,False,21.5,-7.454620681079287,13.638739183088418,-85.97457264673123,315.1153026179616,15.543055555555554,331.34,-10.722031355645203,0.2344379073090277,-60.230066105129055,3.4177028031572263
339712.0,0.6518,0.8234,9.3385,0.0181,0.0108,9.8066,0.0029,0.0575,-0.0436,165.87,-84.87,69.3,52.83488,-1.654504,15.65,4,339.46,21 / 21,3.2871436335282365,13.263393256991602,-0.09324604999998592,-25.41677882619758,313.0309845414425,1.7227787669760428,False,21.599999999999966,-7.562979739420681,13.609784622140884,-86.7336855322271,316.4830002166321,15.569999999998423,330.9390000000235,-10.850123372948918,0.34639136514928204,-61.31690670602952,3.452015675189614
339812.0,-0.0572,-0.1987,9.6669,0.0252,0.0152,9.8066,-0.0327,0.0564,0.1078,166.81,-84.75,69.46,52.83488,-1.654504,15.65,4,339.46,21 / 21,3.3542747793451033,13.18265125499758,-0.12364104999999279,-25.084707905553834,314.3532867670422,1.7119344119760413,False,21.69999999999999,-7.70180462027864,13.463906323662812,-87.4995162309272,317.8284588277235,15.511111111113689,330.22900000003114,-11.056079399623744,0.28125506866523153,-62.414808325373365,3.4751720606813024
339912.0,0.74,1.6245,10.3426,0.0056,-0.0067,9.8065,-0.061,0.1312,0.0537,166.92,-84.77,69.48,52.83488,-1.654504,15.65,4,339.46,21 / 21,3.424904951203519,13.061490943128124,-0.10383104999999952,-24.745748919026518,315.66549387694806,1.7005608069760456,False,21.799999999999955,-7.776359601834054,13.336483445025873,-88.27878255592458,319.15167845537724,15.438055555557714,329.75400000001406,-11.201264553037573,0.27499250189774926,-63.53303363689806,3.4861845784291745
340012.0,0.6166,0.4161,9.5377,0.0033,0.0001,9.8066,0.0185,0.104,0.0389,167.37,-84.79,70.39,52.83488,-1.654504,15.65,4,339.46,21 / 21,3.469265983021096,12.90253437497173,-0.09048104999999651,-24.401040372315208,316.96369514285334,1.6908452019760436,False,21.899999999999977,-7.924172598620349,13.239803194431463,-89.07148450718043,320.4748980823234,15.430000000000119,329.09900000000965,-11.393438581641446,0.33726881945973375,-64.67044413486522,3.511202939470081
340112.0,-0.0304,2.747,9.8367,-0.0088,-0.0061,9.8066,0.0082,-0.0185,0.0753,167.72,-84.83,70.97,52.83488,-1.654504,15.65,4,339.46,21 / 21,3.561671020081122,12.696574526788465,-0.10242604999999919,-24.049493522160017,318.24365058794166,1.6811998469760416,False,22.0,-8.02807375245,13.185191906304874,-89.87090427161222,321.7981177092696,15.436944444444444,328.664,-11.589744772531123,0.48861737951640904,-65.8214107494522,3.5544671213279457
340212.0,1.579,0.8369,10.8001,-0.0073,0.0363,9.8065,0.1603,-0.0785,0.0398,169.35,-84.83,73.34,52.83488,-1.654504,15.65,4,339.46,21 / 21,3.6089547950332403,12.460446342545561,-0.051251050000016535,-23.69096223140442,319.5015016314079,1.6735159919760434,False,22.099999999999966,-8.110508378542955,13.072248895555736,-90.68375966226908,323.0990983505617,15.383888888891995,328.1830000000282,-11.719463173576194,0.6118025530101754,-66.99279743086467,3.5975967191537848
340311.0,0.6365,-0.3218,9.8301,0.0271,0.0273,9.8066,-0.0118,-0.0343,0.0823,185.29,-84.58,76.9,52.83488,-1.654504,15.65,4,339.46,21 / 21,3.5866903033202795,12.366021226881784,-0.0009145000000217798,-23.334777799035958,320.73041177609446,1.6709337972510419,False,22.198999999999955,-8.29206428498352,12.993075269793023,-91.50178776911227,324.3870691862352,15.413588888887562,327.4543600000326,-11.8787545883038,0.6270540429112383,-68.16700997007631,3.656657410140724
340413.0,2.6022,2.3565,10.427,0.0289,0.0371,9.8065,-0.0185,0.1796,0.0593,179.36,-84.58,77.61,52.83488,-1.654504,15.65,4,339.46,21 / 21,3.49874376728063,12.196674020090489,0.031919299999988646,-22.9734206614352,321.9831092336904,1.6725150420510406,False,22.300999999999988,-8.341334442991934,12.875745597516664,-92.35152395399638,325.6916080650585,15.341544444445606,327.06348000001896,-11.840078210272564,0.6790715774261749,-69.37810329256118,3.7084988313681038
340512.0,-0.5849,0.737,9.887,-0.0058,-0.0051,9.8066,0.1074,0.2197,-0.0689,180.95,-84.28,80.32,52.83488,-1.654504,15.65,4,339.46,21 / 21,3.4741357661332697,11.979282033776926,0.06660394999998503,-22.628263124531248,323.1798190583567,1.6773919429260389,False,22.399999999999977,-8.463962266076908,12.747974213156697,-93.18950396589275,326.95756230572925,15.301944444445036,326.41800000000967,-11.938098032210178,0.7686921793797712,-70.56124084136151,3.777743247372541
340612.0,1.1859,2.2373,8.8778,0.0106,-0.0051,9.8066,-0.0886,0.2944,0.0062,181.34,-84.17,81.04,52.83488,-1.654504,15.65,4,339.46,21 / 21,3.515077401758874,11.767219927190698,0.024178949999975496,-22.27880246613656,324.36714415640535,1.6819310879260378,False,22.5,-8.652178043908062,12.61728244635441,-94.05610186177384,328.2140649767071,15.29888888888889,325.56,-12.167255445666935,0.8500625191637123,-71.77729939563727,3.8469208203017615
340712.0,2.2737,2.2596,9.6065,-0.011,-0.0055,9.8066,0.0309,0.238,-0.0729,181.2,-84.19,80.77,52.83488,-1.654504,15.65,4,339.46,21 / 21,3.4112228339500943,11.481751185712149,-0.03227105000000514,-21.932487454351232,325.5295927120501,1.6815264829260366,False,22.599999999999966,-8.734933153096389,12.534748675965389,-94.92941757075353,329.4594481551677,15.278055555556778,325.12900000002526,-12.146155987046484,1.0529974902532402,-72.9969301164023,3.929855443117617
340812.0,0.1392,1.2803,9.9392,-0.0117,0.0021,9.8066,0.0531,0.1661,-0.0405,189.29,-84.09,80.79,52.83488,-1.654504,15.65,4,339.46,21 / 21,3.3472417233053644,11.239871968762753,-0.035651050000005846,-21.594564226488384,326.6656738697741,1.6781303779260353,False,22.69999999999999,-8.820554162944246,12.479409050978646,-95.80945109293243,330.70483133371965,15.281944444444274,324.7470000000167,-12.16779588624961,1.239537082215893,-74.21488686644405,4.039157463945571
340912.0,1.4432,1.6967,10.0781,0.041,0.0095,9.8065,0.015,0.1997,-0.0034,190.07,-83.99,82.39,52.83488,-1.654504,15.65,4,339.46,21 / 21,3.3079998936009085,11.032324789015787,-0.01545105000001274,-21.261802145643184,327.7792837076626,1.6755752729260351,False,22.799999999999955,-8.898828727484338,12.363528171100068,-96.69620242825992,331.93909501913834,15.233055555557002,324.25500000001455,-12.206828621085247,1.331203382084281,-75.43440028261674,4.159811311475721
341012.0,0.8725,1.5106,10.2055,0.0374,0.0188,9.8065,-0.0946,0.2564,0.0068,196.77,-83.85,83.41,52.83488,-1.654504,15.65,4,339.46,21 / 21,3.2172982256813385,10.823225718234413,0.01806394999999493,-20.935537239678997,328.87206123302536,1.6757059179260343,False,22.899999999999977,-8.96153078066083,12.251107458859673,-97.58967157673695,333.16223921213196,15.17888888888969,323.8150000000065,-12.178829006342168,1.42788174062526,-76.65413433705795,4.290177979106602
341113.0,0.3322,2.0435,10.2999,-0.0002,0.0056,9.8066,0.086,0.176,-0.0709,190.58,-83.73,83.51,52.83488,-1.654504,15.65,4,339.46,21 / 21,3.1766530772094903,10.585010290402973,0.06311499999999458,-20.61264269888301,329.95317715146155,1.6798054549010337,False,23.000999999999976,-9.047168300407067,12.293953022688346,-98.50564539921898,334.3975036521298,15.26410000000007,323.65047000000044,-12.223821377616558,1.7089427322853723,-77.89300270033597,4.4443265006682395
341212.0,-0.6488,1.2902,9.769,0.0103,-0.0053,9.8066,0.1661,0.2786,-0.0909,200.89,-83.54,86.26,52.83488,-1.654504,15.65,4,339.46,21 / 21,3.203989653571407,10.33770583560927,0.08566719999999221,-20.29680088370939,330.98885159969905,1.6871701738010323,False,23.099999999999966,-9.11074150847168,12.135691746495949,-99.40348112620717,335.597408105604,15.17500000000527,323.1030000000324,-12.314731162043087,1.7979859108866787,-79.10668024249777,4.608556505904971
341312.0,-0.9856,-0.1725,9.5497,0.0405,-0.0084,9.8066,0.1475,0.3208,-0.1743,202.74,-83.47,90.83,52.83488,-1.654504,15.65,4,339.46,21 / 21,3.3068103703703504,10.168444928148453,0.0709371999999889,-19.97126088251223,332.0141591378872,1.6950003938010332,False,23.19999999999999,-9.218648233548747,12.050079791080238,-100.32382152726606,336.8094328061716,15.171944444444577,322.58300000002276,-12.525458603919096,1.8816348629317847,-80.35256064475384,4.7952736682844375
341412.0,1.9805,1.2213,10.807,0.0459,-0.0127,9.8065,-0.1369,0.2608,0.1057,210.96,-83.77,92.84,52.83488,-1.654504,15.65,4,339.46,21 / 21,3.2781431618088215,10.066050050191667,0.10810719999997628,-19.642013205903382,333.02588388680385,1.7039526138010284,False,23.299999999999955,-9.35277185815337,12.070565793252841,-101.2575975546092,338.0103380143134,15.2699999999971,322.2300000000105,-12.630915019962192,2.004515743061175,-81.61558434870582,4.984454127509537
341512.0,0.8515,-0.3121,10.2517,-0.001,-0.0198,9.8066,-0.1007,0.0644,0.2192,211.47,-84.09,92.37,52.83488,-1.654504,15.65,4,339.46,21 / 21,3.1656550289543826,10.00734962409842,0.18037719999999277,-19.319823296365147,334.0295538705186,1.7183768338010301,False,23.399999999999977,-9.39789529008643,11.86867814488004,-102.19809139511557,339.1890042368974,15.138888888890827,321.62700000000893,-12.563550319040813,1.861328520781619,-82.87826809875042,5.159450366378792
341612.0,0.4533,-0.1304,9.2919,-0.0111,-0.0274,9.8065,0.0246,0.0698,0.029,213.3,-84.38,93.53,52.83488,-1.654504,15.65,4,339.46,21 / 21,3.1522284006492702,9.967341508817551,0.176892199999992,-19.00392912488489,335.0282884271646,1.7362403038010334,False,23.5,-9.539343412160376,11.826038509694346,-103.14530304875763,340.3787899519062,15.193888888888889,321.10900000000004,-12.691571812809645,1.858697000876795,-84.14137392387273,5.35050152474156
341712.0,-0.6692,-0.6029,10.0042,-0.0192,-0.0275,9.8066,0.0615,0.2091,0.0014,211.3,-84.62,94.79,52.83488,-1.654504,15.65,4,339.46,21 / 21,3.2113568778040262,9.900218940046488,0.16103219999999752,-18.685749860962336,336.0216664496075,1.7531365238010272,False,23.599999999999966,-9.637545835186925,11.708754642348651,-104.11266814177571,341.5463366812709,15.16500000000169,320.5420000000332,-12.848902712990952,1.808535702302164,-85.42691828081338,5.524670231663379
341812.0,-0.603,-1.2377,10.3063,-0.0129,-0.0325,9.8066,-0.0313,0.1914,-0.0585,222.16,-84.75,95.97,52.83488,-1.654504,15.65,4,339.46,21 / 21,3.342332746910077,9.839197204762748,0.19589220000000557,-18.358065379726558,337.0086372568482,1.7709827438010315,False,23.69999999999999,-9.791090549067665,11.680154697652343,-105.09346886116187,342.7138834121359,15.24111111110778,320.02800000002253,-13.133423295977742,1.8409574928895953,-86.73540348143531,5.705246155287682
341912.0,-0.5319,-2.5553,10.9019,-0.0004,-0.0001,9.8066,-0.0201,0.1544,-0.0501,219.15,-85.0,96.79,52.83488,-1.654504,15.65,4,339.46,21 / 21,3.5238557127055934,9.850349904988805,0.27563719999997843,-18.01475595674589,337.99311461233543,1.7945592138010227,False,23.799999999999955,-9.920447258875864,11.592798864824063,-106.0809873936702,343.8591911560279,15.258055555555055,319.4450000000172,-13.444302971581457,1.742448959835258,-88.06623143692431,5.866076543692486
342012.0,-0.3364,-2.0356,10.1973,0.006,-0.0201,9.8066,-0.0295,0.2274,-0.0703,223.36,-84.89,97.1,52.83488,-1.654504,15.65,4,339.46,21 / 21,3.7225816889119603,9.898183086846583,0.34993219999999536,-17.65243408666493,338.98054126192744,1.8258376838010284,False,23.899999999999977,-10.046425503445471,11.42393951052612,-107.08865936566572,345.00449890062697,15.21305555555622,318.6710000000114,-13.769007192357432,1.5257564236795371,-89.4362252790008,6.023957638699528
342111.0,2.0922,1.281,10.1138,0.0016,0.0129,9.8065,-0.0793,-0.173,0.0563,221.69,-84.55,96.19,52.83488,-1.654504,15.65,4,339.46,21 / 21,3.6974110578247035,9.885231968565622,0.38447329999999175,-17.2851444457015,339.9598203071702,1.862190756051024,False,23.998999999999967,-10.215160249518565,11.304075810427275,-108.0995558879366,346.1163369720769,15.235880555555545,317.8968200000004,-13.912571307343269,1.4188438418616531,-90.8144114422351,6.15651666490669
342211.0,0.0499,0.6013,9.5334,-0.0161,0.0061,9.8066,-0.0411,0.202,-0.0226,219.89,-84.25,94.82,52.83488,-1.654504,15.65,4,339.46,21 / 21,3.5716204922721153,9.788676049389307,0.3861682999999922,-16.921692868196576,340.94351570806816,1.900722836051032,False,24.09899999999999,-10.381543039521704,11.201702610686587,-109.13396475612454,347.2283974321353,15.272686111108978,317.1762000000416,-13.95316353179382,1.4130265612972792,-92.21227188792797,6.284881724067134
342312.0,0.5773,3.5711,10.1172,-0.0198,-0.0401,9.8065,0.0679,-0.3629,0.1158,218.71,-84.15,94.12,52.83488,-1.654504,15.65,4,339.46,21 / 21,3.43350536832527,9.547148751440389,0.38805194999999226,-16.56793401223641,341.9199748605101,1.9398209586760309,False,24.19999999999999,-10.575495462532865,11.065077183082776,-110.19900685236635,348.3514661921083,15.306111111109663,316.2960000000382,-14.009000830858135,1.517928431642387,-93.63107284012995,6.431491331598238
342412.0,-0.2477,-1.5458,10.6675,0.0415,0.0252,9.8064,0.0268,-0.1184,0.1975,218.76,-84.02,94.08,52.83488,-1.654504,15.65,4,339.46,21 / 21,3.3769495144435413,9.382179362607417,0.4466219499999724,-16.227411268098084,342.8664412662121,1.981554653676015,False,24.299999999999955,-10.684159999984354,10.943114841781732,-111.26713914264845,349.4411764731647,15.29388888888925,315.686000000018,-14.061109514427896,1.560935479174315,-95.03972787455037,6.574735206952596
342512.0,0.4977,1.5473,11.0372,0.0167,-0.0268,9.8066,0.0828,-0.1184,-0.0068,223.87,-83.82,96.44,52.83488,-1.654504,15.65,4,339.46,21 / 21,3.3786607393902477,9.299273308620325,0.5511919499999962,-15.889630755406317,343.8005138997737,2.0314453486760247,False,24.399999999999977,-10.945833836133135,10.802728594596514,-112.36214268552678,350.51976726179555,15.378888888887632,314.6230000000157,-14.324494575523381,1.5034552859761892,-96.47251193012046,6.7192533620218455
342612.0,0.0726,-2.3068,9.901,0.0474,0.0405,9.8064,0.0935,-0.2269,0.1892,228.04,-83.4,97.3,52.83488,-1.654504,15.65,4,339.46,21 / 21,3.3977817968011252,9.242722867625208,0.6174369500000113,-15.550808628596672,344.7276137085862,2.0898767936760385,False,24.5,-11.17266085562959,10.60431243911253,-113.47729966782576,351.5761190648676,15.403888888888886,313.505,-14.570442652430716,1.3615895714873218,-97.92649103922909,6.848505356281407
342712.0,-1.8581,-1.1354,9.642,0.0203,0.0164,9.8066,-0.0137,0.1585,-0.0294,228.55,-83.33,98.45,52.83488,-1.654504,15.65,4,339.46,21 / 21,3.58851095863141,9.192362508353465,0.6139219500000125,-15.201493990825163,345.6493679773848,2.1514447386760187,False,24.599999999999966,-11.409654116276373,10.494287708339149,-114.61932790262377,352.6213513754371,15.501944444438703,312.6070000000526,-14.998165074907783,1.3019251999856838,-99.4178339117986,6.971983398052259
342812.0,1.1345,2.0341,9.4017,0.0331,0.0398,9.8065,0.0069,-0.1318,0.113,233.19,-83.26,98.6,52.83488,-1.654504,15.65,4,339.46,21 / 21,3.5760728828662973,9.046691471896526,0.585441950000006,-14.843264798750196,346.56132067639754,2.211412933676033,False,24.69999999999999,-11.640740706584214,10.20578056969007,-115.78822739009975,353.63322520810095,15.481111111112021,311.24200000005976,-15.216813589450512,1.1590890977935437,-100.94496259134955,7.07190453170341
342912.0,-1.4798,0.0945,9.4825,0.0001,0.0409,9.8065,-0.0532,0.3122,-0.1044,221.09,-82.93,97.6,52.83488,-1.654504,15.65,4,339.46,21 / 21,3.51860143454905,8.88148905670904,0.5489869500000185,-14.48853108287955,347.4577297028275,2.268134378676015,False,24.799999999999955,-11.87694998455338,10.052445427076076,-116.97056250387396,354.63397954833704,15.559999999997668,310.24400000002953,-15.39555141910243,1.170956370367037,-102.48203142099442,7.176249845509517
343012.0,1.8419,1.8871,9.891,-0.0005,0.0203,9.8066,-0.0416,0.0216,0.028,226.22,-82.87,96.19,52.83488,-1.654504,15.65,4,339.46,21 / 21,3.45066887112734,8.733074376020951,0.5369969500000158,-14.140067567595652,348.3384578744642,2.322433573676029,False,24.899999999999977,-12.033824342234327,9.81979480058361,-118.17305105708236,355.6124949016006,15.531944444444857,309.2150000000152,-15.484493213361667,1.0867204245626585,-104.03298348948671,7.274037027136387
343111.0,-0.5536,-0.6472,9.5077,0.019,0.0258,9.8066,-0.1114,0.2772,-0.0514,220.03,-82.91,95.82,52.83488,-1.654504,15.65,4,339.46,21 / 21,3.3737576297684218,8.644868843290455,0.5263742500000169,-13.802258455801347,349.19866606382004,2.375070448076025,False,24.998999999999967,-12.254728469676824,9.626120105511053,-119.39011726482833,356.5592085070283,15.583369444444418,308.1497600000005,-15.628486099445245,0.9812512622205976,-105.58785880902698,7.36054244320826
343212.0,-0.043,1.3974,10.3084,-0.0222,-0.0179,9.8065,0.0376,0.1744,-0.0896,227.52,-83.21,96.56,52.83488,-1.654504,15.65,4,339.46,21 / 21,3.376753433268846,8.504334874788531,0.5366156500000169,-13.461357647117968,350.06470085158304,2.428751438026026,False,25.099999999999966,-12.523155062948028,9.425570548800884,-120.65192410803348,357.5139281480511,15.67388888888362,306.9670000000686,-15.899908496216874,0.9212356740123528,-107.19056646091552,7.449227296468052
343312.0,-1.8376,1.5169,9.2052,-0.0006,0.0001,9.8066,0.2005,-0.1567,-0.0324,222.66,-83.21,97.75,52.83488,-1.654504,15.65,4,339.46,21 / 21,3.351656531554339,8.239831344367158,0.5316306500000159,-13.124937148876732,350.901909162541,2.48216375302604,False,25.19999999999999,-12.624131435728707,9.171295107580441,-121.90815516642037,358.4257265460547,15.603888888891953,305.9980000000424,-15.975787967283045,0.9314637632132836,-108.78321801754365,7.523817383513688
343411.0,-3.6031,-4.6867,10.1154,0.0542,0.0316,9.8064,0.0659,-0.468,0.2893,229.89,-83.55,99.36,52.83488,-1.654504,15.65,4,339.46,21 / 21,3.6667132803791787,8.039258303832508,0.5171420000000174,-12.77752784318606,351.7077241001268,2.534077999201036,False,25.298999999999978,-12.939479404680982,8.851330937393955,-123.19172772429992,359.2953820675733,15.677313888886705,304.37440000004835,-16.60619268506016,0.8120726335614474,-110.41419988111386,7.587657967446489
343511.0,-3.2055,-3.6334,10.0382,0.06,0.0553,9.8063,0.189,-0.8067,0.4167,238.85,-83.21,99.94,52.83583,-1.655765,16.38,4,295.26,20 / 20,4.1933397129244785,7.911628916169516,0.5441570000000235,-12.384525193520789,352.5052684611271,2.5871429492010503,False,25.399,-13.123735651726218,8.715669407892964,-124.50156693157557,360.16281369009664,15.754230555554425,303.58877000001144,-17.317075364650698,0.8040404917234483,-112.11704173805478,7.657545228969525
343612.0,2.9173,4.0651,9.9083,0.0014,0.0164,9.8066,0.0063,0.2857,-0.1916,230.66,-83.29,100.97,52.83583,-1.655765,16.38,4,295.26,20 / 20,4.174165073951232,7.753207608450779,0.5609836000000235,-11.96196620178357,353.2963427056204,2.642952549501052,False,25.5,-13.262326999169034,8.28400350831372,-125.83807585707392,360.98320985912926,15.636944444444444,301.99,-17.436492073120267,0.530795899862941,-113.87610965529035,7.686867153508842
343712.0,-2.1657,-2.6725,10.3142,0.0596,0.0625,9.8062,-0.1063,0.6037,-0.3735,234.13,-83.03,100.9,52.83583,-1.655765,16.38,4,295.26,20 / 20,4.092548136816703,7.629655207404626,0.5914436000000132,-11.548630541245315,354.0654858464129,2.700573909501034,False,25.599999999999966,-13.5254111407474,8.170966998999953,-127.19507411255596,361.7949328231185,15.801944444434785,301.13700000004997,-17.617959277564104,0.5413117915953265,-115.64644357131064,7.72944697670556
343812.0,1.7621,3.0592,8.8926,0.0009,-0.0187,9.8066,-0.0885,0.3615,-0.1552,239.66,-83.19,101.16,52.83583,-1.655765,16.38,4,295.26,20 / 20,4.076404762050514,7.5215726959001135,0.5711186000000086,-11.14018289630186,354.8230472415783,2.7587020195010483,False,25.69999999999999,-13.671983587371155,8.012647066475473,-128.55879018128607,362.59553629544956,15.846944444442475,300.3730000000334,-17.74838834942167,0.49107437057535996,-117.4186072849842,7.772489053871254
343912.0,-1.9602,-2.4041,10.0348,0.0156,0.0421,9.8065,-0.1022,0.5652,-0.2376,234.67,-83.08,101.45,52.83583,-1.655765,16.38,4,295.26,20 / 20,4.042812863040961,7.412527750082556,0.5368236000000204,-10.734222015047425,355.5697522638772,2.814099129501031,False,25.799999999999955,-13.723374662010475,7.94428568219175,-129.9292240631511,363.3850202739397,15.85694444444415,300.06600000000907,-17.766187525051436,0.5317579321091941,-119.19500204810369,7.815268010062482
344012.0,2.258,1.7513,9.503,-0.0261,-0.045,9.8065,-0.1058,0.4711,-0.2936,235.08,-83.2,101.43,52.83583,-1.655765,16.38,4,295.26,20 / 20,4.053202529864221,7.346669956329582,0.5330486000000196,-10.329421245402074,356.307712149198,2.867592739501045,False,25.899999999999977,-13.874796956335619,7.885185095374281,-131.3130935713147,364.1745042538445,15.958888888887381,299.6100000000068,-17.927999486199838,0.5385151390446987,-120.98367232591264,7.866792104646493
344112.0,-3.5506,-1.7549,9.6873,0.0301,0.0211,9.8065,-0.0142,0.1329,-0.083,234.17,-82.91,100.65,52.83583,-1.655765,16.38,4,295.26,20 / 20,4.084337133835739,7.198658806456569,0.511898600000015,-9.922544262216983,357.03497858733743,2.9198400995010587,False,26.0,-13.875839101327985,8.004117094884688,-132.69696307947873,364.97510772546735,16.01888888888889,299.978,-17.960176235163722,0.8054582884281185,-122.77441881726175,7.940129138129919
344212.0,-1.5877,-2.6289,9.8526,-0.032,-0.0229,9.8065,-0.0333,0.3394,-0.172,234.07,-83.08,100.57,52.83583,-1.655765,16.38,4,295.26,20 / 20,4.405779677958499,7.020985397253574,0.5082286000000164,-9.498038421627415,357.7459607975227,2.970846459501043,False,26.099999999999966,-13.92202936071811,7.8366590275415975,-134.08755040067638,365.75347221218203,15.976111111113616,299.3750000000353,-18.32780903867661,0.8156736302880239,-124.58951197904896,8.007511414659348
344312.0,-2.0105,-1.2487,10.4923,0.0015,-0.0477,9.8065,0.0724,0.03,-0.023,230.08,-83.01,101.59,52.83583,-1.655765,16.38,4,295.26,20 / 20,4.668053596129489,6.898735179174071,0.5448086000000247,-9.044346757922913,358.44194682634424,3.0234983195010567,False,26.19999999999999,-14.045577067172744,7.787513393246439,-135.4915733482865,366.53183669824654,16.059999999996325,299.0060000000161,-18.713630663302233,0.8887782140723672,-126.44722659036358,8.089889871902301
344412.0,-0.0535,1.0394,9.5511,-0.0055,-0.0335,9.8065,-0.0677,0.2332,-0.0962,244.57,-82.9,102.54,52.83583,-1.655765,16.38,4,295.26,20 / 20,4.722652065347068,6.740319412744225,0.5663136000000175,-8.574811474849245,359.12389955593994,3.07905442950104,False,26.299999999999955,-14.17594332695088,7.712293297405086,-136.90903192219392,367.29908169188536,16.13805555555325,298.54800000001353,-18.89859539229795,0.9719738846608612,-128.33422044734468,8.17518213594542
344513.0,0.7249,-0.4693,9.9894,-0.0101,0.0049,9.8066,0.0403,0.1933,-0.095,236.51,-83.01,103.47,52.83583,-1.655765,16.38,4,295.26,20 / 21,4.658292027175868,6.661624272118807,0.5626372000000176,-8.101073798176841,359.8006977120255,3.136066444901041,False,26.400999999999954,-14.153521643828457,7.62460969783047,-138.33401444679726,368.06265725319383,16.07659999999927,298.3117000000079,-18.811813671004323,0.962985425711663,-130.2329406486204,8.261959541168324
344612.0,0.8282,0.8774,9.9224,-0.0332,-0.023,9.8065,-0.052,0.3006,-0.2484,235.9,-83.1,103.1,52.83583,-1.655765,16.38,4,295.26,20 / 21,4.588822457315435,6.6172952881893075,0.5774129500000246,-7.643341631194308,360.45800423026105,3.1924989273260693,False,26.5,-14.265574201997604,7.5172480128901205,-139.74394906998478,368.8002132025938,16.125,297.78700000000003,-18.85439665931304,0.899952724700813,-132.10060743879046,8.342208972332742
344712.0,-0.0086,0.8965,8.7834,-0.0443,-0.0128,9.8065,0.0306,-0.2594,0.1822,239.97,-82.95,101.93,52.83583,-1.655765,16.38,4,295.26,20 / 21,4.477553637476337,6.506950330658777,0.5320379500000401,-7.190022826454874,361.1142165112032,3.2479714723260535,False,26.599999999999966,-14.326976860788163,7.445444113197399,-141.17484327005982,369.54521920991203,16.146111111109875,297.46000000001914,-18.804530498264498,0.9384937825386226,-133.98482044360495,8.431002698708824
344812.0,-1.4304,-3.4625,9.4698,-0.0172,-0.0012,9.8066,-0.0955,0.0707,-0.0606,232.61,-82.73,99.77,52.83583,-1.655765,16.38,4,295.26,20 / 21,4.60962037221088,6.435017250171058,0.46403295000002465,-6.73566412597041,361.7613148902449,3.2977750173260683,False,26.69999999999999,-14.40095536536663,7.382666976023155,-142.6124552833884,370.2791057262745,16.18305555555394,297.1420000000139,-19.01057573757751,0.9476497258520968,-135.876791157418,8.517790836029633
344912.0,-1.0336,-0.5486,9.8897,-0.0305,-0.0194,9.8065,0.0161,-0.218,0.1248,231.68,-82.65,98.73,52.83583,-1.655765,16.38,4,295.26,20 / 21,4.840907411382633,6.361660965244527,0.451342950000029,-6.263137736790895,362.40114880101544,3.3435438123260552,False,26.799999999999955,-14.475161933438796,7.298617023620796,-144.05678510987858,371.00187274950343,16.211111111110284,296.75800000001135,-19.31606934482143,0.9369560583762695,-137.79364737308768,8.600723948487996
345012.0,-0.1522,-3.5687,10.4369,0.0077,-0.0143,9.8066,0.1225,-0.0453,0.0396,236.21,-82.4,99.44,52.83583,-1.655765,16.38,4,295.26,20 / 21,5.040664070389216,6.333137151124202,0.4870079500000371,-5.769059162702191,363.03588870683404,3.3904613573260693,False,26.899999999999977,-14.578638265445361,7.198247997013129,-145.514550562654,371.71352028101427,16.25888888888818,296.2780000000071,-19.619302335834576,0.8651108458889274,-139.74549139995182,8.677631574180225
345112.0,-0.2458,1.4896,10.0522,-0.0055,-0.0397,9.8065,0.0994,-0.1671,0.2165,238.57,-82.47,102.58,52.83583,-1.655765,16.38,4,295.26,20 / 21,5.123834243622597,6.279328580571455,0.530797950000047,-5.260834247001485,363.66651199341896,3.441351652326085,False,27.0,-14.625308219808531,7.071094998343684,-146.9723160154298,372.4140483179773,16.245,295.803,-19.749142463431127,0.7917664177722283,-141.7114817684283,8.747536324558325
345212.0,-2.3042,-0.428,9.7144,0.0043,-0.027,9.8066,-0.0126,-0.0649,0.0659,245.19,-82.47,105.47,52.83583,-1.655765,16.38,4,295.26,20 / 21,5.114687944186225,6.038405880539207,0.5384629500000444,-4.7489081376112185,364.2823987164743,3.4948146973260714,False,27.099999999999966,-14.676844374803348,6.982267116758184,-148.43679928123382,373.1145763555961,16.253055555555083,295.44200000002115,-19.791532318989574,0.9438612362189769,-143.6878911436226,8.832177639121824
345312.0,1.6996,0.7058,9.0315,-0.0173,-0.0258,9.8065,0.0811,-0.3737,0.1143,241.49,-82.62,105.87,52.83583,-1.655765,16.38,4,295.26,20 / 21,5.088647467904323,5.905063729011507,0.49509295000003456,-4.2387413670065754,364.879572196952,3.546492492326087,False,27.19999999999999,-14.70575888620411,6.840541818525784,-149.90800036030717,373.79286540770903,16.218888888890387,294.94600000002174,-19.794406354108432,0.9354780895142767,-145.6692589933006,8.913293210757047
345412.0,-1.1883,0.3749,9.2032,0.0344,0.0556,9.8064,0.1117,-0.3827,0.1879,239.37,-82.37,104.29,52.83583,-1.655765,16.38,4,295.26,20 / 21,5.013855358782837,5.805603490790558,0.4261629500000581,-3.7336162256723897,365.4651055579419,3.592555287326076,False,27.299999999999955,-14.779687766744173,6.723034613142343,-151.38591925252874,374.4600349688097,16.23694444444391,294.46000000001436,-19.79354312552701,0.9174311223517853,-147.65230302685634,8.994929410867769
345512.0,2.4416,0.5602,9.8114,0.0048,0.016,9.8066,-0.1345,0.0044,-0.0254,239.47,-82.36,104.49,52.83583,-1.655765,16.38,4,295.26,20 / 21,4.9261966645131645,5.738931677052018,0.39622795000005145,-3.2366136245074766,366.0423323163342,3.6336748323260912,False,27.399999999999977,-14.775684679215052,6.654409610207714,-152.8571203315893,375.1160850353629,16.20500000000047,294.2450000000032,-19.701881343728218,0.9154779331556959,-149.62050670708183,9.073752719028732
345612.0,-0.0279,-2.33,9.8655,0.0083,0.0364,9.8065,0.1084,-0.1972,0.0835,234.36,-82.34,103.71,52.83583,-1.655765,16.38,4,295.26,20 / 21,4.924150292691837,5.79919031398026,0.3994079500000523,-2.7440962766471144,366.61923841588595,3.6734566273261056,False,27.5,-14.847743141709994,6.613125404084626,-154.3417570369474,375.7832545943414,16.253888888888888,294.008,-19.771893434401832,0.8139350901043665,-151.59766076030027,9.164016178455427
345712.0,-2.4424,-1.0637,8.9635,0.02,0.0133,9.8065,0.0989,0.1093,-0.0181,238.28,-82.07,103.14,52.83583,-1.655765,16.38,4,295.26,20 / 21,5.118701548257237,5.692453836656943,0.3601929500000658,-2.241953684599832,367.1938206234176,3.7114366723260983,False,27.599999999999966,-14.865071938296051,6.4946992099700145,-155.82639374219684,376.41706567741113,16.22194444444631,293.6010000000238,-19.98377348655329,0.8022453733130712,-153.58444005759702,9.223245053993537
345812.0,-3.3839,0.1964,9.8755,0.0348,0.0108,9.8065,0.0263,-0.1279,-0.0214,237.63,-81.97,103.95,52.83583,-1.655765,16.38,4,295.26,20 / 21,5.29726425325766,5.371087397257528,0.3214779500000571,-1.7211553945239686,367.74699768511346,3.745520217326112,False,27.69999999999999,-14.882414236583866,6.472293338424735,-157.31103044756847,377.0619962515378,16.228888888888584,293.5040000000043,-20.17967848984153,1.1012059411672066,-155.5898750530445,9.314998566424322
345912.0,-4.4461,-0.9057,9.9738,0.0286,0.0397,9.8065,-0.129,0.5075,-0.2431,242.3,-81.86,104.63,52.83583,-1.655765,16.38,4,295.26,20 / 21,5.506420497150424,4.95046029869685,0.33327795000005317,-1.1809711570037487,368.263075069911,3.7782580123261065,False,27.799999999999955,-14.930739771174455,6.464202184757975,-158.80238496607456,377.706926826372,16.269999999998785,293.4100000000028,-20.43716026832488,1.5137418860611254,-157.62141380907082,9.443851756461015
346012.0,2.0687,1.1656,10.0942,-0.0167,0.0216,9.8066,0.1111,0.0264,-0.0856,238.44,-82.0,105.0,52.83583,-1.655765,16.38,4,295.26,20 / 21,5.5288018987645255,4.735721235247643,0.35601295000005845,-0.6292100372078757,368.74738414660834,3.81272255732612,False,27.899999999999977,-14.90695473983041,6.339298196113623,-160.28702167144638,378.34073790807395,16.19888888888994,293.0380000000055,-20.435756638594935,1.60357696086598,-159.6578116342385,9.593353761465607
346112.0,-2.0515,-3.039,10.3466,0.0524,0.0469,9.8063,-0.093,0.6874,-0.3996,242.59,-81.79,105.4,52.83583,-1.655765,16.38,4,295.26,20 / 21,5.5896209148978935,4.6757032241833,0.397387950000068,-0.07328889652462833,369.21795536958,3.8503926023261346,False,28.0,-14.961941703785083,6.337719666882839,-161.78509400308903,378.97454898977554,16.24888888888889,292.957,-20.551562618682976,1.6620164426995387,-161.7118051065644,9.756593620195531
346212.0,1.6307,0.3798,8.7973,-0.0109,-0.0237,9.8065,-0.1706,0.368,-0.2045,242.93,-81.95,105.06,52.83583,-1.655765,16.38,4,295.26,20 / 21,5.696440086150331,4.622710302780801,0.37391795000007605,0.4910141535275905,369.6828760459281,3.8889578973261285,False,28.099999999999966,-14.99440204472127,6.286443765951771,-163.27644852148694,379.59724057971323,16.2588888888883,292.7460000000123,-20.6908421308716,1.6637334631709697,-163.76746267501454,9.914364533785147
346311.0,-3.3762,-4.4801,8.2125,0.03,0.0483,9.8064,0.0044,0.368,-0.2053,237.49,-81.95,103.83,52.83583,-1.655765,16.38,4,295.26,20 / 21,5.9029943270051906,4.568662252912599,0.24504470000008974,1.065186156978728,370.13784898743484,3.9195965485011337,False,28.198999999999955,-14.995585859411946,6.270799940843089,-164.75954012982567,380.2137052523959,16.25393888888911,292.69353000000234,-20.898580186417135,1.70213768793049,-165.8247262868044,10.07585626496109
346412.0,-0.0331,-2.7857,9.4641,-0.0385,-0.0382,9.8064,-0.1421,0.5333,-0.3274,237.55,-82.1,103.09,52.83583,-1.655765,16.38,4,295.26,20 / 21,6.292468525872126,4.522185846286826,0.1472413500000907,1.681057031049027,370.5969368164444,3.9394069940261427,False,28.299999999999955,-15.08065536875374,6.238287717700675,-166.27931099792002,380.8426237575574,16.319999999998046,292.4730000000065,-21.373123894625866,1.7161018714138487,-167.96036802896904,10.245686941113036
346512.0,-4.4518,-3.3812,9.5056,0.0021,-0.0061,9.8066,-0.0274,-0.0228,0.0292,236.01,-81.86,102.1,52.83583,-1.655765,16.38,4,295.26,21 / 21,6.664329213581387,4.4079477045023205,0.11506135000008341,2.32889691802185,371.04344349398394,3.9525221290261543,False,28.399999999999977,-15.10061793213937,6.019342698698175,-167.79081895587393,381.4430763612754,16.256111111112055,291.7330000000109,-21.764947145720758,1.6113949941958543,-170.11971587389579,10.399632867291473
346612.0,-0.2418,-2.8835,10.1707,-0.057,-0.0389,9.8063,0.093,0.262,-0.2024,237.02,-81.95,103.13,52.83583,-1.655765,16.38,4,295.26,21 / 21,7.045739390242924,4.288654541298188,0.11821135000008416,3.014400348213221,371.47827360627406,3.9641857640261655,False,28.5,-15.142193222681307,6.114154431070926,-169.30232691382804,382.05464845812554,16.33,291.988,-22.187932612924232,1.825499889772738,-172.31672726204127,10.576374851851483
346712.0,2.1242,1.3749,9.0852,-0.0203,-0.0409,9.8065,0.0935,-0.4425,0.1724,232.0,-81.87,104.17,52.83583,-1.655765,16.38,4,295.26,21 / 21,7.046403806610298,4.300551472004566,0.10034135000009034,3.719007508055642,371.90773390693903,3.9751133990261707,False,28.599999999999966,-15.248443422466817,6.14777258521457,-170.82055268480642,382.6662205542237,16.441111111104608,291.9580000000018,-22.294847229077114,1.8472211132100043,-174.53956019286207,10.758486647284656
346812.0,-0.4293,-1.4558,10.1183,-0.0032,0.0149,9.8066,-0.019,-0.2079,0.1044,235.78,-81.85,103.02,52.83583,-1.655765,16.38,4,295.26,21 / 21,6.9928608254188624,4.267181149523561,0.07985135000008574,4.4209707396572595,372.3361205380155,3.9841230340261817,False,28.69999999999999,-15.304432975848764,6.171588266823698,-172.35221408219326,383.2889121427917,16.501944444441783,291.9619999999998,-22.297293801267628,1.9044071173001367,-176.77318482185052,10.952791604776166
346912.0,1.4503,0.8266,9.8595,-0.039,-0.0043,9.8065,0.0153,-0.2743,0.1509,235.78,-81.97,101.1,52.83583,-1.655765,16.38,4,295.26,21 / 21,6.9806920382843405,4.2293645105947295,0.0980763500000796,5.119648382842182,372.76094782102126,3.993019419026187,False,28.799999999999955,-15.317983231899015,6.252712587926806,-173.88387547958,383.9116037334819,16.544999999998726,292.2049999999928,-22.298675270183356,2.0233480773320762,-179.00352386242218,11.15065591246065
347012.0,-1.6513,-0.0368,10.5334,0.0593,0.0294,9.8063,-0.008,-0.4069,0.2675,234.38,-81.55,101.25,52.83583,-1.655765,16.38,4,295.26,21 / 21,6.947040357241173,4.102215484062066,0.13705635000008856,5.816035002618616,373.1775268207542,4.004776054026198,False,28.899999999999977,-15.385837497764102,6.1888104811336095,-175.4222546901164,384.5231758296252,16.583888888888314,291.91200000000435,-22.332877855005275,2.0865949970715434,-181.238289692735,11.345649008870964
347112.0,-3.1474,-4.7568,7.2852,0.029,0.0049,9.8066,-0.0804,-0.2338,0.2098,234.61,-81.6,101.31,52.83583,-1.655765,16.38,4,295.26,21 / 21,7.274376010935655,3.9477110709125682,0.04732135000006822,6.527105821027619,373.5800231485031,4.013994939026208,False,29.0,-15.454952446021654,6.094100408032719,-176.96735171380183,385.1236284333427,16.613055555555555,291.52,-22.729328456957308,2.1463893371201506,-183.49445753482945,11.5436052848396
347212.0,-5.1181,-3.1972,9.7458,0.0903,0.0424,9.8061,0.0179,-0.4456,0.3393,234.89,-81.78,100.79,52.83583,-1.655765,16.38,4,295.26,21 / 21,7.829650474564633,3.7418856225715817,-0.08179364999988774,7.282307145302376,373.96450298317717,4.012271324026218,False,29.099999999999966,-15.501462748311242,6.046261334035971,-178.51244873737406,385.7240810363087,16.638888888887376,291.3080000000124,-23.331113222875874,2.304375711464389,-185.79475588267644,11.75957805313152
347312.0,-1.4687,-2.7306,9.5489,0.0585,0.0386,9.8063,-0.011,0.4914,-0.2822,233.98,-81.4,101.4,52.83583,-1.655765,16.38,4,295.26,21 / 21,8.25404204536446,3.547465985883367,-0.09772364999989136,8.086491771299013,374.3289705636,4.003295459026226,False,29.19999999999999,-15.61908444860081,5.986223470175319,-180.07098138733002,386.32453364214797,16.72694444444059,290.9700000000148,-23.873126493965273,2.438757484291952,-188.15747315862905,11.995563078547946
347412.0,0.8598,5.2554,9.6327,0.0539,0.028,9.8064,0.0583,-0.2889,0.2009,229.52,-81.37,102.98,52.83583,-1.655765,16.38,4,295.26,21 / 21,8.177293709453913,3.332402517747921,-0.11930864999988397,8.90805855903965,374.6729639887815,3.9924438440262415,False,29.299999999999955,-15.659910299693651,6.0279025710023,-181.63623185044787,386.92498624515764,16.779999999998434,291.05299999999755,-23.837204009147563,2.6955000532543787,-190.54429040948753,12.252022256376165
347512.0,1.6261,-0.6101,9.76,0.0714,0.0639,9.8061,-0.1662,0.6071,-0.3629,235.53,-81.39,103.95,52.83583,-1.655765,16.38,4,295.26,20 / 20,7.92474215300494,3.180844481993093,-0.13033864999988645,9.713160352162776,374.9986263387686,3.97996147902625,False,29.399999999999977,-15.745710497220847,6.0694502170840705,-183.2082001267023,387.53655834130024,16.874999999998597,291.0799999999996,-23.670452650225787,2.8886057350909775,-192.9213604788651,12.537932002531647
347611.0,0.9373,3.0556,8.6003,0.0178,0.0376,9.8065,-0.0974,0.1176,-0.0313,229.63,-81.49,102.4,52.83583,-1.655765,16.38,4,295.26,20 / 20,7.7548372595906025,3.104687288202512,-0.19236214999987983,10.489299533086173,375.3097601613932,3.9639877894262634,False,29.498999999999967,-15.780283084659484,6.037721817727331,-184.7710993552377,388.13100641898035,16.89589999999999,290.93744000000004,-23.535120344250085,2.933034529524819,-195.2603988883239,12.82124625758712
347712.0,-2.7527,-4.7458,10.3264,0.0151,0.0727,9.8063,-0.1896,0.6802,-0.2894,227.69,-81.39,100.92,52.83583,-1.655765,16.38,4,295.26,20 / 20,7.880161559204542,3.000218415046306,-0.22703544999987946,11.27886697343532,375.6180578994073,3.942808210626276,False,29.599999999999966,-15.815854399819312,6.04328330135505,-186.3655723054204,388.73746354869104,16.93111111110906,290.91200000000146,-23.696015959023853,3.043064886308744,-197.6444392788557,13.119405649283749
347812.0,2.5385,3.3605,9.9703,-0.0725,-0.0394,9.8062,-0.0172,0.6144,-0.398,227.91,-81.3,100.47,52.83583,-1.655765,16.38,4,295.26,20 / 20,7.9427056297800736,2.941638658690478,-0.19286544999987165,12.070010332884731,375.9151507530942,3.9218131656262836,False,29.69999999999999,-15.937474355497326,5.97304873307862,-187.95769402113444,389.337916153823,17.01999999999611,290.5450000000161,-23.8801799852774,3.0314100743881425,-200.02770435401916,13.422765400728792
347912.0,-2.4281,-3.8165,9.1222,0.0057,0.0211,9.8066,-0.0092,0.198,-0.0705,224.21,-81.56,99.35,52.83583,-1.655765,16.38,4,295.26,20 / 20,7.960177597066982,2.8774619666625574,-0.21890544999986275,12.865154494226813,376.2061057843618,3.9012246206263037,False,29.799999999999955,-15.946358510496758,5.9865375479768295,-189.54981573683506,389.9272492644075,17.03305555555517,290.57699999999903,-23.90653610756374,3.109075581314272,-202.41497023106186,13.721143480045725
348011.0,-1.9509,-2.9187,9.5296,-0.059,-0.0594,9.8062,-0.0682,0.4712,-0.3478,234.75,-81.97,99.55,52.83583,-1.655765,16.38,4,295.26,20 / 20,8.35306698571545,2.836809947382369,-0.266499699999885,13.672660101074921,376.48896224410714,3.877197065701305,False,29.899,-16.013289716721,5.940107005588626,-191.1326668703972,390.51068904458634,17.079530555554864,290.35227000000333,-24.366356702436452,3.1032970582062567,-204.8053269714721,14.0217268004792
348112.0,-4.5487,-0.9203,9.7337,-0.0026,-0.0259,9.8066,0.0864,-0.1083,0.0552,228.92,-81.78,99.36,52.83583,-1.655765,16.38,4,295.26,20 / 20,8.713521754134588,2.599813438472084,-0.2841746999998847,14.534522832437341,376.76351172509277,3.849388008501317,False,30.0,-16.04949351109169,5.976406932894482,-192.74749479454917,391.1170349794163,17.12611111111111,290.42400000000004,-24.76301526522628,3.3765934944223983,-207.28201762698652,14.353523254323534
348212.0,-1.606,-2.0074,9.8989,-0.0267,-0.0299,9.8065,-0.0046,0.1516,-0.0626,233.43,-81.66,100.33,52.83583,-1.655765,16.38,4,295.26,20 / 20,9.024515032108567,2.355830756231617,-0.283209699999885,15.421424671749197,377.01129393482785,3.821018788501338,False,30.099999999999966,-16.116449439421054,5.904162875178143,-194.359769949566,391.70636809066474,17.163888888886675,290.1200000000178,-25.14096447152962,3.548332118946526,-209.7811946213152,14.695074155836892
348312.0,-1.2028,1.2126,9.5591,-0.0148,-0.0411,9.8064,0.0142,-0.2823,0.0571,226.36,-81.95,101.08,52.83583,-1.655765,16.38,4,295.26,20 / 20,9.151189908399136,2.1677845170197387,-0.2909746999998867,16.330209918774788,377.2374746984905,3.792309568501343,False,30.19999999999999,-16.17691856981815,6.103392956813502,-195.97204510472767,392.3179401868064,17.28999999999448,290.6709999999759,-25.328108478217285,3.935608439793763,-212.30225502350245,15.080465488315951
348412.0,-2.0517,-2.1925,9.832,0.0102,0.0145,9.8066,0.0659,-0.1299,0.2142,225.77,-81.98,99.92,52.83583,-1.655765,16.38,4,295.26,20 / 20,9.306077666980805,1.9874633122101129,-0.30208469999988274,17.25307329754347,377.4452370899519,3.7626565985013642,False,30.299999999999955,-16.25169857407783,6.103432923957197,-197.59775588613238,392.9295122836564,17.35999999999793,290.58400000000256,-25.557776241058637,4.115969611747084,-214.85082918367584,15.484275193704491
348512.0,-1.4762,1.8583,9.6219,-0.0143,-0.0371,9.8065,-0.0159,-0.1132,0.0886,230.57,-82.21,100.87,52.83583,-1.655765,16.38,4,295.26,22 / 22,9.434845832197414,1.7763707360358236,-0.31005469999988444,18.190119472502595,377.6334287923642,3.732049628501369,False,30.399999999999977,-16.29809374709115,6.107877308116564,-199.2234666675787,393.5410843797994,17.404999999999337,290.5440000000006,-25.732939579288566,4.33150657208074,-217.4135861400813,15.907655587435158
348612.0,-3.4331,-0.6601,9.6097,0.0066,0.0268,9.8065,0.0153,-0.2836,0.1886,229.6,-82.22,99.15,52.83583,-1.655765,16.38,4,295.26,22 / 22,9.546615536372167,1.4528400354494475,-0.32913969999988874,19.13919254093129,377.79488933093853,3.700089908501373,False,30.5,-16.32089810918757,6.1008351003664485,-200.85589526213377,394.14153698422416,17.42388888888889,290.496,-25.86751364555974,4.647995064917001,-219.99508780306508,16.34664765328563
348712.0,-3.9775,-1.1666,8.7334,-0.0192,0.0267,9.8066,0.0445,0.1872,0.0273,225.94,-82.46,97.77,52.83583,-1.655765,16.38,4,295.26,22 / 22,9.867453541061016,1.1431207818151754,-0.39264969999986704,20.109895994802617,377.9246873718017,3.6640004385013976,False,30.599999999999966,-16.360382296314587,6.037610189256809,-202.48832385662266,394.7419895886048,17.438888888888012,290.256000000014,-26.2278358373756,4.894489407441634,-222.59821985142528,16.817302216803057
348812.0,0.061,-1.3331,8.639,0.0012,0.0274,9.8066,-0.1299,-0.096,-0.0818,224.46,-82.46,96.35,52.83583,-1.655765,16.38,4,295.26,22 / 22,10.10080839036703,0.9926894869339973,-0.5046946999998925,21.108309091374245,378.0314778852392,3.6191332185013994,False,30.69999999999999,-16.430772035581132,6.0779271315043735,-204.12747026435312,395.3535616847471,17.518888888885385,290.2999999999981,-26.531580425948164,5.085237644570376,-225.23577935572737,17.32208379950788
348912.0,-4.2981,-0.7772,9.5319,0.0372,0.0611,9.8064,0.0062,0.2983,-0.1731,216.56,-82.12,93.42,52.83583,-1.655765,16.38,4,295.26,22 / 22,10.357642021022514,0.8490660345491445,-0.5768146999998678,22.131231611943374,378.12356566131336,3.5650577485014296,False,30.799999999999955,-16.49200801098376,6.106142462956742,-205.77333448521833,395.96513378088974,17.586111111109126,290.3169999999995,-26.849650032006274,5.257076428407597,-227.9045660971617,17.84156811957638
349012.0,-0.9763,-0.1607,10.596,-0.0003,-0.009,9.8066,-0.0483,0.1515,-0.206,227.29,-82.25,93.78,52.83583,-1.655765,16.38,4,295.26,22 / 22,10.606563973420306,0.6251283378619082,-0.5510846999998619,23.179441911665755,378.19727537993396,3.50866277850143,False,30.899999999999977,-16.564274717079098,6.212907165148871,-207.42591651924693,396.5878253708727,17.69111111110956,290.5599999999964,-27.1708386904994,5.587778827286963,-230.60535843091267,18.390549990938723
349112.0,-1.0087,1.1787,9.4198,0.0533,0.0094,9.8064,0.039,-0.173,0.2183,225.73,-81.95,93.92,52.83583,-1.655765,16.38,4,295.26,22 / 22,10.644974754229409,0.41949382482284003,-0.5309596999998573,24.24201884804848,378.2495064880682,3.454560558501432,False,31.0,-16.61067014690273,6.271017642360315,-209.08521636641117,397.2105169594413,17.755,290.683,-27.25564490113214,5.851523817537474,-233.32723521445965,18.961010471373072
349212.0,-0.0534,1.5261,10.6317,-0.0354,-0.0103,9.8065,0.043,0.5173,-0.153,227.58,-82.11,95.03,52.83583,-1.655765,16.38,4,295.26,22 / 22,10.589593859982294,0.1908228176810251,-0.5090496999998646,25.303747278758703,378.2800223201934,3.4025600885014637,False,31.099999999999966,-16.594927090816398,6.109690752010429,-210.74451621345386,397.81096956382197,17.68388888889305,290.21200000002756,-27.184520950798692,5.918867934329404,-236.04826349221256,19.53094724362859
349312.0,-0.6165,2.9716,8.8238,-0.007,-0.0305,9.8066,0.1079,-0.0223,-0.0944,223.85,-82.27,95.23,52.83583,-1.655765,16.38,4,295.26,22 / 22,10.462109027576636,-0.08894578852918072,-0.5169396999998663,26.356332423136887,378.285116171651,3.3512606185014655,False,31.19999999999999,-16.679996298607527,6.174420777293213,-212.41053387376675,398.43366115309664,17.78611111110664,290.31299999999555,-27.142105326184165,6.263366565822394,-238.76686629690363,20.14854498144564
349413.0,-4.2254,-3.095,9.6281,-0.0424,-0.0552,9.8064,-0.0578,0.3594,-0.1556,228.02,-82.35,94.43,52.83583,-1.655765,16.38,4,295.26,22 / 22,10.646956737110655,-0.37163170859875116,-0.5755903999998657,27.422340244253586,378.26185700804604,3.2960878484514797,False,31.300999999999988,-16.72294732177348,6.200995653084048,-214.0999295238317,399.06246846333414,17.83561944444587,290.34516000000247,-27.36990405888413,6.572627361682799,-241.52226976808527,20.800611455288106
349511.0,-3.6592,-2.0517,9.1336,-0.0376,-0.0228,9.8065,0.1618,-0.1545,0.2404,232.96,-82.41,94.55,52.83583,-1.655765,16.38,4,295.26,20 / 20,11.086018328818128,-0.6027942131993778,-0.6173187999998713,28.48725602248424,378.2141101378779,3.237635297651485,False,31.399,-16.68663792235662,6.160275278292158,-215.73262683093856,399.6618091175542,17.787436111111834,290.26284000000123,-27.772656251174748,6.763069491491535,-244.2198828534228,21.44769897967626
349612.0,-3.1764,-0.5138,9.0838,-0.0395,-0.0515,9.8064,-0.1241,0.0635,-0.2771,228.37,-82.42,94.65,52.83583,-1.655765,16.38,4,295.26,20 / 20,11.405260213980183,-0.8896229363491808,-0.6878117499998706,29.623065588895543,378.13874307182573,3.1717262048764985,False,31.5,-16.69688597770356,6.131018782985365,-217.40858685471912,400.2794969353658,17.786944444444444,290.163,-28.102146191683744,7.020641719334545,-247.03165244361466,22.140753863540056
349711.0,-0.7953,1.0561,10.1382,-0.0193,0.006,9.8066,-0.0275,-0.343,0.1084,226.89,-82.17,92.36,52.83583,-1.655765,16.38,4,295.26,20 / 20,11.521891881168024,-1.1518047238341098,-0.7071810999998686,30.75795961760526,378.03769240264666,3.1026740588015187,False,31.59899999999999,-16.75087341917482,6.121953617960634,-219.0645949733125,400.88495331120333,17.83451944444167,290.07588000000504,-28.272765300342844,7.2737583417947445,-249.82255459091775,22.847260908556677
349812.0,-3.4334,1.1341,10.2434,-0.0126,0.0309,9.8065,0.1398,-0.0024,0.0564,226.38,-82.18,92.58,52.83583,-1.655765,16.38,4,295.26,20 / 20,11.594797177113156,-1.4815672013928047,-0.6683819499998689,31.925352415048447,377.9047071204227,3.033208124776533,False,31.69999999999999,-16.73368491099597,6.173382287482696,-220.75405780150766,401.5026411283142,17.83611111111106,290.2499999999923,-28.328482088109126,7.6549494888755,-252.6794102165561,23.597934007891524
349911.0,0.0816,0.6523,10.3064,-0.0347,-0.0694,9.8063,0.0277,-0.2813,0.1265,226.06,-82.22,92.99,52.83583,-1.655765,16.38,4,295.26,20 / 20,11.6521690671635,-1.7597843675158131,-0.6220251999998737,33.07607724414002,377.74426021776173,2.969332970851552,False,31.798999999999978,-16.702879281662618,6.156771974624729,-222.4034152852308,402.1080975041958,17.801461111112143,290.2341600000005,-28.355048348826116,7.9165563421405425,-255.47949252937082,24.36383728643409
350012.0,-2.7367,-0.2134,8.6209,0.0138,0.0028,9.8066,-0.0005,-0.3569,0.234,216.87,-82.1,93.03,52.83583,-1.655765,16.38,4,295.26,20 / 20,11.757702073137796,-1.9516608098246964,-0.6566681999998734,34.25827573672523,377.55683223630604,2.9047589541515655,False,31.899999999999977,-16.689592343764772,6.069237346394655,-224.0928109352824,402.7257853205998,17.758888888889516,289.98400000000373,-28.44729441690257,8.020898156219351,-258.3510866720076,25.168953084293776
350112.0,-1.791,3.6614,9.0039,-0.0516,0.0089,9.8065,0.1036,-0.2355,0.3137,221.24,-82.48,91.25,52.83583,-1.655765,16.38,4,295.26,20 / 20,11.839262601810868,-2.3181627020454374,-0.7560931999998959,35.43812397047293,377.3433410607125,2.834120884151561,False,32.0,-16.667894873306246,6.2070144956493785,-225.75211078244695,403.3484769112903,17.78611111111111,290.425,-28.50715747511711,8.525177197694816,-261.1902347529199,26.0051358505778
350212.0,-2.9841,-0.9826,10.4245,0.0216,0.0188,9.8066,0.0799,-0.3166,0.0196,226.94,-82.42,92.22,52.83583,-1.655765,16.38,4,295.26,20 / 20,11.934195772850565,-2.6878197038972944,-0.7653381999998927,36.62679688920559,377.09304194041545,2.7580493141515974,False,32.099999999999966,-16.62729134662598,6.003901289990302,-227.41812844265144,403.9378100218314,17.678055555561883,289.85400000003347,-28.561487119476546,8.691720993887596,-264.04492533185703,26.844768081415964
350312.0,-5.5027,-2.5917,9.7313,0.0387,0.0053,9.8065,-0.1021,0.3347,-0.3393,222.35,-82.27,92.68,52.83583,-1.655765,16.38,4,295.26,20 / 20,12.372165776642564,-2.9505012338758694,-0.7382131999998865,37.842114966680526,376.8111258935267,2.6828717441515915,False,32.19999999999999,-16.569603718590198,6.132570400989623,-229.070710476681,404.5493821186804,17.66805555555599,290.30999999998005,-28.941769495232762,9.083071634865492,-266.9128254433615,27.73825622515369
350412.0,-3.8022,0.0132,9.8684,0.0444,0.0169,9.8065,-0.0439,-0.0304,0.0833,226.73,-82.34,92.32,52.83583,-1.655765,16.38,4,295.26,20 / 20,12.802375203083148,-3.2765787639174935,-0.7388931999998863,39.10084201566638,376.49977189363716,2.609016424151628,False,32.299999999999955,-16.526669697008646,6.110121825792529,-230.71657469753345,405.1609542141157,17.620000000001422,290.2900000000006,-29.329044900091795,9.386700589710022,-269.8174167131998,28.66118232047853
350512.0,-2.3326,0.8543,10.3564,-0.0004,0.0405,9.8065,0.1398,-0.1487,0.0139,226.35,-82.1,92.98,52.83583,-1.655765,16.38,4,295.26,21 / 21,12.988140374983981,-3.627304240944804,-0.7083181999998793,40.39036779457003,376.154577743394,2.5366558541516233,False,32.39999999999998,-16.511948192258068,6.019650479571781,-232.36915673156201,405.761406819248,17.575000000000664,290.03000000000384,-29.50008856724205,9.646954720516586,-272.75952452613205,29.606829075854023
350612.0,-2.5038,0.793,9.2309,-0.0022,0.0443,9.8065,0.1191,-0.1995,0.089,225.37,-81.95,92.09,52.83583,-1.655765,16.38,4,295.26,21 / 21,13.104971669058417,-3.9560146608273024,-0.7096181999998795,41.69502339677245,375.7754117983053,2.465759034151619,False,32.5,-16.421803050747975,6.042047069309638,-234.00830313929305,406.3618594229653,17.498055555555556,290.2,-29.52677471980639,9.998061730136941,-275.7033265360655,30.586447624660025
350712.0,-2.0586,-0.3751,9.9568,0.0072,-0.0066,9.8065,0.0674,0.0668,0.0114,225.25,-81.99,92.86,52.83583,-1.655765,16.38,4,295.26,21 / 21,13.258929614903098,-4.2306736346366804,-0.7308981999998723,43.01321846097007,375.36607738353223,2.393733214151656,False,32.599999999999966,-16.34434976907298,5.883683528286451,-235.64073173375522,406.9400730410816,17.371111111118545,289.79800000002353,-29.60327938397608,10.114357162923131,-278.65395019472527,31.573995657549347
350812.0,-2.3869,2.3609,9.8333,-0.0105,-0.0177,9.8066,-0.0586,0.1684,-0.178,225.12,-81.93,91.74,52.83583,-1.655765,16.38,4,295.26,21 / 21,13.353936662420328,-4.556227934440369,-0.7220581999998703,44.34386177483655,374.9267323050783,2.3210853941516523,False,32.69999999999999,-16.286835124408544,5.895752009189729,-237.26644251518854,407.5294061516653,17.3211111111133,289.8999999999955,-29.64077178682887,10.451979943630098,-281.6103042900251,32.60267384658698
350912.0,-3.9376,0.02,9.74,0.023,0.0074,9.8066,0.0352,0.136,-0.1641,224.97,-81.86,91.84,52.83583,-1.655765,16.38,4,295.26,21 / 21,13.501980203449339,-4.961714935283124,-0.7240581999998695,45.68665761812957,374.4508351615923,2.24877957415169,False,32.799999999999955,-16.253100622951273,5.868144522782553,-238.8854354834719,408.118739263664,17.280000000001213,289.85200000000145,-29.75508082640061,10.829859458065677,-284.57209310160147,33.6679041020717
351012.0,-3.0562,1.4884,9.0357,0.0105,-0.0153,9.8066,-0.0322,0.1632,-0.0717,221.62,-81.92,93.06,52.83583,-1.655765,16.38,4,295.26,21 / 21,13.71723957502675,-5.356109840769273,-0.765938199999879,47.047618607053685,373.93494392278956,2.174279754151686,False,32.89999999999998,-16.127871609107476,5.837889651707924,-240.49771063860715,408.696952881823,17.151944444446336,289.8989999999993,-29.845111184134225,11.193999492477197,-287.5453292456608,34.76200895903344
351112.0,-2.5845,-0.7623,10.5518,0.0072,0.0011,9.8066,-0.0861,0.0125,-0.0657,225.68,-81.83,93.3,52.83583,-1.655765,16.38,4,295.26,21 / 21,13.910865885612886,-5.676531411371035,-0.7672281999998792,48.42902388008598,373.3833118601824,2.0976214341516806,False,33.0,-16.02609617125298,5.754903779633253,-242.09655016747115,409.26404700826345,17.028055555555557,289.753,-29.936962056865866,11.431435191004287,-290.52557404755714,35.880735148081044
351212.0,-4.0854,1.3413,8.5919,0.0018,0.0203,9.8066,-0.0068,-0.0757,0.0906,220.36,-81.77,92.54,52.83583,-1.655765,16.38,4,295.26,21 / 21,14.152972197807234,-6.023036793245513,-0.7907081999998711,49.832215784256505,372.79833344995177,2.0197246141517198,False,33.099999999999966,-16.007990092672753,5.665896907011745,-243.69538969621775,409.83114113324757,16.98111111111386,289.49100000001533,-30.160962290479986,11.688933700257259,-293.5276054804742,37.0328076832958
351312.0,-1.3938,0.9702,9.5379,-0.0253,0.0157,9.8065,-0.0737,0.0119,0.0453,225.01,-81.89,91.76,52.83583,-1.655765,16.38,4,295.26,21 / 21,14.293058057314767,-6.387251533685848,-0.8648831999998878,51.25451729701293,372.17781903360503,1.936945044151713,False,33.19999999999999,-15.91040504461802,5.6085569727299305,-245.28079359875773,410.3871157679703,16.870000000004865,289.4180000000032,-30.203463101932787,11.995808506415779,-296.53531089577064,38.20929673436524
351414.0,-4.1267,1.1164,9.4971,0.0009,0.0153,9.8066,-0.0428,-0.141,0.0944,215.96,-81.93,91.07,52.83583,-1.655765,16.38,4,295.26,21 / 21,14.462158192422896,-6.740565684409121,-0.8943764999998807,52.7210333257492,371.50830035548233,1.8472227994517465,False,33.301999999999964,-15.860348633285712,5.553270620322792,-246.89763686684893,410.95420989323617,16.804450000002422,289.2969799999942,-30.322506825708608,12.293836304731911,-299.61867019259813,39.445909537753835
351512.0,-2.9276,-0.6748,10.6566,-0.0149,0.0213,9.8066,0.1057,-0.0654,0.0973,218.87,-82.04,89.16,52.83583,-1.655765,16.38,4,295.26,20 / 21,14.747501424815663,-7.06164999352815,-0.8678968999998771,54.15230664699408,370.8319917872633,1.7608714028517467,False,33.39999999999998,-15.76462530286388,5.580069549256757,-248.4381657776045,411.49906503387734,16.723055555556787,289.49199999999706,-30.512126727679544,12.641719542784907,-302.5904724245986,40.66707324661405
351612.0,-2.1103,1.0617,9.4774,0.0038,0.0074,9.8065,0.0391,-0.2309,0.0974,215.34,-82.17,89.78,52.83583,-1.655765,16.38,4,295.26,20 / 21,14.96031389758255,-7.327142872706097,-0.8418618999998712,55.637697413114324,370.1125521439514,1.67538346285174,False,33.5,-15.67201764023776,5.538673144199254,-250.0034162407103,412.0550396671847,16.621944444444445,289.464,-30.63233153782031,12.86581601690535,-305.6411136538246,41.9424875232333
351712.0,-2.5045,1.5502,9.9349,0.0173,0.0115,9.8066,0.043,0.2208,-0.1145,221.01,-82.28,90.36,52.83583,-1.655765,16.38,4,295.26,20 / 21,15.079814289435417,-7.668031247560365,-0.8519118999998677,57.13970382246471,369.36279343793836,1.5906947728517817,False,33.599999999999966,-15.572412583175543,5.5328396684100145,-251.55523107741763,412.61101429974394,16.52611111111672,289.5599999999944,-30.65222687261096,13.20087091597038,-308.69493489988236,43.24822086180558
351812.0,-2.8427,3.1691,9.8797,0.0054,0.0093,9.8066,-0.012,0.0111,0.0371,221.48,-82.56,90.84,52.83583,-1.655765,16.38,4,295.26,20 / 21,15.140333624273124,-8.118518599277067,-0.8418468999998654,58.650711218150484,368.5734659455963,1.5060068328517757,False,33.69999999999999,-15.513711077435294,5.548603964206888,-253.10032810110357,413.16698893305136,16.476111111113298,289.6799999999948,-30.65404470170842,13.667122563483954,-311.75103931925406,44.59352298745506
351912.0,-5.231,-3.5719,10.4741,0.0158,0.0483,9.8065,-0.1125,0.772,-0.411,220.87,-82.49,90.11,52.83583,-1.655765,16.38,4,295.26,20 / 21,15.471984358456512,-8.464417478260756,-0.804821899999878,60.18132711728644,367.7443191417197,1.4236733928518166,False,33.799999999999955,-15.36249352466468,5.507830126718357,-254.63198949847754,413.71184407393326,16.320000000004615,289.7239999999987,-30.834477883121192,13.972247604979113,-314.813316615764,45.967524932213564
352012.0,1.9154,4.5421,10.8966,-0.0539,-0.0527,9.8063,0.101,0.7086,-0.5388,227.57,-82.72,91.66,52.83583,-1.655765,16.38,4,295.26,20 / 21,15.564672405757623,-8.680516387291368,-0.716951899999858,61.733159955497506,366.8870724484419,1.3475847028518124,False,33.89999999999998,-15.23300755302211,5.5368353580001,-256.15021526956764,414.2678187072402,16.20805555555721,289.9749999999963,-30.79767995877973,14.217351745291467,-317.88337522506515,47.3807462587983
352112.0,-7.5493,-6.2456,8.1682,0.0444,0.0461,9.8064,-0.0401,0.751,-0.4649,221.68,-82.18,92.91,52.83583,-1.655765,16.38,4,295.26,20 / 21,15.831603251118388,-8.878402519903872,-0.7443768999998641,63.30297373834166,366.009126503082,1.2745182628518097,False,34.0,-15.109224717537584,5.3753991060337825,-257.66172322752186,414.8015543549893,16.036944444444444,289.584,-30.940827968655974,14.253801625937655,-320.96469696586354,48.79242785190735
352212.0,-1.3096,-1.4726,9.5956,-0.0943,-0.091,9.8057,-0.1283,0.9995,-0.555,223.02,-82.96,91.49,52.83583,-1.655765,16.38,4,295.26,20 / 21,16.432766323189043,-8.98425725109012,-0.8368518999998326,64.91619221705649,365.1159935145326,1.1954568228518518,False,34.099999999999966,-14.991617004315918,5.445541258320199,-259.1530777459331,415.3464094958311,15.95000000000509,289.96299999997785,-31.424383327504962,14.42979850941032,-324.0692699629896,50.230415981298506
352312.0,-6.1825,-6.854,9.7719,-0.0023,-0.0333,9.8065,0.012,-0.0103,-0.0106,223.37,-82.84,91.77,52.83583,-1.655765,16.38,4,295.26,20 / 21,17.002968518523932,-9.035694217238044,-0.8491418999998354,66.58797895914252,364.214995941116,1.1111571328518492,False,34.19999999999999,-14.85038499623737,5.4006956671378425,-260.63771445127844,415.8801451435805,15.801944444450925,289.98499999999905,-31.853353514761302,14.436389884375886,-327.22569341042094,51.66514920246448
352412.0,-1.2372,-0.1932,9.3068,-0.0603,-0.0867,9.806,-0.0369,0.6314,-0.4074,222.97,-82.59,92.24,52.83583,-1.655765,16.38,4,295.26,20 / 21,17.52695345571796,-9.13138025273358,-0.8758718999998261,68.31447505785403,363.3066422176177,1.0249064428518957,False,34.299999999999955,-14.681631761524253,5.332362405085596,-262.09547990406793,416.4138807920362,15.620000000005378,289.9610000000007,-32.20858521724221,14.463742657819175,-330.4099549619219,53.10723857441849
352512.0,-4.7326,-3.0855,9.6049,-0.0449,-0.0413,9.8064,-0.1096,0.5431,-0.3467,228.35,-82.6,93.62,52.836308,-1.657797,12.37,6,292.69,21 / 21,17.859173742232674,-9.338520791645122,-0.910951899999834,70.08378141775196,362.38314716539855,0.9355652528518924,False,34.39999999999998,-14.464605347890453,5.389686295549164,-263.5398097305462,416.9476164390776,15.436111111113828,290.435999999993,-32.323779090123125,14.728207087194285,-333.62359114829815,54.56446927367904
352612.0,-4.6186,-5.584,9.3663,0.0387,0.0636,9.8063,-0.1324,0.4771,-0.2381,223.0,-82.64,92.09,52.836308,-1.657797,12.37,6,292.69,21 / 21,18.49882595614169,-9.463868106527066,-0.9430568999998411,71.9016814026711,361.44302772048974,0.8428648128518876,False,34.5,-14.379119209228895,5.2222059082009356,-264.9707039307265,417.47023259369354,15.298055555555555,289.96,-32.87794516537058,14.686074014728002,-336.8723853333976,56.0272048732038
352712.0,0.0613,0.8794,9.6349,0.0214,0.0339,9.8065,-0.0197,-0.0643,-0.0152,221.33,-82.6,90.36,52.836308,-1.657797,12.37,6,292.69,21 / 21,18.840586808737946,-9.54535679072995,-0.9736618999998305,73.76865204091445,360.4925664756272,0.7470288728519368,False,34.599999999999966,-14.27319455748713,5.153304000768668,-266.39488031766643,417.9817292572608,15.175000000007206,289.85200000000634,-33.113781366225076,14.698660791498618,-340.1635323585809,57.48916278163358
352812.0,-5.4943,-5.2187,9.3537,0.055,0.0814,9.8061,-0.0467,0.6575,-0.4161,215.71,-82.45,89.15,52.836308,-1.657797,12.37,6,292.69,21 / 21,19.204538395727415,-9.620838594846147,-1.0048968999998376,75.67090830113814,359.5342567063482,0.6481009328519308,False,34.69999999999999,-14.148948480693933,4.980688395282122,-267.80562107842707,418.4821064263185,15.00000000000766,289.39300000002004,-33.35348687642135,14.601526990128269,-343.4765293795652,58.94784971997035
352912.0,1.4227,0.8004,9.7382,0.003,-0.018,9.8066,-0.0772,0.4146,-0.2246,215.47,-82.48,88.61,52.836308,-1.657797,12.37,6,292.69,21 / 21,19.523584418073693,-9.655611774571552,-1.0309668999998285,77.60731444182754,358.5704341878776,0.5463077428519822,False,34.799999999999955,-13.903066894840045,5.0479400569954676,-269.18949058659143,418.98248359679,14.791111111117287,289.9549999999834,-33.426651312913734,14.703551831567019,-346.796805028419,60.412049408912424
353012.0,-4.1186,-4.7237,9.6423,0.0351,0.0389,9.8065,-0.0606,0.3065,-0.1915,220.43,-82.31,89.25,52.836308,-1.657797,12.37,6,292.69,21 / 21,19.773235677065873,-9.696531087577332,-1.042606899999831,79.57215544658497,357.6028270447699,0.4426290528519757,False,34.89999999999998,-13.757829002510572,5.083443761285497,-270.55992446845795,419.4939802589798,14.66694444444628,290.2789999999952,-33.531064679576446,14.779974848862828,-350.13207991504294,61.89115321420985
353111.0,1.2913,0.1676,10.3871,-0.0365,-0.042,9.8064,-0.0038,0.5494,-0.3282,225.33,-82.41,89.54,52.836308,-1.657797,12.37,6,292.69,21 / 21,20.041668456394355,-9.707442224928547,-1.0220099499998332,81.54299320119105,356.642330365801,0.3404305187770031,False,34.99899999999997,-13.565948862891483,5.029066439064631,-271.8967021064661,419.98935365704654,14.46811944444454,290.34038,-33.607617319285836,14.736508663993177,-353.43969530765713,63.347023291245534
353212.0,-0.9879,1.3691,10.4094,0.0035,-0.0115,9.8066,-0.006,-0.064,-0.0155,220.38,-82.13,89.95,52.836308,-1.657797,12.37,6,292.69,21 / 21,19.99575477213317,-9.850251876446595,-0.9622583499998336,83.56488307423167,355.65466681368156,0.24022496962702083,False,35.099999999999966,-13.353268011418239,5.063631896518971,-273.240331913779,420.4947345991794,14.281111111121943,290.76699999997504,-33.34902278355141,14.913883772965566,-356.8052149880107,64.84006778549787
353311.0,-2.7702,-4.4688,9.0159,-0.0228,-0.0548,9.8064,0.0144,0.4017,-0.1468,226.06,-82.19,91.97,52.836308,-1.657797,12.37,6,292.69,21 / 21,20.255404188874994,-9.97515116065877,-0.9715643499998325,85.55731544280137,354.67330936334497,0.14450074597704748,False,35.198999999999955,-13.235927922511241,4.987512006361414,-274.5505070117439,420.99010799724607,14.14443611111722,290.6472100000054,-33.491332111386235,14.962663167020185,-360.10782245454527,66.3167986339011
353412.0,0.9134,-1.084,9.2608,-0.0559,-0.0675,9.8062,0.1645,-0.3264,0.2028,220.76,-82.31,92.62,52.836308,-1.657797,12.37,6,292.69,21 / 21,20.527565492992156,-9.946059964586482,-1.0390626499998319,87.61685541173564,353.6672882015201,0.04296408247706533,False,35.299999999999955,-13.004185328639966,4.928921557444724,-275.85356122774897,421.48436944628287,13.906944444451423,290.7579999999967,-33.53175082163212,14.874981522031206,-363.4704166394846,67.81708124476279
353511.0,-5.1814,-4.6249,10.6697,-0.0145,-0.065,9.8063,0.0553,0.2448,-0.1184,216.5,-81.99,92.9,52.836308,-1.657797,12.37,6,292.69,20 / 21,20.890250555527615,-9.939570225272732,-1.0233612499998244,89.66703730613833,352.6829495071216,-0.059125900572965476,False,35.399,-12.809652220505964,4.891922316024531,-277.12383251559635,421.95772624794677,13.711969444447337,290.9015499999979,-33.69990277603358,14.831492541297262,-366.79086982173465,69.27477674082519
353612.0,1.2809,2.7103,9.6994,-0.0244,-0.0788,9.8063,0.135,-0.5278,0.3393,219.06,-82.41,95.65,52.836308,-1.657797,12.37,6,292.69,20 / 21,21.12443397320256,-10.069782996156734,-0.9851933499998246,91.78877887483918,351.6724771694394,-0.16055790787294683,False,35.5,-12.665219925905,4.935925806257495,-278.39289459710665,422.4628848009604,13.593055555555555,291.29200000000003,-33.78965389910756,15.00570880241423,-370.1816734719458,70.79040763152102
353712.0,-1.4437,-1.3848,10.4121,-0.0424,-0.0213,9.8065,0.1171,-0.0561,-0.0276,229.12,-82.45,95.7,52.836308,-1.657797,12.37,6,292.69,20 / 21,21.09938827174128,-10.241151390731376,-0.9602833499998329,93.89996998708565,350.65693045009533,-0.2578317428728965,False,35.599999999999966,-12.464374543862712,4.803854229260425,-279.63569002910486,422.94102298513116,13.358055555569315,291.07700000001256,-33.563762815603994,15.045005619991802,-373.5356600161905,72.28409253503582
353812.0,0.5732,2.125,9.5087,-0.0519,-0.0642,9.8063,0.0293,-0.5386,0.2484,229.76,-82.53,96.36,52.836308,-1.657797,12.37,6,292.69,20 / 21,21.100738909752334,-10.395340491608628,-0.9449083499998293,96.00997634616081,349.6251058559781,-0.35309132787290126,False,35.69999999999999,-12.254474072049968,4.700371285092573,-280.8583320217486,423.4080416776192,13.1250000000102,290.98500000000405,-33.3552129818023,15.0957117767012,-376.86830836790944,73.7829358216411
353912.0,-1.5236,-4.1954,9.0107,-0.0252,0.033,9.8065,0.0225,-0.3404,0.1952,228.78,-82.4,95.45,52.836308,-1.657797,12.37,6,292.69,20 / 21,21.210771046840673,-10.459334300056355,-0.9996033499998106,98.12555184398974,348.5823721163952,-0.4503169128728501,False,35.799999999999955,-12.120380461262352,4.686832883125835,-282.0675383881197,423.8750603693991,12.995000000003841,291.1409999999954,-33.33115150810303,15.14616718318219,-380.19309023210945,75.29268825300386
354012.0,-0.1849,1.2359,9.9617,-0.0543,-0.0245,9.8064,0.0204,-0.2552,0.1595,226.95,-82.57,92.56,52.836308,-1.657797,12.37,6,292.69,20 / 21,21.383982471285908,-10.525429132816129,-1.0316483499998177,100.25528951989655,347.53313394475134,-0.5518794978728546,False,35.89999999999998,-11.894608822271636,4.7389715808624695,-283.24987350189605,424.3420790611793,12.803888888891713,291.72299999999143,-33.27859129355754,15.264400713678597,-383.5051630217926,76.80894511642794
354111.0,-2.8437,-2.6656,8.8142,0.0242,0.0266,9.8065,0.0303,-0.3438,0.198,226.44,-82.22,92.47,52.836308,-1.657797,12.37,6,292.69,20 / 21,21.54415718608462,-10.681967326608348,-1.0730996499998133,102.38023243293617,346.48336782000996,-0.6560645238728253,False,35.99899999999997,-11.68008608814387,4.739531524497898,-284.400433359468,424.81543586424294,12.605063888888985,292.0863299999998,-33.22424327422849,15.421498851106247,-386.7806657924042,78.33206804423298
354212.0,-1.0955,-1.7422,10.707,-0.0107,0.0005,9.8065,-0.0505,-0.0812,0.106,217.48,-82.34,93.01,52.836308,-1.657797,12.37,6,292.69,20 / 21,21.852345101118015,-10.754940247229433,-1.0777506999998132,104.57175579843988,345.40080398753116,-0.7646824665478055,False,36.099999999999966,-11.569613171301045,4.54107146817305,-285.56751903731987,425.2649969522811,12.428888888899086,291.43000000003866,-33.42195827241906,15.296011715402482,-390.13927483575975,79.86419296474992
354312.0,-0.9958,-3.2189,9.6102,0.0057,0.0416,9.8065,0.0449,-0.2369,0.0897,226.15,-82.12,92.52,52.836308,-1.657797,12.37,6,292.69,20 / 21,22.113725709610158,-10.740391882219214,-1.0425556999998051,106.7700593389768,344.3260373810585,-0.8706977865478105,False,36.19999999999999,-11.464557258493146,4.591995956750954,-286.70954727221573,425.7208961509276,12.350000000003453,291.8279999999826,-33.5782829681033,15.332387838970167,-393.47960661119254,81.39485876986913
354412.0,-0.5794,-0.2698,10.1276,-0.0178,0.0176,9.8065,-0.0575,-0.0103,0.0038,230.3,-82.09,92.02,52.836308,-1.657797,12.37,6,292.69,20 / 21,22.296624297003028,-10.776526665881406,-1.0363306999998072,108.9905768393067,343.2501914536538,-0.9746421065477556,False,36.299999999999955,-11.367190794728812,4.5824920080892415,-287.8448576939482,426.17679535098915,12.256111111113885,291.9559999999962,-33.66381509173184,15.359018673970647,-396.8354345332549,82.92660389733533
354512.0,0.3302,0.4928,9.1243,0.0385,0.0251,9.8065,0.0362,-0.1969,0.1188,225.77,-82.05,92.25,52.836308,-1.657797,12.37,6,292.69,20 / 22,22.300115878345352,-10.893586323004614,-1.0544006999998112,111.22041384807463,342.1666858042093,-1.0791786765477602,False,36.39999999999998,-11.351856505452034,4.5744677410820715,-288.980168115721,426.63269454963626,12.238888888889143,291.9480000000001,-33.651972383797386,15.468054064086687,-400.2005819637957,84.46600874542696
354612.0,-1.2689,0.8667,9.8265,-0.0008,0.0298,9.8066,-0.0579,0.2279,-0.055,225.34,-81.81,92.79,52.836308,-1.657797,12.37,6,292.69,20 / 22,22.292739261004556,-11.07238177647039,-1.0875256999998189,113.45005660504263,341.0683873992353,-1.1862749965477661,False,36.5,-11.303416403689795,4.698678414125018,-290.108760724305,427.1108327345491,12.241111111111111,292.572,-33.59615566469435,15.771060190595408,-403.5588173293476,86.0424453353138
354712.0,1.7106,0.4068,11.118,0.0007,-0.0039,9.8066,0.0679,0.0205,-0.0919,226.06,-81.88,93.7,52.836308,-1.657797,12.37,6,292.69,20 / 22,22.240291130579276,-11.198365454557607,-1.0209656999998415,115.67670812462106,339.95485003768425,-1.2916995665477131,False,36.599999999999966,-11.332304248627292,4.649103077893428,-291.2373533328194,427.56673193387013,12.248888888888432,292.30600000001556,-33.57259537920657,15.847468532451035,-406.9140614574404,87.61188189618588
354812.0,-4.3702,-3.0269,8.7121,0.0552,0.036,9.8063,0.0503,0.5574,-0.3744,226.0,-81.74,94.34,52.836308,-1.657797,12.37,6,292.69,20 / 22,22.434165998206684,-11.300856169258125,-1.010125699999839,117.91043098106087,338.8298889564932,-1.3932541365477202,False,36.69999999999999,-11.311429023727177,4.718456634226457,-292.36594594142997,428.04487011807464,12.256111111110794,292.64299999998525,-33.74559502193386,16.01931280348458,-410.27637692249084,89.21498116158142
354912.0,-0.7971,2.9543,10.0542,-0.0168,-0.0407,9.8065,-0.0356,0.4817,-0.2917,228.02,-82.22,95.2,52.836308,-1.657797,12.37,6,292.69,20 / 22,22.617209842946895,-11.579343645968759,-1.0524756999998244,120.16299977311778,337.6858789657323,-1.4963842065476682,False,36.799999999999955,-11.29770834446597,4.789775993155368,-293.49453855002645,428.5230083029875,12.271111111110667,292.9749999999902,-33.914918187412866,16.36911963912413,-413.6575383231442,90.83712933725519
355012.0,-1.8912,-6.4859,8.5058,0.0562,0.0317,9.8064,0.0819,0.3887,-0.3052,221.48,-81.91,95.27,52.836308,-1.657797,12.37,6,292.69,20 / 22,22.82908481829556,-11.625017820195852,-1.1051406999998363,122.43531450618042,336.5256608924238,-1.6042650265476759,False,36.89999999999998,-11.2759464426413,4.842897094737357,-294.6231311586103,429.01226598032594,12.271944444444433,293.242999999996,-34.10503126093686,16.46791491493321,-417.0584456647907,92.48660508790215
355113.0,-2.5538,-1.1135,10.8262,0.0023,-0.0479,9.8065,0.0015,0.5097,-0.3401,228.49,-82.08,96.82,52.836308,-1.657797,12.37,6,292.69,20 / 22,23.254235350427567,-11.600756846322533,-1.1193463499998362,124.76252217470092,335.3527592717646,-1.7166016225726584,False,37.000999999999976,-11.224837904420074,4.797898427875133,-295.7495740670214,429.4841772488793,12.20724444444442,293.14359999999994,-34.47907325484764,16.398655274197665,-420.5120962417223,94.13141797711467
355211.0,-4.1107,-3.3917,9.6171,0.0326,-0.0099,9.8065,0.0768,0.0809,-0.0245,221.69,-81.79,98.03,52.836308,-1.657797,12.37,6,292.69,20 / 22,23.647603120075047,-11.763823252669011,-1.0786763499998306,127.06071225975586,334.20789484691386,-1.8243047348726567,False,37.09899999999999,-11.246930227707045,4.8209984537534725,-296.85559482336606,429.96364977263636,12.236644444442712,293.2023999999965,-34.894533347782094,16.584821706422485,-423.9163070831219,95.7557549257225
355312.0,0.5735,-1.0631,10.1494,-0.0349,-0.0603,9.8063,0.0709,0.3359,-0.2429,220.47,-82.02,100.43,52.836308,-1.657797,12.37,6,292.69,20 / 22,23.94514333099662,-11.812237810023614,-1.0709397499998305,129.46414595553495,333.01730376324787,-1.9328603479226385,False,37.19999999999999,-11.205750513101448,4.729807172151518,-297.98203773175095,430.4355610411907,12.16305555555879,292.884000000014,-35.150893844098064,16.54204498217513,-427.4461836872859,97.41825727794281
355412.0,1.3281,-0.1447,10.0314,-0.0049,-0.0353,9.8065,0.0416,-0.1621,0.0707,224.74,-81.92,101.94,52.836308,-1.657797,12.37,6,292.69,20 / 22,23.928793870479087,-11.798548745432592,-1.0425647499998403,131.8578428156079,331.83676443547546,-2.038535572922586,False,37.299999999999955,-11.23120166494714,4.825305040009977,-299.10391252721166,430.91369922610306,12.22388888888709,293.2499999999892,-35.159995535426226,16.62385378544257,-430.9617553428196,99.0769347906276
355512.0,-0.634,-3.0818,10.0786,-0.026,-0.0232,9.8066,-0.0511,0.1154,-0.0523,230.42,-81.9,101.23,52.836308,-1.657797,12.37,6,292.69,19 / 20,24.030234642290377,-11.770873873199257,-1.0177297499998346,134.25579424124692,330.6582933045436,-2.141550297922593,False,37.39999999999998,-11.210841742890654,4.722737809351844,-300.2257873226732,431.3807179178836,12.16500000000087,292.844000000006,-35.24107638518103,16.4936116825511,-434.48158156392014,100.72242461334002
355612.0,-0.4805,-0.3198,10.1184,-0.0295,-0.0128,9.8065,-0.0197,0.2217,-0.1311,226.82,-82.16,100.8,52.836308,-1.657797,12.37,6,292.69,19 / 20,24.20007434569067,-11.801795981010473,-0.9885447499998279,136.6673096906465,329.47965981183285,-2.241864022922599,False,37.5,-11.31140559901622,4.744426747739705,-301.3610977444058,431.8588561020892,12.266111111111112,292.755,-35.51147994470689,16.546222728750177,-438.0284074350523,102.37919629025635
355712.0,-2.0406,-2.2987,9.0683,-0.0058,0.0049,9.8066,-0.0258,-0.0897,-0.016,230.28,-82.13,99.57,52.836308,-1.657797,12.37,6,292.69,19 / 20,24.384679704556127,-11.911496643227519,-1.0098747499998206,139.096547393158,328.2939951806213,-2.3417849979225474,False,37.599999999999966,-11.248953809854008,4.82479410791878,-302.48297253977177,432.3369942869673,12.240000000001528,293.21499999997303,-35.633633514410135,16.7362907511463,-441.57951993292977,104.04299910634597
355812.0,0.1512,-1.2746,9.6482,-0.0309,0.0095,9.8065,-0.0505,-0.0715,0.0466,229.11,-82.11,97.7,52.836308,-1.657797,12.37,6,292.69,19 / 20,24.58245354651397,-11.967264568749814,-1.0547147499998308,141.54490405571207,327.1000571200222,-2.4450144729225536,False,37.69999999999999,-11.28073519301008,4.8802075622669765,-303.60484733522003,432.82625196359805,12.291111111108876,293.39399999999216,-35.86318873952405,16.84747213101679,-445.1497513909321,105.72619484357585
355912.0,-1.1916,-1.9035,9.4577,0.0065,0.0129,9.8066,-0.0951,-0.1199,0.087,222.12,-82.06,95.59,52.836308,-1.657797,12.37,6,292.69,19 / 20,24.741614691442813,-11.986872742865058,-1.080084749999822,144.01110746760907,325.90235025444184,-2.5517544479225,False,37.799999999999955,-11.284004667776882,4.836796827402936,-304.73343994382964,433.31550964093657,12.276944444444863,293.2020000000057,-36.0256193592197,16.823669570267995,-448.7445474114387,107.41315938649473
356012.0,-2.0069,-0.7858,9.407,-0.0028,0.0005,9.8066,0.0045,0.0029,0.0467,221.79,-82.21,93.97,52.836308,-1.657797,12.37,6,292.69,19 / 20,24.96479169529111,-12.090966422055905,-1.1175147499998306,146.49642778694633,324.6984582961955,-2.6616344229225075,False,37.89999999999998,-11.331361742415563,4.95879556023095,-305.8620325524402,433.8047673182753,12.368888888887529,293.63499999999357,-36.29615343770668,17.049761982286853,-452.3584603393865,109.10630902207981
356112.0,-2.1554,-1.6246,8.8385,0.0302,-0.0155,9.8065,-0.0766,-0.1075,0.1034,227.33,-82.33,93.38,52.836308,-1.657797,12.37,6,292.69,19 / 20,25.208271365475145,-12.25030935729831,-1.185904749999846,149.00508093998522,323.4813945072275,-2.7768053979225176,False,38.0,-11.275903941628178,4.968330221628732,-306.990625161024,434.30514448803956,12.321944444444444,293.779,-36.48417530710332,17.218639578927043,-455.9957061010092,110.82374998081207
356212.0,-0.4177,-2.3248,10.4365,-0.0071,0.0052,9.8066,-0.0796,0.0889,0.0295,228.04,-82.38,94.29,52.836308,-1.657797,12.37,6,292.69,19 / 20,25.445823934105842,-12.310384362099333,-1.2028197499998403,151.5377857049634,322.253359821258,-2.896241622922461,False,38.099999999999966,-11.330842685454826,4.912688066367938,-308.12593558270027,434.7944021653425,12.349999999998357,293.44000000001984,-36.77666661956067,17.22307242846727,-459.66372128766363,112.54104234408447
356312.0,-0.6221,-0.9844,9.8234,-0.0014,-0.0119,9.8066,-0.0425,0.1407,-0.0628,219.12,-82.61,94.7,52.836308,-1.657797,12.37,6,292.69,19 / 20,25.61276950698024,-12.326855755320308,-1.1704897499998328,154.09071537701828,321.02149781538674,-3.0149070979224715,False,38.19999999999999,-11.304164541586568,5.0012930246046485,-309.24781037814927,435.2947793358136,12.361111111110624,293.86599999998134,-36.91693404856681,17.328148779924955,-463.33852575516755,114.27328152042685
356412.0,-0.0486,-1.2506,9.4431,-0.0103,0.0008,9.8066,-0.0314,-0.0725,0.0421,229.02,-82.68,94.27,52.836308,-1.657797,12.37,6,292.69,19 / 20,25.72727432596679,-12.36636893417802,-1.187829749999827,156.65771756866476,319.7868365809122,-3.132823072922414,False,38.299999999999955,-11.383866409002854,5.028479947450796,-310.38983861304285,435.7951565048704,12.44499999999752,293.832000000001,-37.111140734969645,17.394848881628818,-467.0475561817076,116.0083199239582
356512.0,0.1026,-0.6022,9.5881,0.0144,-0.0012,9.8066,-0.0888,0.0863,0.069,219.34,-82.81,94.07,52.836308,-1.657797,12.37,6,292.69,17 / 18,25.80152668551855,-12.397939667105778,-1.2169347499998335,159.23415761923962,318.54862115084774,-3.2530612979224243,False,38.39999999999998,-11.352381496046359,5.071984549410896,-311.5251490347892,436.3066531677675,12.433888888889053,294.07399999999643,-37.15390818156491,17.469924216516674,-470.7593066540288,117.75803201691974
356612.0,-0.8978,-1.3378,10.6115,0.0052,0.0119,9.8066,-0.1211,0.0984,0.0599,223.18,-82.92,93.35,52.836308,-1.657797,12.37,6,292.69,17 / 18,25.910473958110057,-12.450262680440536,-1.187619749999827,161.81975765142164,317.30621103347016,-3.373289022922435,False,38.5,-11.408580732887662,5.03440022854604,-312.66045945653536,436.8070303375321,12.47,293.811,-37.31905469099772,17.484662908986575,-474.480217107957,119.50081930406196
356712.0,-0.0569,-0.4129,11.0591,-0.0251,-0.0189,9.8065,0.053,0.146,-0.1053,219.66,-82.92,94.08,52.836308,-1.657797,12.37,6,292.69,17 / 18,26.019398517288337,-12.515098131863128,-1.084754749999862,164.41625127519066,316.05794299285543,-3.4869077479223805,False,38.599999999999966,-11.365978998751908,5.06878154983689,-313.79576987819826,437.3074075065525,12.445000000001464,294.0349999999869,-37.38537751604024,17.58387968170002,-478.21202115338895,121.24946451369709
356812.0,-1.0245,-1.7404,8.7956,-0.0164,0.0054,9.8066,0.0751,0.0664,-0.0736,225.52,-83.02,94.33,52.836308,-1.657797,12.37,6,292.69,17 / 18,26.145802154387862,-12.573775530878867,-1.072684749999859,167.02451130877506,314.80349930971806,-3.5947797229223912,False,38.69999999999999,-11.45228163815934,5.081171328572758,-314.93779811306626,437.8189041701566,12.528888888885216,293.92600000000476,-37.5980837925472,17.654946859451627,-481.9623094218413,123.01540486043854
356912.0,0.0194,-1.7579,10.3027,-0.0178,-0.0178,9.8066,-0.0088,0.1251,-0.0479,220.65,-83.19,94.41,52.836308,-1.657797,12.37,6,292.69,17 / 18,26.312526300767324,-12.579361085668111,-1.0984347499998501,169.64742773153193,313.54584247889113,-3.7033356979223395,False,38.799999999999955,-11.509598930367032,4.978024955952452,-316.0932619742847,438.30816184820344,12.53999999999967,293.38900000001587,-37.82212523113436,17.557386041620564,-485.74068970581664,124.76231936931231
357012.0,0.2597,-1.953,10.0849,-0.0117,-0.0039,9.8066,-0.0657,0.043,-0.0012,225.45,-83.27,93.89,52.836308,-1.657797,12.37,6,292.69,17 / 18,26.441810318454667,-12.53160618107557,-1.0597197499998414,172.28514456249363,312.29029411555365,-3.811243422922349,False,38.89999999999998,-11.524157403144285,5.1164318777713245,-317.24200802232895,438.81965851039286,12.608888888887872,293.93999999999187,-37.96596772159895,17.648038058846893,-489.5271525848226,126.5293643948392
357112.0,1.0883,-1.8382,10.7155,-0.04,-0.0052,9.8065,0.0739,0.0293,-0.1167,219.4,-83.42,91.98,52.836308,-1.657797,12.37,6,292.69,17 / 18,26.531916011336516,-12.445418599255902,-1.0003647499998278,174.9338308789838,311.0414428765368,-3.914247647922356,False,39.0,-11.641811652996234,5.095380009307208,-318.40418969665734,439.33115517329026,12.708055555555555,293.638,-38.17372766433275,17.540798608563108,-493.33802057564117,128.28971229675346
357212.0,-0.8137,-0.9433,8.6068,-0.0007,0.0088,9.8066,0.11,-0.0066,-0.0199,219.77,-83.38,91.94,52.836308,-1.657797,12.37,6,292.69,17 / 18,26.62780638227608,-12.426117645769384,-1.0149147499998228,177.59181699866352,309.7978660642859,-4.015011622922304,False,39.099999999999966,-11.685774210096984,5.240277388990923,-319.5730891840492,439.853771328575,12.806944444438654,294.1529999999699,-38.313580592373064,17.666395034760306,-497.1649061827127,130.0559052642891
357312.0,-0.4504,-1.525,10.4865,0.0154,0.0149,9.8065,-0.0669,0.0489,0.0177,219.82,-83.61,90.84,52.836308,-1.657797,12.37,6,292.69,17 / 18,26.773178824645992,-12.468300623889288,-1.0409147499998286,180.26186625901022,308.5531451508027,-4.117803097922311,False,39.19999999999999,-11.6102870193319,5.220549332093219,-320.73527085837827,440.37638748319074,12.730000000003368,294.21099999999745,-38.38346584397789,17.688849955982505,-500.9971371173885,131.82324233238802
357412.0,-1.6315,-1.6483,9.8965,-0.0019,-0.0181,9.8066,0.038,-0.0006,0.036,219.24,-83.56,90.11,52.836308,-1.657797,12.37,6,292.69,17 / 18,26.972867719650985,-12.508395641419376,-1.0024297499998416,182.94916858622415,307.3043103375377,-4.21997032292226,False,39.299999999999955,-11.800289997805457,5.134340970577823,-321.9176059721655,440.8767646536632,12.868888888884785,293.5140000000206,-38.77315771745644,17.6427366119972,-504.8667745583897,133.57245431612552
357513.0,0.0146,-1.5688,10.3923,-0.0116,-0.0148,9.8066,-0.015,0.0443,-0.0736,218.37,-83.53,89.67,52.836308,-1.657797,12.37,6,292.69,20 / 21,27.157597255635082,-12.530662650849784,-0.9683169999998418,185.68275706747608,306.0398378937781,-4.319493033797243,False,39.400999999999954,-11.808481645228612,5.378436001916319,-323.1051138020475,441.43796544782225,12.975669444443449,294.487980000009,-38.96607890086369,17.909098652766104,-508.7878708695236,135.39812755404415
357612.0,-0.0946,-0.8148,10.4209,0.0142,-0.0068,9.8065,-0.0314,0.0527,0.0381,218.18,-83.47,89.62,52.836308,-1.657797,12.37,6,292.69,20 / 21,27.254001390083634,-12.535605626250762,-0.9089219499998139,188.37613120044043,304.79905761406104,-4.412416361822269,False,39.5,-11.924386938460403,5.282169159904885,-324.28227619968976,441.9553554422925,13.041944444444445,293.892,-39.17838832854404,17.817774786155645,-512.6584074001302,137.15629782823146
357711.0,1.9067,-1.949,10.8268,-0.0028,-0.0306,9.8065,-0.0094,0.0974,-0.1173,224.85,-83.51,91.01,52.836308,-1.657797,12.37,6,292.69,20 / 21,27.298464429021852,-12.467745423347308,-0.8280191499998224,191.07647825848585,303.5613917371061,-4.498394946272242,False,39.59899999999999,-12.021837494486551,5.331053609215226,-325.47273986727964,442.4837537328248,13.150844444438095,293.91476999999867,-39.3203019235084,17.798799032562535,-516.5492181257655,138.92236199571875
357812.0,-0.0752,-0.4073,8.4184,-0.0205,0.0257,9.8065,0.098,-0.1406,-0.0148,223.81,-83.36,90.06,52.836308,-1.657797,12.37,6,292.69,20 / 21,27.3268087016662,-12.416474580024278,-0.8466081999998222,193.83505455158556,302.30473862693583,-4.582963627447223,False,39.69999999999999,-12.0422369668583,5.384230788113113,-326.6872533060195,443.0228267370435,13.191111111109397,294.0899999999923,-39.3690456685245,17.800705368137393,-520.522307857605,140.71808811010766
357912.0,-0.4636,-2.7193,9.5791,-0.0091,0.0191,9.8066,-0.0328,0.0836,-0.0087,218.81,-83.39,90.2,52.836308,-1.657797,12.37,6,292.69,20 / 21,27.462127773868282,-12.40985764547472,-0.9273981999997946,196.57450137536134,301.06342201566133,-4.671663947447174,False,39.799999999999955,-12.181713929489074,5.5102400800646025,-327.9031774855252,443.57880137034954,13.369999999994711,294.33899999999267,-39.64384170335735,17.92009772553932,-524.4776788608865,142.5153793546882
358012.0,-0.0738,-1.3981,9.3034,-0.0061,-0.0205,9.8066,-0.0054,-0.0893,-0.0585,222.82,-83.25,89.01,52.836308,-1.657797,12.37,6,292.69,20 / 21,27.631698260412815,-12.366464936353458,-0.9639381999998028,199.329192677076,299.82460588656966,-4.766230767447175,False,39.89999999999998,-12.298557791416604,5.452538861119369,-329.1325372913296,444.12365651052426,13.453055555554327,293.9100000000064,-39.93025605182942,17.819003797472828,-528.4617299684056,144.2990506239546
358112.0,-1.336,-2.3957,9.4158,0.0189,0.0194,9.8066,0.016,-0.1368,0.1675,217.05,-82.96,89.21,52.836308,-1.657797,12.37,6,292.69,20 / 21,27.824950350363384,-12.358816836377702,-1.008643199999813,202.10202510761545,298.5883417979328,-4.864859837447178,False,40.0,-12.253878064270769,5.5764089948603095,-330.3484614708234,444.6907506369643,13.463055555555554,294.469,-40.07882841463415,17.93522583123801,-532.4504865784388,146.1024088390315
358212.0,0.9811,-0.7149,10.0142,0.0029,-0.01,9.8066,0.0636,-0.0986,0.1755,222.64,-83.11,90.01,52.836308,-1.657797,12.37,6,292.69,20 / 21,27.9562617446191,-12.340391048463502,-1.0178081999998096,204.89108571236363,297.3533814036912,-4.966182407447125,False,40.099999999999966,-12.575737697492244,5.359078406175344,-331.6248459685505,445.19112780669207,13.669999999987883,293.0810000000813,-40.53199944211134,17.699469454638844,-536.5159316809142,147.8377464030009
358312.0,-4.4672,-5.6247,9.243,0.0269,-0.0219,9.8065,-0.0338,-0.6742,0.2377,227.43,-82.67,91.69,52.836308,-1.657797,12.37,6,292.69,20 / 21,28.31150964072604,-12.352796533747918,-1.0356131999998135,207.70447428163152,296.11872202458034,-5.06885347744713,False,40.19999999999999,-12.389116827110865,5.753727856286048,-332.85420577435804,445.79158041111083,13.660000000000437,294.9109999999199,-40.700626467836905,18.106524390033968,-540.5586800559895,149.6728583865305
358412.0,0.8484,0.6066,8.5326,-0.0112,0.0405,9.8065,0.0009,0.3694,0.0233,221.87,-82.91,88.65,52.836308,-1.657797,12.37,6,292.69,20 / 21,28.62745154455628,-12.418907238339829,-1.127498199999782,210.55142234089467,294.8801368359764,-5.177009047447073,False,40.299999999999955,-12.622399992153863,5.548467756151588,-334.11715464589213,446.33643555058,13.78805555555177,293.729000000035,-41.24985153671014,17.967374994491415,-544.6685769867868,151.45629871460363
358513.0,1.1731,4.2606,7.5639,-0.0067,0.0573,9.8064,0.0004,-0.1652,0.0042,216.86,-83.11,88.17,52.836308,-1.657797,12.37,6,292.69,17 / 20,28.41733071726544,-12.647022833694251,-1.3050965999997803,213.43218384511664,293.61430736733865,-5.299855084847049,False,40.400999999999954,-12.662141874622712,5.780127718190791,-335.392867362406,446.9203201114097,13.919044444442973,294.5362000000057,-41.07947259188815,18.427150551885042,-548.8250512075226,153.30601274407104
358612.0,-2.4302,-1.4103,9.0791,0.0255,0.0606,9.8063,0.03,0.5607,-0.3334,215.11,-82.93,85.87,52.836308,-1.657797,12.37,6,292.69,17 / 20,28.406853034907463,-12.88720357707372,-1.4521264499998492,216.24498094085052,292.35036316000503,-5.436337625822095,False,40.5,-12.789145251933853,5.736941282911985,-336.65648801523565,447.4817432958855,14.016944444444446,294.16,-41.195998286841316,18.624144859985705,-552.9014689560862,155.13138013588048
358712.0,1.8022,2.1546,11.5318,0.006,-0.0135,9.8066,-0.0697,0.437,-0.1041,221.25,-83.28,86.51,52.836308,-1.657797,12.37,6,292.69,17 / 20,28.42851967247883,-13.016860857826153,-1.4022464499998661,219.08674957621886,291.0551599382605,-5.579056270822032,False,40.599999999999966,-12.789843371108725,5.887809995439827,-337.93287251296283,448.0821958995588,14.079999999996309,294.71899999996725,-41.21836304358756,18.90467085326598,-557.0196220891817,157.02703596129834
358812.0,-1.2461,-2.4348,10.7829,0.0276,-0.0122,9.8065,-0.1262,0.2472,-0.1873,216.61,-83.38,86.5,52.836308,-1.657797,12.37,6,292.69,17 / 20,28.431598251568,-13.074070066684097,-1.2671764499998353,221.92975547242185,289.75061339203467,-5.712527415822048,False,40.69999999999999,-12.971815515908276,5.877180267785948,-339.229410450216,448.6715290101438,14.24111111110406,294.37400000001514,-41.40341376747628,18.951250334470046,-561.1591659226378,158.92091561810912
358912.0,-0.136,-0.6165,10.7134,-0.0293,-0.0386,9.8065,-0.052,0.3264,0.028,217.99,-83.58,87.9,52.836308,-1.657797,12.37,6,292.69,17 / 20,28.600534024453754,-13.08907422595714,-1.1730264499998673,224.78136208622198,288.4424561774031,-5.834537560821991,False,40.799999999999955,-12.923708126855077,5.946427969592456,-340.5192305743342,449.2608621221425,14.226111111111555,294.70799999999014,-41.52424215130883,19.035502195549597,-565.3005926605562,160.81840594473942
359012.0,-0.5367,1.2251,9.0474,-0.0053,-0.0243,9.8066,0.2531,-0.405,0.0344,219.03,-83.56,89.77,52.836308,-1.657797,12.37,6,292.69,17 / 20,28.62710248661009,-13.229572815661026,-1.1656514499998656,227.64274391177582,287.12652382532184,-5.951471455822004,False,40.89999999999998,-13.119867572455089,6.150542649321947,-341.8292041378991,449.8835537107101,14.4899999999961,295.116999999994,-41.74697005906518,19.38011546498297,-569.4719480496749,162.75702988538825
359112.0,-1.3871,-4.8272,11.1773,0.012,-0.0115,9.8066,0.0649,-0.1404,0.2021,224.43,-83.4,90.83,52.836308,-1.657797,12.37,6,292.69,17 / 20,28.842379720716604,-13.267239810649796,-1.1350814499998585,230.51621802214282,285.801683194006,-6.066508100822016,False,41.0,-13.149713447999874,5.886007514504204,-343.13917770143803,450.4617673295768,14.406944444444445,294.11400000000003,-41.99209316871648,19.153247325154,-573.6553957235808,164.6600841355708
359212.0,-2.8977,-3.3713,9.2086,-0.0039,-0.0462,9.8065,0.0059,-0.0518,-0.1058,220.29,-83.52,93.0,52.836308,-1.657797,12.37,6,292.69,17 / 20,29.293843108085248,-13.205735087733297,-1.0964514499998717,233.42302916358193,284.47803444908726,-6.178084745821964,False,41.099999999999966,-13.21211342859052,6.12557310494187,-344.45586907804267,451.08445891880706,14.563055555546416,294.8739999999555,-42.50595653667577,19.331308192675166,-577.8788982416246,166.6064244697198
359312.0,-0.1833,-0.0971,10.1994,0.0278,0.0566,9.8064,0.1209,-0.3563,0.1222,225.22,-83.05,92.83,52.836308,-1.657797,12.37,6,292.69,17 / 20,29.53604668158227,-13.271185536900067,-1.1067164499998738,236.364523653066,283.15418841785527,-6.288243140821977,False,41.19999999999999,-13.270639668328597,6.198637297980724,-345.77927826789244,451.70715050808303,14.646944444440772,295.0369999999929,-42.80668634991087,19.46982283488079,-582.1438019209584,168.55296209022777
359412.0,-3.5559,-3.6464,8.0862,0.0486,0.0552,9.8063,0.1363,0.4541,-0.2857,228.68,-83.02,92.85,52.836308,-1.657797,12.37,6,292.69,17 / 20,29.80590539439491,-13.385394600063096,-1.173101449999851,239.33162125686383,281.82135941100756,-6.402234035821924,False,41.299999999999955,-13.356510759615533,6.110858886549813,-347.1161230840391,452.31872260422614,14.68805555555434,294.58500000001334,-43.162416154010444,19.496253486612908,-586.4477443409029,170.49736319321858
359512.0,0.7318,0.3764,9.0886,0.0194,-0.0183,9.8065,-0.1294,0.228,-0.1724,223.11,-83.1,90.99,52.836308,-1.657797,12.37,6,292.69,18 / 20,30.02808589742671,-13.485060351603474,-1.2950264499998787,242.32332082145558,280.47783666342394,-6.525640430821938,False,41.39999999999998,-13.486469054278784,6.17999817539749,-348.4664035264713,452.93029470107643,14.834999999997828,294.6189999999995,-43.51455495170549,19.665058527000966,-590.789724347927,172.4524580376525
359612.0,-1.0248,-2.894,10.6901,0.0209,0.0239,9.8065,-0.088,0.1179,-0.0262,223.74,-82.95,91.84,52.836308,-1.657797,12.37,6,292.69,18 / 20,30.13723082025734,-13.502160944706407,-1.286756449999877,245.33158665734047,279.12847559860813,-6.654729575821955,False,41.5,-13.437802437576174,6.21397543032412,-349.8032483426062,453.55298629035224,14.805,294.817,-43.57503325783351,19.716136375030526,-595.1348349999466,174.4245106917441
359712.0,0.8176,-1.9126,9.7992,-0.0042,-0.0258,9.8066,-0.0617,0.0542,-0.1421,224.23,-83.03,93.4,52.836308,-1.657797,12.37,6,292.69,18 / 20,30.322409767085244,-13.433598922600396,-1.2429564499998917,248.35456868670656,277.78168760524323,-6.781215220821901,False,41.599999999999966,-13.562644482600149,6.301325228738237,-351.1602465980749,454.1867973720074,14.954999999991218,294.919999999994,-43.885054249685396,19.73492415133863,-599.5148152847814,176.40510976676416
359811.0,-0.5925,-3.1591,9.6002,0.0158,0.0171,9.8066,-0.0011,0.2986,-0.1748,228.55,-82.89,92.33,52.836308,-1.657797,12.37,6,292.69,18 / 20,30.502598801038406,-13.352907295756141,-1.2535444999998906,251.36540661082836,276.4557555474347,-6.904792017846877,False,41.698999999999955,-13.578884339563261,6.197678124806846,-352.50367487110015,454.7922537485905,14.92640000000128,294.5329100000173,-44.08148314060167,19.55058542056299,-603.8690814819286,178.3364982011558
359912.0,1.3592,0.4577,9.2806,-0.0155,-0.0185,9.8065,-0.0965,0.1442,-0.1606,227.53,-83.0,90.07,52.836308,-1.657797,12.37,6,292.69,18 / 20,30.582398276317562,-13.333787692000902,-1.2905357499998902,254.4501989632348,275.10807745055297,-7.033268070471865,False,41.799999999999955,-13.74225723533447,6.199959057310898,-353.8943965486698,455.4099415642943,15.076111111106677,294.2830000000073,-44.32465551165203,19.5337467493118,-608.3445955119046,180.30186411374132
360012.0,-1.3929,-1.9407,9.2134,0.0539,0.0421,9.8064,0.0628,0.2151,-0.2431,216.62,-82.73,89.56,52.836308,-1.657797,12.37,6,292.69,18 / 20,30.647295814479715,-13.359516124846738,-1.3465007499999029,257.51168366777534,273.77341225971026,-7.165119895471885,False,41.89999999999998,-13.78542514912476,6.441435461408741,-355.26483043054947,456.0771111246859,15.216111111109042,295.04499999998876,-44.432720963604474,19.80095158625548,-612.7765140983248,182.30369886497567
360112.0,3.3631,1.7366,10.0702,0.0003,-0.0339,9.8066,-0.0241,0.4642,-0.1321,227.63,-83.02,90.11,52.836308,-1.657797,12.37,6,292.69,18 / 20,30.59740231183211,-13.354207678678335,-1.3629857499999065,260.57391857409164,272.4377260695337,-7.300594220471906,False,42.0,-13.88548255047877,6.479923294221276,-356.6486999387267,456.72204170022815,15.323055555555554,295.017,-44.48288486231088,19.83413097289961,-617.2226185128184,184.28431563069444
360212.0,-1.1207,-2.3993,9.4959,-0.0161,-0.0514,9.8064,0.0129,-0.0654,0.0198,225.91,-83.41,92.26,52.836308,-1.657797,12.37,6,292.69,18 / 20,30.551028917169038,-13.343254433613414,-1.3653457499999055,263.63134013554065,271.1028529639196,-7.43701079547185,False,42.099999999999966,-13.951024498004674,6.554150298469039,-358.0460050730728,457.3669722750154,15.413888888883571,295.1639999999914,-44.50205341517371,19.897404732082453,-621.6773452086135,186.26411931109584
360311.0,-2.4618,-3.2116,8.9472,-0.0705,-0.0335,9.8063,0.0482,0.1593,-0.0326,231.33,-83.86,91.28,52.836308,-1.657797,12.37,6,292.69,18 / 20,30.87794201294391,-13.393323481958275,-1.4232706499998993,266.6720741965809,269.7793923570989,-7.575047307271825,False,42.198999999999955,-13.97343986298804,6.419079761677779,-359.41603588615544,458.00545354340125,15.377313888890523,294.67296000002193,-44.85138187593195,19.812403243636055,-626.0881100827364,188.22606118630233
360412.0,1.0598,-1.4368,9.7208,-0.0327,-0.0308,9.8065,-0.0108,0.0789,-0.1652,232.75,-84.0,92.57,52.836308,-1.657797,12.37,6,292.69,18 / 20,31.10450150614746,-13.401632516015656,-1.4710082999998988,269.802187594295,268.42624707920123,-7.721208394246814,False,42.299999999999955,-14.035500724903011,6.619272439356573,-360.8406153419954,458.67907240882727,15.518055555551385,295.24899999998286,-45.140002231050474,20.02090495537223,-630.6428029362903,190.25282532962603
360512.0,-4.6442,-6.7889,10.585,-0.0135,-0.0662,9.8064,-0.155,0.171,0.0971,234.86,-84.23,94.28,52.836308,-1.657797,12.37,6,292.69,19 / 20,31.53474782954181,-13.408453975390836,-1.436383299999891,272.9341500610802,267.0857427546306,-7.8665779742468365,False,42.39999999999998,-14.1821009309082,6.440749221261786,-362.2580739158639,459.3128834912372,15.576111111110253,294.4250000000122,-45.71684876045001,19.849203196652624,-635.1922239769441,192.2271407366066
360612.0,0.8298,4.1584,9.3941,0.0023,-0.0847,9.8062,0.394,-1.4355,0.2639,241.34,-84.15,94.81,52.836308,-1.657797,12.37,6,292.69,19 / 20,31.73023787462796,-13.56338304839,-1.4180932999998865,276.09739934628936,265.73715090344126,-8.009301804246858,False,42.5,-14.245629821111432,6.66586547707818,-363.68225030292166,459.99117254264075,15.728055555555557,295.076,-45.975867695739396,20.22924852546818,-639.779649649211,194.2540216391995
360712.0,-9.7046,-10.6313,11.5475,0.1862,0.1304,9.8039,0.4258,-1.4997,0.9041,238.0,-84.35,99.04,52.836308,-1.657797,12.37,6,292.69,19 / 20,32.219743985622614,-13.853321261613736,-1.351678299999909,279.2948984393008,264.36631568794155,-8.1477903842468,False,42.599999999999966,-14.322412750614749,6.609392080967458,-365.11314450301,460.63610311884275,15.773888888886205,294.7720000000178,-46.54215673623736,20.462713342581196,-644.4080429423109,196.2697874309012
360812.0,4.0567,0.101,10.6132,0.0196,-0.0005,9.8066,-0.1309,0.0695,-0.087,236.02,-83.16,102.41,52.836308,-1.657797,12.37,6,292.69,19 / 20,32.7985493428823,-13.91523903107249,-1.22430829999988,282.5458131057268,262.97788767330695,-8.27658971424682,False,42.69999999999999,-14.336545621564417,6.612575736132721,-366.54403870320334,461.30327267782,15.788055555554935,294.7610000000005,-47.13509496444672,20.52781476720521,-649.0898518089301,198.32538500451307
360912.0,4.3068,5.0346,7.805,0.1378,0.1153,9.8049,-0.071,-0.9673,0.7818,230.73,-82.31,99.25,52.836308,-1.657797,12.37,6,292.69,19 / 20,32.34445056005356,-13.840421207119578,-1.2840632999998596,285.8029631008725,261.59010466139785,-8.402008294246764,False,42.799999999999955,-14.276150004909884,6.578374338589313,-367.96821509024727,461.9593227443731,15.718888888890934,294.74000000000063,-46.62060056496344,20.41879554570889,-653.7711781911198,200.36921808297524
361012.0,-7.5327,-6.3707,8.481,-0.0083,0.0799,9.8063,0.1555,-1.0103,0.5002,231.81,-83.06,96.56,52.836308,-1.657797,12.37,6,292.69,19 / 20,32.49472329227855,-14.030290140378204,-1.4504282999998974,289.04492179348983,260.19656909402266,-8.538732874246783,False,42.89999999999998,-14.430371456638694,6.750161543096214,-369.4058271035357,462.6376117971913,15.931111111107972,295.0689999999951,-46.925094748917246,20.780451683474418,-658.4507488970255,202.44104270316865
361113.0,4.4569,3.4522,9.719,0.0723,0.0558,9.8061,0.0971,-0.453,0.2895,231.68,-83.04,96.42,52.836308,-1.657797,12.37,6,292.69,19 / 20,32.70384131090823,-14.161002853355427,-1.5217999499998967,292.3374493059507,258.77290879783914,-8.68883040087177,False,43.000999999999976,-14.543974698607842,6.631277484194407,-370.87145239772883,463.3113418575564,15.984399999999958,294.5104600000001,-47.24781600951607,20.792280337549833,-663.2089017036795,204.53843305971725
361214.0,0.8145,-0.6599,11.1232,0.1067,0.0655,9.8058,-0.08,1.0784,-0.6366,237.66,-83.16,98.53,52.836308,-1.657797,12.37,6,292.69,19 / 20,32.42601520797022,-14.13866851269274,-1.459740499999897,295.62650706015404,257.3437753938537,-8.83939819359676,False,43.101999999999975,-14.596034829354448,6.641532629262866,-372.34366114866475,463.97461959569983,16.03603888888587,294.46659999997206,-47.02205003732466,20.780201141955608,-667.9701682088188,206.63084420184612
361312.0,5.1108,5.2327,9.6977,0.061,-0.0023,9.8064,-0.1496,0.2695,-0.079,229.98,-83.44,100.06,52.836308,-1.657797,12.37,6,292.69,19 / 20,32.068597494209754,-14.15656104677722,-1.400568099999889,298.78674308256126,255.9573091454395,-8.979553314996767,False,43.19999999999999,-14.587189695751483,6.782601148433376,-373.76568783551204,464.6502399700394,16.08694444444217,294.936999999979,-46.65578718996124,20.939162195210596,-672.5524309180732,208.69293082459993
361412.0,-5.7122,-6.5221,10.2634,0.0852,0.0885,9.8058,-0.1145,0.7079,-0.2745,229.82,-83.14,101.48,52.836308,-1.657797,12.37,6,292.69,19 / 20,32.137917537527336,-14.235098762602194,-1.383178099999895,301.997068834147,254.537726154971,-9.11874062499671,False,43.299999999999955,-14.722102728267796,6.728808342178044,-375.230171101422,465.3285290221511,16.18694444444149,294.563000000011,-46.86002026579513,20.963907104780237,-677.2272399355691,210.79080286718008
361512.0,-0.7011,-3.2644,9.5278,-0.08,-0.0585,9.8061,0.011,0.6369,-0.3947,243.34,-83.62,102.79,52.83674,-1.659571,17.62,4,293.49,19 / 20,32.72217634869323,-14.297904085895263,-1.374283099999893,305.24007352845877,253.11107601254582,-9.25661368499673,False,43.39999999999998,-14.857404615430864,6.796292182486007,-376.71480780677973,466.00681807497,16.33805555555332,294.58099999999973,-47.5795809641241,21.09419626838127,-681.9548813352385,212.89574206242418
361612.0,2.033,1.0085,10.0143,-0.0215,-0.0224,9.8065,-0.0526,0.4901,-0.2456,232.2,-83.49,103.15,52.83674,-1.659571,17.62,4,293.49,19 / 20,32.76882661748808,-14.303456591480051,-1.3778430999998936,308.51462367676857,251.68100797867675,-9.39421999499675,False,43.5,-14.887382268378659,6.876729308711237,-378.19944451213803,466.69622661950706,16.398888888888887,294.793,-47.65620888586674,21.18018590019129,-686.7140681889066,215.0152186408303
361712.0,-1.053,-1.484,9.0206,-0.027,-0.0391,9.8065,-0.0114,0.0336,0.0129,231.85,-83.39,102.23,52.83674,-1.659571,17.62,4,293.49,19 / 20,32.75450139997408,-14.347743418983267,-1.4067630999998837,311.79079007764057,250.24844797815408,-9.533450304996691,False,43.599999999999966,-14.923943059374913,6.9075283973680905,-379.6907990305493,467.38563516470106,16.4449999999973,294.83699999999743,-47.678444459348995,21.255271816351357,-691.4815891081898,217.13718718654698
361812.0,0.5864,0.6763,10.8435,-0.0133,-0.026,9.8065,0.0036,0.2485,0.0044,238.68,-83.76,103.6,52.83674,-1.659571,17.62,4,293.49,19 / 20,32.79266716997686,-14.433471231312538,-1.3942230999998808,315.06814850613887,248.80938724563896,-9.673499614996711,False,43.69999999999999,-14.972443931268879,6.9363239995089065,-381.1821535490431,468.0750437099456,16.501111111108656,294.8569999999992,-47.765111101245736,21.369795230821445,-696.2503020551819,219.26565646430663
361913.0,-4.1202,-3.9364,9.3016,-0.0279,0.0046,9.8065,0.1466,-0.0209,-0.0776,239.86,-84.04,103.76,52.83674,-1.659571,17.62,4,293.49,19 / 20,33.00892689142686,-14.603979361344573,-1.3673671999998809,318.39112900623974,247.3429959907098,-9.812959925146698,False,43.80099999999999,-15.098136130978967,6.927542928330293,-382.7021931296896,468.77156873120464,16.61158055555096,294.6472599999934,-48.107063022405825,21.531522289674868,-701.0933221359294,221.42857274049484
362012.0,-2.8563,-1.8935,11.1535,-0.0613,-0.0354,9.8064,0.0063,0.3063,-0.2018,240.33,-83.93,104.1,52.83674,-1.659571,17.62,4,293.49,19 / 20,33.41463678461179,-14.854734830596984,-1.3256980999998853,321.6790954082033,245.88478963820884,-9.946266657496672,False,43.89999999999998,-15.212935837396673,7.052252854327551,-384.211887278125,469.4760997866996,16.768055555553218,294.8709999999966,-48.62757262200846,21.906987684924534,-705.8909826863282,223.59131014849075
362112.0,0.8081,-0.2882,9.8016,0.0339,0.0435,9.8065,-0.0123,-0.2026,-0.0508,239.36,-83.58,104.56,52.83674,-1.659571,17.62,4,293.49,19 / 20,33.543022727782095,-14.986653573783515,-1.25860809999987,325.02697838382375,244.39272021798948,-10.075481967496689,False,44.0,-15.208153297889487,6.983716651460962,-385.7301130491747,470.16550833123716,16.735,294.665,-48.75117602567158,21.970370225244476,-710.7570914329984,225.77278811324769
362212.0,-1.9026,-1.4276,10.2225,0.0201,0.005,9.8065,-0.0239,-0.0652,-0.0119,240.24,-82.76,103.35,52.83674,-1.659571,17.62,4,293.49,19 / 20,33.62771373447862,-15.088512367761867,-1.2380680999998768,328.3855152069356,242.88896192091272,-10.200315777496634,False,44.099999999999966,-15.219979479708627,7.131826988629595,-387.24833882016645,470.8771558612808,16.808055555551277,295.10699999997416,-48.847693214187245,22.220339356391463,-715.6338540271021,227.9881939403681
362312.0,-1.4065,-1.1975,9.7259,0.0184,0.0183,9.8066,0.032,-0.1546,-0.0252,236.81,-82.03,102.4,52.83674,-1.659571,17.62,4,293.49,19 / 20,33.81136693346257,-15.258852664296267,-1.221313099999873,331.7574692403334,241.37159366930948,-10.323284837496649,False,44.19999999999999,-15.426352438634769,6.979856238390182,-388.7867180307018,471.5665644065267,16.931944444439022,294.3450000000334,-49.237719372097345,22.238708902686447,-720.5441872710353,230.19497073721723
362412.0,0.6038,-1.7096,9.7918,-0.045,0.0204,9.8065,0.107,0.0342,-0.1077,240.95,-81.91,101.65,52.83674,-1.659571,17.62,4,293.49,19 / 20,33.945303248123324,-15.314032146300914,-1.2260930999998711,335.14530274941154,239.84294942878014,-10.445655147496595,False,44.299999999999955,-15.53480716140207,7.065544205134218,-390.33853286753487,472.2782119373285,17.066111111107148,294.4569999999967,-49.480110409525395,22.379576351435134,-725.4838356169464,232.43526250854833
362512.0,-2.151,-1.1252,9.0011,-0.05,-0.002,9.8064,0.0827,-0.0944,0.0115,234.98,-81.76,101.05,52.83674,-1.659571,17.62,4,293.49,18 / 20,34.09998880015472,-15.399083244364604,-1.2671130999998805,338.5475673518262,238.3072936592465,-10.57031545749661,False,44.39999999999998,-15.58004534636398,7.069389366668535,-391.8970655174781,472.97873997499903,17.108888888888256,294.40600000000074,-49.6800341465187,22.46847261103314,-730.4446328693043,234.67144631575252
362611.0,2.2115,2.8673,8.8941,-0.0103,-0.0294,9.8065,-0.1212,0.5116,-0.3117,231.29,-82.18,101.02,52.83674,-1.659571,17.62,4,293.49,18 / 20,34.022590483353504,-15.554681274900663,-1.3521590499998715,341.9196350263595,236.77508231554305,-10.699969428921584,False,44.49899999999997,-15.767115064803894,6.887865035084356,-393.459964746,473.65024613728986,17.205963888888842,293.59816000000035,-49.7897055481574,22.44254630998502,-735.3795997723596,236.8751638217468
362712.0,1.2676,1.3587,10.2217,-0.0653,-0.0367,9.8063,0.075,0.3884,-0.2503,229.97,-81.91,100.41,52.83674,-1.659571,17.62,4,293.49,18 / 20,33.7453767307596,-15.652356912613971,-1.3772827999998711,345.3419173706722,235.19912688707356,-10.83780624234657,False,44.599999999999966,-15.566023627798785,7.131612018163692,-395.02756644360204,474.36867655856923,17.121944444449422,294.61499999994,-49.31140035855839,22.783968930777664,-740.3694838142742,239.16954967149567
362812.0,3.8715,3.9662,9.1618,-0.0963,-0.091,9.8057,0.075,-1.054,0.6111,230.72,-82.22,99.76,52.83674,-1.659571,17.62,4,293.49,18 / 20,33.376359519044684,-15.72141182364656,-1.3887727999998738,348.69800418316316,233.6304384502602,-10.976109022346588,False,44.69999999999999,-15.725014617006504,7.233363661710205,-396.5995347198689,475.1025630742225,17.308888888880706,294.7019999999962,-49.10137413605119,22.954775485356766,-745.2975389030321,241.4721246239623
362912.0,-7.5699,-8.0219,9.118,-0.0637,-0.0084,9.8064,0.1349,-0.3459,0.222,229.04,-82.22,96.94,52.83674,-1.659571,17.62,4,293.49,18 / 20,33.65193213860162,-15.818188503007942,-1.455447799999851,352.0494187660443,232.053458433928,-11.118320052346526,False,44.799999999999955,-15.755659553346884,7.117926035819334,-398.17150299613604,475.8142106043189,17.288888888889478,294.31200000001155,-49.40759169194851,22.936114538827276,-750.2209217621803,243.76075217039087
363012.0,2.4508,5.0653,9.2668,-0.1176,-0.1182,9.8052,0.1159,-1.1296,0.6565,224.87,-82.67,96.95,52.83674,-1.659571,17.62,4,293.49,18 / 20,33.943044801622605,-16.03207715711373,-1.5168727999998648,355.4291676130563,230.46094515092156,-11.266936082346545,False,44.89999999999998,-15.88674913039465,7.3892175929312875,-399.75018908555273,476.5703361055307,17.52111111110768,294.9439999999907,-49.82979393201725,23.421294750045018,-755.179356698609,246.10939095460915
363112.0,-5.7972,-8.7002,9.8697,0.0154,0.0496,9.8064,0.2714,-1.0115,0.5877,230.5,-82.62,97.03,52.83674,-1.659571,17.62,4,293.49,18 / 20,34.20193523859078,-16.170042359903412,-1.5407127999998702,358.8364166150677,228.85083917507035,-11.419815362346567,False,45.0,-16.12806296161642,7.0237294388090845,-401.36246424068725,477.24862515835076,17.59111111111111,293.533,-50.3299982002072,23.193771798712497,-760.198880855755,248.39778598328041
363212.0,-2.016,-2.7201,10.2171,-0.0676,-0.0375,9.8063,0.0159,-0.3513,0.1932,237.33,-83.18,97.94,52.83674,-1.659571,17.62,4,293.49,18 / 20,34.88459622900385,-16.226246286276428,-1.5170377999998783,362.2907431884463,227.23102474276192,-11.572702892346502,False,45.099999999999966,-16.056634661651515,7.138467265522158,-402.9680215825823,477.96027268910177,17.571944444445563,293.96899999997447,-50.94123089065536,23.364713551798587,-765.2587647710286,250.72924794633985
363312.0,-8.7306,-6.6115,8.8563,0.1226,0.0908,9.8054,0.0645,-1.0826,0.6647,238.97,-83.46,98.72,52.83674,-1.659571,17.62,4,293.49,18 / 20,35.54828550660233,-16.538574049684552,-1.5440327999998844,365.8123872752274,225.5927837259635,-11.725756422346524,False,45.19999999999999,-16.053776373625492,7.1986936578908445,-404.5668611114199,478.68303971232996,17.59388888888793,294.151999999992,-51.60206188022782,23.7372677075754,-770.3792483866473,253.09025598636646
363412.0,1.4078,-1.2235,10.4827,0.0344,0.0378,9.8065,-0.1004,0.28,-0.1525,232.72,-82.86,99.18,52.83674,-1.659571,17.62,4,293.49,18 / 20,36.053049834980335,-16.74673104983105,-1.5577477999998797,369.39245404230536,223.92851847098828,-11.88084545234646,False,45.299999999999955,-16.080320768157954,7.141940142086507,-406.17241845341806,479.3946872424259,17.594999999999967,293.948000000006,-52.13337060313829,23.88867119191756,-775.5648724957234,255.46616877143762
363512.0,3.924,3.6149,9.8163,0.1173,0.0927,9.8054,0.0173,-0.7738,0.3643,229.7,-82.05,99.07,52.83674,-1.659571,17.62,4,293.49,20 / 22,35.79268460527136,-16.719068281544967,-1.5234627999998718,372.98474076431876,222.2552285044191,-12.034905982346482,False,45.39999999999998,-16.208633239809387,7.244361888826034,-407.79141142171494,480.12857375878707,17.75388888888654,294.081999999998,-52.00131784508075,23.963430170371,-780.7761521860336,257.87334525436796
363612.0,-5.213,-7.2617,9.2087,0.0435,0.0539,9.8064,0.0796,-0.927,0.5209,229.13,-82.08,97.94,52.83674,-1.659571,17.62,4,293.49,20 / 22,35.974472938865674,-16.744024439777263,-1.5528777999998784,376.5730986415264,220.5820738683526,-12.188723012346504,False,45.5,-16.136125148558367,7.375775068412496,-409.3902509505657,480.87357976757437,17.741944444444446,294.565,-52.11059808742404,24.119799508189757,-785.9633495920921,260.29150589922176
363712.0,-3.7486,-2.2888,9.7409,0.0742,0.0586,9.8062,-0.0329,-0.2866,0.2539,228.01,-81.81,97.56,52.83674,-1.659571,17.62,4,293.49,20 / 22,36.63290708545039,-16.864426097016487,-1.586062799999867,380.203467642741,218.90165134151349,-12.345670042346438,False,45.599999999999966,-16.259220768683587,7.41181017824927,-411.0159617318795,481.6074662838824,17.868888888881457,294.50600000000344,-52.892127854133975,24.276236275265756,-791.2194293746204,262.7058149423689
363812.0,-3.0027,-5.5861,9.8153,0.0355,0.0822,9.8061,-0.1103,0.6567,-0.3923,228.49,-81.96,97.5,52.83674,-1.659571,17.62,4,293.49,20 / 22,37.155427746468355,-16.952611849476444,-1.5889177999998676,383.8928843843378,217.21079944418847,-12.50441907234646,False,45.69999999999999,-16.34268438972251,7.402711316743439,-412.64167251329906,482.35247229125457,17.94111111110795,294.369000000006,-53.49811213619087,24.355323166219883,-796.5345568976368,265.1416728470661
363912.0,0.5441,3.115,10.0116,0.0135,0.0089,9.8066,0.0798,0.157,-0.0543,229.59,-82.1,99.89,52.83674,-1.659571,17.62,4,293.49,20 / 22,37.32991778785523,-17.058333429538056,-1.5782377999998711,387.6171516610527,215.51025218023833,-12.662776852346393,False,45.799999999999955,-16.3352332670462,7.328669146366578,-414.2741011079064,483.075239314484,17.903888888889988,294.1630000000061,-53.66515105490143,24.387002575904635,-801.891252768959,267.5649871342457
364012.0,-0.7488,-2.4043,10.7172,0.0447,0.0359,9.8064,-0.1237,0.3486,-0.1768,235.81,-81.87,101.69,52.83674,-1.659571,17.62,4,293.49,20 / 22,37.30996537856519,-17.199944998711068,-1.5224627999998583,391.34914581937454,213.79733825882548,-12.817811882346415,False,45.89999999999998,-16.51352456864378,7.339520632223353,-415.9199653287725,483.80912583013816,18.07111111110864,293.963000000003,-53.82348994720897,24.539465630934423,-807.269111148147,270.01178757131265
364112.0,-0.7227,1.9131,9.2227,0.0106,-0.0201,9.8066,-0.0899,0.3264,-0.1596,235.52,-81.71,102.8,52.83674,-1.659571,17.62,4,293.49,20 / 22,37.362772366575,-17.34503989195306,-1.5061327999998546,395.0827827066324,212.07008901429188,-12.969241662346436,False,46.0,-16.475950167160125,7.432946326273066,-417.5658295496122,484.5541318396328,18.075,294.282,-53.83872253373512,24.777986218226125,-812.6486122562446,272.4840428253409
364212.0,-0.4869,0.4025,10.3228,-0.0222,0.0036,9.8065,0.0321,0.1133,0.0537,230.63,-81.65,103.2,52.83674,-1.659571,17.62,4,293.49,20 / 22,37.29941639386565,-17.558535237101395,-1.5095227999998533,398.8158921446531,210.32491025783975,-13.12002444234637,False,46.099999999999966,-16.52520979536698,7.498602128977591,-419.211693770398,485.3102573393758,18.14694444444023,294.40699999999265,-53.82462618923263,25.057137366078987,-818.0275859150511,274.9853470815361
364312.0,2.6146,3.6974,10.5196,-0.0809,-0.0345,9.8062,0.042,0.6334,-0.396,230.59,-81.46,104.4,52.83674,-1.659571,17.62,4,293.49,20 / 22,37.072841226231326,-17.704661326228443,-1.4480677999998393,402.5345050256588,208.56175042967286,-13.267903972346389,False,46.19999999999999,-16.55458094302519,7.624760719869725,-420.8642758044265,486.07750233442863,18.226111111107645,294.72999999998586,-53.62742216925652,25.329422046098166,-823.3987808300853,277.5157519047558
364412.0,-2.364,-3.4294,10.3361,-0.0363,-0.032,9.8065,-0.1448,0.4553,-0.3825,236.01,-81.69,103.02,52.83674,-1.659571,17.62,4,293.49,20 / 22,37.05003152442877,-17.82109775254669,-1.3859477999998604,406.24064866319054,206.7854624757347,-13.409604752346326,False,46.299999999999955,-16.61530752435325,7.619011411164771,-422.52357565158957,486.83362783493453,18.27888888888733,294.63400000000286,-53.665339048782016,25.440109163711462,-828.7642243147801,280.04816535919986
364512.0,-6.1919,-6.3923,8.7578,-0.059,-0.0904,9.806,-0.073,0.6458,-0.3849,235.81,-81.85,102.24,52.83674,-1.659571,17.62,4,293.49,20 / 21,37.68693988762206,-17.99742718601185,-1.4119177999998662,409.97749723379394,204.99453622880637,-13.549498032346344,False,46.39999999999998,-16.711481715998953,7.7143570756305655,-424.1895933119027,487.600872828573,18.406111111109233,294.77899999999784,-54.39842160362102,25.711784261642418,-834.1670905456966,282.6063365997667
364612.0,-3.1276,-0.1851,8.672,-0.065,-0.0788,9.8061,0.215,-0.8876,0.5349,230.01,-81.66,102.03,52.83674,-1.659571,17.62,4,293.49,20 / 21,38.228318267412,-18.28572471357163,-1.5210927999998909,413.77326014154653,203.1803786338268,-13.696148562346366,False,46.5,-16.867570595564185,7.690550434430724,-425.8690465985137,488.3681178229191,18.538055555555555,294.51,-55.09588886297618,25.97627514800235,-839.6423067400602,285.1877391890923
364712.0,-3.8905,-5.0809,11.7042,-0.0548,-0.0098,9.8065,0.2567,-0.2116,-0.0387,239.05,-81.33,102.31,52.83674,-1.659571,17.62,4,293.49,20 / 21,38.64650604988421,-18.533363813499246,-1.482947799999904,417.61700135741,201.33942420747388,-13.846350592346305,False,46.599999999999966,-16.772975850904363,7.669001195103098,-427.5417820718533,489.1242433240768,18.443055555561116,294.57099999999645,-55.41948190078857,26.202365008602342,-845.1587834292633,287.78481911660293
364812.0,1.7724,3.3466,8.3368,-0.0409,-0.0672,9.8063,0.2833,-0.8066,0.3238,235.74,-81.7,102.53,52.83674,-1.659571,17.62,4,293.49,20 / 21,38.76401734484951,-18.687868351587294,-1.461562799999899,421.48752752714756,199.47836259921914,-13.993576122346328,False,46.69999999999999,-16.794633126298255,7.62616044632173,-429.2212353584775,489.88036882458266,18.444999999999915,294.42200000000656,-55.55865047114777,26.314028797909025,-850.708762885625,290.4020062253635
364912.0,-2.8742,-1.2211,9.1457,0.0741,0.0684,9.8061,-0.0769,-0.275,0.3918,232.71,-81.29,100.85,52.83674,-1.659571,17.62,4,293.49,20 / 21,38.70465690886255,-18.884073669785675,-1.5681027999998627,425.36096123983185,197.59976549815113,-14.145059402346265,False,46.799999999999955,-16.9282147695337,7.841302602656725,-430.91412427135833,490.680972297618,18.65611111110487,294.85399999998725,-55.632871678396256,26.7253762724424,-856.2750855111901,293.0812067994668
365012.0,0.9066,1.451,10.9158,-0.0957,-0.0539,9.806,-0.2759,-0.0758,0.4566,239.76,-81.81,100.46,52.83674,-1.659571,17.62,4,293.49,20 / 21,38.744560948634486,-19.05625069395538,-1.5456927999998575,429.2334221327076,195.70274927996365,-14.300749182346285,False,46.89999999999998,-16.850375519011244,7.747456499654962,-432.59357755798334,491.4482172905505,18.54611111111274,294.6920000000024,-55.59493646764573,26.803707193610343,-861.8269996906909,295.7454680105868
365112.0,-2.4597,-0.4177,7.3229,-0.0723,-0.024,9.8063,0.082,0.1963,-0.4424,238.23,-81.41,99.12,52.83674,-1.659571,17.62,4,293.49,20 / 21,38.7266250280683,-19.24421626111201,-1.614422799999873,433.1069814315436,193.78772593220984,-14.458754962346308,False,47.0,-16.984470856734532,7.999165814575981,-434.2864664708656,492.2599402553058,18.773888888888887,295.219,-55.71109588480283,27.24338207568799,-867.3934479024092,298.47221432309595
365213.0,-1.1497,-1.7291,8.8722,-0.0349,-0.0024,9.8065,0.0956,-0.1518,0.1446,236.76,-81.08,100.18,52.83674,-1.659571,17.62,4,293.49,20 / 21,38.90229990270346,-19.437769765983322,-1.7870418999998714,437.0272421405475,191.83428563784153,-14.630528929696293,False,47.101,-16.840089803864522,7.681329031577007,-435.97579494266506,493.01295229875194,18.509249999997905,294.519299999946,-55.742389706567984,27.11909879756033,-873.0030370832126,301.1786666609104
365312.0,-4.0039,-0.3421,9.73,-0.0177,-0.0561,9.8064,-0.1727,0.1444,-0.0145,232.9,-81.18,100.23,52.83674,-1.659571,17.62,4,293.49,20 / 21,39.130370184005855,-19.68314444219223,-1.837091349999866,440.8898593098392,189.89780038453705,-14.80992352557126,False,47.19999999999999,-16.746795564300864,7.966295458207052,-437.61850179138366,493.80554973565853,18.544999999998417,295.4399999999593,-55.87716574830672,27.649439900399283,-878.5083611012228,303.9077493511215
365412.0,0.3334,-1.0378,10.1864,-0.0283,-0.0213,9.8065,-0.0891,0.0585,-0.0015,233.68,-81.55,100.12,52.83674,-1.659571,17.62,4,293.49,20 / 21,39.291488519382,-19.88637169128998,-1.821936349999871,444.8109522450073,187.91932457786362,-14.992874910571185,False,47.299999999999955,-16.831987731381886,7.640642251190151,-439.30467289111505,494.55055574374074,18.485000000001776,294.4150000000303,-56.123476250763886,27.52701394248013,-884.1156251361224,306.6312311658771
365512.0,-6.1184,-3.2501,9.5207,-0.0591,-0.0316,9.8063,-0.0239,0.7013,-0.3402,233.58,-81.7,99.43,52.83674,-1.659571,17.62,4,293.49,19 / 21,39.63001339364162,-20.089904574633092,-1.81724634999987,448.75702734065936,185.920510764567,-15.174834045571213,False,47.39999999999998,-16.724827078734744,7.893293699146324,-440.97069055144226,495.3511592160695,18.49388888888876,295.2649999999874,-56.35484047237637,27.983198273779415,-889.7277178921016,309.4306484515025
365612.0,-2.1571,-3.4084,9.4474,-0.0317,-0.0201,9.8065,0.0321,-0.0503,0.0481,227.45,-81.42,98.84,52.83674,-1.659571,17.62,4,293.49,19 / 21,40.140419362077154,-20.30184473761013,-1.8495063499998772,452.7455489784462,183.90092329895438,-15.358171680571242,False,47.5,-17.03575433776655,7.726685385370795,-442.67701509062204,496.1295237028416,18.70611111111111,294.397,-57.1761736998437,28.028530122980925,-895.4225640690682,312.2286004038872
365712.0,-5.5745,-4.4057,8.9164,-0.098,-0.0901,9.8057,-0.0734,0.7462,-0.4993,239.6,-81.73,99.36,52.83674,-1.659571,17.62,4,293.49,19 / 21,40.66435434671502,-20.492456891201854,-1.911981349999856,456.78578766388443,181.86120821751447,-15.546246065571165,False,47.599999999999966,-17.079174847696823,7.7007799294445896,-444.39005744283907,496.89676869642415,18.73499999999831,294.2700000000074,-57.74352919441185,28.193236820646444,-901.1758451067235,315.0355604789097
365812.0,-7.0323,-1.8206,9.6191,-0.0373,-0.0418,9.8064,0.0882,-0.2856,0.1478,243.35,-81.34,100.24,52.83674,-1.659571,17.62,4,293.49,19 / 21,41.2153561598885,-20.99106671069371,-1.9658713499998681,460.87977318921554,179.78703203741924,-15.740138700571194,False,47.69999999999999,-16.989473667349923,8.052301752831593,-446.0762285426008,497.7307306467349,18.801111111108217,295.35899999995235,-58.20482982723843,29.0433684635253,-906.9560017318163,317.9436986093157
365912.0,-3.8049,-3.2032,11.0703,-0.0557,-0.057,9.8062,0.0485,0.2293,-0.2402,242.96,-80.72,102.13,52.83674,-1.659571,17.62,4,293.49,19 / 21,41.661630319912085,-21.456831476997674,-1.9120663499998864,465.02362251320415,177.6646371280354,-15.934035585571115,False,47.799999999999955,-16.889697262445907,8.089287645294725,-447.74896401604934,498.53133411765174,18.726944444446637,295.5919999999931,-58.55132758235799,29.5461191222924,-912.7725865292534,320.86669698961634
366012.0,-1.1458,2.4723,10.0377,-0.0144,-0.024,9.8065,0.0105,-0.6038,0.2781,238.38,-80.78,103.14,52.83674,-1.659571,17.62,4,293.49,19 / 21,41.797788582026286,-21.7635451286793,-1.8373313499998694,469.196593458302,175.50361829775105,-16.121505470571144,False,47.89999999999998,-16.63440815197569,8.391350705822223,-449.39482823693,499.3875350535234,18.631111111112528,296.7689999999826,-58.43219673400198,30.154895834501524,-918.5914216952319,323.88391675577236
366112.0,-4.9119,-5.2843,9.1285,-0.028,-0.0013,9.8066,0.0894,-0.45,0.2941,242.99,-81.06,101.61,52.83674,-1.659571,17.62,4,293.49,19 / 21,42.05171356043775,-22.07242974227973,-1.8596863499998744,473.38906856542616,173.3118195542026,-16.30635635557117,False,48.0,-16.794684741023893,8.385968201402138,-451.0675637104052,500.2214970031311,18.771944444444443,296.534,-58.84639830146164,30.458397943681867,-924.4566322758313,326.9096774489285
366212.0,-3.9857,-3.3904,8.1697,-0.0577,-0.0532,9.8063,-0.0741,0.188,-0.08,233.62,-81.4,101.73,52.83674,-1.659571,17.62,4,293.49,19 / 21,42.63960667295323,-22.328024914618968,-1.9754413499998347,477.62363457709426,171.09179682135843,-16.49811274057109,False,48.099999999999966,-16.837852831448203,8.12596349399051,-452.74029918373145,501.0221004754028,18.696111111115552,295.7620000000452,-59.47745950440143,30.453988408609476,-930.3639337608257,329.93030365404434
366312.0,-7.0029,-6.883,8.6949,-0.0319,-0.0447,9.8064,-0.0026,0.3672,-0.3698,238.7,-81.28,102.07,52.83674,-1.659571,17.62,4,293.49,19 / 21,43.360148456164836,-22.605873079395614,-2.112876349999866,481.9236223335511,168.84510192165718,-16.702528625571123,False,48.19999999999999,-17.12636413600865,8.106568991678154,-454.4600593492203,501.82270394702596,18.94805555554453,295.3300000000189,-60.48651259217348,30.712442071073767,-936.3836816827713,332.9776020253688
366412.0,-3.3687,-5.1393,10.0569,-0.0923,-0.0611,9.806,-0.029,0.6914,-0.4917,232.0,-80.77,101.51,52.83674,-1.659571,17.62,4,293.49,19 / 21,44.133582715841314,-22.798412754750867,-2.1559513499998513,486.2983088921499,166.57488762995064,-16.915970010571037,False,48.299999999999955,-17.01159440959854,7.607159827666015,-456.1663838884136,502.5565904626829,18.635000000009253,294.09300000003657,-61.14517712543986,30.40557258241688,-942.4646927805635,335.98170283273225
366512.0,-4.4193,-4.7997,10.4171,0.0129,-0.0162,9.8065,0.0899,-0.4723,0.1877,236.49,-80.92,100.71,52.83674,-1.659571,17.62,4,293.49,18 / 19,44.75501362469225,-22.922549503371666,-2.1129163499998413,490.7427387091776,164.28883951704398,-17.12941339557107,False,48.39999999999998,-17.077924228534254,8.092033602572185,-457.8659906144585,503.3905524129947,18.898055555551668,295.35299999998136,-61.83293785322651,31.01458310594385,-948.6087293236361,339.1017128959507
366611.0,-4.2117,-4.0481,9.8659,-0.0368,-0.0241,9.8065,0.0182,0.1119,-0.1772,230.04,-80.75,99.59,52.83674,-1.659571,17.62,4,293.49,18 / 19,45.356251142320424,-23.101790157835413,-2.079766199999845,495.20324631514427,162.01063470381447,-17.33695118179603,False,48.49899999999997,-17.314570877601188,8.067553136359804,-459.5752038132985,504.1831498499018,19.10183055555546,294.9827400000002,-62.670822019921616,31.169343294195215,-954.7784501284427,342.17251514608733
366712.0,1.5197,-0.3102,11.136,-0.0471,-0.0397,9.8064,-0.0014,-0.3918,0.1809,235.37,-80.48,99.92,52.83674,-1.659571,17.62,4,293.49,18 / 19,45.61456821326914,-23.160432910743776,-2.0096418999998455,499.7972726926015,159.67439243885124,-17.543466290846013,False,48.599999999999966,-17.277067302120233,7.992275750543562,-461.3122287584509,504.9806398637578,19.03611111111508,294.825000000009,-62.89163551538937,31.15270866128734,-961.1095014510524,345.3062474249066
366812.0,-3.2922,-2.2321,8.6206,-0.0142,0.0077,9.8066,0.0059,-0.2153,0.078,228.17,-80.19,99.87,52.83674,-1.659571,17.62,4,293.49,18 / 19,45.77448071878304,-23.235269877195194,-2.002476899999844,504.36672513920513,157.35460729945376,-17.744072230846044,False,48.69999999999999,-17.020071955684546,7.724945643290008,-463.0051176713615,505.7256458718406,18.691111111126208,294.4120000000181,-62.79455267446758,30.9602155204852,-967.3718428105667,348.37103857238685
366912.0,-0.7177,-0.8879,10.2219,-0.0323,-0.0151,9.8065,-0.0628,-0.1749,0.283,228.27,-80.33,99.08,52.83674,-1.659571,17.62,4,293.49,18 / 19,46.027905617010404,-23.378841875273462,-2.041016899999831,508.95684445599323,155.02390171183112,-17.946246920845958,False,48.799999999999955,-17.060974838000796,7.685050583376531,-464.704724397405,506.4928908661853,18.71194444444383,294.24900000000486,-63.0888804550112,31.063892458649992,-973.6615688533982,351.4689891543542
367012.0,-4.1568,-2.8185,8.0462,-0.0278,-0.0372,9.8065,-0.1278,0.2692,-0.2174,227.88,-80.06,98.18,52.83674,-1.659571,17.62,4,293.49,18 / 19,46.33256200873386,-23.53382807285169,-2.1082768999998462,513.5748678372815,152.67826821442432,-18.15371161084599,False,48.89999999999998,-17.317626756731574,7.792297704424448,-466.4513558154777,507.2823748453821,18.989999999995888,294.22600000000034,-63.65018876546543,31.32612577727614,-980.0262236527592,354.60410663095774
367112.0,-4.5553,-4.9176,8.4707,-0.0552,-0.0204,9.8065,-0.0791,-0.0444,0.1184,227.59,-80.25,98.17,52.83674,-1.659571,17.62,4,293.49,18 / 19,46.91593747557863,-23.693898718255927,-2.2630968999998813,518.2372928114983,150.31688187486841,-18.372280300846025,False,49.0,-17.166521530185044,7.657392441374809,-468.1509625415365,508.0385003465957,18.796944444444442,294.04,-64.08245900576367,31.351291159630737,-986.3882553530348,357.7216184717273
367212.0,-1.5423,-1.6333,9.5288,-0.0858,-0.0994,9.8057,-0.0697,0.6962,-0.4164,224.78,-80.86,98.57,52.83674,-1.659571,17.62,4,293.49,18 / 19,47.37029842120472,-23.79049248398608,-2.3437868999998535,522.9516046063359,147.94266231475711,-18.602624490845933,False,49.099999999999966,-16.93944604359665,7.667324940868551,-469.8371336411463,508.80574533947095,18.593888888900775,294.3529999999817,-64.30974446480137,31.45781742485463,-992.7887382474821,360.86308302471383
367312.0,1.502,2.229,11.0711,-0.0662,-0.0725,9.8061,-0.0631,-0.3156,0.2471,229.44,-80.72,98.68,52.83674,-1.659571,17.62,4,293.49,18 / 19,47.35441609820578,-23.900210036418663,-2.294456899999842,527.6878403323075,145.55812718873634,-18.83453668084597,False,49.19999999999999,-16.957229831636447,7.861933032327345,-471.5300225540551,509.6063488125067,18.691111111106853,294.87399999997723,-64.31164592984223,31.762143068746006,-999.2178628863626,364.04822162377036
367412.0,-3.6059,-8.2926,8.3189,-0.0678,-0.0598,9.8061,-0.0331,0.2208,-0.2729,222.1,-80.12,98.17,52.83674,-1.659571,17.62,4,293.49,18 / 19,47.64030585425546,-23.826533164342198,-2.305621899999838,532.4375764299289,143.1717900286991,-19.06454062084588,False,49.299999999999955,-17.239944486856967,7.51081480865811,-473.26321834582853,510.3291158343239,18.804999999996635,293.5410000000394,-64.88025034111243,31.33734797300031,-1005.7007947757575,367.1573258056248
367512.0,2.3998,2.2548,9.5308,-0.0873,-0.041,9.8061,0.0442,0.5373,-0.3554,222.37,-80.42,96.3,52.83674,-1.659571,17.62,4,293.49,20 / 20,47.901109708622734,-23.739414216429033,-2.393801899999858,537.2146472080739,140.79349265966,-19.299511810845917,False,49.39999999999998,-17.104231018601077,7.479410370323916,-474.97626069814504,511.08524133624337,18.66805555555758,293.6189999999989,-65.00534072722381,31.218824586752948,-1012.1909079062189,370.2917486765834
367612.0,-3.4136,-4.4391,9.6957,0.0275,0.0207,9.8065,0.0336,-0.574,0.2272,219.89,-79.92,96.13,52.83674,-1.659571,17.62,4,293.49,20 / 20,48.025330877293946,-23.77792065202191,-2.4131418999998626,542.0109692373708,138.41762591623691,-19.539859000845958,False,49.5,-17.318337142966392,7.488572564252908,-476.7027386767854,511.830247345031,18.868055555555554,293.384,-65.34366802026034,31.266493216274817,-1018.7137079141562,373.41262142879407
367712.0,1.5534,3.3441,9.8024,-0.0255,-0.0137,9.8065,-0.0081,-0.4171,0.1223,225.39,-79.97,95.51,52.83674,-1.659571,17.62,4,293.49,20 / 20,48.13802797156053,-23.876414432722804,-2.4189018999998604,546.8191371798118,136.0349091620005,-19.78146119084586,False,49.599999999999966,-17.06711536624457,7.441545305420892,-478.4090632158673,512.5752533537639,18.618888888903477,293.5579999999898,-65.2051433378051,31.317959738143696,-1025.228200395679,376.5403441917633
367812.0,-1.5021,-5.7093,9.7864,0.0333,0.097,9.8061,0.1456,-0.8436,0.4296,212.49,-79.48,94.55,52.83674,-1.659571,17.62,4,293.49,20 / 20,48.20025727672033,-23.833768334913874,-2.4201268999998606,551.636051442227,133.6494000236181,-20.0234126308459,False,49.69999999999999,-17.20816216857703,7.6867723832276935,-480.1355411945067,513.3869763178087,18.84694444443446,294.0699999999776,-65.40841944529735,31.520540718141568,-1031.7715926367337,379.7375762941906
367912.0,-4.7992,-6.7933,8.2662,0.0376,0.0438,9.8064,0.08,0.3044,-0.3706,212.82,-79.63,94.3,52.83674,-1.659571,17.62,4,293.49,20 / 20,48.832367895722726,-23.571527184201475,-2.498161899999834,556.4876827008475,131.27913524766316,-20.2693270708458,False,49.799999999999955,-17.171814816468046,7.687079486542466,-481.8687369862816,514.1875797901392,18.813888888889867,294.1159999999986,-66.00418271219077,31.25860667074394,-1038.3564196871291,382.9084445424761
368012.0,1.1858,4.8458,10.4478,0.0928,0.0945,9.8057,0.1422,-0.68,0.3911,219.95,-79.91,94.13,52.83674,-1.659571,17.62,4,293.49,20 / 20,49.04056264725303,-23.65894586265629,-2.543126899999844,561.3813292279974,128.91761159531973,-20.52139151084584,False,49.89999999999998,-17.26470200509504,7.839247364580732,-483.58849715176024,514.9659442769116,18.961111111108938,294.4209999999955,-66.30526465234807,31.49819322723702,-1044.9698263797577,386.0483326815919
368112.0,-5.1909,-8.0895,8.2126,0.1077,0.1107,9.8054,-0.0101,-0.9019,0.5704,211.73,-79.11,95.3,52.83674,-1.659571,17.62,4,293.49,20 / 20,49.29736241389108,-23.693943219115404,-2.590771899999855,566.2982254810557,126.54996714123061,-20.778086450845883,False,50.0,-17.310364187468952,7.924572608892669,-485.31497513040074,515.7665477485343,19.03805555555555,294.598,-66.60772660136003,31.61851582800807,-1051.6132006114565,389.21658060730374
368212.0,-2.7181,-6.2447,8.776,0.0556,0.1055,9.8059,-0.0029,-0.5423,0.3782,210.83,-78.84,94.16,52.83674,-1.659571,17.62,4,293.49,20 / 20,50.039456535513715,-23.380806904965624,-2.72200689999981,571.2650664285243,124.19622963502736,-21.043725390845776,False,50.099999999999966,-17.17548497065396,7.899477262650634,-487.02801748260435,516.5449122345417,18.905000000007792,294.6989999999941,-67.21494150616768,31.28028416761626,-1058.2930839111286,392.34868259951435
368313.0,-0.4689,-0.423,9.8663,0.028,0.0604,9.8064,-0.0431,-0.0379,0.0196,207.3,-79.05,93.14,52.83674,-1.659571,17.62,4,293.49,20 / 20,50.38558810155203,-23.264657717890174,-2.7710423999998097,576.336531182696,121.84063367157317,-21.321124380495753,False,50.200999999999965,-17.12123155136009,7.585470759379459,-488.7510693765341,517.2864712001407,18.72636388889631,293.8955599999625,-67.50681965291213,30.85012847726963,-1065.0876005592302,395.4458375285675
368412.0,-0.2544,0.7056,9.1483,0.0298,0.0573,9.8064,0.0274,-0.4119,0.2519,210.71,-78.98,92.24,52.83674,-1.659571,17.62,4,293.49,20 / 20,50.44399987386274,-23.383713420403485,-2.8006780499998065,581.3275957874786,119.53153930022788,-21.596924542770704,False,50.299999999999955,-16.855077399864786,7.767800373006122,-490.40707749526126,518.0460437445431,18.558888888893886,294.7429999999747,-67.29907727372752,31.151513793409606,-1071.7346732827398,398.5145044443152
368512.0,-1.104,0.8502,9.8566,0.0231,0.0159,9.8066,0.0043,0.0746,-0.1534,201.75,-79.2,92.24,52.83674,-1.659571,17.62,4,293.49,20 / 20,50.51226789224226,-23.56988876115768,-2.8310980499998135,586.375409175785,117.18385919114928,-21.87851334777075,False,50.39999999999998,-16.99657630559028,7.854960789947493,-492.1066842213052,518.8355277230324,18.723888888886453,294.8039999999991,-67.50884419783253,31.424849551105176,-1078.4820933970902,401.65166853188316
368612.0,-2.496,-0.9996,10.8053,0.0256,0.0311,9.8065,0.0456,-0.4119,0.1696,212.11,-79.57,92.15,52.83674,-1.659571,17.62,4,293.49,20 / 20,50.718757656817715,-23.743625313964944,-2.7786680499998013,591.4369604532391,114.81818348739262,-22.159001652770794,False,50.5,-16.939884258760568,8.007084888646647,-493.79285532105223,519.6250117022299,18.736944444444443,295.29900000000004,-67.65864191557829,31.750710202611593,-1085.2298157742912,404.8068282148373
368713.0,-3.4269,-7.0969,9.2807,0.0486,0.089,9.806,-0.0698,0.5526,-0.377,204.93,-79.25,91.49,52.83674,-1.659571,17.62,4,293.49,20 / 20,51.196985706393924,-23.60775275856329,-2.7547966999998015,596.5837054930812,112.42693889472996,-22.438441622645772,False,50.601,-16.856764370412492,7.9960819734274,-495.49548506290046,520.4340659889338,18.657163888894065,295.3775999999211,-68.05375007680641,31.60383473199069,-1092.0791905559818,408.0071270942038
368812.0,-1.8957,0.8182,10.6983,0.0162,0.0187,9.8066,0.0404,0.1393,-0.2825,204.27,-79.16,92.44,52.83674,-1.659571,17.62,4,293.49,20 / 20,51.60984567448823,-23.52380536503602,-2.7366945499998034,601.6726436464344,110.09392676761203,-22.710270439520723,False,50.69999999999999,-16.585417734957847,8.35030257685213,-497.1248906415709,521.2706966179468,18.568888888892793,296.7239999999405,-68.19526340944607,31.87410794188815,-1098.7975342880054,411.1767698503347
368913.0,-2.9341,-9.887,8.2357,0.0734,0.0994,9.8058,-0.0472,0.8303,-0.519,203.45,-78.67,93.28,52.83674,-1.659571,17.62,4,293.49,20 / 20,52.05882401116974,-23.29056235023572,-2.770999199999803,606.90791146556,107.72980119799082,-22.9884089738957,False,50.80099999999999,-16.83410127511066,8.215628378124396,-498.82778909606395,522.0795285134354,18.73188611111128,296.01398999999424,-68.8929252862804,31.506190728360117,-1105.735700561624,414.3497273154446
369012.0,1.2488,6.1228,10.7898,-0.0545,-0.0819,9.8061,-0.119,0.761,-0.587,203.5,-78.7,93.18,52.83674,-1.659571,17.62,4,293.49,20 / 20,52.253059655941776,-23.239448487754366,-2.8000952999998,612.0713497070815,105.42656566151055,-23.264178151645652,False,50.89999999999998,-16.8005723341709,8.270913286328998,-500.483797214791,522.8941425460451,18.726111111111198,296.21099999999706,-69.05363199011268,31.510361774083364,-1112.5551469218726,417.4675768845346
369112.0,-0.413,-1.8802,7.6499,0.0348,0.0494,9.8064,0.1108,0.2804,-0.3551,203.67,-78.87,92.13,52.83674,-1.659571,17.62,4,293.49,20 / 20,52.174429465906286,-23.50523151405407,-2.858775299999813,617.2927241631751,103.08933166141959,-23.547121681645695,False,51.0,-16.527480515678313,8.497253323188712,-502.1296614356579,523.7392239887852,18.58388888888889,297.209,-68.7019099815846,32.00248483724278,-1119.422385598833,420.6498923273656
369212.0,-3.6642,-5.6522,9.7268,-0.0338,-0.0555,9.8064,-0.1141,0.5168,-0.3244,204.36,-79.35,90.61,52.83674,-1.659571,17.62,4,293.49,20 / 20,52.55793995791605,-23.333608885017153,-2.9706052999997747,622.5293426343644,100.74738964146682,-23.838590711645576,False,51.099999999999966,-16.72249043191557,8.53818846189632,-503.80911472213256,524.5843054314636,18.776111111099855,297.04800000000944,-69.28043038983162,31.871797346913475,-1126.338457356497,423.83691578999674
369312.0,-3.5408,-0.8976,9.3809,0.0211,-0.016,9.8066,0.1363,-0.1574,0.0486,207.37,-79.14,90.32,52.83674,-1.659571,17.62,4,293.49,20 / 20,53.05977100414031,-23.28265823404793,-2.9958852999997805,627.8102281824684,98.41657628551305,-24.13691524164562,False,51.19999999999999,-16.677167046505538,8.678254392613152,-505.4684145693115,525.4516258583466,18.799999999998956,297.4909999999806,-69.73693805064585,31.96091262666108,-1133.27864275178,427.03504957283354
369412.0,-3.0363,-3.9604,10.4149,0.0293,0.0056,9.8065,0.0182,0.0923,-0.0735,203.71,-79.08,89.79,52.83674,-1.659571,17.62,4,293.49,20 / 20,53.49726082148775,-23.293083378108136,-2.9867602999997835,633.138079773748,96.08778920490603,-24.4360475216455,False,51.299999999999955,-16.603806647746826,8.624250970625672,-507.12099660332626,526.3078267942199,18.710000000002662,297.44800000000123,-70.10106746923458,31.91733434873381,-1140.2590763770743,430.22003758931385
369512.0,-2.812,-4.9604,9.2965,0.0304,0.0366,9.8065,0.0204,-0.4158,0.3294,201.38,-79.17,90.9,52.83674,-1.659571,17.62,4,293.49,19 / 20,53.982852511201465,-23.080038867902108,-2.9818552999997823,638.5120854403837,93.76913309260499,-24.734478301645545,False,51.39999999999998,-16.68339813606948,8.9047375082071,-508.7870142636525,527.2085056997946,18.911111111108138,298.0909999999905,-70.66625064727094,31.98477637610921,-1147.299099704036,433.4393726071896
369612.0,0.3525,-2.0394,9.5683,-0.0083,0.0149,9.8066,-0.0595,-0.0652,0.0742,201.97,-79.65,90.18,52.83674,-1.659571,17.62,4,293.49,19 / 20,54.27294571177203,-22.8854090964591,-3.0192802999997905,643.9248753515336,91.4708606943864,-25.034535081645593,False,51.5,-16.35598936106675,9.046504661391188,-510.4060072319506,528.1203040985034,18.69111111111111,298.947,-70.62893507283879,31.93191375785029,-1154.3308825834843,436.64944340411705
369712.0,-0.7233,-2.9831,9.096,0.0028,0.0181,9.8066,-0.0224,-0.1195,0.2087,202.33,-80.01,89.22,52.83674,-1.659571,17.62,4,293.49,19 / 20,54.431105434866566,-22.746632905964923,-3.066730299999774,649.3600779088637,89.18925859426598,-25.338835611645468,False,51.599999999999966,-16.465652746906102,9.101906104849132,-512.0518714526963,529.0321024971455,18.813888888881703,298.9330000000008,-70.89675818177267,31.848539010814054,-1161.41194936156,439.8428439028795
369812.0,-1.6073,0.0291,9.2282,-0.0213,-0.049,9.8065,0.0343,-0.3901,0.2032,202.77,-80.32,88.83,52.83674,-1.659571,17.62,4,293.49,19 / 20,54.64039389894867,-22.74178146484395,-3.131185299999789,654.8136528755557,86.91483787572501,-25.648731391645516,False,51.69999999999999,-16.344456860331334,9.210755672815909,-513.6775822341305,529.9550203882795,18.761111111113422,299.40299999997944,-70.98485075928001,31.95253713765986,-1168.4912351096862,443.0401825125545
369912.0,0.0506,-5.4961,10.0259,0.0082,0.0024,9.8065,0.0303,-0.1643,0.1392,195.65,-80.29,89.18,52.83674,-1.659571,17.62,4,293.49,19 / 20,54.836144541711676,-22.592892043888764,-3.1491452999997827,660.2874797975869,84.64810420028915,-25.962747921645388,False,51.799999999999955,-16.362036887847687,9.347507546796056,-515.3100108287111,530.8890577718387,18.843888888886443,299.7389999999901,-71.19818142955936,31.94039959068482,-1175.5974906262982,446.24095357154954
370012.0,0.2775,-0.6551,10.4843,-0.0102,-0.0529,9.8064,-0.0721,-0.1352,0.1225,203.19,-80.44,89.58,52.83674,-1.659571,17.62,4,293.49,19 / 20,54.95818097286048,-22.376149710057014,-3.1043002999997724,665.7771960733168,82.39965211259135,-26.275420201645435,False,51.89999999999998,-16.26420651325256,9.528802993779907,-516.9290037970088,531.845334140957,18.84999999999991,300.36499999999074,-71.22238748611304,31.90495270383692,-1182.7061998703257,449.44568202836564
370112.0,1.3798,-3.8088,10.1636,-0.0163,-0.0104,9.8066,0.0239,-0.2104,0.1507,203.2,-80.63,88.42,52.83674,-1.659571,17.62,4,293.49,19 / 20,55.01458202264573,-22.22580054845532,-3.052570299999761,671.2758342230933,80.16955459966523,-26.58326373164548,False,52.0,-16.26291599579008,9.580354289580063,-518.5479967652929,532.8016105100759,18.875,300.502,-71.27749801843581,31.806154838035383,-1189.8238309883861,452.63205591041066
370212.0,-0.5873,-1.0814,9.0376,-0.0292,-0.0163,9.8065,-0.024,-0.1051,0.0535,195.73,-80.99,86.8,52.83674,-1.659571,17.62,4,293.49,19 / 20,55.11924980833129,-22.063670746535205,-3.073175299999754,676.7825258146403,77.95508103491646,-26.889551011645352,False,52.099999999999966,-16.226458750978594,9.68865509951224,-520.1737075466066,533.7690063715496,18.898888888887488,300.84099999998017,-71.34570855930988,31.752325846047444,-1196.9562333612469,455.81392533663313
370312.0,-0.8265,0.3146,10.0404,-0.0068,0.0196,9.8065,0.0739,-0.3258,0.1773,193.12,-81.35,84.52,52.83674,-1.659571,17.62,4,293.49,19 / 20,55.25629010846782,-22.1238777227297,-3.09994029999976,682.3013028104815,75.74570361145271,-27.198206791645397,False,52.19999999999999,-16.169122810782792,9.795840572907094,-521.7792648886071,534.7586412193588,18.904999999999735,301.2089999999839,-71.42541291925062,31.91971829563679,-1204.0805676990885,459.01293760790605
370412.0,1.7245,-1.0907,9.0812,0.0209,-0.0085,9.8066,-0.0582,0.1041,-0.0909,193.84,-81.72,84.71,52.83674,-1.659571,17.62,4,293.49,19 / 20,55.28104916598611,-22.153651751715657,-3.1245252999997515,687.8281697742024,73.5318271377312,-27.509430071645266,False,52.299999999999955,-15.916913674351173,9.978468307430475,-523.364668791173,535.7593955588866,18.78611111111462,302.08399999997414,-71.19796284033728,32.13212005914613,-1211.1928385653755,462.2275684211554
370514.0,-1.2239,-1.6519,9.8557,-0.0274,-0.0151,9.8066,-0.1023,0.1319,0.0342,193.78,-81.8,85.03,52.837437,-1.661767,18.88,4,306.8,20 / 21,55.349121761171546,-22.09221867410039,-3.1590216999997622,693.4703084914892,71.27528774601386,-27.829890968645344,False,52.40199999999999,-15.88294840008134,10.368134693133985,-524.9751973148908,536.83665200817,18.967505555555153,303.13586000000015,-71.23207016125289,32.460353367234376,-1218.44550580638,465.5613642621561
370611.0,1.2929,0.9039,9.119,0.0138,0.0452,9.8064,-0.1073,0.2586,-0.0129,193.39,-81.8,83.88,52.837437,-1.661767,18.88,4,306.8,20 / 21,55.41156032162431,-22.13307046541115,-3.1899937999997556,698.8422015725037,69.130361222748,-28.137818220395257,False,52.49899999999997,-15.906967017818552,10.38112551768593,-526.5195553791207,537.8505273494962,18.99471944444443,303.12907,-71.31852733944285,32.51419598309708,-1225.3617569516243,468.72016612674827
370712.0,1.837,-0.6535,9.6342,0.0434,0.0646,9.8063,0.0727,-0.3775,0.3589,199.87,-81.76,83.39,52.837437,-1.661767,18.88,4,306.8,20 / 21,55.31624986720707,-22.18223783470266,-3.233428849999755,704.4339559870396,66.89243815359227,-28.462201064220228,False,52.599999999999966,-15.923710204834164,10.357977150879261,-528.1208804987278,538.8950924900404,18.99611111111105,303.04300000000507,-71.23996007204123,32.540214985581926,-1232.5548364857673,472.00265433644813
370812.0,-1.4216,-6.2239,10.783,0.0289,0.0725,9.8063,0.1884,0.1383,-0.267,193.37,-82.14,82.71,52.837437,-1.661767,18.88,4,306.8,20 / 21,55.436364472413814,-21.915587778321814,-3.193233849999746,709.9715867040219,64.68754687294054,-28.783534199220277,False,52.69999999999999,-15.685597797814788,10.495439377580864,-529.6794131486995,539.940324800686,18.873055555560942,303.78699999996746,-71.12196227022861,32.41102715590268,-1239.6509998527213,475.25277792774546
370911.0,0.3042,0.2477,9.5693,0.0285,-0.0232,9.8066,0.1401,-0.4412,0.243,198.43,-82.55,84.27,52.837437,-1.661767,18.88,4,306.8,20 / 21,55.61268519415464,-21.719174142484878,-3.1566533499997496,715.4685146625164,62.527626157860844,-29.09785361562022,False,52.79899999999998,-15.78830549448767,10.381882297351186,-531.2423123772209,540.9640964907243,18.89588055555488,303.3276400000137,-71.40099068864231,32.101056439836064,-1246.7108270397373,478.43647033286345
371012.0,-2.557,-4.4324,9.5282,-0.0155,0.0451,9.8065,0.0093,-0.3364,0.2156,197.83,-82.55,82.97,52.837437,-1.661767,18.88,4,306.8,20 / 21,55.83833222166638,-21.6366266275877,-3.182701249999749,721.0967910420153,60.3381582189722,-29.41799102292019,False,52.89999999999998,-15.579944266919371,10.564285566992215,-532.8099140749365,542.0307894212701,18.823888888889957,304.13999999998794,-71.41827648858575,32.200912194579914,-1253.9067051169518,481.69263120229795
371111.0,1.4646,-2.4864,9.3361,-0.0295,-0.033,9.8065,-0.0621,-0.2049,0.0733,197.79,-82.8,82.19,52.837437,-1.661767,18.88,4,306.8,20 / 21,56.046705076438684,-21.40921142991145,-3.219776749999745,726.6351003882709,58.207389235126215,-29.734913683920134,False,52.99899999999997,-15.66846983178947,10.638546432486166,-534.3595120334237,543.0875860038121,18.93883888888883,304.17564,-71.71517490822815,32.04775786239762,-1260.9946124216945,484.8801967686859
371212.0,-1.109,-1.3655,9.2524,-0.0236,0.0019,9.8066,-0.0286,0.2488,-0.1007,197.04,-82.95,80.2,52.837437,-1.661767,18.88,4,306.8,20 / 21,56.14215170143203,-21.300859393216633,-3.2715291499997443,732.3006376555533,56.050530658558266,-30.062724631870104,False,53.099999999999966,-15.555846845766686,10.695635112971498,-535.9269793747627,544.1657320128938,18.878055555559182,304.5109999999804,-71.69799854719871,31.99649450618813,-1268.227617030316,488.11520135433557
371312.0,-0.0624,-2.2357,9.9801,0.0045,0.0204,9.8065,-0.0289,-0.0053,0.0605,189.59,-83.04,77.8,52.837437,-1.661767,18.88,4,306.8,20 / 21,56.29573656058388,-21.22044575979398,-3.2905691499997487,737.9225320686553,53.92446540090725,-30.390829546870155,False,53.19999999999999,-15.448093627279576,10.83134322014469,-537.4653585853001,545.2443228022311,18.866944444444933,305.03599999997704,-71.74383018786347,32.05178897993867,-1275.3878906539553,491.3198574013238
371412.0,0.9002,-4.2417,10.1948,0.0293,0.0281,9.8065,0.053,-0.2786,0.1559,200.29,-83.22,78.73,52.837437,-1.661767,18.88,4,306.8,20 / 21,56.40525451872954,-20.975985574518514,-3.2624891499997584,743.5575816226191,51.814643834192346,-30.718482461870018,False,53.299999999999955,-15.337937666434657,10.864688722732831,-538.9970199827005,546.3229135901536,18.796111111113202,305.3119999999918,-71.7431921851642,31.840674297251347,-1282.5546016053195,494.50826975596124
371513.0,-0.2104,-1.665,10.6484,0.0108,0.0206,9.8065,-0.1593,0.2186,0.0252,197.26,-83.13,79.67,52.837437,-1.661767,18.88,4,306.8,20 / 21,56.52373654975987,-20.766711849794984,-3.200379199999759,749.2604956715777,49.70663761426454,-31.04485731354499,False,53.400999999999954,-15.310936137008886,10.99577592124993,-540.5370786464921,547.4458711552022,18.850250000001278,305.68458999999615,-71.83467268676876,31.762487771044913,-1289.7975743180698,497.7392335409377
371612.0,0.6875,0.4906,8.6025,-0.0282,-0.0091,9.8066,-0.0707,0.2631,-0.232,195.79,-83.42,76.9,52.837437,-1.661767,18.88,4,306.8,20 / 21,56.572731334487784,-20.786044458701106,-3.2183179999997673,754.8587708318506,47.649776176993015,-31.362582824945118,False,53.5,-15.192553711762063,11.014151656629068,-542.033471524867,548.5356926302492,18.765,305.941,-71.76528504624984,31.800196115330174,-1296.8922423567176,500.8859164532562
371712.0,-5.7925,-7.183,7.2581,-0.0321,0.0473,9.8064,-0.1441,0.7279,-0.3859,188.7,-83.16,75.6,52.837437,-1.661767,18.88,4,306.8,20 / 21,56.93392312174031,-20.566306999244883,-3.405952999999703,760.5341035546601,45.58215860409642,-31.693796374944977,False,53.599999999999966,-15.220359343018716,11.067576088810496,-543.5516972958587,549.647641896075,18.818888888885734,306.02299999999525,-72.15428246475902,31.633883088055377,-1304.0858008505188,504.0654832919786
371811.0,3.164,6.4628,11.0979,-0.1052,-0.1107,9.8054,0.0434,0.9651,-0.7671,188.41,-83.59,74.3,52.837437,-1.661767,18.88,4,306.8,20 / 21,57.13405569672589,-20.624357678271906,-3.4681893499996965,766.1804685061736,43.54322070255955,-32.03406642126991,False,53.698999999999955,-15.222852269839159,11.153249956825873,-545.0547408092237,550.7594799682242,18.87141388888654,306.2289199999908,-72.35690796656505,31.77760763509778,-1311.2352093153972,507.2162592656647
371911.0,-0.4407,-1.8893,8.7578,0.0355,0.0402,9.8065,0.0408,0.4686,-0.4103,188.83,-83.03,76.4,52.837437,-1.661767,18.88,4,306.8,20 / 21,57.031783028204174,-20.904314193001653,-3.456069349999694,771.8887604424214,41.466787108995405,-32.38027935626996,False,53.79899999999998,-15.069512174529367,11.284907190013138,-546.5530146752883,551.8935570240724,18.826569444445795,306.82796999998226,-72.10129520273354,32.18922138301479,-1318.4417751177098,510.426769915077
372011.0,1.7119,6.4485,9.9064,-0.0318,-0.1399,9.8055,-0.1688,0.9429,-0.4981,188.38,-82.92,75.25,52.837437,-1.661767,18.88,4,306.8,20 / 21,57.00161881410384,-21.194234126897655,-3.503524349999705,777.5904305345381,39.361859692999964,-32.72825904127001,False,53.899,-15.027627110492487,11.262096915301553,-548.0510870069447,553.0167369787306,18.779361111111804,306.84884999999974,-72.02924592459632,32.45633104219921,-1325.6415175414827,513.6548772857307
372112.0,1.0779,-3.5936,9.5854,-0.0206,-0.0601,9.8064,0.05,-0.2003,0.2003,195.08,-83.56,74.74,52.837437,-1.661767,18.88,4,306.8,20 / 21,56.924927613234104,-21.391875995240788,-3.5096600999997047,783.3437211291186,37.21126113183199,-33.08242485599497,False,54.0,-15.030805737667174,11.49732358227444,-549.5641400619037,554.1955143964848,18.92388888888889,307.413,-71.95573335090128,32.88919957751523,-1332.9078611910222,516.9842532646528
372212.0,-3.4103,-8.3404,9.6666,-0.0928,-0.1297,9.8053,0.0266,0.6157,-0.4982,193.76,-83.85,71.53,52.837437,-1.661767,18.88,4,306.8,20 / 21,57.24190597271257,-20.919469581620696,-3.5277250999996985,789.052062808414,35.09569385298963,-33.434294115994824,False,54.099999999999966,-15.049475892371413,11.430213433958825,-551.0622123934501,555.3408221417071,18.898055555557068,307.21700000001147,-72.29138186508399,32.34968301557952,-1340.114275201864,520.2451282887175
372312.0,-1.0688,-1.3405,8.2655,-0.0258,-0.1063,9.806,0.2968,-0.7346,0.1953,188.13,-83.67,73.6,52.837437,-1.661767,18.88,4,306.8,20 / 21,57.63120638478199,-20.57206767867856,-3.6117850999997176,794.79571842629,33.021116989974196,-33.79126962599488,False,54.19999999999999,-15.035789149392878,11.363642001887374,-552.5670025382549,556.4750103924664,18.84694444444668,307.081000000006,-72.66699553417487,31.935709680565935,-1347.362720964545,523.4538934024922
372412.0,-1.1817,-7.9304,10.6632,-0.0304,0.0104,9.8066,0.095,-0.3421,0.2796,185.39,-83.59,73.77,52.837437,-1.661767,18.88,4,306.8,20 / 21,57.857200231273396,-20.195273872098007,-3.646015099999706,800.5701387570908,30.982749912436063,-34.15415963599472,False,54.299999999999955,-15.067354195495136,11.258292001103234,-554.0717926830458,557.5869596590816,18.808888888890017,306.76700000000926,-72.92455442676854,31.453565873201242,-1354.6419314401367,526.6042097466456
372512.0,1.5901,3.1562,9.5105,-0.0351,-0.1096,9.806,-0.1555,0.5644,-0.2819,187.11,-84.11,70.87,52.837437,-1.661767,18.88,4,306.8,22 / 22,57.92302904080233,-20.02343799676495,-3.6179950999996997,806.3591502206959,28.971814318992458,-34.51736014599478,False,54.39999999999998,-15.015467799489484,11.389101403307423,-555.5698650147021,558.7100284181216,18.84611111111056,307.1799999999939,-72.9384968402918,31.412539400072376,-1361.929015235398,529.7382140991292
372612.0,-0.8617,-7.2651,9.4778,0.0181,0.0724,9.8063,0.0761,-0.788,0.2717,188.77,-83.55,69.33,52.837437,-1.661767,18.88,4,306.8,22 / 22,57.98864133510001,-19.890360613722148,-3.649245099999707,812.1547337394924,26.97612438846765,-34.88072215599483,False,54.5,-15.010067008942618,11.49516966959302,-557.0679373463583,559.8664556551458,18.90611111111111,307.446,-72.99870834404263,31.38553028331517,-1369.2226710858508,532.8903312666782
372712.0,0.5222,0.6489,10.4023,-0.0017,0.0076,9.8066,0.0174,-0.0215,-0.0864,185.94,-83.57,69.04,52.837437,-1.661767,18.88,4,306.8,22 / 22,58.12407719520823,-19.639403417702944,-3.6359050999997113,817.9603696660058,24.99963618689707,-35.24497966599468,False,54.599999999999966,-15.029760692448185,11.50234651355186,-558.5660096779046,561.0117633996608,18.92611111110994,307.42700000000116,-73.15383788765641,31.141749931254804,-1376.5263793439103,536.0121272127637
372812.0,3.7521,1.1481,10.5136,0.0551,0.0921,9.806,0.0532,-0.4437,0.4223,183.91,-83.16,71.27,52.837437,-1.661767,18.88,4,306.8,22 / 22,57.97346343323262,-19.782477214431186,-3.5707750999996963,823.7652466974292,23.028542155289916,-35.60531367599473,False,54.69999999999999,-14.977838739117509,11.725984698623831,-560.057364196399,562.1904296222422,19.021944444440248,308.05699999997245,-72.95130217235013,31.508461913055015,-1383.8226108938284,539.1618874669523
372912.0,-1.1261,-2.7501,9.3166,0.0192,0.0461,9.8065,-0.0514,-0.5088,0.2437,192.2,-83.34,69.82,52.837437,-1.661767,18.88,4,306.8,22 / 22,57.9322335458289,-19.777010490450174,-3.5599300999997,829.5605315463804,21.050567770046523,-35.961848935994574,False,54.799999999999955,-15.100595947122601,11.592120419603603,-561.5688721543647,563.3246178737096,19.036944444444,307.5120000000161,-73.0328294929515,31.369130910053777,-1391.1294037007451,542.2740501036631
373012.0,0.5768,2.8314,9.7019,0.0136,-0.0027,9.8066,-0.1203,0.1782,-0.0222,185.49,-83.47,68.17,52.837437,-1.661767,18.88,4,306.8,22 / 22,58.038886330435695,-19.866192694584964,-3.5896700999997067,835.359087540195,19.068407610794317,-36.31932894599463,False,54.89999999999998,-15.098813626392714,11.683165261701015,-563.0736622991567,564.503284096999,19.091111111110315,307.7319999999968,-73.13769995682841,31.54935795628598,-1398.4327498393518,545.4348764862046
373112.0,0.1372,-3.1497,9.8491,0.0323,0.0134,9.8065,-0.07,0.4475,-0.2532,184.86,-83.76,66.56,52.837437,-1.661767,18.88,4,306.8,22 / 22,58.072645768391716,-19.916194194025007,-3.5927850999997073,841.1646641451376,17.079288266363367,-36.67845170599468,False,55.0,-15.214648676179396,11.598011812638905,-564.5918880702462,565.6597113340239,19.13111111111111,307.318,-73.28729444457112,31.514206006663912,-1405.7565522153839,548.5804230676605
373213.0,1.6413,0.1766,8.8462,-0.0401,-0.0721,9.8063,0.0524,-0.3303,0.2464,191.46,-83.9,67.3,52.837437,-1.661767,18.88,4,306.8,22 / 22,58.062560782666374,-19.82286479811769,-3.6391440999997067,847.029492075966,15.072465787260178,-37.04366413059465,False,55.101,-15.226462900486547,11.73047054096481,-566.1252960989493,566.8392671161688,19.221061111104948,307.6106499999846,-73.28902368315292,31.553335339082498,-1413.1547881749152,551.7668013289086
373312.0,0.1923,-2.2844,9.2423,0.0032,0.0001,9.8066,-0.0016,-0.0725,0.0304,192.38,-83.65,69.24,52.837437,-1.661767,18.88,4,306.8,22 / 22,58.05641455820652,-19.779053016123715,-3.714621699999699,852.7773813553387,13.112170855455435,-37.40767553769458,False,55.19999999999999,-15.255519433645462,11.864556354474368,-567.6283396123142,568.0281632715287,19.326111111106467,307.8729999999884,-73.31193399185199,31.643609370598085,-1420.405720967653,554.9159924160732
373412.0,1.1375,0.4348,10.8629,-0.0445,-0.0319,9.8064,-0.1777,-0.1855,0.2708,185.4,-83.78,67.68,52.837437,-1.661767,18.88,4,306.8,22 / 22,58.07758903502212,-19.755280882591393,-3.690026699999707,858.5840815349981,11.135454160520354,-37.777907957694424,False,55.299999999999955,-15.267578878547795,11.889766037305384,-569.1532831965652,569.206829493405,19.351111111110374,307.90999999999894,-73.34516791356992,31.645046919896778,-1427.7373647315633,558.0713753328847
373512.0,-2.4848,0.3591,8.3964,-0.038,0.0157,9.8065,0.1488,-0.152,0.0217,192.07,-83.84,68.29,52.837437,-1.661767,18.88,4,306.8,21 / 21,58.201614954138286,-19.888508094635878,-3.707726699999711,864.3980417344574,9.15326471165854,-38.14779562769448,False,55.39999999999998,-15.307872139974508,11.955088358533724,-570.6849445939527,570.3966152084136,19.423055555554495,307.98899999999884,-73.5094870941128,31.843596453169603,-1435.08298632841,561.243350496755
373612.0,1.4792,-0.7964,9.1502,-0.0302,-0.0121,9.8065,0.0903,-0.1887,0.0053,191.2,-83.83,66.62,52.837437,-1.661767,18.88,4,306.8,21 / 21,58.31579769023958,-19.955337004509968,-3.8110616999997347,870.2239123666776,7.161072456700795,-38.52373504769454,False,55.5,-15.25981893273543,12.080912949722434,-572.2031703650291,571.6086399089809,19.463055555555552,308.368,-73.575616622975,32.0362499542324,-1442.4270827317068,564.44756745228
373712.0,-2.0382,-1.6111,11.0453,0.0132,0.0334,9.8065,0.0594,-0.1247,0.145,190.58,-83.66,65.71,52.837437,-1.661767,18.88,4,306.8,21 / 21,58.42820279216571,-19.91735249512541,-3.7819516999997447,876.0611123907959,5.167437981719706,-38.903385717694384,False,55.599999999999966,-15.343572390434263,12.0244122647129,-573.7348317623045,572.8206646094596,19.49388888888708,308.0850000000165,-73.77177518259998,31.94176475983831,-1449.7959441531002,567.65322662774
373812.0,-1.4771,-0.3918,10.2437,0.0286,-0.0075,9.8065,-0.005,0.1274,-0.0261,191.28,-83.74,66.94,52.837437,-1.661767,18.88,4,306.8,21 / 21,58.68163188220914,-19.92807307145353,-3.6981666999997254,881.916604124516,3.175166703390306,-39.27739163769444,False,55.69999999999999,-15.441949216778383,12.032054297619514,-575.2732109728407,574.0326893100272,19.576111111107508,307.925000000007,-74.12358109898753,31.960127369073042,-1457.1898150973566,570.8575226066368
373912.0,1.357,-0.5737,9.8765,-0.0173,0.0104,9.8066,-0.0118,0.0843,-0.128,185.09,-83.53,67.27,52.837437,-1.661767,18.88,4,306.8,21 / 21,58.75852715566263,-19.961505110388625,-3.672821699999734,887.7886120764075,1.1806877942988785,-39.64594105769429,False,55.799999999999955,-15.383996464347518,12.223399173419757,-576.8048723702277,575.2669529954445,19.648888888886738,308.4689999999839,-74.14252362001014,32.18490428380838,-1464.593484446635,574.0862652011456
374012.0,-1.4731,-2.2642,8.5765,-0.0015,0.037,9.8065,-0.0125,0.288,-0.2915,190.97,-83.31,67.36,52.837437,-1.661767,18.88,4,306.8,21 / 21,58.853220668363164,-19.902409704920956,-3.730836699999747,893.6691994676102,-0.8125079464670539,-40.01612397769435,False,55.89999999999998,-15.448592734624032,12.248355298556735,-578.3432515807641,576.4900971884382,19.71499999999902,308.4090000000009,-74.3018134029872,32.15076500347769,-1472.0124510483743,577.3026051349052
374112.0,0.456,0.9403,10.9066,0.017,0.0215,9.8066,-0.0012,0.029,0.0872,185.09,-83.41,67.37,52.837437,-1.661767,18.88,4,306.8,21 / 21,58.98607039099302,-19.92271263787314,-3.7373466999997484,899.5611640205793,-2.803764063607211,-40.38953314769441,False,56.0,-15.442300070055445,12.35746131310989,-579.8883486044361,577.7354803669897,19.778055555555557,308.668,-74.42837046104847,32.28017395098303,-1479.4495126250154,580.5392444305969
374212.0,0.3598,-0.3158,11.0442,0.0422,-0.0061,9.8065,0.0112,0.0872,-0.0491,191.97,-83.46,68.79,52.837437,-1.661767,18.88,4,306.8,21 / 21,59.01007576064463,-20.021499453845184,-3.620471699999788,905.4609713281592,-4.800974668192446,-40.75742406769426,False,56.099999999999966,-15.614432350162614,12.275436427931838,-581.4535990674405,578.9475050674685,19.861944444439533,308.173000000029,-74.62450811080724,32.296935881777024,-1486.9145703955996,583.7484797356609
374312.0,1.1802,-0.2616,9.5325,0.0175,-0.027,9.8066,-0.0956,0.0765,-0.0297,192.15,-83.64,68.81,52.837437,-1.661767,18.88,4,306.8,21 / 21,59.0015083550943,-20.054287799896347,-3.572301699999777,911.3615505339475,-6.804764030879978,-41.11706273769432,False,56.19999999999999,-15.610790173968415,12.257591096164662,-583.0121317174109,580.159529768036,19.848055555556165,308.1390000000015,-74.61229852906271,32.31187889606101,-1494.3736822513583,586.964293798916
374412.0,0.6658,-1.3159,10.2059,-0.0062,0.0096,9.8066,0.0602,0.0005,0.0494,191.64,-83.7,67.71,52.837437,-1.661767,18.88,4,306.8,21 / 21,58.98815594019912,-20.034919613236312,-3.566046699999779,917.2610337487101,-8.809224401535927,-41.47398015769417,False,56.299999999999955,-15.711428440387314,12.239383078923215,-584.5840999936908,581.3715544678957,19.916111111109103,307.9190000000065,-74.69958438058643,32.27430269215952,-1501.8451337424008,590.1807788694317
374513.0,-2.0781,-1.611,8.595,-0.0577,-0.0236,9.8064,0.1259,0.2116,-0.274,185.48,-83.8,67.84,52.837437,-1.661767,18.88,4,306.8,20 / 22,59.14671351010221,-19.966038124716682,-3.6070728999997788,923.2268446559503,-10.829272767302534,-41.836222697494144,False,56.400999999999954,-15.511132675630547,12.640068797445663,-586.1382660650949,582.6631947366335,20.009163888885592,309.1767200000034,-74.65784618573275,32.60610692216235,-1509.3651107210453,593.492467503936
374612.0,-3.2531,-3.132,8.9449,0.0211,0.0252,9.8065,0.0627,0.1922,-0.2778,181.63,-83.8,66.51,52.837437,-1.661767,18.88,4,306.8,20 / 22,59.49278174436015,-19.812728120044753,-3.7097061999998266,929.099499671049,-12.798321696419148,-42.198403262944296,False,56.5,-15.73168078150364,12.71700300652168,-587.7011652936313,583.9401572748063,20.22888888888889,308.951,-75.22446252586379,32.52973112656643,-1516.8006649646804,596.7384789712255
374712.0,-0.523,0.0529,10.1737,-0.0185,-0.015,9.8066,0.0641,0.1344,-0.0981,179.9,-83.99,63.24,52.837437,-1.661767,18.88,4,306.8,20 / 22,59.760603041139774,-19.727201618796602,-3.734441199999818,935.0621689103219,-14.775318183360541,-42.57061063294415,False,56.599999999999966,-15.608486172660076,12.814569224049555,-589.2529801303388,585.2411379153912,20.195000000001983,309.38599999997456,-75.36908921379985,32.541770842846155,-1524.3151490406608,600.0164560987517
374812.0,-0.9886,-2.439,9.7696,0.0286,0.036,9.8065,0.1135,0.1811,-0.2377,184.34,-83.91,65.34,52.837437,-1.661767,18.88,4,306.8,20 / 22,59.918321771557544,-19.67743037458967,-3.717941199999814,941.0461151509581,-16.745549783030302,-42.94322975294422,False,56.69999999999999,-15.7210252755104,12.855601298037092,-590.8249484065922,586.5198795719286,20.308055555550606,309.2740000000049,-75.63934704706794,32.53303167262676,-1531.8710635575503,603.265429354959
374912.0,0.3568,1.7509,9.663,-0.0245,0.0139,9.8066,-0.1014,0.3105,-0.0762,190.61,-83.98,65.24,52.837437,-1.661767,18.88,4,306.8,20 / 22,60.009751487955775,-19.714300937888652,-3.726976199999811,947.0425188139318,-18.715136348653548,-43.31547562294407,False,56.799999999999955,-15.745520649046293,12.905926401483894,-592.3969166828726,587.8097407208893,20.358888888887385,309.33999999999804,-75.75527213700207,32.62022733937255,-1539.4394354968044,606.5248770695429
375012.0,2.2972,-1.2673,9.8502,-0.0316,0.0147,9.8065,-0.2759,0.243,0.0559,188.04,-83.83,60.53,52.837437,-1.661767,18.88,4,306.8,20 / 22,59.93551796279341,-19.79242805457204,-3.731981199999812,953.0397822864707,-20.690472798277032,-43.68842349294414,False,56.89999999999998,-15.828201369882148,12.632321347602437,-593.9756027722894,589.0662433925752,20.251111111112703,308.59300000001105,-75.76371933267556,32.42474940217448,-1547.01538505876,609.7567161908522
375112.0,4.3555,2.0607,11.1516,-0.1129,-0.0788,9.8057,0.1041,0.5803,-0.4993,179.02,-83.99,54.29,52.837437,-1.661767,18.88,4,306.8,20 / 22,59.68591467555474,-19.887474496519133,-3.662556199999796,959.0208539183894,-22.67446792583204,-44.058150362944204,False,57.0,-16.05373813572023,12.700330384274334,-595.5744423011396,590.3338655559783,20.47,308.348,-75.73965281127496,32.58780488079347,-1554.595296219529,613.0083334818103
375211.0,-3.8505,-3.9172,9.1853,-0.0134,0.0043,9.8066,0.1159,0.1085,-0.1611,180.54,-83.72,57.46,52.837437,-1.661767,18.88,4,306.8,20 / 22,59.73946569333046,-19.862923711836142,-3.6267379999997997,964.9324102466486,-24.64211263714542,-44.418970425844144,False,57.09899999999999,-15.928820815509766,12.801404156064914,-597.1506427995556,591.5998197958565,20.435350000002018,308.7875599999744,-75.66828650884023,32.66432786790106,-1562.0830530462042,616.2419324330019
375311.0,-0.6054,-2.9883,11.2422,-0.0674,-0.0728,9.8061,0.0661,0.3765,-0.2771,185.19,-84.3,54.67,52.837437,-1.661767,18.88,4,306.8,20 / 22,60.049674252831004,-19.589251171161933,-3.5860279999998137,970.9218672439546,-26.61472138129465,-44.779608725844,False,57.198999999999955,-16.019193698132167,12.80197888747396,-598.756065785289,592.8675531541901,20.506224999996817,308.6306300000072,-76.06886795096317,32.39123005863589,-1569.6779330292436,619.4822745354847
375411.0,1.8783,2.5757,9.7419,0.0095,-0.0165,9.8065,-0.0711,0.2845,-0.1073,181.71,-84.25,56.14,52.837437,-1.661767,18.88,4,306.8,20 / 22,60.0671481580423,-19.63629849248346,-3.517487999999798,976.9277083644996,-28.575998864477366,-45.13478452584406,False,57.29899999999998,-16.014568188816334,12.672424583106599,-600.3483218572542,594.1351753182936,20.421969444446976,308.3547700000082,-76.08171634685863,32.30872307559006,-1577.276030221754,622.711174182771
375512.0,-0.5755,-0.6894,9.3733,-0.0413,-0.0572,9.8063,-0.0725,0.3247,-0.1974,181.53,-84.19,55.84,52.837437,-1.661767,18.88,4,306.8,21 / 22,60.072844706587354,-19.795003368375227,-3.542642049999798,982.9947780041633,-30.56727960845071,-45.49132109336904,False,57.39999999999998,-16.117736758106606,12.79355041588591,-601.9765182295586,595.426593195763,20.578055555553235,308.44099999999867,-76.19058146469396,32.58855378426114,-1584.971296233722,625.9938728042137
375612.0,1.3964,0.3699,9.0519,-0.0494,-0.0327,9.8064,0.1191,-0.2405,0.001,184.08,-84.4,52.53,52.837437,-1.661767,18.88,4,306.8,21 / 22,60.103866404496465,-19.841185568444292,-3.602047049999811,989.0036135597189,-32.549089055292136,-45.8485555483691,False,57.5,-16.0777370491265,12.86780122994378,-603.5753577583959,596.7275738378574,20.593055555555555,308.672,-76.18160345362297,32.70898679838807,-1592.5789713181148,629.2766628931496
375712.0,-0.8775,-1.5681,8.4451,0.0057,-0.0262,9.8065,-0.0896,0.0014,0.0729,183.79,-84.35,52.02,52.837437,-1.661767,18.88,4,306.8,21 / 22,60.15285859035984,-19.847153172295833,-3.707862049999775,995.0164498094597,-34.533505992328465,-46.21405100336895,False,57.599999999999966,-16.064824506018166,12.912757831902619,-605.1809151002776,598.0174349860174,20.611111111110052,308.791999999993,-76.21768309637801,32.75991100419845,-1600.1973649097372,632.5509409783459
375812.0,3.6116,1.3733,10.1939,-0.0147,-0.0588,9.8064,-0.0785,-0.4189,0.3722,182.64,-84.42,49.86,52.837437,-1.661767,18.88,4,306.8,21 / 22,60.09010189924049,-19.899014259867478,-3.756577049999786,1001.028597833941,-36.520814363937085,-46.58727295836901,False,57.69999999999999,-16.066521975656773,12.778972987616447,-606.7797546291551,599.2961766432617,20.528888888892485,308.49800000001284,-76.15662387489726,32.67798724748393,-1607.808352463096,635.8169910071988
375912.0,-2.3333,-3.2371,9.294,-0.0065,0.0135,9.8066,0.1507,-0.2223,0.01,177.05,-84.17,50.29,52.837437,-1.661767,18.88,4,306.8,21 / 22,60.090287632822715,-19.854154516941342,-3.762847049999784,1007.0376173105421,-38.50847280277685,-46.96324416336886,False,57.799999999999955,-16.045614292455618,12.968462038986381,-608.378594157978,600.5971572853548,20.631111111108087,308.9459999999868,-76.13590192527833,32.82261655592772,-1615.41621146852,639.1056300881316
376012.0,2.0615,1.4845,8.8612,-0.0049,-0.032,9.8065,0.1241,-0.2858,-0.0161,178.6,-84.21,53.47,52.837437,-1.661767,18.88,4,306.8,21 / 22,60.175035567127566,-19.82310510535071,-3.8357520499998006,1013.0508834705411,-40.4923357838919,-47.34317411836893,False,57.89999999999998,-16.051089605510477,12.506233940240245,-609.9774336868418,601.842540463201,20.34805555555974,307.92400000001516,-76.22612517263804,32.329339045590956,-1623.0283171573828,642.3348762470929
376112.0,-1.1741,-2.8217,9.5553,0.0125,0.0499,9.8064,-0.0032,-0.2699,0.2175,178.59,-84.26,53.45,52.837437,-1.661767,18.88,4,306.8,21 / 22,60.20601387142429,-19.8182591604767,-3.8955920499998142,1019.06993594247,-42.47440399718372,-47.729741323369,False,58.0,-16.16715559291432,12.796939440618015,-611.5964266551256,603.1212821197367,20.61888888888889,308.363,-76.37316946433862,32.61519860109472,-1630.6663625975957,645.5956861169204
376212.0,-0.6744,-3.4156,10.2182,-0.0085,0.0024,9.8066,-0.0239,-0.0102,-0.094,178.26,-84.02,52.71,52.837437,-1.661767,18.88,4,306.8,21 / 22,60.36692189932263,-19.564737931871125,-3.887582049999817,1025.0985827310053,-44.44355385180044,-48.11890002836885,False,58.099999999999966,-16.145756302623983,12.690406336456608,-613.2087018101424,604.3889042837543,20.536111111115957,308.1670000000115,-76.51267820194661,32.25514426832773,-1638.3072845411477,648.8324581355547
376312.0,-2.3127,-6.8174,10.5173,0.0578,0.0602,9.8062,0.0657,-0.5306,0.4329,180.91,-83.71,54.8,52.837437,-1.661767,18.88,4,306.8,21 / 22,60.59238393461414,-19.116246518280082,-3.831472049999804,1031.1465480227034,-46.37760307430844,-48.50485273336892,False,58.19999999999999,-16.131507018652336,12.567081526649282,-614.8209769652907,605.6231679691753,20.448888888892707,307.9200000000108,-76.72389095326648,31.683328044929365,-1645.9675249879942,652.0007710434837
376412.0,0.5702,2.0775,11.2607,-0.0076,0.0115,9.8066,0.1078,-0.0962,-0.0445,184.28,-84.05,53.24,52.837437,-1.661767,18.88,4,306.8,21 / 22,60.749760233598764,-18.94482707924752,-3.723237049999841,1037.213655231112,-48.28065675418417,-48.88258818836877,False,58.299999999999955,-16.04187904958728,12.582961729851428,-616.4265343072896,606.8796706408584,20.38805555555735,308.1099999999944,-76.79163928318604,31.52778880909895,-1653.6401895384015,655.1603273950426
376512.0,1.9574,-0.1196,8.1717,0.0174,0.059,9.8064,-0.001,-0.3584,0.1603,178.71,-84.15,53.68,52.837437,-1.661767,18.88,4,306.8,21 / 21,60.68932323655807,-19.107170053859665,-3.732282049999843,1043.2856094046213,-50.18325661083996,-49.25536414336884,False,58.39999999999998,-16.15057761261366,12.550713663290818,-618.0388094624243,608.1250538187033,20.453888888887914,307.8510000000038,-76.83990084917173,31.657883717150483,-1661.3244188670456,658.3083104295433
376612.0,2.5912,2.4844,8.7421,-0.0078,0.0162,9.8065,-0.1317,-0.0183,0.1649,180.37,-83.95,53.8,52.837437,-1.661767,18.88,4,306.8,21 / 21,60.53695423798444,-19.288950349017334,-3.8672570499998735,1049.3469232783498,-52.10306263098425,-49.63534109836891,False,58.5,-15.974358214540047,12.612166748068622,-619.6309311781262,609.3926759828136,20.353055555555557,308.29200000000003,-76.51131245252449,31.901117097085958,-1668.977854456476,661.4957386137978
376712.0,-1.7911,-3.4544,8.9121,0.0165,0.0526,9.8065,0.0324,-0.4439,0.2541,178.84,-83.81,53.88,52.837437,-1.661767,18.88,4,306.8,21 / 21,60.568535703814234,-19.30009533182822,-3.96521204999984,1055.4021977754376,-54.03251491502587,-50.026964553368764,False,58.599999999999966,-16.079388656035164,12.461668017749842,-621.2364885200345,610.626939668142,20.34305555555614,307.7760000000302,-76.6479243598494,31.76176334957806,-1676.638686295472,664.6594545831679
376812.0,1.2645,-2.2666,9.8776,-0.0153,-0.0084,9.8066,-0.0366,-0.323,0.1899,182.91,-84.0,51.88,52.837437,-1.661767,18.88,4,306.8,21 / 21,60.67164766295423,-19.07309827899288,-4.0063920499998495,1061.4642069437773,-55.951174595567366,-50.42554475836884,False,58.69999999999999,-16.077087242437248,12.092093267103103,-622.8487636751692,611.8056058907285,20.116944444454344,306.94800000003625,-76.74873490539147,31.165191546095983,-1684.3129706189466,667.756780486296
376912.0,-3.8278,-5.3868,9.6432,0.0878,0.064,9.806,-0.018,-0.5993,0.466,182.49,-84.21,49.67,52.837437,-1.661767,18.88,4,306.8,21 / 21,60.88960296671978,-18.762208391069198,-4.011017049999848,1067.542269475259,-57.84293992906983,-50.82641521336868,False,58.799999999999955,-15.914342364108837,12.36579736464911,-624.4341675777086,613.0509890699841,20.1538888888878,307.8479999999734,-76.80394533082861,31.128005755718306,-1691.9764370529676,670.893928999054
377011.0,2.7478,1.5429,11.0745,-0.0111,-0.0104,9.8066,-0.0249,-0.1715,0.172,183.91,-84.01,52.44,52.837437,-1.661767,18.88,4,306.8,21 / 21,61.02070718366298,-18.63719665384958,-3.956349249999822,1073.5768298277058,-59.694210478794176,-51.22079984521885,False,58.899,-15.885753094609877,12.270234909461132,-626.0037174412494,614.239885225346,20.07276388889009,307.6826700000024,-76.90646027827286,30.90743156331071,-1699.5805472689551,673.9340957041402
377111.0,-0.5984,-3.3079,9.0671,0.0749,0.0589,9.8061,0.0271,-0.5621,0.3186,185.36,-83.63,55.51,52.837437,-1.661767,18.88,4,306.8,21 / 21,60.99376605410638,-18.61159413419832,-3.929934249999831,1079.6775534895921,-61.55665001819594,-51.6151140202187,False,58.99899999999997,-15.917310853831854,12.367363058620414,-627.5891213438142,615.4958319223869,20.157194444444404,307.8463299999999,-76.91107690793824,30.978957192818733,-1707.2666748334063,677.0524819405828
377211.0,0.3274,-3.7738,10.1061,-0.0029,0.0316,9.8066,0.0886,-0.3022,0.0737,179.04,-83.75,54.27,52.837437,-1.661767,18.88,4,306.8,21 / 21,61.092375840963825,-18.326868509699594,-3.951939249999836,1085.781860584347,-63.40357315039125,-52.00920769521877,False,59.09899999999999,-15.776459907678785,12.643096685200652,-629.1479227061981,616.7853594857829,20.217455555552093,308.7083099999498,-76.86883574864261,30.969965194900247,-1714.929783290545,680.1889326361742
377312.0,-2.2337,-0.3067,9.6756,0.007,0.0268,9.8065,-0.0562,-0.1074,-0.0264,179.34,-83.56,54.9,52.837437,-1.661767,18.88,4,306.8,21 / 21,61.26238741384381,-18.18214157562473,-3.943435049999836,1091.9607761287148,-65.24727815970012,-52.40792409736875,False,59.19999999999999,-15.836737658803875,12.539447369252537,-630.7421941220987,618.0547607689509,20.200000000000788,308.37200000001513,-77.09912507264768,30.72158894487727,-1722.7029702508135,683.3020389286511
377412.0,-0.8085,-4.1218,10.7385,-0.0055,0.0817,9.8062,-0.2672,0.4091,-0.0506,179.63,-83.36,55.51,52.837437,-1.661767,18.88,4,306.8,21 / 21,61.489019333973424,-18.02128240487715,-3.9033950499998493,1098.0983464661035,-67.0574493587246,-52.8002656023686,False,59.299999999999955,-15.808448381654717,12.489688955780778,-632.3208802115015,619.3001439467954,20.14694444444601,308.3110000000018,-77.29746771562814,30.51097136065793,-1730.419226677605,686.35759330552
377512.0,-0.206,1.1217,9.4666,-0.0417,-0.0221,9.8065,0.1289,0.3875,-0.3254,180.05,-83.57,56.41,52.837437,-1.661767,18.88,4,306.8,20 / 21,61.61401481972813,-17.933607382399895,-3.8738050499998424,1104.25349817379,-68.85519384808886,-53.18912560736867,False,59.39999999999998,-15.78469276831307,12.474500564489082,-633.8995663009184,620.5455271253472,20.118888888889302,308.3189999999999,-77.3987075880412,30.408107946888975,-1738.1530644747083,689.4007209734361
377612.0,3.7322,1.1231,10.3412,0.012,0.0363,9.8066,0.0881,0.0028,0.0036,185.87,-83.53,56.77,52.837437,-1.661767,18.88,4,306.8,20 / 21,61.504931823223224,-18.092994042853153,-3.8640800499998402,1110.409445505939,-70.65652391935193,-53.576019862368746,False,59.5,-15.778622678190706,12.398279143320888,-635.4715345771865,621.7797908107664,20.066944444444445,308.159,-77.28355450141393,30.49127318617404,-1745.8809800831255,692.4363147301183
377712.0,0.1236,2.27,10.3294,-0.0486,-0.0229,9.8064,-0.0852,0.4873,-0.2225,184.1,-83.69,54.98,52.837437,-1.661767,18.88,4,306.8,20 / 21,61.3690048272151,-18.31163933636023,-3.8112150499998583,1116.5531423384587,-72.47675558831197,-53.9597846173686,False,59.599999999999966,-15.822148132140281,12.456169557415576,-637.0569384796095,623.0140544975094,20.136944444440342,308.21199999999686,-77.19115295935538,30.767808893775808,-1753.6100808180681,695.4908100858214
377812.0,2.8185,1.5687,11.0616,-0.023,-0.0042,9.8065,-0.2105,-0.1311,0.2408,184.58,-83.49,54.08,52.837437,-1.661767,18.88,4,306.8,20 / 21,61.278495562593356,-18.55965879200131,-3.722330049999838,1122.6855173579504,-74.32032049473047,-54.336461872368666,False,59.69999999999999,-15.816427820560182,12.384287908482346,-638.6356245690534,624.2371986897961,20.08805555555769,308.0610000000066,-77.09492338315354,30.943946700483657,-1761.3211419270037,698.5575191845265
377912.0,1.4545,-4.8487,8.8099,-0.0027,0.0224,9.8066,-0.2959,-0.3573,0.4722,175.65,-83.51,55.04,52.837437,-1.661767,18.88,4,306.8,20 / 21,61.115975257969744,-18.45311936883162,-3.709420049999842,1128.8052408989765,-76.17095940277149,-54.708049377368525,False,59.799999999999955,-15.762704432184629,12.391111692807552,-640.2075928452941,625.4825818683463,20.050000000001127,308.17099999999675,-76.87867969015437,30.84423106163917,-1769.0128337442707,701.6535412711178
378011.0,-4.9777,-0.885,9.8691,0.0932,0.1015,9.8056,-0.1506,-0.6594,0.6378,179.9,-83.12,52.94,52.837437,-1.661767,18.88,4,306.8,20 / 21,61.349325513099714,-18.23419632278821,-3.755667899999864,1134.8672732871473,-77.98698152950752,-55.07757123089368,False,59.899,-15.791552270054645,12.615929372542276,-641.7638414387999,626.7375278101151,20.212249999997592,308.6214499999933,-77.14087778315437,30.850125695330487,-1776.631114725947,704.7245093396226
378111.0,-1.9682,-2.186,8.4655,0.0264,0.0345,9.8065,-0.0853,-0.0987,0.1039,176.27,-83.28,46.2,52.837437,-1.661767,18.88,4,306.8,20 / 21,61.76671771493649,-18.134243216839998,-3.819602899999842,1141.023075448547,-79.8054035064883,-55.45633477089354,False,59.99899999999997,-15.665015385281892,12.630790303146165,-643.3225084450587,628.0051499749181,20.12286388888893,308.8794399999999,-77.43173310021838,30.76503351998616,-1784.3455838936056,707.8105534814065
378212.0,0.8054,0.818,12.1755,0.0881,0.0467,9.8061,-0.1476,-0.2859,0.327,170.78,-83.08,45.09,52.837437,-1.661767,18.88,4,306.8,20 / 21,61.90799271794692,-18.119263656536955,-3.767704049999842,1147.2686483254074,-81.63620560359382,-55.83949377186852,False,60.099999999999966,-15.812200321737734,12.664789773117347,-644.9167798608336,629.2854483591697,20.258888888880872,308.69300000001107,-77.72019303968466,30.7840534296543,-1792.185428186241,710.9216539627635
378311.0,-0.2569,-2.911,11.8543,-0.0244,0.0052,9.8066,-0.1934,0.2031,-0.1502,179.88,-83.06,44.75,52.837437,-1.661767,18.88,4,306.8,20 / 21,61.9668270003101,-18.077193740147273,-3.549087299999865,1153.4004519014604,-83.4279302447295,-56.20167494369347,False,60.198999999999955,-15.813638474757287,12.729759720581537,-646.4796790893427,630.5514025998398,20.30068888888702,308.8335799999937,-77.78046547506739,30.80695346072881,-1799.880130990803,713.9793328445693
378411.0,3.1494,2.0018,10.2775,-0.0155,0.0487,9.8064,0.1939,-0.0312,-0.1112,176.25,-82.98,47.89,52.837437,-1.661767,18.88,4,306.8,20 / 21,61.9062952620787,-18.10196655840617,-3.423162299999836,1159.5941080145813,-85.23688825965758,-56.55028742369353,False,60.29899999999998,-15.849275427183102,12.65741174757088,-648.0583651787728,631.8081276599806,20.28323611111164,308.6112600000067,-77.7555706892618,30.759378305977048,-1807.6524731933541,717.0450159196382
378512.0,2.3061,-0.4165,10.1982,0.0945,0.0515,9.806,0.1488,0.2439,-0.353,182.63,-82.62,50.55,52.837437,-1.661767,18.88,4,306.8,21 / 22,61.715560968153696,-18.249460037115767,-3.3796110999998366,1165.8370117542079,-87.07263530273141,-56.89382748039351,False,60.39999999999998,-15.826884898732775,12.769774059304615,-649.6595559422057,633.0883148515006,20.336111111110323,308.89799999999576,-77.54244586688647,31.019234096420384,-1815.4965676964134,720.1609501542321
378612.0,0.7933,-0.3096,9.0747,0.0351,0.0442,9.8064,-0.195,-0.1396,0.3958,175.27,-82.59,45.35,52.837437,-1.661767,18.88,4,306.8,21 / 22,61.63698315846456,-18.272478551854434,-3.3966310999998406,1172.0046389605402,-88.89873223218034,-57.232639590393575,False,60.5,-15.973823009533994,12.664327990860091,-651.2583954710693,634.3448175224784,20.385,308.408,-77.61080616799856,30.936806542714525,-1823.2630344316094,723.2435497546587
378712.0,-1.302,-2.2484,9.9219,0.0183,0.0178,9.8065,-0.1298,0.2425,0.0388,168.84,-82.76,40.71,52.837437,-1.661767,18.88,4,306.8,21 / 22,61.721586601282155,-18.189100278710086,-3.42746609999983,1178.1725674485253,-90.72181117370793,-57.573844450393445,False,60.599999999999966,-15.894077944576905,12.718079487866218,-652.8370815603572,635.6235591782134,20.3561111111128,308.6659999999849,-77.61566454585906,30.907179766576306,-1831.0096490088827,726.3453703519214
378812.0,-1.5174,-1.9905,8.6062,-0.0353,-0.0146,9.8065,0.1215,0.1692,-0.2819,177.36,-82.91,39.54,52.837437,-1.661767,18.88,4,306.8,21 / 22,61.917147469003154,-18.016411795950294,-3.4817260999998423,1184.354504152041,-92.53208677744136,-57.91930406039351,False,60.69999999999999,-15.973378924366964,12.892114410118714,-654.4292032760445,636.9245398195998,20.526944444436964,308.9069999999894,-77.89052639337012,30.908526206069006,-1838.7837074280856,729.4566265970411
378912.0,-2.8924,-4.9984,8.7084,0.0253,0.0387,9.8065,0.2218,-0.2591,0.0123,179.29,-82.79,43.51,52.837437,-1.661767,18.88,4,306.8,21 / 22,62.20713351577221,-17.722352544349192,-3.596661099999803,1190.5607182012777,-94.31902499445573,-58.27322342039337,False,60.799999999999955,-16.06797795684048,12.897299008865133,-656.0347606180559,638.2144009685614,20.603888888886612,308.75300000000453,-78.27511147261269,30.619651553214325,-1846.5954788193335,732.5334259630172
379012.0,-1.9357,0.5573,11.1235,-0.0331,-0.0695,9.8063,0.0733,0.684,-0.4156,176.16,-82.86,47.47,52.837437,-1.661767,18.88,4,306.8,21 / 22,62.52495988606697,-17.55170169518807,-3.585731099999801,1196.797322871371,-96.08272770643299,-58.632343030393436,False,60.89999999999998,-15.916111718060018,12.9517484448349,-657.6201645206223,639.5153816106559,20.52000000000124,309.1369999999943,-78.44107160412699,30.50345014002297,-1854.4174873919933,735.598109317089
379112.0,-5.6564,-5.1002,10.0095,0.0182,-0.0138,9.8066,-0.0696,0.2599,-0.0775,181.89,-83.16,48.89,52.837437,-1.661767,18.88,4,306.8,21 / 22,62.9909087332365,-17.388897664578547,-3.5097460999997834,1203.0731163023377,-97.82975767442171,-58.987116890393494,False,61.0,-16.00418057105473,13.17876036266709,-659.2190040494725,640.838601238309,20.731944444444444,309.47,-78.99508930429123,30.567658027245635,-1862.2921203518101,738.6683589127307
379212.0,2.8399,0.7718,9.1389,-0.1074,-0.1066,9.8054,-0.0221,0.8105,-0.5346,174.91,-83.62,45.45,52.837437,-1.661767,18.88,4,306.8,21 / 22,63.22103114200109,-17.254934486420755,-3.5329910999997756,1209.3837132960973,-99.56194928197108,-59.339253750393354,False,61.099999999999966,-16.014879071644955,13.168819110967158,-660.8111257650572,642.1618208651582,20.733888888888774,309.43000000000234,-79.23591021364604,30.423753597387915,-1870.1948390611547,741.7237701471294
379311.0,3.9626,2.2755,10.2253,-0.0481,-0.0377,9.8064,0.0371,0.6018,-0.4069,181.46,-83.45,47.9,52.837437,-1.661767,18.88,4,306.8,21 / 22,62.961972972859506,-17.472728710310193,-3.545321549999774,1215.6297719997822,-101.28096861020909,-59.6896302265683,False,61.198999999999955,-16.055838456655177,13.215990635892705,-662.3939768986052,643.4828165940355,20.795488888886133,309.45870999999875,-79.01781142951468,30.688719346202898,-1878.0237488983873,744.7637852042446
379412.0,4.8844,-0.1448,10.1025,-0.0957,-0.083,9.8057,0.0686,0.4589,-0.376,180.96,-83.64,46.88,52.837437,-1.661767,18.88,4,306.8,21 / 22,62.5873681887389,-17.636073566994696,-3.5092392999997744,1221.9700137284428,-103.05396312521297,-60.04588554949327,False,61.299999999999955,-16.157213560837203,13.140447251209013,-664.0222404490544,644.8193796121826,20.82611111111022,309.12100000001,-78.7445817495761,30.776520818203707,-1885.9922541774972,747.8733427373955
379512.0,1.4203,2.1479,9.6028,-0.0487,-0.077,9.8061,0.1685,-0.4491,0.2388,181.66,-83.49,48.28,52.838467,-1.663889,20.9,4,308.12,20 / 21,62.343227527086995,-17.794532684976407,-3.504639299999773,1228.2165435142356,-104.82549343781193,-60.396579479493326,False,61.39999999999998,-16.150977587332854,13.223659112330495,-665.6277977910404,646.1425992377141,20.87388888888818,309.30899999999724,-78.49420511441986,31.0181917973069,-1893.844341305276,750.968092675526
379612.0,-1.9672,-4.3837,10.4795,0.0281,-0.0318,9.8065,-0.1198,-0.0931,0.1099,182.11,-83.31,49.23,52.838467,-1.663889,20.9,4,308.12,20 / 21,62.448864391270256,-17.749647874767877,-3.481189299999768,1234.4561481101548,-106.60270246579955,-60.745870909493384,False,61.5,-16.234320303560523,13.132693764645943,-667.2467907593242,647.4658188660749,20.88111111111111,308.971,-78.68318469483077,30.88234163941382,-1901.702938869479,754.0685213318744
379712.0,3.5595,-0.2736,10.1511,-0.0563,-0.0709,9.8061,0.0162,-0.635,0.4155,187.05,-83.64,48.72,52.838467,-1.663889,20.9,4,308.12,20 / 21,62.45043386541217,-17.56736433587388,-3.430324299999785,1240.7011130229869,-108.36855307633104,-61.091446589493245,False,61.599999999999966,-16.19462240825823,13.0576156131838,-668.8590659143545,648.7779189997918,20.803055555560125,308.8790000000054,-78.6450562736704,30.624979949057682,-1909.5601789373413,757.1464720761229
379811.0,-4.382,-3.5442,9.0511,0.019,0.0462,9.8065,-0.0137,-0.3507,0.2558,176.71,-83.29,49.1,52.838467,-1.663889,20.9,4,308.12,20 / 21,62.55606294332238,-17.409017482716568,-3.450673749999783,1246.8889346150186,-110.09988397635108,-61.43205599296819,False,61.698999999999955,-16.300307613655185,13.11403750451492,-670.4751702229888,650.076898133667,20.920755555550297,308.81762000000276,-78.85637055697757,30.52305498723149,-1917.3641048380073,760.176782110018
379911.0,3.1971,-0.9101,9.0969,-0.0699,-0.03,9.8063,-0.0636,-0.256,0.2479,180.54,-83.42,46.07,52.838467,-1.663889,20.9,4,308.12,20 / 21,62.68213132969578,-17.23344183537452,-3.5239387499997994,1253.150844328671,-111.83200694225603,-61.780786617968246,False,61.79899999999998,-16.196670238064698,13.070986270252897,-672.0876469125324,651.3779899706936,20.813044444447687,308.90411999999736,-78.87880156776048,30.304428105627416,-1925.2384912412033,763.2099969129497
380012.0,0.0399,-4.571,10.7397,-0.049,0.064,9.8063,0.1655,-0.3715,0.0931,174.11,-82.81,42.88,52.838467,-1.663889,20.9,4,308.12,20 / 21,62.57440920937686,-17.016248219480868,-3.5126620999997993,1259.476299625894,-113.56161629002621,-62.13613496089322,False,61.89999999999998,-16.227162085731944,13.053969306525907,-673.7227626323807,652.6919804170872,20.826111111110897,308.8150000000013,-78.8015712951088,30.070217526006775,-1933.1990622582748,766.2535967071134
380112.0,-0.3552,-1.9043,10.1926,0.0136,0.0299,9.8065,0.0633,0.1742,-0.2218,169.84,-82.76,42.45,52.838467,-1.663889,20.9,4,308.12,20 / 21,62.63310220136765,-16.74385631552604,-3.4467120999997842,1265.7366751964325,-115.24962151677694,-62.48410367089328,False,62.0,-16.273993906698042,13.079951206305124,-675.3484734138135,654.0152000454476,20.878888888888888,308.79,-78.90709610806569,29.823807521831164,-1941.085148610246,769.2648215622246
380212.0,0.0137,-3.7272,10.8986,-0.0384,-0.0431,9.8064,0.0285,-0.2508,0.2164,179.16,-82.71,43.25,52.838467,-1.663889,20.9,4,308.12,20 / 21,62.71124995495593,-16.515754959955824,-3.3728170999998093,1272.0038928042466,-116.91260208055047,-62.82508013089315,False,62.099999999999966,-16.258423369697354,13.075378736373825,-676.9674663819787,655.3161806867398,20.863888888889765,308.806999999999,-78.96967332465329,29.59113369632965,-1948.9713591862253,772.2287827672903
380312.0,-1.1487,-1.7643,9.0893,-0.0447,-0.0316,9.8064,-0.0712,0.2072,-0.1056,179.1,-82.84,43.13,52.838467,-1.663889,20.9,4,308.12,20 / 21,62.84029650556104,-16.301954695916645,-3.354087099999805,1278.281470127274,-118.55348756334446,-63.1614253408932,False,62.19999999999999,-16.281341536596127,12.638663655771847,-678.593177163398,656.5726833584273,20.611111111122174,307.82100000004317,-79.12163804215717,28.940618351688492,-1956.8746472906719,775.1261709217717
380411.0,1.7126,0.973,9.8195,-0.0197,0.0179,9.8065,-0.1314,-0.0627,0.0855,178.76,-82.66,42.38,52.838467,-1.663889,20.9,4,308.12,20 / 21,62.88793607240854,-16.324481099378158,-3.3889598499998015,1284.5050176398827,-120.16849613521138,-63.49520616491815,False,62.29899999999998,-16.148952702520884,12.98186966527121,-680.182678932004,657.8716624908994,20.72001111110787,308.795159999971,-79.03688877492942,29.306350764649366,-1964.6876965718866,778.0401586261108
380512.0,-2.022,-3.2879,9.4666,0.0849,0.0461,9.8061,0.0794,-0.0937,-0.0262,174.32,-82.47,43.03,52.838467,-1.663889,20.9,4,308.12,21 / 22,62.96756949349593,-16.258804534621543,-3.4054834499998012,1290.8607206709607,-121.81395205972835,-63.838325551568126,False,62.39999999999998,-16.13990073202091,13.136198246085355,-681.80429184741,659.2080031198905,20.809999999998684,309.141999999995,-79.10747022551683,29.395002780706896,-1972.6650125183708,781.0219551796188
380612.0,0.6817,-0.5927,10.473,0.0123,0.0068,9.8066,0.0219,-0.374,0.3304,179.39,-82.46,43.69,52.838467,-1.663889,20.9,4,308.12,21 / 22,63.096234579126666,-16.114436588683642,-3.3891684499997976,1297.1639108745933,-123.43261411589398,-64.17805814656818,False,62.5,-16.36085218619131,12.892300638039707,-683.4434382551404,660.4756252832946,20.83,308.238,-79.45708676531797,29.00673722672335,-1980.6073491297338,783.9082393991886
380712.0,-2.2044,-3.4427,8.6635,0.0563,0.0461,9.8063,-0.0433,-0.1223,0.1389,175.13,-82.46,44.91,52.838467,-1.663889,20.9,4,308.12,21 / 22,63.23538237056495,-15.963363930645489,-3.4130084499997895,1303.4804917220756,-125.0365041418599,-64.51816699156804,False,62.599999999999966,-16.296705356969817,13.007160684636744,-685.0691490364409,661.7877254177188,20.851111111109873,308.5949999999791,-79.53208772753476,28.970524615282233,-1988.5496407585165,786.8242295595787
380812.0,1.7099,0.0048,10.8094,-0.0248,-0.0261,9.8065,0.0109,-0.3375,0.3108,179.54,-82.66,44.04,52.838467,-1.663889,20.9,4,308.12,21 / 22,63.32335715104425,-15.842587658195844,-3.420028449999791,1309.8084286981575,-126.62680172130233,-64.8598188365681,False,62.69999999999999,-16.324400362293837,13.023669304305226,-686.6948598179272,663.0887060591069,20.883055555554154,308.58300000000054,-79.64775751333809,28.86625696250107,-1996.5032885160847,789.7155077804092
380912.0,-2.8928,-2.2306,10.2313,0.0725,0.0244,9.8063,0.0344,-0.23,0.2131,180.49,-82.76,46.03,52.838467,-1.663889,20.9,4,308.12,21 / 22,63.458912915541056,-15.796031881265359,-3.3486584499998155,1316.1475422014846,-128.20873269827484,-65.19825318156796,False,62.799999999999955,-16.303672590778,13.001545525661069,-688.3205705993191,664.3785672080686,20.85305555555644,308.57100000000037,-79.76258550631906,28.79757740692643,-2004.4681128008037,792.5872999063434
381012.0,4.4363,1.3209,9.8067,-0.0178,-0.0184,9.8066,-0.0114,-0.4419,0.298,180.36,-83.03,45.74,52.838467,-1.663889,20.9,4,308.12,21 / 22,63.457284571281754,-15.81374020884244,-3.3274234499998108,1322.4933520758273,-129.7892213027806,-65.53205727656803,False,62.89999999999998,-16.201246003094564,13.130282165183466,-689.9395635676168,665.6906673425884,20.85388888888888,309.0229999999933,-79.65853057437631,28.944022374025906,-2012.4329156434442,795.479888645369
381112.0,-0.354,-1.2686,9.7796,0.0393,0.0381,9.8065,0.1134,-0.3729,0.1602,185.82,-82.88,47.08,52.838467,-1.663889,20.9,4,308.12,21 / 22,63.331000317923916,-15.883772677131047,-3.328773449999811,1328.832766320289,-131.37409694707964,-65.86486712156808,False,63.0,-16.12958319705919,13.104417605568022,-691.5451209096163,667.0138869695345,20.781944444444445,309.092,-79.46058351498311,28.98819028269907,-2020.3778872299054,798.3879839166141
381212.0,2.757,2.0979,10.0818,-0.0547,-0.0413,9.8064,0.1196,-0.2693,0.0281,179.86,-83.16,44.73,52.838467,-1.663889,20.9,4,308.12,21 / 22,63.28962297492727,-15.994057861128717,-3.3163684499998154,1335.1637974849293,-132.96798847399208,-66.19712421656796,False,63.099999999999966,-16.218599279188414,13.275242403717707,-693.1573960646331,668.3482260902231,20.95888888887853,309.30099999998777,-79.50822225411568,29.26930026484642,-2028.3211935495624,801.3162145642152
381312.0,-2.3599,-2.9975,10.0375,-0.0238,0.004,9.8066,0.0287,-0.6128,0.4761,180.62,-83.01,46.28,52.838467,-1.663889,20.9,4,308.12,21 / 22,63.34685083035701,-16.013803373309493,-3.2910684499998095,1341.495621175195,-134.56838153571437,-66.52749606156802,False,63.19999999999999,-16.318317948334016,13.298938993365422,-694.7831068460786,669.7048041951523,21.051111111107073,309.1790000000054,-79.66516877869103,29.312742366674915,-2036.2787280212738,804.2731857308667
381412.0,-0.9226,-3.3087,8.7931,-0.0492,-0.0696,9.8062,0.0712,0.0159,-0.0357,177.08,-82.93,47.58,52.838467,-1.663889,20.9,4,308.12,21 / 22,63.58078825085106,-15.758876325097594,-3.330203449999796,1347.8420031292533,-136.1570155206342,-66.85855965656788,False,63.299999999999955,-16.199312510614654,13.245297247838556,-696.3953820012134,671.0391433145243,20.925000000003728,309.2709999999973,-79.78010076146572,29.00417357293615,-2044.2373851304667,807.1961588351585
381512.0,-1.9539,-3.0219,9.6176,-0.051,-0.0127,9.8064,0.053,-0.3013,0.2041,179.65,-83.19,44.27,52.838467,-1.663889,20.9,4,308.12,22 / 22,63.792419002290494,-15.500212100168657,-3.39033344999981,1354.2106634919119,-137.71996994189786,-67.19458650156794,False,63.39999999999998,-16.49880325566249,13.192994964404978,-698.0479640352274,672.3512434483381,21.124999999997044,308.6470000000092,-80.29122225795298,28.693207064573635,-2052.258627527139,810.0712133902359
381613.0,1.5012,-3.5134,9.5333,-0.058,-0.055,9.8063,-0.0376,-0.3355,0.2408,174.75,-83.52,43.42,52.838467,-1.663889,20.9,4,308.12,22 / 22,63.87759533646518,-15.236823659070469,-3.4136846499998095,1360.6579992160189,-139.27219024773942,-67.53818941561792,False,63.500999999999976,-16.14672307186468,13.215534876271295,-699.6700471975795,673.6874728824112,20.8654749999998,309.29924000000074,-80.02431840832986,28.452358535341766,-2060.3280464135983,812.9596631301506
381711.0,2.5614,-0.649,9.7492,-0.0422,-0.0501,9.8064,-0.1199,-0.027,-0.0098,174.98,-83.6,44.0,52.838467,-1.663889,20.9,4,308.12,22 / 22,63.73996009541183,-15.106089530169955,-3.4298938499998117,1366.9112594321816,-140.7589929940124,-67.87352476211795,False,63.59899999999999,-16.528629208528066,13.119539002568741,-701.2895775907967,674.9624339115711,21.10258055554159,308.4407600000506,-80.2685893039399,28.225628532738696,-2068.2008370229782,815.7214269055835
381812.0,-0.3034,-1.6483,9.504,-0.0283,-0.0198,9.8065,0.1777,0.0806,-0.1197,177.98,-83.41,40.98,52.838467,-1.663889,20.9,4,308.12,22 / 22,63.70056956920496,-15.059628884454527,-3.4480788999998113,1373.3470061802448,-142.28236177395092,-68.22086238599293,False,63.69999999999999,-16.371966981753243,13.09719482454518,-702.9452498188534,676.2653048669533,20.966111111117193,308.65899999999004,-80.0725365509582,28.15682370899971,-2076.2922559990984,818.5476666409043
381912.0,0.6941,-2.1749,10.8416,-0.0679,0.0154,9.8064,-0.1005,0.0508,-0.0138,176.95,-83.29,38.86,52.838467,-1.663889,20.9,4,308.12,22 / 22,63.750559995561424,-14.929373033346206,-3.411463899999824,1379.719562658481,-143.78181186984045,-68.56383952599279,False,63.799999999999955,-16.379662698453593,13.043914971593308,-704.5776784134482,677.566285509047,20.93888888888969,308.53200000000373,-80.13022269401502,27.973288004939512,-2084.2972410719294,821.3480973788875
382012.0,0.5234,0.405,7.9741,-0.0211,0.0272,9.8066,0.1006,-0.2321,0.0614,172.76,-83.27,39.49,52.838467,-1.663889,20.9,4,308.12,22 / 22,63.767458003840254,-14.901745738454975,-3.451343899999833,1386.0954635584526,-145.27336780843086,-68.90697991599285,False,63.89999999999998,-16.378694365076214,13.111017157161958,-706.21010700803,678.8783856421525,20.979999999999393,308.67699999999786,-80.14615236891646,28.012762895616934,-2092.305570566483,824.1517534505833
382112.0,0.2902,-2.7675,11.6324,0.0017,0.0346,9.8066,-0.1103,-0.002,0.1607,167.99,-83.13,39.63,52.838467,-1.663889,20.9,4,308.12,22 / 22,63.785901746471026,-14.842048530897905,-3.451683899999833,1392.4731315459696,-146.76055752189885,-69.2521313059929,False,64.0,-16.333288233657214,13.167539461732202,-707.835817789463,680.2016052698059,20.98,308.875,-80.11918998012824,28.00958799263011,-2100.3089493354328,826.9621627917047
382212.0,2.7364,0.5195,10.0578,-0.0126,-0.0419,9.8065,-0.0967,-0.2828,0.1817,172.53,-83.49,39.45,52.838467,-1.663889,20.9,4,308.12,22 / 22,63.69557852236504,-14.802340420562956,-3.3478388999998683,1398.8472055594093,-148.24277696947138,-69.59210744599277,False,64.09999999999997,-16.37590543095967,13.164213286013172,-709.4682463839251,681.5248248973624,21.011111111109287,308.7950000000047,-80.0714839533247,27.96655370657613,-2108.3154519433347,829.7676018668337
382312.0,-2.3088,-5.2588,10.5238,0.0502,-0.0048,9.8065,0.1256,-0.4235,0.2886,173.75,-83.41,41.62,52.838467,-1.663889,20.9,4,308.12,22 / 22,63.73185641058751,-14.625259233468496,-3.2994238999998573,1405.2185773060585,-149.71415695217328,-69.92447058599282,False,64.19999999999999,-16.226851641460748,13.27963250948475,-711.0872393522233,682.8591640160262,20.968055555557438,309.29599999997805,-79.95870805204825,27.904891742953247,-2116.305816658282,832.5733209681995
382413.0,2.0355,-1.6311,9.4434,-0.0464,-0.0377,9.8064,-0.071,0.0619,-0.1361,180.98,-83.25,38.72,52.838467,-1.663889,20.9,4,308.12,22 / 22,63.79638613455962,-14.324184775287875,-3.2815519499998573,1411.6587535545884,-151.17610387461548,-70.25680986641781,False,64.30099999999999,-16.27931373628921,13.196051585150645,-712.7226909627148,684.2061793577552,20.955986111113894,309.0282600000312,-80.07569987084884,27.52023636043852,-2124.381444517303,835.3822832323707
382512.0,3.1021,2.2921,9.2278,0.0146,0.0064,9.8066,-0.0895,-0.6203,0.2929,177.62,-83.04,40.05,52.838467,-1.663889,20.9,4,308.12,20 / 22,63.623757885790624,-14.422689008362417,-3.3281858999998524,1417.966050683595,-152.599074126906,-70.58399188999276,False,64.39999999999998,-16.446622396008102,12.83333816874257,-714.352096541372,685.4611253009244,20.86111111111253,307.96500000001583,-80.07038028179872,27.256027177104986,-2132.318147224967,838.0601994278304
382612.0,2.4213,0.801,9.3853,-0.0701,-0.0399,9.8063,-0.1043,0.158,0.096,176.9,-82.5,38.31,52.838467,-1.663889,20.9,4,308.12,20 / 22,63.43321421102674,-14.64928280339178,-3.378195899999864,1424.3188992884375,-154.05267271749403,-70.91931097999282,False,64.5,-16.45787748307809,13.04996617653782,-715.991242949103,686.7732254347369,21.003888888888884,308.41200000000003,-79.89109169410483,27.6992489799296,-2140.3101422375403,840.8258981522309
382712.0,0.9174,-1.2522,8.8769,0.0096,-0.0398,9.8065,0.0581,-0.3153,0.0558,175.84,-82.64,36.22,52.838467,-1.663889,20.9,4,308.12,20 / 22,63.3434983835634,-14.694585795779405,-3.4457508999998407,1430.6577349181648,-155.5198661474521,-71.26050831999268,False,64.59999999999997,-16.319744479299413,13.138302665132496,-717.6169537304169,688.0853255691612,20.951111111114198,308.8359999999752,-79.66324286286282,27.832888460911903,-2148.2746886485816,843.6051917166133
382811.0,-1.9849,-2.6103,9.956,-0.028,-0.0193,9.8065,-0.0715,0.231,-0.0896,175.6,-82.76,35.68,52.838467,-1.663889,20.9,4,308.12,20 / 22,63.4609128334791,-14.556103840505921,-3.4843806999998366,1436.9345532734078,-156.96777528444807,-71.60354983419263,False,64.69899999999996,-16.366394667156836,13.114913549154203,-719.2330580390651,689.3953129998368,20.972836111110137,308.7063100000058,-79.82730750063594,27.671017389660122,-2156.167611312473,846.3630882842849
382912.0,-0.7656,0.3902,9.9192,-0.0162,-0.0349,9.8065,-0.0549,0.1255,0.058,171.52,-82.78,36.61,52.838467,-1.663889,20.9,4,308.12,20 / 22,63.6746985056391,-14.485202458088002,-3.4711547499998368,1443.354901646033,-158.43436125252705,-71.95480437441762,False,64.79999999999995,-16.418999789429673,13.004209738186422,-720.8885287327279,690.7095258382019,20.945000000000828,308.3800000000096,-80.09369829506878,27.489412196274422,-2164.243430378761,849.143887090729
383012.0,-2.1004,-4.0739,10.6234,0.0423,0.014,9.8065,-0.0227,0.4287,-0.2425,172.97,-82.85,39.68,52.838467,-1.663889,20.9,4,308.12,20 / 22,63.877989727262005,-14.335863433108504,-3.424689749999826,1449.7325360576797,-159.87541454708722,-72.29959659941768,False,64.89999999999998,-16.52173073215983,12.95282920033254,-722.5411107667429,691.988267495446,20.99388888888817,308.0960000000042,-80.39972045942184,27.288692633441045,-2172.2736468244225,851.8636820425332
383112.0,3.9313,1.9281,10.2987,-0.0552,-0.0733,9.8061,0.1302,0.0689,-0.1321,178.69,-83.36,36.47,52.838467,-1.663889,20.9,4,308.12,20 / 22,63.84272366550936,-14.278783568597905,-3.3592497499998113,1456.1185717273197,-161.30614689717285,-72.63879357441775,False,65.0,-16.399597677618807,12.954410554029982,-724.1735393613785,693.2892481361259,20.89888888888889,308.306,-80.24232134312817,27.233194122627886,-2180.292111088698,854.5953950332988
383212.0,-0.7023,-2.4098,9.9783,-0.0255,-0.0319,9.8065,-0.0238,-0.6518,0.4744,170.38,-83.35,35.34,52.838467,-1.663889,20.9,4,308.12,20 / 22,63.743800036707704,-14.310163587102881,-3.3260647499998224,1462.4978979124285,-162.7355942549574,-72.97305929941761,False,65.09999999999997,-16.494612554591697,13.019649876559313,-725.8261213952594,694.5791092857005,21.013888888882157,308.2850000000013,-80.23841259129941,27.329813463662195,-2188.324019307688,857.3147035406579
383311.0,2.3869,1.0889,10.675,-0.0895,-0.0984,9.8057,-0.0517,0.2937,-0.1944,163.01,-83.79,30.24,52.838467,-1.663889,20.9,4,308.12,20 / 22,63.74773779333862,-14.316026187889323,-3.2745847499998275,1468.8087290350152,-164.15259064881934,-73.29979144966757,False,65.19899999999996,-16.424728954737862,13.067982373773859,-727.442225703896,695.8780884188741,20.989138888889997,308.5067599999901,-80.17246674807649,27.38400856166318,-2196.2509547389113,860.0306790676934
383412.0,-3.7208,-3.7987,11.2846,0.0504,-0.0084,9.8065,0.0015,0.5926,-0.4806,174.77,-83.92,36.18,52.838467,-1.663889,20.9,4,308.12,20 / 22,63.90472489960421,-14.242963202195897,-3.1560965999998287,1475.2551784010088,-165.59481961301864,-73.62454085784255,False,65.29999999999995,-16.523738691256725,12.978168198420532,-729.1111320238559,697.1810705691819,21.011111111110452,308.1470000000107,-80.42846359086093,27.22113140061643,-2204.366310424865,862.7758901822006
383512.0,-2.4503,-2.8673,10.614,-0.039,-0.0458,9.8064,-0.0247,0.6238,-0.2609,180.86,-83.95,38.42,52.838467,-1.663889,20.9,4,308.12,20 / 22,64.27503581583015,-13.955132044398946,-3.041831599999803,1481.664166436782,-167.0047243753487,-73.9344372678426,False,65.39999999999998,-16.465090001740883,13.012212371556538,-730.7569962447226,698.482051210569,20.98611111111148,308.31899999999746,-80.74012581757103,26.967344415955484,-2212.4211626815045,865.4867755859177
383611.0,-3.9465,-1.2994,9.5898,0.052,0.0613,9.8063,-0.122,0.0662,-0.081,183.42,-83.37,43.26,52.838467,-1.663889,20.9,4,308.12,20 / 22,64.6696136254268,-13.827377051320566,-3.0126018499998057,1488.0469265841234,-168.37995857558667,-74.23413172361755,False,65.49899999999997,-16.66368031331404,12.793933155911684,-732.406353728432,699.7369971530386,21.008661111111103,307.51611000000037,-81.33329393874084,26.62131020723225,-2220.4532803125553,868.1169557286253
383712.0,-1.0782,-1.4307,8.993,-0.0006,0.0398,9.8065,-0.0827,0.5362,-0.2262,182.44,-83.33,41.44,52.838467,-1.663889,20.9,4,308.12,20 / 22,65.00283455568186,-13.771124905365543,-3.064642099999805,1494.5953852172693,-169.7736829243993,-74.54103254309253,False,65.59999999999997,-16.566172275764757,12.970872604786619,-734.0755959389298,701.0506540159722,21.039999999998177,308.05999999996766,-81.56900683144661,26.74199751015216,-2228.670981156199,870.8243369403715
383811.0,-0.6038,-0.8522,8.4819,0.0618,0.0805,9.8061,-0.002,-0.1653,0.0876,182.76,-83.4,41.95,52.838467,-1.663889,20.9,4,308.12,20 / 22,65.1628815821766,-13.72743251844136,-3.1704928999997937,1501.0385881660925,-171.1348615168776,-74.84967172559247,False,65.69899999999996,-16.491417481563598,13.038751424268018,-735.6983508825837,702.3496331491464,21.023225000000753,308.3312599999879,-81.6542990637402,26.766183942709375,-2236.736939048676,873.4844946660239
383912.0,-0.5916,-0.2749,10.2801,0.0203,0.0218,9.8066,-0.0781,0.4704,-0.3174,179.79,-82.96,44.57,52.838467,-1.663889,20.9,4,308.12,20 / 22,65.30001139201944,-13.736998503331904,-3.2134835499997934,1507.6269642612892,-172.52181528347714,-75.17206253631745,False,65.79999999999995,-16.64535239392427,13.066172627770417,-737.3740421938375,703.6859737767297,21.16111111110703,308.131000000006,-81.94536378594371,26.80317113110232,-2245.0010064551266,876.2077890602069
384012.0,2.2104,1.4904,9.9605,0.0575,0.0073,9.8065,0.194,-0.3669,0.1117,180.32,-82.87,45.68,52.838467,-1.663889,20.9,4,308.12,20 / 22,65.29402182836027,-13.859907711412978,-3.182118549999786,1514.1566659223097,-173.9016605942147,-75.4918426413175,False,65.89999999999998,-16.645150034319588,12.86436985995464,-739.0333420410017,704.9647154339746,21.03694444444628,307.6990000000064,-81.93917186267986,26.72427757136762,-2253.1900079633115,878.8663760281893
384112.0,0.5249,-1.1786,10.4795,0.0425,0.0382,9.8064,0.0114,-0.0616,0.0113,185.48,-82.79,47.53,52.838467,-1.663889,20.9,4,308.12,20 / 22,65.23472008235807,-13.939102210370498,-3.1407835499997767,1520.683103017847,-175.29161109030417,-75.80798774631755,False,66.0,-16.659396890828113,13.133681015769726,-740.7060775144505,706.2656960753617,21.21388888888889,308.251,-81.89411697318619,27.072783226140224,-2261.3891805322974,881.5573071656659
384212.0,2.3003,1.5661,10.0551,-0.0074,0.0087,9.8065,-0.0221,-0.3092,0.296,191.27,-82.93,49.55,52.838467,-1.663889,20.9,4,308.12,20 / 22,65.1515649685115,-14.005272132997211,-3.0947185499997922,1527.2024172703884,-176.68882980747208,-76.11976285131742,False,66.09999999999997,-16.56098696394578,13.208162379750133,-742.3519417352095,707.5889157029183,21.18305555555736,308.5739999999811,-81.71255193245727,27.213434512747344,-2269.5543590055977,884.2777455103903
384314.0,-1.6588,0.0631,9.6638,0.0122,0.0209,9.8066,0.0951,-0.3195,0.1512,189.62,-83.04,48.09,52.838467,-1.663889,20.9,4,308.12,20 / 22,65.16786675186046,-14.154918925781754,-3.0893329499997906,1533.8487082881295,-178.12499955147027,-76.43514947781749,False,66.202,-16.58483906579772,13.27999250422351,-744.0309919530328,708.9603939275441,21.246533333336632,308.685320000008,-81.75270581765818,27.434911430005265,-2277.879700241162,887.0853934790144
384412.0,0.4177,-0.8375,8.9815,0.0015,-0.0425,9.8065,-0.0944,0.2508,-0.0749,184.84,-83.53,45.83,52.838467,-1.663889,20.9,4,308.12,20 / 22,65.296134131694,-14.199224334548244,-3.1367649499997694,1540.2414443314208,-179.51435257122583,-76.74022827491733,False,66.29999999999995,-16.56818619708179,13.181291199938094,-745.657105803279,710.2353549561032,21.17194444444669,308.50500000000545,-81.86432032877579,27.38051553448634,-2285.8985501346997,889.749707527329
384512.0,1.5628,-2.5208,10.8447,-0.0066,-0.0022,9.8066,0.0348,-0.25,0.0835,185.56,-83.55,47.14,52.838467,-1.663889,20.9,4,308.12,18 / 19,65.28276999355033,-14.092088714405142,-3.126119949999767,1546.7703895376844,-180.92891822367383,-77.05337251991737,False,66.39999999999998,-16.655504318380114,13.190580474188918,-747.3164056504299,711.5585745844633,21.246111111110014,308.37800000000186,-81.93827431193044,27.28266918859406,-2294.0867951881146,892.4874928081371
384612.0,3.1442,1.383,10.1582,-0.0434,-0.0286,9.8065,-0.0796,0.1674,-0.1217,186.41,-83.7,48.59,52.838467,-1.663889,20.9,4,308.12,18 / 19,65.12177852825108,-14.080552087109979,-3.056639949999751,1553.290616963776,-182.3375502637499,-77.36251051491742,False,66.5,-16.6627461604142,13.185907985646933,-748.9757054975944,712.8817942099947,21.248888888888892,308.356,-81.78452468866529,27.266460072756914,-2302.2663224613707,895.2193444737446
384712.0,1.315,-1.6941,9.5021,-0.0368,-0.0466,9.8064,0.12,-0.3012,0.2521,190.62,-83.67,49.13,52.838467,-1.663889,20.9,4,308.12,18 / 19,64.97412159465418,-14.109570371868989,-3.0542899499997516,1559.795411969919,-183.74705638669838,-77.66805700991729,False,66.59999999999997,-16.717663663622204,13.429821008059905,-750.635005344637,714.2383723162403,21.44388888887747,308.7759999999754,-81.69178525827638,27.539391379928894,-2310.430417314556,897.9854287029386
384812.0,-3.3276,-1.8786,9.388,-0.045,-0.0439,9.8064,-0.0203,-0.3317,0.1487,191.67,-83.65,50.94,52.838467,-1.663889,20.9,4,308.12,18 / 19,65.1689627765361,-14.032055935839491,-3.0904499499997597,1566.3025661884801,-185.1541377020841,-77.97529400491733,False,66.69999999999999,-16.68014400950747,13.17554763151578,-752.3010230049632,715.5504724507636,21.256111111119324,308.30500000002064,-81.84910678604358,27.20760356735527,-2318.6035891934434,900.7046101528476
384911.0,-1.4827,-3.5034,9.9078,-0.0596,-0.0401,9.8063,0.0518,-0.2436,0.0982,186.23,-84.09,47.95,52.838467,-1.663889,20.9,4,308.12,18 / 19,65.50493250013776,-13.882822731159834,-3.106166199999758,1572.7709240046747,-186.53592419610044,-78.28202650434227,False,66.79899999999998,-16.67524157951023,13.429093138184625,-753.9437298536557,716.8934847739421,21.41038611110652,308.8455399999839,-82.18017407964798,27.31191586934446,-2326.71465385833,903.4294089700425
385011.0,-0.5293,-4.2642,8.8307,-0.037,-0.0457,9.8064,0.0435,0.3415,-0.1107,190.88,-84.26,48.66,52.838467,-1.663889,20.9,4,308.12,18 / 19,65.72911496121546,-13.585608242835043,-3.149906199999768,1579.332626377744,-187.9093457448005,-78.59483012434232,False,66.899,-16.600701056499293,13.471736600232589,-755.5963790658028,718.2390545820646,21.379219444444928,309.0598899999969,-82.32981601771475,27.057344843067632,-2334.929005443547,906.148400326865
385112.0,1.2201,0.7761,9.9332,-0.03,-0.0209,9.8065,-0.0415,0.0509,-0.119,191.4,-84.2,49.79,52.838467,-1.663889,20.9,4,308.12,18 / 19,65.79040602667226,-13.482373262184131,-3.1928008999997677,1585.9743621876323,-189.27627881080397,-78.9151368328923,False,67.0,-16.728975634291363,13.351697786992753,-757.2789225464423,719.5868482875684,21.40388888888889,308.594,-82.51938166096362,26.834071049176885,-2343.2532847340744,908.8631270983724
385212.0,-1.2418,0.3612,10.0299,-0.0011,-0.0065,9.8066,-0.0448,0.2562,-0.2361,192.13,-84.12,50.88,52.838467,-1.663889,20.9,4,308.12,18 / 19,65.84093043342143,-13.615916487403084,-3.1753108999997735,1592.5559290106348,-190.63119329828288,-79.23354242289217,False,67.09999999999997,-16.710397852251333,13.536160039657407,-758.9449402066601,720.9545458855315,21.504999999994084,309.00899999997574,-82.55132828567277,27.15207652706049,-2351.500869217295,911.5857391838144
385311.0,0.8085,-1.7627,8.0451,-0.0002,-0.0348,9.8065,-0.05,-0.1464,0.0496,189.08,-84.04,53.05,52.838467,-1.663889,20.9,4,308.12,18 / 19,65.93350425440168,-13.628661781301737,-3.2514567499997655,1599.0787635276813,-191.97979992258362,-79.55166742156712,False,67.19899999999996,-16.74206746136112,13.449595172222079,-760.6009483253737,722.2755416137112,21.47530000000133,308.7763500000104,-82.6755717157628,27.078256953523816,-2359.679711853055,914.2553415362948
385412.0,-0.3072,-4.3102,8.1824,-0.0184,-0.0144,9.8065,-0.0606,-0.0401,-0.1485,190.21,-83.95,54.97,52.838467,-1.663889,20.9,4,308.12,18 / 19,66.02561068641292,-13.398138132928612,-3.422439649999764,1605.7426988321924,-193.34465331825226,-79.8886991897671,False,67.29999999999995,-16.8521546589009,13.429798795889294,-762.297128966732,723.6343436174088,21.548888888886705,308.55200000000656,-82.87776534531382,26.827936928817905,-2368.0398277989243,916.9789969356611
385513.0,-1.0163,-1.588,9.7298,-0.0178,0.0202,9.8065,-0.0285,-0.04,0.1265,194.28,-83.59,53.94,52.838467,-1.663889,20.9,4,308.12,19 / 20,66.20998754358072,-13.19970610325278,-3.5083451999997632,1612.420596542807,-194.6878444521794,-80.23870382469207,False,67.40099999999995,-16.72417737522233,13.418178308042217,-763.9797396255037,724.982470907692,21.44168055555471,308.7408399999973,-82.93416491880305,26.617884411294995,-2376.400336168311,919.6703153598714
385611.0,0.364,-1.8911,11.6363,0.0181,-0.0104,9.8066,0.1063,-0.0621,-0.0989,186.11,-83.56,57.22,52.838467,-1.663889,20.9,4,308.12,19 / 20,66.33131955120372,-13.116012632615943,-3.4224579999997515,1618.9151205904523,-195.97731467023715,-80.57831318149209,False,67.49899999999997,-16.72528257612694,13.505805595519972,-765.6058534757246,726.3337116570643,21.497486111111083,308.92115999999993,-83.05660212733066,26.621818228135915,-2384.5209740661767,922.3110263273015
385712.0,0.8704,1.438,11.8226,0.0086,-0.0393,9.8065,0.1316,-0.0381,0.0058,187.02,-83.97,58.58,52.838467,-1.663889,20.9,4,308.12,19 / 20,66.33918478757491,-13.157515191342663,-3.228255199999753,1625.6149810595605,-197.30412782534705,-80.91417419809207,False,67.59999999999997,-16.78568227285216,13.695435459471847,-767.288464134388,727.7485559025071,21.66388888887918,309.21099999998313,-83.12486706042706,26.85295065081451,-2392.9034451939488,925.0526837278542
385812.0,1.3882,-0.9788,12.1766,0.0157,-0.0428,9.8065,0.0991,0.2102,-0.0077,188.45,-84.17,61.09,52.838467,-1.663889,20.9,4,308.12,19 / 20,66.29207254175193,-13.237319859693748,-3.008960199999703,1632.2465439260284,-198.62386957789917,-81.22603496809211,False,67.69999999999999,-16.774832237481316,13.570907669097283,-768.96119960789,729.1162535012797,21.576944444448248,308.9730000000104,-83.06690477923325,26.80822752879103,-2401.2077435339183,927.7401230791789
385912.0,1.3184,-1.6037,8.3167,-0.0282,-0.0549,9.8064,-0.0909,-0.008,-0.0281,191.77,-84.82,64.2,52.838467,-1.663889,20.9,4,308.12,19 / 20,66.24568616111827,-13.161797735265155,-2.964960199999718,1638.8734318611696,-199.94382545764665,-81.52473098809197,False,67.79999999999995,-16.813602479480497,13.559600719120674,-770.6339350813245,730.4839510986351,21.59999999999932,308.8850000000026,-83.05928864059877,26.721398454385827,-2409.507366942494,930.4277765562817
386012.0,0.2019,-2.9037,6.8327,-0.0331,0.0435,9.8065,-0.1554,0.194,-0.0818,192.62,-84.52,58.9,52.838467,-1.663889,20.9,4,308.12,19 / 20,66.27988625853597,-13.003282913092054,-3.188155199999769,1645.499710482154,-201.2520794900648,-81.83238675809201,False,67.89999999999998,-16.826369541991436,13.564566284399417,-772.3133883679357,731.8294097111406,21.613055555555363,308.8740000000002,-83.1062558005274,26.56784919749147,-2417.81309885009,933.0814892012054
386112.0,0.9331,0.7931,6.6608,-0.0072,0.0551,9.8065,-0.0898,0.1893,-0.2838,197.29,-84.03,54.4,52.838467,-1.663889,20.9,4,308.12,19 / 20,66.30209277640353,-12.963470184333415,-3.4941451999998385,1652.1288094339025,-202.55041714493638,-82.16650177809207,False,68.0,-16.881024378944463,13.42921630198069,-773.9995594676823,733.1748683236455,21.57111111111111,308.503,-83.18311715534799,26.392686486314105,-2426.1283689015845,935.7252854685819
386212.0,-2.9297,-3.1252,7.3839,0.0541,0.072,9.8061,-0.2121,0.3538,-0.1224,202.69,-83.08,52.91,52.838467,-1.663889,20.9,4,308.12,19 / 20,66.49059409538752,-12.984520852379989,-3.7725751999997437,1658.7684437774897,-203.84781669677162,-82.52983779809192,False,68.09999999999997,-16.666543577933705,13.777477847694255,-775.6521415015765,734.5870438920153,21.623888888885798,309.578999999937,-83.15713767332123,26.761998700074244,-2434.420585279066,938.4348605887869
386313.0,-0.7183,-0.1995,8.3237,0.0098,0.0107,9.8066,0.0877,0.4281,-0.4815,201.62,-82.96,50.34,52.838467,-1.663889,20.9,4,308.12,19 / 20,66.77209243683194,-12.987461874309416,-3.969813049999742,1665.4982094473667,-205.15940182446943,-82.92082840471689,False,68.20099999999996,-16.73404189843457,13.392555989465237,-777.334819338505,735.9349487931469,21.433355555554236,308.67092000000474,-83.50613433526651,26.380017863774654,-2442.8330287858716,941.0943506176163
386412.0,3.6264,-0.4255,10.612,0.0768,0.005,9.8063,0.0124,-0.0793,0.1282,197.93,-82.99,47.9,52.838467,-1.663889,20.9,4,308.12,19 / 20,66.69373970008076,-12.999813097253849,-4.003354249999738,1672.104768138143,-206.44577193556168,-83.31550018606681,False,68.29999999999995,-16.78222741861208,13.379820501442122,-778.9841768222013,737.2779611170276,21.463055555554664,308.5640000000032,-83.47596711869284,26.37963359869597,-2451.0889449603446,943.7237330525893
386512.0,-1.2894,-3.3337,11.5382,-0.0396,-0.0129,9.8065,-0.1076,0.4531,-0.0834,193.03,-83.13,48.26,52.838467,-1.663889,20.9,4,308.12,20 / 20,66.68409530767845,-12.856475945888073,-3.8765092499997094,1678.7736598885326,-207.73858638771907,-83.70949336106688,False,68.39999999999998,-16.855013078921086,13.43111475067361,-780.6703479219611,738.6123002364002,21.55194444444313,308.55000000000024,-83.53910838659954,26.287590696561683,-2459.4440078104935,946.3508866241193
386612.0,-0.9187,-0.8964,9.5052,-0.0282,0.0608,9.8064,-0.0542,-0.0707,0.0718,180.87,-83.38,46.72,52.838467,-1.663889,20.9,4,308.12,20 / 20,-16.726425757596015,13.300510568231156,-3.8050042499996932,-782.336365582288,739.9466393564793,-84.09356903606694,True,68.5,-16.726425757596015,13.300510568231156,-782.336365582288,739.9466393564793,21.37,308.491,0.0,0.0,0.0,0.0
386712.0,-1.6994,-2.6248,9.4614,-0.0208,0.0512,9.8064,-0.1829,0.4413,-0.1944,169.53,-82.93,42.39,52.838467,-1.663889,20.9,4,308.12,20 / 20,-16.540036997821293,13.433145571078194,-3.8373392499996823,-783.9996887200582,741.2833221634443,-84.47568621106677,False,68.59999999999997,-16.836445713612722,13.354931513574666,-784.0158188687493,741.2920979688854,21.48999999999297,308.42200000000406,-0.29640871579142924,-0.07821405750352817,-0.016130148691104296,0.008775805441132434
386812.0,-0.8826,-0.9921,10.3305,0.0324,0.0334,9.8065,0.0635,-0.3931,0.193,170.03,-82.75,43.13,52.838467,-1.663889,20.9,4,308.12,20 / 20,-16.36003658361568,13.585736659292483,-3.8284092499996802,-785.6446923991305,742.6342662749631,-84.85897363606682,False,68.69999999999999,-16.852457029283347,13.357092850684658,-785.6952721553738,742.626437088258,21.50388888888828,308.40000000000094,-0.4924204456676655,-0.22864380860782418,-0.050579756243337215,-0.007829186705180291
386912.0,-1.5788,-4.1399,7.95,0.0824,0.0175,9.8062,0.0039,-0.0303,0.1386,180.81,-83.12,46.67,52.838467,-1.663889,20.9,4,308.12,20 / 20,-16.1634083766898,13.791779526841028,-3.8950492499996576,-787.2708646471452,744.0031420842694,-85.24514656106666,False,68.79999999999995,-16.880752152156976,13.287659040649725,-787.3814432551195,743.9496567152038,21.48305555555617,308.2080000000057,-0.7173437754671745,-0.5041204861913027,-0.11057860797427566,-0.053485369065583654
387012.0,6.7267,1.6498,9.4309,0.0043,0.0416,9.8065,-0.1116,-0.6692,0.5996,175.74,-83.07,45.0,52.838467,-1.663889,20.9,4,308.12,20 / 20,-16.333571436709246,13.829962448168324,-4.006669249999683,-788.8957136378156,745.3842291830201,-85.64023248606672,False,68.89999999999998,-16.91663297843404,13.313033680838014,-789.0676143548797,745.2839958352827,21.526944444443792,308.2020000000001,-0.5830615417247955,-0.5169287673303096,-0.1719007170640907,-0.10023334773745773
387112.0,1.152,-2.2214,9.5101,0.0964,0.1157,9.8054,0.0346,-0.1065,-0.2015,175.17,-82.79,43.85,52.838467,-1.663889,20.9,4,308.12,20 / 20,-16.649383352419818,13.771932080893277,-4.04028424999969,-790.5448613772724,746.7643239094735,-86.04258016106678,False,69.0,-16.908695357955434,13.302008736101222,-790.7537854546131,746.6183349539472,21.51388888888889,308.192,-0.25931200553561595,-0.4699233447920559,-0.2089240773407255,-0.14598895552637714
387212.0,1.9246,2.1024,8.9274,0.041,0.0026,9.8065,0.1963,-0.4471,0.2087,173.34,-82.68,40.25,52.838467,-1.663889,20.9,4,308.12,20 / 20,-16.71814754699835,13.707275106922998,-4.09907424999967,-792.2132379222427,748.1382842688639,-86.44954808606661,False,69.09999999999997,-16.93309472036526,13.337478329543194,-792.4399565542632,747.9526740753431,21.55499999999759,308.225999999998,-0.21494717336691238,-0.3697967773798041,-0.2267186320204928,-0.18561019352080166
387312.0,-0.6179,-4.0384,10.2944,0.0318,0.0568,9.8064,0.0414,-0.1928,0.0821,175.2,-82.45,43.58,52.838467,-1.663889,20.9,4,308.12,20 / 20,-16.706288540274887,13.740568444572666,-4.118649249999674,-793.8844597266067,749.510676446439,-86.86043426106667,False,69.19999999999999,-16.91739173386075,13.468274856193766,-794.1328454671584,749.2981326864326,21.623888888885872,308.523999999987,-0.21110319358586338,-0.2722935883789006,-0.24838574055172558,-0.2125437600063833
387412.0,5.9196,-4.5472,8.6733,-0.0126,0.0027,9.8066,-0.4634,-0.671,0.3726,179.33,-82.51,43.55,52.838467,-1.663889,20.9,4,308.12,20 / 20,-16.912680698029398,14.109171142554342,-4.150929249999663,-795.5654081885214,750.9031634257949,-87.2739131860665,False,69.29999999999995,-16.903685765536064,13.389051928812414,-795.8190165669047,750.6213523140863,21.56388888889066,308.3820000000042,0.008994932493333607,-0.7201192137419277,-0.2536083783833192,-0.2818111117086346
387512.0,-9.8406,-7.1556,7.4271,0.1862,0.0252,9.8048,-0.0912,-0.5146,0.6423,177.49,-82.18,48.11,52.838467,-1.663889,20.9,4,308.12,20 / 20,-16.65822985642365,14.651376216613253,-4.3265742499997035,-797.2439537162444,752.3411907937536,-87.69778836106656,False,69.39999999999998,-16.934782853551262,13.464262129913424,-797.5119054798269,751.9556914327505,21.63499999999895,308.4869999999985,-0.27655299712761305,-1.1871140866998289,-0.26795176358245953,-0.3854993610030988
387612.0,3.8496,-2.3647,12.5281,0.0518,-0.0979,9.806,-0.1085,-0.2678,0.2234,175.05,-82.29,44.57,52.838467,-1.663889,20.9,4,308.12,20 / 20,-16.30492117565054,15.073813441708186,-4.3094792499997,-798.8921112678485,753.8274502766701,-88.12959103606663,False,69.5,-16.95141676896869,13.520516548935387,-799.2115122058449,753.3011500459625,21.683055555555555,308.576,-0.64649559331815,-1.5532968927727993,-0.31940093799642,-0.5263002307076476
387712.0,-3.4474,-3.7712,10.6612,0.013,-0.0427,9.8065,0.2893,-0.4833,0.0267,177.75,-82.37,40.17,52.838467,-1.663889,20.9,4,308.12,20 / 20,-16.262802860421676,15.312270905100348,-4.13067924999976,-800.5204974696516,755.34675449401,-88.55159896106646,False,69.59999999999997,-16.864567900012148,13.545896701482908,-800.8976833054948,754.6354891652364,21.63111111111415,308.7719999999885,-0.6017650395904717,-1.7663742036174401,-0.37718583584319276,-0.7112653287736066
387812.0,0.0315,0.3077,11.4591,-0.1252,-0.1042,9.8053,0.0858,0.0961,0.1202,175.17,-82.25,43.52,52.838467,-1.663889,20.9,4,308.12,20 / 20,-16.019053126781387,15.433995403222768,-4.005329249999732,-802.134590269012,756.8840678094266,-88.95839938606653,False,69.69999999999999,-16.909615787426567,13.506985350477482,-802.5838544052283,755.9809477784479,21.641944444443972,308.6170000000068,-0.8905626606451804,-1.9270100527452865,-0.44926413621624306,-0.9031200309786982
387912.0,-0.7138,-2.9295,10.3435,0.0243,-0.0009,9.8065,-0.4531,-0.0424,0.1874,180.29,-82.73,45.6,52.838467,-1.663889,20.9,4,308.12,20 / 20,-15.90506959140218,15.505134130508006,-3.895864249999769,-803.7307964049207,758.4310242861126,-89.35345906106637,False,69.79999999999995,-17.00948579469455,13.39716728362304,-804.2834611312848,757.3152868985268,21.65194444444415,308.2250000000116,-1.104416203292372,-2.107966846884967,-0.5526647263640143,-1.1157373875857957
388013.0,0.1477,-2.5598,9.5659,-0.0058,-0.0021,9.8066,-0.2516,-0.2437,0.2075,180.38,-82.83,45.79,52.838467,-1.663889,20.9,4,308.12,20 / 20,-15.799016456469065,15.718344362704133,-3.880911199999769,-805.3318527503383,760.0078099500198,-89.74618622129135,False,69.90099999999995,-16.88572276267625,13.275143675617796,-805.9799104851562,758.6520723065217,21.479224999996607,308.1735499999977,-1.0867063062071836,-2.443200687086337,-0.6480577348179395,-1.3557376434980597
388112.0,-2.2903,-4.3736,11.3586,0.0655,0.0487,9.8063,0.1264,-0.2303,-0.0373,171.73,-82.48,46.28,52.838467,-1.663889,20.9,4,308.12,20 / 20,-15.645839145024066,16.01893771657164,-3.8160067999997387,-806.888373102613,761.5788054129447,-90.1271836622915,False,70.0,-17.02722998250698,13.460329272451526,-807.6625211439276,759.9950846304032,21.705000000000002,308.327,-1.3813908374829147,-2.5586084441201127,-0.7741480413146746,-1.5837207825414907
388212.0,-0.5902,-0.4864,8.7888,0.0209,0.0102,9.8065,0.247,-0.2205,-0.1425,176.2,-82.51,47.45,52.838467,-1.663889,20.9,4,308.12,20 / 20,-15.454538546880823,16.223573161495896,-3.789301799999748,-808.4433919872076,763.1909309568475,-90.50744909229134,False,70.09999999999997,-16.978170201912164,13.599160363708668,-809.3554100567259,761.3516627352342,21.753055555552745,308.69399999997853,-1.5236316550313411,-2.624412797787228,-0.9120180695182398,-1.839268221613338
388312.0,-4.3013,-1.7298,8.2696,-0.0319,0.0527,9.8064,-0.0682,-0.3396,0.2573,177.36,-82.22,49.94,52.838467,-1.663889,20.9,4,308.12,20 / 20,-15.136971959688553,16.287652065849652,-3.9170467999997767,-809.9729675125365,764.8164922182152,-90.8927665222914,False,70.19999999999999,-16.868620197032005,13.761633356845762,-811.0415811564865,762.730479825722,21.769999999999257,309.2079999999775,-1.7316482373434514,-2.526018709003891,-1.068613643950016,-2.086012392493217
388412.0,3.6135,4.0546,11.6167,-0.092,-0.0428,9.806,-0.0486,0.2131,0.0145,179.04,-82.03,53.99,52.838467,-1.663889,20.9,4,308.12,20 / 20,-15.025968711302157,16.117846656758996,-3.9033967999997814,-811.4811145460855,766.4367671543451,-91.28378870229125,False,70.29999999999995,-16.58152287068427,13.324740888179813,-812.6874453773538,764.0425799602447,21.271944444459166,308.78500000001253,-1.5555541593821136,-2.793105768579183,-1.2063308312683603,-2.394187194100482
388512.0,4.7143,4.9443,10.4135,0.0619,0.0177,9.8063,-0.0924,0.0824,-0.051,187.95,-82.06,52.87,52.839554,-1.666132,21.54,4,308.59,18 / 20,-15.399570891223426,15.632810116062489,-3.7825517999997538,-813.002391526212,768.0242999929866,-91.66808613229131,False,70.39999999999998,-16.7184948249667,13.476640337998896,-814.3534630376665,765.3991580651739,21.473888888885902,308.8719999999987,-1.3189239337432745,-2.1561697780635924,-1.3510715114545064,-2.625141927812706
388612.0,3.133,0.4781,8.9636,-0.0266,0.024,9.8066,0.056,-0.2156,0.0832,183.64,-82.09,52.97,52.839554,-1.666132,21.54,4,308.59,18 / 20,-15.756361679525085,15.336621464444976,-3.7943617999997565,-814.5601881547498,769.5727715720124,-92.04693181229138,False,70.5,-17.0371601116122,14.052843140492612,-816.0597875768595,766.8113336329391,22.085,309.517,-1.2807984320871135,-1.2837783239523635,-1.4995994221097817,-2.7614379390732893
388712.0,-2.7167,-2.8786,10.4637,0.041,0.0415,9.8064,0.1163,-0.5673,0.3448,183.73,-82.15,53.15,52.839554,-1.666132,21.54,4,308.59,18 / 20,-15.698017725825455,15.38998803886651,-3.8036617999997535,-816.1329071250168,771.1091020471774,-92.42683299229122,False,70.59999999999997,-17.060259485477975,13.563538302702941,-817.7661121159149,768.1456727536278,21.79500000001698,308.48600000006036,-1.3622417596525196,-1.8264497361635694,-1.6332049908980935,-2.963429293549666
388812.0,-1.6086,-2.905,11.5169,0.0243,0.0124,9.8066,-0.0208,0.0932,0.0274,183.86,-82.5,53.23,52.839554,-1.666132,21.54,4,308.59,18 / 20,-15.39192629701191,15.596635454687311,-3.6852967999997266,-817.687404326159,772.6584332218555,-92.80128092229128,False,70.69999999999999,-17.126500379835882,13.648918812099371,-819.4791544682571,769.5022508585569,21.899999999995405,308.55299999999704,-1.734574082823972,-1.94771664258794,-1.791750142098067,-3.156182363298626
388912.0,-1.4479,-1.972,10.2008,0.0356,0.0716,9.8062,0.0809,-0.3231,-0.0534,185.35,-82.62,56.31,52.839554,-1.666132,21.54,4,308.59,18 / 20,-15.150441730861319,15.758921494140862,-3.5800767999997625,-819.2145227275522,774.2262110692964,-93.16454960229113,False,70.79999999999995,-16.978111074212475,13.984729112997533,-821.1653255680176,770.9033069338946,21.99611111110827,309.47799999997267,-1.8276693433511557,-1.7741923811433296,-1.9508028404653714,-3.3229041354018136
389012.0,-0.2816,-2.6419,8.2704,0.0804,0.0714,9.806,-0.0656,-0.4084,0.3892,190.69,-81.97,59.72,52.839554,-1.666132,21.54,4,308.59,18 / 20,-14.964923571180478,15.904906077552317,-3.6371817999997753,-820.7202909926547,775.8094024478814,-93.52541253229118,False,70.89999999999998,-16.67267362709397,13.622145723956326,-822.8246254151826,772.2376460546831,21.530000000006886,309.25000000000335,-1.7077500559134933,-2.2827603535959913,-2.104334422527927,-3.5717563931983705
389112.0,-0.6866,3.8152,10.3587,0.0628,0.0203,9.8063,-0.0464,0.0504,0.1426,186.64,-82.13,59.51,52.839554,-1.666132,21.54,4,308.59,18 / 20,-14.849428125509057,15.76524904701608,-3.6863917999997864,-822.2110085774895,777.3929102041102,-93.89159121229125,False,71.0,-17.033816726072057,13.894422237042814,-824.530949954389,773.6275826368895,21.981944444444444,309.204,-2.1843886005630004,-1.8708268099732663,-2.3199413768995782,-3.765327567220652
389212.0,0.1,-3.2168,10.611,-0.0005,-0.0003,9.8065,0.0968,-0.2508,0.0325,186.53,-82.45,58.97,52.839554,-1.666132,21.54,4,308.59,18 / 20,-14.756284231541416,15.66113379884258,-3.6185717999998093,-823.6912941953415,778.9642293464026,-94.2568393922911,False,71.09999999999997,-16.860383113487323,14.145034132259227,-826.2036854277154,775.0508776976843,22.008055555554026,309.9949999999537,-2.104098881945907,-1.5160996665833526,-2.5123912323739432,-3.913351648718276
389312.0,-0.1826,-1.0086,10.8184,0.0049,-0.0159,9.8066,0.1341,0.0866,0.0498,186.97,-82.72,59.82,52.839554,-1.666132,21.54,4,308.59,18 / 20,-14.66020547409149,15.799223577251544,-3.5277667999997884,-825.1621186806234,780.5372472152077,-94.61415632229117,False,71.19999999999999,-16.93011084913386,13.767070739988554,-827.9032921537719,776.3963363109009,21.821111111119293,309.11700000003844,-2.26990537504237,-2.0321528372629896,-2.7411734731484785,-4.140910904306793
389412.0,-0.7553,-0.989,10.2287,0.0186,-0.0234,9.8066,-0.0035,0.0774,0.0988,192.84,-82.98,61.23,52.839554,-1.666132,21.54,4,308.59,18 / 20,-14.533745864436156,15.813255726231237,-3.4560767999998125,-826.6218162475493,782.1178711803813,-94.96334850229103,False,71.29999999999995,-16.916461903961153,14.062281638372488,-829.5827454403695,777.8196313717958,21.998055555550327,309.7359999999817,-2.382716039524997,-1.750974087858749,-2.960929192820231,-4.298239808585436
389512.0,-0.3404,-2.0476,9.1804,-0.01,-0.0363,9.8065,-0.1733,0.3086,-0.1992,187.58,-82.77,60.84,52.839554,-1.666132,21.54,4,308.59,18 / 19,-14.392474614786769,15.877222517164904,-3.4662867999998146,-828.0681272715108,783.7023950925515,-95.30946668229109,False,71.39999999999998,-16.918372310968483,13.83816096145281,-831.2756343532783,779.176209476021,21.85694444444653,309.2810000000067,-2.5258976961817137,-2.0390615557120952,-3.207507081767517,-4.5261856165304835
389612.0,1.241,0.1077,8.477,-0.062,-0.0288,9.8063,-0.2153,-0.1305,0.2185,191.91,-82.96,59.49,52.839554,-1.666132,21.54,4,308.59,18 / 19,-14.36020983111629,15.909393914680427,-3.564081799999837,-829.5057614938063,785.2917259141441,-95.66098511229114,False,71.5,-16.58709959376929,14.222890953191564,-832.9013451347123,780.6106240300518,21.849999999999998,310.612,-2.226889762653002,-1.6865029614888627,-3.395583640906011,-4.6811018840923
389712.0,-1.1914,-0.5849,10.9338,-0.0679,-0.013,9.8064,0.1762,0.1041,-0.1875,191.84,-83.16,59.05,52.839554,-1.666132,21.54,4,308.59,18 / 19,-14.29679160883761,15.856353873425121,-3.5742067999998333,-830.9386115658035,786.8800133035488,-96.017899542291,False,71.59999999999997,-16.512410559413162,14.185373487306478,-834.5472093554714,782.0005606135719,21.76888888889364,310.6649999999969,-2.2156189505755517,-1.670980386118643,-3.608597789667897,-4.879452689976915
389812.0,-0.7579,-1.3831,9.0369,-0.0123,-0.0239,9.8065,0.0896,0.2017,-0.1672,192.65,-83.19,60.81,52.839554,-1.666132,21.54,4,308.59,18 / 19,-14.119927945746443,15.85456485588831,-3.556336799999829,-832.3594475435331,788.4655592400148,-96.37442672229106,False,71.69999999999999,-16.281053255336154,13.996006748264657,-836.1662023237703,783.3793777040617,21.47000000001308,310.6839999999992,-2.1611253095897105,-1.8585581076236526,-3.80675478023727,-5.0861815359531874
389912.0,-2.0997,-2.2157,8.0202,0.0257,-0.0057,9.8065,-0.1765,-0.0116,0.131,187.96,-83.21,59.22,52.839554,-1.666132,21.54,4,308.59,18 / 19,-13.885518955861839,15.933706264136596,-3.6841467999997852,-833.759719888613,790.0549727960156,-96.73645090229093,False,71.79999999999995,-16.055776293038193,14.096905747020806,-837.7516062263101,784.7804337794004,21.366111111114183,311.28299999998234,-2.170257337176354,-1.8368005171157904,-3.9918863376971103,-5.274539016615222
390012.0,-0.5764,-3.5211,10.8915,0.0062,0.0658,9.8064,0.1229,-0.5941,0.3412,195.24,-82.96,57.16,52.839554,-1.666132,21.54,4,308.59,18 / 19,-13.630933176732732,16.11464462370606,-3.719226799999793,-835.135542495243,791.6573903404081,-97.10661958229099,False,71.89999999999998,-16.14879747225348,14.133221154431855,-839.3638813814576,786.181489855448,21.45999999999861,311.19200000000137,-2.5178642955207486,-1.9814234692742048,-4.228338886214601,-5.475900484960107
390112.0,0.234,3.4502,8.9521,0.0496,0.0818,9.8061,0.1067,-0.2028,0.0595,190.18,-82.93,56.24,52.839554,-1.666132,21.54,4,308.59,18 / 19,-13.5390996281095,16.031425436496775,-3.70771179999979,-836.4940441354854,793.2646938434186,-97.47796651229105,False,72.0,-15.800084064486358,14.361854863276063,-840.9224140314286,787.6159044087723,21.351944444444445,312.27,-2.260984436376857,-1.669570573220712,-4.428369895943206,-5.648789434646346
390213.0,3.113,0.7642,10.269,0.0425,0.0695,9.8062,-0.0354,0.3426,-0.2158,195.71,-82.27,60.19,52.839554,-1.666132,21.54,4,308.59,18 / 19,-13.683290997087534,15.788647333508994,-3.72751789999979,-837.8687748620579,794.8716075183039,-97.85344561214102,False,72.101,-16.37677067143252,14.136768532371642,-842.5979038081571,789.0305262657696,21.634394444459254,310.8014000000209,-2.693479674344987,-1.651878801137352,-4.729128946099195,-5.841081252534309
390312.0,2.7347,3.959,9.7979,0.0505,0.0293,9.8064,-0.0201,-0.1491,0.1757,192.46,-82.38,61.45,52.839554,-1.666132,21.54,4,308.59,18 / 19,-13.959007705543199,15.55336274021398,-3.7050646999997925,-839.237068647838,796.423037016953,-98.22135845084095,False,72.19999999999999,-16.272280665259466,13.87084821403536,-844.200706846771,790.3735385896504,21.381944444455605,310.44500000001574,-2.313272959716267,-1.68251452617862,-4.96363819893304,-6.0494984273026375
390412.0,-5.6453,-3.9173,9.153,0.0381,0.0981,9.806,-0.0916,0.5862,-0.5414,191.45,-82.63,59.09,52.839554,-1.666132,21.54,4,308.59,18 / 19,-13.758871491089662,15.448451688935437,-3.738184699999781,-840.6229626076691,797.97312773841,-98.5935209208408,False,72.29999999999995,-16.46172624547362,13.808133099661383,-845.8465710676486,791.73011669458,21.48611111110803,309.9900000000135,-2.7028547543839583,-1.6403185892740542,-5.223608459979459,-6.243011043829938
390513.0,2.4215,-1.4601,11.5062,0.0094,-0.0017,9.8066,-0.1037,0.0935,0.2525,189.21,-83.28,53.99,52.839554,-1.666132,21.54,4,308.59,19 / 20,-13.485482977409966,15.602057275998794,-3.6853667499997815,-841.9988025083284,799.5411784411391,-98.96841026906577,False,72.40099999999995,-16.48491631933228,13.885068769055634,-847.5085580400533,793.1226107603416,21.55336944444687,310.10709999999546,-2.999433341922316,-1.71698850694316,-5.509755531724977,-6.418567680797537
390611.0,-7.7164,-4.7976,10.871,0.073,0.0271,9.8063,0.0001,0.7641,-0.5469,184.87,-83.31,53.65,52.839554,-1.666132,21.54,4,308.59,19 / 20,-13.128639343051514,15.823720503784935,-3.5499356499997634,-843.3028945020311,801.0810415523487,-99.3229400866658,False,72.49899999999997,-16.28939207875389,13.868692200536938,-849.0885876920986,794.4629544064437,21.39357500000008,310.41089999999986,-3.1607527357023777,-1.9550283032479978,-5.785693190067491,-6.618087145904951
390712.0,-3.5183,-3.9408,10.988,0.1192,0.136,9.8049,-0.1333,0.5159,-0.4544,190.54,-83.13,56.92,52.839554,-1.666132,21.54,4,308.59,19 / 20,-12.441761352687987,16.122219269134497,-3.4365277999997645,-844.5941997371659,802.6943115108811,-99.67575649089076,False,72.59999999999997,-16.420894468420684,13.460938789054989,-850.7505746644096,795.7887315175564,21.233055555564853,309.3430000000627,-3.9791331157326972,-2.6612804800795082,-6.1563749272436326,-6.90557999332475
390812.0,1.7708,-3.2225,10.264,0.0676,0.0888,9.806,-0.1748,0.4845,0.0095,191.17,-82.69,58.75,52.839554,-1.666132,21.54,4,308.59,19 / 20,-12.226120640697605,16.383102157104478,-3.354592799999746,-845.8275938368355,804.3195775821935,-100.01531252089082,False,72.69999999999999,-16.556623779956432,14.248989114948646,-852.3964388852895,797.2565045488562,21.843888888862157,310.7159999999399,-4.330503139258827,-2.134113042155832,-6.568845048454023,-7.0630730333372185
390912.0,-4.1156,-5.9154,9.0348,-0.0832,-0.0958,9.8058,-0.1033,0.6633,-0.7072,194.59,-82.73,56.34,52.839554,-1.666132,21.54,4,308.59,19 / 20,-11.94856664025805,16.71472413384928,-3.3703177999997402,-847.0363282008828,805.9744688967406,-100.35155805089067,False,72.79999999999995,-16.33567329894099,13.980112906663086,-854.0221496667357,798.6464411317737,21.501111111121244,310.55700000000473,-4.387106658682939,-2.7346112271861944,-6.985821465852837,-7.328027764966919
391011.0,6.7949,1.3872,11.2114,-0.0246,0.0289,9.8065,0.1832,0.2493,-0.1783,194.72,-82.1,57.95,52.839554,-1.666132,21.54,4,308.59,19 / 20,-11.963846284773043,16.886784722580668,-3.3389892499997256,-848.2199926406724,807.6377435851347,-100.6836687498658,False,72.899,-16.646466620152292,13.285382225782287,-855.6848084204796,799.901387074247,21.29816111111412,308.5928400000291,-4.68262033537925,-3.6014024967983804,-7.464815779807168,-7.736356510887617
391112.0,3.0818,-0.2283,10.3798,-0.0863,-0.0666,9.8059,0.0363,0.6717,-0.4224,195.16,-82.08,59.42,52.839554,-1.666132,21.54,4,308.59,19 / 20,-12.403421942284806,16.877123350985862,-3.2391052999997263,-849.4505396861389,809.3428209428498,-101.01586252464077,False,73.0,-16.572957823727727,13.09792925477403,-857.3541849873611,801.2150439372748,21.12388888888889,308.32,-4.16953588144292,-3.7791940962118318,-7.903645301222241,-8.127777005575012
391212.0,3.4327,0.5658,10.9908,-0.0213,-0.0428,9.8065,-0.2041,-0.0036,0.2232,190.54,-82.48,57.81,52.839554,-1.666132,21.54,4,308.59,19 / 20,-12.663504637250387,16.85408189065657,-3.151240299999756,-850.7038860151152,811.0293812049314,-101.33537980464064,False,73.09999999999997,-16.440999990777854,13.575098464286874,-858.9798957686883,802.5827415345307,21.321111111099565,309.5459999999282,-3.777495353527467,-3.2789834263696953,-8.276009753573021,-8.446639670400714
391312.0,-3.65,-4.673,8.1978,-0.1784,-0.1038,9.8044,-0.0021,0.5536,-0.2801,186.16,-83.03,48.67,52.839554,-1.666132,21.54,4,308.59,19 / 20,-12.565390036468349,16.997351832996678,-3.172475299999761,-851.9653307488014,812.7219528911145,-101.6515655846407,False,73.19999999999999,-16.527419217902743,13.58640640476945,-860.6391956158506,803.9504391333014,21.394999999996763,309.4220000000054,-3.962029181434394,-3.410945428227228,-8.673864867049133,-8.771513757813068
391412.0,-2.2054,-3.3242,10.1351,-0.1215,-0.0411,9.8058,0.177,-0.466,0.2593,180.34,-83.0,45.62,52.839554,-1.666132,21.54,4,308.59,19 / 20,-12.175914593506093,17.30874143433074,-3.236495299999739,-853.2023959802997,814.4372575544803,-101.97201411464056,False,73.29999999999995,-16.51927333711906,12.757416404043404,-862.2917776498654,805.1624638338752,20.871944444459903,307.67800000005155,-4.343358743612967,-4.551325030287337,-9.089381669565682,-9.27479372060509
391512.0,-3.6556,-3.1117,9.893,-0.0106,-0.0523,9.8065,-0.2312,0.323,-0.2236,185.14,-83.29,46.54,52.839554,-1.666132,21.54,4,308.59,21 / 21,-11.79635117627204,17.54661101204907,-3.215755299999734,-854.4010092687888,816.1800251767997,-102.2946266446406,False,73.39999999999998,-16.52829826649278,13.260145414498673,-863.9309240575833,806.5190419380941,21.189999999995297,308.73899999998434,-4.731947090220739,-4.2864655975503965,-9.529914788794486,-9.660983238705626
391612.0,3.7083,0.7762,10.6245,-0.0405,-0.0591,9.8063,-0.0668,-0.724,0.3414,185.85,-82.84,48.21,52.839554,-1.666132,21.54,4,308.59,21 / 21,-11.719656645403912,17.595758740103566,-3.170545299999724,-855.5768096598729,817.9371436644078,-102.61394167464064,False,73.5,-16.222479361918367,13.390384174926895,-865.5364813995965,807.8200225801897,21.035,309.53700000000003,-4.502822716514455,-4.205374565176671,-9.959671739723603,-10.11712108421807
391712.0,0.7132,-1.6216,9.4143,0.0071,0.0257,9.8065,-0.0627,-0.1554,0.1992,190.94,-82.27,51.38,52.839554,-1.666132,21.54,4,308.59,21 / 21,-11.862249960216579,17.5893596416654,-3.1492702999997313,-856.7559049901535,819.6963995834957,-102.92993245464051,False,73.59999999999997,-16.64190472539836,13.183591548687005,-867.215934686058,809.1766006850206,21.23111111109963,308.38600000006744,-4.77965476518178,-4.405768092978395,-10.460029695904495,-10.519798898475074
391812.0,5.9346,3.5994,9.2467,-0.1388,-0.0755,9.8053,0.0004,-0.9176,0.5506,185.91,-82.23,48.65,52.839554,-1.666132,21.54,4,308.59,21 / 21,-12.130158609645523,17.454173869086876,-3.196885299999742,-857.9555254186469,821.4485762590338,-103.24724023464056,False,73.69999999999999,-16.470928089626742,13.10767057362514,-868.8550810938044,810.4775813264115,21.050000000007927,308.5129999999944,-4.340769479981219,-4.346503295461735,-10.899555675157558,-10.970994932622261
391912.0,-2.8952,-2.2333,9.3692,-0.0238,0.0233,9.8065,0.1061,-0.2775,0.1777,185.69,-82.22,48.37,52.839554,-1.666132,21.54,4,308.59,21 / 21,-12.219979524544431,17.33238098595484,-3.246755299999725,-859.173032325356,823.1879040017852,-103.56942226464042,False,73.79999999999995,-16.580497088178326,13.057876600306844,-870.5143809409537,811.7785619685056,21.104999999998373,308.22200000000856,-4.360517563633895,-4.274504385647994,-11.34134861559778,-11.409342033279586
392012.0,2.7848,-0.8672,9.6647,-0.0503,-0.0612,9.8063,-0.0612,-0.2507,0.1103,185.74,-82.61,48.02,52.839554,-1.666132,21.54,4,308.59,21 / 21,-12.130217975512345,17.416218931597413,-3.2757252999997313,-860.390542200359,824.9253339976632,-103.89554629464047,False,73.89999999999998,-16.39482191039758,13.287165548272947,-872.1468095355498,813.146259566567,21.103055555555585,309.0229999999882,-4.264603934885237,-4.129053383324466,-11.756267335190728,-11.779074431096205
392112.0,-2.1994,-4.0324,10.3794,-0.0123,0.0398,9.8065,0.1344,-0.1381,0.1004,185.49,-82.27,47.92,52.839554,-1.666132,21.54,4,308.59,21 / 21,-12.066697475426022,17.593588978457745,-3.2541852999997265,-861.6003879729062,826.6758243931663,-104.22204182464051,False,74.0,-16.57634362213188,13.132596312301382,-873.8128271958758,814.5028376707903,21.148055555555555,308.388,-4.509646146705858,-4.460992666156363,-12.212439222969579,-12.172986722375981
392211.0,1.5605,-2.2599,9.9262,-0.0379,-0.0122,9.8065,-0.029,-0.0271,-0.0695,185.46,-82.22,47.9,52.839554,-1.666132,21.54,4,308.59,21 / 21,-11.937030257867521,17.83156170337577,-3.21991644999973,-862.7885724957041,828.4293693519169,-104.54250986126546,False,74.09899999999999,-16.66861681761515,13.154675889102387,-875.4621846794523,815.8128251020715,21.234130555550536,308.2800900000063,-4.731586559747628,-4.676885814273382,-12.673612183748219,-12.616544249845333
392311.0,0.8281,-1.523,10.2402,-0.0043,0.0095,9.8066,0.1071,-0.0254,-0.0405,185.65,-82.0,48.28,52.839554,-1.666132,21.54,4,308.59,21 / 21,-11.968612484111542,17.96152414763675,-3.1922614499997395,-863.9838546328026,830.2190236444669,-104.86311875626532,False,74.19899999999996,-16.45659290365857,13.40637983676179,-877.0949491647044,817.1690696222255,21.226200000000397,309.1680199999603,-4.4879804195470285,-4.555144310874962,-13.111094531901813,-13.049954022241423
392412.0,0.5954,-4.0981,7.6236,0.048,0.0191,9.8064,0.143,0.2825,-0.2464,185.69,-81.93,48.59,52.839554,-1.666132,21.54,4,308.59,21 / 21,-11.94246433309818,18.180456225122104,-3.2806111999997385,-865.1913640120716,832.0441936532912,-105.1899988250903,False,74.29999999999995,-16.641271190798545,13.048423371841226,-878.7772911109485,818.4724965522394,21.14694444444678,308.10000000003186,-4.698806857700365,-5.132032853280878,-13.585927098876823,-13.571697101051882
392512.0,1.4717,0.6298,10.3871,-0.0034,-0.0297,9.8065,-0.0493,0.1016,-0.1225,180.82,-82.32,46.52,52.839554,-1.666132,21.54,4,308.59,21 / 21,-11.954075401809753,18.289956544240468,-3.3607411999997567,-866.3861909988173,833.8677142917597,-105.52206644509035,False,74.39999999999998,-16.76767565928314,13.049049820210257,-880.4500265844105,819.7957161798919,21.246944444442963,307.8910000000031,-4.813600257473386,-5.240906724030211,-14.06383558559321,-14.071998111867856
392612.0,1.1306,-3.3189,8.9534,-0.0803,-0.0579,9.8061,-0.0077,0.0367,-0.0813,179.65,-82.58,44.34,52.839554,-1.666132,21.54,4,308.59,21 / 21,-12.010431651423904,18.362024492332253,-3.37438119999976,-867.5844163514793,835.7003133435888,-105.85882256509039,False,74.5,-16.661567175791728,13.135863534812685,-882.1160442447373,821.1411747923963,21.216944444444444,308.252,-4.651135524367824,-5.226160957519568,-14.531627893258019,-14.559138551192518
392711.0,0.2212,-0.8917,12.5393,-0.073,0.0056,9.8063,0.2494,0.184,-0.1821,178.29,-82.84,42.16,52.839554,-1.666132,21.54,4,308.59,21 / 21,-12.0038387042377,18.50895407846216,-3.2813508999997696,-868.7731227340844,837.5254267828429,-106.18828130404033,False,74.59899999999999,-16.75544645163786,13.151291621592819,-883.7720523633307,822.4401539254767,21.300269444439582,308.1282500000072,-4.7516077474001595,-5.357662456869342,-14.998929629246277,-15.085272857366249
392812.0,-8.508,-1.5061,7.6711,0.0055,0.0493,9.8065,-0.1523,-0.5029,0.0517,180.14,-82.62,45.25,52.839554,-1.666132,21.54,4,308.59,21 / 21,-11.50942651487718,18.56628090552163,-3.25119734999977,-869.9605426276497,839.3977261495342,-106.5181749906653,False,74.69999999999999,-16.56906193111123,13.243014056137955,-885.4413617520801,823.8209725248807,21.211111111115052,308.63399999997785,-5.059635416234048,-5.323266849383675,-15.480819124430354,-15.576753624653406
392912.0,7.8806,-0.3025,11.8111,0.0026,0.062,9.8064,0.0259,-0.0419,0.1236,177.6,-82.06,40.45,52.839554,-1.666132,21.54,4,308.59,21 / 21,-11.401480175728235,18.577884238560078,-3.257752349999768,-871.1060879621796,841.2549344067376,-106.84362247566517,False,74.79999999999995,-16.582030208192272,13.309913813889834,-887.0939437861213,825.177550629811,21.26305555555402,308.75299999999646,-5.180550032464037,-5.267970424670244,-15.987855823941686,-16.07738377692658
393012.0,-6.2963,-2.2384,6.9118,0.1601,0.0229,9.8052,-0.3644,-0.6458,0.5911,173.58,-81.72,39.76,52.839554,-1.666132,21.54,4,308.59,21 / 21,-11.415439640393368,18.666150417857754,-3.302272349999778,-872.246933952986,843.1171361395589,-107.17162371066522,False,74.89999999999998,-16.68070213563581,13.461552706210602,-888.7599614464342,826.5452482271668,21.43499999999746,308.9039999999978,-5.265262495242441,-5.204597711647152,-16.51302749344825,-16.57188791239207
393112.0,-1.6399,-0.1564,8.8303,0.0916,-0.015,9.8062,-0.3261,0.0941,0.1483,180.97,-81.67,38.91,52.839554,-1.666132,21.54,4,308.59,21 / 21,-10.95478418348478,18.75999370086741,-3.495832349999822,-873.3654451441802,844.9884433454955,-107.51152894566528,False,75.0,-16.583917744890837,13.26580120336177,-890.4192612935987,827.8462288692626,21.236944444444443,308.657,-5.629133561406057,-5.494192497505638,-17.05381614941848,-17.14221447623288
393212.0,-0.081,-2.5146,10.6804,-0.0081,0.0527,9.8065,0.2873,-0.068,-0.1069,180.06,-81.4,37.0,52.839554,-1.666132,21.54,4,308.59,21 / 21,-10.793580068551224,18.828687115604403,-3.50096234999982,-874.4528633567816,846.8678773863185,-107.86136868066514,False,75.09999999999997,-16.724828848164194,13.374689715995965,-892.0919967669383,829.2028069740936,21.414999999989575,308.64900000000046,-5.93124877961297,-5.453997399608438,-17.639133410156774,-17.66507041222485
393312.0,2.4316,-0.7886,10.0833,-0.0439,0.0112,9.8065,0.1132,-0.0066,-0.1363,177.21,-81.56,39.57,52.839554,-1.666132,21.54,4,308.59,21 / 21,-10.835826448424175,18.926923546489775,-3.443442349999807,-875.5343336826306,848.7556579194236,-108.2085889156652,False,75.19999999999999,-16.615764545212553,13.163355496030613,-893.7512966141034,830.5149071086167,21.198055555565052,308.3870000000115,-5.779938096788378,-5.7635680504591615,-18.21696293147272,-18.240750810806844
393411.0,-1.1944,-1.1013,8.762,0.0082,0.0214,9.8065,-0.0936,-0.0153,0.1282,183.59,-81.5,37.97,52.839554,-1.666132,21.54,4,308.59,21 / 21,-10.821356842351717,18.948175196405394,-3.481458349999803,-876.6063642555239,850.6304753071967,-108.55137150031514,False,75.29899999999998,-16.681943739846144,13.19140484219024,-895.3940034627956,831.8138862410914,21.267355555553493,308.3355200000015,-5.860586897494427,-5.7567703542151545,-18.787639207271695,-18.81658906610528
393512.0,0.8919,-2.5489,9.4216,0.0279,0.0128,9.8065,0.0506,0.0771,-0.0186,180.48,-81.47,37.89,52.839554,-1.666132,21.54,4,308.59,20 / 21,-10.727732458654048,19.062937396964795,-3.553658199999802,-877.6945932652246,852.5500364931619,-108.90664488609012,False,75.39999999999998,-16.698580766895393,13.201946983393151,-897.0833319347421,833.150226869375,21.286944444444163,308.33000000000004,-5.9708483082413455,-5.860990413571644,-19.388738669517465,-19.399809623786837
393612.0,-1.8075,-4.3406,9.0081,0.0369,0.0257,9.8065,0.1186,-0.2809,0.0983,184.37,-81.29,39.6,52.839554,-1.666132,21.54,4,308.59,20 / 21,-10.591898556815948,19.334375742099414,-3.6128381999998154,-878.7605748159983,854.4699021501156,-109.26496970609018,False,75.5,-16.525941094695966,13.19106879425011,-898.7291961556089,834.462327004603,21.145,308.597,-5.934042537880018,-6.143306947849304,-19.968621339610536,-20.007575145512533
393712.0,0.6056,1.4093,10.6521,0.0045,0.0214,9.8065,0.1361,0.0729,0.0151,181.59,-81.33,41.66,52.839554,-1.666132,21.54,4,308.59,20 / 21,-10.445383743760559,19.40768228787066,-3.610493199999816,-879.8124389310268,856.4070050516134,-109.62613627609004,False,75.59999999999997,-16.451907481473913,13.217748161305382,-900.375060376368,835.7744271390272,21.103888888891294,308.77899999998937,-6.006523737713355,-6.189934126565278,-20.562621445341165,-20.632577912586157
393812.0,-0.0135,0.2268,9.2281,0.0427,0.0156,9.8065,0.0073,-0.0133,-0.0197,182.98,-81.31,43.14,52.839554,-1.666132,21.54,4,308.59,20 / 21,-10.40461493533537,19.26098114172505,-3.597148199999813,-880.8549388649818,858.3404382230937,-109.9865183460901,False,75.69999999999999,-16.327826611213304,13.391318860511154,-902.0074889709508,837.1421247363801,21.116944444443874,309.35699999997473,-5.923211675877933,-5.8696622812138965,-21.152550105969,-21.198313486713573
393913.0,1.5095,1.469,10.5604,-0.0166,0.0033,9.8065,0.0494,0.2352,-0.1054,183.12,-81.54,43.44,52.839554,-1.666132,21.54,4,308.59,20 / 21,-10.411934893509219,19.11219894950666,-3.588300599999813,-881.9061746313384,860.2782838177009,-110.34938351049007,False,75.80099999999999,-16.476749901332425,13.231442393254019,-903.6698118340382,838.467234677317,21.131836111114655,308.7657400000095,-6.064815007823206,-5.88075655625264,-21.763637202699783,-21.81104914038383
394012.0,-2.1675,-3.6912,9.3792,0.0252,-0.003,9.8066,0.013,0.4557,-0.3396,187.01,-81.63,44.38,52.839554,-1.666132,21.54,4,308.59,20 / 21,-10.292811555803846,19.14343655997288,-3.572148749999815,-882.9310595805794,862.1719377754199,-110.70382575331502,False,75.89999999999998,-16.456471003270146,13.0633591484756,-905.2992174126955,839.7552055122902,21.01111111111291,308.4430000000048,-6.1636594474663,-6.08007741149728,-22.36815783211614,-22.41673226312969
394112.0,3.5866,-0.4238,8.915,-0.0394,-0.0203,9.8065,-0.0181,0.4399,-0.279,185.71,-81.83,41.9,52.839554,-1.666132,21.54,4,308.59,20 / 21,-10.271002216367025,19.281558460170235,-3.63810374999983,-883.9592502691881,864.0931875264275,-111.06433837831509,False,76.0,-16.402173084376457,12.970862963249248,-906.9383638204397,841.0450666619596,20.91111111111111,308.337,-6.131170868009432,-6.310695496920987,-22.979113551251544,-23.048120864467933
394212.0,-1.648,-3.4932,10.8204,0.0628,0.0124,9.8064,-0.0124,0.0001,0.0548,186.25,-81.72,43.02,52.839554,-1.666132,21.54,4,308.59,20 / 21,-10.277885565120263,19.41482673301511,-3.631998749999832,-884.9866946582622,866.0280067860862,-111.42784350331495,False,76.09999999999997,-16.27753787043657,12.92687804538529,-908.5573567886049,842.3349278101196,20.78611111111843,308.45499999999305,-5.999652305316308,-6.487948687629821,-23.570662130342726,-23.693078975966614
394312.0,-6.8548,-2.7891,10.2313,-0.0341,-0.0798,9.8062,-0.1455,0.5828,-0.1022,186.04,-81.75,42.59,52.839554,-1.666132,21.54,4,308.59,20 / 21,-9.753127915667804,19.61158708148829,-3.5600787499998154,-885.9882453323019,867.9793274768118,-111.78744737831501,False,76.19999999999999,-16.292720628474946,12.843223145188567,-910.1897853831728,843.6136694673637,20.746111111112864,308.24800000000903,-6.539592712807142,-6.768363936299725,-24.201540050870904,-24.36565800944811
394412.0,-4.6514,-2.9929,10.2426,-0.1116,-0.0788,9.8057,0.012,-0.8512,0.5231,181.36,-82.29,41.1,52.839554,-1.666132,21.54,4,308.59,20 / 21,-9.090352621761111,19.79081415704931,-3.51704874999983,-886.930419359173,869.949447538738,-112.14130375331487,False,76.29999999999995,-16.314169542392577,12.870752586466297,-911.8222139777672,844.8924111231919,20.779999999999,308.27099999999933,-7.2238169206314655,-6.920061570583014,-24.89179461859419,-25.057036415546122
394512.0,-7.5539,-4.8824,8.6394,-0.073,-0.0266,9.8063,-0.0772,0.0971,0.0682,185.26,-82.26,40.8,52.839554,-1.666132,21.54,4,308.59,22 / 22,-8.384128305958917,20.076360261428725,-3.5536137499998386,-887.8041434055592,871.9428062596623,-112.49483687831494,False,76.39999999999998,-16.203525455632217,12.747711992121832,-913.441206946038,846.1600332873027,20.616944444446855,308.1930000000011,-7.8193971496733,-7.328648269306893,-25.637063540478835,-25.78277297235968
394611.0,7.3489,4.6008,9.436,-0.1595,-0.1522,9.8041,0.0931,-1.2081,0.7869,180.75,-82.47,38.33,52.839554,-1.666132,21.54,4,308.59,22 / 22,-8.285044106471517,19.993841885122382,-3.6297397999998307,-888.6292674399745,873.9262812659164,-112.8504128790399,False,76.49899999999997,-16.176686843444188,12.70353572852974,-915.0373593496346,847.4149792290715,20.56854444444447,308.14251,-7.8916427369726705,-7.290306156592642,-26.40809190966013,-26.51130203684488
394712.0,-2.582,-4.9552,9.706,0.0033,0.0243,9.8066,0.1265,-0.6168,0.2096,185.68,-81.82,41.85,52.839554,-1.666132,21.54,4,308.59,22 / 22,-8.432167947114674,19.934953049346245,-3.6535404499998303,-889.4734866486806,875.9426854101071,-113.21821853166487,False,76.59999999999997,-16.2385627851385,12.67372487194789,-916.6791928825137,848.6952776140163,20.598888888887085,307.97100000001,-7.806394838023827,-7.261228177398355,-27.205706233833098,-27.247407796090783
394812.0,5.5522,4.4094,9.5442,-0.0688,-0.0803,9.806,0.0665,-0.8203,0.4352,182.17,-81.98,41.33,52.839554,-1.666132,21.54,4,308.59,22 / 22,-8.4939710227525,19.891142407401475,-3.6716954499998344,-890.3197935971741,877.9339901829449,-113.58448032666494,False,76.69999999999999,-16.0010184512483,12.526570373147997,-918.2713145982038,849.9295413001445,20.32111111112327,308.0559999999963,-7.507047428495799,-7.364572034253477,-27.951521001029732,-28.004448882800375
394912.0,-2.0241,-3.7378,9.2818,0.0865,0.0634,9.806,0.0737,-0.7613,0.5887,184.95,-81.88,40.42,52.839554,-1.666132,21.54,4,308.59,22 / 22,-8.591365229079694,19.791467616841455,-3.7110604499998208,-891.1740604097654,879.9181206841563,-113.9536181216648,False,76.79999999999995,-15.968232606068634,12.703525984481018,-919.8634363139178,851.2194024498106,20.404999999997518,308.5039999999868,-7.37686737698894,-7.087941632360437,-28.68937590415237,-28.698718234345733
395012.0,3.7118,2.1196,9.771,-0.0702,-0.0375,9.8062,-0.1018,-0.5446,0.3288,181.91,-81.75,40.85,52.839554,-1.666132,21.54,4,308.59,22 / 22,-8.591871200494387,19.802023728747468,-3.739085449999827,-892.0332222312443,881.8977952514362,-114.32612541666487,False,76.89999999999998,-16.003245593143674,12.653120763409753,-921.4622758427814,852.4759051207891,20.401111111111167,308.33200000000255,-7.411374392649288,-7.148902965337715,-29.429053611537142,-29.421890130647057
395112.0,-5.5731,-5.7846,8.9146,0.0641,0.0645,9.8062,0.0821,-0.7449,0.5608,185.87,-81.5,42.43,52.839554,-1.666132,21.54,4,308.59,22 / 22,-8.40311584201041,19.893778653283675,-3.7854704499998375,-892.8829715833697,883.8825853705382,-114.70235321166493,False,77.0,-15.844192824819576,12.518827676731108,-923.0476797453208,853.7212882993412,20.193055555555553,308.313,-7.441076982809166,-7.374950976552567,-30.164708161951125,-30.161297071197055
395212.0,-0.2128,-0.2572,9.7112,-0.0455,-0.0449,9.8064,0.0406,-0.3981,0.3476,181.22,-81.95,39.37,52.839554,-1.666132,21.54,4,308.59,22 / 22,-8.01403957984068,20.098343573653363,-3.8348454499998206,-893.703829354462,885.8821914818844,-115.08336900666478,False,77.09999999999997,-15.91927591709292,12.496221306663529,-924.6398014609056,854.9666714770945,20.23805555555292,308.1310000000106,-7.905236337252239,-7.602122266989834,-30.935972106443614,-30.915520004789983
395312.0,0.4399,-2.1774,9.9387,0.0955,0.0384,9.806,0.0378,-0.7225,0.3502,181.95,-81.88,40.89,52.839554,-1.666132,21.54,4,308.59,22 / 22,-7.947696408657847,20.15567796446711,-3.83301544999982,-894.5019161538871,887.894892558791,-115.46676205166484,False,77.19999999999999,-15.706076143418557,12.493177074387555,-926.2050519240394,856.2120546556464,20.068888888896293,308.49999999998386,-7.75837973476071,-7.662500890079555,-31.703135770152244,-31.68283790314456
395412.0,5.4669,0.482,10.2307,-0.01,0.0087,9.8066,0.0509,-0.4349,0.3089,186.5,-81.77,43.46,52.839554,-1.666132,21.54,4,308.59,22 / 22,-8.169700296175321,20.20410635875642,-3.8052104499998296,-895.3077859891285,889.9128817749514,-115.8486733466647,False,77.29999999999995,-15.643644972833815,12.354606355471553,-927.7703023871576,857.4351988479325,19.933888888892877,308.3000000000059,-7.473944676658494,-7.8495000032848665,-32.46251639802904,-32.47768292701892
395512.0,-4.0978,-4.4837,9.0528,0.1151,0.0378,9.8058,0.0186,-0.6042,0.4513,185.01,-81.61,47.39,52.839554,-1.666132,21.54,4,308.59,21 / 21,-8.151537007255834,20.34650512557626,-3.8217004499998333,-896.1238478543003,891.9404123491685,-116.23001889166477,False,77.39999999999998,-15.7630527516242,12.31456046751624,-929.3422706634254,858.6694625347659,20.003055555554536,307.9980000000045,-7.611515744368365,-8.031944658060022,-33.21842280912517,-33.27094981440257
395612.0,3.7517,-0.103,10.0895,-0.0164,-0.0257,9.8065,-0.0634,-0.3049,0.1475,184.41,-81.86,45.99,52.839554,-1.666132,21.54,4,308.59,21 / 21,-8.044420448287205,20.502725599745194,-3.845250449999839,-896.9336457270776,893.982873885435,-116.61336643666485,False,77.5,-15.558038981392674,12.295378117547505,-930.8940855002336,859.8814872353338,19.830000000000002,308.319,-7.513618533105468,-8.207347482197688,-33.96043977315594,-34.101386650101176
395712.0,-0.0242,-0.5062,10.1938,0.0622,0.0493,9.8063,0.0326,-0.3835,0.3155,185.48,-81.68,48.32,52.839554,-1.666132,21.54,4,308.59,21 / 21,-8.157652309852123,20.478304583143274,-3.8117504499998502,-897.7437493649843,896.0319253945787,-116.9962164816647,False,77.59999999999997,-15.64609150774211,12.275600998225999,-932.4660537763996,861.1157509199548,19.886944444441113,308.11700000001184,-7.488439197889987,-8.202703584917275,-34.72230441141528,-34.91617447462386
395812.0,0.9934,-0.9668,9.7058,-0.0216,-0.0055,9.8066,-0.1039,0.0076,0.06,184.87,-81.96,46.88,52.839554,-1.666132,21.54,4,308.59,21 / 21,-8.129913129879906,20.486425465777472,-3.797435449999847,-898.5581276369711,898.0801618970252,-117.37667577666477,False,77.69999999999999,-15.560012130055284,12.271809549811767,-934.0178686132354,862.3388951136561,19.816944444447508,308.26199999999363,-7.430099000175378,-8.214615915965705,-35.45974097626424,-35.74126678336904
395912.0,-0.3507,-0.6264,9.62,0.0025,0.0294,9.8066,0.0277,-0.0864,0.038,185.78,-82.05,48.51,52.839554,-1.666132,21.54,4,308.59,21 / 21,-8.085378398066108,20.498681895116594,-3.8118104499998418,-899.3688922133681,900.1294172650692,-117.75713807166463,False,77.79999999999995,-15.462972592986743,12.147633712920666,-935.5629656369069,863.5398003217983,19.663888888893414,308.15300000000326,-7.3775941949206345,-8.351048182195928,-36.19407342353884,-36.58961694327081
396013.0,-0.9397,-3.7536,9.4241,0.0,0.0284,9.8065,-0.0955,0.2434,-0.174,185.7,-81.83,48.5,52.839554,-1.666132,21.54,4,308.59,21 / 21,-7.929018892337803,20.641553687973953,-3.8405550499998413,-900.1776192765335,902.2069991620152,-118.1435825294146,False,77.90099999999995,-15.497815810320963,12.1239418393371,-937.1302314439642,864.7636116845846,19.67669444444647,308.0360600000029,-7.5687969179831605,-8.517611848636854,-36.95261216743074,-37.44338747743063
396112.0,2.0804,-1.7845,10.382,-0.0113,-0.0096,9.8066,0.0391,0.1594,-0.1789,189.56,-81.87,47.24,52.839554,-1.666132,21.54,4,308.59,21 / 21,-7.885389674540519,20.854535667986365,-3.8310114499998367,-900.9604325005944,904.2610555851362,-118.52332507116476,False,78.0,-15.431962822606717,11.989250022892888,-938.6598774974001,865.9304912442421,19.541944444444443,307.844,-7.546573148066198,-8.865285645093477,-37.69944499680571,-38.33056434089406
396212.0,-4.8186,-4.1467,7.7649,0.0704,0.0332,9.8063,0.0666,0.5981,-0.478,186.16,-81.74,49.7,52.839554,-1.666132,21.54,4,308.59,21 / 21,-7.645207739346089,21.06759298118376,-3.9043314499998116,-901.7369623712884,906.357162017594,-118.91009221616461,False,78.09999999999997,-15.375655356781127,11.975224944570584,-940.1982567078239,867.1313964522961,19.488888888891992,307.912999999996,-7.730447617435038,-9.092368036613177,-38.4612943365355,-39.22576556529782
396312.0,5.5848,2.8554,10.8866,-0.0226,0.0305,9.8065,0.2363,-0.01,-0.2146,189.6,-81.86,49.33,52.839554,-1.666132,21.54,4,308.59,21 / 21,-7.616434033941523,21.081164272498484,-3.9524214499998225,-902.500044459953,908.4645998802786,-119.30292986116469,False,78.19999999999999,-15.281375311156129,11.98083678873684,-941.72320029205,868.3211821673057,19.418055555558656,308.0969999999919,-7.664941277214606,-9.100327483761644,-39.22315583209706,-40.143417712972905
396412.0,-2.1447,-3.7147,8.9222,0.1802,0.1131,9.8043,-0.1589,-0.7823,0.8057,186.69,-81.41,50.88,52.839554,-1.666132,21.54,4,308.59,21 / 21,-7.721632534301123,21.086114087038943,-3.9426464499998257,-903.2669477883649,910.5729637982547,-119.69768325616454,False,78.29999999999995,-15.247132514787072,11.9123654792476,-943.2481438763011,869.5109678830214,19.348888888890933,308.00000000000284,-7.525499980485949,-9.173748607791344,-39.98119608793627,-41.0619959152333
396518.0,6.9834,2.2675,10.0214,0.0489,0.0067,9.8065,-0.0281,0.3242,-0.1546,185.54,-81.71,48.42,52.839554,-1.666132,21.54,4,308.59,21 / 21,-7.893338474285911,21.1098293763397,-3.9781405499998237,-904.0945412518199,912.8093488018137,-120.1174849671645,False,78.40599999999995,-15.210201979682894,11.939123794326367,-944.857463193656,870.7714735713851,19.336311111112444,308.12985999999955,-7.3168635053969835,-9.170705582013333,-40.76292194183611,-42.037875230428654
396613.0,-4.6998,-5.1805,9.6772,0.0337,-0.0093,9.8065,-0.128,0.8325,-0.4574,188.8,-82.12,47.54,52.839554,-1.666132,21.54,4,308.59,21 / 21,-7.911969012725065,21.17556907712892,-3.9740887999998225,-904.8452933574531,914.817905228354,-120.4952158612896,False,78.50099999999998,-15.134339906799024,11.891939507539448,-946.2996433199273,871.8913176777627,19.247505555555602,308.1588,-7.2223708940739595,-9.283629569589472,-41.454349962474225,-42.92658755059131
396712.0,-3.8624,-4.5753,8.4778,-0.0875,0.0021,9.8062,0.0023,0.5019,-0.2657,187.84,-81.69,46.11,52.839554,-1.666132,21.54,4,308.59,21 / 21,-7.357603412476836,21.519358523743428,-4.046274649999815,-905.6011371925005,916.931304144597,-120.89222385206453,False,78.59999999999997,-15.095622955936072,11.85308184106486,-947.7893855631755,873.0692055355355,19.193055555558775,308.1390000000012,-7.738019543459236,-9.666276682678568,-42.18824837067507,-43.86209860906149
396812.0,-1.8073,-3.1796,8.6565,0.0294,0.0437,9.8064,0.0729,0.6807,-0.4417,184.5,-81.33,46.34,52.839554,-1.666132,21.54,4,308.59,21 / 21,-6.964261597901549,21.800534564038223,-4.170224649999843,-906.3172304430195,919.0972987989866,-121.3030488170646,False,78.69999999999999,-14.988023841546998,11.921585385988385,-949.2874578948188,874.2478717574121,19.151111111112947,308.4989999999843,-8.023762243645448,-9.878949178049838,-42.970227451799246,-44.84942704157447
396912.0,6.5016,0.4837,12.0051,-0.0376,-0.0259,9.8065,0.1706,0.1886,-0.4058,183.63,-81.41,44.48,52.839554,-1.666132,21.54,4,308.59,21 / 21,-7.116827088513725,21.88040018731815,-4.117809649999861,-907.02128487734,921.2813455365537,-121.71745053206445,False,78.79999999999995,-14.965394100868656,11.922360647877202,-950.7855302264876,875.4376574731274,19.1338888888894,308.5429999999987,-7.8485670123549305,-9.958039539440946,-43.764245349147586,-45.84368806342627
397012.0,-6.6197,-5.5398,9.3481,0.1593,0.0649,9.8051,0.0802,0.7494,-0.5637,185.31,-81.27,48.24,52.839554,-1.666132,21.54,4,308.59,21 / 21,-7.01724179570051,22.05354275875399,-4.030814649999842,-907.7279883215509,923.4780426838578,-122.12488174706452,False,78.89999999999998,-14.914595206314832,11.856381228473662,-952.2768847449815,876.6163236950036,19.05305555555675,308.4830000000009,-7.897353410614322,-10.19716153028033,-44.54889642343062,-46.861718988854136
397112.0,-0.1467,-3.6302,9.9634,0.0495,0.0026,9.8064,0.0485,-0.1386,0.0551,185.27,-81.52,47.85,52.839554,-1.666132,21.54,4,308.59,21 / 21,-6.568701623436489,22.40930183863843,-4.045904649999845,-908.407285492508,925.701184913728,-122.52871771206459,False,79.0,-14.881566008103981,11.775543027562463,-953.7615214503533,877.7838704251615,18.97694444444444,308.35400000000004,-8.312864384667492,-10.633758811075968,-45.354235957845276,-47.91731448856649
397212.0,-4.5965,-3.1212,8.6218,0.1052,0.0646,9.8058,0.0089,0.7847,-0.5343,185.09,-81.47,48.05,52.839554,-1.666132,21.54,4,308.59,21 / 21,-6.23246231758087,22.655078195449295,-4.097309649999827,-909.0473436895586,927.9544039154316,-122.93587842706444,False,79.09999999999997,-14.82716956348956,11.835950267664437,-955.2461581556026,878.9625366476583,18.971944444444734,308.59899999998566,-8.59470724590869,-10.819127927784859,-46.19881446604404,-48.99186726777327
397312.0,6.3091,5.2376,9.17,0.0441,0.0701,9.8063,0.1033,-0.2618,0.1789,180.46,-81.48,45.89,52.839554,-1.666132,21.54,4,308.59,21 / 21,-6.234956048923525,22.464478128618193,-4.188384649999848,-909.670714607884,930.2103817316355,-123.35016314206452,False,79.19999999999999,-14.81180397341105,11.834269346034873,-956.7240770478259,880.141202868827,18.958888888889458,308.62399999999894,-8.576847924487526,-10.63020878258332,-47.05336243994191,-50.069178862808485
397412.0,-2.7094,-3.816,9.857,0.1322,0.1437,9.8046,-0.1834,1.1154,-0.4679,184.3,-81.45,45.99,52.839554,-1.666132,21.54,4,308.59,21 / 21,-6.3303455769694725,22.31941236626509,-4.217699649999838,-910.2989796891784,932.4495762563789,-123.77046735706436,False,79.29999999999995,-14.697442293095639,11.844524503762402,-958.1952781268856,881.3087495996919,18.876111111113556,308.8649999999929,-8.367096716126166,-10.474887862502689,-47.89629843770717,-51.14082665668707
397512.0,3.5956,4.9779,9.3188,-0.069,-0.0695,9.8061,-0.2079,0.5767,-0.4407,183.05,-81.9,43.07,52.84057,-1.668267,18.87,4,308.05,21 / 21,-6.30242679897913,22.1930472288268,-4.239574649999843,-910.9306183079759,934.6751992361341,-124.19333107206444,False,79.39999999999998,-14.690456662766834,11.932651207064795,-959.6597613928108,882.4985353154075,18.926111111110373,309.0859999999968,-8.388029863787704,-10.260396021762004,-48.729143084834845,-52.17666392072658
397612.0,0.3379,-2.3575,8.8345,0.0263,0.0401,9.8065,0.0412,0.2141,-0.2262,184.0,-81.56,45.29,52.84057,-1.668267,18.87,4,308.05,21 / 21,-6.43235568217246,22.005528117097523,-4.312574649999859,-911.5673574320336,936.8851280034307,-124.62093853706452,False,79.5,-14.677963497592012,11.857164731274967,-961.1309624718842,883.6772015372837,18.868888888888886,308.932,-8.245607815419552,-10.148363385822556,-49.563605039850586,-53.207926466147
397712.0,1.278,-2.5613,10.6659,-0.052,-0.0031,9.8064,0.1394,-0.0248,-0.1282,188.0,-81.37,44.43,52.84057,-1.668267,18.87,4,308.05,21 / 21,-6.4179837644466495,22.18971451530822,-4.318219649999857,-912.2098744043644,939.0948901350503,-125.05247825206436,False,79.59999999999997,-14.675737661888274,11.872731599680767,-962.60216355085,884.8558677597806,18.87694444444397,308.9729999999976,-8.257753897441624,-10.316982915627454,-50.39228914648561,-54.239022375269656
397812.0,-1.8203,-2.2087,8.2794,-0.0242,-0.0423,9.8065,0.219,0.2597,-0.4772,183.03,-81.67,43.21,52.84057,-1.668267,18.87,4,308.05,21 / 21,-6.297685655935267,22.361209282819356,-4.351619649999864,-912.8456578753837,941.3224363249572,-125.48597021706445,False,79.69999999999999,-14.611337686870263,11.837940530360983,-964.0599290036134,886.0345339816565,18.80500000000315,309.0139999999982,-8.313652030934996,-10.523268752458373,-51.21427112822971,-55.28790234330063
397911.0,3.9658,0.6108,10.8662,-0.1286,-0.0848,9.8054,-0.0841,-0.3861,0.5193,178.65,-81.9,42.38,52.84057,-1.668267,18.87,4,308.05,21 / 21,-6.323719374859709,22.367569224148763,-4.374770799999862,-913.470417424408,943.5365108610519,-125.9179265443394,False,79.79899999999998,-14.579941294534487,11.921817313204789,-965.5031168018609,887.2124218402149,18.833599999999144,309.2723899999923,-8.256221919674779,-10.445751910943974,-52.0326993774529,-56.32408902083694
398011.0,3.9015,-0.3817,9.8112,-0.1049,-0.0324,9.806,-0.2136,0.1426,0.1903,177.62,-81.97,40.41,52.84057,-1.668267,18.87,4,308.05,21 / 21,-6.639457145777005,22.28303656937881,-4.32156579999985,-914.1185762504399,945.7690411507288,-126.35274337433948,False,79.899,-14.573431554204497,11.858470629578818,-966.9608822546368,888.3911992570296,18.78851388888956,309.1354100000021,-7.933974408427492,-10.424565939799994,-52.84230600419687,-57.377841893699156
398111.0,1.0491,-0.6156,9.8906,-0.0029,-0.0326,9.8065,0.1224,-0.4033,-0.0896,178.25,-81.98,41.63,52.84057,-1.668267,18.87,4,308.05,21 / 21,-6.81083801263165,22.26314014424882,-4.3171407999998515,-914.7910910083601,947.9963499864094,-126.78467870433931,False,79.99899999999997,-14.57067945539183,11.93156725921373,-968.4186477074117,889.5808737771064,18.83260555555553,309.3131899999999,-7.759841442760179,-10.331572885035088,-53.627556699051524,-58.41547620930305
398212.0,-5.3511,-7.93,8.8715,-0.0186,-0.0768,9.8063,0.0894,0.6977,-0.6444,178.3,-81.43,41.67,52.84057,-1.668267,18.87,4,308.05,21 / 21,-6.528405091774466,22.63980739156097,-4.360126399999851,-915.4647227851326,950.2639488369678,-127.22288069793929,False,80.09999999999997,-14.551806850247159,11.93471061203951,-969.8842730014605,890.7936768423108,18.82000000000076,309.3569999999976,-8.023401758472694,-10.705096779521462,-54.419550216327934,-59.47027199465697
398311.0,-4.5569,-1.9661,9.4506,-0.1523,-0.125,9.8047,-0.0315,-0.2341,0.2453,176.86,-81.69,38.84,52.84057,-1.668267,18.87,4,308.05,21 / 21,-5.978116446068416,23.09061292096282,-4.424040799999845,-916.0837956012558,952.5276046424375,-127.65769697433923,False,80.19899999999996,-14.550271702751708,11.847496434437348,-971.3274607997076,891.9605564019689,18.763625000002516,309.1540500000091,-8.572155256683292,-11.243116486525471,-55.24366519845182,-60.56704824046858
398412.0,-1.4468,-6.3006,11.1284,-0.0976,-0.0126,9.8061,-0.1034,-0.6906,0.5243,181.77,-81.52,40.54,52.84057,-1.668267,18.87,4,308.05,21 / 21,-5.59400734867989,23.455685043909114,-4.375272949999845,-916.6681878528906,954.8781926896635,-128.10206231871422,False,80.29999999999995,-14.524794667472776,11.943967718798795,-972.7930860938623,893.1621287799032,18.804999999998763,309.43099999999174,-8.930787318792886,-11.511717325110318,-56.124898240971675,-61.71606390976024
398512.0,3.3484,-0.6212,8.574,-0.0591,-0.0201,9.8063,-0.1771,0.0716,0.0582,182.65,-81.53,42.45,52.84057,-1.668267,18.87,4,308.05,20 / 21,-5.604779295094682,23.741446635997658,-4.370817949999844,-917.2281271850794,957.2380492736594,-128.5393668637143,False,80.39999999999998,-14.55050603269726,11.94724283283076,-974.2508515466511,894.3519144949122,18.82694444444412,309.38900000000064,-8.945726737602579,-11.794203803166898,-57.022724361571704,-62.88613477874719
398612.0,-1.9727,0.1326,9.3418,0.0067,-0.0035,9.8066,0.1022,0.0717,-0.1816,182.31,-81.39,41.78,52.84057,-1.668267,18.87,4,308.05,20 / 21,-5.5996079307907065,23.703617805477624,-4.455692949999863,-917.7883465463738,959.6103024957337,-128.9806924087144,False,80.5,-14.540059724945708,11.867037226343882,-975.7018991862648,895.5305807167883,18.768055555555556,309.22,-8.940451794155003,-11.836580579133742,-57.91355263989101,-64.07972177894533
398712.0,0.2597,-0.8449,10.2363,-0.0374,-0.0377,9.8064,-0.0289,-0.0098,-0.011,182.06,-81.59,41.14,52.84057,-1.668267,18.87,4,308.05,20 / 21,-5.4397507459746794,23.67008102254102,-4.457452949999862,-918.3403144802119,961.9789874371338,-129.42634970371424,False,80.59999999999997,-14.533824335990042,11.937793093841067,-977.1596646389338,896.7203664324174,18.808055555553214,309.39899999998954,-9.094073590015363,-11.732287928699952,-58.81935015872193,-65.25862100471636
398812.0,-0.7401,-2.6346,9.5555,-0.0095,-0.0022,9.8066,-0.0048,-0.0791,0.1112,182.78,-81.47,42.75,52.84057,-1.668267,18.87,4,308.05,20 / 21,-5.335101698581123,23.776626811754497,-4.44852794999986,-918.8790571024398,964.3513228288491,-129.87164874871434,False,80.69999999999999,-14.582231376873692,11.940093926064044,-978.6174300917096,897.899032654294,18.84694444444274,309.31100000000384,-9.24712967829257,-11.836532885690453,-59.738372989269806,-66.45229017455506
398912.0,-3.471,-4.1225,10.6411,0.0178,0.0006,9.8066,-0.11,0.4654,-0.2858,183.69,-81.48,44.67,52.84057,-1.668267,18.87,4,308.05,20 / 21,-5.033484388531506,24.033989035151077,-4.4193629499998694,-919.3974864067952,966.7418536211935,-130.31504329371418,False,80.79999999999995,-14.608037488760758,11.873746911863357,-980.0819133576331,899.0776988768768,18.82500000000065,309.1050000000061,-9.574553100229252,-12.16024212328772,-60.68442695083786,-67.66415474431676
399012.0,-1.8822,-4.0614,9.2869,0.0584,0.0836,9.8061,-0.0494,-0.2282,0.1684,184.06,-80.98,45.73,52.84057,-1.668267,18.87,4,308.05,20 / 21,-4.66771656949928,24.356668644513697,-4.403627949999866,-919.8825464546969,969.1613865051773,-130.75619283871427,False,80.89999999999998,-14.574184795349689,11.88980398432097,-981.5396788104092,900.2563651001674,18.80888888888913,309.2079999999985,-9.906468225850409,-12.466864660192726,-61.65713235571229,-68.90502140500996
399112.0,1.3291,-3.6028,8.7459,0.086,0.0371,9.8061,-0.1392,0.5755,-0.2643,184.41,-80.93,46.37,52.84057,-1.668267,18.87,4,308.05,20 / 21,-4.541238537755449,24.669091346004333,-4.482652949999884,-920.3429942100597,971.6126745047038,-131.20050688371435,False,81.0,-14.585919791205622,11.90573894588667,-982.9974442631716,901.4461508137615,18.828055555555558,309.223,-10.044681253450173,-12.763352400117663,-62.65445005311187,-70.16652369094231
399212.0,2.5378,3.3928,9.3067,0.011,0.025,9.8065,0.0737,-0.658,0.3448,179.56,-81.11,44.11,52.84057,-1.668267,18.87,4,308.05,20 / 21,-4.646037982238586,24.617891175708824,-4.560687949999857,-920.8023580360592,974.0770236307886,-131.6526739287142,False,81.09999999999997,-14.60786227130643,11.923224651789807,-984.4552097158539,902.6359365293906,18.85611111110947,309.22200000000004,-9.961824289067845,-12.694666523919016,-63.65285167979471,-71.44108710139801
399312.0,0.628,-3.2268,8.0537,0.0454,0.0783,9.8062,-0.0999,-0.0483,0.2372,182.87,-81.0,43.11,52.84057,-1.668267,18.87,4,308.05,20 / 21,-4.720806516956239,24.545642926562557,-4.673332949999883,-921.2707002610191,976.5352003359028,-132.1143749737143,False,81.19999999999999,-14.627854921296418,11.938266925797324,-985.9196929817784,903.8146027519746,18.881111111110016,309.2190000000001,-9.907048404340179,-12.607376000765234,-64.64899272075934,-72.72059758392822
399412.0,6.4209,2.8848,10.9585,-0.0471,-0.0139,9.8065,-0.0499,-0.9564,0.7008,181.75,-81.42,40.59,52.84057,-1.668267,18.87,4,308.05,20 / 21,-4.996507982910429,24.508207061710394,-4.703387949999872,-921.7565659860122,978.9878928353156,-132.5832110187141,False,81.29999999999995,-14.674307332709354,11.93314280507823,-987.3908940608242,905.0043884669825,18.913888888887918,309.118000000003,-9.677799349798924,-12.575064256632164,-65.63432807481195,-73.98350436833312
399512.0,-5.3404,-3.8078,9.2656,0.1184,0.1048,9.8053,0.0829,-0.6715,0.4928,178.53,-81.09,42.05,52.84057,-1.668267,18.87,4,308.05,20 / 21,-4.984466955888523,24.508067343170787,-4.6728479499998645,-922.2556147329523,981.4387065555602,-133.05202281371422,False,81.39999999999998,-14.622489069638812,11.87490165902113,-988.8486595136138,906.1830546888588,18.83694444444558,309.08000000000055,-9.638022113750289,-12.633165684149656,-66.59304478066156,-75.25565186670144
399612.0,6.5752,4.2362,10.0739,-0.0787,-0.0719,9.806,0.1182,-0.8143,0.4958,180.56,-81.5,38.04,52.84057,-1.668267,18.87,4,308.05,20 / 21,-4.977272551831193,24.434479913333785,-4.686537949999868,-922.7537017083383,983.885833918386,-133.51999210871432,False,81.5,-14.61262270853347,12.02303161173146,-990.3131427795519,907.3839598977077,18.923055555555557,309.447,-9.635350156702277,-12.411448301602325,-67.55944107121354,-76.50187402067831
399712.0,-7.4156,-6.2267,8.2906,0.0619,0.0423,9.8063,-0.0681,-0.9649,0.71,178.56,-81.17,42.08,52.84057,-1.668267,18.87,4,308.05,20 / 21,-4.86930300093466,24.484249380714594,-4.748977949999846,-923.2460304859765,986.3317703830876,-133.99176790371413,False,81.59999999999997,-14.562931368920275,12.02654149752656,-991.7641904190723,908.5737456126294,18.886944444446556,309.5509999999939,-9.693628367985614,-12.457707883188034,-68.51815993309583,-77.75802477045818
399812.0,2.7075,-3.8002,10.4225,-0.0794,-0.1097,9.8057,0.0179,-0.189,0.2973,178.99,-81.05,42.98,52.84057,-1.668267,18.87,4,308.05,20 / 21,-4.568366074708766,24.931237199381894,-4.793987949999856,-923.7179139397588,988.802544712093,-134.46891619871423,False,81.69999999999999,-14.65797645608055,11.99271606261821,-993.2353914981315,909.7635313276385,18.938888888886616,309.28900000001147,-10.089610381371784,-12.938521136763683,-69.51747755837278,-79.0390133844545
399912.0,-1.1966,-5.7715,11.0379,0.0115,-0.0394,9.8065,0.2445,-0.5668,0.0414,178.29,-81.58,41.62,52.84057,-1.668267,18.87,4,308.05,20 / 21,-4.578933098518699,25.34808429782406,-4.701632949999888,-924.17527889842,991.3165107869524,-134.94369724371404,False,81.79999999999995,-14.661715904554407,12.038984322783369,-994.6998747640424,910.964436535072,18.97111111111016,309.389999999997,-10.08278280603571,-13.30909997504069,-70.52459586562247,-80.35207425188048
400011.0,-4.1147,-1.4443,9.793,-0.0686,-0.077,9.806,-0.0188,0.5401,-0.5234,181.17,-81.72,39.31,52.84057,-1.668267,18.87,4,308.05,20 / 21,-4.248167708805323,25.640943919698895,-4.641361749999859,-924.6122203883826,993.840467683721,-135.40617548136424,False,81.899,-14.722250874799048,12.024092427893214,-996.1563638323256,912.1533326911327,19.008511111110558,309.23952000000224,-10.474083165993726,-13.616851491805681,-71.54414344394297,-81.68713499258831
400112.0,4.8083,4.3559,10.444,-0.1279,-0.1156,9.8051,0.0011,-0.2111,0.3001,176.6,-81.72,38.34,52.84057,-1.668267,18.87,4,308.05,20 / 21,-4.190885937458584,25.41376403480547,-4.6098648999998595,-925.038392597519,996.4187304354235,-135.87336242718922,False,82.0,-14.73876768626754,12.129410207516731,-997.6489947353251,913.3662469513558,19.088055555555556,309.453,-10.547881748808955,-13.28435382728874,-72.61060213780615,-83.0524834840677
400212.0,0.1332,1.2829,10.0671,-0.0527,-0.0466,9.8063,-0.0265,0.7431,-0.505,177.41,-81.77,40.01,52.84057,-1.668267,18.87,4,308.05,20 / 21,-4.343063503403831,25.05895541361066,-4.564974899999875,-925.4650900695619,998.9423664078435,-136.33210441718904,False,82.09999999999997,-14.651192541526745,12.102011302210512,-999.1134780011425,914.5671521587025,19.003055555560532,309.55699999999393,-10.308129038122914,-12.95694411140015,-73.6483879315806,-84.37521424914098
400312.0,4.6144,1.6172,10.5024,-0.1335,-0.1207,9.8049,0.1084,-0.2878,0.1944,172.94,-81.96,38.63,52.84057,-1.668267,18.87,4,308.05,20 / 21,-4.485421093410363,24.829795188104168,-4.517164899999864,-925.9065142994027,1001.4368039379298,-136.78621140718914,False,82.19999999999999,-14.70875088404893,12.276631088678931,-1000.5846790802026,915.7902963516943,19.158888888882064,309.8499999999872,-10.223329790638568,-12.553164099425237,-74.67816478079988,-85.64650758623543
400412.0,-6.7808,-7.346,8.2822,-0.0768,-0.0845,9.806,-0.0192,-0.9834,0.6942,178.02,-81.66,41.11,52.84057,-1.668267,18.87,4,308.05,20 / 21,-4.2981949432099125,25.043395359332187,-4.55859989999985,-926.3456951012336,1003.9304634653007,-137.23999964718897,False,82.29999999999995,-14.67784303513503,12.224778337239668,-1002.0491623461401,917.0023210522618,19.101944444446126,309.7900000000018,-10.379648091925118,-12.81861702209252,-75.7034672449065,-86.92814241303893
400512.0,-0.4189,-0.5442,9.9698,0.0757,0.061,9.8061,-0.0982,0.2867,-0.2317,177.05,-81.82,39.26,52.84057,-1.668267,18.87,4,308.05,22 / 22,-3.8744264536825312,25.390959188504404,-4.626664899999866,-926.7543261710782,1006.4521811926932,-137.69926288718906,False,82.39999999999998,-14.653411195661377,12.283909412492084,-1003.513645612065,918.2254652452548,19.121111111110825,309.9729999999973,-10.778984741978846,-13.10704977601232,-76.75931944098681,-88.22671594743838
400612.0,-8.8856,-10.5811,10.8518,0.1174,0.1497,9.8047,-0.241,1.1753,-0.7776,178.02,-81.23,41.01,52.84057,-1.668267,18.87,4,308.05,22 / 22,-3.351069536865778,25.903817551086068,-4.5662498999998515,-927.1156009706057,1009.0169200296733,-138.15890862718916,False,82.5,-14.752786076579746,12.217582738769346,-1004.991564504274,919.4374899465298,19.154999999999998,309.63,-11.401716539713968,-13.686234812316721,-77.87596353366837,-89.5794300831435
400712.0,-0.9263,2.0549,9.3258,-0.0655,-0.0853,9.806,-0.0609,1.1841,-0.7124,177.9,-81.29,40.78,52.84057,-1.668267,18.87,4,308.05,22 / 22,-2.7976212909823817,26.286865377175598,-4.538034899999861,-927.423035511998,1011.6264541760855,-138.614122867189,False,82.59999999999997,-14.665505083563898,12.30363916274668,-1006.4560477700915,920.6606341387261,19.143055555556256,309.99499999997863,-11.867883792581516,-13.983226214428917,-79.03301225809344,-90.96582003735944
400812.0,-7.8543,-6.9931,10.0679,0.0431,0.0466,9.8064,0.1887,0.1398,-0.2493,182.8,-81.43,43.9,52.84057,-1.668267,18.87,4,308.05,22 / 22,-2.2632227241191174,26.452748786986525,-4.549014899999864,-927.6760777127531,1014.2634348842943,-139.06847535718907,False,82.69999999999999,-14.657242931984262,12.287121545235632,-1007.9205310360028,921.8837783324267,19.126111111111854,309.973000000001,-12.394020207865145,-14.165627241750894,-80.24445332324967,-92.37965655186758
400912.0,2.0377,0.4903,9.829,-0.1059,-0.1465,9.8049,-0.164,0.9481,-0.5109,183.71,-82.34,44.21,52.84057,-1.668267,18.87,4,308.05,22 / 22,-1.8853663625088748,26.69795995760513,-4.534834899999868,-927.8835071670844,1016.920970321523,-139.5226678471889,False,82.79999999999995,-14.555801798865987,12.26146579037985,-1009.3715786756428,923.1069225254193,19.031944444447227,310.109999999996,-12.670435436357113,-14.436494167225279,-81.48807150855839,-93.81404779610364
401012.0,2.3545,4.0967,8.6753,-0.0252,-0.088,9.8061,0.1586,-0.6466,0.2833,183.89,-82.3,45.61,52.84057,-1.668267,18.87,4,308.05,22 / 22,-2.0488248577546306,26.41605926384058,-4.590284899999881,-928.0802167280976,1019.5766712825958,-139.978923837189,False,82.89999999999998,-14.572799354264214,12.275349313582387,-1010.8293441284051,924.3300667177052,19.053888888888565,310.10900000000004,-12.523974496509584,-14.140709950258193,-82.74912740030743,-95.24660456489062
401112.0,-3.4664,-0.9068,7.6235,-0.0098,-0.0553,9.8065,-0.2252,-0.0543,0.3317,182.67,-82.28,43.43,52.84057,-1.668267,18.87,4,308.05,22 / 22,-1.9331745692124362,26.189898737691436,-4.756009899999919,-928.279316699446,1022.206969182673,-140.4462385771891,False,83.0,-14.596587658613215,12.225433682467889,-1012.2871095811809,925.5420914189804,19.04,309.948,-12.663413089400779,-13.964465055223547,-84.00779288173487,-96.66487776369263
401212.0,9.315,5.2203,10.6754,-0.1513,-0.1284,9.8046,-0.163,0.98,-0.4808,179.69,-82.65,38.12,52.84057,-1.668267,18.87,4,308.05,22 / 22,-2.1481191237637347,25.899276104839494,-4.821729899999896,-928.4833813840947,1024.8114279247986,-140.92512556718893,False,83.09999999999997,-14.409935181541899,12.385313541474606,-1013.7247215944312,926.7874745960263,19.00111111111339,310.6789999999572,-12.261816057778164,-13.513962563364888,-85.24134021033649,-98.02395332877234
401312.0,-6.2107,-5.0724,7.6316,0.0712,0.0657,9.8061,0.0438,-1.2624,0.7182,181.78,-82.09,41.88,52.84057,-1.668267,18.87,4,308.05,22 / 22,-2.2195344979456855,25.815855180426862,-4.887044899999911,-928.7017640651802,1027.3971844890625,-141.41056430718902,False,83.19999999999999,-14.531983045330016,12.296137401832723,-1015.1757692340437,927.9994992973031,19.03611111110958,310.2360000000194,-12.31244854738433,-13.519717778594138,-86.47400516886353,-99.39768519175936
401412.0,0.8115,-5.3937,11.5765,-0.0846,-0.0789,9.8059,-0.118,-0.2068,0.2327,180.81,-82.53,40.08,52.84057,-1.668267,18.87,4,308.05,22 / 22,-1.863994294912478,26.265462020583676,-4.907304899999905,-928.9059405048231,1030.001250349112,-141.90028179718885,False,83.29999999999995,-14.684028671093726,12.21734764771242,-1016.6469703131158,929.2115239978701,19.101944444442495,309.76100000001406,-12.820034376181248,-14.048114372871256,-87.74102980829275,-100.78972635124194
401512.0,1.9597,-2.129,11.1158,0.1641,0.1371,9.8043,0.3223,-1.1403,0.4972,181.37,-81.72,47.69,52.84057,-1.668267,18.87,4,308.05,21 / 21,-1.9218970712265995,26.58024307754137,-4.75335489999987,-929.0952350731301,1032.643535604019,-142.38331478718897,False,83.39999999999998,-14.386259329835458,12.198708567719956,-1018.0845823264591,930.4346681908631,18.861944444447992,310.2959999999921,-12.464362258608858,-14.381534509821412,-88.98934725332902,-102.20886741315587
401612.0,-4.4543,-7.602,9.4445,0.1157,0.1389,9.805,-0.0871,1.0826,-0.6841,185.26,-81.99,48.22,52.84057,-1.668267,18.87,4,308.05,21 / 21,-1.6890078405090025,26.980077261146672,-4.70600489999986,-929.2757803187169,1035.321551620954,-142.85628277718905,False,83.5,-14.550967122615992,12.37552574055706,-1019.5423477792214,931.6689318769892,19.10194444444444,310.381,-12.861959282106989,-14.604551520589611,-90.26656746050446,-103.65261974396492
401712.0,4.5891,4.077,10.2513,0.0647,0.0165,9.8063,-0.0716,0.1463,0.0125,184.09,-82.42,45.91,52.84057,-1.668267,18.87,4,308.05,21 / 21,-1.6056904904464238,27.08246546612476,-4.701879899999861,-929.4405152352646,1038.0246787573167,-143.32667701718887,False,83.59999999999997,-14.473513003738718,12.230200793707457,-1020.9866776056067,932.8809565767606,18.94888888889785,310.19800000001067,-12.867822513292294,-14.852264672417302,-91.54616237034213,-105.1437221805561
401812.0,0.3829,-3.6026,9.7675,0.0874,0.1002,9.8057,-0.0297,0.4497,-0.2779,185.74,-82.13,48.89,52.84057,-1.668267,18.87,4,308.05,21 / 21,-1.7803216142606724,27.00762389604923,-4.681604899999857,-929.6098158405,1040.729183225426,-143.79585125718896,False,83.69999999999999,-14.36760435365296,12.188495109664068,-1022.4175718058009,934.0929812773281,18.84111111111583,310.3089999999952,-12.587282739392286,-14.81912878638516,-92.80775596530088,-106.63620194809778
401911.0,1.0544,0.1759,9.907,-0.0052,-0.0356,9.8065,-0.1159,0.1285,-0.0507,184.46,-82.5,46.53,52.84057,-1.668267,18.87,4,308.05,21 / 21,-1.7651606013947796,27.113778788567963,-4.678575499999857,-929.785317210175,1043.4081926583142,-144.25918018698889,False,83.79899999999998,-14.495881971475958,12.203712017062202,-1023.8541089690301,935.2928857308897,18.9489111111079,310.09318000000644,-12.730721370081179,-14.910066771505761,-94.06879175885513,-108.11530692742451
402012.0,-2.9215,-1.2886,9.5831,0.0381,0.0449,9.8064,-0.0054,-0.1371,0.2834,183.95,-82.33,45.71,52.84057,-1.668267,18.87,4,308.05,21 / 21,-1.5958939620293324,27.094984610218887,-4.684797099999857,-929.9550504656279,1046.1457352099528,-144.73203050328885,False,83.89999999999998,-14.328390812082878,12.109286384272377,-1025.2995136456066,936.5170306784627,18.760000000002808,310.20199999999835,-12.732496850053545,-14.98569822594651,-95.34446317997867,-109.62870453149014
402112.0,-3.3376,-0.2922,8.5374,0.0716,0.0391,9.8063,-0.0979,-0.2205,0.2616,185.19,-82.59,47.77,52.84057,-1.668267,18.87,4,308.05,21 / 21,-1.2079805367279848,27.08005408486228,-4.759437099999874,-930.0952441905658,1048.8544871447075,-145.20424221328895,False,84.0,-14.229692470141712,12.066375935146338,-1026.7169722195156,937.7179358858975,18.656944444444445,310.297,-13.021711933413727,-15.013678149715942,-96.62172802894975,-111.13655125880996
402212.0,3.3381,-2.3843,10.3853,0.0072,-0.0474,9.8065,-0.1916,0.1519,0.0943,184.14,-83.13,45.71,52.84057,-1.668267,18.87,4,308.05,21 / 21,-1.128209014384094,27.141745054722744,-4.793967099999862,-930.2120536681214,1051.565577101686,-145.68191242328876,False,84.09999999999997,-14.295080492206473,12.080707299022894,-1028.147866419604,938.9188410939515,18.716111111107647,310.20100000000565,-13.16687147782238,-15.06103775569985,-97.93581275148267,-112.64673600773438
402312.0,-3.5685,0.0129,10.7226,0.0436,0.0119,9.8065,0.1895,-0.0906,0.0499,184.97,-83.05,47.16,52.84057,-1.668267,18.87,4,308.05,21 / 21,-1.0381237384298037,27.18801507402767,-4.7192370999998445,-930.3203703057621,1054.282065108124,-146.15757263328885,False,84.19999999999999,-14.166990049507186,12.116867813384692,-1029.5586071803382,940.1308657945184,18.64194444444769,310.5399999999852,-13.128866311077383,-15.071147260642979,-99.23823687457605,-114.15119931360562
402412.0,1.73,-3.2606,8.3823,0.0291,0.0033,9.8066,0.0232,-0.0874,-0.0239,192.37,-83.0,54.1,52.84057,-1.668267,18.87,4,308.05,21 / 21,-0.8449791188400569,27.27639416943905,-4.744657099999836,-930.4145254486256,1057.0052855702963,-146.63076734328868,False,84.29999999999995,-14.006954229380927,12.071719982655711,-1030.9491945016514,941.3317710019529,18.49111111111557,310.7559999999936,-13.16197511054087,-15.20467418678334,-100.53466905302582,-115.67351456834342
402512.0,-4.2326,-4.4887,9.3739,0.0601,0.0444,9.8063,-0.0438,-0.4823,0.3913,190.5,-82.63,57.05,52.84057,-1.668267,18.87,4,308.05,22 / 22,-0.5840379214512943,27.55978367795095,-4.837512099999857,-930.4859763006401,1059.7470944626664,-147.1098758032888,False,84.39999999999998,-14.12301888619794,11.913765716312778,-1032.366653075546,942.5104372245369,18.47694444444465,310.15000000000896,-13.538980964746646,-15.646017961638172,-101.88067677490596,-117.23665723812951
402612.0,-0.5077,0.1437,9.551,-0.0211,-0.0067,9.8066,0.1204,-0.5699,0.2498,189.39,-82.75,55.0,52.84057,-1.668267,18.87,4,308.05,22 / 22,-0.2476834161940354,27.655786372493584,-4.8719320999998645,-930.5275623675224,1062.5078729651893,-147.59534801328888,False,84.5,-14.109850310225879,11.946561113907519,-1033.7773938362925,943.7002229395457,18.488055555555555,310.254,-13.862166894031843,-15.709225258586065,-103.24983146877014,-118.80765002564362
402712.0,-5.3982,-9.0473,10.1522,0.1292,0.1176,9.805,0.1449,-1.1718,0.5374,191.67,-82.29,59.5,52.84057,-1.668267,18.87,4,308.05,22 / 22,0.1947401203804543,27.95746394889044,-4.867437099999866,-930.530209532313,1065.2885354812577,-148.0823164732887,False,84.59999999999997,-13.877886693185788,11.90739772156073,-1035.1545455312198,944.8900086544674,18.286111111122935,310.629999999978,-14.072626813566242,-16.050066227329708,-104.62433599890676,-120.39852682679032
402812.0,-0.7615,-1.2842,10.3837,0.0896,0.0587,9.806,-0.1548,0.5801,-0.3966,195.4,-82.58,59.39,52.84057,-1.668267,18.87,4,308.05,22 / 22,0.6629861595267122,28.319007478937635,-4.8213070999998555,-930.4873232183177,1068.1023590526497,-148.5667536832888,False,84.69999999999999,-14.152234314689233,11.769871183781012,-1036.5787219182616,946.0575553846263,18.406944444439155,309.74900000003856,-14.815220474215945,-16.54913629515662,-106.09139869994397,-122.0448036680234
402912.0,8.2575,5.0685,9.2021,0.1098,0.1505,9.8048,0.0058,-0.6147,0.4691,190.73,-83.25,56.78,52.84057,-1.668267,18.87,4,308.05,22 / 22,0.3231861192610745,28.12051567078632,-4.822682099999855,-930.4380146043783,1070.924335210135,-149.04895314328863,False,84.79999999999995,-13.981684103104039,11.715402008001593,-1037.976027052724,947.2139826216509,18.241111111116016,309.9599999999937,-14.304870222365112,-16.40511366278473,-107.53801244834574,-123.71035258848417
403013.0,1.5951,-0.6571,9.2558,0.1071,0.1374,9.805,-0.1612,1.1198,-0.7042,190.78,-82.24,57.97,52.84057,-1.668267,18.87,4,308.05,22 / 22,-0.1440476457638336,27.917805707497017,-4.881029799999855,-930.4289681114667,1073.7542704397383,-149.5389905942386,False,84.90099999999995,-13.877380306895255,11.76916240814732,-1039.3737352559697,948.4042131165968,18.196013888890274,310.30068000000347,-13.73333266113142,-16.148643299349697,-108.94476714450298,-125.35005732314153
403112.0,7.4163,6.6352,11.2323,-0.0224,0.0341,9.8066,0.0614,0.567,-0.3576,189.47,-82.37,55.5,52.84057,-1.668267,18.87,4,308.05,22 / 22,-0.5690445532390269,27.626636188897184,-4.837727199999835,-930.4642661753173,1076.5037203136112,-150.02006906573882,False,85.0,-13.853952511555674,11.654132001517517,-1040.7437660690525,949.5490760805512,18.103888888888886,310.071,-13.284907958316648,-15.972504187379666,-110.27949989373519,-126.95464423305998
403212.0,-5.5926,-3.8169,9.0587,0.1196,0.1094,9.8053,-0.0611,0.9465,-0.6221,189.98,-82.09,56.48,52.84057,-1.668267,18.87,4,308.05,22 / 22,-0.6171328580990636,27.425268520537728,-4.803842199999846,-930.5235750458842,1079.256315549082,-150.50214753573863,False,85.09999999999997,-14.064816288521028,11.545983279225291,-1042.1545068296955,950.6832643333488,18.196944444438994,309.3830000000403,-13.447683430421964,-15.879285241312436,-111.63093178381132,-128.57305121573324
403312.0,5.3752,4.4483,9.5795,-0.0506,-0.1123,9.8058,-0.1325,1.0078,-0.5873,188.15,-82.87,52.58,52.84057,-1.668267,18.87,4,308.05,22 / 22,-0.5416032286875211,27.308809460285477,-4.852597199999858,-930.5815118502235,1081.9930194481237,-150.98496950573872,False,85.19999999999999,-13.891495538485843,11.569029534674392,-1043.538376337861,951.8396915703722,18.07805555556076,309.7879999999823,-13.349892309798323,-15.739779925611085,-112.95686448763763,-130.1533278777515
403412.0,-3.2624,-4.5599,10.0102,0.0291,0.0002,9.8065,0.0097,0.2068,-0.1635,189.55,-82.59,55.24,52.84057,-1.668267,18.87,4,308.05,22 / 22,-0.5755807662074531,27.250865785036446,-4.853777199999858,-930.6373710499682,1084.721003210389,-151.47028822573853,False,85.29999999999995,-13.957110162055468,11.58700461397084,-1044.9356814723083,952.9961188073962,18.13999999999817,309.6990000000026,-13.381529395848014,-15.663861171065605,-114.29831042234002,-131.72488440299276
403513.0,-3.2262,-3.6627,9.6882,-0.0482,-0.0407,9.8064,0.0515,-0.4467,0.2038,191.91,-82.54,53.61,52.84057,-1.668267,18.87,4,308.05,20 / 21,-0.11424198223502319,27.52149225716511,-4.849479649999857,-930.6722070987646,1087.48700729152,-151.96030269666352,False,85.40099999999995,-13.569691448242883,11.585637110754753,-1046.299531897311,954.1642215110147,17.84274444444326,310.49028999999814,-13.45544946600786,-15.935855146410358,-115.6273247985464,-133.32278578050534
403612.0,-3.682,-4.0271,9.413,0.0834,0.0639,9.806,0.0138,-0.5099,0.27,187.67,-82.62,52.1,52.84057,-1.668267,18.87,4,308.05,20 / 21,0.34968837082619547,27.765256928343128,-4.874828599999869,-930.6605525025293,1090.223701376204,-152.44165595503873,False,85.5,-13.603953433572133,11.667413751425547,-1047.6429601703371,955.3200927738711,17.921944444444442,310.618,-13.953641804398329,-16.09784317691758,-116.98240766780782,-134.90360860233284
403712.0,-2.5233,-3.4506,10.417,0.069,0.0632,9.8062,-0.1285,0.5924,-0.2428,192.98,-82.27,55.17,52.84057,-1.668267,18.87,4,308.05,20 / 21,0.7836419676888476,28.00480328481693,-4.863993599999873,-930.6038859856036,1093.012204386861,-152.92859706503856,False,85.59999999999997,-13.423665609855808,11.648463648737025,-1048.9730871732118,956.4765200108109,17.773055555564273,310.94999999998055,-14.207307577544656,-16.356339636079905,-118.36920118760816,-136.53568437605009
403812.0,3.188,2.2519,10.9386,0.0329,-0.0016,9.8065,0.0297,0.017,-0.0704,192.9,-82.59,55.22,52.84057,-1.668267,18.87,4,308.05,20 / 21,0.8243210504759007,27.992323510587003,-4.776878599999852,-930.5234878346953,1095.812060726632,-153.41064067503865,False,85.69999999999999,-13.454119336121666,11.591583474975293,-1050.3233676156565,957.6218277554107,17.758888888889512,310.7470000000089,-14.278440386597566,-16.40074003561171,-119.79987978096119,-138.19023297122123
403912.0,-1.7637,-3.1593,9.3312,0.1099,0.0428,9.8059,-0.016,0.552,-0.3486,194.47,-82.57,57.86,52.84057,-1.668267,18.87,4,308.05,20 / 21,0.8271396207604383,27.970219596402256,-4.744053599999863,-930.4409148011335,1098.6101878819804,-153.88668728503848,False,85.79999999999995,-13.570962780077233,11.58291633313099,-1051.6803658712238,958.7782549924342,17.841944444441992,310.48100000000784,-14.39810240083767,-16.387303263271264,-121.23945107009024,-139.83193288954624
404012.0,3.4839,0.8723,9.2998,-0.029,-0.0197,9.8065,-0.1592,0.4382,-0.19,190.01,-82.87,55.75,52.84057,-1.668267,18.87,4,308.05,20 / 21,0.8332773385999779,28.011161318150606,-4.793168599999874,-930.3578939531656,1101.4092569277086,-154.36354839503858,False,85.89999999999998,-13.557019043709385,11.519172481065135,-1053.0373641268054,959.9124432453156,17.790000000000767,310.3540000000019,-14.390296382309362,-16.491988837085472,-122.67947017363986,-141.49681368239305
404112.0,-1.4286,-0.2933,9.6844,0.0354,0.0209,9.8065,0.0635,0.1209,-0.1458,189.7,-82.62,55.96,52.84057,-1.668267,18.87,4,308.05,20 / 21,0.7906484993714251,27.926128344384022,-4.824623599999882,-930.276697661267,1104.206121410836,-154.84443800503868,False,86.0,-13.712772808833464,11.333312044293036,-1054.4077980086845,961.0355120036488,17.79,309.573,-14.503421308204889,-16.592816300090988,-124.13110034741749,-143.17060940718716
404212.0,0.7399,0.299,10.4629,-0.0102,-0.0341,9.8066,0.0029,0.2947,-0.1308,194.63,-82.65,57.64,52.84057,-1.668267,18.87,4,308.05,20 / 21,0.8844509771113234,27.846214509174494,-4.797923599999891,-930.192942687443,1106.994738553513,-155.3255653650385,False,86.09999999999997,-13.577388723683221,11.383497183023376,-1055.7580784510183,962.1808197481638,17.71805555555977,309.9769999999764,-14.461839700794544,-16.462717326151118,-125.56513576357531,-144.8139188053491
404312.0,0.6913,-0.9493,9.7009,-0.0064,-0.034,9.8066,0.0458,-0.1456,0.0338,192.05,-82.87,59.47,52.84057,-1.668267,18.87,4,308.05,20 / 21,0.879922961968247,27.81623862467699,-4.770398599999885,-930.104723990489,1109.777861210206,-155.8039814750386,False,86.19999999999999,-13.468596050814066,11.431902825435449,-1057.101641080302,963.3150079996304,17.666111111113384,310.32399999998484,-14.348519012782313,-16.38433579924154,-126.996917089813,-146.46285321057564
404412.0,-0.009,-3.0195,9.0107,-0.0412,0.0079,9.8066,0.0521,-0.0342,0.0647,195.95,-82.87,59.65,52.84057,-1.668267,18.87,4,308.05,20 / 21,0.9559599046254154,27.935775146146963,-4.815483599999869,-930.0129298471593,1112.5654618987464,-156.2832755850384,False,86.29999999999995,-13.393721665741019,11.53018267896936,-1058.4384858964497,964.4714352380682,17.67305555555535,310.72399999998817,-14.349681570366434,-16.405592467177602,-128.42555604929044,-148.0940266606782
404512.0,-0.0666,-1.5075,8.9887,-0.0371,-0.0074,9.8065,-0.0631,0.0423,-0.122,194.86,-82.95,58.0,52.84057,-1.668267,18.87,4,308.05,20 / 20,1.076512442030859,28.072235034921462,-4.896178599999887,-929.9113062298264,1115.3658624078005,-156.76885869503852,False,86.39999999999998,-13.19967211234205,11.53388927490404,-1059.7484594599894,965.6167429819602,17.52888888889102,311.14699999999374,-14.27618455437291,-16.53834576001742,-129.83715323016293,-149.74911942584026
404612.0,-0.3925,-1.2524,9.9442,0.0086,0.0058,9.8066,0.0352,-0.0261,-0.0063,190.73,-82.75,57.32,52.84057,-1.668267,18.87,4,308.05,20 / 20,1.1896602631838467,28.124211705466493,-4.930198599999895,-929.7979975945657,1118.1756847448205,-157.2601775550386,False,86.5,-13.30278452965618,11.522014315257428,-1061.085304276137,966.762050725852,17.59888888888889,310.897,-14.492444792840026,-16.602197390209064,-131.2873066815714,-151.41363401896854
404712.0,0.6981,-0.8364,8.4773,0.0002,-0.0055,9.8066,0.0543,-0.0139,0.1829,191.45,-82.81,58.5,52.84057,-1.668267,18.87,4,308.05,20 / 20,1.2566806573590723,28.15386665276734,-4.989788599999875,-929.6756805485386,1120.9895886627312,-157.75617691503842,False,86.59999999999997,-13.384343871069627,11.387344760726911,-1062.4288669053356,967.88511948481,17.57305555555707,310.39100000002963,-14.641024528428698,-16.76652189204043,-132.75318635679696,-153.10446917792115
404812.0,-0.4992,-3.4617,9.6715,-0.0576,-0.0311,9.8064,0.0153,0.1605,-0.3351,195.55,-83.13,58.17,52.84057,-1.668267,18.87,4,308.05,20 / 20,1.3599147398894997,28.28321810235401,-5.063013599999891,-929.5448507786762,1123.811442900488,-158.25881702503852,False,86.69999999999999,-13.100671000240288,11.51367778486894,-1063.725404842579,969.0415467218328,17.441111111116886,311.31099999995973,-14.460585740129787,-16.76954031748507,-134.18055406390295,-154.76989617865513
404912.0,1.3072,1.1371,9.7805,-0.029,-0.0104,9.8065,-0.029,0.444,-0.1275,196.3,-82.81,59.68,52.84057,-1.668267,18.87,4,308.05,20 / 20,1.4070221568032957,28.32596413959902,-5.071078599999889,-929.4065039338416,1126.6419020125845,-158.76552163503834,False,86.79999999999995,-13.261453199738787,11.244540726298618,-1065.0622496587248,970.1423764960236,17.386944444446048,310.29500000003003,-14.668475356542082,-17.0814234133004,-135.65574572488322,-156.49952551656088
405012.0,-2.6825,-6.4397,9.2561,-0.0412,-0.0278,9.8065,-0.051,0.6252,-0.4311,191.52,-82.83,58.61,52.84057,-1.668267,18.87,4,308.05,20 / 20,1.5821769041205118,28.49942785345838,-5.099913599999895,-929.2570439807954,1129.483171612238,-159.27407124503844,False,86.89999999999998,-13.35192643077965,11.309642293737628,-1066.392376661724,971.2765647474887,17.498055555553915,310.2660000000005,-14.934103334900163,-17.18978555972075,-137.13533268092863,-158.20660686474935
405112.0,-0.3997,-0.3811,9.5979,-0.1006,-0.0901,9.8057,-0.0815,0.1424,-0.0124,189.51,-83.16,54.82,52.84057,-1.668267,18.87,4,308.05,20 / 20,1.8635030805349744,28.72813446584146,-5.137878599999904,-929.0847599815626,1132.3445497282037,-159.78596085503855,False,87.0,-13.247247390435538,11.293840569173419,-1067.722503664723,972.3996335072366,17.408055555555553,310.449,-15.110750470970512,-17.43429389666804,-138.63774368316047,-159.94491622096712
405212.0,-5.9021,-5.6783,10.0308,-0.0246,0.0176,9.8066,-0.1759,0.8722,-0.5154,189.45,-82.91,54.94,52.84057,-1.668267,18.87,4,308.05,20 / 20,2.288181228348606,28.900872441669552,-5.1371085999999035,-928.8771757661185,1135.2260000735782,-160.29971021503837,False,87.09999999999997,-13.525876605949522,11.254945058719978,-1069.0862197333404,973.5115827730624,17.5961111111001,309.76400000004014,-15.814057834298128,-17.645927382949573,-140.20904396722187,-161.71441730051583
405312.0,1.9511,0.4429,9.8148,-0.0926,-0.0927,9.8057,-0.0769,0.7411,-0.411,191.34,-83.25,51.94,52.84057,-1.668267,18.87,4,308.05,20 / 20,2.5887916611027117,29.05458487994119,-5.125493599999901,-928.6333271216458,1138.1237729396594,-160.81284032503848,False,87.19999999999999,-13.509464439728362,11.180767569940867,-1070.4365001757603,974.6235320396772,17.536111111113737,309.6120000000067,-16.098256100831073,-17.87381731000032,-141.8031730541145,-163.50024089998215
405414.0,-0.5569,0.8371,9.0265,0.1036,0.0949,9.8056,0.0166,0.2453,-0.2151,191.05,-83.19,50.23,52.84057,-1.668267,18.87,4,308.05,20 / 20,2.56956620678404,28.926886781437098,-5.164865599999891,-928.3702508703836,1141.080827994389,-161.33764864423833,False,87.30199999999996,-13.482120922398911,11.196009580139366,-1071.812845733202,975.7579426807787,17.52483333333925,309.7075999999729,-16.05168712918295,-17.73087720129773,-143.4425948628184,-165.3228853136103
405512.0,3.0654,3.5218,8.5996,-0.0045,0.0301,9.8065,-0.1067,0.6966,-0.3532,187.57,-82.83,51.78,52.84057,-1.668267,18.87,4,308.05,20 / 22,2.4798665153528865,28.657467052324794,-5.262238399999904,-928.1228286669989,1143.9024613322438,-161.8485767402384,False,87.39999999999998,-13.151479251392953,11.279748212387153,-1073.09003636861,976.8585500653313,17.32611111111411,310.6189999999863,-15.63134576674584,-17.377718839937643,-144.9672077016112,-167.04391126691246
405612.0,1.2637,1.3473,10.3076,-0.0275,0.0028,9.8066,0.087,-0.3132,0.1563,187.63,-82.64,52.02,52.84057,-1.668267,18.87,4,308.05,20 / 22,2.2996739965798287,28.37250409234297,-5.297543399999912,-927.8838516414022,1146.7539598894778,-162.37656583023852,False,87.5,-13.18134509140511,11.15646292684561,-1074.41344555846,977.9593798388134,17.26888888888889,310.244,-15.481019087984938,-17.216041165497362,-146.5295939170577,-168.7945800506643
405712.0,-1.3547,-5.4341,8.7362,-0.0552,-0.0341,9.8064,-0.0534,0.3247,-0.1164,188.51,-82.69,53.34,52.84057,-1.668267,18.87,4,308.05,20 / 22,2.4012134190148515,28.500054031756545,-5.326018399999903,-927.6488072706226,1149.5975877956816,-162.90774392023832,False,87.59999999999997,-13.237404737415822,11.128778401919275,-1075.736854748213,979.0713291053465,17.293888888887427,310.0540000000112,-15.638618156430674,-17.37127562983727,-148.08804747759052,-170.5262586903351
405811.0,3.0616,0.7113,9.7874,0.0507,0.019,9.8065,0.0628,-0.1093,0.0221,189.09,-82.73,54.5,52.84057,-1.668267,18.87,4,308.05,20 / 22,2.4164612341422242,28.672472534557876,-5.379958549999897,-927.4103323752913,1152.427627860714,-163.43768977926325,False,87.69899999999996,-13.129438734944607,11.169137006983858,-1077.0337285761302,980.1721588785946,17.237513888891407,310.3876299999851,-15.54589996908683,-17.503335527574016,-149.6233962008389,-172.2554689821194
405911.0,-5.4708,-7.7814,9.9079,0.0917,0.081,9.8058,0.1909,-0.9406,0.3606,190.54,-82.72,57.02,52.84057,-1.668267,18.87,4,308.05,20 / 22,2.6634423148362822,28.91927707278259,-5.375858549999896,-927.1563371978424,1155.3072153410817,-163.97548063426336,False,87.79899999999998,-13.112887306154851,11.052905293180448,-1078.3503527746993,981.2620915495003,17.14976944444704,310.12766000000784,-15.776329620991135,-17.866371779602144,-151.19401557685694,-174.04512379158143
406011.0,4.1895,5.903,10.0854,-0.0841,-0.0301,9.8062,-0.0422,0.6778,-0.6893,185.15,-82.77,54.47,52.84057,-1.668267,18.87,4,308.05,20 / 22,2.834540030593744,28.90416725616476,-5.356858549999892,-926.8814380805708,1158.1983875575297,-164.51211648926346,False,87.899,-12.977149450539015,11.047979089411838,-1079.6404416113448,982.3628101287576,17.04301388889046,310.4091299999958,-15.81168948113276,-17.856188166752922,-152.75900353077407,-175.83557742877213
406112.0,-6.605,-6.6672,8.9916,0.0629,0.1041,9.8058,0.0097,0.4181,-0.2131,193.85,-82.29,56.78,52.84057,-1.668267,18.87,4,308.05,20 / 22,3.0660510715705622,28.798406056183666,-5.383941699999891,-926.5834582299115,1161.1123675098033,-165.05452690188844,False,88.0,-12.93222038909583,11.10188381603069,-1080.943159936691,983.4857676931138,17.043888888888887,310.645,-15.998271460666393,-17.696522240152976,-154.35970170677956,-177.62659981668958
406212.0,-8.295,-7.4962,10.1307,-0.1283,-0.1747,9.8042,-0.1101,1.4059,-0.6805,190.68,-82.08,57.96,52.84057,-1.668267,18.87,4,308.05,20 / 22,4.003918192651541,29.257112528598142,-5.408491699999883,-926.2299597667005,1164.0151434390414,-165.59414857188824,False,88.09999999999997,-13.061137950037407,10.984481048590172,-1082.253133500134,984.5754779740901,17.066111111109812,310.064000000034,-17.06505614268895,-18.27263148000797,-156.0231737334335,-179.4396654649513
406312.0,-3.8289,-6.6472,8.3481,-0.116,-0.1464,9.8048,0.1122,-1.0336,0.3808,189.54,-82.96,55.05,52.84057,-1.668267,18.87,4,308.05,20 / 22,4.7881058306258915,29.76954150516616,-5.465216699999895,-925.7903585655365,1166.9664761407303,-166.13783399188836,False,88.19999999999999,-12.858857902868145,11.029552081251618,-1083.5228001848216,985.6763077475711,16.94111111111658,310.6209999999756,-17.646963733494037,-18.739989423914544,-157.73244161928505,-181.2901683931592
406412.0,-6.9078,-6.1188,10.0,-0.0974,-0.0451,9.806,0.0612,-0.0601,0.0579,187.3,-82.7,51.41,52.84057,-1.668267,18.87,4,308.05,20 / 22,5.4789082306727455,30.25199865214031,-5.528476699999874,-925.2770078624718,1169.9675531485946,-166.68751866188816,False,88.29999999999995,-12.791551730646578,11.165073767037482,-1084.8059024958031,986.788257014892,16.978888888887774,311.1159999999854,-18.270459961319325,-19.086924885102825,-159.52889463333133,-183.17929613370256
406511.0,3.4951,1.3559,10.5239,-0.1263,-0.092,9.8053,0.0322,0.5307,-0.3738,186.11,-82.85,49.24,52.841503,-1.670116,15.89,4,309.34,21 / 21,5.744339081408003,30.39019829404777,-5.4834019999998524,-924.7214571205235,1172.9693418974323,-167.2326066575384,False,88.399,-12.862430265135618,10.94803940490473,-1086.0695231486463,987.8780784899393,16.890888888890196,310.4032000000106,-18.606769346543622,-19.44215888914304,-161.34806602812284,-185.091263407493
406612.0,-4.3027,-2.1959,10.0757,0.0163,0.0216,9.8065,0.0304,-0.4208,0.3648,182.85,-82.44,50.35,52.841503,-1.670116,15.89,4,309.34,21 / 21,5.855098548456058,30.371702981831376,-5.433593849999853,-924.1356855202154,1176.037817911864,-167.78391494796338,False,88.5,-12.830299177651527,11.071691334888307,-1087.3653893045937,988.9899165618558,16.94694444444444,310.79200000000003,-18.685397726107585,-19.30001164694307,-163.22970378437833,-187.04790135000826
406712.0,4.5676,6.6889,10.1316,-0.1049,-0.1034,9.8055,0.0587,-0.9264,0.7495,184.96,-82.96,47.2,52.841503,-1.670116,15.89,4,309.34,21 / 21,5.8899988657449,30.089446490014446,-5.4038938499998626,-923.5484306495055,1179.0608753854553,-168.32578933296318,False,88.59999999999997,-13.016372217483273,10.93326473440634,-1088.6753628680367,990.0796268435394,16.998888888885848,310.0290000000447,-18.906371083228173,-19.156181755608106,-165.12693221853124,-188.981248541916
406812.0,-2.7398,-3.0298,10.2559,0.0233,0.0495,9.8064,0.1137,-0.9563,0.2935,182.1,-82.76,48.51,52.841503,-1.670116,15.89,4,309.34,21 / 21,5.847452171689837,29.855071827636042,-5.365183849999854,-922.9615580976335,1182.0581013013386,-168.8642432179633,False,88.69999999999999,-12.922521038801992,10.942432108509886,-1089.9584651790078,991.1693371245955,16.933055555558436,310.25699999999,-18.76997321049183,-18.912639719126155,-166.99690708137427,-190.88876417674317
406912.0,4.2138,5.2049,9.356,0.0244,0.0262,9.8066,-0.0353,0.4066,-0.3335,185.87,-82.38,49.1,52.841503,-1.670116,15.89,4,309.34,21 / 21,5.824592558721315,29.696261553265582,-5.365253849999854,-922.3779558611132,1185.0356679703827,-169.4007651029631,False,88.79999999999995,-12.91095708477664,10.900179756028514,-1091.2482853031256,992.259047405651,16.89694444444551,310.1730000000025,-18.735549643497954,-18.79608179723707,-168.87032944201246,-192.77662056473173
407012.0,2.4764,1.0067,7.7547,0.1047,0.0806,9.8057,-0.1296,-0.1837,0.2827,186.7,-82.1,50.61,52.841503,-1.670116,15.89,4,309.34,21 / 21,5.527691982934234,29.35271100411202,-5.4903838499998825,-921.8103416340302,1187.9881165982522,-169.9435469879632,False,88.89999999999998,-12.995328662858356,10.969468905452715,-1092.5515410535284,993.348757686707,17.006111111109497,310.16800000000006,-18.52302064579259,-18.383242098659306,-170.74119941949812,-194.63935891154517
407112.0,-3.0567,-3.1482,10.136,0.0409,0.0186,9.8065,-0.0544,0.1807,-0.1647,190.11,-82.38,49.48,52.841503,-1.670116,15.89,4,309.34,21 / 21,5.642397457240013,29.372188521669123,-5.576513849999902,-921.2518371620214,1190.924361574542,-170.49689187296332,False,89.0,-12.961300866374355,11.097411623585863,-1093.8413611776473,994.4607069526141,17.063055555555554,310.57,-18.603698323614367,-18.27477689808326,-172.5895240156259,-196.46365462192784
407212.0,-3.2236,-2.5444,10.9267,0.072,0.0456,9.8062,0.1032,-0.3136,0.1898,187.87,-82.27,52.74,52.841503,-1.670116,15.89,4,309.34,21 / 21,6.062297927904109,29.530480045621424,-5.504043849999927,-920.6666023927644,1193.8694950029055,-171.05091975796313,False,89.09999999999997,-12.872920944520354,11.02680399555345,-1095.1311813016716,995.5504172335903,16.950000000006618,310.5829999999993,-18.935218872424464,-18.503676050067973,-174.46457890890724,-198.3190777693152
407312.0,-3.0793,-5.0427,10.0521,0.0918,0.0637,9.806,-0.0799,0.6417,-0.3129,196.37,-82.46,54.91,52.841503,-1.670116,15.89,4,309.34,21 / 21,6.518608903972633,29.755928291921467,-5.435768849999911,-920.0375570511704,1196.8338154197834,-171.59791039296326,False,89.19999999999999,-12.736154092678845,11.281081244760989,-1096.407565799493,996.684605485761,17.013888888886093,311.5329999999584,-19.25476299665148,-18.47484704716048,-176.37000874832268,-200.14920993402234
407412.0,0.7143,-0.7192,9.2792,-0.0036,-0.0437,9.8065,-0.1544,0.3751,-0.2162,193.87,-82.52,56.46,52.841503,-1.670116,15.89,4,309.34,21 / 21,6.767812875662068,29.917638014065346,-5.449868849999906,-919.3732359621889,1199.8174937350816,-172.14219227796306,False,89.29999999999995,-12.676914288937548,10.942032784490907,-1097.6772324841645,997.763196273686,16.746111111119028,310.79900000002175,-19.444727164599616,-18.97560522957444,-178.3039965219756,-202.05429746139555
407513.0,-2.3576,-0.6682,9.0114,0.0053,0.032,9.8066,-0.0473,0.293,-0.0798,186.27,-82.5,56.7,52.841503,-1.670116,15.89,4,309.34,20 / 21,6.927358803602226,29.90648249035342,-5.516665199999906,-918.681629792386,1202.8386118205547,-172.69600224748805,False,89.40099999999995,-12.780325160224546,10.873610939351789,-1098.9663136488448,998.8636924640285,16.780111111112596,310.39142000000083,-19.70768396382677,-19.03287155100163,-180.28468385645874,-203.97491935652613
407611.0,2.1704,2.7985,9.8516,-0.0387,-0.0201,9.8065,-0.0658,0.4893,-0.386,185.37,-82.7,54.92,52.841503,-1.670116,15.89,4,309.34,20 / 21,6.99439394519512,29.73112542803174,-5.553429899999911,-917.9994639076949,1205.760854608556,-173.23843690738812,False,89.49899999999997,-12.716402754768968,10.797496434921277,-1100.2105869998102,999.9207114354998,16.68211111111116,310.33458,-19.71079669996409,-18.93362899311046,-182.21112309211526,-205.84014317305616
407712.0,-2.2204,-2.5129,9.3597,-0.0335,-0.0347,9.8065,-0.0611,0.5819,-0.393,189.33,-82.74,54.9,52.841503,-1.670116,15.89,4,309.34,20 / 21,7.07071556133281,29.63511820018432,-5.573730899999911,-917.2891758776152,1208.7588499117808,-173.80035852778812,False,89.59999999999997,-12.624796672474183,10.695246695620488,-1101.4795147249522,1000.9989686394989,16.546111111119018,310.27000000000373,-19.695512233806994,-18.939871504563833,-184.190338847337,-207.75988127228186
407812.0,2.2223,-1.8848,9.0583,-0.0497,-0.0484,9.8063,-0.0526,0.518,-0.2494,190.43,-82.64,56.71,52.841503,-1.670116,15.89,4,309.34,20 / 21,7.171998734284945,29.7790956661675,-5.633495899999925,-916.5770401628341,1211.729560605099,-174.36071986778825,False,89.69999999999999,-12.640101253433802,10.549288016199865,-1102.7491814096365,1002.0442009501464,16.463888888892487,309.8480000000185,-19.812099987718746,-19.229807649967633,-186.17214124680243,-209.68535965495266
407912.0,1.4331,-2.1289,10.4194,-0.0299,-0.0232,9.8065,-0.0476,-0.0224,0.0645,194.77,-82.54,57.73,52.841503,-1.670116,15.89,4,309.34,20 / 21,7.097548932868278,29.935403562752356,-5.6402758999999225,-915.8635627794768,1214.715285566544,-174.92440845778805,False,89.79999999999995,-12.456843300248789,10.628625498771324,-1103.9852590285643,1003.1116722463495,16.37500000000263,310.47199999998156,-19.554392233117067,-19.30677806398103,-188.12169624908756,-211.60361332019454
408012.0,0.1133,-1.9602,8.7608,-0.0169,-0.016,9.8066,-0.0574,0.1691,-0.1574,195.4,-82.47,59.36,52.841503,-1.670116,15.89,4,309.34,20 / 21,7.13249810136679,30.072327119274004,-5.661930899999928,-915.1520604277648,1217.715672100646,-175.48951879778818,False,89.89999999999998,-12.414733704609096,10.56240441583634,-1105.228054460667,1004.156904556289,16.30000000000111,310.3910000000012,-19.547231805975887,-19.509922703437663,-190.07599403290214,-213.55876754435712
408112.0,1.5496,-0.5878,9.5296,-0.0116,0.0082,9.8066,0.0136,-0.2429,-0.0151,191.71,-82.28,59.58,52.841503,-1.670116,15.89,4,309.34,20 / 21,7.141788527478949,30.134136484027668,-5.728075899999943,-914.4383460963223,1220.725995280812,-176.0590191377883,False,90.0,-12.557383639510796,10.556331802768733,-1106.4842855190407,1005.2132563600679,16.405,310.052,-19.699172166989747,-19.577804681258932,-192.04593942271833,-215.51273892074403
408212.0,-2.1171,-2.453,9.6254,0.021,0.0457,9.8064,0.0116,-0.2242,0.2439,194.93,-82.06,59.01,52.841503,-1.670116,15.89,4,309.34,20 / 21,7.264723811421386,30.191419047781565,-5.750990899999935,-913.7180204793775,1223.7422730574015,-176.63297247778812,False,90.09999999999997,-12.215451666027125,10.203202119780862,-1107.7069275115934,1006.2140106988162,15.916111111139735,309.87100000001055,-19.480175477448512,-19.988216928000703,-193.98890703221593,-217.52826235858527
408313.0,1.9784,1.0193,9.2748,-0.018,-0.009,9.8066,0.058,-0.3095,0.1959,194.25,-82.2,57.34,52.841503,-1.670116,15.89,4,309.34,20 / 21,7.348235080112671,30.177697335105744,-5.787002449999934,-912.980066055355,1226.7909134347371,-177.2156411419631,False,90.20099999999996,-12.183486521049803,10.094018329291934,-1108.9350109329089,1007.2245501925998,15.821713888894774,309.64172000001435,-19.531721601162474,-20.08367900581381,-195.95494487755388,-219.5663632421373
408412.0,-2.3748,-2.7184,9.7431,0.0061,0.0064,9.8066,-0.0044,-0.2637,0.1776,193.32,-82.01,56.22,52.841503,-1.670116,15.89,4,309.34,20 / 21,7.444045365659768,30.17858553555653,-5.816474749999931,-912.2478481732893,1229.7785494368345,-177.79001326336302,False,90.29999999999995,-12.137744154044933,9.940643913699631,-1110.1387758706203,1008.1932803937303,15.688888888892855,309.3170000000097,-19.5817895197047,-20.237941621856898,-197.890927697331,-221.58526904310418
408512.0,0.6328,1.8986,9.6377,-0.0149,-0.009,9.8066,0.0936,-0.2724,0.164,192.94,-82.12,55.34,52.841503,-1.670116,15.89,4,309.34,21 / 21,7.598051207550739,30.11976590576883,-5.828099749999933,-911.4957433446286,1232.7934670089014,-178.37224198836316,False,90.39999999999998,-11.8311143996043,10.218471415362746,-1111.3143931712348,1009.2273932112419,15.633055555556382,310.81699999997784,-19.42916560715504,-19.901294490406084,-199.81864982660613,-223.56607379765956
408612.0,-2.0091,-0.986,10.5008,0.0623,-0.0152,9.8064,0.0152,-0.2588,0.1611,190.79,-82.22,57.78,52.841503,-1.670116,15.89,4,309.34,21 / 21,7.714808803503735,29.987001392394344,-5.801839749999927,-910.7301003440757,1235.7988053738102,-178.9537389633633,False,90.5,-11.72600213281693,9.584982993264662,-1112.4900104718747,1010.150311102378,15.145,309.263,-19.440810936320666,-20.40201839912968,-201.759910127799,-225.64849427143213
408712.0,-0.5699,0.5622,9.3633,0.0157,0.0101,9.8066,0.1059,0.0351,-0.0513,194.93,-82.23,58.89,52.841503,-1.670116,15.89,4,309.34,21 / 21,7.902577565159673,29.90415900658175,-5.789299749999931,-909.9492310256428,1238.793363393758,-179.5332959383631,False,90.59999999999997,-11.826253553898097,9.776228982236596,-1113.6723455855501,1011.139945950116,15.343888888877244,309.57899999998153,-19.72883111905777,-20.127930024345154,-203.72311455990734,-227.65341744364196
408812.0,0.5966,-4.2077,11.5151,-0.0291,-0.0078,9.8065,0.1457,0.1025,-0.0334,194.79,-82.42,58.31,52.841503,-1.670116,15.89,4,309.34,21 / 21,8.004582641317276,30.0006402143635,-5.726044749999916,-909.1538730153188,1241.788603354806,-180.10906316336323,False,90.69999999999999,-11.420427079627325,9.543541690026196,-1114.8076560072989,1012.0851028261046,14.883055555575725,309.88399999998666,-19.4250097209446,-20.457098524337304,-205.65378299198005,-229.70350052870128
408912.0,-2.244,1.3311,9.6276,0.0312,-0.0459,9.8065,0.145,0.1147,-0.0708,192.78,-82.49,61.22,52.841503,-1.670116,15.89,4,309.34,21 / 21,8.182477636388734,30.04299086595838,-5.6495747499999425,-908.3445200014338,1244.790784908821,-180.67784413836304,False,90.79999999999995,-11.366216187636853,9.570564695370317,-1115.9429664290444,1013.0413791952224,14.858888888889602,310.0979999999937,-19.548693824025587,-20.472426170588065,-207.5984464276106,-231.74940571359866
409012.0,1.6545,1.2547,11.2813,-0.0304,-0.0458,9.8064,0.1547,0.3589,-0.2645,197.11,-82.25,62.92,52.841503,-1.670116,15.89,4,309.34,21 / 21,8.236344950700467,29.837572068438945,-5.5847947499999275,-907.5235788720792,1247.7848130555415,-181.23956261336318,False,90.89999999999998,-10.947374317887855,9.563133470717373,-1117.031252158776,1013.9976555650487,14.53611111111588,311.1389999999846,-19.18371926858832,-20.27443859772157,-209.5076732866968,-233.78715749049275
409112.0,-3.2873,-2.6114,8.1068,-0.0033,-0.0133,9.8065,-0.0536,0.445,-0.0688,198.45,-82.57,64.74,52.841503,-1.670116,15.89,4,309.34,21 / 21,8.388757645739949,29.790960658908386,-5.59605474999993,-906.6923237422569,1250.7662396919095,-181.7986050883633,False,91.0,-10.985677331877142,9.439170032664936,-1118.1262557016416,1014.9205734561838,14.48388888888889,310.67,-19.374434977617092,-20.35179062624345,-211.43393195938472,-235.84566623572573
409212.0,-0.2694,-1.0562,9.3548,-0.1671,-0.0703,9.805,0.1918,0.6646,-0.718,196.53,-83.01,60.42,52.841503,-1.670116,15.89,4,309.34,21 / 21,8.667044564671997,29.82703809442416,-5.703639749999893,-905.8395336317366,1253.747139629575,-182.3635898133631,False,91.09999999999997,-10.863670431230874,9.459634758368448,-1119.2145414312654,1015.8657303321004,14.405000000004618,311.0479999999779,-19.53071499590287,-20.367403336055713,-213.37500779952882,-237.88140929747465
409312.0,-1.9542,-4.2081,6.7233,0.0306,0.0235,9.8065,-0.0001,0.6799,-0.3847,198.18,-82.49,64.15,52.841503,-1.670116,15.89,4,309.34,21 / 21,8.906768217919696,29.9608128327701,-5.880399749999933,-904.9608429926068,1256.7365321759355,-182.94279178836322,False,91.19999999999999,-10.86324952876663,9.345518159837116,-1120.3028271609955,1016.7886482225291,14.330000000003283,310.705000000015,-19.770017746686328,-20.615294672932983,-215.34198416838876,-239.9478839534064
409412.0,4.0174,4.7143,12.099,-0.123,-0.0504,9.8057,-0.0312,0.6881,-0.5448,195.16,-82.99,58.02,52.841503,-1.670116,15.89,4,309.34,21 / 21,8.863999033265866,29.873474353248014,-5.91994974999992,-904.0723046300478,1259.7282465352355,-183.53280926336302,False,91.29999999999995,-10.716837271862328,9.226072964450829,-1121.3709594512923,1017.7115661150777,14.141111111116695,310.72499999999945,-19.580836305128194,-20.647401388797185,-217.29865482124444,-242.01668042015774
409512.0,-0.4454,-2.7527,7.861,0.0958,0.0485,9.806,0.046,0.5611,-0.4753,195.7,-82.54,59.79,52.841503,-1.670116,15.89,4,309.34,21 / 22,8.723209349518749,29.744360290069867,-5.902614749999916,-903.1929442109084,1262.709138267402,-184.12393748836314,False,91.39999999999998,-10.524869393014702,9.283165494900183,-1122.4122204889807,1018.6344840055051,14.033888888890473,311.41299999998984,-19.24807874253345,-20.461194795169682,-219.21927627807224,-244.07465426189697
409612.0,1.5242,-1.2049,10.4335,-0.0436,-0.0149,9.8065,-0.0171,0.2394,-0.2228,198.32,-82.51,58.16,52.841503,-1.670116,15.89,4,309.34,21 / 22,8.782274119766054,29.86987948737117,-5.968554749999931,-902.317670037444,1265.689850256275,-184.71749596336326,False,91.5,-10.544988153459093,9.324169070525967,-1123.4669171529792,1019.5574018966397,14.07611111111111,311.48400000000004,-19.327262273225145,-20.545710416845203,-221.14924711553522,-246.1324483596352
409712.0,-3.9073,-4.2017,7.7689,0.0979,0.0548,9.8059,0.1282,0.6483,-0.4695,197.89,-82.33,57.74,52.841503,-1.670116,15.89,4,309.34,21 / 22,9.031544990676533,30.00780344297849,-6.039099749999907,-901.4269790819222,1268.6837344027913,-185.31787868836304,False,91.59999999999997,-10.74484594986411,8.99651973286926,-1124.5484850694543,1020.4469613097248,14.013888888892533,309.93900000009046,-19.776390940540644,-21.01128371010923,-223.12150598753203,-248.23677309306652
409812.0,6.4451,-0.4457,10.5159,-0.0321,-0.0302,9.8065,0.0839,0.0766,-0.2713,197.35,-82.63,56.3,52.841503,-1.670116,15.89,4,309.34,21 / 22,9.033981276949268,30.182396704024097,-6.105524749999922,-900.5237027685407,1271.6932444101421,-185.92510991336317,False,91.69999999999999,-10.51250235185841,9.018900892831297,-1125.5964639203062,1021.3365207228752,13.851111111118234,310.6269999999699,-19.546483628807678,-21.1634958111928,-225.07276115176546,-250.35672368726694
409912.0,-1.6379,-0.4028,8.4363,0.1256,0.0783,9.8054,0.084,-0.7666,0.5984,194.62,-82.36,58.38,52.841503,-1.670116,15.89,4,309.34,21 / 22,8.872612234506814,30.21746023584569,-6.13857974999991,-899.6283730929682,1274.7132372571346,-186.53731513836294,False,91.79999999999995,-10.215755012246996,9.047358619326667,-1126.6108537054254,1022.2371996291574,13.646111111117172,311.52899999997334,-19.088367246753812,-21.17010161651902,-226.98248061245715,-252.47603762797712
410012.0,5.6497,2.4496,10.6438,0.0144,0.0128,9.8066,-0.0193,0.1209,-0.1118,194.35,-82.71,57.47,52.841503,-1.670116,15.89,4,309.34,21 / 22,8.710283663362876,30.087959198699206,-6.165239749999916,-898.7492282980745,1277.7285082288624,-187.15250611336307,False,91.89999999999998,-10.467727060897934,8.751136737069617,-1127.6655503694094,1023.1045200567501,13.64388888888892,309.8960000000242,-19.178010724260808,-21.336822461629588,-228.9163220713349,-254.62398817211238
410112.0,-5.6479,-8.1288,9.6728,0.1333,0.1175,9.805,-0.2659,0.9107,-0.6562,190.71,-82.37,57.7,52.841503,-1.670116,15.89,4,309.34,21 / 22,8.819290552628507,30.308563931695275,-6.130074749999908,-897.8727495872747,1280.7483343853828,-187.7672718383632,False,92.0,-10.321990802859037,8.888974986646343,-1128.6933757808129,1024.0051989630329,13.621944444444445,310.73400000000004,-19.141281355487543,-21.419588945048933,-230.82062619353815,-256.74313542234995
410212.0,1.5856,-1.448,9.6289,0.0071,-0.0101,9.8066,-0.0453,0.3533,-0.1289,188.77,-82.87,53.81,52.841503,-1.670116,15.89,4,309.34,21 / 22,9.168740997700795,30.664442989284165,-6.145654749999903,-896.9733480097585,1283.7969847314307,-188.38105831336298,False,92.09999999999997,-10.014793461118073,8.898428646622275,-1129.6876121264115,1024.894758376118,13.396944444457617,311.621999999948,-19.18353445881887,-21.76601434266189,-232.714264116653,-258.9022263553127
410312.0,-4.1618,-7.1163,9.7377,0.0828,0.0665,9.806,-0.0822,0.6572,-0.5811,194.04,-82.64,56.8,52.841503,-1.670116,15.89,4,309.34,21 / 22,9.451125727162278,30.96639386617007,-6.1579897499999054,-896.0423546735152,1286.8785265742042,-188.9962405383631,False,92.19999999999999,-10.169000121842075,8.720506259570541,-1130.7087197246638,1025.7509593105785,13.39611111111115,310.61500000004406,-19.620125849004353,-22.245887606599528,-234.66636505114855,-261.1275672636257
410412.0,2.483,0.3708,10.1317,-0.009,-0.0177,9.8066,-0.1291,0.5913,-0.1721,194.75,-82.9,57.64,52.841503,-1.670116,15.89,4,309.34,21 / 22,9.672036908653975,31.195196503192665,-6.14518474999991,-895.0861965417247,1289.9866060926713,-189.6113992633629,False,92.29999999999995,-10.114050624555485,8.624486482000433,-1131.71639169662,1026.6071602457444,13.291944444447525,310.4550000000047,-19.78608753320946,-22.570710021192234,-236.6301951548952,-263.37944584692696
410512.0,-2.5389,-7.4114,10.544,0.0376,0.0358,9.8064,0.17,-0.6911,0.3842,190.76,-82.65,57.49,52.841503,-1.670116,15.89,4,309.34,21 / 22,9.800869710519526,31.47137436651097,-6.092064749999897,-894.1125512107658,1293.1199346361573,-190.22326173836302,False,92.39999999999998,-10.032205211783088,8.501609176428152,-1132.710628042305,1027.452241688485,13.150000000002098,310.2790000000026,-19.833074922302615,-22.969765190082818,-238.59807683153917,-265.6676929476723
410612.0,2.821,2.2828,9.1175,-0.0598,-0.0888,9.806,0.1263,-0.4503,0.2669,193.42,-82.31,56.17,52.841503,-1.670116,15.89,4,309.34,21 / 22,9.891712521720116,31.6562572774011,-6.089654749999897,-893.1279220991536,1296.2763162183535,-190.83234771336316,False,92.5,-9.828486281093673,8.490609197021788,-1133.6847109485436,1028.2973231312253,12.988055555555555,310.823,-19.72019880281379,-23.165648080379313,-240.55678884939005,-267.9789930871282
410712.0,2.5676,-2.7787,9.4294,0.005,0.0261,9.8065,0.1474,-0.9241,0.5353,192.76,-82.59,54.97,52.841503,-1.670116,15.89,4,309.34,21 / 22,9.692794004423009,31.663578239609706,-6.142974749999879,-892.1486967728467,1299.442307994203,-191.44397918836293,False,92.59999999999997,-9.893229376366182,8.328217073352858,-1134.672229481007,1029.1201655883467,12.931944444447728,310.09100000004287,-19.586023380789193,-23.335361166256845,-242.52353270816025,-270.3221424058563
410812.0,5.3974,2.0948,9.1548,-0.0996,-0.1059,9.8055,-0.1188,0.1337,-0.0249,192.27,-83.24,52.53,52.841503,-1.670116,15.89,4,309.34,21 / 22,9.372382737443857,31.7047900892495,-6.19442974999989,-891.1954379357531,1302.6107264106467,-192.06084941336306,False,92.69999999999999,-9.702523022526474,8.435761224984804,-1135.6395945740705,1029.9652470310857,12.856944444447725,311.00499999996,-19.07490575997033,-23.269028864264698,-244.4441566383174,-272.64547937956104
410912.0,-0.1236,-2.6341,10.7572,-0.019,-0.0488,9.8065,0.2693,-0.5108,0.2347,196.74,-82.9,54.82,52.841503,-1.670116,15.89,4,309.34,21 / 22,9.187571899673506,31.70450721962941,-6.179494749999895,-890.2674402038976,1305.7811912760897,-192.67954563836284,False,92.79999999999995,-9.676735278080141,8.369252491067616,-1136.6002418540236,1030.7992089806933,12.793888888890752,310.85600000000437,-18.864307177753645,-23.335254728561793,-246.33280165012593,-274.9819822953964
411012.0,-3.7041,-6.7655,9.4629,-0.0044,-0.0554,9.8064,0.0099,0.5658,-0.4501,197.22,-83.01,55.44,52.841503,-1.670116,15.89,4,309.34,21 / 22,9.562320547158341,32.01504092525401,-6.149154749999888,-889.3299455815559,1308.9671686833346,-193.29597811336296,False,92.89999999999998,-9.68565848909444,8.541460405993504,-1137.574324760248,1031.6554099165658,12.913888888887117,311.40799999999183,-19.24797903625278,-23.47358051926051,-248.24437917869204,-277.3117587667689
411112.0,4.6611,2.7744,10.0921,-0.097,-0.0838,9.8058,0.0511,-0.0207,-0.0338,196.76,-83.04,54.63,52.841503,-1.670116,15.89,4,309.34,21 / 22,9.63004508808928,32.13559884673776,-6.152069749999889,-888.3703272997933,1312.174700671935,-193.91103933836308,False,93.0,-9.79594481010978,7.937413317275256,-1138.5685611059191,1032.4337744026313,12.608055555555556,309.017,-19.425989898199063,-24.1981855294625,-250.1982338061258,-279.7409262693036
411212.0,-3.0603,-0.4384,9.6093,0.0039,-0.0138,9.8066,0.0934,0.8311,-0.5251,194.42,-82.89,57.35,52.841503,-1.670116,15.89,4,309.34,21 / 22,9.576354837619993,31.97235370064999,-6.14766474999989,-887.4100073035082,1315.3800982993032,-194.52602606336285,False,93.09999999999997,-9.790104595885074,8.103684889703098,-1139.5426440120723,1033.2454973666206,12.708888888882987,309.6159999999649,-19.366459433505067,-23.868668810946893,-252.13263670856406,-282.1346009326826
411312.0,6.0534,0.8423,9.2724,-0.0886,-0.0905,9.8057,-0.0252,0.2284,-0.1896,191.9,-83.26,58.75,52.841503,-1.670116,15.89,4,309.34,21 / 22,9.484343225050415,31.898374899645546,-6.184244749999899,-886.4569724003745,1318.5736347293187,-195.142621538363,False,93.19999999999999,-9.722863283693327,8.23246801187667,-1140.5100091051618,1034.0683398230944,12.739999999998636,310.25499999997203,-19.20720650874374,-23.665906887768877,-254.05303670478725,-284.5052949062242
411412.0,-0.7757,-2.6136,8.5208,0.0052,0.0406,9.8065,0.0652,0.1918,-0.1806,196.97,-82.79,61.96,52.841503,-1.670116,15.89,4,309.34,21 / 22,9.312117012770392,31.953702479432014,-6.275249749999868,-885.5171493884839,1321.7662385982715,-195.76559626336277,False,93.29999999999995,-9.644938057595645,8.45778807972242,-1141.4773741982635,1034.9245407589658,12.828055555552952,311.24799999997066,-18.95705507036604,-23.495914399709594,-255.96022480977967,-286.84169783930565
411512.0,1.295,-2.0511,8.2592,-0.0308,0.0028,9.8066,-0.2236,0.1641,0.0602,193.88,-82.83,62.67,52.841503,-1.670116,15.89,4,309.34,21 / 21,9.405134480980621,32.101892188685014,-6.416914749999901,-884.581286813796,1324.969018331678,-196.4002044883629,False,93.39999999999998,-9.736151653797938,8.037286605212069,-1142.4581749175966,1035.7140247381653,12.625000000003,309.54000000002526,-19.14128613477856,-24.064605583472947,-257.8768881038005,-289.2549935935126
411611.0,1.1586,-1.6766,11.4879,-0.0166,0.037,9.8065,-0.0568,0.3717,-0.2195,197.07,-82.61,62.1,52.841503,-1.670116,15.89,4,309.34,21 / 21,9.392202438770306,32.23219091403511,-6.410291649999901,-883.6508186362685,1328.1535554452623,-197.03515120516283,False,93.49899999999997,-9.839926009256123,8.155601446151266,-1143.4291676298026,1036.517630472573,12.780374999999925,309.6528599999999,-19.23212844802643,-24.076589467883842,-259.7783489935341,-291.6359249726893
411712.0,-3.4595,-6.3621,8.6917,0.0956,0.0414,9.806,-0.1338,0.5129,-0.3655,202.24,-82.55,64.8,52.841503,-1.670116,15.89,4,309.34,21 / 21,9.6948423570067,32.47628902169318,-6.381693499999901,-882.6869228740817,1331.4213336820167,-197.6811464552378,False,93.59999999999997,-9.605118163764285,8.075662041352798,-1144.3794694774479,1037.3263511744854,12.548888888902535,310.05599999997645,-19.299960520770984,-24.400626980340377,-261.69254660336617,-294.0949825075313
411812.0,-0.9983,-3.568,7.4172,0.0974,0.0808,9.8057,0.0504,-0.2919,-0.0705,193.0,-83.09,60.81,52.841503,-1.670116,15.89,4,309.34,21 / 21,10.116871925047528,32.78543775194273,-6.556913499999941,-881.6963371599787,1334.6844200206992,-198.32807680523794,False,93.69999999999999,-9.666262763610273,8.06191879345918,-1145.3401167573734,1038.1380741392409,12.586944444442778,309.82900000000996,-19.783134688657803,-24.723518958483552,-263.64377959739465,-296.54634588145836
411912.0,0.7751,-4.1348,10.8375,-0.0102,0.0136,9.8066,0.0424,0.0127,-0.0544,199.46,-82.71,60.13,52.841503,-1.670116,15.89,4,309.34,21 / 21,10.29280516638132,33.074625094808766,-6.624843499999917,-880.6758533054076,1337.9774231630356,-198.9871646552377,False,93.79999999999995,-9.603021854752402,8.128119588642582,-1146.2940462241777,1038.9497971039962,12.581111111111284,310.2449999999877,-19.895827021133723,-24.946505506166183,-265.6181929187701,-299.02762605903945
412012.0,-1.1311,2.0126,8.2465,-0.0308,-0.0221,9.8065,0.129,-0.3203,0.2723,195.59,-82.7,59.53,52.841503,-1.670116,15.89,4,309.34,21 / 21,10.405605000157891,33.08778364560894,-6.6513084999999235,-879.6409327970804,1341.2855436000573,-199.65097225523786,False,93.89999999999998,-9.62905690635484,8.162278765933351,-1147.2546935041044,1039.761520068045,12.623055555554936,310.2869999999994,-20.03466190651273,-24.925504879675586,-267.61376070702397,-301.5240235320123
412112.0,-1.8113,-3.0592,8.634,0.0364,0.0348,9.8064,-0.1364,-0.2473,0.201,193.75,-82.6,62.78,52.841503,-1.670116,15.89,4,309.34,21 / 21,10.614468137485371,33.022860515317795,-6.787948499999954,-878.589929140198,1344.5910758081043,-200.322935105238,False,94.0,-9.73983031866681,8.371366756191321,-1148.2354942235042,1040.606601510785,12.843055555555555,310.67900000000003,-20.35429845615218,-24.651493759126474,-269.6455650833062,-303.98447429731937
412212.0,-0.0807,0.4775,9.6967,-0.0347,-0.0248,9.8065,-0.0041,-0.0704,-0.0705,192.07,-83.08,59.25,52.841503,-1.670116,15.89,4,309.34,21 / 21,10.797281486426769,33.04766339967624,-6.852078499999933,-877.5193416590027,1347.894602003853,-201.00493645523775,False,94.09999999999997,-9.75892024977262,8.216027453541491,-1149.2162949428325,1041.4183244754815,12.756944444449484,310.09400000003427,-20.55620173619939,-24.831635946134746,-271.69695328382977,-306.4762775283714
412312.0,4.0789,-2.2278,10.8966,-0.0634,-0.0394,9.8063,-0.0754,-0.3257,0.2628,190.51,-83.13,56.53,52.841503,-1.670116,15.89,4,309.34,21 / 21,10.677747528811059,33.09385119286701,-6.803078499999922,-876.4455902082406,1351.201677733481,-201.6876943052379,False,94.19999999999999,-9.833561385754425,8.256310948147851,-1150.197095662166,1042.2522864250875,12.839999999996364,310.01700000000335,-20.511308914565483,-24.837540244719158,-273.75150545392546,-308.9493913083934
412412.0,-1.9137,-7.6114,10.5262,-0.0017,0.0287,9.8066,-0.296,0.5929,0.0054,191.49,-82.88,58.49,52.841503,-1.670116,15.89,4,309.34,21 / 21,10.729225082322545,33.518422042050524,-6.712603499999952,-875.3752415776843,1354.5322913952257,-202.36347840523766,False,94.29999999999995,-9.697066196380128,8.44499441324836,-1151.1577429421063,1043.0973678671196,12.85888888888833,311.05199999996944,-20.42629127870267,-25.073427628802165,-275.78250136442205,-311.4349235281061
412512.0,2.6375,0.0957,10.1901,0.0932,-0.0131,9.8061,0.0434,0.4077,-0.6006,196.8,-82.8,61.37,52.841503,-1.670116,15.89,4,309.34,21 / 21,10.828953215686294,33.82659534256368,-6.6574534999999395,-874.2973326627836,1357.899542264457,-203.0319812552378,False,94.39999999999998,-9.674578533218222,8.402278182814488,-1152.1251080352085,1043.9313298167274,12.813888888889554,310.9740000000011,-20.503531748904514,-25.42431715974919,-277.827775372425,-313.9682124477297
412612.0,-4.4676,-0.6311,8.4788,0.0715,0.0011,9.8064,0.1554,0.14,-0.2444,193.53,-82.52,62.5,52.841503,-1.670116,15.89,4,309.34,21 / 21,10.982286417685046,33.75823456234312,-6.70467349999995,-873.2067706811148,1361.2787837597032,-203.70008760523797,False,94.5,-9.888709454961445,8.412678341289299,-1153.1193443808797,1044.7764112594675,12.983055555555554,310.389,-20.87099587264649,-25.34555622105382,-279.91257369976495,-316.50237250023565
412712.0,3.1607,-4.6551,12.2853,-0.0556,0.0301,9.8064,0.0122,-0.2345,0.2074,195.17,-82.26,59.29,52.841503,-1.670116,15.89,4,309.34,21 / 21,11.172783541426167,33.923124147850665,-6.64713349999997,-872.0990171831596,1364.6628516952117,-204.36767795523772,False,94.59999999999997,-9.901548715378091,8.55432978303021,-1154.1135807264916,1045.632612194571,13.084999999994032,310.82499999997447,-21.074332256804258,-25.368794364820452,-282.014563543332,-319.0302395006406
412812.0,3.15,-0.742,12.5352,-0.0812,-0.072,9.8059,-0.1643,0.304,-0.1884,192.57,-82.45,60.89,52.841503,-1.670116,15.89,4,309.34,21 / 21,10.99372207533598,34.1805802280086,-6.386773499999911,-870.9906919023213,1368.0680369140055,-205.01937330523788,False,94.69999999999999,-9.993522764458634,8.443686720029435,-1155.1078170721366,1046.4665741448869,13.083055555555639,310.19500000002756,-20.987244839794613,-25.73689350797917,-284.1171251698154,-321.6014627691186
412912.0,0.3255,0.1109,8.1148,0.0,-0.0969,9.8062,-0.1814,0.1784,0.1286,194.51,-83.23,63.18,52.841503,-1.670116,15.89,4,309.34,21 / 21,10.889596166768522,34.171073899793,-6.334938499999928,-869.8965259902164,1371.4856196203943,-205.65545890523765,False,94.79999999999995,-10.138587550555716,8.284753844295661,-1156.1154890441182,1047.278297108936,13.09305555555526,309.2540000000278,-21.02818371732424,-25.88632005549734,-286.2189630539018,-324.2073225114584
413012.0,-0.86,-3.4718,9.6797,0.0398,0.0165,9.8065,-0.0823,0.105,0.0071,199.09,-83.17,64.48,52.841503,-1.670116,15.89,4,309.34,21 / 21,11.023923299260884,34.237904726781856,-6.425878499999948,-868.8008500169148,1374.9060685517238,-206.2934997552378,False,94.89999999999998,-10.271198886584305,8.299066118075306,-1157.1433144555072,1048.1122590592502,13.204999999998345,308.93800000000465,-21.295122185845187,-25.93883860870655,-288.3424644385924,-326.79380949247366
413112.0,3.0402,-4.2244,10.2962,-0.0075,0.0399,9.8065,0.0364,0.1878,-0.312,193.07,-83.13,60.87,52.841503,-1.670116,15.89,4,309.34,21 / 21,11.076081420636239,34.54688301913002,-6.4077484999999434,-867.6958497809196,1378.3453079390201,-206.93518110523794,False,95.0,-10.220240258439572,8.2856427737363,-1158.1577042406257,1048.9351015157247,13.156944444444445,309.032,-21.29632167907581,-26.261240245393722,-290.46185445970605,-329.41020642329545
413212.0,0.9299,-5.6023,10.4304,-0.0114,0.0579,9.8064,-0.0358,0.0555,-0.0733,195.72,-82.64,59.29,52.841503,-1.670116,15.89,4,309.34,21 / 21,11.064394188236959,34.989681582502,-6.352083499999963,-866.5888260004764,1381.8221361691005,-207.5731727052377,False,95.09999999999997,-10.153091691629871,8.553938001630327,-1159.165376212508,1049.7913024515356,13.276111111104132,310.1139999999367,-21.217485879866828,-26.435743580871673,-292.5765502120315,-332.030833717565
413312.0,-0.1016,-2.2976,8.3898,0.0398,0.0191,9.8065,-0.1054,0.3134,-0.1829,196.39,-82.51,61.11,52.841503,-1.670116,15.89,4,309.34,21 / 21,11.187988154744287,35.299482271878325,-6.391738499999971,-865.4762068833271,1385.3365943618203,-208.21036380523785,False,95.19999999999999,-10.127205186531832,8.403886904880153,-1160.1730481844772,1050.614144908719,13.160000000005082,309.6870000000187,-21.31519334127612,-26.895595366998172,-294.69684130115013,-334.72244945310126
413412.0,2.0938,0.7689,10.9739,0.0573,0.0092,9.8064,0.0053,-0.3041,0.1274,196.18,-82.62,60.52,52.841503,-1.670116,15.89,4,309.34,21 / 21,11.168862842212041,35.31907604454382,-6.404218499999967,-864.3583643334797,1388.86752227764,-208.85016165523763,False,95.29999999999995,-10.25620115967924,8.530295292195477,-1161.2008735958918,1051.4703458438833,13.33999999999468,309.7509999999981,-21.42506400189128,-26.788780752348345,-296.84250926241214,-337.39717643375684
413513.0,-0.2891,-1.0267,9.7862,0.0385,0.0237,9.8065,0.0536,-0.0441,0.0353,192.88,-82.4,61.77,52.841503,-1.670116,15.89,4,309.34,22 / 22,11.140142434509798,35.27805736020995,-6.3463050999999675,-863.2317595670053,1392.43267751458,-209.4940630970376,False,95.40099999999995,-10.356340582752363,8.6778152137156,-1162.245292005756,1052.357681358031,13.51147500000235,309.9606199999738,-21.49648301726216,-26.60024214649435,-299.01353243875076,-340.0749961565491
413612.0,1.5672,-0.8639,10.3083,-0.0111,0.0118,9.8066,-0.0305,-0.1185,0.1616,196.39,-82.44,61.24,52.841503,-1.670116,15.89,4,309.34,22 / 22,11.159629376600082,35.30833902356208,-6.322485699999956,-862.1279208623548,1395.9267041355783,-210.1211682416379,False,95.5,-9.970577597989601,8.885021517276586,-1163.2229353529535,1053.23834517705,13.355,311.705,-21.130206974589683,-26.423317506285493,-301.0950144905987,-342.6883589585284
413712.0,0.3228,-1.9765,9.305,0.0149,0.0139,9.8066,0.0139,-0.0296,-0.0484,196.64,-82.5,61.26,52.841503,-1.670116,15.89,4,309.34,22 / 22,11.16399119246646,35.38954406025467,-6.322485699999956,-861.0117398339019,1399.461598289768,-210.75341681163766,False,95.59999999999997,-10.270584249616185,9.142078492930365,-1164.2574785774295,1054.1723825619563,13.749999999976874,311.6730000000019,-21.434575442082647,-26.247465567324305,-303.2457387435277,-345.2892157278118
413812.0,1.0487,-1.0336,10.3651,-0.0196,-0.0024,9.8066,0.1825,-0.2323,0.0339,195.62,-82.59,59.2,52.841503,-1.670116,15.89,4,309.34,22 / 22,11.195302242706807,35.47145924593998,-6.319645699999955,-859.8937751621429,1403.0046484550785,-211.3855233816378,False,95.69999999999999,-10.284494969096613,9.088717634004059,-1165.2853039888328,1055.0953004523842,13.725000000001092,311.468000000009,-21.479797211803422,-26.382741611935923,-305.39152882668986,-347.9093480026943
413911.0,-1.9701,-3.6338,9.1813,-0.0308,0.0374,9.8065,-0.1388,-0.1407,0.2736,195.11,-82.47,58.82,52.841503,-1.670116,15.89,4,309.34,22 / 22,11.355701023342345,35.60320618445776,-6.322957249999955,-858.7775005004736,1406.522844393883,-212.01133222766273,False,95.79899999999998,-10.569295260949945,8.913202129768436,-1166.342754956198,1055.975964270704,13.825924999996996,310.1414000000395,-21.92499628429229,-26.690004054689325,-307.56525445572436,-350.5468801231789
414012.0,1.5014,-3.2727,10.8297,-0.029,-0.0193,9.8065,-0.1752,-0.0326,0.0699,195.16,-82.55,59.04,52.841503,-1.670116,15.89,4,309.34,22 / 22,11.526654942839384,35.85266150386833,-6.302873399999955,-857.6219415241815,1410.1313657121434,-212.64893667548773,False,95.89999999999998,-10.350139842867831,9.082263221967414,-1167.3745438773558,1056.896658264244,13.770000000000842,311.26699999998317,-21.876794785707215,-26.770398281900917,-309.7526023531743,-353.2347074478994
414112.0,1.3575,-0.3668,8.6996,0.019,-0.029,9.8065,0.0448,-0.1189,0.0853,191.11,-82.74,58.0,52.841503,-1.670116,15.89,4,309.34,22 / 22,11.49311787138319,35.98305985406208,-6.307073399999956,-856.4709528834701,1413.7231517800408,-213.27943401548788,False,96.0,-10.677882235480658,8.956631700183808,-1168.4493939808006,1057.7750981842617,13.936944444444444,309.99,-22.171000106863847,-27.02642815387827,-311.97844109733046,-355.94805359577913
414212.0,-0.566,0.0057,9.6932,-0.0008,-0.0137,9.8066,-0.0355,0.04,0.0054,194.32,-82.82,56.8,52.841503,-1.670116,15.89,4,309.34,22 / 22,11.517181337628255,35.92902801891179,-6.368098399999935,-855.3204379230199,1417.3187561736881,-213.91319260548767,False,96.09999999999997,-10.65101891662647,8.843588389659308,-1169.5108084578571,1058.6424186124973,13.843888888894337,309.7030000000168,-22.168200254254725,-27.085439629252477,-314.19037053483726,-358.67633756119085
414312.0,2.3019,-1.8487,10.4859,-0.0304,-0.0085,9.8065,0.0404,-0.2216,0.1151,188.99,-82.83,54.24,52.841503,-1.670116,15.89,4,309.34,22 / 22,11.506464124690876,35.9543774657963,-6.339808399999929,-854.1692556499037,1420.9129264479243,-214.5485879454878,False,96.19999999999999,-10.849469269511262,9.47760802707599,-1170.5990941875725,1059.620933966461,14.406111111086503,311.13899999993714,-22.35593339420214,-26.47676943872031,-316.42983853766884,-361.29199248146324
414412.0,-2.2799,-3.1357,9.2792,-0.0508,-0.033,9.8064,-0.0676,-0.2201,0.1944,191.6,-82.95,52.68,52.841503,-1.670116,15.89,4,309.34,22 / 22,11.613443429091962,36.119075057421576,-6.332218399999931,-853.0132602722149,1424.5165990740838,-215.1821892854876,False,96.29999999999995,-10.833632950841636,9.370495717289582,-1171.6806621041399,1060.5438518575975,14.32388888889132,310.8580000000083,-22.4470763799336,-26.748579340131993,-318.66740183192496,-363.97274721648637
414512.0,2.0113,-1.371,8.7603,-0.0217,-0.0166,9.8065,-0.0741,-0.0669,-0.01,188.63,-82.87,53.57,52.841503,-1.670116,15.89,4,309.34,20 / 20,11.730750762897806,36.257556234918226,-6.410908399999949,-851.8460505626151,1428.1354306387016,-215.81934562548773,False,96.39999999999998,-10.645898261135223,9.424327774142109,-1172.7420765813283,1061.5001282274227,14.21805555555712,311.5169999999903,-22.37664902403303,-26.83322846077612,-320.8960260187132,-366.6353024112789
414612.0,0.6979,-3.9285,9.6604,-0.0164,-0.0056,9.8066,-0.1161,0.2195,-0.0676,191.23,-82.8,52.23,52.841503,-1.670116,15.89,4,309.34,20 / 20,11.709138863098232,36.4650351854636,-6.470538399999962,-850.674056081315,1431.7715602097214,-216.46341796548788,False,96.5,-10.595840682224253,9.217319315309535,-1173.796773245287,1062.4119266247176,14.043888888888889,311.02,-22.304979545322485,-27.247715870154064,-323.1227171639721,-369.35963358500385
414712.0,0.3835,-0.4123,9.5467,-0.0117,-0.0177,9.8066,0.0208,0.0104,0.0175,191.28,-82.79,52.32,52.841503,-1.670116,15.89,4,309.34,20 / 20,11.760163237272465,36.61214965128626,-6.4908483999999556,-849.5005909762968,1435.4254194515577,-217.11148730548766,False,96.59999999999997,-10.765658270814994,9.53336257547492,-1174.8716233486405,1063.3682029937665,14.37999999998032,311.5259999999704,-22.52582150808746,-27.07878707581134,-325.3710323723436,-372.0572164577911
414812.0,-0.6038,-1.0231,10.5175,-0.0157,-0.0161,9.8065,0.0609,0.3509,-0.2185,187.29,-83.03,51.14,52.841503,-1.670116,15.89,4,309.34,20 / 20,11.846146054117773,36.60892837399249,-6.46830339999995,-848.3202755117271,1439.0864733528224,-217.7594448954878,False,96.69999999999999,-10.826798660897524,9.038811456538099,-1175.9599090783565,1064.257762407628,14.103888888900974,309.85700000007307,-22.672944715015298,-27.570116917454392,-327.6396335666294,-374.8287109451944
414911.0,3.1589,-1.1022,9.6613,-0.0696,-0.0585,9.8062,-0.116,0.4443,0.0096,190.51,-83.46,50.43,52.841503,-1.670116,15.89,4,309.34,20 / 20,11.802608319992277,36.66459135573684,-6.440311149999953,-847.1496621702088,1442.7135125794437,-218.39842131571274,False,96.79899999999998,-10.885915358118192,9.371760257777833,-1177.0373119507888,1065.1824594173502,14.364313888881135,310.7252299999742,-22.68852367811047,-27.292831097959006,-329.88764978058,-377.5310531620935
415011.0,2.3332,-0.3504,8.7969,0.0208,0.05,9.8065,0.0779,-0.1384,0.0692,191.11,-83.69,51.15,52.841503,-1.670116,15.89,4,309.34,20 / 20,11.608628001836927,36.71142854466917,-6.498066149999966,-845.979100354117,1446.382313574465,-219.04534018071288,False,96.899,-11.071329978744803,9.404421512014881,-1178.1455495855446,1066.116496801611,14.526444444442077,310.3459200000057,-22.67995798058173,-27.307007032654287,-332.1664492314276,-380.2658167728539
415111.0,0.6263,-1.5089,9.6549,0.0057,0.0283,9.8066,-0.0141,0.0901,-0.1218,190.07,-83.72,49.49,52.841503,-1.670116,15.89,4,309.34,20 / 20,11.542538442424414,36.755270321189755,-6.556141149999946,-844.8215420319043,1450.0556485177565,-219.69805054571265,False,96.99899999999997,-10.911561107822495,9.427275447055717,-1179.2340368496555,1067.0505341851779,14.419980555555608,310.8261099999998,-22.45409955024691,-27.32799487413404,-334.41249481775117,-383.0051143325786
415212.0,1.1544,-0.8152,8.8866,0.0166,-0.0094,9.8066,0.0353,0.2264,-0.0936,190.39,-83.8,49.91,52.841503,-1.670116,15.89,4,309.34,20 / 20,11.538560639459385,36.81088512305171,-6.610267049999946,-843.6559465282692,1453.7707393676906,-220.36295415981263,False,97.09999999999997,-11.210380961879101,9.488608739076232,-1180.3667945023187,1068.0161509287698,14.686944444428752,310.24500000003434,-22.748941601338487,-27.322276383975478,-336.71084797404956,-385.7545884389208
415312.0,-1.8648,-2.46,10.0789,0.0309,0.0224,9.8065,0.087,-0.1516,-0.0122,190.37,-83.67,49.99,52.841503,-1.670116,15.89,4,309.34,20 / 20,11.665923837693395,36.89023307746526,-6.642657049999953,-842.4957223044113,1457.4557952777172,-221.0256003648128,False,97.19999999999999,-11.160461450607825,9.588671776843201,-1181.4819514846317,1068.9835467903138,14.713888888887709,310.6679999999815,-22.826385288301218,-27.301561300622062,-338.98622918022045,-388.4722484874035
415412.0,-0.1452,-1.0138,9.4897,0.007,-0.0173,9.8066,-0.0429,-0.0264,-0.0243,190.99,-83.81,51.0,52.841503,-1.670116,15.89,4,309.34,20 / 20,11.85910355137474,36.96712870807176,-6.644892049999952,-841.3194709349583,1461.1486633669929,-221.68997781981255,False,97.29999999999995,-11.162887916208456,9.618220124854124,-1182.5971084669438,1069.9287036663,14.734999999999378,310.74899999999764,-23.0219914675832,-27.348908583217636,-341.27763753198553,-391.2199597006929
415512.0,0.8011,-3.0901,10.1653,0.0276,-0.0164,9.8066,0.0255,-0.0709,-0.0061,188.62,-83.75,52.94,52.84223,-1.671543,15.95,4,308.98,21 / 21,11.923116348207472,37.099558856804926,-6.642807049999952,-840.1303599399789,1464.8519977452374,-222.3543627748127,False,97.39999999999998,-11.26880957812084,9.588474055050204,-1183.7257010755407,1070.884980036126,14.79611111111021,310.39400000000524,-23.19192592632831,-27.51108480175472,-343.59534113556174,-393.96701770911136
415612.0,-1.396,-1.5104,10.3749,0.0195,0.0094,9.8066,-0.0382,0.0361,-0.018,189.3,-83.6,54.21,52.84223,-1.671543,15.95,4,308.98,21 / 21,12.052533281981178,37.24779264801604,-6.596462049999942,-838.9315774584692,1468.5693653204794,-223.01632622981285,False,97.5,-11.290953071002926,9.634867771470361,-1184.8542936841245,1071.8412564052448,14.843055555555555,310.475,-23.343486352984105,-27.612924876545677,-345.92271622565534,-396.72810891523454
415712.0,0.2925,-2.4997,9.6715,0.0132,0.0029,9.8066,-0.0217,-0.0079,0.0055,192.98,-83.57,54.2,52.84223,-1.671543,15.95,4,308.98,21 / 21,12.20933304845397,37.35996697897101,-6.574807049999949,-837.7184841419478,1472.2997533018274,-223.67488968481263,False,97.59999999999997,-11.442364687356664,9.641852618660193,-1186.0030397320843,1072.7975327742938,14.963055555548529,310.1190000000209,-23.651697735810636,-27.718114360310814,-348.2845555901365,-399.5022205275336
415812.0,1.5722,-1.3681,8.6847,-0.0122,0.0042,9.8066,-0.1141,-0.1833,0.1397,189.11,-83.56,53.78,52.84223,-1.671543,15.95,4,308.98,21 / 21,12.21838091501012,37.48898929731493,-6.637662049999963,-836.4970984437743,1476.0422011156427,-224.33551313981278,False,97.69999999999999,-11.445719368397574,9.682660087246648,-1187.145067966993,1073.7649286358376,14.991944444443178,310.2299999999952,-23.664100283407695,-27.806329210068284,-350.64796952321876,-402.2772724798051
415912.0,-0.4206,-3.1971,9.874,0.0161,0.0185,9.8066,0.0187,-0.0533,0.0047,188.15,-83.36,52.35,52.84223,-1.671543,15.95,4,308.98,21 / 21,12.260270599657021,37.65083578287482,-6.690392049999945,-835.2731658680414,1479.7991923696509,-225.00191584481254,False,97.79999999999995,-11.522178003079903,9.627545848518247,-1188.3005318281716,1074.7212050049566,15.014999999999318,309.88100000001026,-23.782448602736924,-28.023289934356576,-353.0273659601303,-405.0779873646943
416012.0,-6.9144,1.7792,11.2682,0.0217,-0.028,9.8065,0.1189,0.0323,-0.2083,192.22,-83.48,53.3,52.84223,-1.671543,15.95,4,308.98,21 / 21,12.68595152029775,37.570874792775705,-6.613947049999927,-834.0258547620433,1483.5602778984342,-225.6671327998127,False,97.89999999999998,-11.603091082213334,9.69446632558051,-1189.4627135024998,1075.6774813740753,15.119999999998448,309.8790000000001,-24.289042602511085,-27.876408467195194,-355.4368587404565,-407.8827965243588
416112.0,-4.679,0.6896,10.5775,0.0112,-0.0489,9.8065,0.0745,-0.0545,0.1909,196.9,-83.83,59.98,52.84223,-1.671543,15.95,4,308.98,21 / 21,13.276051641057402,37.23007201062989,-6.502327049999902,-832.7277546039752,1487.3003252386052,-226.32294650481282,False,98.0,-11.626376863801859,9.73979285209481,-1190.6248951768418,1076.6559967280452,15.166944444444447,309.954,-24.90242850485926,-27.49027915853508,-357.89714057286665,-410.64432851055994
416212.0,0.5701,-2.1966,9.5252,-0.0071,-0.0176,9.8065,-0.0369,0.1467,0.1218,199.77,-83.88,64.32,52.84223,-1.671543,15.95,4,308.98,21 / 21,13.552076277159738,37.15875105490764,-6.47785704999991,-831.3863482080648,1491.0197663918807,-226.9719557098126,False,98.09999999999997,-11.687367595502618,9.697871944205156,-1191.7937946642337,1077.6122730985087,15.186944444443274,309.68500000001575,-25.239443872662356,-27.460879110702486,-360.40744645616894,-413.407493293372
416312.0,1.0899,-0.3927,9.465,0.0023,-0.0019,9.8066,-0.0036,-0.0797,-0.1672,199.48,-84.04,63.88,52.84223,-1.671543,15.95,4,308.98,21 / 21,13.56757667022582,37.223941727022726,-6.509012049999917,-830.0303655606951,1494.738901030978,-227.62129916481274,False,98.19999999999999,-11.777585185795862,9.802271101626458,-1192.96941196486,1078.5907884524777,15.323055555549596,309.7699999999963,-25.345161856021683,-27.421670625396267,-362.93904640416486,-416.14811257850033
416412.0,0.4417,-2.2354,9.3376,-0.0123,-0.0246,9.8066,-0.0225,0.1328,0.0724,195.18,-84.09,62.97,52.84223,-1.671543,15.95,4,308.98,21 / 21,13.584011200945602,37.29191534329648,-6.549547049999903,-828.672786167137,1498.4646938844926,-228.2742271198125,False,98.29999999999995,-11.851234152373591,9.779134627643469,-1194.1584648917828,1079.5693038064474,15.364999999998759,309.5280000000072,-25.435245353319193,-27.51278071565301,-365.4856787246458,-418.89539007804524
416512.0,-0.958,0.9686,7.7821,-0.005,0.0272,9.8065,-0.1269,0.1095,-0.1064,198.25,-83.85,62.03,52.84223,-1.671543,15.95,4,308.98,20 / 20,13.676497252447021,37.26275925976404,-6.674227049999931,-827.3097607444671,1502.1924276146465,-228.93541582481265,False,98.39999999999998,-11.91651344871786,9.795999756984694,-1195.347517818694,1080.5366996686994,15.426111111110208,309.4220000000016,-25.59301070116488,-27.466759502779347,-368.037757074227,-421.6557279459471
416612.0,-0.6695,-3.209,10.3706,-0.0213,0.0228,9.8066,-0.0287,0.1909,-0.1733,194.69,-84.02,62.3,52.84223,-1.671543,15.95,4,308.98,20 / 20,13.83444222252434,37.26690901335012,-6.7472570499999485,-825.9342137707182,1505.918911028303,-229.6064900298128,False,98.5,-11.922916547061304,9.844581606899204,-1196.543288558754,1081.526334515095,15.461944444444443,309.546,-25.757358769585643,-27.42232740645092,-370.60907478803585,-424.39257651320804
416712.0,0.5636,-0.94,11.2718,-0.036,-0.0081,9.8065,0.188,0.1466,-0.1228,197.58,-83.85,61.0,52.84223,-1.671543,15.95,4,308.98,20 / 20,13.949880050642584,37.38567654200564,-6.645802049999983,-824.5449976570603,1509.6515403060696,-230.27614298481257,False,98.59999999999997,-12.002053094458002,9.860351738637773,-1197.7390592987265,1082.5048498704082,15.53305555555139,309.4050000000082,-25.951933145100586,-27.525324803367866,-373.19406164166617,-427.1466904356614
416812.0,-1.6283,-3.5126,9.0459,0.0589,-0.0011,9.8064,0.1205,0.1314,-0.1224,200.92,-83.76,66.3,52.84223,-1.671543,15.95,4,308.98,20 / 20,14.126505333307424,37.48984817208129,-6.610582049999975,-823.1411783878625,1513.3953165417747,-230.9389621898127,False,98.69999999999999,-12.080112176155467,9.93861544308599,-1198.9482656650835,1083.4944847168033,15.64305555555074,309.44499999999823,-26.20661750946289,-27.5512327289953,-375.80708727722094,-429.9008318249714
416912.0,1.2215,-0.6471,9.625,-0.0059,0.0013,9.8066,-0.0799,0.2365,-0.1806,196.9,-83.9,66.03,52.84223,-1.671543,15.95,4,308.98,20 / 20,14.26725563365846,37.58973314961309,-6.657702049999958,-821.7214903395147,1517.1492956078582,-231.6023763948125,False,98.79999999999995,-12.175691394108565,9.778316077424703,-1200.1709076577515,1084.4618805790558,15.616111111111907,308.76800000002,-26.442947027767026,-27.811417072188384,-378.4494173182368,-432.68741502880243
417012.0,0.5468,-0.7091,9.6273,0.0295,0.0267,9.8065,0.0027,0.1827,0.0135,195.9,-83.49,65.38,52.84223,-1.671543,15.95,4,308.98,20 / 20,14.256318811148775,37.59849244753013,-6.6757520499999625,-820.295311617274,1520.9087068877163,-232.26904909981263,False,98.89999999999998,-12.197505515989059,9.834064474029429,-1201.393549650381,1085.4292764413076,15.668055555554789,308.8769999999984,-26.453824327137834,-27.7644279735007,-381.0982380331069,-435.47943044640874
417112.0,3.7212,0.1042,9.1866,0.0131,0.0233,9.8066,0.0449,0.2888,-0.2926,195.27,-83.49,64.05,52.84223,-1.671543,15.95,4,308.98,20 / 20,14.114705921422443,37.60329968617802,-6.715722049999972,-818.8767603806451,1524.6687964944026,-232.93862280481278,False,99.0,-12.24044710971992,9.933360330491583,-1202.61619164305,1086.430030780836,15.76388888888889,309.06,-26.355153031142365,-27.669939355686438,-383.73943126240476,-438.23876571356664
417212.0,-1.354,-0.8308,11.1994,0.0037,0.0252,9.8066,0.1318,-0.1216,0.1009,196.09,-83.38,65.58,52.84223,-1.671543,15.95,4,308.98,20 / 20,14.066099962225794,37.58757665581233,-6.677087049999985,-817.4677200864631,1528.428340311501,-233.60826325981256,False,99.09999999999997,-12.248274406095337,10.055119208549641,-1203.8455514487378,1087.430785119584,15.84694444443958,309.38399999998103,-26.314374368321133,-27.532457447262686,-386.3778313622746,-440.99755519191694
417312.0,0.1964,-4.2998,9.0566,0.0354,0.0331,9.8065,0.0919,-0.0462,0.019,201.63,-83.3,68.29,52.84223,-1.671543,15.95,4,308.98,20 / 20,14.263847490442574,37.72847900382313,-6.6449520499999775,-816.0512227138294,1532.1941430944835,-234.27436521481272,False,99.19999999999999,-12.299390510535083,10.175663896717017,-1205.0749112545427,1088.4426589529526,15.963055555550472,309.6019999999905,-26.563238000977655,-27.552815107106113,-389.02368854071335,-443.7514841415309
417412.0,-0.4693,-0.9474,8.2821,0.0463,-0.0329,9.8064,0.1681,-0.2303,0.1734,204.46,-83.73,71.83,52.84223,-1.671543,15.95,4,308.98,20 / 20,14.41980030761118,37.87805518540373,-6.758682049999939,-814.6170403239272,1535.9744698039435,-234.9445469198125,False,99.29999999999995,-12.331052098705936,10.153012258431222,-1206.3109888734818,1089.4545327849066,15.973055555555261,309.46700000000396,-26.750852406317115,-27.72504292697251,-391.69394854955465,-446.5199370190369
417513.0,-1.4551,-4.0223,9.6354,0.0109,0.0419,9.8065,-0.0514,-0.1099,0.0578,203.24,-83.71,70.34,52.84223,-1.671543,15.95,4,308.98,22 / 22,14.652930355795904,37.980621068319174,-6.844319949999938,-813.1488674254251,1539.8053329547565,-235.63149852081247,False,99.40099999999995,-12.283252345341566,10.206068037294054,-1207.5526422773448,1090.4877560439518,15.970038888887178,309.7229399999971,-26.93618270113747,-27.77455303102512,-394.4037748519197,-449.31757691080475
417613.0,1.3315,0.4334,8.7574,-0.0268,0.0058,9.8065,-0.055,-0.4304,0.2176,197.53,-83.8,67.24,52.84223,-1.671543,15.95,4,308.98,22 / 22,14.777946272635383,38.05105705380675,-6.905344949999952,-811.6773235940033,1543.6069168608637,-236.31898176581262,False,99.50099999999998,-12.336584982034825,10.320592408992692,-1208.7821364394117,1091.5108605639698,16.08433888888885,309.91532,-27.114531254670208,-27.73046464481406,-397.10481284540845,-452.09605629689395
417711.0,-0.3347,-5.8382,10.844,0.0331,0.0248,9.8065,0.1551,-0.4773,0.214,197.76,-83.62,67.93,52.84223,-1.671543,15.95,4,308.98,22 / 22,14.86405059710959,38.23683506916383,-6.905928049999952,-810.2248657473856,1547.3450235748899,-236.99573414281272,False,99.59899999999999,-12.36474323566496,10.355658593615363,-1210.0000759627703,1092.524291125752,16.12843888888629,309.94667999999814,-27.22879383277455,-27.881176475548468,-399.77521021538473,-454.82073244913795
417811.0,3.0267,-0.7993,8.9106,-0.0013,-0.0527,9.8065,0.1329,-0.0605,0.0586,200.39,-83.54,65.88,52.84223,-1.671543,15.95,4,308.98,22 / 22,14.891899937145826,38.515930411031256,-6.898863049999955,-808.7370682206733,1551.1826618488983,-237.68597369781247,False,99.69899999999996,-12.334467669692863,10.361643032859645,-1211.229570124824,1093.5584039425707,16.109088888889772,310.0321399999962,-27.22636760683869,-28.15428737817161,-402.4925019041507,-457.62425790632756
417911.0,1.3039,-1.0194,9.7879,0.0045,-0.0152,9.8066,-0.1406,-0.2355,0.1372,206.34,-83.8,68.55,52.84223,-1.671543,15.95,4,308.98,22 / 22,14.772486371932747,38.59326733975594,-6.944603049999965,-807.2538489052191,1555.0381217364386,-238.37814700281263,False,99.79899999999998,-12.407980799059356,10.498547806245586,-1212.47223120065,1094.6035250589782,16.25353888888458,310.23495999999403,-27.180467170992102,-28.094719533510354,-405.21838229543084,-460.4345966774604
418012.0,0.9189,-0.6334,10.4179,-0.0293,-0.0291,9.8065,-0.0765,0.105,-0.0612,198.28,-83.99,68.1,52.84223,-1.671543,15.95,4,308.98,22 / 22,14.748623423513616,38.626154049717215,-6.914681799999965,-805.7630328605491,1558.937702516607,-239.07804088773761,False,99.89999999999998,-12.434553641435384,10.472350185513188,-1213.7274545870598,1095.6592096920303,16.256944444444414,310.10400000000203,-27.183177064949,-28.15380386420403,-407.96442172651075,-463.2784928245767
418112.0,1.0801,-1.9707,9.6942,-0.0083,-0.0137,9.8066,0.0296,-0.121,0.0776,198.6,-83.84,68.89,52.84223,-1.671543,15.95,4,308.98,22 / 22,14.746915247894592,38.69781163914726,-6.8897417999999595,-804.2882559269783,1562.8039008010512,-239.76826206773777,False,100.0,-12.38327372375421,10.454308644202998,-1214.9635322060003,1096.7044420033837,16.20611111111111,310.172,-27.1301889716488,-28.243502994944265,-410.675276279022,-466.09945879766747
418212.0,0.6431,-4.4731,9.6403,-0.014,-0.0075,9.8066,-0.1318,0.169,-0.1152,203.11,-83.88,69.43,52.84223,-1.671543,15.95,4,308.98,22 / 22,14.833510251219238,38.941274253707405,-6.903681799999955,-802.8092346520232,1566.6858550956927,-240.45793324773751,False,100.09999999999997,-12.468258234525196,10.647769539426111,-1216.213045451147,1097.7719132973882,16.396111111099987,310.49699999998097,-27.301768485744432,-28.293504714281294,-413.4038107991239,-468.91394179830445
418312.0,1.3076,-2.3962,9.4184,-0.009,-0.0273,9.8065,-0.0692,0.0871,0.0609,198.64,-83.89,68.86,52.84223,-1.671543,15.95,4,308.98,22 / 22,14.916174904391978,39.20852738241735,-6.931411799999961,-801.3217503942423,1570.5933451774997,-241.14968792773766,False,100.19999999999999,-12.477776619020625,10.523651139964647,-1217.4558408832368,1098.8171456087432,16.323055555558753,310.14400000001547,-27.393951523412603,-28.684876242452702,-416.1340904889945,-471.7761995687565
418412.0,-0.7149,-3.2127,10.371,0.0255,0.0104,9.8065,-0.0655,0.0771,-0.0416,201.99,-83.74,68.0,52.84223,-1.671543,15.95,4,308.98,22 / 22,15.034773269208296,39.39346248552486,-6.922606799999964,-799.8242029855628,1574.5234446708955,-241.84238885773743,False,100.29999999999995,-12.5229263919756,10.569212970056368,-1218.7053541284608,1099.8734974118138,16.386944444442555,310.1639999999994,-27.557699661183896,-28.824249515468487,-418.88115114289803,-474.6499472590817
418512.0,-2.2296,-2.2601,10.3189,0.0329,0.0,9.8065,-0.0004,0.3928,-0.1596,210.68,-83.61,70.21,52.84223,-1.671543,15.95,4,308.98,21 / 21,15.321277386269978,39.47983498201231,-6.868776799999952,-798.3064004527886,1578.4671095442732,-242.53195803773758,False,100.39999999999998,-12.607082976616583,10.749973195901042,-1219.9683029999967,1100.9520882004435,16.56805555555288,310.45399999999574,-27.92836036288656,-28.729861786111265,-421.6619025472081,-477.51502134382963
418612.0,0.7306,-3.8785,9.9161,0.031,0.0273,9.8065,-0.0311,0.4955,-0.2124,204.69,-83.54,72.59,52.84223,-1.671543,15.95,4,308.98,21 / 21,15.560238948166846,39.62105218675354,-6.837691799999945,-796.7623246360664,1582.4221539027124,-243.21728146773773,False,100.5,-12.613413822224269,10.69922388537233,-1221.2312518715328,1102.0084400028084,16.54,310.306,-28.173652770391115,-28.921828301381208,-424.46892723546637,-480.413713899904
418712.0,2.2875,-0.8802,9.7514,0.0343,0.0586,9.8064,-0.0766,0.2007,-0.131,204.71,-83.53,72.64,52.84223,-1.671543,15.95,4,308.98,21 / 21,15.56488119895977,39.81171589719441,-6.834981799999945,-795.2060686287106,1586.3937923069084,-243.9009151477375,False,100.59999999999997,-12.691204746997204,10.854645183951543,-1222.5009185560982,1103.0981502844918,16.69999999999063,310.5399999999863,-28.256085945956976,-28.957070713242867,-427.29484992738765,-483.2956420224166
418811.0,0.4617,-2.6594,8.9926,-0.0326,-0.0062,9.8065,0.0456,0.1867,-0.1801,200.23,-83.68,71.84,52.84223,-1.671543,15.95,4,308.98,21 / 21,15.54956308957794,39.94411735607327,-6.8780121499999405,-793.6659036364281,1590.3417060529448,-244.57970834826241,False,100.69899999999996,-12.715276265043046,10.814130862620912,-1223.7645392089664,1104.1549468677356,16.692025000000356,310.38061000000715,-28.26483935462099,-29.129986493452357,-430.09863557253834,-486.1867591852092
418912.0,-3.6375,-4.3587,9.2476,0.0397,0.0374,9.8064,-0.0732,-0.2386,0.1076,203.14,-83.59,70.61,52.84223,-1.671543,15.95,4,308.98,21 / 21,15.876928739107422,40.12134382239143,-6.9473536999999395,-792.0788657990795,1594.3850118424573,-245.2778893236874,False,100.79999999999995,-12.636882059899436,10.754829624920987,-1225.0402519254549,1105.2442123693274,16.593888888891787,310.39999999999935,-28.51381079900686,-29.366514197470444,-432.9613861263754,-489.14079947312985
419011.0,-0.2826,-0.3313,9.3247,-0.0367,-0.0473,9.8064,-0.0386,0.6099,-0.2832,202.61,-83.93,68.83,52.84223,-1.671543,15.95,4,308.98,21 / 21,16.191186275518938,40.172426173581385,-6.9988831999999634,-790.4914941058547,1598.3595534572598,-245.9682280502377,False,100.899,-12.689803924962469,10.791932118838846,-1226.2905713082625,1106.3120172493716,16.658238888887933,310.37921000000034,-28.880990200481406,-29.38049405474254,-435.79907720240783,-492.04753620788824
419111.0,4.0083,0.6821,9.0687,0.0082,0.0061,9.8066,-0.0171,0.0897,-0.142,203.62,-83.79,70.05,52.84223,-1.671543,15.95,4,308.98,21 / 21,16.058075031733605,40.14396248376678,-7.059878199999942,-788.8790310404927,1602.3753728901258,-246.67116612023747,False,100.99899999999997,-12.867300148029441,10.973876450020061,-1227.5801227198544,1107.4126246329968,16.911338888888768,310.4591899999999,-28.925375179763044,-29.170086033746717,-438.70109167936175,-494.9627482571291
419211.0,2.2283,-0.9496,9.6421,-0.0447,-0.0807,9.8062,-0.0294,0.5597,-0.3878,199.95,-83.53,71.69,52.84223,-1.671543,15.95,4,308.98,21 / 21,15.819016181379604,40.1893883549157,-7.105003199999953,-787.2851764798367,1606.3920404320609,-247.37941019023762,False,101.09899999999999,-12.810154659062597,10.915129319136295,-1228.856641573833,1108.5024461088985,16.829738888893797,310.4332700000015,-28.6291708404422,-29.274259035779405,-441.5714650939964,-497.8895943231623
419311.0,1.8781,1.3571,9.4644,-0.0014,-0.037,9.8065,0.0752,-0.2199,0.1219,205.12,-83.83,73.28,52.84223,-1.671543,15.95,4,308.98,21 / 21,15.662261619597823,40.163627965531674,-7.130343199999944,-785.7111125897883,1610.4096912480818,-248.09117751023737,False,101.19899999999996,-12.75438270575822,11.038280508209793,-1230.126375436648,1109.6031646881543,16.867663888887158,310.8745399999803,-28.416644325356042,-29.12534745732188,-444.4152628468597,-500.80652655992753
419411.0,1.8092,-1.7509,8.8616,-0.0137,-0.0365,9.8065,-0.0835,0.0747,-0.0266,201.77,-83.92,73.81,52.84223,-1.671543,15.95,4,308.98,21 / 21,15.541137690650134,40.16930823271806,-7.194708199999958,-784.1509426242756,1614.4263380579953,-248.80743008023754,False,101.29899999999998,-12.785745884577585,10.946385497088034,-1231.4093433913674,1110.7039944623432,16.83148055555664,310.56814000000924,-28.32688357522772,-29.222922735630025,-447.25840076709187,-503.7223435956521
419512.0,0.721,1.1735,9.8272,-0.0068,-0.0427,9.8065,-0.1223,0.2588,-0.0839,196.57,-83.96,73.12,52.84223,-1.671543,15.95,4,308.98,21 / 22,15.488410747179266,40.154045717785266,-7.241395449999958,-782.5839504281652,1618.4826674324956,-249.53645331456252,False,101.39999999999998,-13.167795749865629,10.760073423993493,-1232.7455836042861,1111.7824740555834,17.00499999999743,309.2540000000194,-28.656206497044895,-29.393972293791773,-450.161633176121,-506.70019337691224
419612.0,-0.3184,-1.9835,9.7151,0.0162,0.0167,9.8066,0.0795,-0.0973,0.101,201.06,-84.0,72.49,52.84223,-1.671543,15.95,4,308.98,21 / 22,15.53877304568425,40.11120616527044,-7.244945449999959,-781.0325912385216,1622.4959300266494,-250.26077035956268,False,101.5,-13.112267545930088,10.954616958396263,-1234.0488393547164,1112.8833038297719,17.08611111111111,309.877,-28.65104059161434,-29.156589206874173,-453.0162481161948,-509.6126261968775
419712.0,0.1845,-0.2378,9.1967,0.0111,-0.0157,9.8066,-0.0189,0.0401,-0.0459,202.87,-83.95,75.5,52.84223,-1.671543,15.95,4,308.98,21 / 22,15.631895337889967,40.12612450758707,-7.280020449999947,-779.4740578193434,1626.507796560291,-250.98701865456243,False,101.59999999999997,-13.198510693154773,10.919533665985494,-1235.3722485444694,1113.973014110748,17.12999999999743,309.6020000000161,-28.83040603104474,-29.206590841601578,-455.8981907251259,-512.534782449543
419812.0,0.873,-0.9343,10.1472,-0.0049,0.0134,9.8065,0.1168,-0.0136,-0.0281,203.59,-83.94,76.65,52.84223,-1.671543,15.95,4,308.98,21 / 22,15.651300263686174,40.113477641380776,-7.29349044999995,-777.9098980392642,1630.5197766677402,-251.7156941995626,False,101.69999999999999,-13.154942888484475,10.909426089431633,-1236.6822221080224,1115.062724391097,17.09000000000175,309.6689999999971,-28.80624315217065,-29.204051551949142,-458.77232406875817,-515.4570522766433
419912.0,-0.373,-1.0749,10.2129,0.0058,0.009,9.8066,0.0928,0.0244,-0.0139,204.55,-83.97,78.13,52.84223,-1.671543,15.95,4,308.98,21 / 22,15.712590694005508,40.126784839870794,-7.256150449999963,-776.3417034913801,1634.5317897918014,-252.44317624456235,False,101.79999999999995,-13.277093217960912,10.981425029632254,-1238.0056312978713,1116.163554165285,17.22999999999586,309.5940000000022,-28.98968391196642,-29.14535981023854,-461.6639278064912,-518.3682356265165
420011.0,1.0366,-2.5076,10.0598,-0.0098,-0.0094,9.8065,0.1198,-0.0348,-0.0559,206.46,-84.05,80.9,52.84223,-1.671543,15.95,4,308.98,21 / 22,15.80153116951055,40.21323182509983,-7.223510149999948,-774.7817544591354,1638.5086206167193,-253.15991944426267,False,101.899,-12.989148081960677,11.22398976560642,-1239.28255322075,1117.2753922367344,17.16675000000094,310.8305099999817,-28.790679251471225,-28.989242059493414,-464.50079876161465,-521.2332283799849
420112.0,-0.3806,-0.5699,9.1095,0.0072,-0.0083,9.8066,-0.0362,-0.0435,0.0321,207.55,-84.06,82.61,52.84223,-1.671543,15.95,4,308.98,21 / 22,15.880565577423885,40.27543921688896,-7.245932149999947,-773.1818085734152,1642.5732985043396,-253.89062628041265,False,102.0,-13.062581209857214,11.455172947596294,-1240.598707172394,1118.4430501613488,17.37388888888889,311.249,-28.9431467872811,-28.820266269292667,-467.4168985989787,-524.1302483429909
420212.0,2.5508,-2.4018,9.2788,-0.012,0.0328,9.8065,-0.0047,-0.187,0.0429,206.3,-84.03,80.72,52.84223,-1.671543,15.95,4,308.98,21 / 22,15.888348021233988,40.36591456229602,-7.307182149999926,-771.5933628934829,1646.6053661932974,-254.6182819954124,False,102.09999999999997,-13.186690275950465,11.376824064765792,-1241.9153985490118,1119.577238413439,17.416111111108638,310.7860000000271,-29.075038297184452,-28.989090497530228,-470.3220356555289,-527.0281277798583
420312.0,2.286,-0.6599,10.3041,-0.0036,0.0191,9.8065,-0.0853,0.0497,-0.0395,204.21,-83.85,77.87,52.84223,-1.671543,15.95,4,308.98,21 / 22,15.777968699823402,40.5180735656027,-7.3087021499999265,-770.0100470574297,1650.6495655996932,-255.34907621041253,False,102.19999999999999,-13.202793604989521,11.289009799742576,-1243.2320899256997,1120.7003071731874,17.37111111111308,310.5320000000111,-28.980762304812924,-29.229063765860122,-473.22204286827,-529.9492584265058
420412.0,1.4703,-2.2481,10.0842,0.0288,0.0311,9.8065,0.1049,-0.1561,0.0954,204.31,-83.5,78.47,52.84223,-1.671543,15.95,4,308.98,21 / 22,15.709542404465084,40.63948544122234,-7.2699521499999396,-768.4356715022158,1654.707443550033,-256.0780089254123,False,102.29999999999995,-13.143743443691886,11.809780196349504,-1244.535345676116,1121.9012123799107,17.669999999991166,311.9399999999584,-28.853285848156972,-28.829705244872837,-476.0996741739003,-532.8062311701224
420512.0,-0.6721,-2.9825,8.863,0.0363,0.0197,9.8065,-0.0609,0.1298,-0.097,213.07,-83.52,79.94,52.84223,-1.671543,15.95,4,308.98,23 / 23,15.834314964437969,40.787770274445066,-7.303257149999947,-766.8584786337702,1658.7788063358173,-256.8066693904124,False,102.39999999999998,-13.236487653027986,11.543669912935965,-1245.858754865939,1123.0354006313785,17.563055555557135,311.0920000000125,-29.070802617465954,-29.2441003615091,-479.00027623216886,-535.7434057044388
420612.0,0.3772,-1.604,10.4665,-0.0119,0.0407,9.8065,0.0286,0.0658,0.0294,206.63,-83.48,76.31,52.84223,-1.671543,15.95,4,308.98,23 / 23,15.997093719013671,40.882665805998464,-7.31744714999995,-765.2669081995973,1662.8623281398404,-257.53770460541256,False,102.5,-13.27038848358817,11.6095759778997,-1247.182164055816,1124.2029473615357,17.631944444444443,311.181,-29.26748220260184,-29.27308982809876,-481.91525585621866,-538.6593807783047
420712.0,-2.6815,-0.2963,10.152,-0.0692,0.0324,9.8063,-0.158,0.132,0.0021,201.74,-83.53,74.24,52.84223,-1.671543,15.95,4,308.98,23 / 23,16.189297248232347,40.83879293950733,-7.267187149999967,-763.6575886512355,1666.9484010771143,-258.2669363204123,False,102.59999999999997,-13.374729584276256,11.344602294370093,-1248.519008871826,1125.3260161212013,17.53805555556105,310.3050000000513,-29.564026832508603,-29.494190645137238,-484.8614202205904,-541.622384955913
420812.0,1.0429,-0.7614,9.556,-0.0045,-0.0251,9.8066,-0.046,0.2801,-0.1491,205.13,-83.33,74.2,52.84223,-1.671543,15.95,4,308.98,23 / 23,16.332540995031422,40.77191542812559,-7.262452149999966,-762.0314967390719,1671.028936495497,-258.9934182854125,False,102.69999999999999,-13.413214901039662,11.368795393013777,-1249.8625715011221,1126.4602043726666,17.583055555553585,310.2840000000009,-29.745755896071085,-29.40312003511181,-487.8310747620502,-544.5687321228304
420912.0,-0.3764,-5.6481,11.0388,0.0145,-0.0058,9.8065,-0.0839,0.1818,0.0264,206.4,-83.44,76.58,52.84223,-1.671543,15.95,4,308.98,23 / 23,16.484600792920396,40.983762279940635,-7.213377149999983,-760.3906396496749,1675.1167203808989,-259.7172097504122,False,102.79999999999995,-13.467856894271943,11.681455199037813,-1251.2061341304186,1127.63887059454,17.828055555548314,310.9369999999807,-29.95245768719234,-29.30230708090282,-490.8154944807437,-547.4778497863588
421012.0,-0.3813,0.9071,9.4609,-0.0408,-0.0776,9.8062,-0.2628,0.6254,-0.2916,211.82,-83.88,76.82,52.84223,-1.671543,15.95,4,308.98,23 / 23,16.654668626441794,41.08828295648298,-7.169057149999972,-758.7336761787064,1679.220322642721,-260.43633146541237,False,102.89999999999998,-13.487987140066647,11.558561570506246,-1252.5496967597023,1128.78417833914,17.763055555556516,310.5950000000051,-30.14265576650844,-29.529721385976732,-493.8160205809959,-550.4361443035809
421112.0,5.2763,1.7083,11.5308,-0.1109,-0.0423,9.8059,-0.1881,-0.5423,0.4331,205.5,-83.87,73.8,52.84223,-1.671543,15.95,4,308.98,23 / 23,16.408127139764552,40.98501637770677,-7.100137149999957,-757.0805363903958,1683.3239876094312,-261.14979118041254,False,103.0,-13.452348687908758,11.715812885542467,-1253.8932593889858,1129.9517250692973,17.83888888888889,311.053,-29.860475827673312,-29.2692034921643,-496.81272299859006,-553.372262540134
421212.0,-5.9076,-1.7862,8.3904,-0.0959,-0.0032,9.8062,0.0069,0.1203,-0.1209,204.41,-84.02,71.58,52.84223,-1.671543,15.95,4,308.98,23 / 23,16.481061491816355,40.89198712118361,-7.084742149999962,-755.4360769588172,1687.4178377843743,-261.8590351454123,False,103.09999999999997,-13.428748898992582,11.948611969911687,-1255.230104205036,1131.1637497697761,17.97499999999203,311.6619999999644,-29.909810390808936,-28.943375151271923,-499.7940272462188,-556.2540880145982
421312.0,2.1763,3.5318,8.7321,-0.0798,-0.0706,9.806,0.092,-0.6073,0.2752,199.94,-83.94,70.85,52.84223,-1.671543,15.95,4,308.98,23 / 23,16.670591286766975,40.63578369083171,-7.20928214999999,-753.7784943198877,1691.4942263249761,-262.57373636041245,False,103.19999999999999,-13.476177553716001,11.95377896072594,-1256.5669490211571,1132.3646549772113,18.013888888887184,311.5740000000039,-30.146768840482977,-28.682004730105767,-502.7884547012694,-559.1295713477648
421412.0,-2.1298,-3.6839,9.8845,0.033,0.0301,9.8064,0.009,-0.2901,0.2048,203.77,-83.62,71.61,52.84223,-1.671543,15.95,4,308.98,23 / 23,16.72642760420168,40.546212340818904,-7.259117149999973,-752.1086433753399,1695.5533261265573,-263.29715632541223,False,103.29999999999995,-13.544287904931553,11.956870272228853,-1257.9172294636016,1133.5655601853528,18.066944444442875,311.438000000004,-30.270715509133233,-28.58934206859005,-505.8085860882618,-561.9877659412045
421513.0,-1.8506,-3.486,9.6262,-0.0281,-0.0435,9.8065,-0.0271,0.1788,-0.13,203.96,-83.47,72.31,52.84223,-1.671543,15.95,4,308.98,21 / 21,17.1007930813749,40.70720053487017,-7.264298449999973,-750.4003687307182,1699.6566234767795,-264.0305888132122,False,103.40099999999995,-13.59155481767117,12.000689862261934,-1259.2879320580014,1134.7783632499372,18.13138055555515,311.44296000000304,-30.69234789904607,-28.706510672608232,-508.88756332728315,-564.8782602268423
421612.0,-4.122,-6.8016,9.7534,0.0604,0.0443,9.8063,0.0655,-0.6992,0.4559,204.75,-83.08,74.77,52.84223,-1.671543,15.95,4,308.98,21 / 21,17.623266490585173,40.96057577892968,-7.275866599999979,-748.6815277819054,1703.6991784043146,-264.75032698318756,False,103.5,-13.653829450803597,11.970293350081706,-1260.6446616010492,1135.9562511077963,18.158055555555556,311.241,-31.277095941388772,-28.990282428847976,-511.96313381914376,-567.7429272965182
421712.0,1.9498,1.2585,8.925,-0.0015,0.0026,9.8066,0.0698,-0.0946,-0.0335,204.69,-83.45,73.61,52.84223,-1.671543,15.95,4,308.98,21 / 21,17.880253362858497,41.07808282679743,-7.322611599999963,-746.9063517892338,1707.8011113345995,-265.4802508931873,False,103.59999999999997,-13.683139335425617,11.837666884309796,-1262.0150954828282,1137.1126783454436,18.09305555555936,310.8640000000221,-31.56339269828411,-29.24041594248763,-515.1087436935944,-570.6884329891559
421812.0,4.1223,0.6775,10.4445,-0.0586,-0.0751,9.8061,0.1037,-0.789,0.3823,212.38,-83.65,71.52,52.84223,-1.671543,15.95,4,308.98,21 / 21,17.609415402993932,41.052394580932315,-7.334801599999966,-745.1318683509407,1711.907635204987,-266.2131215531875,False,103.69999999999999,-13.84184369123276,11.815367959460005,-1263.4056828041264,1138.2802250756006,18.19888888888426,310.4840000000167,-31.451259094226693,-29.23702662147231,-518.2738144531857,-573.6274101293864
421912.0,-4.3907,-6.1912,8.9175,-0.0794,-0.0836,9.8059,-0.0203,0.5418,-0.385,198.75,-82.97,72.9,52.84223,-1.671543,15.95,4,308.98,21 / 21,17.765297983790184,41.268149953643515,-7.347366599999962,-743.3631326816021,1716.0236624317142,-266.9472299631872,False,103.79999999999995,-13.831304483937808,11.92917605170324,-1264.7895523123166,1139.4700107899005,18.264999999998043,310.77699999999135,-31.59660246772799,-29.338973901940275,-521.4264196307145,-576.5536516418138
422012.0,5.4495,2.6094,9.8492,0.0584,0.061,9.8062,-0.0156,-0.2933,0.1737,202.74,-83.32,70.62,52.84223,-1.671543,15.95,4,308.98,21 / 21,17.81927214637357,41.39031021760974,-7.389696599999971,-741.5839041750935,1720.156585440278,-267.6840831231874,False,103.89999999999998,-13.889599980019714,11.904406493129473,-1266.1734218204672,1140.6597965056171,18.293055555555142,310.5990000000026,-31.708872126393285,-29.485903724480266,-524.5895176453737,-579.4967889346608
422112.0,-2.3604,-5.8595,9.5403,-0.0423,-0.0597,9.8063,-0.0027,0.0331,0.0261,198.74,-83.48,69.8,52.84223,-1.671543,15.95,4,308.98,21 / 21,17.77175312659893,41.529436987061565,-7.400886599999974,-739.8043529114444,1724.3025728005125,-268.4236122831876,False,104.0,-13.86901379890881,12.070606365705096,-1267.550573515469,1141.8829406986097,18.38611111111111,311.034,-31.64076692550774,-29.45883062135647,-527.7462206040246,-582.4196321019028
422212.0,3.8149,2.2832,10.3081,-0.0825,-0.0967,9.8058,0.0227,-0.7582,0.4685,203.23,-83.77,70.29,52.84223,-1.671543,15.95,4,308.98,21 / 21,17.80528073689433,41.65370394270338,-7.389131599999978,-738.0255012182704,1728.4617298469993,-269.1631131931873,False,104.09999999999997,-13.936252133154667,12.009514618546975,-1268.9411608366802,1143.0838459059564,18.396944444443807,310.7530000000164,-31.741532870048996,-29.644189324156407,-530.9156596184098,-585.3778839410429
422312.0,-2.6705,-3.5555,9.8093,0.0059,0.021,9.8065,-0.0125,-0.3576,0.2869,204.14,-83.56,72.4,52.84223,-1.671543,15.95,4,308.98,21 / 21,17.823419333139107,41.643837110111555,-7.363926599999972,-736.2440662147683,1732.626606899641,-269.9007661031875,False,104.19999999999999,-14.021248867626499,12.035078616533792,-1270.3384659711417,1144.2958706065233,18.478055555552007,310.6410000000049,-31.844668200765604,-29.608758493577763,-534.0943997563734,-588.3307362931178
422412.0,4.8497,1.7483,9.474,-0.0813,-0.0522,9.8061,-0.018,-0.4756,0.3488,203.96,-83.83,71.34,52.84223,-1.671543,15.95,4,308.98,21 / 21,17.80421836998844,41.68195093581728,-7.380426599999966,-734.4626843296126,1736.792896301936,-270.63798376318726,False,104.29999999999995,-14.02606988533391,12.15962150440044,-1271.7357711055895,1145.530134292648,18.563055555553042,310.92299999999165,-31.83028825532235,-29.522329431416836,-537.2730867759769,-591.262762009288
422512.0,-2.6847,-1.7483,8.7664,0.0226,0.0373,9.8065,0.065,-0.3639,0.2364,204.53,-83.63,72.85,52.84223,-1.671543,15.95,4,308.98,22 / 22,17.74857607596125,41.636092768419374,-7.449071599999981,-732.6850446073147,1740.958798487149,-271.37945867318746,False,104.39999999999998,-14.05075570980914,12.057424641410448,-1273.1397940532001,1146.7199200069508,18.515000000000708,310.6340000000043,-31.79933178577039,-29.578668127008925,-540.4547494458855,-594.2388784801981
422613.0,1.062,1.0506,9.7836,-0.0338,-0.0411,9.8064,0.0154,-0.2724,0.2247,200.15,-83.65,73.75,52.84223,-1.671543,15.95,4,308.98,22 / 22,17.886317763954104,41.54122347261153,-7.50276824999998,-730.885482468399,1745.1592529573209,-272.13452658561243,False,104.50099999999998,-14.077819828201637,12.17815494105016,-1274.5579915865487,1147.9551844476484,18.61431111111108,310.86177000000026,-31.96413759215574,-29.363068531561368,-543.6725091181497,-597.2040685096724
422712.0,-0.4808,-3.2063,9.3502,0.0135,0.021,9.8066,0.013,-0.2283,0.1477,201.96,-83.47,75.12,52.84223,-1.671543,15.95,4,308.98,22 / 22,17.947871226572577,41.56396170340679,-7.526503499999978,-729.1116901133681,1749.2729596235333,-272.87847553723736,False,104.59999999999997,-14.177332753011335,12.126570735390223,-1275.9612755746025,1149.1550889004225,18.656111111108636,310.54200000001896,-32.125203979583915,-29.437390968016565,-546.8495854612344,-600.1178707231109
422812.0,1.021,-2.0251,10.2345,-0.0321,-0.0265,9.8065,-0.0546,-0.0236,0.1653,206.02,-83.78,74.9,52.84223,-1.671543,15.95,4,308.98,22 / 22,18.072062442541267,41.72904479848306,-7.527933499999978,-727.310693429912,1753.4376099486287,-273.63119738723753,False,104.69999999999999,-14.278219500429762,12.25132086841024,-1277.3854519616466,1150.378233092708,18.813888888881984,310.63099999999605,-32.35028194297103,-29.47772393007282,-550.0747585317346,-603.0593768559208
422912.0,-0.455,0.0393,9.9707,-0.0071,0.0092,9.8066,-0.003,-0.2047,0.0028,202.71,-83.71,75.41,52.84223,-1.671543,15.95,4,308.98,22 / 22,18.133666346633813,41.74353806358894,-7.4983384999999885,-725.5004069904539,1757.611239091731,-274.38251098723725,False,104.79999999999995,-14.228352108107696,12.188282130300177,-1278.8096283486902,1151.5791383015574,18.73500000000233,310.58400000000137,-32.36201845474151,-29.555255933288766,-553.3092213582363,-606.0321007901737
423011.0,-0.0747,-0.342,10.0267,0.0222,0.0193,9.8065,0.0652,0.0856,-0.0256,198.12,-83.7,75.93,52.84223,-1.671543,15.95,4,308.98,22 / 22,18.210777871958,41.66373414231279,-7.479325549999979,-723.7013570016328,1761.739899065925,-275.1239053577126,False,104.899,-14.217705500990897,12.177884311327741,-1280.219562971851,1152.779042755119,18.72015000000022,310.58103000000006,-32.4284833729489,-29.48584983098505,-556.5182059702182,-608.9608563108061
423111.0,-0.1254,-0.7615,8.9412,0.031,0.0105,9.8066,-0.1733,-0.0576,0.097,203.03,-83.72,76.3,52.84223,-1.671543,15.95,4,308.98,22 / 22,18.28886296250335,41.62618126643389,-7.511595549999968,-721.8763749599103,1765.904394836361,-275.87345141271237,False,104.99899999999997,-14.412138514829575,12.145866007865907,-1281.6570406289295,1154.0020757531875,18.84759999999994,310.12263000000024,-32.70100147733292,-29.480315258567984,-559.7806656690192,-611.9023190831736
423212.0,0.1192,-2.5794,10.1288,-0.0022,0.0145,9.8065,-0.0398,-0.1169,-0.0566,200.41,-83.75,73.97,52.84223,-1.671543,15.95,4,308.98,22 / 22,18.396857835968817,41.6961731087547,-7.539032199999967,-720.0237460595874,1770.112173732308,-276.63350811408736,False,105.09999999999997,-14.473142381711328,11.965567997387256,-1283.1157465754486,1155.2040929114542,18.77888888889299,309.58200000003137,-32.87000021768014,-29.730605111367446,-563.0920005158612,-614.9080808208539
423312.0,1.3748,-0.3517,9.8979,0.0149,-0.0043,9.8065,-0.0615,0.2232,-0.0695,201.2,-83.78,72.85,52.84223,-1.671543,15.95,4,308.98,22 / 22,18.426771635457634,41.77487656841884,-7.518362199999963,-718.1825645860157,1774.2857262161676,-277.3863778340875,False,105.19999999999999,-14.477159363545038,11.932776160056228,-1284.5600764019266,1156.3938786250485,18.76111111111189,309.4970000000037,-32.90393099900267,-29.84210040836261,-566.3775118159109,-617.8918475911191
423412.0,-0.4023,-2.3751,10.0339,-0.0157,0.0176,9.8065,-0.1012,0.1033,-0.113,200.28,-83.57,72.14,52.84223,-1.671543,15.95,4,308.98,22 / 22,18.47742092979741,41.835105022413444,-7.502437199999968,-716.3373549577536,1778.4662252957078,-278.13741780408725,False,105.29999999999995,-14.553717057596495,12.247121609111502,-1286.0111240415524,1157.628142311172,19.021111111103426,310.08099999998274,-33.031137987393905,-29.58798341330194,-569.6737690837988,-620.8380829845357
423512.0,-1.4907,-0.5909,9.6617,-0.0236,-0.0109,9.8066,-0.0164,0.1623,-0.0619,198.3,-83.46,70.84,52.84223,-1.671543,15.95,4,308.98,21 / 21,18.667982108620773,41.85998849216901,-7.498322199999968,-714.4800848058323,1782.650979971438,-278.8874557740874,False,105.39999999999998,-14.480572088352265,12.145905976669715,-1287.4621716811794,1158.8290475186077,18.900000000001793,309.9890000000014,-33.14855419697304,-29.714082515499292,-572.982086875347,-623.8219324528302
423612.0,-0.7206,0.7802,9.7522,0.0014,-0.009,9.8066,-0.0393,0.1663,-0.0593,199.22,-83.6,70.35,52.84223,-1.671543,15.95,4,308.98,21 / 21,18.820476114337453,41.73221486156377,-7.508292199999969,-712.605661894684,1786.8305901391254,-279.6377864940876,False,105.5,-14.465979753700994,12.473486900002147,-1288.9065015076703,1160.0855501895844,19.10111111111111,310.77,-33.286455868038445,-29.258727961561622,-576.3008396129864,-626.745039949541
423712.0,-0.3001,-3.1551,9.9125,-0.0058,-0.0289,9.8066,-0.0387,0.2063,-0.0787,198.53,-83.6,70.92,52.84223,-1.671543,15.95,4,308.98,21 / 21,18.957122179359,41.74449792234089,-7.50572219999997,-710.7167819799998,1791.0044257783193,-280.3884872140873,False,105.59999999999997,-14.559659607217554,12.400884529818955,-1290.3642669603262,1161.308694382488,19.124999999998597,310.4220000000204,-33.51678178657656,-29.343613392521938,-579.6474849803263,-629.6957313958312
423811.0,-0.5095,-2.3893,10.4442,-0.0037,-0.0183,9.8065,0.0333,-0.1494,0.0214,199.98,-83.71,71.37,52.84223,-1.671543,15.95,4,308.98,21 / 21,19.13499350506512,41.90707353795092,-7.468923899999973,-708.831222253621,1795.1451785656034,-281.12973219603725,False,105.69899999999996,-14.513784144999011,12.315586395456172,-1291.8008041235698,1162.5085988360502,19.03480000000403,310.31607000000474,-33.64877765006413,-29.59148714249475,-582.9695818699488,-632.6365797295532
423912.0,0.5979,-3.2354,10.1533,0.0202,0.0083,9.8066,-0.001,0.2099,-0.1594,205.13,-83.7,73.67,52.84223,-1.671543,15.95,4,308.98,21 / 21,19.288482659749256,42.084706487441395,-7.419221799999974,-706.8908367072979,1799.3867634568855,-281.88158355388725,False,105.79999999999995,-14.695686227646455,12.484912408860549,-1293.293233492174,1163.754982769181,19.283055555548188,310.349999999999,-33.98416888739571,-29.599794078580846,-586.4023967848761,-635.6317806877046
424012.0,1.2675,-1.647,9.8704,-0.01,-0.0163,9.8066,-0.0871,0.2504,-0.0866,197.41,-83.9,74.33,52.84223,-1.671543,15.95,4,308.98,21 / 21,19.341734539180976,42.255702292192794,-7.398701799999969,-704.959325847351,1803.6037838958682,-282.6224797338874,False,105.89999999999998,-14.724754189595505,12.439858263818554,-1294.7577167580857,1165.011485440865,19.276111111111213,310.19200000000234,-34.06648872877648,-29.81584402837424,-589.7983909107347,-638.5922984550032
424112.0,-2.7244,-3.3388,10.3724,-0.0096,-0.0001,9.8066,-0.0518,-0.0721,0.025,199.74,-83.88,72.4,52.84223,-1.671543,15.95,4,308.98,21 / 21,19.542034961201512,42.380819248476946,-7.367226799999962,-703.0151373723314,1807.8356099729026,-283.3607761638876,False,106.0,-14.612196958725084,12.568472180048778,-1296.208764397726,1166.2679881111353,19.27388888888889,310.7,-34.154231919926595,-29.812347068428167,-593.1936270253947,-641.5676218617673
424212.0,0.6109,-2.061,8.5577,-0.0086,0.0047,9.8066,-0.0097,0.0934,-0.0307,204.88,-83.77,72.56,52.84223,-1.671543,15.95,4,308.98,21 / 21,19.788223885338972,42.51162324833018,-7.40138679999995,-701.048624430005,1812.0802320977416,-284.0992068438873,False,106.09999999999997,-14.82844830537315,12.317374231915673,-1297.7001189161242,1167.480012811614,19.276944444444265,309.71500000005767,-34.61667219071212,-30.19424901641451,-596.6514944861192,-644.6002192861276
424312.0,0.8626,0.8035,9.2285,-0.0131,-0.0241,9.8066,-0.0278,-0.4076,0.2872,204.57,-83.83,72.35,52.84223,-1.671543,15.95,4,308.98,21 / 21,19.790233906160445,42.510754656640955,-7.492741799999971,-699.0697015404296,1816.331350992991,-284.8439132738875,False,106.19999999999999,-14.678491371479959,12.70594242263329,-1299.157884368902,1168.7698739605714,19.413888888882894,310.879999999949,-34.4687252776404,-29.804812234007663,-600.0881828284723,-647.5614770324196
424412.0,-1.9348,-3.7526,8.7664,0.053,0.0107,9.8064,-0.1157,-0.2573,0.2555,196.27,-83.54,73.41,52.84223,-1.671543,15.95,4,308.98,21 / 21,19.92843571186319,42.56020980406226,-7.573661799999943,-697.0837680595291,1820.5848992160247,-285.5972334538872,False,106.29999999999995,-14.718239191983724,12.626200712169874,-1300.6290854479878,1170.0152571398319,19.391944444445095,310.62500000000756,-34.646674903846915,-29.934009091892385,-603.5453173884587,-650.5696420761928
424512.0,-0.1378,1.5695,9.3504,0.0099,-0.0189,9.8066,-0.1604,0.3677,-0.0521,204.62,-83.35,73.28,52.84317,-1.673384,19.66,6,309.9,22 / 22,20.096099695978218,42.55403880915086,-7.64848679999996,-695.0825412891365,1824.8406116466863,-286.35834088388737,False,106.39999999999998,-14.782368958700168,12.839702799081783,-1302.1070043401835,1171.3051182887923,19.57999999999722,310.9769999999948,-34.878468654678386,-29.714336010069076,-607.024463051047,-653.535493357894
424612.0,-0.9867,-3.302,11.1602,-0.0071,-0.0019,9.8065,-0.0202,-0.0225,-0.0852,203.96,-83.42,72.46,52.84317,-1.673384,19.66,6,309.9,22 / 22,20.224767119937816,42.52238884303124,-7.603621799999949,-693.0664979483403,1829.0944330292964,-287.12094631388754,False,106.5,-14.76702397470951,12.558392728783195,-1303.5849232323928,1172.5282624810793,19.385,310.379,-34.991791094647326,-29.96399611424804,-610.5184252840526,-656.5661705482171
424711.0,-1.1297,-3.002,8.9066,-0.051,-0.0385,9.8064,-0.0066,0.2552,-0.2115,203.35,-83.74,70.57,52.84317,-1.673384,19.66,6,309.9,22 / 22,20.489515617492685,42.67926618207465,-7.581173549999952,-691.0511409528377,1833.3119149530387,-287.87259368371247,False,106.59899999999999,-14.861527242535606,12.746688007004956,-1305.0613642056069,1173.783208423457,19.57914999998868,310.61956999998597,-35.35104286002829,-29.932578175069693,-614.0102232527692,-659.5287065295818
424811.0,-4.1982,-0.6826,9.398,-0.0125,0.0011,9.8066,-0.0353,0.2833,-0.156,198.28,-83.58,70.51,52.84317,-1.673384,19.66,6,309.9,22 / 22,20.859079343489704,42.67582434169276,-7.64660854999993,-688.9837112047893,1837.5796694792257,-288.6339827887122,False,106.69899999999996,-14.764410815295339,12.804606741220352,-1306.526116184044,1175.0728471832679,19.543436111112797,310.9338499999861,-35.623490158785046,-29.871217600472406,-617.5424049792547,-662.5068222959578
424912.0,-0.0555,-3.4144,9.8401,-0.0063,-0.0048,9.8066,0.0346,0.143,-0.1128,193.64,-83.38,72.28,52.84317,-1.673384,19.66,6,309.9,22 / 22,21.170396906923393,42.727093777688054,-7.665556149999929,-686.8612226541435,1841.8925168442545,-289.4072471060622,False,106.79999999999995,-14.680575464327285,12.998328612012712,-1307.9985264695054,1176.4089654210015,19.608055555553634,311.5219999999827,-35.85097237125068,-29.72876516567534,-621.1373038153619,-665.483551423253
425012.0,0.813,1.9006,10.1814,-0.0139,-0.0581,9.8065,0.0512,-0.3644,0.1883,204.74,-83.34,74.86,52.84317,-1.673384,19.66,6,309.9,22 / 22,21.187070091597977,42.73933353343047,-7.645146149999925,-684.743349304217,1846.1658382098115,-290.17278222106233,False,106.89999999999998,-14.920519855306273,12.748282717581992,-1309.4965988011338,1177.665468091981,19.62499999999975,310.511000000015,-36.10758994690425,-29.991050815848475,-624.7532494969169,-668.5003701178305
425112.0,-0.9365,-3.1178,9.1395,-0.0288,-0.0094,9.8066,-0.0805,-0.1847,-0.0457,200.61,-82.97,75.96,52.84317,-1.673384,19.66,6,309.9,22 / 22,21.254490882338533,42.71249196363605,-7.659766149999928,-682.6212712555197,1850.4384294846657,-290.9380278360625,False,107.0,-14.840358798956368,12.969350483073786,-1310.9812355065058,1178.955329242357,19.70888888888889,311.151,-36.0948496812949,-29.74314148056226,-628.3599642509861,-671.4831002423086
425212.0,-0.0672,-0.4159,10.5433,-0.0542,-0.0017,9.8064,-0.0779,-0.3218,0.0878,199.06,-82.77,73.49,52.84317,-1.673384,19.66,6,309.9,22 / 22,21.412848764415056,42.77581323435099,-7.656291149999929,-680.4879042731827,1854.7128447445637,-291.7038307010622,False,107.09999999999997,-15.020023899063512,12.294184888483539,-1312.492743464349,1180.1228759710143,19.4100000000175,309.3010000001083,-36.43287266347857,-30.481628345867453,-632.0048391911662,-674.5899687735493
425312.0,-1.3293,-1.0004,9.9653,0.0425,0.0698,9.8063,0.1626,-0.69,0.328,198.81,-82.36,74.04,52.84317,-1.673384,19.66,6,309.9,22 / 22,21.55287607094967,42.736406059540705,-7.611526149999919,-678.339618031414,1858.9884557092591,-292.4672215660624,False,107.19999999999999,-14.980945841820224,12.814393345272876,-1313.9908157959926,1181.4127371206766,19.713888888875587,310.54299999994566,-36.533821912769895,-29.92201271426783,-635.6511977645786,-677.5757185885825
425411.0,1.4131,1.5482,10.5434,0.0235,0.0151,9.8066,-0.0293,0.0845,0.0196,199.27,-82.54,74.48,52.84317,-1.673384,19.66,6,309.9,22 / 22,21.59016273891681,42.62967097468339,-7.567203849999923,-676.2040376103258,1863.2140765224528,-293.2185687010623,False,107.29899999999998,-14.926547286690251,12.903798969281574,-1315.4672567693278,1182.6786913606475,19.730938888888378,310.84296999999106,-36.51671002560706,-29.72587200540182,-639.263219159002,-680.5353851618054
425512.0,-0.673,-2.3063,9.4807,0.0468,0.0747,9.8062,-0.067,-0.4711,0.1367,198.74,-82.57,73.4,52.84317,-1.673384,19.66,6,309.9,20 / 21,21.618023565299257,42.594008600474325,-7.546458449999923,-674.022024201963,1867.5178723409983,-293.9818086472123,False,107.39999999999998,-14.886486544606464,12.754305370012204,-1316.9735248330066,1183.9479814481906,19.603055555557447,310.5890000000038,-36.50451010990572,-29.83970323046212,-642.9515006310437,-683.5698908928077
425612.0,-3.9877,-8.129,8.0455,0.0694,0.107,9.8058,-0.0517,0.4545,-0.5284,195.87,-81.68,73.38,52.84317,-1.673384,19.66,6,309.9,20 / 21,22.04323502077095,42.94646216841468,-7.650813449999947,-671.8389612726589,1871.7948958794439,-294.7416722422125,False,107.5,-15.034425143279359,12.736141407695206,-1318.4783149778116,1185.2156036115937,19.703888888888887,310.269,-37.07766016405031,-30.210320760719476,-646.6393537051526,-686.5792922678502
425712.0,2.2422,2.7001,10.1018,0.0668,0.1052,9.8058,-0.0393,-0.2981,0.2911,194.62,-81.2,71.52,52.84317,-1.673384,19.66,6,309.9,20 / 21,22.259917207066653,43.100139672601415,-7.724113449999922,-669.6238036612679,1876.0972259714931,-295.5104185872122,False,107.59999999999997,-15.028959071250643,12.646595225334648,-1319.9831051225062,1186.4609867907616,19.64194444444807,310.08000000001107,-37.2888762783173,-30.453544447266765,-650.3593014612384,-689.6362391807315
425813.0,-3.0409,-4.9816,9.7303,0.0541,0.1061,9.8059,-0.1797,0.5812,-0.3851,199.09,-81.07,70.33,52.84317,-1.673384,19.66,6,309.9,20 / 21,22.397859917142036,43.10155872177834,-7.713064049999922,-667.3685859164954,1880.4504117404092,-296.2899960509622,False,107.70099999999996,-14.915579147995832,12.8627521383848,-1321.4826553730502,1187.7633017708008,19.695836111120844,310.7734000000421,-37.31343906513787,-30.23880658339354,-654.1140694565548,-692.6871099696084
425911.0,3.24,2.9547,9.8654,0.0037,0.0439,9.8065,0.0619,-0.0003,-0.011,190.38,-80.94,69.58,52.84317,-1.673384,19.66,6,309.9,20 / 21,22.491977264886664,43.09159773693805,-7.713926449999922,-665.1689838945756,1884.6738764068868,-297.0459185854623,False,107.79899999999998,-14.95773934539269,12.476791602192709,-1322.9441828011738,1188.9837772857816,19.478330555562092,309.83260000002826,-37.44971661027935,-30.61480613474534,-657.7751989065982,-695.6900991211053
426012.0,-1.1889,-2.6124,10.3649,0.0652,0.0686,9.8061,0.0337,0.5148,-0.276,193.74,-80.95,70.47,52.84317,-1.673384,19.66,6,309.9,20 / 21,22.4550789432116,43.010286886473125,-7.6827679499999215,-662.8991575560667,1889.022021580369,-297.8234516526623,False,107.89999999999998,-14.782390351904144,13.426907145118317,-1324.4168617991486,1190.408406685328,19.969999999992698,312.24899999996416,-37.237469295115744,-29.583379741354808,-661.5177042430819,-698.6136148950411
426112.0,1.6792,2.9793,9.5569,0.0011,-0.0061,9.8066,-0.1516,0.1678,-0.1818,194.05,-81.18,70.05,52.84317,-1.673384,19.66,6,309.9,20 / 21,22.4844242760869,42.919847352644915,-7.6673429499999175,-660.6521823951012,1893.318528292326,-298.5909571976625,False,108.0,-14.853040763363387,12.965809555424789,-1325.9014985045064,1191.6760288494406,19.716111111111115,311.119,-37.33746503945029,-29.954037797220124,-665.2493161094052,-701.6424994428853
426213.0,-3.3611,-5.7183,9.3888,0.021,0.0767,9.8063,0.0492,-0.4004,0.3118,193.22,-81.02,68.87,52.84317,-1.673384,19.66,6,309.9,20 / 21,22.65604495778032,42.95718659278571,-7.701056749999917,-658.372588698791,1897.6553185065702,-299.3670613825125,False,108.101,-15.021310004966075,13.082042635892483,-1327.4144172031076,1193.0119246986349,19.919336111126256,311.05250000003196,-37.67735496274639,-29.875143956893226,-669.0418285043166,-704.6433938079354
426314.0,1.691,2.6089,9.4644,-0.037,-0.0204,9.8065,-0.0478,0.3982,-0.2614,183.99,-81.44,66.53,52.84317,-1.673384,19.66,6,309.9,20 / 21,22.858637451304805,43.000134125202834,-7.739441799999916,-656.0740972371323,1901.9961632028285,-300.1468065592875,False,108.202,-14.948785747085502,12.779058668424721,-1328.9141689880448,1194.293112643078,19.666527777766028,310.52543999996215,-37.80742319839031,-30.221075456778113,-672.8400717509126,-707.7030505597504
426412.0,-2.1258,-2.3907,9.3943,0.0269,0.0415,9.8065,0.0511,-0.1783,0.0356,187.31,-81.25,66.89,52.84317,-1.673384,19.66,6,309.9,20 / 21,22.95282822821226,42.91282408056205,-7.7764171999999,-653.8293354188369,1906.2058981549092,-300.9070836502871,False,108.29999999999995,-14.955772373799988,13.176011613503494,-1330.3822798730669,1195.578970774214,19.93194444443644,311.37999999997425,-37.90860060201225,-29.73681246705856,-676.55294445423,-710.6269273806952
426512.0,0.1143,-3.1302,10.589,-0.017,-0.049,9.8065,-0.0561,0.347,-0.2388,189.72,-81.27,67.53,52.84317,-1.673384,19.66,6,309.9,20 / 20,23.159587942773133,43.099834977988344,-7.757917199999896,-651.5237146102871,1910.5065311078376,-301.68380037028726,False,108.39999999999998,-14.94041063150167,12.938138744601376,-1331.8803522047099,1196.8465929390334,19.763888888891373,310.8920000000072,-38.09999857427481,-30.16169623338697,-680.3566375944228,-713.6599381688043
426612.0,-1.4631,-5.2715,10.0758,0.0239,0.0055,9.8066,0.009,-0.114,0.0781,184.48,-81.39,67.63,52.84317,-1.673384,19.66,6,309.9,20 / 20,23.34096554932472,43.44055670397093,-7.705342199999884,-649.1986869356817,1914.8335506919366,-302.4569633402874,False,108.5,-14.973821701706932,12.262042194061607,-1333.3918601626767,1198.0030201760596,19.353888888888886,309.314,-38.31478725103165,-31.17851450990932,-684.193173226995,-716.830530515877
426712.0,-0.2792,-2.5414,9.2054,-0.026,-0.0595,9.8064,-0.0466,0.2135,-0.205,187.7,-81.55,67.55,52.84317,-1.673384,19.66,6,309.9,20 / 20,23.533707227981946,43.75125157223988,-7.721947199999878,-646.8549532968173,1919.1931411057456,-303.22832781028717,False,108.59999999999997,-14.994468145900443,12.999613456577002,-1334.8899324942097,1199.3151203097764,19.844999999971243,310.9239999999058,-38.52817537388239,-30.751638115662878,-688.0349791973924,-719.8780207959692
426812.0,1.4644,1.3245,10.4462,-0.0469,-0.0377,9.8064,-0.0541,-0.5075,0.278,187.57,-81.44,67.34,52.84317,-1.673384,19.66,6,309.9,20 / 20,23.549725942276066,43.74704288282428,-7.720032199999878,-644.5007816383038,1923.5680558284998,-304.00042678028734,False,108.69999999999999,-14.795705608097563,13.064376474707515,-1336.3678513864204,1200.6049814580324,19.738055555560237,311.4439999999773,-38.34543155037363,-30.682666408116766,-691.8670697481166,-722.9630743704674
426912.0,0.4613,-3.5066,9.525,-0.0378,-0.0186,9.8065,0.0798,-0.1698,0.038,184.08,-81.42,66.61,52.84317,-1.673384,19.66,6,309.9,20 / 20,23.526570339359527,43.797474964408025,-7.702137199999884,-642.1469668242228,1927.94528172086,-304.77153525028706,False,108.79999999999995,-14.855525721186432,13.111199352016351,-1337.8457702786422,1201.9170815939656,19.813888888886645,311.4310000000004,-38.38209606054596,-30.686275612391675,-695.6988034544195,-726.0282001268945
427012.0,2.9569,3.0876,9.258,-0.0484,-0.0814,9.8061,0.0657,-0.6718,0.37,178.05,-81.54,66.27,52.84317,-1.673384,19.66,6,309.9,20 / 20,23.447725830781902,43.75058793384365,-7.743652199999893,-639.7982520157152,1932.3226848657737,-305.5438247202872,False,108.89999999999998,-14.90659379651981,13.233297592299172,-1339.337124797149,1203.2403012209115,19.933055555553793,311.59699999999754,-38.35431962730171,-30.517290341544474,-699.5388727814338,-729.0823836448621
427112.0,-0.3466,-5.0396,8.9853,0.0027,0.0187,9.8066,0.0066,-0.564,0.284,178.12,-81.34,66.4,52.84317,-1.673384,19.66,6,309.9,20 / 20,23.39180637772898,43.78344752871004,-7.812152199999908,-637.4562754052891,1936.6993866389023,-306.32161494028736,False,109.0,-14.985708979417476,12.872006501870887,-1340.8419149419674,1204.4856843994646,19.755,310.661,-38.37751535714646,-30.911441026839157,-703.3856395366782,-732.2137022394377
427212.0,2.6124,2.468,9.6927,-0.026,-0.0323,9.8065,0.0485,-0.41,0.2309,177.75,-81.37,65.5,52.84317,-1.673384,19.66,6,309.9,20 / 20,23.352875560582312,43.847399003753864,-7.858917199999892,-635.1190413083743,1941.080928965524,-307.1051684102871,False,109.09999999999997,-15.07298543238209,13.519943192738705,-1342.3332694603519,1205.8867404747023,20.248055555526687,311.890999999928,-38.4258609929644,-30.32745581101516,-707.2142281519775,-735.1941884908217
427312.0,-2.882,-4.1104,8.4141,0.0227,0.069,9.8063,-0.1115,-0.4735,0.3206,177.93,-81.14,65.78,52.84317,-1.673384,19.66,6,309.9,20 / 20,23.441572827748487,43.86965708209146,-7.934242199999909,-632.7793188889573,1945.4667817698173,-307.89482638028727,False,109.19999999999999,-14.65882858410389,13.30720663112669,-1343.784317099981,1207.2433185796356,19.79805555557525,312.23299999998505,-38.100401411852374,-30.562450450964768,-711.0049982110238,-738.2234631901817
427412.0,-0.3226,-3.3569,12.1933,-0.0669,0.0017,9.8063,-0.2796,0.0679,0.0628,179.92,-81.25,63.16,52.84317,-1.673384,19.66,6,309.9,20 / 20,23.670680705866214,44.18676241913444,-7.884537199999926,-630.4237062122774,1949.869602744877,-308.685765350287,False,109.29999999999995,-14.413006892881608,13.799380931609893,-1345.2084934870395,1208.6221356708302,19.953888888884283,313.75399999995506,-38.08368759874782,-30.387381487524546,-714.7847872747622,-741.2474670740469
427513.0,1.6835,0.151,8.6949,-0.0132,0.03,9.8065,0.1246,-0.1332,0.0371,177.43,-81.06,64.34,52.84317,-1.673384,19.66,6,309.9,21 / 21,23.679805052352037,44.28325563183551,-7.820154749999927,-628.0325066814873,1954.337338656451,-309.478852293762,False,109.40099999999995,-14.030447763869043,14.039814737705555,-1346.6059329777472,1210.0375358917095,19.848711111111378,315.0191299999834,-37.71025281622108,-30.243440894129954,-718.5734262962599,-744.2998027647416
427612.0,-3.0466,-2.7408,9.6051,0.0297,0.0135,9.8066,0.0722,0.3036,-0.1401,177.63,-81.25,65.11,52.84317,-1.673384,19.66,6,309.9,21 / 21,23.819289415874177,44.35495854696702,-7.885163099999957,-625.6813015053091,1958.7249302583039,-310.25626552733735,False,109.5,-13.7456904650027,14.294368175668641,-1347.949361250773,1211.4576063002014,19.83111111111111,316.121,-37.56497988087688,-30.060590371298378,-722.268059745464,-747.2673239581025
427712.0,2.9915,-0.7865,9.5188,0.028,-0.0078,9.8066,-0.1344,0.1034,-0.1089,177.79,-81.36,65.5,52.84317,-1.673384,19.66,6,309.9,21 / 21,23.892767103017164,44.47198521167003,-7.909633099999949,-623.2956986793653,1963.1662774462343,-311.0460053373371,False,109.59999999999997,-13.621207033767831,14.334203875119433,-1349.2996416930798,1212.858662375439,19.77388888889224,316.4609999999801,-37.513974136784995,-30.137781336550596,-726.0039430137145,-750.3076150707952
427812.0,2.0275,-1.7576,8.3952,-0.013,0.0248,9.8066,-0.165,0.1364,0.0041,175.41,-81.35,65.22,52.84317,-1.673384,19.66,6,309.9,21 / 21,23.712754923563303,44.52680876198914,-7.994598099999968,-620.9154225780358,1967.6162171449182,-311.84121689733723,False,109.69999999999999,-13.733368054863623,14.047086063304004,-1350.6835112012689,1214.2041209879471,19.64500000000564,315.64700000003563,-37.44612297842693,-30.479722698685134,-729.7680886232331,-753.4120961569711
427912.0,1.0626,-0.702,8.032,-0.0199,-0.0168,9.8065,-0.1428,0.0656,-0.1123,174.09,-81.35,62.35,52.84317,-1.673384,19.66,6,309.9,21 / 21,23.629110652156598,44.58012136284436,-8.153903099999914,-618.5483292992506,1972.0715636511584,-312.64864195733696,False,109.79999999999995,-14.011633637811148,13.99843420334031,-1352.0942519620132,1215.582938078434,19.806111111106347,314.9730000000199,-37.64074428996774,-30.58168715950405,-733.5459226627627,-756.4886255727245
428012.0,1.2346,-3.206,9.2852,-0.0151,0.011,9.8066,-0.0313,0.0862,0.0571,173.38,-81.13,60.23,52.84317,-1.673384,19.66,6,309.9,21 / 21,23.57472677633583,44.70750232162047,-8.26870809999994,-616.1881374278254,1976.5359448353827,-313.46977251733716,False,109.89999999999998,-14.370857556166875,13.964316078768546,-1353.545299601639,1216.9617551682156,20.038055555552127,314.17800000001176,-37.945584332502705,-30.74318624285192,-737.3571621738137,-759.574189667167
428112.0,0.0504,-2.1225,10.0906,-0.0158,-0.0285,9.8065,0.0338,0.0368,-0.0162,172.32,-81.4,58.05,52.84317,-1.673384,19.66,6,309.9,21 / 21,23.560949720897824,44.91154904337022,-8.280583099999943,-613.8313536029632,1981.0168974036333,-314.29723707733734,False,110.0,-14.449761595429965,13.881049402152213,-1354.9963472412658,1218.3516917518377,20.036944444444444,313.85,-38.010711316327786,-31.030499641218007,-741.1649936383026,-762.6652056517955
428211.0,1.8278,-1.4087,9.403,0.0199,-0.0086,9.8066,-0.07,0.0479,-0.0191,166.73,-81.54,58.66,52.84317,-1.673384,19.66,6,309.9,21 / 21,23.52504727491394,45.01495396401995,-8.286508249999942,-611.5005967516707,1985.4682593024986,-315.11730809916224,False,110.09899999999999,-14.362205703113629,14.38881418957369,-1356.399631229333,1219.815795350928,20.33009444442735,315.05284999992983,-37.88725297802757,-30.626139774446262,-744.8990344776622,-765.6524639515706
428312.0,1.7459,-3.1789,9.2951,-0.0133,-0.0216,9.8066,-0.0069,0.15,-0.1161,166.92,-81.46,58.93,52.84317,-1.673384,19.66,6,309.9,21 / 21,23.38534655286803,45.15504968708391,-8.332725849999942,-609.1316218633677,1990.0218444868792,-315.9565794212122,False,110.19999999999999,-14.178187464682829,13.691716481777572,-1357.824546575804,1221.142684409994,19.71000000002727,314.0000000000466,-37.56353401755086,-31.463333205306338,-748.6929247124364,-768.8791600768852
428412.0,0.6403,-1.1847,9.2913,0.0067,-0.0235,9.8066,0.1007,-0.185,0.0227,172.81,-81.48,59.54,52.84317,-1.673384,19.66,6,309.9,21 / 21,23.310403290524246,45.29641336061851,-8.384070849999924,-606.7968343711989,1994.5444176392627,-316.79241925621193,False,110.29999999999995,-14.053746168492294,14.95734714961277,-1359.2016982708199,1222.7105328759512,20.523888888864832,316.7839999999177,-37.36414945901654,-30.339066211005736,-752.404863899621,-771.8338847633115
428512.0,0.6651,-2.129,9.7745,0.0117,-0.0012,9.8066,0.0116,0.0325,0.0247,173.18,-81.37,60.02,52.84317,-1.673384,19.66,6,309.9,22 / 22,23.308135784206033,45.399807879183214,-8.41144584999993,-604.4659074174618,1999.079228701254,-317.6321950912121,False,110.39999999999998,-13.953763322855005,14.117896058908277,-1360.60572121843,1224.0782304733134,19.850000000009956,315.3350000000214,-37.26189910706104,-31.281911820274935,-756.1398138009682,-775.0009982279405
428612.0,2.2282,-1.8582,9.187,-0.0196,-0.0495,9.8064,-0.0287,-0.1261,0.0527,167.43,-81.43,60.09,52.84317,-1.673384,19.66,6,309.9,22 / 22,23.218380904225835,45.51887218256581,-8.444035849999938,-602.1395815830397,2003.6251627043423,-318.4749691762123,False,110.5,-14.055090112877883,14.880519287463098,-1362.0097441660275,1225.634959446854,20.468888888888888,316.634,-37.27347101710372,-30.63835289510271,-759.8701625829879,-777.9902032574882
428712.0,0.3312,-1.4229,9.2502,-0.0192,-0.015,9.8066,-0.0336,0.0335,-0.0191,175.73,-81.3,59.77,52.84317,-1.673384,19.66,6,309.9,22 / 22,23.15124715434338,45.604096701838,-8.502840849999918,-599.821100180112,2008.181311148561,-319.32231301121203,False,110.59999999999997,-13.885915172290332,14.660861246815017,-1363.3936136741033,1227.1027324780555,20.193055555571704,316.5550000000046,-37.03716232663371,-30.943235455022986,-763.5725134939913,-781.0785786705055
428812.0,0.2667,-2.8707,8.7497,-0.0078,0.0091,9.8066,0.0526,0.0273,-0.1472,167.1,-81.32,59.06,52.84317,-1.673384,19.66,6,309.9,22 / 22,23.168159022035454,45.7600717787001,-8.583510849999938,-597.5051298712925,2012.749519572589,-320.1766305962122,False,110.69999999999999,-14.055718835989811,14.89940713233437,-1364.8043544348347,1228.6261029736115,20.483055555542858,316.66899999999504,-37.22387785802526,-30.860664646365734,-767.2992245635422,-784.1234165989774
428912.0,1.8019,-2.1974,8.8988,0.0085,-0.0073,9.8066,-0.114,0.1173,0.071,164.52,-81.5,57.69,52.84317,-1.673384,19.66,6,309.9,22 / 22,23.09550842269633,45.936484422236205,-8.681750849999904,-595.1919464990567,2017.3343473826342,-321.0398936812119,False,110.79999999999995,-13.90790279861622,15.0945640793032,-1366.181506129864,1230.1383539760373,20.52499999999876,317.3429999999801,-37.00341122131255,-30.841920342933005,-770.9895596308072,-787.1959934065969
429012.0,1.1078,-1.5334,9.4202,0.0001,-0.0177,9.8066,-0.1216,0.0482,0.023,165.87,-81.6,56.75,52.84317,-1.673384,19.66,6,309.9,22 / 22,22.99593539738309,46.03773529577749,-8.746465849999918,-592.8873743080522,2021.933058368536,-321.91130451621206,False,110.89999999999998,-14.06479392738277,15.11434668758556,-1367.5989647037584,1231.6506049784637,20.646111111109324,317.0600000000042,-37.06072932476586,-30.923388608191928,-774.7115903957061,-790.2824533900723
429111.0,1.3563,1.5886,9.8298,-0.0043,-0.0289,9.8065,-0.1459,0.3664,-0.1511,165.74,-81.47,56.11,52.84317,-1.673384,19.66,6,309.9,22 / 22,22.966213834264057,45.96326546457573,-8.764449199999916,-590.6122479210859,2026.487107906173,-322.778094811187,False,110.99899999999997,-13.774193721759646,14.999863822599924,-1368.9490436118017,1233.1367251733639,20.364786111111247,317.4391699999998,-36.740407556023705,-30.963401641975803,-778.3367956907158,-793.3503827328091
429212.0,1.2796,-0.1403,9.3171,-0.0392,-0.0443,9.8064,-0.0477,-0.194,0.2516,165.4,-81.48,55.9,52.84317,-1.673384,19.66,6,309.9,22 / 22,22.944902459445228,45.81678968687893,-8.788002399999916,-588.2937365482536,2031.1220006913213,-323.66449361698693,False,111.09999999999997,-13.654791230815121,15.174766423593777,-1370.3263968411202,1234.6973459687617,20.413888888885847,318.0179999999663,-36.59969369026035,-30.64202326328515,-782.0326602928666,-796.4246547225596
429312.0,0.9341,-6.4363,9.5589,-0.0431,-0.1001,9.806,-0.0416,0.4842,-0.4175,156.78,-81.7,54.55,52.84317,-1.673384,19.66,6,309.9,22 / 22,22.802911160405067,46.04994306076299,-8.824867399999924,-586.0063458672606,2035.7153373287044,-324.5451371069871,False,111.19999999999999,-13.46547528935976,15.54606635172459,-1371.6565238441078,1236.2651944340223,20.56694444443774,319.10199999995257,-36.268386449764826,-30.5038767090384,-785.6501779768472,-799.4501428946821
429412.0,1.2681,-2.9369,9.0282,0.0338,-0.0799,9.8062,0.0543,-0.2409,0.1138,158.02,-81.56,56.68,52.84317,-1.673384,19.66,6,309.9,22 / 22,22.61315662724734,46.41075575506324,-8.876177399999907,-583.7355424778788,2040.3383722694941,-325.4301893469868,False,111.29999999999995,-13.712246357518813,15.448275828233035,-1373.0336755391065,1237.7885649288753,20.656111111108473,318.4070000000205,-36.32540298476615,-30.962479926830206,-789.2981330612278,-802.5498073406188
429512.0,-0.7777,-2.1987,8.026,-0.0349,-0.0654,9.8063,-0.1874,0.3724,-0.272,164.94,-80.98,57.56,52.84317,-1.673384,19.66,6,309.9,21 / 22,22.599728840758672,46.60395992059123,-9.004132399999936,-581.474898204478,2044.989108053278,-326.324204836987,False,111.39999999999998,-13.441941478160262,15.88107266104907,-1374.3638025421071,1239.345293902418,20.806111111108894,319.7549999999801,-36.04167031891893,-30.722887259542162,-792.8889043376291,-805.64381415086
429612.0,1.5252,1.9692,9.4318,-0.0552,-0.1083,9.8058,0.0575,0.5624,-0.3866,165.41,-81.12,55.07,52.84317,-1.673384,19.66,6,309.9,21 / 22,22.64874420859808,46.56434102461717,-9.11190739999996,-579.2124745520097,2049.6475231005393,-327.2300068269872,False,111.5,-13.63142813383073,15.281849572896204,-1375.7275186108504,1240.8353059192864,20.478055555555557,318.267,-36.28017234242881,-31.282491451720965,-796.5150440588408,-808.8122171812529
429712.0,0.6747,-4.7782,10.6913,-0.0243,-0.0283,9.8065,0.1047,-0.0691,0.0207,160.37,-81.0,56.44,52.84317,-1.673384,19.66,6,309.9,21 / 22,22.57823206392832,46.62577003422981,-9.08641739999997,-576.9511257383841,2054.30702865348,-328.1399230669869,False,111.59999999999997,-13.573347222271707,15.95426985922975,-1377.0777990531708,1242.4365128624154,20.94694444441699,319.6099999999214,-36.151579286200025,-30.67150017500006,-800.1266733147867,-811.8705157910645
429811.0,1.8267,-0.0814,9.7582,-0.01,-0.0612,9.8064,-0.0187,0.2263,-0.2845,159.66,-81.19,55.32,52.84317,-1.673384,19.66,6,309.9,21 / 22,22.47259899217842,46.77679387203953,-9.045025499999975,-574.7211096011071,2058.9304555668396,-329.0374294905368,False,111.69899999999996,-13.554027010530259,15.569974473217492,-1378.4145766911915,1243.9336413562226,20.643069444458025,318.95957000002903,-36.02662600270868,-31.20681939882204,-803.6934670900845,-814.996814210617
429912.0,-0.2508,-3.6378,9.7002,-0.0259,-0.0091,9.8065,0.0529,-0.2119,0.0908,159.47,-80.95,54.89,52.84317,-1.673384,19.66,6,309.9,21 / 22,22.425684155351092,46.89225628194505,-9.052847949999974,-572.4537463021568,2063.660742599616,-329.9513720997618,False,111.79999999999995,-13.587056900203999,15.525290028519331,-1379.7850777511974,1245.4721343604047,20.63111111111137,318.8090000000043,-36.01274105555509,-31.366966253425723,-807.3313314490406,-818.1886082392111
430012.0,-0.0947,-1.7206,9.227,-0.0354,-0.0133,9.8065,-0.0339,-0.0487,0.0416,157.26,-80.98,53.44,52.84317,-1.673384,19.66,6,309.9,21 / 22,22.438043283741838,47.117632570143094,-9.08715294999998,-570.2105599302016,2068.361237042221,-330.858372144762,False,111.89999999999998,-13.594371890317634,15.738676918119523,-1381.1420760067788,1247.0622218112233,20.796944444441994,319.18099999999447,-36.03241517405947,-31.37895565202357,-810.9315160765772,-821.2990152309978
430112.0,0.9364,-1.192,10.2064,0.0161,0.0101,9.8066,-0.0832,-0.065,0.1372,165.01,-80.95,53.05,52.84317,-1.673384,19.66,6,309.9,21 / 22,22.440027756180147,47.209335742217455,-9.096147949999983,-567.966656378205,2073.07758545784,-331.76753718976215,False,112.0,-13.388996027693763,16.104234268461415,-1382.4722030097648,1248.7079067262932,20.943055555555553,320.26,-35.82902378387391,-31.10510147375604,-814.5055466315598,-824.3696787315469
430213.0,0.615,1.5356,10.3601,-0.0272,-0.0338,9.8065,0.1194,-0.0254,-0.0537,158.58,-81.07,52.24,52.84317,-1.673384,19.66,6,309.9,21 / 22,22.470270350975774,47.13534914673955,-9.048011349999983,-565.6986863237937,2077.8419920447323,-332.6838172344121,False,112.101,-13.242739739401035,16.245586025372027,-1383.801994122006,1250.3706044643052,20.959249999981772,320.8143599999514,-35.71301009037681,-30.889763121367523,-818.1033077982122,-827.4713875804271
430312.0,-1.5593,-2.6503,8.7779,0.0244,0.0648,9.8064,-0.1122,-0.3076,0.3065,157.0,-81.31,53.14,52.84317,-1.673384,19.66,6,309.9,21 / 22,22.582146016356408,47.17508777929128,-9.07153869999998,-563.468591713611,2082.5103586725704,-333.580734961887,False,112.19999999999999,-13.199590605610785,16.67884012285275,-1385.0988679499221,1252.054874017732,21.26999999998626,321.6419999999634,-35.78173662196719,-30.49624765643853,-821.6302762363111,-830.4554846548385
430413.0,0.8888,-1.5886,10.7888,-0.0275,0.0048,9.8065,-0.2216,0.1462,0.0883,162.7,-81.16,53.1,52.84317,-1.673384,19.66,6,309.9,21 / 22,22.62892065128257,47.359069479964866,-9.07389199999998,-561.1854328468952,2087.2843336141627,-334.497079212237,False,112.30099999999999,-13.216046346207317,16.679276920347107,-1386.4353768754072,1253.7505966490796,21.28056111110948,321.60797999999136,-35.84496699748989,-30.67979255961776,-825.249944028512,-833.5337369650831
430512.0,-0.2407,-0.8206,7.5334,-0.0477,-0.0137,9.8065,0.2337,-0.1494,-0.0981,164.66,-81.17,52.74,52.84317,-1.673384,19.66,6,309.9,19 / 21,22.65344094485639,47.42473505632218,-9.137801449999973,-558.9439559478866,2091.9761319387085,-335.3985580380119,False,112.39999999999998,-13.164266844187829,16.790822368206403,-1387.7322507033236,1255.401841310002,21.336111111110284,321.90299999999564,-35.81770778904422,-30.633912688115775,-828.788294755437,-836.5742906287064
430613.0,-1.3417,-1.61,8.9081,0.019,0.0496,9.8065,0.1727,0.0912,-0.1555,157.86,-81.15,54.48,52.84317,-1.673384,19.66,6,309.9,19 / 21,22.778720179081358,47.53325852459545,-9.297977349999972,-556.6496318111277,2096.7715106145447,-336.3295648674119,False,112.50099999999998,-12.97847690215702,16.642864941204063,-1389.0351705630765,1257.086333253283,21.10511388888872,322.0520899999999,-35.757197081238374,-30.89039358339139,-832.3855387519487,-839.6851773612616
430712.0,1.9535,-0.521,10.8625,0.0462,0.033,9.8064,-0.157,-0.0141,0.136,164.74,-81.26,53.18,52.84317,-1.673384,19.66,6,309.9,19 / 21,22.800669579557976,47.59667598516512,-9.290190999999972,-554.3934520180753,2101.4804423727774,-337.24967920073675,False,112.59999999999997,-13.072119792407777,16.82820340414982,-1390.3320443908854,1258.7265696158843,21.30888888887684,322.15999999999366,-35.87278937196575,-30.7684725810153,-835.93859237281,-842.7538727568931
430812.0,0.9172,-2.424,8.9877,-0.0006,-0.0064,9.8066,-0.0179,0.0367,-0.045,156.16,-81.34,51.44,52.84317,-1.673384,19.66,6,309.9,19 / 21,22.700526219922065,47.65460485033705,-9.278345999999969,-552.1183922281008,2106.2430064145537,-338.178106050737,False,112.69999999999999,-13.225218450635575,17.06029864432856,-1391.655453580748,1260.4278519937884,21.586111111098976,322.2169999999975,-35.92574467055764,-30.59430620600849,-839.5370613526471,-845.8151544207653
430912.0,0.0459,-1.4402,10.0362,-0.0039,0.0106,9.8065,0.0822,-0.1478,-0.0442,164.17,-81.2,51.61,52.84317,-1.673384,19.66,6,309.9,19 / 21,22.679819470693825,47.78220862676745,-9.307815999999958,-549.8493749435708,2111.0148470884074,-339.10741415073664,False,112.79999999999995,-13.048378174718923,16.801271370930998,-1392.9654271442869,1262.062417415728,21.27305555556481,322.16600000000153,-35.72819764541275,-30.98093725583645,-843.1160522007161,-848.9524296726793
431012.0,1.9082,-2.1002,9.2073,0.0219,0.0018,9.8066,-0.0306,-0.0606,0.0864,162.35,-81.22,52.48,52.84317,-1.673384,19.66,6,309.9,19 / 21,22.62556216766844,47.883615975454944,-9.326305999999962,-547.5841058616521,2115.7981383185197,-340.03912025073686,False,112.89999999999998,-13.07821403903437,16.727311970981408,-1394.2821185209875,1263.6747438521077,21.23305555555614,321.98000000000275,-35.70377620670281,-31.156304004473537,-846.6980126593354,-852.123394466412
431112.0,2.0423,0.4632,9.6216,0.0109,0.0206,9.8066,-0.1222,-0.2396,0.1491,162.57,-81.16,52.83,52.84317,-1.673384,19.66,6,309.9,19 / 21,22.503205524803498,47.864946812982026,-9.36552599999997,-545.3276674770281,2120.5855664579426,-340.97371185073706,False,113.0,-13.055198987525502,17.267078015025508,-1395.5853742713912,1265.3871457224384,21.646944444444443,322.908,-35.558404512329,-30.59786879795652,-850.2577067943631,-855.1984207355042
431212.0,2.0755,0.1797,10.9502,-0.0326,0.0336,9.8065,0.1951,-0.0552,0.0085,162.1,-81.09,51.65,52.84317,-1.673384,19.66,6,309.9,19 / 21,22.407696859093516,47.7348919227103,-9.317600999999987,-543.082122357834,2125.3655583947257,-341.90786820073674,False,113.09999999999997,-12.886497711084772,17.18755694846766,-1396.8751943954285,1267.0773086070878,21.4819444444541,323.1389999999865,-35.29419457017829,-30.547334974242638,-853.7930720375945,-858.2882497876378
431311.0,1.9676,3.8382,7.5991,-0.0138,0.0803,9.8062,0.2931,-0.4113,0.091,158.25,-81.35,53.35,52.84317,-1.673384,19.66,6,309.9,19 / 21,22.383930298572615,47.44917743088621,-9.37026899999998,-540.8649368135298,2130.077169827728,-342.8329177657366,False,113.19899999999996,-12.826589843910332,17.453939901107198,-1398.138815048298,1268.8166196501181,21.66014444443648,323.68844999997543,-35.21052014248295,-29.99523752977901,-857.2738782347683,-861.26055017761
431413.0,-1.4968,-2.3661,8.5207,0.008,0.0525,9.8065,-0.127,-0.1695,0.3097,152.38,-81.05,55.55,52.84317,-1.673384,19.66,6,309.9,19 / 21,22.47152743317933,47.34648329151765,-9.548437500000038,-538.5773084692097,2134.9117485245724,-343.7977717972369,False,113.30099999999999,-12.809256920572231,17.681380162937824,-1399.4406600579177,1270.6308760732406,21.833650000000695,324.07858999999826,-35.28078435375156,-29.665103128579826,-860.863351588708,-864.2808724513318
431511.0,0.4227,-0.6017,10.4136,0.0681,0.0745,9.8061,-0.195,-0.0722,0.3497,159.92,-81.16,55.85,52.84317,-1.673384,19.66,6,309.9,20 / 21,22.545518055894814,47.47747851656926,-9.581708500000042,-536.3714732402448,2139.5581226531694,-344.735148951237,False,113.399,-12.777691672886165,17.675324916507208,-1400.6849334089088,1272.3526183171678,21.81023888888924,324.13640999999916,-35.32320972878098,-29.802153600062056,-864.313460168664,-867.2055043360017
431612.0,3.5966,-0.7534,10.6175,-0.0198,-0.0268,9.8066,0.0669,-0.0239,-0.1799,158.53,-81.34,53.97,52.84317,-1.673384,19.66,6,309.9,20 / 21,22.425848139542513,47.43536438491884,-9.510109600000042,-534.1004192473752,2144.3512212196947,-345.699285765287,False,113.5,-12.732099209663984,17.823411518900187,-1401.9672967604142,1274.1715449274332,21.90388888888889,324.46,-35.157947349206495,-29.611952866018655,-867.8668775130391,-870.1796762922615
431712.0,0.031,0.161,7.7833,-0.0361,-0.0082,9.8065,0.0798,-0.0441,0.0709,157.44,-81.29,54.01,52.84317,-1.673384,19.66,6,309.9,20 / 21,22.339871449795865,47.36665421319702,-9.570734600000021,-531.862133267909,2149.091322149599,-346.6533279752867,False,113.59999999999997,-12.871250231937267,17.790084914006975,-1403.2571168844515,1275.9395442611785,21.95805555555238,324.11400000002027,-35.21112168173313,-29.576569299190048,-871.3949836165425,-873.1517778884204
431812.0,0.348,-1.1158,8.7513,-0.0091,0.0098,9.8065,0.0278,0.2018,-0.153,157.12,-81.44,53.08,52.84317,-1.673384,19.66,6,309.9,20 / 21,22.397676624687993,47.374495226652726,-9.724669600000055,-529.6252558641843,2153.8283796215924,-347.6180981852869,False,113.69999999999999,-12.82104374038713,18.00699481886954,-1404.5402191954083,1277.7297825791961,22.10499999999357,324.548999999981,-35.21872036507512,-29.367500407783186,-874.914963331224,-876.0985970423962
431912.0,2.0112,-0.1709,10.4134,-0.0046,0.0083,9.8066,0.0368,0.0425,-0.0725,164.65,-81.48,53.52,52.84317,-1.673384,19.66,6,309.9,20 / 21,22.35239771891418,47.3662144969793,-9.747099600000048,-527.3877521470049,2158.5654151077724,-348.5916866452866,False,113.79999999999995,-12.847545604960537,17.85753858386636,-1405.8233215063774,1279.5089014062037,21.998888888892026,324.26700000000835,-35.19994332387472,-29.508675913112942,-878.4355693593725,-879.0565137015687
432012.0,2.4145,-1.6139,10.1939,0.0284,0.0412,9.8064,0.0356,-0.0474,0.0351,159.0,-81.38,54.39,52.84317,-1.673384,19.66,6,309.9,20 / 21,22.202723253947187,47.34383630426382,-9.697399600000036,-525.1599960983614,2163.300917647836,-349.5639116052868,False,113.89999999999998,-12.887044982103601,18.062969350374544,-1407.1131416304825,1281.310259217355,22.18888888888608,324.4939999999967,-35.08976823605079,-29.280866953889273,-881.9531455321211,-881.9906584304808
432112.0,3.2635,1.1445,10.0374,-0.0353,-0.026,9.8064,0.012,0.2508,-0.1552,156.17,-81.45,52.58,52.84317,-1.673384,19.66,6,309.9,20 / 21,22.02864228350994,47.22837831897367,-9.666499600000028,-522.948427821488,2168.0295283789987,-350.53210656528705,False,114.0,-12.75254454563222,17.943910154256,-1408.3828083151545,1283.0893780443632,22.01388888888889,324.599,-34.78118682914216,-29.28446816471767,-885.4343804936665,-884.9401503346355
432212.0,0.2746,-1.5094,8.625,-0.0223,-0.0253,9.8065,0.112,0.0696,-0.1944,156.14,-81.48,51.86,52.84317,-1.673384,19.66,6,309.9,20 / 21,21.953831582402344,47.14665421870276,-9.714044600000012,-520.7493041281932,2172.748280005881,-351.50113377528675,False,114.09999999999997,-12.776066267247549,18.158959406791272,-1409.6591928128819,1284.9018553492226,22.20305555554448,324.87099999998406,-34.729897849649895,-28.987694811911485,-888.9098886846887,-887.8464246566584
432312.0,1.2099,-0.8981,11.2265,0.0186,0.0118,9.8065,-0.0002,0.1486,-0.0368,155.93,-81.53,51.58,52.84317,-1.673384,19.66,6,309.9,20 / 21,21.931671203925912,47.19972848463263,-9.70213460000001,-518.5550289888763,2177.465599141049,-352.471942735287,False,114.19999999999999,-12.802247636790364,18.077917416454454,-1410.9422951238512,1286.692093667243,22.15194444444668,324.6950000000077,-34.73391884071628,-29.121811068178175,-892.3872661349749,-890.7735054738062
432412.0,2.3019,0.87,9.1961,0.0136,0.0313,9.8066,0.0414,-0.0772,-0.0819,157.0,-81.33,53.19,52.84317,-1.673384,19.66,6,309.9,20 / 21,21.863439431937966,47.1036162371188,-9.661669600000023,-516.3652734570838,2182.180766377135,-353.4401329452866,False,114.29999999999995,-12.826587598702043,18.006797911355896,-1412.2253974348068,1288.460093001118,22.108055555556852,324.5370000000047,-34.69002703064001,-29.096818325762904,-895.860123977723,-893.7206733760172
432512.0,0.753,-0.3051,11.1563,-0.0385,-0.0331,9.8065,0.2048,0.1415,-0.2108,156.71,-81.38,52.75,52.84317,-1.673384,19.66,6,309.9,20 / 21,21.827958329558786,46.98966016494777,-9.624714600000015,-514.1807035690085,2186.8854301972397,-354.40445215528683,False,114.39999999999998,-12.957847319450606,18.032088560278954,-1413.5286531852362,1290.2503313198436,22.20499999999857,324.29900000000356,-34.78580564900939,-28.957571604668818,-899.3479496162277,-896.6350988773961
432612.0,1.9846,-2.1687,8.6067,0.0015,0.0302,9.8065,0.196,0.0698,-0.1915,157.91,-81.23,54.83,52.84317,-1.673384,19.66,6,309.9,20 / 21,21.74847092679959,47.0231310748901,-9.617229600000012,-512.0018821061901,2191.5860697592325,-355.366549365287,False,114.5,-13.15073820414469,18.01104220960499,-1414.8386267487883,1292.0628086241281,22.30111111111111,323.865,-34.89920913094428,-29.01208886528511,-902.8367446425982,-899.5232611351043
432712.0,1.921,0.095,9.479,0.0049,0.0156,9.8066,-0.043,-0.0106,0.0983,157.81,-81.18,54.47,52.84317,-1.673384,19.66,6,309.9,20 / 21,21.622179190949144,47.01590082310964,-9.693609599999986,-509.83334960030345,2196.2880213541307,-356.3320913252867,False,114.59999999999997,-12.65572956314865,18.21124306895955,-1416.0948578070704,1293.8752859289875,22.176944444451713,325.20299999992164,-34.277908754097794,-28.80465775415009,-906.261508206767,-902.4127354251432
432812.0,0.5838,-2.3831,10.2296,0.0228,0.0255,9.8065,-0.1074,-0.036,-0.0395,157.43,-81.19,53.67,52.84317,-1.673384,19.66,6,309.9,20 / 21,21.556047434615326,47.04472998745612,-9.688844599999985,-507.67443826902473,2200.9910528946602,-357.3012140352869,False,114.69999999999999,-12.923557541049234,18.204045854779043,-1417.391395744322,1295.6766437394328,22.32499999999352,324.62800000002517,-34.47960497566456,-28.84068413267708,-909.7169574752972,-905.3144091552274
432911.0,0.3343,-3.2406,8.6676,-0.0104,-0.0109,9.8066,0.0324,-0.0778,0.0348,157.28,-81.09,53.8,52.84317,-1.673384,19.66,6,309.9,20 / 21,21.499762983996273,47.25553880581016,-9.72429154999998,-505.5431756533037,2205.6589161999264,-358.2621642747118,False,114.79899999999998,-12.896528657366817,18.29827960509741,-1418.6683176671993,1297.482004569575,22.386324999998177,324.82401999999416,-34.39629164136309,-28.957259200712752,-913.1251420138956,-908.1769116303512
433012.0,0.6296,2.1493,9.5705,-0.0281,-0.0156,9.8066,0.0789,-0.1506,0.1384,159.02,-81.13,53.54,52.84317,-1.673384,19.66,6,309.9,20 / 21,21.52450585385439,47.25675593958468,-9.79373914999998,-503.37045007699226,2210.431787084569,-359.24782482506174,False,114.89999999999998,-12.828491005312532,18.415226341164832,-1419.964318179397,1299.3238373349739,22.44305555555473,325.1379999999954,-34.35299685916692,-28.841529598419847,-916.5938681024047,-911.107949749595
433112.0,3.3829,-2.0738,8.8748,-0.0013,0.0332,9.8066,0.0628,-0.322,0.1738,157.35,-81.19,54.24,52.84317,-1.673384,19.66,6,309.9,20 / 21,21.43095392648421,47.14545745927116,-9.852139149999994,-501.22267708797483,2215.151897754513,-360.230118740062,False,115.0,-12.932718386162671,18.434889528671807,-1421.2541383035423,1301.15855362411,22.51888888888889,324.949,-34.363672312646884,-28.71056793059935,-920.0314612155674,-913.9933441304029
433212.0,-0.5123,-1.7373,9.0303,-0.0116,0.0081,9.8065,-0.0172,-0.0755,0.1454,156.68,-81.4,52.74,52.84317,-1.673384,19.66,6,309.9,20 / 21,21.31806002351024,47.2375905601038,-9.937549149999965,-499.08522639047584,2219.87105015548,-361.21960315506163,False,115.09999999999997,-12.896041195329133,18.455821479641163,-1422.5506762407015,1302.9821504206868,22.515000000000228,325.05599999999373,-34.214101218839374,-28.781769080462634,-923.4654498502257,-916.8888997347933
433312.0,1.8103,0.6581,8.9172,-0.0079,0.0456,9.8065,-0.0036,-0.2316,0.1316,156.61,-81.37,52.49,52.84317,-1.673384,19.66,6,309.9,20 / 21,21.33136546485367,47.23364149613773,-10.020839149999984,-496.9527551160572,2224.5946117582935,-362.2175225700619,False,115.19999999999999,-12.881675179830257,18.694683097597895,-1423.8404963648072,1304.8391056953799,22.703055555547326,325.43099999998356,-34.21304064468393,-28.538958398539833,-926.88774124875,-919.7555060629136
433412.0,0.971,1.0868,8.7586,0.015,0.0064,9.8066,-0.1627,0.088,0.0681,150.11,-81.51,51.72,52.84317,-1.673384,19.66,6,309.9,20 / 21,21.34180300393396,47.07395571569493,-10.117714149999951,-494.81909669261853,2229.3099916188835,-363.2244502350615,False,115.29999999999995,-12.918821806686905,18.65923546469902,-1425.1370343020737,1306.6738219852232,22.69500000000024,325.3030000000038,-34.26062481062087,-28.41472025099591,-930.3179376094552,-922.6361696336603
433512.0,0.5984,-1.1822,9.4703,0.0142,0.0242,9.8066,-0.0464,-0.1021,0.0069,150.33,-81.5,52.12,52.844486,-1.675206,24.52,6,324.06,21 / 23,21.368228131493748,47.02218909235553,-10.186934149999967,-492.68359513584664,2234.014798859287,-364.23968265006175,False,115.39999999999998,-12.998297998678645,18.69165611907939,-1426.4402900524904,1308.5307772606247,22.766944444443382,325.18500000000176,-34.36652613017239,-28.330532973276142,-933.7566949166437,-925.4840215986624
433612.0,0.8228,-1.4923,10.2823,0.0116,0.0065,9.8066,-0.0667,0.1222,-0.0229,150.36,-81.46,52.03,52.844486,-1.675206,24.52,6,324.06,21 / 23,21.336970969903998,47.08602353598308,-10.179969149999966,-490.5483351807763,2238.720209490705,-365.258027815062,False,115.5,-13.067655790112976,18.63000174590334,-1427.7435458028935,1310.3988520284527,22.756111111111114,324.953,-34.404626760016974,-28.456021790079742,-937.1952106221172,-928.3213574622525
433712.0,0.6817,-0.3598,9.0975,0.0259,-0.0001,9.8066,-0.1109,-0.0131,-0.0353,152.14,-81.23,52.78,52.844486,-1.675206,24.52,6,324.06,21 / 23,21.32213378083793,47.11176256765849,-10.191644149999963,-488.41537994323994,2243.430098795886,-366.27660848006167,False,115.59999999999997,-13.205409647076442,18.75319569976412,-1429.0602371794982,1312.2780462878611,22.936111111100573,324.84800000000615,-34.527543427914374,-28.358566867894368,-940.6448572362583,-931.1520525080248
433812.0,1.4407,-2.6349,10.0277,0.0127,0.0065,9.8065,-0.0821,0.2989,-0.139,151.3,-81.32,53.43,52.844486,-1.675206,24.52,6,324.06,21 / 23,21.253353935610466,47.17317078751606,-10.216049149999968,-486.28660555741703,2248.1443454636455,-367.2969931450619,False,115.69999999999999,-13.093713503099089,18.82255594699579,-1430.3634929299023,1314.1572405488218,22.928888888889205,325.1759999999856,-34.34706743870956,-28.350614840520265,-944.0768873724853,-933.9871049148237
433912.0,3.4338,-0.1372,10.012,0.0081,-0.0133,9.8066,-0.0676,0.2631,-0.1093,156.26,-81.62,52.55,52.844486,-1.675206,24.52,6,324.06,21 / 23,21.062340463457577,47.16833694550052,-10.194729149999976,-484.17082083746436,2252.861420850295,-368.3175320600615,False,115.79999999999995,-13.113652605781377,18.954772336988523,-1431.6734664934536,1316.047554302207,23.048888888885344,325.32299999999566,-34.175993069238956,-28.213564608511998,-947.5026456559892,-936.8138665480881
434012.0,0.1922,-3.9406,9.1188,0.0048,-0.0081,9.8065,0.085,0.0066,0.0573,150.02,-81.6,51.91,52.844486,-1.675206,24.52,6,324.06,21 / 23,20.89119793699913,47.24948022654182,-10.21885414999998,-482.07314391744103,2257.582311708898,-369.33821122506174,False,115.89999999999998,-13.280735626401514,18.894472372140953,-1433.0035934964521,1317.937868054886,23.09499999999932,324.8970000000063,-34.17193356340064,-28.355007854400867,-950.9304495790111,-939.6444436540121
434112.0,2.1437,-1.5081,10.5464,-0.015,-0.041,9.8065,0.139,-0.1245,-0.0438,149.52,-81.68,51.2,52.844486,-1.675206,24.52,6,324.06,21 / 23,20.750621713948842,47.409711700399235,-10.21625914999998,-479.99105293489316,2262.3152713052464,-370.35996689006197,False,116.0,-13.249390718426099,18.971379643834137,-1434.327002686289,1319.8281818075652,23.14,325.07,-34.000012432374945,-28.4383320565651,-954.3359497513959,-942.4870894976812
434212.0,0.7595,0.3928,9.3448,0.0128,-0.0027,9.8066,0.0653,-0.231,0.2977,149.0,-81.89,51.02,52.844486,-1.675206,24.52,6,324.06,21 / 23,20.694530254732374,47.36854706420151,-10.202364149999985,-477.9187953364598,2267.054184243475,-371.3808980550616,False,116.09999999999997,-13.204919508305654,19.0632159086297,-1435.6436940629067,1321.7184955608132,23.18999999999707,325.2899999999871,-33.89944976303803,-28.305331155571807,-957.7248987264468,-945.3356886826618
434312.0,0.8259,-0.4607,9.3276,0.009,-0.0034,9.8066,-0.0839,-0.0626,-0.1276,142.25,-81.92,50.64,52.844486,-1.675206,24.52,6,324.06,21 / 23,20.72291777133735,47.31589264260418,-10.249409149999996,-475.84792293515585,2271.7884062288163,-372.40348672006184,False,116.19999999999999,-13.455506077455869,19.0758094102458,-1436.9872566921886,1323.6199288066246,23.34388888888215,324.8020000000214,-34.178423848793216,-28.240083232358383,-961.1393337570328,-948.1684774221917
434412.0,-0.2427,-2.2515,10.1855,-0.0299,-0.0032,9.8066,0.124,-0.0719,-0.0079,149.4,-81.74,51.22,52.844486,-1.675206,24.52,6,324.06,21 / 23,20.726827276892784,47.40236827813272,-10.254419149999995,-473.77543568274507,2276.5243192748517,-373.4286781350615,False,116.29999999999995,-13.257150790674968,19.232411264236745,-1438.3106658820257,1325.5213620517284,23.358888888888448,325.4209999999817,-33.983978067567755,-28.169957013895974,-964.5352301992806,-951.0029572231233
434512.0,3.9582,-1.0143,10.6568,0.0062,0.0225,9.8066,-0.0093,-0.022,0.0225,149.68,-81.74,52.65,52.844486,-1.675206,24.52,6,324.06,23 / 23,20.58041432244129,47.43344966409021,-10.19296914999998,-471.71007360277787,2281.266110171964,-374.45104755006173,False,116.39999999999998,-13.29191852131279,19.269171778649262,-1439.6407928850247,1327.4339147906733,23.40888888888815,325.40200000000027,-33.87233284375408,-28.16427788544095,-967.9307192822469,-953.8321953812908
434611.0,-1.1671,-1.0428,9.0352,0.0259,0.0208,9.8065,-0.0958,0.0332,0.0206,150.55,-81.69,53.29,52.844486,-1.675206,24.52,6,324.06,23 / 23,20.50661975735625,47.43456719078207,-10.18907349999998,-469.6762654158281,2285.9620770062797,-375.4599586612366,False,116.49899999999997,-13.347384686355365,19.333137287877594,-1440.9642692530106,1329.3493585965305,23.493038888888847,325.37923,-33.85400444371162,-28.101429902904474,-971.2880038371825,-956.6127184097493
434711.0,-0.3086,0.3247,9.7236,-0.0141,-0.0271,9.8066,0.0154,0.0019,-0.1275,149.5,-81.65,51.96,52.844486,-1.675206,24.52,6,324.06,23 / 23,20.650081813567148,47.48582347663723,-10.23179849999999,-467.61843033728144,2290.7080965396517,-376.4810022612368,False,116.59899999999999,-13.371726685312298,19.396890773107096,-1442.3011140690357,1331.2731420219798,23.559338888885073,325.41859999999775,-34.021808498879444,-28.088932703530133,-974.6826837317543,-959.4349545176719
434812.0,1.9853,-0.5399,9.4681,-0.0133,-0.0102,9.8066,0.0105,0.0926,0.0251,149.7,-81.74,51.81,52.844486,-1.675206,24.52,6,324.06,23 / 23,20.66935569165708,47.4364399153525,-10.253089299999989,-465.53179874326764,2295.501670840947,-377.5154890951368,False,116.69999999999999,-13.395898878319782,19.470762626410494,-1443.6513273333708,1333.2382899605052,23.633888888885657,325.47199999999765,-34.065254569976865,-27.965677288942008,-978.1195285901031,-962.2633808804419
434912.0,-0.8818,-0.2782,8.8515,-0.0062,-0.0277,9.8066,-0.0975,0.1804,-0.0612,149.22,-81.86,51.33,52.844486,-1.675206,24.52,6,324.06,23 / 23,20.697703003597177,47.42845276583398,-10.317774299999966,-463.46344580850564,2300.2449154750047,-378.54403227513643,False,116.79999999999995,-13.426275474686522,19.709512440910178,-1444.9881721494912,1335.206440162284,23.848055555549223,325.7369999999922,-34.123978478283696,-27.718940324923803,-981.5247263409856,-965.0384753127207
435014.0,1.9738,0.5828,11.1378,0.0361,0.0634,9.8063,-0.2177,-0.2974,0.1198,148.59,-81.78,50.7,52.844486,-1.675206,24.52,6,324.06,23 / 23,20.75765632860591,47.37074525824905,-10.29859829999996,-461.3492224825626,2305.0796745742346,-379.59546727773676,False,116.90199999999999,-13.356296140104664,19.696145964418555,-1446.3451704050497,1337.2250728605259,23.797666666665545,325.8581400000028,-34.11395246871058,-27.674599293830497,-984.9959479224871,-967.8546017137087
435112.0,-0.5521,-4.0925,9.0451,0.0041,0.0191,9.8066,0.1029,-0.2896,0.1422,150.73,-81.38,52.5,52.844486,-1.675206,24.52,6,324.06,23 / 23,20.710451797854372,47.46838456621751,-10.270687899999956,-459.31728518436574,2309.726791935634,-380.6033623015369,False,117.0,-13.464227034308566,19.714896932208568,-1447.6618617817605,1339.153860058271,23.87388888888889,325.66900000000004,-34.17467883216294,-27.75348763400894,-988.3445765973947,-970.5729318773631
435212.0,0.2749,3.6087,10.0884,-0.0115,-0.0157,9.8065,0.0077,0.0819,-0.0862,151.07,-81.32,53.85,52.844486,-1.675206,24.52,6,324.06,23 / 23,20.806225420613412,47.477656729703654,-10.294677899999948,-457.2414513234431,2314.4740940004285,-381.6316305915365,False,117.09999999999997,-13.503519607438344,19.798388399343832,-1449.012142224094,1341.1220102599073,23.964999999994664,325.70399999999796,-34.30974502805176,-27.67926833035982,-991.7706909006511,-973.3520837405213
435312.0,1.6017,0.8463,9.1772,0.0252,0.0656,9.8063,-0.0177,-0.261,0.2328,152.77,-81.05,56.38,52.844486,-1.675206,24.52,6,324.06,23 / 23,20.925768349302476,47.218950411509944,-10.312062899999953,-455.1548516349468,2319.20892435749,-382.66196763153675,False,117.19999999999999,-13.598238029864877,19.850062729980692,-1450.3758582928238,1343.0901604616881,24.061111111106904,325.5870000000051,-34.52400637916735,-27.36888768152925,-995.221006657877,-976.118763895802
435412.0,2.4719,-3.3238,10.1189,-0.0187,0.0365,9.8065,-0.1039,0.4386,-0.1158,151.85,-81.22,55.05,52.844486,-1.675206,24.52,6,324.06,23 / 23,20.78254630923681,47.21237881972579,-10.327922899999948,-453.06943590202053,2323.93049081905,-383.6939669215364,False,117.29999999999995,-13.640097335054918,19.919368118711855,-1451.7530099878377,1345.0471911710426,24.141944444442053,325.5979999999997,-34.422643644291725,-27.293010701013937,-998.6835740858171,-978.8832996480076
435512.0,2.135,0.3255,9.9969,0.0037,-0.0181,9.8066,-0.0283,0.1037,-0.1088,151.7,-81.35,55.22,52.844486,-1.675206,24.52,6,324.06,22 / 22,20.605087506462393,47.21603477308127,-10.302797899999941,-451.0000542112351,2328.651911498692,-384.7255029615366,False,117.39999999999998,-13.632586153910076,20.011621870293883,-1453.116726056555,1347.0375803569666,24.213888888887826,325.73599999999794,-34.237673660372465,-27.204412902787386,-1002.11667184532,-981.6143311417252
435612.0,-0.0639,-3.9985,9.5238,0.0179,0.0411,9.8065,0.0415,0.3688,-0.2221,151.84,-81.46,55.88,52.844486,-1.675206,24.52,6,324.06,22 / 22,20.523476557562248,47.309244994950454,-10.307427899999942,-448.94362600803345,2333.3781754870943,-385.75601425153684,False,117.5,-13.60279539517485,20.115435480028946,-1454.4737243121367,1349.0502085298642,24.283055555555553,325.932,-34.1262719527371,-27.193809514921508,-1005.5300983041033,-984.32796695723
435712.0,0.7929,-1.2451,10.0859,0.0077,-0.0365,9.8065,-0.1655,0.3603,-0.2011,151.06,-81.59,54.8,52.844486,-1.675206,24.52,6,324.06,22 / 22,20.463427502275188,47.50322898044504,-10.307607899999942,-446.8942808050423,2338.1187991858624,-386.7867660415365,False,117.59999999999997,-13.729284275065712,20.118834358977537,-1455.8575938202127,1351.0405977163502,24.356944444440117,325.69000000001415,-34.192711777340904,-27.3843946214675,-1008.9633130151705,-987.0782014695121
435812.0,-0.2498,-3.3713,9.4165,-0.0144,-0.0233,9.8065,-0.0204,-0.0825,0.0844,151.33,-81.43,53.88,52.844486,-1.675206,24.52,6,324.06,22 / 22,20.42508649484935,47.67376381004301,-10.313152899999944,-444.8498551051856,2342.877648825388,-387.81780408153674,False,117.69999999999999,-13.669947127768793,20.24137274306907,-1457.2213098889174,1353.0532258885398,24.424999999997024,325.9669999999879,-34.095033622618146,-27.432391066973942,-1012.3714547837318,-989.8244229368481
435912.0,0.4869,-2.0807,11.3749,-0.0133,-0.0459,9.8065,0.0927,-0.0394,-0.0553,144.09,-81.52,52.95,52.844486,-1.675206,24.52,6,324.06,22 / 22,20.371590405631945,47.88490418058964,-10.254247899999964,-442.8100212601622,2347.655582224918,-388.84617412153636,False,117.79999999999995,-13.790715675598442,20.29242188982487,-1458.5984615839445,1355.0880930462868,24.53499999999675,325.80000000000496,-34.16230608123038,-27.592482290764774,-1015.7884403237823,-992.5674891786311
436012.0,0.8154,-0.1978,9.3755,0.0176,0.0015,9.8065,0.0282,-0.0607,0.0558,150.51,-81.51,53.45,52.844486,-1.675206,24.52,6,324.06,22 / 22,20.347780760743692,47.93138292969709,-10.19739289999995,-440.77405270184295,2352.4463965804334,-389.86875616153657,False,117.89999999999998,-13.916637322222204,20.245047912468085,-1459.995766718406,1357.1007212184782,24.566944444443973,325.4950000000045,-34.264418082965896,-27.686335017229002,-1019.221714016563,-995.3456753619553
436112.0,-0.0761,-3.0023,9.8479,0.0123,-0.0154,9.8065,-0.0501,-0.1424,0.139,155.75,-81.71,51.8,52.844486,-1.675206,24.52,6,324.06,22 / 22,20.34484484535629,48.03647938176549,-10.216887899999955,-438.7394214215375,2357.2447896960075,-390.88947020153677,False,118.0,-13.83897436559749,20.387916649291533,-1461.37963622657,1359.1355883762274,24.64111111111111,325.832,-34.18381921095378,-27.648562732473955,-1022.6402148050325,-998.1092013197801
436211.0,-0.4332,-0.4658,9.9092,-0.0186,-0.0008,9.8065,-0.045,-0.0327,0.0453,148.9,-81.88,50.78,52.844486,-1.675206,24.52,6,324.06,22 / 22,20.38856720815152,48.184037763503284,-10.209769799999956,-436.72311752488906,2362.0077052946976,-391.90058975768665,False,118.09899999999999,-13.954074798842857,20.465270876232836,-1462.7629683095731,1361.1501068629523,24.769811111103607,325.712210000007,-34.34264200699438,-27.718766887270448,-1026.039850784684,-1000.8575984317454
436311.0,0.7443,0.5303,9.0569,-0.0062,0.05,9.8065,0.064,-0.3812,0.0891,156.0,-81.55,51.77,52.844486,-1.675206,24.52,6,324.06,22 / 22,20.46764632798369,48.15508905616888,-10.242129799999944,-434.680306848083,2366.8246616356796,-392.9231847376863,False,118.19899999999996,-14.012027399616084,20.513525964838802,-1464.1602734440464,1363.1959823175066,24.842336111107926,325.66447000000204,-34.479673727599774,-27.64156309133008,-1029.4799665959636,-1003.628679318173
436412.0,0.5042,-3.9608,8.769,-0.0012,0.0555,9.8064,0.0488,-0.4003,0.2436,150.49,-81.45,52.25,52.844486,-1.675206,24.52,6,324.06,22 / 22,20.420024404517104,48.25458150497561,-10.332393499999943,-432.6154794760917,2371.6933499990173,-393.9621981643363,False,118.29999999999995,-14.003075962314659,20.555473335370646,-1465.578269442988,1365.262428834883,24.871944444443592,325.7359999999979,-34.42310036683176,-27.699108169604965,-1032.9627899668963,-1006.4309211641344
436512.0,0.0452,3.088,9.7489,0.0378,0.0511,9.8064,-0.0717,-0.0246,0.0883,151.04,-81.6,53.95,52.844486,-1.675206,24.52,6,324.06,21 / 21,20.46984553280523,48.26039517744527,-10.387163499999955,-430.5709859792251,2376.5190988331397,-394.99817601433654,False,118.39999999999998,-13.99978791789059,20.728214744142555,-1466.9755745774369,1367.3195349781906,25.01305555555347,325.96499999999656,-34.469633450695824,-27.532180433302713,-1036.4045885982118,-1009.199563854949
436611.0,2.1509,-3.8483,11.7547,0.0096,0.0636,9.8064,-0.1383,0.2754,-0.1571,149.67,-81.79,54.07,52.844486,-1.675206,24.52,6,324.06,21 / 21,20.449490336363507,48.21915857913926,-10.293593649999965,-428.54547885370147,2381.29483674409,-396.0218734932614,False,118.49899999999997,-14.03313395678368,20.769075080735355,-1468.372207930575,1369.367078356866,25.065580555555528,325.95411,-34.48262429314718,-27.450083498403906,-1039.8267290768736,-1011.927758387224
436712.0,0.1189,-1.4702,10.8522,0.006,0.0301,9.8065,0.1561,-0.0445,-0.0623,150.53,-82.07,54.71,52.844486,-1.675206,24.52,6,324.06,21 / 21,20.31354018218677,48.37675725282036,-10.142416849999966,-426.4869458125147,2386.172930493604,-397.0538920235114,False,118.59999999999997,-13.975998507562448,20.803185454469318,-1469.7836204725425,1371.4559862480912,25.061944444444688,326.10599999999107,-34.28953868974922,-27.573571798351043,-1043.2966746600277,-1014.7169442455127
436812.0,0.5056,-7.6743,9.4939,-0.0255,0.0942,9.8061,-0.1295,0.7062,-0.3096,145.13,-81.86,56.26,52.844486,-1.675206,24.52,6,324.06,21 / 21,20.12929452650723,48.72524912154024,-10.105776849999957,-424.4648040770795,2391.028030812323,-398.0663017085117,False,118.69999999999999,-14.094561426292207,20.92597042433408,-1471.1943612333014,1373.5464508700898,25.229999999992646,326.03800000000297,-34.22385595279944,-27.79927869720616,-1046.7295571562217,-1017.4815799422331
436912.0,1.5298,-2.1096,10.3414,0.0246,-0.0867,9.8062,-0.1311,0.5884,-0.361,142.17,-82.43,53.33,52.844486,-1.675206,24.52,6,324.06,21 / 21,19.86204309854993,49.056181426526976,-10.094676849999962,-422.46523719582734,2395.9171023397244,-399.0763243935113,False,118.79999999999995,-14.10638852121364,21.063917903758824,-1472.6051019940476,1375.6480349830988,25.351111111107528,326.1899999999955,-33.96843161976357,-27.99226352276815,-1050.1398647982203,-1020.2690673566256
437012.0,0.0711,-7.8076,9.1512,0.0169,0.0358,9.8065,-0.02,0.2623,-0.2595,150.68,-82.08,55.01,52.844486,-1.675206,24.52,6,324.06,21 / 21,19.640011521150505,49.420667278931106,-10.100711849999962,-420.49013446484184,2400.840944774998,-400.08609382851154,False,118.89999999999998,-14.130985911518058,21.021991750747446,-1474.0158427547938,1377.738499603684,25.33000000000031,326.0910000000015,-33.770997432668565,-28.39867552818366,-1053.525708289952,-1023.1024451713142
437111.0,0.9992,2.3355,9.5485,-0.0223,-0.0604,9.8064,-0.0641,0.7166,-0.4461,145.55,-81.88,56.21,52.844486,-1.675206,24.52,6,324.06,21 / 21,19.56848726162467,49.61930148423512,-10.145935049999958,-418.5493137750947,2405.743423228774,-401.08830285006144,False,118.99899999999997,-14.056606328889739,21.229953862990733,-1475.405825472915,1379.8300761744654,25.461724999999937,326.4909599999998,-33.62509359051441,-28.38934762124439,-1056.8565116978202,-1025.9133470543088
437211.0,-0.8041,4.2787,8.3051,0.0082,-0.0078,9.8066,-0.1954,0.5925,-0.314,146.85,-81.49,57.87,52.844486,-1.675206,24.52,6,324.06,21 / 21,19.841638257232592,49.32742593937494,-10.233920049999977,-416.57880749915137,2410.690759599956,-402.10729560506167,False,119.09899999999999,-14.112218254328653,21.320395287800512,-1476.8164990554415,1381.964796375465,25.567830555549445,326.4989599999998,-33.95385651156124,-28.00703065157443,-1060.23769155629,-1028.725963224491
437311.0,-1.7568,2.8136,10.9049,0.032,-0.1324,9.8056,-0.061,0.4801,-0.2392,147.42,-81.25,58.12,52.844486,-1.675206,24.52,6,324.06,21 / 21,20.23952543079947,49.087271662494885,-10.25408504999997,-414.5747493147504,2415.611494480048,-403.1316958600613,False,119.19899999999996,-14.122827114696763,21.332450627480178,-1478.2272398161863,1384.0887306696566,25.583738888888227,326.49405000000024,-34.362352545496236,-27.754821035014707,-1063.6524905014358,-1031.5227638103913
437412.0,0.9408,4.0595,11.1983,0.0333,-0.1331,9.8057,-0.0279,0.9217,-0.539,145.47,-82.21,57.85,52.844486,-1.675206,24.52,6,324.06,21 / 21,20.566424064100826,48.80878519931791,-10.128345099999972,-412.51404886525796,2420.5552453515693,-404.1610085826363,False,119.29999999999995,-14.195993540764245,21.46408173521594,-1479.6655236108372,1386.2449114923506,25.733888888884454,326.5199999999992,-34.76241760486507,-27.34470346410197,-1067.1514747455792,-1034.3103338592186
437512.0,1.0708,-6.7618,9.8002,-0.0096,0.004,9.8066,0.0547,-0.2705,0.2335,152.75,-82.08,59.76,52.844486,-1.675206,24.52,6,324.06,23 / 23,20.537134761626522,48.87585433512438,-10.059085099999956,-410.4588709239711,2425.4394773282925,-405.17038009263655,False,119.39999999999998,-14.322198653130565,21.412834268710352,-1481.0964178110305,1388.3687345909202,25.761111111110708,326.2230000000044,-34.85933341475709,-27.46302006641403,-1070.6375468870594,-1037.0707427373723
437612.0,0.664,3.5121,8.1015,-0.0068,-0.0999,9.806,-0.1624,0.4442,-0.3644,146.52,-82.2,58.86,52.844486,-1.675206,24.52,6,324.06,23 / 23,20.50063472863254,48.971126249022845,-10.144665099999976,-408.4069824494577,2430.331826357501,-406.18056760263676,False,119.5,-14.405637947048223,21.433810215138237,-1482.5407476375215,1390.5036771826224,25.825,326.095,-34.90627267568077,-27.537316033884608,-1074.1337651880638,-1039.8281491748787
437712.0,2.2798,-4.8027,8.4806,-0.0122,0.0463,9.8065,0.0427,-0.4879,0.3378,147.73,-81.69,59.31,52.844486,-1.675206,24.52,6,324.06,23 / 23,20.44268800033563,48.9367630308978,-10.296225099999925,-406.35981631301,2435.2272208214954,-407.2026121126364,False,119.59999999999997,-14.46706621526632,21.49359250054852,-1483.9917952770152,1392.6497392673002,25.90888888888398,326.05600000000226,-34.90975421560195,-27.44317053034928,-1077.6319789640052,-1042.5774815541952
437811.0,0.7602,5.0756,9.1729,0.0031,-0.0644,9.8064,0.1466,-0.5575,0.2659,145.4,-82.11,57.4,52.844486,-1.675206,24.52,6,324.06,23 / 23,20.428618581371456,48.83864935983925,-10.393235199999914,-404.33668663721573,2440.0671037348366,-408.2267403974863,False,119.69899999999996,-14.479597228795715,21.567676950560525,-1485.4216818052546,1394.785349028087,25.97736388888583,326.12430999999697,-34.90821581016717,-27.270972409278727,-1081.0849951680389,-1045.2817547067496
437911.0,0.7613,1.4388,8.7836,-0.0036,0.1279,9.8058,-0.0215,-0.6714,0.426,139.13,-82.09,57.51,52.844486,-1.675206,24.52,6,324.06,23 / 23,20.657698973491023,48.525402487044715,-10.476075199999933,-402.28237075947214,2444.935306327182,-409.2702059174865,False,119.79899999999998,-14.585389389374077,21.607020461839834,-1486.8859635367844,1396.9425306053406,26.069080555552848,325.9794700000043,-35.2430883628651,-26.91838202520488,-1084.6035927773123,-1047.9927757218413
438012.0,3.6994,-3.7857,10.6469,-0.0481,0.0,9.8065,0.2959,-0.2574,0.0068,147.34,-81.71,58.9,52.844486,-1.675206,24.52,6,324.06,23 / 23,20.514491963958957,48.50027065845402,-10.485306599999932,-400.2031751171309,2449.8351028210295,-410.3287556983865,False,119.89999999999998,-14.624107146766312,21.58429469021618,-1488.3583738222192,1399.110164505241,26.071944444444412,325.8810000000014,-35.138599110725266,-26.91597596823784,-1088.1551987050882,-1050.7249383157884
438112.0,1.3874,-6.4505,11.7193,-0.012,0.07,9.8064,0.0841,-0.5076,0.4846,144.46,-81.68,61.68,52.844486,-1.675206,24.52,6,324.06,23 / 23,20.110368682951286,48.77225176187401,-10.3476615999999,-398.17193208478494,2454.698728942047,-411.3704041083867,False,120.0,-14.646784674534183,21.673928268753343,-1489.822857088144,1401.2784655749272,26.15888888888889,325.95,-34.75715335748547,-27.098323493120667,-1091.6509250033591,-1053.42026336712
438212.0,1.3405,-3.5402,8.8272,0.0138,0.0076,9.8066,0.0667,-0.0616,-0.2279,142.91,-81.89,60.9,52.844486,-1.675206,24.52,6,324.06,23 / 23,19.80422616077971,49.08925479603064,-10.301001599999918,-396.1762023425991,2459.591804269941,-412.40283726838635,False,120.09999999999997,-14.70574291654303,21.716209157316356,-1491.2940581671098,1403.4356471513227,26.22694444444046,325.8950000000032,-34.50996907732274,-27.37304563871428,-1095.1178558245108,-1056.1561571186182
438312.0,1.9594,-3.989,8.0092,-0.027,0.1281,9.8057,0.0303,-0.4854,0.3717,145.17,-81.23,62.52,52.844486,-1.675206,24.52,6,324.06,23 / 23,19.54762342891814,49.29129611344884,-10.43984659999995,-394.20860986311374,2464.510831815416,-413.4398796783866,False,120.19999999999999,-14.71586686974912,21.73115936326865,-1492.7652592461568,1405.6039482203012,26.24499999999921,325.895,-34.263490298667264,-27.560136750180188,-1098.5566493830431,-1058.906883595115
438412.0,3.3944,-5.6032,9.2708,0.0018,0.086,9.8062,-0.0976,0.7269,-0.2787,138.4,-81.6,61.0,52.844486,-1.675206,24.52,6,324.06,23 / 23,19.138340948880607,49.49324367460979,-10.55651159999991,-392.27431164422444,2469.450058804817,-414.48969758838626,False,120.29999999999995,-14.727849950297266,21.754579169770984,-1494.2431781383787,1407.7722492906937,26.271111111110336,325.90199999999976,-33.86619089917787,-27.73866450483881,-1101.968866494154,-1061.6778095141235
438513.0,0.1048,1.1676,9.3732,0.0191,-0.0137,9.8065,-0.0914,0.4123,-0.1906,132.55,-82.08,58.54,52.844486,-1.675206,24.52,6,324.06,23 / 23,18.960838222153843,49.55549269541045,-10.605461249999909,-390.3503030960872,2474.452019991503,-415.55837721731126,False,120.40099999999995,-14.67376577687318,21.989156035188728,-1495.722440593212,1409.984694746483,26.435630555554617,326.28410000000434,-33.63460399902702,-27.566336660221722,-1105.3721374971249,-1064.4673252450202
438611.0,0.8073,-0.629,9.2253,0.0219,0.0305,9.8065,0.0484,0.0009,-0.0648,130.61,-82.24,59.84,52.844486,-1.675206,24.52,6,324.06,23 / 23,19.04547147793454,49.51754169918246,-10.655186449999915,-388.4879939207826,2479.306598676839,-416.60014895461137,False,120.49899999999997,-14.817211109938158,21.96733049095376,-1497.17080110759,1412.1314239999301,26.49742499999997,325.99990000000014,-33.8626825878727,-27.5502112082287,-1108.6828071868074,-1067.1751746769087
438711.0,0.1052,-0.7917,9.9977,-0.0114,-0.0026,9.8066,-0.0756,0.0823,-0.0739,126.23,-82.31,59.15,52.844486,-1.675206,24.52,6,324.06,23 / 23,19.056308478137392,49.54662308839088,-10.674701449999919,-386.58290492297857,2484.2598069162186,-417.6666433496116,False,120.59899999999999,-14.776047696832368,21.921887142892317,-1498.6487199997064,1414.3109557561093,26.43673055555913,326.01877999999874,-33.83235617496976,-27.624735945498564,-1112.0658150767279,-1069.9488511601094
438813.0,2.4458,-2.4234,8.3613,0.0225,0.0221,9.8066,0.0678,-0.3326,0.1249,128.52,-82.23,59.76,52.844486,-1.675206,24.52,6,324.06,23 / 23,18.943793890430975,49.5678370050956,-10.738670749999903,-384.64489970218204,2489.314644380985,-418.7587253318113,False,120.70099999999996,-14.796099555608397,22.001807319571178,-1500.1561972697582,1416.5676567936237,26.514224999994873,326.07936999999396,-33.739893446039375,-27.56602968552442,-1115.511297567576,-1072.7469875873614
438912.0,1.1952,4.7358,10.7024,-0.0311,0.0404,9.8064,-0.0934,0.4344,-0.2238,144.61,-81.85,61.32,52.844486,-1.675206,24.52,6,324.06,23 / 23,18.958115422361885,49.32862636717462,-10.7658759499999,-382.768755191199,2494.210019317912,-419.8232003934612,False,120.79999999999995,-14.808358344035499,22.132993994361676,-1501.619336973045,1418.7583080426182,26.629999999996542,326.21499999999594,-33.76647376639738,-27.195632372812945,-1118.850581781846,-1075.451711275294
439012.0,-2.3918,-8.7693,10.6812,0.0381,0.1039,9.806,-0.0532,0.4,-0.3302,167.0,-81.35,62.14,52.844486,-1.675206,24.52,6,324.06,23 / 23,19.157203899978246,49.52926929015723,-10.67736094999988,-380.86298922508155,2499.15291410078,-420.8953622384614,False,120.89999999999998,-14.815078420215041,22.14052960980994,-1503.0972558652677,1420.971087083422,26.639999999999848,326.21200000000005,-33.97228232019329,-27.388739680347292,-1122.2342666401862,-1078.181827017358
439112.0,2.1987,-0.7146,9.6053,0.0091,-0.075,9.8063,-0.1186,0.5588,-0.1725,176.28,-81.6,62.91,52.844486,-1.675206,24.52,6,324.06,23 / 23,19.14660310280802,49.96093976630113,-10.643700949999872,-378.9477988749418,2504.127424553604,-421.9614153334617,False,121.0,-14.6027997584406,22.247557761001197,-1504.5550213180304,1423.1949856166514,26.611944444444443,326.72,-33.74940286124862,-27.713382005299934,-1125.6072224430886,-1080.9324389369528
439212.0,1.7981,0.2364,11.4968,-0.0022,-0.0157,9.8066,-0.0294,-0.016,0.0734,175.04,-81.48,63.38,52.844486,-1.675206,24.52,6,324.06,23 / 23,19.026042228976255,49.91301874336985,-10.569260949999897,-377.03916660835324,2509.121122479086,-423.0220634284613,False,121.09999999999997,-14.504988103040446,22.38530027913966,-1505.9993511444025,1425.4300036421425,26.67388888888526,327.0579999999802,-33.5310303320167,-27.527718464230187,-1128.9601845360492,-1083.6911188369434
439311.0,1.8872,0.782,11.4929,-0.0353,-0.1268,9.8057,0.0538,0.4048,-0.2486,174.9,-82.23,64.22,52.844486,-1.675206,24.52,6,324.06,23 / 23,18.92865991178221,49.79143488040735,-10.402129149999915,-375.1604088523859,2514.0564929334623,-424.06014723841116,False,121.19899999999996,-14.47836365710972,22.520312453088025,-1507.4292376726282,1427.664688082542,26.772888888884463,327.26292999999083,-33.40702356889193,-27.271122427319327,-1132.2688288202423,-1086.3918048509204
439412.0,-0.1626,0.1194,9.5944,-0.0031,-0.0802,9.8063,0.0193,-0.2448,0.1464,167.75,-82.18,65.19,52.844486,-1.675206,24.52,6,324.06,23 / 23,18.9313070136275,49.688384092598206,-10.327692149999915,-373.2484805226527,2519.080223791599,-425.10700321406114,False,121.29999999999995,-14.674366472408606,22.51043271416554,-1508.9081642368303,1429.9333981707277,26.871111111108238,326.9000000000108,-33.6056734860361,-27.177951378432667,-1135.6596837141776,-1089.1468256208714
439512.0,-1.5833,-3.1832,9.7506,-0.0052,-0.0473,9.8064,-0.0536,-0.0832,0.0886,172.2,-81.9,62.77,52.844486,-1.675206,24.52,6,324.06,22 / 22,19.08254081465784,49.8040513647334,-10.34110714999992,-371.347788131238,2524.0548455644666,-426.1404431790614,False,121.39999999999998,-14.46041710237539,22.603300813661924,-1510.3457762501466,1432.190655181941,26.83305555555612,327.39099999999274,-33.54295791703323,-27.200750551071472,-1138.9979881189086,-1091.8641903825255
439611.0,-0.598,-2.4813,9.9443,-0.0063,-0.0253,9.8065,0.0126,0.0113,-0.0195,157.85,-82.31,60.41,52.844486,-1.675206,24.52,6,324.06,22 / 22,19.20746768725868,50.05529560609475,-10.33706794999992,-369.45243271039334,2528.9978832395223,-427.16401284651124,False,121.49899999999997,-14.643247585409425,22.565641096742134,-1511.795614683411,1434.4253396223417,26.900430555555523,327.0197500000002,-33.850715272668104,-27.48965450935262,-1142.3431819730176,-1094.5725436171806
439712.0,0.9398,-0.9105,9.043,0.0046,0.0494,9.8064,0.0479,-0.2462,-0.1191,159.54,-82.05,62.06,52.844486,-1.675206,24.52,6,324.06,22 / 22,19.221708105123614,50.17784719903608,-10.36868094999992,-367.51175933287806,2534.0596569511813,-428.20965316596124,False,121.59999999999997,-14.565443470670697,22.714161741447413,-1513.2680249687398,1436.716288696628,26.983055555550756,327.3299999999816,-33.78715157579431,-27.463685457588667,-1145.7562656358618,-1097.3433682545533
439812.0,2.8375,-3.1078,10.8736,-0.0247,0.0835,9.8062,0.2686,-0.4537,0.0365,155.69,-81.32,63.02,52.844486,-1.675206,24.52,6,324.06,22 / 22,19.06215204675033,50.25798283506562,-10.353515949999917,-365.59756632528394,2539.0814484528873,-429.24576301096147,False,121.69999999999999,-14.593291421274763,22.779456981797395,-1514.725790421502,1438.9846651995601,27.053055555552493,327.35499999999894,-33.6554434680251,-27.478525853268223,-1149.1282240962182,-1100.0967832533272
439912.0,0.6301,-5.0208,10.0456,0.0356,0.0955,9.806,0.0785,0.5004,-0.2943,156.37,-81.24,64.68,52.844486,-1.675206,24.52,6,324.06,22 / 22,18.833873845105316,50.5318407040127,-10.288220949999939,-363.7027650306918,2544.1209396298395,-430.2778498559611,False,121.79999999999995,-14.602186161434606,22.869719839588022,-1516.1835558742903,1441.2641611963309,27.1338888888865,327.44199999999745,-33.43606000653992,-27.66212086442468,-1152.4807908435985,-1102.8567784335087
440012.0,1.3087,1.7842,11.9826,0.0427,0.0211,9.8065,-0.1001,0.227,-0.2463,156.16,-81.61,64.24,52.844486,-1.675206,24.52,6,324.06,22 / 22,18.77495719341101,50.61405907610024,-10.167475949999911,-361.82232347876555,2549.1782346188465,-431.3006347009613,False,121.89999999999998,-14.564573386536678,22.90323886033348,-1517.6413213270796,1443.554776684821,27.141944444444324,327.5469999999985,-33.339530579947684,-27.71082021576676,-1155.818997848314,-1105.6234579340255
440112.0,2.5082,-1.6259,8.7034,0.0159,0.0935,9.8061,-0.0681,0.5095,-0.3031,158.61,-81.16,67.96,52.844486,-1.675206,24.52,6,324.06,22 / 22,18.698537867413727,50.507038287892165,-10.113840949999899,-359.9486487257239,2554.234289487047,-432.31470054596156,False,122.0,-14.570512475655965,23.025131872703703,-1519.0923689666934,1445.8565116664447,27.248055555555556,327.67400000000004,-33.269050343069694,-27.481906415188462,-1159.1437202409695,-1108.3777778206024
440212.0,-0.0238,5.087,9.4854,-0.0248,-0.1101,9.806,-0.0701,0.7379,-0.2441,150.51,-81.62,64.63,52.844486,-1.675206,24.52,6,324.06,22 / 22,18.773254428494866,50.29196570565776,-10.185065949999874,-358.0750591109291,2559.274239686723,-433.3296458909612,False,122.09999999999997,-14.61330587055964,23.032216344908786,-1520.550134419349,1448.1693661403244,27.276944444442755,327.606000000004,-33.38656029905451,-27.259749360748973,-1162.47507530842,-1111.1048735463985
440312.0,0.8646,-2.7907,9.1072,0.022,-0.042,9.8065,0.2009,-0.2307,-0.0123,155.41,-81.96,64.68,52.844486,-1.675206,24.52,6,324.06,22 / 22,18.89780994551797,50.15845280376623,-10.236100949999885,-356.191505892228,2564.296760612195,-434.3507042359614,False,122.19999999999999,-14.585935431329009,23.045943302815033,-1522.0078998721513,1450.4711011219488,27.273888888889026,327.66999999999723,-33.48374537684698,-27.112509500951198,-1165.8163939799233,-1113.8256594902464
440412.0,1.5744,-4.1097,10.8774,0.0409,-0.0249,9.8065,-0.0923,0.1686,-0.123,155.39,-82.1,64.43,52.844486,-1.675206,24.52,6,324.06,22 / 22,18.73805950633855,50.39571082728263,-10.217535949999892,-354.30971241963584,2569.324468793746,-435.37338608096104,False,122.29999999999995,-14.55680824895626,23.19924396865405,-1523.4589475117643,1452.7950750891289,27.388055555552178,327.89299999999344,-33.29486775529481,-27.19646685862858,-1169.1492350921285,-1116.529393704617
440512.0,1.0114,-1.4108,9.8035,0.0095,-0.02,9.8065,-0.2671,0.1247,0.0978,161.59,-82.17,66.02,52.844486,-1.675206,24.52,6,324.06,21 / 21,18.603764652028907,50.570010591716866,-10.16415594999988,-352.44262121171704,2574.372754864697,-436.39247067596125,False,122.39999999999998,-14.704165249701788,23.199581061381163,-1524.9301485908375,1455.1079295631787,27.46694444444328,327.63300000000385,-33.307929901730695,-27.370429530335702,-1172.4875273791204,-1119.2648253015184
440612.0,1.3279,3.414,9.735,-0.0387,-0.0143,9.8065,0.1127,0.3941,-0.452,157.55,-81.73,67.43,52.844486,-1.675206,24.52,6,324.06,21 / 21,18.629917367388828,50.40537830698759,-10.167895949999881,-350.5809371107457,2579.4215243096332,-437.40907327096147,False,122.5,-14.715503477286768,23.247968496195195,-1526.4013496699113,1457.4319035296535,27.513888888888886,327.66700000000003,-33.345420844675594,-27.157409810792398,-1175.8204125591656,-1121.9896207799798
440712.0,-0.2023,1.765,9.7987,-0.014,-0.021,9.8066,-0.0638,0.0721,0.0565,158.82,-81.47,69.2,52.844486,-1.675206,24.52,6,324.06,21 / 21,18.768456053840215,50.113383237297775,-10.17187594999988,-348.7110184396849,2584.447462386846,-438.4260618659611,False,122.59999999999997,-14.607642094250192,23.34899347353248,-1527.859115122567,1459.7558774966656,27.5419444444428,327.9689999999823,-33.376098148090406,-26.764389763765294,-1179.148096682882,-1124.6915848901804
440812.0,0.0526,2.3114,10.0076,-0.0123,-0.1432,9.8056,-0.096,0.4482,-0.2118,156.3,-82.06,65.96,52.844486,-1.675206,24.52,6,324.06,21 / 21,18.947523800458058,49.89865170384962,-10.162225949999877,-346.8252194469695,2589.4480641339046,-439.4427669609613,False,122.69999999999999,-14.670297401386849,23.410049839568394,-1529.3303162016398,1462.1020904486977,27.62694444444072,327.92600000000186,-33.617821201844905,-26.48860186428123,-1182.5050967546704,-1127.345973685207
440911.0,0.9224,0.5749,9.6894,-0.0138,-0.1088,9.806,0.0794,-0.2613,0.2137,155.47,-82.17,65.3,52.844486,-1.675206,24.52,6,324.06,21 / 21,19.055000562550905,49.72178844929666,-10.158082799999878,-344.9440944910008,2594.379275921485,-440.4486222440862,False,122.79899999999998,-14.658721081020772,23.522350379234414,-1530.780154634905,1464.4248412719105,27.716044444441792,328.06954999999573,-33.713721643571674,-26.199438070062246,-1185.8360601439044,-1129.9544346495743
441011.0,-0.6419,-4.9025,10.2676,-0.019,-0.0719,9.8063,0.0601,0.3593,-0.2256,158.18,-81.82,68.71,52.844486,-1.675206,24.52,6,324.06,21 / 21,19.057731808185448,49.88797138273294,-10.140897799999875,-343.03845787246354,2599.3597639130876,-441.4635712740864,False,122.899,-14.615056281595686,23.587776183739734,-1532.2379872658125,1466.7820625221525,27.748569444443977,328.2175199999978,-33.672788089781136,-26.300195198993208,-1189.199529393349,-1132.577701390935
441111.0,-0.9487,0.8745,11.6231,0.009,-0.1016,9.806,-0.0538,0.5441,-0.2162,157.11,-82.33,67.91,52.844486,-1.675206,24.52,6,324.06,21 / 21,19.15080506088103,50.076270881238194,-10.027027799999914,-341.12803102901086,2604.3579760262846,-442.47196755408606,False,122.99899999999997,-14.547596286584579,23.711156157605874,-1533.6891020835703,1469.1504032648193,27.81818888888885,328.4694699999999,-33.698401347465605,-26.36511472363232,-1192.5610710545595,-1135.2075727614654
441211.0,-0.0642,-11.104,9.7085,0.0172,-0.0323,9.8065,-0.0099,-0.1913,0.2655,156.81,-82.57,67.92,52.844486,-1.675206,24.52,6,324.06,21 / 21,19.08986497927487,50.537804721598285,-9.941112799999894,-339.2159975270026,2609.3886798064277,-443.4703745840863,False,123.09899999999999,-14.652078001638069,23.72807636709629,-1535.1534509931264,1471.518855202241,27.8873638888849,328.3046900000098,-33.74194298091294,-26.809728354501996,-1195.9374534661238,-1137.8698246041868
441312.0,0.5884,4.9355,10.6826,-0.0068,-0.1793,9.805,-0.0009,-0.9694,0.6878,149.4,-82.96,65.98,52.844486,-1.675206,24.52,6,324.06,21 / 21,19.06980106064438,50.80283966755453,-9.901833899999895,-337.28893439198674,2614.50638234808,-444.4724433924363,False,123.19999999999999,-14.609713456533404,23.810092350049203,-1536.6258612785605,1473.922111151632,27.934999999997945,328.4669999999928,-33.679514517177786,-26.992747317505327,-1199.3369268865738,-1140.584271196448
441412.0,2.3156,-5.348,9.4301,-0.0171,0.0613,9.8063,0.0914,-0.7295,0.276,156.44,-82.36,66.93,52.844486,-1.675206,24.52,6,324.06,21 / 21,19.052690989858682,50.75278023894262,-9.876863899999904,-335.3828097894622,2619.5841633434034,-445.46137828243593,False,123.29999999999995,-14.650430994017796,23.843764314584224,-1538.090344544471,1476.3016825816485,27.98499999999852,328.43200000000104,-33.70312198387648,-26.909015924358396,-1202.7075347550087,-1143.2824807617549
441514.0,-1.3254,4.6858,10.4533,-0.004,-0.0911,9.8062,0.1261,-0.731,0.5424,149.77,-82.62,65.6,52.844486,-1.675206,24.52,6,324.06,22 / 22,19.111605562249686,50.76088851442669,-9.8630887999999,-333.43643066530404,2624.761360449827,-446.4681158701362,False,123.40199999999999,-14.622789122194193,23.821205758910725,-1539.5838487631888,1478.729512609133,27.95131666666432,328.4560399999964,-33.73439468444388,-26.939682755515964,-1206.1474180978848,-1146.031847840694
441611.0,0.2047,-9.7043,10.3495,0.039,0.0781,9.8062,0.0075,-0.873,0.5919,157.59,-82.39,69.01,52.844486,-1.675206,24.52,6,324.06,22 / 22,19.185368932950734,51.006146810331316,-9.805398049999912,-331.5790274022872,2629.6970616630765,-447.422037482361,False,123.49899999999997,-14.603203696861112,24.01851761519697,-1540.991364973639,1481.0700546205803,28.10948055555548,328.7004799999999,-33.788572629811846,-26.987629195134346,-1209.4123375713518,-1148.6270070424962
441711.0,0.731,-5.5088,11.3425,-0.015,-0.0144,9.8065,-0.0834,-0.0034,-0.0937,161.61,-82.72,67.13,52.844486,-1.675206,24.52,6,324.06,22 / 22,18.961919769013473,51.66813675817816,-9.701463049999889,-329.6716629671885,2634.830775841503,-448.39738053736124,False,123.59899999999999,-14.703643194043053,24.101576936979413,-1542.4623645182126,1483.4829845298161,28.232661111104022,328.61390000000523,-33.66556296305653,-27.566559821198744,-1212.790701551024,-1151.347791311687
441812.0,-0.7732,-5.4194,9.6294,0.0245,0.1053,9.806,0.0405,-0.5035,0.3359,163.42,-82.28,70.11,52.844486,-1.675206,24.52,6,324.06,22 / 22,18.89020311129209,52.15634257434384,-9.632853749999889,-327.76013076173314,2640.073912047795,-449.3737635357612,False,123.69999999999999,-14.51007238756736,24.189919337048767,-1543.92812416863,1485.9200437362033,28.208055555556687,329.0429999999812,-33.40027549885945,-27.96642323729507,-1216.1679934068968,-1154.1538683115919
441911.0,-0.9553,-3.7636,8.94,0.0273,0.0688,9.8063,-0.0238,0.7273,-0.5468,163.75,-82.38,70.3,52.844486,-1.675206,24.52,6,324.06,22 / 22,18.93284478543701,52.57794698771726,-9.684526799999883,-325.88788989084526,2645.2582593811167,-450.3299738729861,False,123.79899999999998,-14.420467045311577,24.2767110257812,-1545.3513600618257,1488.3308609408266,28.236655555554705,329.2895099999926,-33.35331183074859,-28.30123596193606,-1219.4634701709806,-1156.92739844029
442012.0,0.2818,9.8312,9.1346,-0.0413,0.0577,9.8064,0.006,0.3439,-0.3793,163.87,-82.63,70.92,52.844486,-1.675206,24.52,6,324.06,22 / 22,19.141124678903594,52.25338363400789,-9.762231149999883,-323.9651544328961,2650.5522415775135,-451.31203514946105,False,123.89999999999998,-14.558916690467525,24.393760785237962,-1546.816783821572,1490.7903815226152,28.408055555553027,329.17000000000183,-33.70004136937112,-27.859622848769927,-1222.851629388676,-1159.7618600548983
442112.0,-0.3066,-11.0895,10.0167,-0.0066,0.2008,9.8045,-0.1716,1.2212,-0.5937,160.26,-81.57,72.03,52.844486,-1.675206,24.52,6,324.06,22 / 22,19.182406123702464,52.267851191494955,-9.785331149999887,-322.0489778927654,2655.7783033187898,-452.28941326446125,False,124.0,-14.57991999027496,24.38347869105597,-1548.2745492743609,1493.2255504168834,28.409999999999997,329.12300000000005,-33.76232611397742,-27.884372500438985,-1226.2255713815955,-1162.5527529019064
442212.0,-2.3633,7.8334,9.8428,-0.0072,-0.2264,9.804,-0.1564,1.3531,-0.8675,157.66,-82.9,70.3,52.844486,-1.675206,24.52,6,324.06,22 / 22,19.36069378609945,52.44606455270525,-9.773021149999892,-320.12182289727593,2661.013999105998,-453.2673308794609,False,124.09999999999997,-14.456516309429224,24.434899760766882,-1549.718879100733,1495.6718388033978,28.391111111112213,329.38999999998435,-33.81721009552867,-28.01116479193837,-1229.597056203457,-1165.3421603026004
442312.0,-0.1338,4.1672,10.7279,0.0102,-0.0425,9.8065,0.1459,0.0329,0.075,158.85,-82.69,71.85,52.844486,-1.675206,24.52,6,324.06,22 / 22,19.793645014875345,51.906438112399776,-9.725151149999881,-318.16410595722675,2666.231624239255,-454.24223949446116,False,124.19999999999999,-14.557954476833192,24.57111233644155,-1551.1699267403594,1498.1292466818095,28.559999999992606,329.35400000000163,-34.35159949170854,-27.335325775958225,-1233.0058207831325,-1168.1023775574454
442412.0,-1.3127,6.0786,10.2214,0.0202,-0.1951,9.8046,-0.1196,0.9035,-0.5482,159.11,-83.23,73.43,52.844486,-1.675206,24.52,6,324.06,22 / 22,20.137733221381453,51.4224415417538,-9.658351149999904,-316.1675370454146,2671.398068221961,-455.2114146094608,False,124.29999999999995,-14.774281991400692,24.489674322632904,-1552.6478456325667,1500.575535067795,28.601111111109894,328.8980000000135,-34.912015212782144,-26.932767219120894,-1236.4803085871522,-1170.8225331541657
442512.0,-0.7602,4.682,9.9473,-0.0224,-0.1822,9.8049,-0.0772,-0.8942,0.4904,158.87,-82.92,72.38,52.846344,-1.677113,28.59,4,329.23,23 / 23,20.520242050466027,50.925681352936586,-9.630581149999898,-314.13463828182176,2676.5154743666963,-456.175861224461,False,124.39999999999998,-14.565779995415085,24.65491660284083,-1554.0988932722078,1503.0440624400471,28.636111111110594,329.4259999999922,-35.08602204588111,-26.270764750095754,-1239.964254990386,-1173.4714119266491
442611.0,-1.9173,-9.5129,8.2543,-0.0282,-0.0327,9.8065,0.0606,-0.0861,0.05,159.21,-82.51,71.33,52.846344,-1.677113,28.59,4,329.23,23 / 23,20.65248861989224,51.1656652416967,-9.700460299999891,-312.09658811363926,2681.5689960231302,-457.13274777623593,False,124.49899999999997,-14.573262094934988,24.73096537736473,-1555.5420810704552,1505.4879045378761,28.705411111111076,329.49035,-35.22575071482723,-26.43469986433197,-1243.445492956816,-1176.081091485254
442712.0,0.3625,1.596,10.0939,0.0077,-0.1513,9.8054,0.0018,-0.8027,0.4798,158.97,-82.66,72.0,52.846344,-1.677113,28.59,4,329.23,23 / 23,20.678172908737253,51.53532121408033,-9.76434784999989,-310.00938970644347,2686.755395839147,-458.1157205878109,False,124.59999999999997,-14.504156213916827,24.75240994734387,-1557.0009885513687,1507.9811171829563,28.6888888888899,329.6309999999918,-35.18232912265408,-26.782911266736456,-1246.9915988449252,-1178.7742786561905
442812.0,0.9823,-10.5114,10.3655,0.0129,0.0493,9.8065,0.121,-0.4873,0.3049,161.3,-82.1,74.54,52.846344,-1.677113,28.59,4,329.23,23 / 23,20.567167568568543,51.903011855509526,-9.72204284999988,-307.9471226825777,2691.9273124926276,-459.09004012281116,False,124.69999999999999,-14.550360258506684,24.87503451958268,-1558.452036190982,1510.4718835393517,28.818055555549904,329.6749999999981,-35.11752782707523,-27.027977335926845,-1250.5049135084043,-1181.455428953276
442912.0,1.0212,1.8618,11.4579,0.0029,-0.13,9.8058,0.0108,0.387,-0.1679,166.32,-82.44,74.99,52.846344,-1.677113,28.59,4,329.23,23 / 23,20.41444908512242,52.24334859928083,-9.611537849999918,-305.89804184989384,2697.134630515365,-460.05671915781085,False,124.79999999999995,-14.696447876636249,24.835494564368467,-1559.9232372700405,1512.951530404029,28.85805555555437,329.3850000000086,-35.11089696175867,-27.40785403491236,-1254.0251954201467,-1184.1831001113362
443011.0,0.8637,-7.8909,9.4692,-0.0251,0.102,9.806,0.1389,-0.9283,0.4481,160.13,-82.63,73.92,52.846344,-1.677113,28.59,4,329.23,23 / 23,20.303513741681407,52.456768507015155,-9.546504749999887,-303.8825026899661,2702.3172863121295,-461.0050422665113,False,124.899,-14.590001182033769,24.90040534207257,-1561.3597744332722,1515.4173890968616,28.859980555555527,329.6324999999963,-34.89351492371517,-27.556363164942585,-1257.4772717433061,-1186.8998972152679
443112.0,0.2736,6.6215,9.9193,-0.0034,-0.0191,9.8065,0.0542,-0.4995,0.3187,155.08,-82.38,73.86,52.846344,-1.677113,28.59,4,329.23,23 / 23,20.349966912854523,52.478073299689186,-9.557857149999887,-301.829501916912,2707.616495823368,-461.9698125424613,False,125.0,-14.50300599451556,24.844794979443414,-1562.825332549295,1517.9219436251033,28.768055555555556,329.726,-34.85297290737008,-27.633278320245772,-1260.9958306323829,-1189.6945521982648
443212.0,0.0142,6.5275,9.3308,-0.0502,0.1974,9.8045,0.231,-1.425,0.684,163.22,-81.2,76.85,52.846344,-1.677113,28.59,4,329.23,23 / 23,20.663251627005536,51.827641826298745,-9.576017149999881,-299.77884098991973,2712.831781579666,-462.92650625746097,False,125.09999999999997,-14.513245705557768,24.95327995772132,-1564.2696623756935,1520.4238294744493,28.866944444438655,329.8169999999946,-35.1764973325633,-26.874361868577424,-1264.4908213857739,-1192.4079521052165
443313.0,-1.3233,6.7705,9.7319,-0.0082,0.1312,9.8058,-0.1366,1.0546,-0.456,167.68,-81.58,76.31,52.846344,-1.677113,28.59,4,329.23,23 / 23,20.985623099661503,51.149854369674095,-9.60382244999988,-297.67557281622305,2718.0321451375626,-463.89508815726094,False,125.20099999999996,-14.498202772363458,24.688904734154203,-1565.734951779218,1522.9061450164331,28.631111111106236,329.577009999978,-35.48382587202496,-26.460949635519892,-1268.0593789629947,-1195.1260001211294
443412.0,0.6011,-2.0226,10.4771,0.0074,0.0652,9.8064,0.0221,-0.1413,0.0193,167.84,-81.88,76.89,52.846344,-1.677113,28.59,4,329.23,23 / 23,21.157152955066195,50.88310719130945,-9.574335299999882,-295.58950540151426,2723.0827767348305,-464.8444069658858,False,125.29999999999995,-14.338831113057024,24.908821533992164,-1567.1448864023648,1525.3720037099652,28.741111111107827,330.0729999999852,-35.49598406812322,-25.974285657317285,-1271.5553810008505,-1197.7107730248654
443514.0,2.1773,-12.378,9.1126,0.0303,0.2085,9.8043,-0.1792,1.5442,-0.8781,168.65,-81.78,78.43,52.846344,-1.677113,28.59,4,329.23,22 / 22,20.96076608666678,51.52755038433208,-9.575538899999883,-293.4414915303852,2728.30572027119,-465.8210505500861,False,125.40199999999999,-14.396221437068577,24.809808502575137,-1568.6108475871717,1527.901243511216,28.68411111111255,329.87499999999574,-35.356987523735356,-26.717741881756943,-1275.1693560567865,-1200.4044767599737
443612.0,0.4045,6.7156,9.9506,-0.0088,-0.082,9.8062,-0.2529,1.0955,-0.5724,168.29,-82.14,78.17,52.846344,-1.677113,28.59,4,329.23,22 / 22,20.868951917345715,51.7294691808985,-9.602493799999886,-291.3918353481883,2733.3653142298867,-466.7607741523862,False,125.5,-14.21997214827807,24.798349553125224,-1569.9999569895892,1530.331297437907,28.58611111111111,330.16900000000004,-35.088924065623786,-26.931119627773274,-1278.6081216414009,-1203.0340167919796
443712.0,1.3966,-9.9335,9.6652,0.0183,-0.0694,9.8063,0.0422,0.4278,-0.3176,165.88,-83.23,75.44,52.846344,-1.677113,28.59,4,329.23,22 / 22,20.815992901197106,51.81688486717676,-9.602368799999885,-289.3075881072619,2738.5426319322887,-467.72101728238584,False,125.59999999999997,-14.234321806273654,24.76224450979866,-1571.4241333765424,1532.7998248099786,28.561944444445857,330.1080000000036,-35.05031470747076,-27.0546403573781,-1282.1165452692806,-1205.74280712231
443811.0,-0.6189,-4.938,10.1217,-0.0166,-0.0911,9.8062,0.0408,0.725,-0.5038,166.61,-82.64,75.92,52.846344,-1.677113,28.59,4,329.23,22 / 22,20.689551076432302,52.47914207935797,-9.593775599999885,-287.25306368036945,2743.705285266142,-468.67122643018575,False,125.69899999999996,-14.16403619986907,24.73186944034202,-1572.8207667296685,1535.2436669064073,28.50061944444718,330.2000699999959,-34.85358727630137,-27.74727263901595,-1285.567703049299,-1208.4616183597345
443912.0,-0.5395,-7.0889,9.49,0.0231,0.0338,9.8066,0.1389,0.0479,-0.0818,169.17,-81.85,79.42,52.846344,-1.677113,28.59,4,329.23,22 / 22,20.70951962288979,53.0397007787486,-9.593856399999884,-285.1624106100537,2749.0339868304764,-469.64020184618573,False,125.79999999999995,-14.034828959813009,24.77821504791674,-1574.2321792717514,1537.7591185379179,28.476944444445124,330.47199999999197,-34.7443485827028,-28.261485730831865,-1289.0697686616977,-1211.2748682925585
444012.0,-0.55,-3.389,8.9307,0.0018,-0.1251,9.8058,-0.1839,0.3433,-0.1874,163.9,-81.95,79.36,52.846344,-1.677113,28.59,4,329.23,22 / 22,20.736775374804576,53.51988896136711,-9.653486399999897,-283.0900958601685,2754.361966317483,-470.60256898618593,False,125.89999999999998,-14.00428524207037,24.691117813318044,-1575.6294844061997,1540.2165264170385,28.386111111112452,330.43900000000053,-34.74106061687495,-28.828771148049064,-1292.5393885460312,-1214.1454399004447
444111.0,0.9853,1.8464,11.3637,-0.0209,-0.1022,9.806,-0.045,-0.4909,0.3028,162.55,-82.04,77.08,52.846344,-1.677113,28.59,4,329.23,22 / 22,20.786767704288778,53.548851020712995,-9.619771949999901,-281.0346804777536,2759.6618689465954,-471.5565952745108,False,125.99899999999997,-13.987773803803474,24.720699432521066,-1577.0128164893035,1542.6713768123686,28.403711111111104,330.49741,-34.774541508092256,-28.82815158819193,-1295.9781360115499,-1216.9904921342268
444211.0,0.2016,-3.076,11.8657,0.0011,-0.0413,9.8065,0.1609,-0.0683,0.1908,167.76,-82.14,77.27,52.846344,-1.677113,28.59,4,329.23,22 / 22,20.813948953342155,53.55285999094843,-9.438966949999859,-278.9546446448716,2765.0169544971795,-472.509532219511,False,126.09899999999999,-13.789371518874,24.645102642341197,-1578.3901697186268,1545.1290070811594,28.240538888898413,330.772229999984,-34.603320472216154,-28.90775734860723,-1299.4355250737551,-1219.88794741602
444312.0,-0.5847,4.7265,9.9655,0.0271,-0.1194,9.8058,0.1681,-0.7946,0.3318,168.26,-82.77,78.78,52.846344,-1.677113,28.59,4,329.23,22 / 22,20.936284381134488,53.42862453086137,-9.32696299999986,-276.8462578614806,2770.419519465531,-473.457211681986,False,126.19999999999999,-13.847774641151839,24.68754875888397,-1579.781092930591,1547.6221085307857,28.30611111110817,330.7110000000028,-34.78405902228633,-28.7410757719774,-1302.9348350691105,-1222.7974109347451
444412.0,-0.1396,-2.2018,10.0501,0.0037,0.0917,9.8062,0.0852,-0.7877,0.4235,170.1,-82.19,81.1,52.846344,-1.677113,28.59,4,329.23,22 / 22,21.086852192279867,53.26534442256417,-9.306847999999867,-274.74510103281057,2775.7542179132,-474.38890223198564,False,126.29999999999995,-13.848532573847706,24.556137259551047,-1581.164962438754,1550.0683969181864,28.19194444444782,330.57900000000393,-34.93538476612757,-28.709207163013122,-1306.4198614059433,-1225.6858209950137
444512.0,-1.0384,6.6093,9.4452,0.0163,-0.0012,9.8066,-0.087,0.1837,-0.1444,169.82,-82.47,80.89,52.846344,-1.677113,28.59,4,329.23,22 / 22,21.269576912067922,53.010239710496506,-9.312747999999868,-272.6272795775927,2781.067997119854,-475.31988203198586,False,126.39999999999998,-13.621030459373088,24.543684100495817,-1582.5219606943363,1552.525804795891,28.0700000000018,330.9709999999942,-34.89060737144101,-28.46655561000069,-1309.8946811167436,-1228.5421923239633
444612.0,-3.1545,1.1607,9.2677,-0.0004,0.1159,9.8059,0.0074,-0.308,0.1904,169.74,-81.89,80.42,52.846344,-1.677113,28.59,4,329.23,22 / 22,21.630045794618106,52.616738464075674,-9.357767999999878,-270.4822984422579,2786.349346028584,-476.25340783198607,False,126.5,-13.645109133342816,24.549693378217032,-1583.8856767630668,1554.9832126757178,28.086944444444445,330.934,-35.27515492796092,-28.06704508585864,-1313.403378320809,-1231.3661333528662
444712.0,0.4034,-5.1761,10.3409,-0.0341,0.1246,9.8057,-0.06,0.4546,-0.3587,165.33,-81.6,80.57,52.846344,-1.677113,28.59,4,329.23,22 / 22,21.797715910969913,52.78800000854413,-9.358002999999878,-268.31091035697926,2791.619582952213,-477.1891963819857,False,126.59999999999997,-13.620173714876698,24.54415954920106,-1585.2426750185489,1557.4406205539499,28.07000000000099,330.97299999999774,-35.41788962584661,-28.243840459343073,-1316.9317646615696,-1234.1789623982631
444812.0,-0.2645,-0.6752,10.5069,0.0103,-0.0114,9.8066,-0.1066,0.0963,0.1285,165.27,-81.8,80.74,52.846344,-1.677113,28.59,4,329.23,22 / 22,21.80580642110677,53.027691949726716,-9.296277999999864,-266.1307342403749,2796.910367550128,-478.1219104319859,False,126.69999999999999,-13.475011177819221,24.49171243033603,-1586.586237647833,1559.875789447512,27.953888888893967,331.1809999999909,-35.28081759892599,-28.535979519390686,-1320.455503407458,-1237.0345781026158
444912.0,2.1358,-3.3729,10.8121,0.0034,0.016,9.8066,-0.1335,0.0848,-0.1466,169.45,-82.06,80.08,52.846344,-1.677113,28.59,4,329.23,22 / 22,21.76147928981357,53.16522509465027,-9.210992999999894,-263.95236995482963,2802.2200134023446,-479.04727398198554,False,126.79999999999995,-13.451414771104538,24.42257698644669,-1587.9298002771027,1562.3109583410715,27.88194444444657,331.15500000000077,-35.2128940609181,-28.74264810820358,-1323.977430322273,-1239.9090550612732
445012.0,-1.0061,0.408,9.59,0.013,0.0352,9.8065,0.0247,-0.1329,0.1352,170.02,-82.02,80.81,52.846344,-1.677113,28.59,4,329.23,22 / 22,21.76415250508455,53.25175985927701,-9.171552999999884,-261.7760883650842,2807.540862650042,-479.9664012819857,False,126.89999999999998,-13.261472907852344,24.460215232405048,-1589.2464916538313,1564.757246727765,27.823888888889748,331.5349999999944,-35.02562541293689,-28.79154462687196,-1327.470403288747,-1242.783615922277
445112.0,0.6139,-0.3693,10.0104,-0.0089,0.0399,9.8065,-0.0202,0.3843,-0.2152,170.0,-82.02,80.78,52.846344,-1.677113,28.59,4,329.23,22 / 22,21.869021291182264,53.20449717677792,-9.172197999999884,-259.59442967527036,2812.863675501846,-480.88358883198595,False,127.0,-13.424021150442137,24.357748457797705,-1590.5900542831014,1567.192415621326,27.811944444444446,331.14,-35.2930424416244,-28.846748718980216,-1330.995624607831,-1245.67125988052
445212.0,-1.4787,3.3985,9.6272,0.0126,0.0329,9.8065,-0.072,0.1222,-0.0637,165.17,-81.78,80.53,52.846344,-1.677113,28.59,4,329.23,22 / 22,22.037684340486695,53.0269565171417,-9.170982999999884,-257.3990943936877,2818.17524818654,-481.8007478819856,False,127.09999999999997,-13.272599630871579,24.396325828507212,-1591.9134634728541,1569.6275845147086,27.773055555557832,331.45199999998175,-35.310283971358274,-28.630630688634486,-1334.5143690791665,-1248.5476636718315
445312.0,-1.3859,-2.5679,9.4023,-0.0136,0.0899,9.8062,-0.0383,-0.1824,0.2494,170.05,-81.55,80.73,52.846344,-1.677113,28.59,4,329.23,22 / 22,22.285828721385734,52.97496152559533,-9.200172999999891,-255.18291874059355,2823.475344088678,-482.7193056819858,False,127.19999999999999,-13.112438222798177,24.33615739501304,-1593.2167192232587,1572.0627534082694,27.64388888889454,331.68399999998985,-35.39826694418391,-28.638804130582294,-1338.0338004826651,-1251.4125906804086
445412.0,-1.6562,-0.1954,10.3775,0.0189,-0.0686,9.8063,0.0397,0.3181,-0.1182,170.05,-81.96,81.01,52.846344,-1.677113,28.59,4,329.23,22 / 22,22.496963160258254,53.088527121645136,-9.191847999999894,-252.94377914651213,2828.778518521038,-483.6389067319855,False,127.29999999999995,-13.127583177418188,24.373433568790578,-1594.52669278681,1574.4979223018288,27.683888888887708,331.69299999999976,-35.62454633767644,-28.715093552854558,-1341.5829136402979,-1254.2805962192094
445512.0,0.0761,-7.071,8.7126,0.0011,-0.0126,9.8065,-0.1209,-0.0926,0.2477,169.09,-82.15,79.54,52.846344,-1.677113,28.59,4,329.23,23 / 23,22.591781419307722,53.410812276482275,-9.2180079999999,-250.6893419175333,2834.103485490946,-484.5593995319857,False,127.39999999999998,-13.162888361550541,24.26119756103605,-1595.843384163511,1576.9219717029644,27.601944444445657,331.51800000000264,-35.754669780858265,-29.149614715446226,-1345.1540422459777,-1257.1815137879814
445612.0,-1.7253,3.7078,10.8267,-0.0189,-0.1107,9.806,0.0074,0.156,-0.2297,162.51,-82.39,76.91,52.846344,-1.677113,28.59,4,329.23,23 / 23,22.747550925022193,53.56407273712337,-9.2217079999999,-248.4223753003163,2839.4522297416274,-485.4813853319859,False,127.5,-13.028163571703107,24.182779218672774,-1597.139922100779,1579.3349016102595,27.46888888888889,331.68699999999995,-35.7757144967253,-29.381293518450594,-1348.7175468004625,-1260.117328131368
445712.0,-2.3192,1.3881,11.1855,0.0156,0.1473,9.8055,0.2064,-1.0458,0.6779,163.99,-81.46,77.74,52.846344,-1.677113,28.59,4,329.23,23 / 23,23.106511719344905,53.340078919880234,-9.101762999999941,-246.12967216809872,2844.7974373244756,-486.39755888198556,False,127.59999999999997,-12.996904670205087,24.1712123473226,-1598.4364600379515,1581.7478315187923,27.443888888890353,331.73299999999733,-36.10341638954999,-29.168866572557633,-1352.3067878698528,-1263.0496058056833
445812.0,1.3014,3.3625,10.7505,0.004,0.0712,9.8063,-0.2003,0.6288,-0.2501,168.37,-81.75,77.68,52.846344,-1.677113,28.59,4,329.23,23 / 23,23.295500397437547,53.084646506619194,-8.985627999999915,-243.80957156225907,2850.1186735958017,-487.30192843198574,False,127.69999999999999,-13.048413088660961,24.161757300900575,-1599.7397157883408,1584.1607614267946,27.459999999999294,331.62900000000457,-36.34391348609851,-28.92288920571862,-1355.9301442260817,-1265.9579121690072
445912.0,-2.2952,1.1778,10.0948,0.029,0.074,9.8062,-0.11,-0.4244,0.1654,162.03,-82.12,75.49,52.846344,-1.677113,28.59,4,329.23,23 / 23,23.481864806350277,52.844881524936916,-8.924027999999936,-241.47070330207046,2855.4151499973777,-488.1974112319854,False,127.79999999999995,-12.8281048150168,24.0926700856341,-1601.016100286162,1586.5625718423703,27.295000000004876,331.96699999999,-36.309969621367074,-28.752211439302815,-1359.5453969840917,-1268.8525781550074
446012.0,1.3245,-8.8034,10.0266,-0.0385,0.1651,9.8051,-0.1711,1.0347,-0.565,163.04,-81.49,76.14,52.846344,-1.677113,28.59,4,329.23,23 / 23,23.508289278802835,53.188737307497014,-8.89862299999993,-239.12119559781226,2860.716830939001,-489.0885437819856,False,127.89999999999998,-12.680069843561105,24.110038642241047,-1602.2790491576854,1588.9755017510795,27.241111111111906,332.2589999999957,-36.18835912236394,-29.078698665255967,-1363.1578535598733,-1271.7413291879213
446112.0,-1.3197,3.5452,10.2424,0.0162,-0.0648,9.8063,-0.072,0.773,-0.4719,162.12,-81.97,76.18,52.846344,-1.677113,28.59,4,329.23,23 / 23,23.524575775809208,53.40469348697786,-8.865837999999922,-236.7695523450811,2866.046502478726,-489.9767668319858,False,128.0,-12.705224335104756,24.03554082645054,-1603.5487158423707,1591.3661926735235,27.186944444444446,332.139,-36.22980011091396,-29.369152660527323,-1366.7791634972896,-1274.6803098052023
446212.0,0.7004,-10.8761,9.0345,0.0212,0.1236,9.8058,-0.0196,0.7024,-0.5361,163.94,-81.22,77.65,52.846344,-1.677113,28.59,4,329.23,23 / 23,23.548208502743954,53.731126465761356,-8.882657999999916,-234.41591313115424,2871.403293476361,-490.8641916319855,False,128.09999999999997,-12.808881778588345,23.948649090528008,-1604.8251003401112,1593.756883596499,27.15888888889053,331.8600000000163,-36.3570902813323,-29.78247737523335,-1370.409187208957,-1277.646409879862
446312.0,1.3964,-3.7511,10.7684,0.0297,-0.1336,9.8056,-0.2186,0.955,-0.4128,163.1,-81.69,77.08,52.846344,-1.677113,28.59,4,329.23,23 / 23,23.3329731588073,54.36438095261392,-8.873177999999914,-232.07185404807615,2876.808068847281,-491.75198343198565,False,128.2,-12.70858130434517,23.936628515473416,-1606.0947670247701,1596.14757451965,27.10111111111364,332.03499999999235,-36.041554463152465,-30.427752437140505,-1374.022912976694,-1280.6604943276309
446412.0,-0.4683,5.8971,9.613,0.0215,-0.0696,9.8063,-0.1488,0.767,-0.3747,162.36,-81.72,75.65,52.846344,-1.677113,28.59,4,329.23,23 / 23,23.41402374868362,54.21209360183766,-8.834772999999927,-229.7345042027024,2882.2368925750015,-492.63738098198536,False,128.29999999999995,-12.575150790479984,23.804551566175924,-1607.3509980831573,1598.5160264572419,26.92194444444974,332.1539999999965,-35.9891745391636,-30.407542035661734,-1377.616493880455,-1283.7208661177597
446512.0,0.6623,5.3917,10.694,-0.003,-0.137,9.8056,-0.0299,0.5738,-0.5995,162.84,-81.37,75.94,52.846344,-1.677113,28.59,4,329.23,23 / 23,23.66438555018541,53.63349877855367,-8.800087999999919,-227.3805837377584,2887.6291721940224,-493.51912403198554,False,128.39999999999998,-12.419499031813949,23.886128536632405,-1608.587075702125,1600.906717379685,26.921944444444442,332.5279999999945,-36.08388458199936,-29.747370241921267,-1381.2064919643667,-1286.7224548143374
446612.0,-1.8068,4.5627,9.2236,-0.0039,-0.0635,9.8063,0.2392,-0.8718,0.5236,161.47,-81.83,74.74,52.846344,-1.677113,28.59,4,329.23,23 / 23,23.961521576982193,53.141910002197264,-8.784872999999916,-224.99928838139948,2892.9679426330613,-494.3983720819857,False,128.5,-12.365213409546755,23.923344192156016,-1609.8164355078898,1603.297408302836,26.929999999999996,332.667,-36.32673498652895,-29.218565810041248,-1384.8171471264902,-1289.6705343302253
446713.0,1.2292,-10.2364,9.5172,-0.0112,-0.0455,9.8065,-0.0081,-0.0838,0.0565,161.59,-81.92,74.65,52.846344,-1.677113,28.59,4,329.23,23 / 23,23.99150259034977,53.38731427529423,-8.828934249999916,-222.57766066094925,2898.3476684590746,-495.2878693481107,False,128.601,-12.24262463391257,23.863731346558666,-1611.0511695641471,1605.700886641904,26.82088055555689,332.8411699999874,-36.23412722426234,-29.523582928735564,-1388.4735089031979,-1292.6467818171707
446812.0,-0.8141,7.2334,9.3523,-0.0055,-0.1605,9.8053,-0.1019,0.9458,-0.502,160.57,-82.01,73.89,52.846344,-1.677113,28.59,4,329.23,23 / 23,24.021695324946513,53.49003819117792,-8.865752349999912,-220.20100736414233,2903.6380974061644,-496.1637563348106,False,128.7,-12.142719582712822,23.88912184853805,-1612.2482838668282,1608.0676706551224,26.798055555556562,333.0559999999905,-36.164414907659335,-29.600916342639874,-1392.047276502686,-1295.570426751042
446912.0,-0.2383,-7.4402,8.5456,-0.0399,0.1653,9.8051,0.2369,-1.2371,0.7055,165.86,-81.9,74.03,52.846344,-1.677113,28.59,4,329.23,23 / 23,24.19136531238452,53.48787895938968,-8.951522349999882,-217.7903543322766,2908.986993263691,-497.0546200698103,False,128.79999999999995,-12.13458545721593,23.848383024762587,-1613.457490233172,1610.4472420858467,26.758055555556737,333.03200000000066,-36.32595076960045,-29.639495934627096,-1395.6671359008953,-1298.5397511778444
447012.0,0.7741,-5.9027,9.2206,-0.0369,-0.0082,9.8065,-0.0484,0.1389,-0.1117,160.69,-81.42,72.3,52.846344,-1.677113,28.59,4,329.23,23 / 23,24.068178809518677,54.07888775468838,-9.043877349999903,-215.37737712618087,2914.365331599396,-497.9543900548105,False,128.89999999999998,-12.170720387251388,23.77037211015817,-1614.6734144126788,1612.8156940234394,26.705000000000787,332.8870000000021,-36.23889919677006,-30.30851564453021,-1399.296037286498,-1301.5496375759567
447112.0,0.8504,-7.5223,8.8172,0.0148,0.1151,9.8059,-0.0801,-0.6463,0.4974,160.83,-81.24,72.09,52.846344,-1.677113,28.59,4,329.23,23 / 23,23.86233993329461,54.65150624716986,-9.122652349999921,-212.98085118903967,2919.8018512994904,-498.8627165398107,False,129.0,-12.010376789705035,23.828150906100174,-1615.8691851527258,1615.195265453457,26.683888888888887,333.25,-35.87271672299964,-30.82335534106969,-1402.8883339636861,-1304.6065858460333
447212.0,0.051,-5.7417,10.4265,-0.0091,0.0882,9.8061,-0.252,0.9387,-0.4429,164.24,-81.5,70.4,52.846344,-1.677113,28.59,4,329.23,23 / 23,23.709044643921562,55.23117707048971,-9.141132349999914,-210.60228196017968,2925.2959854653714,-499.7759057748104,False,129.09999999999997,-11.960052132861414,23.825480263143454,-1617.064955892738,1617.574836884008,26.65888888889035,333.3439999999945,-35.66909677678298,-31.405696807346253,-1406.4626739325583,-1307.7211485813634
447312.0,-0.0775,5.5965,9.9287,-0.0071,0.0356,9.8065,-0.0811,0.5198,-0.419,160.15,-81.36,71.16,52.846344,-1.677113,28.59,4,329.23,23 / 23,23.81828068460205,55.2082146942629,-9.104037349999906,-208.22591569375297,2930.81795505361,-500.6881642598106,False,129.2,-11.91479183838919,23.76117007534077,-1618.2540088196495,1619.9432888216008,26.581111111114513,333.36899999999895,-35.73307252299124,-31.447044618922128,-1410.0280931258965,-1310.8746662320093
447412.0,0.2059,-8.6448,8.8276,-0.0106,0.1201,9.8058,0.0243,0.3102,-0.1401,161.45,-80.81,72.64,52.846344,-1.677113,28.59,4,329.23,23 / 23,23.861594627426246,55.31836706265932,-9.146887349999892,-205.84192192815237,2936.3442841414544,-501.6007104948103,False,129.29999999999995,-11.881492248806168,23.762000737643678,-1619.4363439334113,1622.311740759192,26.566944444444864,333.4339999999981,-35.74308687623241,-31.55636632501564,-1413.5944220052588,-1314.0325433822625
447513.0,-0.1026,3.2732,9.5986,-0.0215,-0.1106,9.8059,-0.0606,0.5415,-0.2818,165.25,-81.2,71.45,52.846344,-1.677113,28.59,4,329.23,22 / 23,23.851103381410688,55.53151566943376,-9.206835899999891,-203.43243067870614,2941.942203219425,-502.5275735189353,False,129.40099999999995,-11.905033955134002,23.600407497876816,-1620.6372873896044,1624.6926465281026,26.433105555555482,333.2317100000005,-35.75613733654469,-31.931108171556943,-1417.2048567108982,-1317.2495566913226
447612.0,-1.08,2.1335,9.401,-0.0059,-0.0882,9.8062,0.1066,-0.5664,0.4087,160.14,-81.25,70.67,52.846344,-1.677113,28.59,4,329.23,22 / 23,24.073164867504428,55.257874940259875,-9.237214049999906,-201.06017940038373,2947.426278054608,-503.4405539914607,False,129.5,-11.919089852545458,23.598857570772147,-1621.81444978726,1627.0264056488181,26.438055555555557,333.20300000000003,-35.992254720049885,-31.659017369487728,-1420.7542703868762,-1320.3998724057897
447711.0,0.9085,-6.0003,9.7013,-0.0137,-0.0511,9.8064,0.082,-0.1657,-0.0676,160.39,-81.03,71.05,52.846344,-1.677113,28.59,4,329.23,22 / 23,24.108600404675478,55.408125229266126,-9.262508549999904,-198.67518201941107,2952.9042450629986,-504.3562902601606,False,129.599,-11.788297032244843,23.582401835622303,-1622.9783109147818,1629.360164767962,26.364630555559835,333.4405999999862,-35.89689743692032,-31.825723393643823,-1424.3031288953707,-1323.5440802950366
447812.0,1.1969,-0.4574,10.3212,0.0063,-0.0566,9.8064,-0.01,-0.3451,0.2171,159.95,-81.3,70.79,52.846344,-1.677113,28.59,4,329.23,22 / 23,23.992209534390167,55.645347283553306,-9.241843949999904,-196.24609111748828,2958.5124454248958,-505.2907600614106,False,129.7,-11.792692699211003,23.550489790014257,-1624.1656843884268,1631.729951045139,26.338055555556682,333.40100000000183,-35.78490223360117,-32.09485749353905,-1427.9195932709385,-1326.7824943797568
447912.0,0.4328,-5.5613,9.957,0.0076,0.004,9.8066,0.0286,-0.1947,0.0271,160.8,-81.11,71.97,52.846344,-1.677113,28.59,4,329.23,22 / 23,23.908446398710684,55.8680041560297,-9.208598949999915,-193.85105832083406,2964.088112996873,-506.21328220641027,False,129.79999999999995,-11.68420124977632,23.513965482527468,-1625.3345838758905,1634.0761639978787,26.256944444446844,333.57699999999477,-35.592647648487,-32.35403867350223,-1431.4835255550565,-1330.0119489989943
448012.0,0.617,-0.4449,10.3704,-0.0211,-0.0354,9.8065,-0.0718,-0.1683,0.0679,161.02,-80.9,71.6,52.846344,-1.677113,28.59,4,329.23,22 / 23,23.85201718195562,56.09983622844041,-9.172893949999906,-191.4630351418002,2969.6865050160977,-507.13235685141046,False,129.89999999999998,-11.696069336659647,23.479206805075993,-1626.4967655502194,1636.4223769499122,26.231111111111492,333.52000000000083,-35.548086518615264,-32.62062942336442,-1435.0337304084192,-1333.2641280661855
448112.0,0.5494,-2.4605,8.8914,0.0088,0.0205,9.8066,0.038,-0.1788,0.188,161.25,-80.72,72.05,52.846344,-1.677113,28.59,4,329.23,22 / 23,23.84177651424442,56.183492633314124,-9.19046894999991,-189.07834545698964,2975.3006714591866,-508.0505249964107,False,130.0,-11.681253390298524,23.410548802510498,-1627.665665037697,1638.757470408813,26.163055555555555,333.482,-35.523029904542945,-32.77294383080363,-1438.5873195807073,-1336.5432010503735
448212.0,-0.2195,1.8161,9.8621,0.0118,-0.0551,9.8064,0.0398,-0.1422,0.235,150.08,-81.08,71.28,52.846344,-1.677113,28.59,4,329.23,22 / 23,23.925219149363752,56.19194541272789,-9.233458949999896,-186.68999567381005,2980.9194433614866,-508.97172139141037,False,130.09999999999997,-11.5151393986763,23.368897577031966,-1628.8144110856565,1641.0925638696647,26.05194444445095,333.76799999998326,-35.44035854804005,-32.823047835695924,-1442.1244154118465,-1339.826879491822
448312.0,-2.2174,-1.3918,10.1266,0.0258,0.0102,9.8065,-0.0251,-0.239,0.1162,159.57,-81.28,70.65,52.846344,-1.677113,28.59,4,329.23,22 / 23,24.15432019810667,56.19799647646286,-9.214688949999893,-184.28601870643598,2986.5389404559473,-509.8941287864106,False,130.2,-11.512916663599022,23.43036037372407,-1629.9631571336874,1643.4387768202828,26.106111111108742,333.8319999999972,-35.66723686170569,-32.76763610273879,-1445.6771384272515,-1343.1001636356646
448411.0,-1.8434,3.3183,10.1784,-0.0108,-0.018,9.8066,0.0108,-0.1551,0.0763,160.36,-81.52,71.89,52.846344,-1.677113,28.59,4,329.23,22 / 23,24.465770578902543,56.14404063722426,-9.180449799999897,-181.87932421297427,2992.099871293074,-510.8046881545355,False,130.29899999999998,-11.390392181475747,23.406396345574418,-1631.0871144512164,1645.7505193459947,26.030761111113353,334.0507899999935,-35.85616276037829,-32.73764429164984,-1449.207790238242,-1346.3493519470794
448513.0,1.4274,-3.2157,9.289,-0.0148,0.0976,9.8061,0.0825,-0.5701,0.2813,162.11,-80.91,73.97,52.846344,-1.677113,28.59,4,329.23,23 / 23,24.58502403008802,56.1140887702589,-9.187890699999896,-179.37773368791636,2997.8250358928544,-511.74147352003524,False,130.40099999999995,-11.431874130783912,23.331906790368695,-1632.2518488945457,1648.121083986744,25.98202500000153,333.89665000000053,-36.01689816087193,-32.78218197989021,-1452.8741152066293,-1349.7039519061104
448612.0,0.2387,-5.1791,10.3471,-0.0333,0.067,9.8063,0.0648,-0.4361,0.2344,161.76,-80.76,73.12,52.846344,-1.677113,28.59,4,329.23,23 / 23,24.467736526263025,56.44772422527371,-9.186762099999894,-176.94962204037586,3003.396845636136,-512.6510188336357,False,130.5,-11.401037194839418,23.23339731683441,-1633.375806212088,1650.4218182142552,25.880000000000003,333.862,-35.86877372110244,-33.214326908439304,-1456.426184171712,-1352.9750274218807
448713.0,-1.0352,-1.5214,9.1415,-0.0077,0.0397,9.8065,-0.0462,-0.1203,0.0387,162.2,-80.52,73.1,52.846344,-1.677113,28.59,4,329.23,23 / 23,24.492822625931282,56.74476391401143,-9.193059449999895,-174.47711380319006,3009.1130662871697,-513.5791998219107,False,130.601,-11.20967686257037,23.29941925904954,-1634.50218194226,1652.7690319209398,25.855750000002093,334.30714000000506,-35.70249948850165,-33.445344654961886,-1460.0250681390698,-1356.3440343662298
448812.0,0.766,0.5237,10.456,-0.0054,0.0426,9.8065,-0.0541,0.0283,0.0674,161.71,-80.47,72.56,52.846344,-1.677113,28.59,4,329.23,23 / 23,24.58102528735223,56.75966242522284,-9.193841549999895,-172.0479583314828,3014.731535390961,-514.4893514214106,False,130.7,-11.228740245792185,23.250543918209924,-1635.6128379897666,1655.0697661484496,25.82000000000158,334.22200000000373,-35.809765533144414,-33.509118507012914,-1463.5648796582839,-1359.6617692425116
448912.0,-1.3418,1.0446,8.7525,0.0085,-0.0021,9.8066,-0.0152,-0.0468,0.0963,156.03,-80.93,71.32,52.846344,-1.677113,28.59,4,329.23,23 / 23,24.728322896021226,56.670990144937086,-9.214081549999888,-169.58249092231495,3020.4030680194674,-515.4097475764103,False,130.79999999999995,-11.211763218960321,23.142117243720985,-1636.7279949720655,1657.3826206224978,25.715000000003105,334.1510000000021,-35.94008611498155,-33.528872901216104,-1467.1455040497506,-1363.0204473969695
449012.0,-0.2664,-2.3958,9.3871,-0.0195,-0.0071,9.8066,-0.0857,0.2086,-0.1515,156.0,-81.28,71.5,52.846344,-1.677113,28.59,4,329.23,23 / 23,24.868774239079116,56.73868533270201,-9.287766549999905,-167.10263606555935,3026.073551793351,-516.3348399814105,False,130.89999999999998,-11.04258462165096,23.21901288689038,-1637.8297163280808,1659.70659458968,25.71111111111117,334.56499999999386,-35.911358860730076,-33.519672445811636,-1470.7270802625214,-1366.3669572036708
449111.0,1.2905,-2.8367,10.7673,-0.0131,0.0077,9.8065,0.0533,-0.0975,0.0451,156.15,-81.23,72.13,52.846344,-1.677113,28.59,4,329.23,23 / 23,24.810894140287267,56.92846738989562,-9.260982099999907,-164.64349248078096,3031.700075853119,-517.2530030395853,False,130.99899999999997,-11.181106617162255,23.1095520630701,-1638.9337217405698,1661.985312221487,25.67233611111113,334.18088000000023,-35.992000757449524,-33.81891532682552,-1474.290229259789,-1369.714763631632
449213.0,1.5052,-3.9939,9.6396,-0.0135,0.0456,9.8065,-0.0372,-0.2554,0.2489,156.05,-80.92,71.34,52.846344,-1.677113,28.59,4,329.23,23 / 23,24.63569281912504,57.161799288372166,-9.220508499999895,-162.12171654585015,3037.5186794537126,-518.1955590601856,False,131.101,-11.088664562798222,23.100063794828955,-1640.064262514892,1664.3440901993706,25.62365000000784,334.3577199999958,-35.72435738192326,-34.06173549354321,-1477.942545969042,-1373.174589254342
449312.0,-1.4662,1.7042,10.1155,0.0,0.0814,9.8063,-0.0671,-0.0053,0.0643,160.81,-80.62,71.16,52.846344,-1.677113,28.59,4,329.23,23 / 23,24.675881949924886,57.226104412771605,-9.213489399999895,-159.68079359478244,3043.1808806869185,-519.1080419562355,False,131.2,-11.002229200540603,22.993282771693842,-1641.1483160223288,1666.6117995336758,25.490000000005907,334.4289999999969,-35.67811115046549,-34.23282164107776,-1481.4675224275463,-1376.5690811532427
449412.0,0.3483,-3.0175,9.8514,-0.0033,0.0487,9.8065,-0.0666,-0.1097,0.1425,165.21,-80.61,70.93,52.846344,-1.677113,28.59,4,329.23,23 / 23,24.80823720475876,57.27319071225718,-9.195809399999902,-157.2065876370491,3048.905845443168,-520.0285068962352,False,131.29999999999995,-10.919111449652721,22.970757696743323,-1642.2366017520455,1668.9024150228727,25.433888888890547,334.5759999999957,-35.727348654411486,-34.302433015513856,-1485.0300141149964,-1380.0034304202952
449512.0,0.2597,-2.3171,10.2557,0.0031,-0.0502,9.8064,-0.1654,0.2874,-0.2032,163.67,-80.73,69.64,52.846344,-1.677113,28.59,4,329.23,23 / 23,24.797393595217535,57.481913535744084,-9.171119399999897,-154.72630609704973,3054.643600655569,-520.9468533362353,False,131.39999999999998,-10.82780462526402,23.041563975865053,-1643.3181696686268,1671.2152694969213,25.45888888888852,334.82999999999623,-35.62519822048156,-34.44034955987903,-1488.591863571577,-1383.4283311586478
449612.0,-0.1571,-1.3265,10.5561,-0.0186,0.0155,9.8066,0.1061,-0.1171,0.1206,158.82,-80.74,68.39,52.846344,-1.677113,28.59,4,329.23,23 / 23,24.82729378673686,57.618970186752065,-9.111194399999883,-152.24507172795145,3060.3986448416954,-521.8609690262356,False,131.5,-10.837795716300592,22.89649740349288,-1644.399737585208,1673.4947654936943,25.331944444444442,334.67,-35.66508950303745,-34.722472783259185,-1492.1546658572565,-1386.903879348001
449712.0,2.9406,1.3262,10.2816,-0.0485,-0.0029,9.8064,0.0918,0.0692,-0.1273,154.55,-80.79,68.46,52.846344,-1.677113,28.59,4,329.23,23 / 23,24.800486774418985,57.53282526081039,-9.049974399999904,-149.7636826998945,3066.1562346140718,-522.7690274662352,False,131.59999999999997,-10.8443944904068,22.967426171131127,-1645.4813055017096,1675.796500475149,25.398888888884972,334.7249999999968,-35.644881264825784,-34.56539908967926,-1495.7176228018152,-1390.3597341389227
449812.0,-2.1693,-1.3859,7.9937,0.0304,0.0581,9.8064,0.0226,0.1412,-0.06,158.76,-80.48,67.21,52.846344,-1.677113,28.59,4,329.23,23 / 23,24.866328104094848,57.48592838785252,-9.116874399999919,-147.28034195596825,3071.9071722965064,-523.6773699062354,False,131.7,-10.802245828874941,22.77717199446232,-1646.5561556051289,1678.0648769787904,25.208888888897203,334.6270000000042,-35.66857393296979,-34.708756393390196,-1499.2758136491607,-1393.842295317716
449912.0,1.6967,-1.9256,9.8677,0.0242,-0.0222,9.8065,-0.0554,0.2583,-0.1137,158.27,-80.56,66.48,52.846344,-1.677113,28.59,4,329.23,23 / 23,24.92109691192425,57.61705791659744,-9.204469399999889,-144.79097070516815,3077.662321611727,-524.5934370962351,False,131.79999999999995,-10.674461947624325,22.818631138188817,-1647.624287895412,1680.3443729741466,25.191944444444946,334.929999999991,-35.595558859548575,-34.798426778408626,-1502.8333171902439,-1397.3179486375802
450012.0,0.9973,-6.935,9.7549,0.0007,-0.0084,9.8065,0.0281,-0.0433,0.0973,154.41,-80.67,67.97,52.846344,-1.677113,28.59,4,329.23,23 / 23,24.70617612644113,57.93907939251923,-9.204004399999889,-142.30960705324932,3083.440128477184,-525.5138607862353,False,131.89999999999998,-10.646647453471777,22.781960251336837,-1648.6857023725465,1682.6127494784937,25.146944444445108,334.95199999999966,-35.35282357991291,-35.15711914118239,-1506.3760953192973,-1400.8273789986902
450112.0,2.4522,-3.7205,9.6392,-0.0208,-0.0987,9.8061,-0.0127,0.1441,-0.2015,158.33,-81.04,67.49,52.846344,-1.677113,28.59,4,329.23,23 / 23,24.423055688578394,58.330625377485255,-9.214964399999891,-139.8531454624978,3089.2536137156853,-526.4348092262355,False,132.0,-10.531867125004048,22.787825964908055,-1649.7336812233966,1684.8922454745584,25.103888888888886,335.195,-34.95492281358244,-35.542799412577196,-1509.8805357608987,-1404.361368241127
450212.0,1.1066,2.966,9.8814,-0.0434,-0.0747,9.8062,-0.0036,-0.5252,0.4573,152.88,-80.94,65.56,52.846344,-1.677113,28.59,4,329.23,23 / 23,24.35334058828511,58.275030567884095,-9.21959939999989,-137.41432564865545,3095.083896512952,-527.3565374162353,False,132.09999999999997,-10.545586352070302,22.751785669719656,-1650.788377887291,1687.1606219780317,25.07694444444602,335.13200000000364,-34.89892694035541,-35.523244898164435,-1513.3740522386356,-1407.9232745349202
450311.0,1.0201,-5.328,9.9247,-0.0101,-0.0048,9.8066,0.1618,-0.5137,0.133,157.04,-81.05,65.07,52.846344,-1.677113,28.59,4,329.23,23 / 23,24.316085578851528,58.317853367064444,-9.21005579999989,-135.00518905338245,3100.8552442677315,-528.2688053486352,False,132.19899999999996,-10.54656334011959,22.670679873509734,-1651.8258769496458,1689.4063147152333,25.003794444447717,335.05181000000357,-34.86264891897112,-35.64717349355471,-1516.8206878962633,-1411.4489295524982
450412.0,2.0366,1.8348,10.3755,0.0196,-0.0253,9.8065,-0.0141,-0.0268,0.1937,156.86,-81.25,65.54,52.846344,-1.677113,28.59,4,329.23,23 / 23,24.200506654623155,58.39137902065723,-9.175367349999892,-132.555101145592,3106.7490605033113,-529.1972692177102,False,132.29999999999995,-10.515327811987735,22.66783627640694,-1652.891053402126,1691.6862554921768,24.988055555556002,335.11399999999816,-34.715834466610886,-35.723542744250295,-1520.335952256534,-1415.0628050111345
450513.0,-1.3197,-1.5161,9.6734,0.0213,0.0512,9.8064,-0.0711,-0.1275,0.1072,157.99,-81.23,66.96,52.846344,-1.677113,28.59,4,329.23,21 / 22,24.27017054677975,58.3324264486971,-9.153369549999892,-130.1073319469212,3112.643612679514,-530.1228704311602,False,132.40099999999995,-10.42932623563431,22.574533252598545,-1653.9360092370682,1693.9659738778705,24.867255555556746,335.2032899999996,-34.69949678241406,-35.75789319609855,-1523.828677290147,-1418.6776388016433
450612.0,2.7978,-2.2898,10.0673,-0.0098,0.0213,9.8065,0.0996,-0.2634,0.0172,158.09,-81.08,67.29,52.846344,-1.677113,28.59,4,329.23,21 / 22,24.224372896226534,58.45025778753746,-9.147063249999889,-127.70685204649126,3118.4243555492103,-531.0287418547606,False,132.5,-10.384832392434527,22.507842064630527,-1654.9668576643792,1696.1896500214714,24.78805555555556,335.232,-34.60920528866106,-35.94241572290693,-1527.2600056178878,-1422.234705527739
450712.0,-0.2869,-1.1478,9.143,0.0037,0.05,9.8065,-0.0349,0.1273,0.2421,159.75,-80.77,69.51,52.846344,-1.677113,28.59,4,329.23,21 / 22,24.13845912159407,58.53164900146143,-9.167213249999882,-125.28871044560105,3124.2734508886583,-531.9444556797603,False,132.59999999999997,-10.331425010164773,22.536684906963362,-1655.99468307572,1698.4469070325197,24.79194444444422,335.37199999999183,-34.469884131758846,-35.99496409449807,-1530.705972630119,-1425.8265438561386
450812.0,2.2642,0.1042,10.7496,0.0195,-0.0534,9.8064,-0.1107,0.0419,-0.1495,158.4,-81.24,67.99,52.846344,-1.677113,28.59,4,329.23,21 / 22,24.121629011045954,58.51224749687595,-9.15324824999988,-122.8757060389685,3130.1256457135764,-532.8604787547605,False,132.7,-10.30329846949139,22.51993040949804,-1657.022508487123,1700.6930445498938,24.765000000001177,335.41499999999814,-34.42492748053734,-35.99231708737791,-1534.1468024481546,-1429.4326011636826
450912.0,-1.1166,-2.3964,8.4958,-0.0299,-0.0346,9.8065,0.0767,-0.1927,-0.1603,158.54,-80.99,67.89,52.846344,-1.677113,28.59,4,329.23,21 / 22,24.11966318829591,58.56695767606386,-9.171643249999875,-120.46364142900224,3135.9796059722216,-533.7767233297602,False,132.79999999999995,-10.289705855324854,22.392010640522404,-1658.0503338985252,1702.928062575548,24.64305555555916,335.3200000000028,-34.409369043620764,-36.17494703554145,-1537.5866924695229,-1433.0515433966737
451012.0,-0.2757,1.1963,8.406,-0.0151,0.0183,9.8066,0.0474,0.042,-0.0199,153.83,-80.98,67.64,52.846344,-1.677113,28.59,4,329.23,21 / 22,24.2608624582497,58.624348916103195,-9.307218249999906,-118.0446151466744,3141.8391713018314,-534.7006664047605,False,132.89999999999998,-10.335697480413499,22.381834281816033,-1659.0781593099414,1705.1630806012033,24.653055555555408,335.2130000000016,-34.5965599386632,-36.24251463428716,-1541.033544163267,-1436.676090700628
451112.0,1.8807,-1.547,10.2897,-0.0027,0.0296,9.8065,-0.0321,-0.023,-0.0624,158.7,-80.87,67.83,52.846344,-1.677113,28.59,4,329.23,21 / 22,24.278186293815804,58.58757929229,-9.353098249999917,-115.61766270907057,3147.699767712252,-535.6336822297607,False,133.0,-10.349976515385459,22.210775691316634,-1660.1127025344801,1707.3758596420073,24.503888888888888,335.015,-34.628162809201264,-36.37680360097337,-1544.4950398254095,-1440.323908070245
451212.0,0.9883,-2.8056,10.3518,0.0196,0.0317,9.8066,-0.1514,0.4143,-0.1296,159.03,-80.54,67.81,52.846344,-1.677113,28.59,4,329.23,21 / 22,24.159170661932436,58.707440538746724,-9.301688249999934,-113.19579486128399,3153.564518703802,-536.5664215547604,False,133.09999999999997,-10.22435424290839,22.256961849342378,-1661.1338101326592,1709.5997581750737,24.49305555555619,335.32699999998175,-34.383524904840826,-36.45047868940435,-1547.9380152713752,-1443.9647605287284
451312.0,0.0281,2.3179,10.4086,0.0152,-0.0653,9.8064,-0.0501,0.3239,-0.242,158.91,-80.56,67.64,52.846344,-1.677113,28.59,4,329.23,21 / 22,24.196198891929647,58.6805857380811,-9.24433324999992,-110.77802638359033,3159.433920017645,-537.4937226297606,False,133.2,-10.164548429635232,22.3050975265541,-1662.1481999177645,1711.8347762007284,24.511944444443614,335.50099999999236,-34.36074732156488,-36.375488211527,-1551.3701735341742,-1447.5991438169167
451412.0,0.4714,2.0379,10.1926,0.0153,-0.0453,9.8065,-0.0022,-0.1761,0.2364,158.93,-80.57,67.68,52.846344,-1.677113,28.59,4,329.23,21 / 22,24.344238003975363,58.436951598706806,-9.194938249999938,-108.3510045387959,3165.2897968844823,-538.4156862047603,False,133.29999999999995,-10.156099609718533,22.20024599585013,-1663.162589702869,1714.0475552408243,24.41305555555848,335.4170000000025,-34.500337613693894,-36.236705602856674,-1554.811585164073,-1451.242241643658
451512.0,0.7433,-1.8206,10.3138,-0.007,0.0045,9.8066,-0.0468,0.0288,0.1342,158.83,-80.52,67.4,52.848232,-1.67862,24.74,4,336.05,24 / 24,24.384375849883313,58.37348493536295,-9.150283249999928,-105.91457384610241,3171.130318711187,-539.3329472797604,False,133.39999999999998,-10.098445336223671,22.168243092120324,-1664.1702616748519,1716.260334280921,24.360000000000785,335.50899999999865,-34.48282118610698,-36.20524184324263,-1558.2556878287494,-1454.8699844302662
451612.0,-0.3108,-4.4423,9.3906,0.0011,-0.0528,9.8065,-0.119,-0.013,0.1358,162.86,-80.74,66.82,52.848232,-1.67862,24.74,4,336.05,24 / 24,24.35807928950412,58.627254308394754,-9.145728249999927,-103.47745108913249,3176.9803556733764,-540.2477478547606,False,133.5,-10.108067245361944,22.091175023273884,-1665.1779336468214,1718.4619938285919,24.293888888888887,335.413,-34.46614653486606,-36.53607928512087,-1561.700482557689,-1458.5183618447845
451712.0,-2.1149,-1.1208,9.8913,-0.0268,-0.0528,9.8065,-0.1987,0.1786,0.0933,154.4,-80.63,67.49,52.848232,-1.67862,24.74,4,336.05,24 / 24,24.471533611333417,58.90942896749197,-9.162298249999921,-101.03597044409145,3182.857189837169,-541.1631491797604,False,133.59999999999997,-10.244798780806084,22.075573895884244,-1666.1990412450004,1720.6747728685261,24.336944444441922,335.10500000001804,-34.7163323921395,-36.83385507160773,-1565.163070800909,-1462.1824169686427
451812.0,0.6034,0.3737,9.6952,-0.0029,-0.0095,9.8066,0.0008,-0.1553,0.0928,158.83,-80.61,67.11,52.848232,-1.67862,24.74,4,336.05,24 / 24,24.615425694742672,58.949685389233736,-9.163638249999922,-98.58162247878708,3188.7501455550064,-542.0794460047606,False,133.7,-9.953481589364651,22.155774139196023,-1667.1932775906737,1722.8875519093299,24.28888888889099,335.8079999999693,-34.568907284107325,-36.79391125003771,-1568.6116551118866,-1465.8625936456765
451912.0,0.5397,1.1386,9.4537,-0.0292,-0.0307,9.8065,0.0807,0.1796,-0.1862,158.53,-80.59,66.78,52.848232,-1.67862,24.74,4,336.05,24 / 24,24.682903959862244,58.8274588592586,-9.186858249999913,-96.11670599605768,3194.639002767429,-542.9969708297602,False,133.79999999999995,-10.002760349656889,22.062220611005127,-1668.1875139363444,1725.0892114562928,24.223888888890812,335.6110000000058,-34.68566430951913,-36.76523824825347,-1572.0708079402868,-1469.549791311136
452012.0,-0.8962,1.7858,10.4329,0.0265,-0.0405,9.8065,-0.129,0.387,-0.1356,159.2,-80.47,68.0,52.848232,-1.67862,24.74,4,336.05,24 / 24,24.845263334493353,58.66569343324834,-9.17319324999991,-93.64029763133934,3200.5136603820556,-543.9149734047604,False,133.89999999999998,-9.98349608197607,22.208066014503274,-1669.1884680951648,1727.3131099895213,24.348888888887043,335.7939999999973,-34.828759416469424,-36.45762741874507,-1575.5481704638255,-1473.2005503925343
452112.0,-0.3477,-1.4511,10.8856,0.0123,-0.0392,9.8065,-0.0569,0.1908,-0.0336,163.43,-80.4,67.35,52.848232,-1.67862,24.74,4,336.05,24 / 24,25.00638329525315,58.63735936244479,-9.08793324999989,-91.14771529985144,3206.378813021842,-544.8280297297606,False,134.0,-9.873802079295567,22.148826887645733,-1670.1759866276873,1729.5258890296182,24.25,335.973,-34.88018537454872,-36.48853247479906,-1579.028271327836,-1476.8529239922236
452212.0,0.1283,-2.3288,9.9613,-0.004,-0.0631,9.8064,-0.0195,0.1865,-0.1253,158.71,-80.47,67.09,52.848232,-1.67862,24.74,4,336.05,24 / 24,25.045785656748954,58.783145455727755,-9.026253249999911,-88.64510685225218,3212.249838262748,-545.7337390547602,False,134.09999999999997,-9.894144439864448,22.172602594260646,-1671.163505160151,1731.7386680695522,24.27999999999824,335.95200000000125,-34.9399300966134,-36.61054286146711,-1582.518398307899,-1480.511170193196
452312.0,-0.6815,-1.4246,10.1667,0.0225,-0.0419,9.8065,0.0182,0.1114,0.0025,157.53,-81.13,66.46,52.848232,-1.67862,24.74,4,336.05,24 / 24,25.095228412486875,58.93801813790436,-9.000518249999905,-86.13805614878981,3218.135896442431,-546.6350776297604,False,134.2,-9.937248493299741,22.22332150280069,-1672.1510236926601,1733.9625666020738,24.343888888886088,335.90800000000195,-35.032476905786616,-36.714696635103664,-1586.0129675438702,-1484.1733298403574
452412.0,2.5531,-0.1379,9.8371,0.0199,-0.0103,9.8065,-0.0678,0.0611,-0.0339,158.16,-81.15,67.51,52.848232,-1.67862,24.74,4,336.05,24 / 24,25.0720157482945,58.94608462218343,-8.980993249999912,-83.62969394075161,3224.0301015804334,-547.5341532047601,False,134.29999999999995,-9.931302967191597,22.158114707190837,-1673.1452600383307,1736.164226151159,24.281944444446275,335.8580000000015,-35.003318715486095,-36.78796991499259,-1589.515566097579,-1487.8658754292744
452512.0,-0.0853,-0.3524,9.2281,-0.009,0.0101,9.8066,-0.0134,-0.0119,-0.0736,158.67,-81.06,68.12,52.848232,-1.67862,24.74,4,336.05,22 / 23,25.04180341244376,58.89234018817398,-9.00839824999992,-81.12400298271413,3229.922022820953,-548.4336227797603,False,134.39999999999998,-9.784645531104774,22.200500538869054,-1674.1193429445693,1738.388124682973,24.261111111111422,336.2149999999947,-34.826448943548534,-36.691839649304924,-1592.9953399618553,-1491.5338981379798
452612.0,0.3044,1.115,9.403,0.0184,0.0165,9.8065,0.1735,-0.1969,0.2238,158.95,-81.04,68.59,52.848232,-1.67862,24.74,4,336.05,22 / 23,25.13825629419066,58.82154634568631,-9.05750824999993,-78.61499999738184,3235.807717147647,-549.3369181047605,False,134.5,-9.80164371243383,22.146836332687606,-1675.0934258508073,1740.60090372307,24.218888888888884,336.12699999999995,-34.93990000662449,-36.6747100129987,-1596.4784258534255,-1495.2068134245771
452712.0,-1.6983,-1.4315,9.517,0.0109,0.0025,9.8066,-0.0877,-0.1345,-0.0367,158.58,-81.15,68.24,52.848232,-1.67862,24.74,4,336.05,22 / 23,25.29008019129825,58.83050359310513,-9.092173249999918,-76.09358317310826,3241.6903196445846,-550.2444021797602,False,134.59999999999997,-9.811481897272632,22.341643772018223,-1676.0742265700956,1742.8359217492682,24.40111111110044,336.2909999999904,-35.10156208857089,-36.488859821086905,-1599.9806433969873,-1498.8543978953164
452812.0,0.7031,-2.732,10.2676,-0.0064,-0.0058,9.8066,-0.0089,0.1135,-0.1169,158.33,-81.16,67.83,52.848232,-1.67862,24.74,4,336.05,22 / 23,25.353140237360282,59.01142589758037,-9.083608249999916,-73.56142215167475,3247.5824161191204,-551.1531912547604,False,134.7,-9.513540581639441,22.417936133675937,-1677.0147204106042,1745.0820592673485,24.35305555555766,337.00499999996873,-34.866680818999725,-36.59348976390443,-1603.4532982589294,-1502.5003568517718
452912.0,-0.1555,-1.2717,10.167,-0.0166,0.0207,9.8065,0.0631,-0.0025,-0.0474,158.06,-81.29,67.59,52.848232,-1.67862,24.74,4,336.05,22 / 23,25.346882350502195,59.15701433828244,-9.04254324999993,-71.02642102228249,3253.4908381309115,-552.0594988297601,False,134.79999999999995,-9.542710336872029,22.53258927479012,-1677.9686498773945,1747.339316277146,24.469999999996546,337.0469999999988,-34.889592687374225,-36.62442506349232,-1606.942228855112,-1506.1515218537654
453011.0,0.3182,-1.9663,8.3018,0.0106,0.0417,9.8064,0.1099,0.1161,-0.1049,158.47,-81.19,68.11,52.848232,-1.67862,24.74,4,336.05,22 / 23,25.372558781829937,59.27296928579124,-9.099195999999957,-68.51580868623087,3259.353122320306,-552.9575149226355,False,134.899,-9.593641361276143,22.42483199358137,-1678.9196906845484,1749.5519841225457,24.390800000001175,336.8381100000031,-34.96620014310608,-36.84813729220987,-1610.4038819983175,-1509.80113819776
453112.0,0.2419,-1.5213,10.3741,-0.0141,-0.0146,9.8066,-0.0502,0.0552,-0.0718,158.22,-81.05,67.46,52.848232,-1.67862,24.74,4,336.05,22 / 23,25.37557295303116,59.39544007137046,-9.146534699999956,-65.95302803362041,3265.3458769928425,-553.8789243229854,False,135.0,-9.513614941954753,22.55152202978043,-1679.8765088109767,1751.8315913140152,24.47611111111111,337.12699999999995,-34.88918789498591,-36.84391804159003,-1613.9234807773562,-1513.5142856788273
453212.0,-0.6346,-0.5382,9.8369,0.0141,-0.0059,9.8066,0.0398,-0.0659,0.086,153.4,-81.01,66.96,52.848232,-1.67862,24.74,4,336.05,22 / 23,25.446934440595435,59.47353161655614,-9.116649699999966,-63.41190266393995,3271.289325577237,-554.7920835429851,False,135.09999999999997,-9.709660431448407,22.350956131344343,-1680.8505917171433,1754.0554898470814,24.368888888895164,336.5190000000356,-35.15659487204384,-37.1225754852118,-1617.4386890532032,-1517.2338357301555
453312.0,-1.6297,-0.1227,9.5335,0.0286,0.0325,9.8065,-0.0903,0.1005,-0.0047,159.75,-80.71,69.42,52.848232,-1.67862,24.74,4,336.05,22 / 23,25.631654881286867,59.51819363496953,-9.128794699999968,-60.857973197845254,3277.2389118398146,-555.7043557629853,False,135.2,-9.65848854087375,22.293824576088824,-1681.8112389970972,1756.2793883796037,24.2961111111143,336.5759999999975,-35.29014342216062,-37.224369058880704,-1620.953265799252,-1520.959523460211
453411.0,-1.459,0.8784,11.9093,-0.0038,-0.0433,9.8064,-0.1511,-0.2279,0.3466,159.92,-80.8,69.88,52.848232,-1.67862,24.74,4,336.05,22 / 23,25.87956569756669,59.5031784656262,-9.038234449999978,-58.308167779192274,3283.1304697587934,-556.6036237059102,False,135.29899999999998,-9.504497489186061,22.667050178624237,-1682.7489785342034,1758.536089416405,24.57908611110269,337.25117999997997,-35.384063186752755,-36.83612828700196,-1624.4408107550112,-1524.5943803423884
453512.0,0.5254,-3.7337,9.6741,-0.0081,-0.0369,9.8065,0.1306,-0.2029,0.0151,164.88,-80.63,70.95,52.848232,-1.67862,24.74,4,336.05,23 / 24,25.980952552639405,59.62455237945623,-8.938744399999978,-55.68921160755689,3289.14642016647,-557.5114611378352,False,135.39999999999998,-9.476685693244981,22.537537491322702,-1683.7056623043818,1760.805021894454,24.448888888890856,337.194000000001,-35.45763824588438,-37.08701488813353,-1628.016450696825,-1528.3413982720158
453611.0,-1.5253,-2.0544,9.8352,-0.0102,-0.0321,9.8066,-0.0458,0.0571,0.0309,160.09,-80.9,69.96,52.848232,-1.67862,24.74,4,336.05,23 / 24,26.03388277102187,59.88075566606571,-8.943892399999978,-53.11447725903593,3295.0619329147225,-558.3966516594352,False,135.49899999999997,-9.716352165142219,22.410662517056355,-1684.6766550165607,1763.0286980373533,24.426338888888896,336.56040000000036,-35.75023493616409,-37.47009314900936,-1631.5621777575248,-1532.0332348773693
453712.0,-2.4912,-3.066,10.1819,-0.0115,-0.005,9.8066,0.0028,-0.0894,0.0794,158.54,-81.04,67.96,52.848232,-1.67862,24.74,4,336.05,23 / 24,26.225123401044467,60.162259299514744,-8.923500499999978,-50.4753974473466,3301.124105170484,-559.2989550008851,False,135.59999999999997,-9.723656447088537,22.339417787607946,-1685.6605459299346,1765.2972969311584,24.36388888889253,336.47800000000444,-35.948779848133,-37.8228415119068,-1635.1851484825881,-1535.8268082393258
453812.0,-0.1718,-1.4761,10.1017,-0.001,-0.0285,9.8065,0.0724,-0.0785,-0.008,158.37,-81.17,67.9,52.848232,-1.67862,24.74,4,336.05,23 / 24,26.359003871101336,60.391591628234174,-8.88998549999997,-47.84619108373872,3307.151797716873,-560.1896293008854,False,135.7,-9.583967285054698,22.481255774584664,-1686.6144753967135,1767.5434344492392,24.438888888885607,336.9109999999811,-35.942971156156034,-37.910335853649514,-1638.7682843129749,-1539.6083632676336
453912.0,0.9565,-1.8038,9.1927,-0.0081,0.0356,9.8065,0.011,-0.1573,0.0385,159.06,-81.14,68.96,52.848232,-1.67862,24.74,4,336.05,23 / 24,26.35600352501259,60.499400159835155,-8.905930499999965,-45.21044071393392,3313.196347306274,-561.079425100885,False,135.79999999999995,-9.66449719303639,22.74494688710806,-1687.575122676653,1769.8229304453014,24.713055555547456,336.97899999999805,-36.02050071804898,-37.75445327272709,-1642.3646819627193,-1543.3734168609728
454012.0,-0.292,-0.0551,10.5281,-0.0286,0.0014,9.8065,-0.1835,-0.0648,0.2081,159.12,-80.95,68.4,52.848232,-1.67862,24.74,4,336.05,23 / 24,26.38467878678307,60.542602727027706,-8.900555499999964,-42.57340659834354,3319.2484474506186,-561.9697494008852,False,135.89999999999998,-9.578941210450239,22.308470741978084,-1688.5290521434442,1772.0357094861072,24.278055555561988,336.7620000000031,-35.96361999723331,-38.23413198504962,-1645.9556455451007,-1547.2127379645115
454112.0,-0.4353,-0.8276,8.6252,-0.0348,-0.0246,9.8065,0.1575,-0.1328,-0.0845,162.66,-80.95,67.2,52.848232,-1.67862,24.74,4,336.05,23 / 24,26.4976104579602,60.56176394868746,-8.923555499999969,-39.92929213610577,3325.303665784406,-562.8609549508855,False,136.0,-9.671900726738047,22.383663097844444,-1689.4896994233843,1774.2484885254962,24.38388888888889,336.631,-36.169511184698244,-38.17810085084301,-1649.5604072872786,-1551.0551772589097
454212.0,-0.6396,1.0952,9.5212,0.0058,0.0121,9.8066,0.1723,0.0486,-0.1422,154.92,-80.98,68.98,52.848232,-1.67862,24.74,4,336.05,23 / 24,26.651097979416143,60.54055073822186,-8.996900499999944,-37.27185671423786,3331.3587815187493,-563.7569777508852,False,136.09999999999997,-9.475216448289359,22.403702780081517,-1690.4301932638086,1776.4835065509874,24.325000000003442,337.074999999974,-36.1263144277055,-38.13684795814034,-1653.1583365495708,-1554.875274967762
454312.0,-0.5127,1.5115,8.6716,0.0009,0.0499,9.8065,-0.1001,-0.0116,0.0869,155.84,-80.98,70.04,52.848232,-1.67862,24.74,4,336.05,23 / 24,26.852365871865754,60.42040959218505,-9.06792549999996,-34.59668352167316,3337.406829535271,-564.6602190508854,False,136.2,-9.503743918556664,22.413341485161347,-1691.3706871043282,1778.7185245766427,24.34499999999913,337.0220000000023,-36.356109790422416,-38.007068107023706,-1656.774003582655,-1558.6883049586281
454412.0,2.2735,-1.0963,10.7322,-0.0265,0.0159,9.8066,-0.0565,0.1059,-0.0271,159.26,-81.1,68.89,52.848232,-1.67862,24.74,4,336.05,23 / 24,26.874659640317596,60.34375908408114,-9.078400499999956,-31.910332246064904,3343.445037969082,-565.5675353508851,False,136.29999999999995,-9.566641432402768,22.38535900847703,-1692.3246165711053,1780.9535426030038,24.343888888888916,336.8600000000048,-36.441301072720364,-37.95840007560411,-1660.4142843250404,-1562.4914953660782
454512.0,1.6842,-1.1,11.367,-0.0307,-0.0122,9.8065,0.2269,-0.0301,-0.1665,159.91,-81.14,70.42,52.848232,-1.67862,24.74,4,336.05,20 / 21,26.743597600231258,60.344976752370144,-8.954105499999928,-29.229419384036852,3349.4794747609058,-566.4691606508853,False,136.39999999999998,-9.594401591887879,22.28972971490205,-1693.2785460379096,1783.166321643101,24.26694444444558,336.71100000000223,-36.337999192119135,-38.05524703746809,-1664.0491266538727,-1566.3131531178049
454612.0,1.484,-1.5604,10.3954,0.0383,0.0609,9.8063,-0.0131,0.0758,0.033,165.24,-81.06,71.56,52.848232,-1.67862,24.74,4,336.05,20 / 21,26.64470784659355,60.386980487599246,-8.846650499999903,-26.560004111695005,3355.5160726229055,-567.3591984508855,False,136.5,-9.577244844069902,22.28199014849438,-1694.2324755047007,1785.4013396680484,24.253055555555555,336.741,-36.22195269066346,-38.104990339104866,-1667.6724713930057,-1570.1147329548571
454712.0,-0.2597,-0.3459,8.7058,0.0027,0.0021,9.8066,-0.0415,0.0263,-0.0864,160.89,-80.95,71.78,52.848232,-1.67862,24.74,4,336.05,20 / 21,26.65011453784765,60.426061285678884,-8.872255499999895,-23.895262992473853,3361.5567247115673,-568.2451437508852,False,136.59999999999997,-9.536012963050634,22.16153636629392,-1695.1864049714218,1787.602999215558,24.126111111118544,336.7180000000014,-36.18612750089828,-38.26452491938497,-1671.291141978948,-1573.9537254960094
454812.0,0.0505,0.2482,9.1478,-0.0303,-0.0032,9.8065,-0.0445,0.1669,-0.0769,160.8,-80.81,71.04,52.848232,-1.67862,24.74,4,336.05,20 / 21,26.750319014593206,60.39955707710356,-8.960240499999914,-21.225241314851203,3367.5980056297076,-569.1367685508853,False,136.7,-9.549672088075841,22.228533467691495,-1696.1336166250646,1789.815778256361,24.193055555552622,336.75099999999856,-36.29999110266905,-38.17102360941206,-1674.9083753102134,-1577.7822273733466
454912.0,0.5931,1.8546,9.5668,0.0001,-0.0312,9.8065,0.0085,0.2946,-0.2538,160.09,-80.95,70.43,52.848232,-1.67862,24.74,4,336.05,20 / 21,26.847849490754598,60.25581673243643,-9.005175499999899,-18.545332889584728,3373.6307743201824,-570.035039350885,False,136.79999999999995,-9.587016744613749,22.1797737526649,-1697.0942639050165,1792.028557295749,24.163055555556447,336.6240000000038,-36.43486623536835,-38.07604297977153,-1678.548931015432,-1581.6022170244335
455012.0,1.824,-1.4794,9.402,0.0279,0.0196,9.8066,0.058,-0.042,-0.2897,161.53,-80.64,72.04,52.848232,-1.67862,24.74,4,336.05,20 / 21,26.833523386231043,60.165309165837684,-9.037400499999906,-15.861264245734835,3379.6518306150974,-570.9371681508852,False,136.89999999999998,-9.539775478920813,22.15749757836534,-1698.0414755586457,1794.2524558296852,24.123888888889468,336.7059999999988,-36.37329886515185,-38.00781158747235,-1682.1802113129108,-1585.3993747854122
455112.0,-0.567,-1.5682,9.8303,0.0028,0.0114,9.8066,-0.1188,0.2275,0.2277,156.1,-80.62,71.35,52.848232,-1.67862,24.74,4,336.05,20 / 21,26.810700881808486,60.25851352878656,-9.05645049999991,-13.179053032332249,3385.67302174983,-571.8418607008854,False,137.0,-9.540649313301481,22.216083838699625,-1698.9954050254369,1796.465234869782,24.178055555555552,336.759,-36.351350195109966,-38.042429690086934,-1685.8163519931047,-1589.2077868800477
455212.0,2.2008,-2.1237,9.5974,-0.0145,-0.0778,9.8063,-0.0528,-0.0109,-0.0241,159.6,-80.97,69.64,52.848232,-1.67862,24.74,4,336.05,20 / 21,26.75823755365146,60.37317000623607,-9.065730499999907,-10.500606110560165,3391.704605926579,-572.7479697508851,False,137.09999999999997,-9.447246850719162,22.11345888946692,-1699.9291810527393,1798.666894416584,24.046944444452123,336.8669999999937,-36.20548440437062,-38.259711116769154,-1689.4285749421792,-1593.037711509995
455314.0,0.0828,-2.1796,10.1877,-0.0094,-0.048,9.8065,-0.052,0.1346,0.0015,158.53,-81.36,67.99,52.848232,-1.67862,24.74,4,336.05,20 / 21,26.665450830408577,60.505154425779935,-9.056968699999905,-7.775998002972241,3397.869400472614,-573.6722274100854,False,137.202,-9.434724544886569,22.166062227902962,-1700.8946651581273,1800.934826140767,24.090433333340826,336.94359999998136,-36.100175375295144,-38.33909219787697,-1693.118667155155,-1596.934574331847
455411.0,2.0908,0.3528,9.7066,-0.0031,-0.0573,9.8064,-0.0434,-0.2284,0.224,157.83,-81.59,67.32,52.848232,-1.67862,24.74,4,336.05,20 / 21,26.62617563711773,60.51861971264559,-9.043340199999907,-5.191354119297748,3403.7390535183263,-574.5500923917352,False,137.29899999999998,-9.208591147715708,22.079487045728108,-1701.7808790684135,1803.0704359020065,23.922838888893978,337.36069999998733,-35.834766784833434,-38.43913266691748,-1696.5895249491157,-1600.6686176163198
455511.0,0.4297,-0.962,10.0335,-0.0019,0.0212,9.8065,-0.0846,-0.1388,0.1185,161.56,-81.48,67.03,52.848232,-1.67862,24.74,4,336.05,22 / 22,26.592950871389682,60.46899107751416,-9.037000199999905,-2.5303977938717725,3409.7884340578357,-575.4541094117354,False,137.399,-9.165282172899827,21.9067628326071,-1702.6945016563243,1805.2500788546752,23.746761111113702,337.296690000001,-35.75823304428951,-38.56222824490706,-1700.1641038624525,-1604.5383552031606
455612.0,1.2509,-0.5451,9.8724,-0.007,-0.0398,9.8065,-0.086,-0.0963,0.1287,153.19,-81.46,66.64,52.848232,-1.67862,24.74,4,336.05,22 / 22,26.582711101488005,60.47515763411202,-9.022223899999906,0.15497313575852667,3415.8961135677728,-576.3661002287854,False,137.5,-9.37338827475406,21.828706039849454,-1703.6374139095471,1807.4401741299896,23.756111111111114,336.761,-35.956099376242065,-38.64645159426257,-1703.7923870453058,-1608.4559394377832
