time,acc_x,acc_y,acc_z,grav_x,grav_y,grav_z,gyro_yaw,gyro_pitch,gyro_roll,orient_yaw,orient_pitch,orient_roll,gps_lat,gps_lon,gps_speed,gps_accuracy,gps_orient,gps_sats,ins_vel_x,ins_vel_y,ins_vel_z,ins_pos_x,ins_pos_y,ins_pos_z,ins_is_reset,_t_sec,true_vel_x,true_vel_y,true_pos_x,true_pos_y,true_speed_ms,true_heading,err_vel_x,err_vel_y,err_pos_x,err_pos_y
13185410.0,-1.0469,0.3122,10.0764,-0.034,-0.04,9.8065,0.0822,0.2519,-0.0383,112.27,-84.06,-150.58,52.203262,-2.196303,11.03,2,279.36,23 / 23,-9.911367595612502,1.5380807471138944,0.0,0.0,0.0,0.0,False,0.0,-9.911367595612502,1.5380807471138944,0.0,0.0,10.03,278.821,0.0,0.0,0.0,0.0
13185512.0,1.0947,1.7582,10.0046,-0.0243,-0.0566,9.8064,0.0794,0.0109,-0.1969,106.14,-83.96,-156.56,52.203262,-2.196303,11.03,2,279.36,23 / 23,-9.755489609104517,1.6174536987141235,0.02385270000018039,-1.003009717448152,0.16093225673844577,0.001216487700018398,False,0.10200000000077125,-10.059970193915929,1.5655583657863754,-1.0287495219923004,0.16990584856557098,10.181061111112308,278.84554000000514,-0.3044805848114116,-0.05189533292774806,-0.02573980454414837,0.008973591827125205
13185609.0,0.4703,1.1407,10.0021,-0.0182,-0.0318,9.8066,0.1821,0.2452,-0.2867,105.46,-83.83,-157.65,52.203262,-2.196303,11.03,2,279.36,23 / 23,-9.59976144057826,1.6177614776902824,0.042932600000131806,-1.9417393933553728,0.31784019279365927,0.004455574750025279,False,0.19900000000052387,-10.104701524694413,1.6123147287250306,-2.007070145812066,0.3209085584499938,10.232525000001814,279.06573000000776,-0.5049400841161535,-0.00544674896525188,-0.06533075245669329,0.003068365656334504
13185710.0,-0.3821,-2.2663,10.959,-0.0314,-0.0421,9.8065,0.0791,0.1872,-0.0599,104.28,-83.66,-159.87,52.203262,-2.196303,11.03,2,279.36,23 / 23,-9.615581279404513,1.7434762082921693,0.11099649999928851,-2.9121142007024794,0.4875826959336699,0.012228994299899687,False,0.2999999999992724,-10.126643972182219,1.585427973976434,-3.0257338881840257,0.4892576766298852,10.250000000000071,278.89799999999934,-0.5110626927777062,-0.15804823431573523,-0.11361968748154627,0.0016749806962153002
13185810.0,-1.1233,-0.3191,10.5762,-0.0088,-0.0435,9.8065,0.1129,0.0737,-0.0861,99.94,-83.49,-164.89,52.203262,-2.196303,11.03,2,279.36,23 / 23,-9.691618090196679,1.9656388836549323,0.20709149999963816,-3.8774741691860513,0.6730384505316996,0.02813339429990388,False,0.3999999999996362,-10.12906268729454,1.5825466719231125,-4.034311850945242,0.6449305748335594,10.25194444444358,278.8799999999841,-0.437444597097862,-0.38309221173181984,-0.15683768175919077,-0.028107875698140217
13185910.0,1.3287,-1.5753,9.6608,-0.0068,-0.0331,9.8065,-0.0148,0.1202,-0.0861,95.74,-83.24,-165.72,52.203262,-2.196303,11.03,2,279.36,23 / 23,-9.756421998663503,2.0854035282748913,0.23827649999975167,-4.849876173632598,0.8755905711289277,0.05040179429995438,False,0.5,-10.121340536998648,1.5285406154630803,-5.042889813578889,0.8006034716112609,10.23611111111111,278.588,-0.36491853833514476,-0.556862912811811,-0.19301363994629117,-0.0749870995176668
13186010.0,0.4936,-0.6197,10.7913,0.0083,-0.0107,9.8066,0.0893,0.1843,0.0034,93.5,-83.09,-168.39,52.203262,-2.196303,11.03,2,279.36,23 / 23,-9.854406881713553,2.125692149907682,0.2802164999999043,-5.830417617655018,1.0861453550388223,0.07632644430003149,False,0.6000000000003638,-10.152508744323267,1.4812718171970216,-6.0582824922663265,0.9451568766815122,10.25999999999918,278.30099999998095,-0.2981018626097143,-0.6444203327106606,-0.2278648746113081,-0.1409884783573101
13186110.0,2.1376,-1.02,8.2024,-0.0367,-0.0341,9.8065,0.0031,0.2055,-0.1509,88.64,-82.54,-170.83,52.203262,-2.196303,11.03,2,279.36,23 / 23,-9.923380014220434,2.11703061765766,0.24923649999979167,-6.8193069624553155,1.298281493417861,0.1027990943001126,False,0.7000000000007276,-10.133263048795488,1.2896530478963086,-7.0668604550280385,1.0674712954857264,10.215000000001638,277.25299999996344,-0.20988303457505353,-0.8273775697613512,-0.24755349257272297,-0.23081019793213464
13186209.0,0.9962,0.3181,10.5637,0.0011,-0.0212,9.8065,0.2834,0.109,-0.0969,92.16,-82.32,-171.05,52.203262,-2.196303,11.03,2,279.36,23 / 23,-9.947088016760688,2.081281722073496,0.20730009999972399,-7.802895129990471,1.5060979542348893,0.12539765600012515,False,0.7990000000008877,-10.198399074054437,1.1183484716563898,-8.078845775720579,1.177554273300888,10.259550000002358,276.25804999994733,-0.2513110572937496,-0.962933250417106,-0.2759506457301075,-0.32854368093400144
13186311.0,-0.9923,-1.6522,10.8848,-0.0394,-0.0325,9.8064,0.0475,0.1809,-0.0916,93.23,-81.99,-170.25,52.203262,-2.196303,11.03,2,279.36,23 / 24,-9.998378917601059,2.209470543192146,0.3008952999987627,-8.820113943632471,1.7249263197611893,0.15131562139978175,False,0.9009999999998399,-10.108634807205455,1.0651653186843004,-9.100916876059383,1.2907507083630487,10.164611111108933,276.0151299999503,-0.11025588960439592,-1.1443052245078456,-0.2808029324269121,-0.43417561139814054
13186410.0,1.7342,0.8681,9.3307,-0.0056,-0.0114,9.8066,0.0089,-0.0284,0.0603,86.47,-81.93,-171.42,52.203262,-2.196303,11.03,2,279.36,23 / 24,-10.019884863478733,2.3011266701752953,0.33070419999881095,-9.811018000797523,1.9482008818232386,0.1825797966497122,False,1.0,-10.085439102792112,0.9066666082081961,-10.099409059091496,1.3788170904687203,10.126111111111111,275.137,-0.06555423931337856,-1.394460061967099,-0.28839105829397305,-0.5693837913545183
13186510.0,1.3965,-0.4998,10.8112,-0.0141,-0.0176,9.8066,0.161,0.0325,-0.0506,83.02,-82.07,-170.61,52.203262,-2.196303,11.03,2,279.36,23 / 24,-9.989162434393107,2.2676738809716515,0.35713419999890716,-10.811470365694754,2.176640909381417,0.2169717166497232,False,1.1000000000003638,-9.968429552985516,0.8675666055420169,-11.09435758989153,1.4677730327031713,10.006111111110398,274.9739999999877,0.02073288140759111,-1.4001072754296344,-0.2828872241967755,-0.7088678766782459
13186610.0,1.3961,-1.9492,10.6013,-0.036,-0.0105,9.8065,-0.2184,-0.0295,0.0552,82.32,-81.94,-171.62,52.203262,-2.196303,11.03,2,279.36,23 / 24,-10.09880509629214,2.2358048256744043,0.4470941999992345,-11.81586874223267,2.401814844714539,0.25718313664977654,False,1.2000000000007276,-9.938914906610117,0.7469618716692233,-12.082491404738004,1.5344899886723946,9.966944444440553,274.2979999999975,0.15989018968202195,-1.488842954005181,-0.26662266250533406,-0.8673248560421445
13186710.0,1.2733,2.0512,10.8782,0.0496,0.0134,9.8065,-0.1348,-0.2718,0.1161,86.57,-82.42,-171.6,52.203262,-2.196303,11.03,2,279.36,23 / 24,-10.082138654635239,2.218912111091785,0.5404041999978767,-12.824915929764355,2.6245506915496075,0.3065580566489136,False,1.2999999999992724,-9.833141291824367,0.7272773438738089,-13.063810503585605,1.6123264363577652,9.859999999994615,274.2299999999806,0.24899736281087215,-1.4916347672179762,-0.23889457382125023,-1.0122242551918423
13186809.0,0.8069,-4.3011,10.7942,0.0143,0.0608,9.8063,-0.1445,0.1251,-0.0713,84.31,-82.2,-170.23,52.203262,-2.196303,11.03,2,279.36,23 / 24,-10.185039717836458,2.222796857205646,0.6423296499980415,-13.828141259203326,2.844415285480686,0.3651033822238062,False,1.3989999999994325,-9.693158740740525,0.6270697803305512,-14.015076705079508,1.678376222766762,9.713424999992244,273.70133999997205,0.49188097709593315,-1.5957270768750946,-0.18693544587618227,-1.1660390627139239
13186910.0,1.5121,-0.6983,8.7602,0.022,0.0089,9.8066,-0.1692,-0.1569,0.2414,82.4,-82.09,-171.78,52.203262,-2.196303,11.03,2,279.36,23 / 24,-10.426634697287094,2.2043149297763707,0.6393551999980248,-14.869030817172915,3.067984430724534,0.42982846714897127,False,1.5,-9.60091155554313,0.605720482267511,-14.98556040550037,1.7457603482905482,9.62,273.61,0.8257231417439641,-1.5985944475088596,-0.11652958832745597,-1.3222240824339857
13187009.0,1.8314,-2.8726,11.3636,0.0513,0.0329,9.8064,0.0802,0.4974,-0.221,83.9,-82.29,-171.9,52.203262,-2.196303,11.03,2,279.36,23 / 24,-10.587740470811628,2.1417906856741133,0.6646249499980657,-15.909242387995484,3.2831166586896807,0.49437548457388214,False,1.59900000000016,-9.41488584155169,0.547623198611246,-15.909840331765077,1.7897935396967126,9.430799999996943,273.32883999999547,1.1728546292599376,-1.5941674870628675,-0.0005979437695931011,-1.493323118992968
13187110.0,2.0253,-2.2986,8.7352,-0.0064,-0.0675,9.8063,-0.1084,0.2879,-0.2082,84.64,-82.31,-171.64,52.203262,-2.196303,11.03,2,279.36,23 / 24,-10.830839948267135,2.0457675337280072,0.6891426999982035,-16.99088069916504,3.494588348770676,0.5627407508990778,False,1.7000000000007276,-9.370348557049423,0.5437368016162146,-16.85279257974869,1.8458357815370598,9.386111111106159,273.32100000002566,1.4604913912177118,-1.5020307321117925,0.13808811941634858,-1.6487525672336163
13187209.0,1.058,1.0938,9.5515,0.013,-0.0347,9.8065,0.0531,0.2694,-0.2591,89.76,-82.29,-174.1,52.203262,-2.196303,11.03,2,279.36,23 / 24,-10.8767941338964,2.004608992257379,0.6234759999980974,-18.065408586233872,3.695081986807277,0.6277153765489998,False,1.7990000000008877,-9.228616679360476,0.6482181951980885,-17.76357936837198,1.9118855693465564,9.251361111103979,274.01796000003685,1.648177454535924,-1.3563907970592906,0.30182921786189354,-1.7831964174607204
13187310.0,3.0167,-2.3835,10.0585,0.0028,-0.0404,9.8065,0.0579,0.1746,-0.0898,84.36,-82.37,-175.26,52.203262,-2.196303,11.03,2,279.36,23 / 24,-10.922774236450632,1.9118522236180089,0.6233093499980996,-19.166286788922758,3.892863278206533,0.6906780367230276,False,1.8999999999996362,-9.100107936360661,0.3998653980044948,-18.679136458177265,1.9459112161957905,9.108888888878582,272.5160000000138,1.8226663000899705,-1.511986825613514,0.48715033074549297,-1.9469520620107426
13187410.0,1.5711,-1.0599,9.4103,-0.023,-0.0268,9.8065,-0.0033,0.3019,-0.0944,83.69,-82.35,-175.43,52.203262,-2.196303,11.03,2,279.36,23 / 24,-11.073752253427376,1.7889195683806824,0.6160843499980734,-20.26611311342066,4.077901867807141,0.7526477217230617,False,2.0,-8.909592718629943,0.4307639587248195,-19.56504953349543,1.9903891873099822,8.919999999999998,272.768,2.1641595347974327,-1.358155609655863,0.7010635799252292,-2.0875126804971584
13187510.0,3.8434,-1.9769,9.3512,-0.0074,-0.0295,9.8065,0.0387,0.2482,-0.1604,85.71,-81.95,-174.98,52.203262,-2.196303,11.03,2,279.36,23 / 24,-11.20370176020748,1.6287900847013148,0.5734943499979185,-21.379985814106455,4.248787350461862,0.8121266567230777,False,2.100000000000364,-8.876466918557512,0.6194575961855503,-20.450962608877806,2.0571061432783964,8.898055555553592,273.9919999999859,2.327234841649968,-1.0093324885157644,0.9290232052286491,-2.191681207183466
13187610.0,2.6239,0.6572,9.3372,0.0149,-0.0127,9.8065,-0.0486,-0.0295,0.0253,80.29,-81.76,-176.16,52.203262,-2.196303,11.03,2,279.36,23 / 24,-11.238731437524475,1.4285678238856354,0.5272493499977503,-22.502107473997135,4.4016552458917655,0.8671638417230614,False,2.2000000000007276,-8.776148345821415,0.4932749861985898,-21.323246252298627,2.1015841136889057,8.789999999992794,273.2170000000132,2.46258309170306,-0.9352928376870456,1.178861221698508,-2.3000711322028597
13187709.0,-0.7797,-5.7168,11.0794,-0.0398,0.0327,9.8065,0.2828,0.4476,-0.0985,83.15,-81.88,-177.06,52.203262,-2.196303,11.03,2,279.36,23 / 24,-11.478340716239979,1.431900719018305,0.5670126999978146,-23.626602545610293,4.5432484387657395,0.9213298131979294,False,2.2990000000008877,-8.577196972957804,0.5359189738590953,-22.166567352929388,2.1566256025964865,8.593924999989623,273.575380000019,2.9011437432821747,-0.8959817451592098,1.4600351926809054,-2.386622836169253
13187810.0,1.476,2.8762,8.7302,-0.0401,-0.0803,9.8062,-0.0658,-0.2273,0.3123,78.72,-81.46,-178.95,52.203262,-2.196303,11.03,2,279.36,23 / 24,-11.622520640804483,1.5154473663457746,0.5769258499976918,-24.793196044126585,4.692089517074781,0.9790987099719867,False,2.399999999999636,-8.486267263342857,0.5160690569386212,-23.02011052745196,2.2127790407735337,8.501944444444126,273.4799999999792,3.1362533774616264,-0.9993783094071534,1.7730855166746267,-2.4793104763012477
13187910.0,-0.5615,-1.8591,10.0217,-0.0121,-0.026,9.8065,0.1051,0.2007,-0.3807,78.36,-81.61,-178.35,52.203262,-2.196303,11.03,2,279.36,23 / 24,-11.57864678896831,1.6018705548692898,0.5338558499975351,-25.953254415619444,4.847955413136102,1.03463779497195,False,2.5,-8.48368651740115,0.4593115356831729,-23.8651353069712,2.2572570118877255,8.49611111111111,273.099,3.0949602715671602,-1.1425590191861168,2.088119108648243,-2.5906984012483765
13188009.0,2.0838,-0.5927,11.432,0.0462,-0.0431,9.8064,0.0676,0.1403,-0.165,73.45,-81.75,-178.86,52.203262,-2.196303,11.03,2,279.36,23 / 24,-11.693380981771876,1.623085087492229,0.6249556499976825,-27.105219790272947,5.0075907174332555,1.0919989642218062,False,2.59900000000016,-8.269824179842736,0.5798143243561906,-24.681470132345947,2.312298500095056,8.290136111107781,274.0107900000147,3.4235568019291396,-1.0432707631360383,2.423749657927001,-2.6952922173381992
13188110.0,3.852,-6.8022,8.6614,0.0002,-0.0246,9.8065,-0.0433,0.8106,-0.233,72.95,-82.01,-178.76,52.203262,-2.196303,11.03,2,279.36,23 / 24,-11.989904036456622,1.348200749211134,0.6492006999978188,-28.301225683700206,5.157640652187618,1.1563438598969407,False,2.7000000000007276,-8.175698614427562,0.5156606897108104,-25.50066713842364,2.368451936851194,8.191944444444555,273.60899999998026,3.81420542202906,-0.8325400595003237,2.800558545276566,-2.7891887153364245
13188210.0,1.0733,-4.9927,11.2958,-0.0176,-0.0885,9.8062,-0.3213,-0.4619,0.265,73.86,-81.59,177.99,52.203262,-2.196303,11.03,2,279.36,23 / 24,-12.50921019182944,1.0634987280564847,0.6663956999975686,-29.526181395096685,5.278225626049244,1.2221236798957529,False,2.7999999999992724,-8.183269558387984,0.4383198999644431,-26.31161833816825,2.401810416250856,8.194999999996655,273.06600000003937,4.325940633441457,-0.6251788280920416,3.214563056928437,-2.8764152097983886
13188310.0,3.7738,-5.8473,12.5658,0.0317,0.0862,9.8061,0.1303,0.0952,0.0917,73.81,-81.57,176.99,52.203262,-2.196303,11.03,2,279.36,22 / 24,-12.987083949693409,0.8001224550167411,0.8788106999983414,-30.800996102177464,5.371406685203245,1.2993839998958294,False,2.899999999999636,-8.081819657100139,0.5862596408222644,-27.12256953789977,2.468527372219068,8.103055555551084,274.14900000000057,4.9052642925932695,-0.2138628141944766,3.678426564277693,-2.902879312984177
13188410.0,0.053,1.2381,11.4066,-0.0206,0.0003,9.8066,-0.0583,-0.6481,0.6578,64.57,-81.56,178.74,52.203262,-2.196303,11.03,2,279.36,22 / 24,-13.192583017044905,0.6790906747436675,1.0967656999991342,-32.10997945051914,5.445367341691534,1.3981628198960625,False,3.0,-7.999988557996581,0.5817271944080962,-27.919891305721343,2.5241248350508227,8.02111111111111,274.159,5.192594459048324,-0.0973634803355713,4.190088144797798,-2.921242506640711
13188509.0,1.3898,9.3569,6.6458,0.0283,0.1241,9.8058,-0.3708,-0.3126,0.2934,68.32,-81.35,-178.36,52.203262,-2.196303,11.03,2,279.36,22 / 24,-12.719971862534099,0.9250908358430997,1.0195011499990092,-33.39265091706038,5.524774326465707,1.50291802897114,False,3.09900000000016,-7.8707213732687356,0.4647143757213673,-28.689000149485228,2.5681580257567376,7.884436111108902,273.37887999998736,4.849250489265363,-0.4603764601217324,4.7036507675751515,-2.956616300708969
13188610.0,1.0904,-0.2756,10.6422,0.0249,0.1247,9.8058,-0.0333,-0.8709,0.7778,62.49,-81.26,-178.87,52.203262,-2.196303,11.03,2,279.36,22 / 24,-12.284425957629283,1.0955194222356472,0.9020734999983495,-34.65537300698573,5.626815144499257,1.5999575487965518,False,3.2000000000007276,-7.803714856010401,0.5767663704137332,-29.48046126157749,2.6242002690038486,7.8249999999973125,274.22699999997656,4.4807111016188825,-0.518753051821914,5.174911745408238,-3.002614875495408
13188710.0,1.3066,9.2577,9.0378,-0.071,0.1346,9.8054,-0.1819,-0.944,0.6857,61.49,-81.29,176.84,52.203262,-2.196303,11.03,2,279.36,22 / 24,-11.882527535697497,1.3169616634002335,0.9054084999983011,-35.86372068163448,5.747439198779295,1.6903316487950693,False,3.2999999999992724,-7.735968582304687,0.48426599132886416,-30.250524165520698,2.668678240120872,7.751111111109363,273.5820000000148,4.14655895339281,-0.8326956720713693,5.613196516113785,-3.0787609586584233
13188810.0,4.3262,-7.332,10.2887,-0.023,0.1458,9.8055,-0.0613,-0.1233,-0.0078,69.62,-81.49,-176.11,52.203262,-2.196303,11.03,2,279.36,22 / 24,-11.754711460094175,1.2652307527031073,0.891068499998249,-37.04558263142837,5.876548819584932,1.7801554987952235,False,3.399999999999636,-7.684394319244235,0.5358627046902757,-31.013772353578542,2.724275702956065,7.703055555551403,273.9889999999704,4.07031714084994,-0.7293680480128315,6.031810277849825,-3.152273116628867
13188910.0,-1.0112,9.162,9.0252,0.0104,0.0477,9.8064,-0.1519,-0.9414,0.8063,67.98,-81.31,-176.41,52.203262,-2.196303,11.03,2,279.36,22 / 24,-11.652603123285425,1.271059385943822,0.8760984999981946,-38.21594836060161,6.00336332651774,1.8685138487953672,False,3.5,-7.613154105198523,0.4584387954142321,-31.770205825547002,2.7687536733629337,7.626944444444445,273.446,4.039449018086902,-0.8126205905295898,6.445742535054606,-3.2346096531548065
13189009.0,4.9611,-7.864,10.1207,-0.0468,0.1489,9.8054,-0.0937,0.7757,-0.382,70.11,-81.31,-172.44,52.203262,-2.196303,11.03,2,279.36,22 / 24,-11.567874029502246,1.2407415459237332,0.8529621999981571,-39.36536197966646,6.1276974726453854,1.954102353445325,False,3.59900000000016,-7.59987109431874,0.3957267464444446,-32.51907496287558,2.801778567267682,7.610169444444174,272.98069999999245,3.968002935183506,-0.8450147994792886,6.846287016790882,-3.3259189053777036
13189110.0,4.0781,-4.4665,9.0399,0.054,-0.0223,9.8064,-0.1434,-0.248,0.329,67.25,-81.62,-173.73,52.203262,-2.196303,11.03,2,279.36,22 / 24,-12.020338354156664,0.7116072449007793,0.8301008499980287,-40.55656670504793,6.226291086582577,2.03909703747061,False,3.7000000000007276,-7.551438796392606,0.35968333886109066,-33.27625805369413,2.8354706293309433,7.559999999994615,272.72699999995666,4.468899557764058,-0.35192390603968865,7.280308651353799,-3.390820457251634
13189210.0,5.1697,-7.3139,9.8472,-0.009,0.0861,9.8062,-0.0542,0.9298,-0.4823,69.12,-81.65,-170.31,52.203262,-2.196303,11.03,2,279.36,22 / 24,-12.433543269139426,0.18260398633181218,0.7937908499985571,-41.77926078619494,6.271001648143557,2.120291622469258,False,3.7999999999992724,-7.409284652424566,0.19854819777089522,-34.012247377843686,2.8465901231702735,7.4119444444420095,271.53499999992636,5.024258616714859,0.015944211439083034,7.767013408351254,-3.424411524973283
13189310.0,2.381,-1.0337,7.954,0.0399,-0.0418,9.8065,-0.1196,0.2294,0.0256,68.31,-81.5,-169.61,52.203262,-2.196303,11.03,2,279.36,22 / 22,-12.722594169232723,-0.2013727145895502,0.7031858499982275,-43.037067658118126,6.270063211730666,2.1951404574693694,False,3.899999999999636,-7.3447313999688015,-0.06281450674845447,-34.741421986053076,2.835470629329325,7.344999999996347,269.5099999999548,5.377862769263921,0.13855820784109574,8.29564567206505,-3.4345925824013412
13189410.0,-1.2472,4.4546,9.4951,0.0071,0.0357,9.8065,0.1438,0.7215,-0.4021,66.4,-81.53,-168.54,52.203262,-2.196303,11.03,2,279.36,22 / 22,-12.585733726889368,-0.0680755639130336,0.5949758499978339,-44.30248405292883,6.256590797805488,2.260048542469409,False,4.0,-7.276130018966799,-0.16740554603507127,-35.46378187820265,2.8132316444795524,7.2780555555555555,268.682,5.309603707922569,-0.09932998212203767,8.83870217472618,-3.443359153325936
13189510.0,2.2819,0.0032,8.8508,0.0107,-0.037,9.8065,-0.0196,0.5315,-0.1415,69.06,-81.39,-166.86,52.203262,-2.196303,11.03,2,279.36,22 / 22,-12.403151375984143,0.08867461546561495,0.5316058499976035,-45.55192830807705,6.257620750383121,2.3163776274693855,False,4.100000000000364,-7.270920237385065,-0.20779429609414846,-36.19295648641228,2.790992658920434,7.273888888889203,268.3629999999692,5.132231138599078,-0.2964689115597634,9.358971821664774,-3.4666280914626872
13189610.0,0.4944,3.8399,8.8982,0.0149,-0.008,9.8066,0.0367,0.3379,-0.1167,72.7,-81.58,-165.94,52.203262,-2.196303,11.03,2,279.36,22 / 22,-12.202554616772833,0.1344583462983065,0.4383908499972644,-46.78221360771938,6.268777398471358,2.3648774624693054,False,4.200000000000728,-7.278800356612453,-0.423516945412921,-36.91531637864077,2.7465146885087113,7.291111111104957,266.669999999896,4.92375426016038,-0.5579752917112275,9.86689722907861,-3.522262709962647
13189710.0,3.0357,-1.0873,9.6322,0.0188,-0.0179,9.8065,-0.05,0.4414,-0.2364,69.39,-81.86,-163.75,52.203262,-2.196303,11.03,2,279.36,22 / 22,-12.040000620063529,0.1256364227712567,0.3842458499980523,-47.994341369543555,6.281782136924647,2.4060092974684726,False,4.299999999999272,-7.080435473471784,-0.7678060795107718,-37.61723212294273,2.657558746982797,7.121944444442958,263.8109999999619,4.9595651465917445,-0.8934425022820285,10.377109246600824,-3.6242233899418506
13189809.0,1.3444,2.7068,9.5408,0.0521,-0.0124,9.8065,-0.0049,0.0779,-0.0385,73.1,-82.25,-162.35,52.203262,-2.196303,11.03,2,279.36,22 / 22,-11.919865927195787,0.05911380587057255,0.3624509999980171,-49.18035476363481,6.290927273242433,2.442970791543338,False,4.3989999999994325,-7.025272617057987,-0.8906714233463012,-38.31212870983973,2.5694923648707175,7.081519444442305,262.77446999994515,4.894593310137799,-0.9497852292168738,10.868226053795077,-3.7214349083717155
13189910.0,2.1827,-1.5273,10.0817,0.0141,0.0111,9.8066,0.002,0.2733,-0.1412,71.81,-82.5,-159.89,52.203262,-2.196303,11.03,2,279.36,22 / 22,-11.836206601961486,0.02594511547412788,0.3629155999980198,-50.38003642636399,6.295222748770365,2.4796018048433437,False,4.5,-6.908253169719439,-1.26927273133796,-39.007434179641585,2.4351688935249083,7.023888888888889,259.589,4.927953432242047,-1.2952178468120878,11.372602246722408,-3.8600538552454564
13190010.0,1.9604,2.2674,8.7266,0.017,-0.0154,9.8066,0.0235,-0.0389,0.0645,76.82,-82.79,-158.17,52.203262,-2.196303,11.03,2,279.36,22 / 22,-11.76575893237412,-0.05078087448792129,0.3226655999978734,-51.56013470308507,6.29398096081967,2.513880864843263,False,4.600000000000364,-6.753420225381436,-1.390086421571036,-39.6752763441623,2.290615489161171,6.895000000002001,258.3689999999785,5.012338706992683,-1.3393055470831148,11.88485835892277,-4.003365471658499
13190110.0,2.131,-1.0607,9.2091,-0.0078,-0.005,9.8066,0.022,0.1191,-0.0937,78.67,-82.9,-155.75,52.203262,-2.196303,11.03,2,279.36,22 / 22,-11.680668419450523,-0.11357065165628302,0.23878559999756827,-52.73245607068056,6.28576338451243,2.5419534248431375,False,4.700000000000728,-6.830514693981517,-1.5537355036208016,-40.356747940588875,2.1238230992391243,7.004999999993634,257.1849999999365,4.850153725469006,-1.4401648519645185,12.375708130091688,-4.161940285273306
13190211.0,0.6647,0.9138,9.3013,0.0006,0.0118,9.8066,0.0194,-0.313,0.2276,76.78,-82.97,-154.72,52.203262,-2.196303,11.03,2,279.36,22 / 22,-11.676229942684616,-0.1288350100275524,0.18308914999825837,-53.911979437953775,6.273521898597548,2.563258099717663,False,4.800999999999476,-6.609818599257682,-1.7178996509037379,-41.02424936931074,1.955140395564117,6.829419444442205,255.4310199999692,5.0664113434269336,-1.5890646408761855,12.887730068643037,-4.318381503033431
13190310.0,-0.6139,3.6921,9.8121,-0.0271,0.0454,9.8065,-0.0079,-0.0689,0.0924,82.32,-82.88,-152.27,52.203262,-2.196303,11.03,2,279.36,22 / 22,-11.460204949962623,0.024824085261924755,0.15834409999821836,-55.057232965141665,6.268373357821641,2.5801590455925156,False,4.899999999999636,-6.530085703800578,-1.7936589028044312,-41.66517340574898,1.7679993338385422,6.771944444440685,254.64099999994525,4.930119246162045,-1.818482988066356,13.392059559392685,-4.500374023983099
13190410.0,0.2464,2.3783,9.2683,0.0089,0.0017,9.8066,-0.0977,-0.2391,0.1842,81.99,-82.95,-153.32,52.203262,-2.196303,11.03,2,279.36,22 / 22,-11.169055107296243,0.20690595052058983,0.13169909999812143,-56.18869596800872,6.279959859610809,2.5946612055923852,False,5.0,-6.431588639228121,-1.888285295344949,-42.3057567063549,1.5789679590788586,6.703055555555555,253.638,4.737466468068122,-2.095191245865539,13.882939261653824,-4.7009919005319505
13190510.0,0.6379,1.3701,8.8027,0.0274,0.0223,9.8065,-0.126,-0.1504,-0.034,81.17,-82.99,-154.02,52.203262,-2.196303,11.03,2,279.36,22 / 22,-10.985393197585504,0.3128155022010245,0.05458409999784093,-57.29641838325684,6.305945932246984,2.603975365592217,False,5.100000000000364,-6.385475262861565,-1.8924337947142649,-42.93952529105386,1.3899365835978958,6.659999999999524,253.49199999999053,4.599917934723939,-2.2052492969152895,14.35689309220298,-4.916009348649088
13190610.0,-0.3028,-1.3071,10.4859,0.0156,0.0247,9.8065,-0.101,-0.2025,-0.0599,83.99,-83.17,-152.97,52.203262,-2.196303,11.03,2,279.36,22 / 22,-10.985642204105519,0.4226624306854696,0.03834909999778196,-58.39497015334539,6.342719828891442,2.608622025592015,False,5.200000000000728,-6.343036982153075,-1.9427721516176664,-43.56647915979927,1.1897857156918443,6.633888888884312,252.97099999999938,4.642605221952444,-2.365434582303136,14.828490993546119,-5.152934113199598
13190710.0,-0.8504,2.6231,10.2283,0.0132,0.0236,9.8066,-0.063,-0.3485,0.3002,83.86,-83.26,-152.46,52.203262,-2.196303,11.03,2,279.36,22 / 22,-10.929746280522604,0.609964975646074,0.09339409999698109,-59.49073957756085,6.394351199207268,2.6152091855916573,False,5.299999999999272,-6.222154831506113,-1.9077673775827202,-44.18661831252603,1.0007543395071992,6.50805555555603,252.95399999999495,4.707591449016491,-2.5177323532287943,15.304121265034823,-5.393596859700069
13190810.0,1.8594,-1.2512,9.8437,0.0002,0.0262,9.8065,-0.0396,-0.0875,0.0668,82.35,-83.43,-154.0,52.203262,-2.196303,11.03,2,279.36,22 / 22,-10.8586526969256,0.688511431287893,0.11632909999706463,-60.58015952643723,6.459275019554203,2.6256953455913976,False,5.399999999999636,-6.229980967503301,-1.9267141116249633,-44.806757465263686,0.8117229647337617,6.521111111105866,252.81500000003268,4.628671729422298,-2.6152255429128566,15.773402061173542,-5.647552054820441
13190909.0,0.5543,0.0136,9.2754,0.0262,0.0077,9.8065,-0.1,-0.2575,0.0726,83.54,-83.54,-155.73,52.203262,-2.196303,11.03,2,279.36,22 / 22,-10.909449733962251,0.6833327063956948,0.09186619999702511,-61.65768059676792,6.52718130436965,2.6360010129411218,False,5.498999999999796,-6.158393967068126,-1.8349699215019102,-45.41394865768868,0.6245819030218034,6.425961111111251,253.4080099999991,4.751055766894125,-2.518302627897605,16.24373193907924,-5.902599401347847
13191009.0,2.3861,-0.6306,8.8213,0.0008,0.0199,9.8066,-0.0592,0.0416,-0.0788,83.41,-83.75,-154.97,52.203262,-2.196303,11.03,2,279.36,22 / 22,-10.927627735176673,0.6564890088779901,0.01603619999674931,-62.74953447022884,6.594172390133578,2.64139613294083,False,5.59900000000016,-6.218558225388032,-1.7915044976618113,-46.03401966326725,0.44655882574284644,6.471475000000751,253.92880000000835,4.709069509788641,-2.4479935065398015,16.715514806961586,-6.147613564390732
13191109.0,0.4298,1.3177,10.2199,0.0047,-0.0155,9.8066,0.0602,-0.0698,0.0246,86.27,-83.98,-153.95,52.203262,-2.196303,11.03,2,279.36,22 / 22,-10.879530300643257,0.6399799191734702,-0.012568800003354613,-63.8398923720238,6.658995836536387,2.6415695029405004,False,5.699000000000524,-6.117222873523815,-1.6937057545690013,-46.64741224721127,0.27965524159697275,6.347369444440141,254.5240400000204,4.762307427119442,-2.3336856737424716,17.192480124812526,-6.379340594939414
13191210.0,-1.0092,2.3938,9.4115,0.0258,-0.0195,9.8065,0.0004,0.2044,-0.202,85.79,-84.33,-155.44,52.203262,-2.196303,11.03,2,279.36,22 / 22,-10.693750394561587,0.8064044907168167,-0.011654750003365827,-64.92934304711814,6.732038249234941,2.6403462136651763,False,5.799999999999272,-6.2453419305223425,-1.4956853340031189,-47.28049936031436,0.14455340506236303,6.421944444441463,256.5319999999934,4.448408464039244,-2.3020898247199355,17.64884368680378,-6.587484844172578
13191310.0,0.1441,0.8865,10.2555,0.0398,-0.0462,9.8064,0.0209,0.0735,-0.1705,82.0,-84.86,-157.51,52.203262,-2.196303,11.03,2,279.36,22 / 22,-10.536631643910843,0.9872645285768841,-0.00896975000335601,-65.99086214904563,6.821721700199952,2.6393149886648364,False,5.899999999999636,-6.160955540429056,-1.4960704625263017,-47.88700908114627,-0.011119492432774596,6.339999999999075,256.351000000071,4.375676103481787,-2.483334991103186,18.103853067899358,-6.832841192632727
13191409.0,0.8266,-0.3742,8.8797,0.0096,-0.0199,9.8066,0.0098,0.1993,-0.2202,84.35,-85.02,-156.75,52.203262,-2.196303,11.03,2,279.36,22 / 22,-10.511522737833694,1.0652434992430635,-0.032635700003394254,-67.03274579094366,6.923320847577204,2.637255518889499,False,5.998999999999796,-6.1766245443134205,-1.3536170145278656,-48.50094684236465,-0.14321906524115702,6.323225000000025,257.6389899999981,4.3348981935202735,-2.4188605137709294,18.531798948579016,-7.066539912818361
13191510.0,0.9761,-1.7376,9.2776,0.0234,-0.0145,9.8066,-0.0058,-0.0023,0.0223,84.2,-85.06,-156.79,52.203262,-2.196303,11.03,2,279.36,22 / 22,-10.611190605383886,1.087964990277914,-0.1061637000038074,-68.09944281478215,7.032057876298625,2.630246149189096,False,6.100000000000364,-6.212278236799486,-1.275875560159999,-49.1272873866043,-0.2668678238724429,6.341944444444974,258.39400000002263,4.3989123685844,-2.3638405504379127,18.97215542817785,-7.2989257001710675
13191610.0,0.9877,-1.3518,10.2727,0.0123,-0.0001,9.8066,0.0071,0.1815,-0.1622,83.84,-85.33,-157.76,52.203262,-2.196303,11.03,2,279.36,22 / 22,-10.75776852858945,1.097066721388699,-0.1093137000038188,-69.1678907714847,7.1413094618823525,2.6194722791886753,False,6.200000000000728,-6.267224527880486,-1.14584183343417,-49.74742653939652,-0.3780627502513663,6.371111111110413,259.6390000000071,4.490544000708964,-2.2429085548228693,19.420464232088186,-7.519372212133719
13191710.0,0.5507,-0.4353,10.6283,0.0176,-0.0396,9.8065,0.0096,0.034,-0.0546,81.35,-85.56,-158.5,52.203262,-2.196303,11.03,2,279.36,22 / 22,-10.843270639018893,1.1328628898266828,-0.044928700004755684,-70.24794272984941,7.2528059424414995,2.611760159188359,False,6.299999999999272,-6.252222212547997,-1.1211224867250056,-50.367565692177955,-0.4892576773347811,6.351944444445425,259.83400000007805,4.591048426470897,-2.2539853765516886,19.880377037671458,-7.742063619776281
13191809.0,0.5411,-0.8353,9.8384,0.0008,-0.0005,9.8066,0.0315,0.2472,-0.0957,80.04,-85.79,-162.3,52.203262,-2.196303,11.03,2,279.36,22 / 22,-10.906751771666748,1.1903075476668463,-0.002685400004687352,-71.32456883918009,7.367802879097615,2.6094032612378877,False,6.3989999999994325,-6.315856930850501,-0.892286153959885,-50.99499659097515,-0.5773240587466105,6.378619444445856,261.95854000011246,4.590894840816247,-2.082593701626731,20.32957224820494,-7.9451269378442255
13191909.0,0.6763,-0.0926,9.7979,0.0104,-0.0125,9.8065,-0.0027,0.0774,0.004,71.33,-85.86,-164.43,52.203262,-2.196303,11.03,2,279.36,22 / 22,-10.957649468921653,1.2436021715176078,-0.0015354000046830954,-72.41778890121348,7.489498365057281,2.6091922212374183,False,6.498999999999796,-6.377862109732391,-0.9773273644992411,-51.62876517562804,-0.6772882970616343,6.452313888888781,261.287990000001,4.579787359189263,-2.2209295360168486,20.789023725585444,-8.166786662118914
13192009.0,0.9031,-1.4819,9.72,0.0018,0.0114,9.8066,0.0284,0.1701,-0.0367,71.72,-85.82,-164.15,52.203262,-2.196303,11.03,2,279.36,22 / 22,-11.037068568632595,1.2631616042305243,-0.006305400004700345,-73.5175248030952,7.6148365538451435,2.6088001812369477,False,6.59900000000016,-6.420457859377032,-0.828263364079347,-52.269280329120555,-0.7553471367051336,6.473680555555889,262.6491800000221,4.616610709255563,-2.0914249683098713,21.248244473974644,-8.370183690550277
13192110.0,1.0219,-0.0113,10.0439,-0.0003,0.0046,9.8066,0.0158,0.134,0.017,72.12,-85.76,-166.7,52.203262,-2.196303,11.03,2,279.36,22 / 22,-11.107652778331508,1.267684526381169,0.001299899995342516,-74.63583323112317,7.742644283441752,2.6085474034864737,False,6.700000000000728,-6.491727647420473,-0.8862551296279023,-52.92308417876131,-0.8450814420241973,6.551944444443606,262.2259999999709,4.615925130911035,-2.1539396560090713,21.712749052361865,-8.58772572546595
13192210.0,1.8947,-1.4171,9.2546,-0.0184,-0.0034,9.8066,-0.0845,0.1011,0.0297,67.74,-85.75,-167.57,52.203262,-2.196303,11.03,2,279.36,22 / 22,-11.15513835999295,1.2226049526368385,-0.014440100004428344,-75.7489727880232,7.867158757390841,2.607890393486029,False,6.799999999999272,-6.455922916089175,-0.9733701377359419,-53.563667479402675,-0.945156876682928,6.528888888893841,261.42600000000317,4.699215443903775,-2.1959750903727806,22.18530530862052,-8.81231563407377
13192309.0,0.1328,0.5577,9.9623,0.003,0.0313,9.8066,-0.0031,0.0037,0.1536,71.57,-85.81,-166.85,52.203262,-2.196303,11.03,2,279.36,22 / 22,-11.189445976478778,1.2286421636144402,-0.03406190000445998,-76.85502971268033,7.988495489645475,2.605489544485585,False,6.8989999999994325,-6.590653171351549,-0.9835512306382879,-54.21133808466199,-1.0442315555961736,6.66363888889602,261.51213000000456,4.598792805127229,-2.2121933942527283,22.643691628018345,-9.032727045241648
13192410.0,1.1351,-2.6945,9.8795,-0.0164,0.0284,9.8066,-0.0432,0.0378,0.1539,72.3,-85.87,-163.99,52.203262,-2.196303,11.03,2,279.36,22 / 22,-11.30190833945946,1.2557998061592883,-0.02252265000439503,-77.9908431056416,8.113959809119754,2.602632024710122,False,7.0,-6.633855237020034,-0.9741610207054375,-54.87890766050847,-1.1453077431674563,6.705,261.646,4.668053102439426,-2.2299608268647257,23.111935445133135,-9.25926755228721
13192510.0,-0.0468,-1.1862,10.1803,-0.012,0.0338,9.8065,0.0319,0.0123,0.0999,68.93,-85.88,-161.71,52.203262,-2.196303,11.03,2,279.36,22 / 22,-11.500727035632051,1.2602890845602026,-0.00019765000431370625,-79.13097487440032,8.239764253656187,2.6014960097096824,False,7.100000000000364,-6.767918088777228,-1.016907010036856,-55.553564540982244,-1.2453831778286142,6.8438888888891825,261.4549999999702,4.732808946854823,-2.2771960945970586,23.57741033341808,-9.485147431484801
13192610.0,1.5621,-1.0067,9.6469,-0.0127,0.0118,9.8066,-0.1116,0.1033,0.0261,65.55,-85.89,-162.0,52.203262,-2.196303,11.03,2,279.36,22 / 22,-11.608877976553282,1.2658102156422661,0.010497349995725323,-80.28645512501379,8.36606921866677,2.602010994709255,False,7.200000000000728,-6.751942012291477,-1.2127980304843096,-56.221406705476596,-1.378817089765847,6.860000000006801,259.8169999999943,4.8569359642618055,-2.4786082461265755,24.06504841953719,-9.744886308432616
13192710.0,1.0137,1.022,9.579,0.0216,0.0245,9.8066,-0.0408,0.0217,0.0825,68.06,-86.04,-162.2,52.203262,-2.196303,11.03,2,279.36,22 / 22,-11.595397964719917,1.2622760891884408,-0.008872650003992693,-81.44666892206057,8.492473533906466,2.6020922297088402,False,7.299999999999272,-6.932523934799002,-1.264728388456048,-56.91650773382525,-1.5011315099836962,7.0469444444474245,259.66099999995765,4.662874029920914,-2.527004477644489,24.53016118823532,-9.993605043890163
13192810.0,1.0576,0.9664,9.1439,-0.0085,0.0058,9.8066,-0.0797,0.0589,0.0897,64.86,-86.27,-161.94,52.203262,-2.196303,11.03,2,279.36,22 / 22,-11.502910268678278,1.3230768390183938,-0.053392650004154545,-82.60158433373468,8.621741180317278,2.5989789647084214,False,7.399999999999636,-6.985699911528953,-1.421637624821078,-57.611608762214004,-1.6456849136415261,7.128888888897408,258.4969999999093,4.517210357149325,-2.744714463839472,24.989975571520674,-10.267426093958804
13192910.0,1.0242,-0.4625,9.6945,0.0023,0.0255,9.8066,0.001,0.1013,-0.0147,62.09,-86.42,-161.71,52.203262,-2.196303,11.03,2,279.36,22 / 22,-11.479218193311588,1.3534887939077245,-0.09213765000429544,-83.75069075683835,8.75556946196407,2.5917024497079724,False,7.5,-7.093508220787828,-1.6593270086440146,-58.31352450650476,-1.8235967959763233,7.284999999999999,256.834,4.3857099725237605,-3.012815802551739,25.43716625033359,-10.579166257940393
13193010.0,0.5028,0.005,10.5833,0.0057,0.0042,9.8066,-0.0717,-0.0083,0.039,65.47,-86.53,-158.5,52.203262,-2.196303,11.03,2,279.36,22 / 22,-11.510456068879398,1.3887037534714517,-0.058912650004174553,-84.90017446995208,8.892679089333528,2.584149934707521,False,7.600000000000364,-7.037799095783417,-1.7458511486165784,-59.015440250819864,-2.001508679031591,7.251111111115021,256.0679999999968,4.47265697309598,-3.13455490208803,25.884734219132213,-10.89418776836512
13193110.0,0.6959,-0.8881,9.8701,-0.0022,0.0094,9.8066,-0.0285,0.0856,-0.0036,65.66,-86.59,-158.14,52.203262,-2.196303,11.03,2,279.36,22 / 22,-11.567789900173143,1.431402869049414,-0.016907650004021668,-86.05408676840891,9.033684420460085,2.5803589197070975,False,7.700000000000728,-7.240918198775264,-1.8198677869807685,-59.737800143048595,-2.1905400545127556,7.466111111110454,255.89199999993625,4.326871701397878,-3.2512706560301825,26.316286625360313,-11.224224474972841
13193210.0,0.4926,0.1083,10.5493,0.011,0.0015,9.8066,0.0257,-0.0731,0.0309,66.52,-86.58,-159.84,52.203262,-2.196303,11.03,2,279.36,22 / 22,-11.619947707005487,1.4768118344058605,0.02339734999539194,-87.21347364875096,9.179095155630733,2.580683404706661,False,7.799999999999272,-7.164525470121325,-2.0354621948635057,-60.44653060333195,-2.3906909224159754,7.448055555561851,254.14000000000206,4.455422236884162,-3.512274029269366,26.766943045419012,-11.56978607804671
13193309.0,0.9791,2.1679,9.2991,0.0115,-0.0033,9.8066,-0.0382,-0.1061,0.0097,61.09,-86.53,-162.58,52.203262,-2.196303,11.03,2,279.36,22 / 22,-11.532851207799043,1.5788966503491495,0.0350347999954108,-88.35953719503564,9.330352725626351,2.5835757961312105,False,7.8989999999994325,-7.331376219814965,-2.0750619792879696,-61.17516003427886,-2.5998485791443824,7.619380555564621,254.19643000000298,4.201474987984078,-3.653958629637119,27.18437716075678,-11.930201304770733
13193409.0,1.6486,0.2199,8.3742,-0.0266,0.0042,9.8065,-0.1404,-0.1476,0.0937,63.52,-86.42,-165.05,52.203262,-2.196303,11.03,2,279.36,22 / 22,-11.416071130172972,1.632440958052158,-0.06196520000494206,-89.50698331193841,9.490919606047001,2.582229276130729,False,7.998999999999796,-7.384547559467252,-2.243744879030972,-61.9044027895419,-2.8331355358642596,7.717911111110968,253.0990900000016,4.03152357070572,-3.87618583708313,27.602580522396515,-12.324055141911261
13193510.0,0.0563,2.1068,9.7591,-0.0107,0.0633,9.8064,-0.0647,-0.1327,0.202,54.97,-86.42,-170.77,52.203262,-2.196303,11.03,2,279.36,22 / 22,-11.334985574093459,1.7325648296946499,-0.13670520000536196,-90.65591167551032,9.660852398329169,2.572196420930152,False,8.100000000000364,-7.388091811578302,-2.42836658594013,-62.647683859787946,-3.0800994676470994,7.776944444447375,251.8050000000007,3.946893762515157,-4.16093141563478,28.00822781572238,-12.740951865976267
13193610.0,1.7376,-1.9689,11.3959,0.006,0.0259,9.8066,-0.1319,-0.1245,0.0893,56.55,-86.64,-168.98,52.203262,-2.196303,11.03,2,279.36,22 / 22,-11.34229003775043,1.7706131290342273,-0.0596202000050815,-91.78977545610664,9.83601129626625,2.5623801509295943,False,8.200000000000728,-7.5427895151243485,-2.473671832251552,-63.404117331838535,-3.324728306672197,7.938055555559265,251.84299999996287,3.799500522626082,-4.244284961285779,28.385658124268105,-13.160739602938447
13193709.0,0.3238,1.8336,9.3374,0.0187,0.023,9.8065,-0.1244,-0.2453,0.1507,54.92,-86.84,-170.21,52.203262,-2.196303,11.03,2,279.36,22 / 22,-11.353074301389373,1.789721721309497,-0.0041802000049918145,-92.91319599089587,10.012247871358548,2.5592220311290905,False,8.299000000000888,-7.593336236861862,-2.639366008628,-64.15298646919393,-3.599935749809601,8.038980555560897,250.83319999994657,3.759738064527511,-4.429087729937497,28.76020952170194,-13.61218362116815
13193810.0,3.8119,-2.1953,9.9376,-0.0037,0.0499,9.8065,0.0307,0.1623,-0.0596,53.12,-86.96,-171.89,52.203262,-2.196303,11.03,2,279.36,22 / 22,-11.305827983714497,1.7148302002503533,-0.021264350004780053,-94.05747055627944,10.189227743395127,2.557937081353613,False,8.399999999999636,-7.676881369021322,-2.5714796459453915,-64.92379899188002,-3.8584639544174872,8.096111111116175,251.48099999995736,3.6289466146931755,-4.286309846195745,29.13367156439942,-14.047691697812615
13193909.0,3.3789,-0.229,9.8096,0.0144,-0.0145,9.8066,-0.0171,-0.0124,0.0367,45.25,-86.98,-179.11,52.203262,-2.196303,11.03,2,279.36,22 / 22,-11.241657916557878,1.4696724531623948,-0.014636300004769308,-95.17357110834473,10.346860624739314,2.5561599991781376,False,8.498999999999796,-7.728163128175349,-2.7051949781852866,-65.68616126679454,-4.122663100034252,8.187961111110976,250.70781000000113,3.5134947883825296,-4.174867431347682,29.48740984155019,-14.469523724773566
13194009.0,3.8002,-0.2515,9.6491,-0.002,-0.006,9.8066,-0.0743,0.2731,-0.0679,38.01,-86.93,176.32,52.203262,-2.196303,11.03,2,279.36,22 / 22,-11.073840215790657,1.3030859624593747,-0.022366300004797356,-96.28934601496621,10.485498545520906,2.5543098691776525,False,8.59900000000016,-7.813427082483176,-2.820333695304013,-66.4629707395727,-4.4115475189121645,8.306863888890796,250.15252999999115,3.2604131333074813,-4.123419657763387,29.826375275393517,-14.89704606443307
13194109.0,3.4751,0.1026,9.6871,0.0022,0.005,9.8066,-0.0059,0.3017,0.0107,36.77,-86.98,175.22,52.203262,-2.196303,11.03,2,279.36,22 / 22,-10.88105261593749,1.1582773610674464,-0.03622130000484771,-97.38709065655661,10.608566711697696,2.5513804891771596,False,8.699000000000524,-7.861057207462072,-2.854658509869945,-67.24659492830472,-4.689646030837461,8.363330555557464,250.04205999999638,3.0199954084754177,-4.012935870937391,30.140495728251892,-15.298212742535156
13194210.0,1.6108,0.9842,10.0875,0.008,0.0156,9.8066,0.0206,0.3205,-0.0309,38.98,-87.1,177.41,52.203262,-2.196303,11.03,2,279.36,22 / 22,-10.734506346506436,1.128440226633005,-0.028075650004948608,-98.4786763841465,10.724045949875139,2.5481334932017052,False,8.799999999999272,-7.943723324920486,-2.848175804994481,-68.04493890352327,-4.981532713437235,8.438888888890636,250.2749999999872,2.7907830215859493,-3.9766160316274863,30.433737480623222,-15.705578663312373
13194310.0,2.0511,-0.0181,9.9736,-0.0113,0.0267,9.8066,0.0128,0.2569,-0.0371,41.38,-87.05,179.57,52.203213,-2.197382,5.11,2,244.26,21 / 22,-10.6519091689889,1.133905633275127,-0.005685650004867111,-99.54799715992516,10.837163242870957,2.546445428201208,False,8.899999999999636,-7.971210910046754,-2.9134211214257126,-68.8422606714036,-5.27063952287183,8.486944444452192,249.92300000001146,2.6806982589421455,-4.04732675470084,30.705736488521566,-16.10780276574279
13194410.0,1.0382,1.5674,9.2403,-0.0316,0.0203,9.8065,-0.0673,0.079,0.0513,42.96,-87.11,-174.48,52.203213,-2.197382,5.11,2,244.26,21 / 22,-10.568438434109531,1.1767491933026875,-0.02565565000493976,-100.60901454008395,10.952695984200268,2.544878363200712,False,9.0,-8.115332072274231,-2.9324237097505836,-69.65321187107686,-5.570865824002347,8.62888888888889,250.133,2.4531063618352995,-4.109172903053271,30.955802669007085,-16.523561808202615
13194509.0,1.4374,0.9357,9.9767,-0.013,0.0077,9.8065,-0.0084,0.1033,0.0747,44.42,-87.15,-171.22,52.203213,-2.197382,5.11,2,244.26,21 / 22,-10.475781359249726,1.2724173320683319,-0.04527250000497148,-101.65070341985691,11.07392972720633,2.5413674197752156,False,9.09900000000016,-8.236698452461706,-2.8783263302339637,-70.4628001276309,-5.8460732678400005,8.725138888890445,250.7378900000098,2.2390829067880205,-4.150743662302295,31.18790329222601,-16.92000299504633
13194610.0,0.4606,2.1676,9.776,-0.0078,0.0043,9.8066,-0.0123,0.0703,0.1106,51.61,-87.12,-163.78,52.203213,-2.197382,5.11,2,244.26,21 / 22,-10.365970324712997,1.4033554003364022,-0.03823280000493191,-102.70321187990294,11.209056250193528,2.537150402124692,False,9.200000000000728,-8.118233127057172,-2.9602520381525768,-71.28192898657649,-6.149079442869919,8.641111111115032,249.96600000003394,2.247737197655825,-4.3636074384889785,31.42128289332645,-17.358135693063446
13194710.0,0.6202,2.2911,10.1742,-0.0069,0.0023,9.8066,0.0246,0.0193,0.0319,52.88,-87.13,-158.08,52.203213,-2.197382,5.11,2,244.26,21 / 22,-10.224016475674182,1.5997240565730009,-0.02138780000517695,-103.73271121990732,11.359210223036813,2.5341693721242295,False,9.299999999999272,-8.267203071719463,-2.862937330976022,-72.1065096182548,-6.427066759873965,8.748888888890061,250.8989999999847,1.956813403954719,-4.462661387549023,31.62620160165251,-17.786276982910778
13194810.0,0.7048,2.3924,9.7898,0.008,0.0049,9.8066,-0.0092,0.0114,0.0471,57.51,-87.15,-156.2,52.203213,-2.197382,5.11,2,244.26,21 / 22,-10.056064124272044,1.7846184291841647,-0.00385280000511308,-104.74671524990832,11.528427347325287,2.5329073421237105,False,9.399999999999636,-8.276364776146604,-2.9342287637280946,-72.93109024994851,-6.727293061733042,8.78111111111399,250.4789999999907,1.7796993481254404,-4.718847192912259,31.81562499995981,-18.25572040905833
13194910.0,0.2965,1.9441,10.027,0.0082,0.0043,9.8066,0.0191,0.0224,-0.0202,53.96,-87.22,-155.36,52.203213,-2.197382,5.11,2,244.26,21 / 22,-9.909865243522306,1.9709247695264738,0.006322199994923937,-105.74501171830167,11.716204507261503,2.5330308121232017,False,9.5,-8.31726189193992,-2.9767007780626074,-73.76248559756186,-7.016399871853318,8.833888888888888,250.308,1.5926033515823868,-4.947625547589081,31.982526120739806,-18.73260437911482
13195010.0,0.1609,2.3142,9.9013,0.0033,-0.0047,9.8066,-0.0269,-0.0682,0.0132,56.64,-87.26,-156.99,52.203213,-2.197382,5.11,2,244.26,21 / 22,-9.783244807861106,2.179166677290182,0.0220721999949813,-106.72966722087442,11.923709079603091,2.534450532122702,False,9.600000000000364,-8.483244819423858,-2.7668534079832567,-74.6075103771698,-7.294387187446965,8.923055555556648,251.93599999999162,1.2999999884372482,-4.946020085273439,32.122156843704616,-19.218096267050058
13195110.0,0.6415,1.0407,9.6789,-0.0029,0.0005,9.8066,0.0034,-0.0855,-0.0034,59.15,-87.31,-157.06,52.203213,-2.197382,5.11,2,244.26,21 / 22,-9.677960186177462,2.3440435297464206,0.020417199994975405,-107.70272747057989,12.149869589955744,2.5365750021222078,False,9.700000000000728,-8.517599561960122,-2.8540821320105887,-75.45934987270348,-7.572374504455663,8.983055555553767,251.47500000000585,1.1603606242173399,-5.198125661757009,32.2433775978764,-19.72224409441141
13195210.0,-0.4252,1.0457,9.8457,0.0078,-0.0101,9.8066,0.0023,-0.1107,0.0726,56.49,-87.31,-156.94,52.203213,-2.197382,5.11,2,244.26,21 / 22,-9.642027487654255,2.4985253581746543,0.015982199995040063,-108.66872685425741,12.391998034348275,2.538394972121682,False,9.799999999999272,-8.478923025485749,-2.814646515450112,-76.29755993628918,-7.86148131317626,8.93388888889089,251.6360000000184,1.1631044621685067,-5.313171873624766,32.37116691796824,-20.253479347524536
13195310.0,0.6384,0.7311,10.0556,0.0021,0.0071,9.8066,0.0291,-0.0534,0.019,57.88,-87.39,-155.6,52.203213,-2.197382,5.11,2,244.26,23 / 23,-9.620496939520816,2.6456449996754836,0.030382199995092552,-109.63185307561967,12.649206552241717,2.540713192121197,False,9.899999999999636,-8.555799299548234,-2.756523499375564,-77.15621414783058,-8.128349137758857,8.988888888887207,252.14200000001642,1.0646976399725823,-5.402168499051047,32.47563892778909,-20.777555690000575
13195410.0,0.5529,1.1141,9.8883,-0.0012,0.0111,9.8066,-0.0038,-0.0788,-0.0129,62.26,-87.44,-153.14,52.203213,-2.197382,5.11,2,244.26,23 / 23,-9.563102781179643,2.750355687724,0.04691219999515271,-110.59103306165818,12.919006586612673,2.5445779121207233,False,10.0,-8.540765368488916,-2.702237268790462,-78.00805364330277,-8.395216961614715,8.958055555555555,252.443,1.0223374126907263,-5.4525929565144615,32.58297941835541,-21.31422354822739
13195509.0,0.1275,2.3931,10.0214,-0.0033,0.017,9.8066,0.0117,-0.043,-0.049,66.73,-87.49,-151.34,52.203213,-2.197382,5.11,2,244.26,23 / 23,-9.433795365293285,2.9062376872982165,0.06158399999517644,-111.5313795199101,13.199007958676725,2.5499484740202534,False,10.09900000000016,-8.521850127173117,-2.659689802717772,-78.84462817511282,-8.659416107250703,8.927255555555059,252.66674000000364,0.9119452381201683,-5.565927490015989,32.68675134479729,-21.85842406592743
13195610.0,0.5588,1.7426,9.9477,0.0001,-0.0045,9.8066,0.0075,-0.0835,-0.0124,62.05,-87.54,-153.17,52.203213,-2.197382,5.11,2,244.26,23 / 23,-9.27391350806767,3.080021876231991,0.07955189999527743,-112.47611881802014,13.5013140666367,2.5570758369698114,False,10.200000000000728,-8.563055358062085,-2.6505446510356823,-79.71173263442553,-8.92895260936486,8.963888888890244,252.80100000002147,0.7108581500055848,-5.730566527267673,32.76438618359461,-22.43026667600156
13195710.0,0.6997,1.7271,9.9707,-0.0007,-0.0045,9.8066,0.0154,-0.0558,-0.0215,62.66,-87.58,-155.11,52.203213,-2.197382,5.11,2,244.26,23 / 23,-9.139355510964084,3.2177042824627136,0.0948068999950555,-113.39678226895833,13.816200374566854,2.565793776969201,False,10.299999999999272,-8.625608838052523,-2.572717125432516,-80.57038684592486,-9.18470094151711,9.00111111111198,253.391999999999,0.5137466729115605,-5.790421407895229,32.826395423033475,-23.000901316083965
13195810.0,0.9516,0.8961,9.8552,0.0056,0.0033,9.8066,0.014,-0.0468,-0.0083,58.02,-87.66,-156.83,52.203213,-2.197382,5.11,2,244.26,23 / 23,-9.035554614161848,3.3207436169351507,0.10543689999509426,-114.30552777521794,14.143122769537937,2.575805966968745,False,10.399999999999636,-8.647284604197006,-2.5836203231095567,-81.4358557733926,-9.440449271550829,9.024999999998258,253.3650000000528,0.38827000996484173,-5.904363940044707,32.869672001825336,-23.583572041088765
13195910.0,0.5672,1.634,9.9748,0.0036,0.0091,9.8066,0.0094,-0.0877,0.0171,58.25,-87.74,-156.48,52.203213,-2.197382,5.11,2,244.26,23 / 23,-8.94441447899298,3.4320747725991287,0.11627189999513374,-115.20452622987895,14.48076368901588,2.586891406968297,False,10.5,-8.658898144822476,-2.4286891820277274,-82.29450998487192,-9.673958618132028,8.993055555555555,254.332,0.28551633417050404,-5.860763954626856,32.91001624500703,-24.154722307147907
13196010.0,1.1019,0.9665,9.8629,0.0046,0.013,9.8066,0.0101,-0.0358,-0.0174,60.03,-87.86,-154.57,52.203213,-2.197382,5.11,2,244.26,23 / 23,-8.845164597099222,3.5374080654610496,0.1274918999951746,-116.0940051836868,14.829237830920157,2.5990795969678566,False,10.600000000000364,-8.471263688641123,-2.554560359777059,-83.1395347644258,-9.929706948874285,8.848055555557613,253.2190000000002,0.37390090845809887,-6.091968425238109,32.954470419261,-24.75894477979444
13196110.0,1.0795,1.9078,9.9006,0.0101,0.007,9.8066,0.0088,-0.0815,-0.0043,64.0,-87.94,-155.21,52.203213,-2.197382,5.11,2,244.26,23 / 23,-8.715303214550588,3.6197121933980227,0.135001899995202,-116.97202857427249,15.187093843864412,2.6122042869674234,False,10.700000000000728,-8.580001355151241,-2.5855539234909246,-83.9981889759671,-10.185455280324673,8.961111111110998,253.22999999997177,0.13530185939934647,-6.205266116888947,32.97383959830539,-25.372549124189085
13196210.0,0.7326,0.8477,9.9302,0.0024,0.0086,9.8066,0.0224,-0.0796,-0.0113,60.92,-88.0,-156.09,52.203213,-2.197382,5.11,2,244.26,23 / 23,-8.599117927998657,3.7145952883694027,0.14587689999504383,-117.83774963138735,15.553809217947446,2.626248226966731,False,10.799999999999272,-8.541284003396589,-2.700597509759126,-84.8432137555056,-10.4634425973271,8.95805555555421,252.45400000000672,0.057833924602068265,-6.415192798128529,32.99453587588175,-26.017251815274548
13196311.0,0.9343,1.2448,9.6477,0.0045,-0.0019,9.8066,0.013,-0.0817,0.0551,62.73,-87.99,-156.35,52.203213,-2.197382,5.11,2,244.26,22 / 22,-8.516041549657933,3.803536656131697,0.14408919999503383,-118.70206518501386,15.933474881146886,2.640891515016312,False,10.90099999999984,-8.514655732482304,-2.661504129455609,-85.70357164605065,-10.721859606309057,8.920930555554545,252.64185000002158,0.0013858171756293558,-6.4650407855873055,32.99849353896322,-26.655334487455942
13196410.0,0.4455,1.2225,10.134,0.0007,0.0134,9.8066,0.0062,-0.0722,-0.0095,64.96,-88.05,-154.09,52.203213,-2.197382,5.11,2,244.26,22 / 22,-8.42078899371851,3.9092921644653145,0.1524249999950474,-119.54043829691236,16.315259907767054,2.655568967915845,False,11.0,-8.515078596150031,-2.5995835679385735,-86.54689274659324,-10.986058751925821,8.903055555555556,253.023,-0.0942896024315214,-6.508875732403888,32.99354555031911,-27.301318659692875
13196510.0,0.5081,1.0385,9.9583,0.0019,0.0082,9.8066,0.0134,-0.0749,-0.0239,65.39,-88.14,-153.52,52.203213,-2.197382,5.11,2,244.26,22 / 22,-8.340859184888739,4.028689971092881,0.1763749999951346,-120.37852070584577,16.71215901454641,2.672008967915414,False,11.100000000000364,-8.479148332263604,-2.7570057861989623,-87.38510281019343,-11.2529265758015,8.916111111110236,251.98799999998826,-0.13828914737486464,-6.785695757291843,32.99341789565234,-27.965085590347908
13196609.0,0.4201,0.9458,9.9707,0.007,-0.0006,9.8066,0.0111,-0.0445,0.0231,62.49,-88.23,-153.55,52.203213,-2.197382,5.11,2,244.26,22 / 22,-8.277193659934916,4.143469926299622,0.19200214999515994,-121.20111432166587,17.116680929467993,2.690243636839963,False,11.199000000000524,-8.402815843331956,-2.836109916380681,-88.21493077318277,-11.53914231714057,8.868536111109467,251.34944999997794,-0.12562218339703968,-6.9795798426803035,32.9861835484831,-28.655823246608563
13196710.0,0.6649,0.8081,9.7024,0.0114,0.0061,9.8066,0.0156,-0.0481,0.0233,65.55,-88.36,-152.94,52.203213,-2.197382,5.11,2,244.26,22 / 22,-8.21939797599342,4.248440920699219,0.19502204999512265,-122.03419219926992,17.540472427236182,2.7097883589392304,False,11.299999999999272,-8.481372961312744,-2.8485307762199246,-89.07515236933914,-11.831140193957703,8.946944444443718,251.4349999999295,-0.2619749853193234,-7.096971696919143,32.95903982993079,-29.371612621193883
13196810.0,0.4642,0.6502,9.7353,-0.0048,0.0131,9.8066,0.0092,-0.0314,-0.045,68.25,-88.4,-150.24,52.203213,-2.197382,5.11,2,244.26,22 / 22,-8.169228972377505,4.3417723419925665,0.18624204999509084,-122.85362354669145,17.969983090372335,2.7288515639388105,False,11.399999999999636,-8.361456892879934,-3.126719645681835,-89.906547717013,-12.142485988950407,8.926944444443581,249.49700000000328,-0.19222792050242887,-7.468491987674401,32.947075829678454,-30.112469079322743
13196910.0,0.3084,0.9014,9.8723,-0.0022,0.0142,9.8066,0.0202,-0.0146,-0.0247,67.56,-88.46,-150.8,52.203213,-2.197382,5.11,2,244.26,22 / 22,-8.12002058920686,4.452294872863182,0.18595704999508983,-123.66808602477363,18.40968645111672,2.7474615189383873,False,11.5,-8.349890448775087,-3.112431642305172,-90.73794306459928,-12.453831783920455,8.91111111111111,249.557,-0.22986985956822714,-7.5647265151683545,32.93014296017435,-30.863518235037176
13197010.0,0.2886,0.281,10.1325,0.0018,0.0062,9.8066,0.0041,-0.0349,0.0006,68.81,-88.53,-146.74,52.203213,-2.197382,5.11,2,244.26,22 / 22,-8.090718389083515,4.564127654734538,0.20553204999516106,-124.4786229736911,18.860507577498247,2.767035973937971,False,11.600000000000364,-8.263663820024304,-3.3767139920050266,-91.55570898033916,-12.798536056190244,8.926944444443535,247.7739999999911,-0.17294543094078918,-7.940841646739564,32.92291399335194,-31.65904363368849
13197110.0,-0.0062,-0.3981,9.9292,-0.0016,0.0074,9.8066,0.0315,-0.0282,-0.0323,70.06,-88.55,-145.46,52.203213,-2.197382,5.11,2,244.26,22 / 22,-8.125210307948294,4.667281582512013,0.22795204999524268,-125.28941940854564,19.322078039362253,2.78871017893757,False,11.700000000000728,-8.188422249957929,-3.427810339870178,-92.37347489607856,-13.143240329167758,8.87694444444303,247.28499999996103,-0.06321194200963554,-8.09509192238219,32.91594451246708,-32.46531836853001
13197210.0,-0.3398,-0.0698,9.9183,0.0016,0.0003,9.8066,0.0158,-0.0417,0.0146,71.04,-88.57,-144.46,52.203213,-2.197382,5.11,2,244.26,22 / 22,-8.184536583418724,4.7943874027318225,0.23966204999507235,-126.10490675310213,19.79516148861756,2.8120908839367456,False,11.799999999999272,-8.087335608107068,-3.5645797459071344,-93.1776113798696,-13.499064094564904,8.838055555555737,246.21399999994833,0.09720097531165628,-8.358967148638957,32.927295373232525,-33.29422558318247
13197312.0,-0.3499,0.0144,9.7394,-0.0017,0.007,9.8066,0.0099,0.0026,-0.012,72.22,-88.57,-143.23,52.203213,-2.197382,5.11,2,244.26,23 / 23,-8.228317777968101,4.948464708658868,0.24192644999508953,-126.94196232553918,20.292046946302243,2.8366518974364294,False,11.902000000000044,-8.000114714683654,-3.7681993817991524,-93.99074328873408,-13.884910489688444,8.843155555555843,244.77871999995895,0.22820306328444673,-8.716664090458021,32.9512190368051,-34.17695743599069
13197410.0,-0.0841,-0.2869,9.7322,0.0014,0.0008,9.8066,-0.0098,-0.0399,0.0031,74.56,-88.58,-140.81,52.203213,-2.197382,5.11,2,244.26,23 / 23,-8.272778895311898,5.082906499558735,0.2349831499950927,-127.75051606252954,20.783584135504686,2.860020467835938,False,12.0,-7.95792012882232,-3.86776348003366,-94.76544019950907,-14.266309088178609,8.848055555555556,244.079,0.31485876648957856,-8.950669979592394,32.98507586302047,-35.0498932236833
13197509.0,-0.22,-0.7416,9.8213,-0.0038,0.0038,9.8066,-0.005,0.0037,-0.0184,73.92,-88.61,-138.31,52.203213,-2.197382,5.11,2,244.26,23 / 23,-8.349611185822898,5.202694277343583,0.23202304999508805,-128.57332437154705,21.292721373962173,2.8831372747354895,False,12.09900000000016,-8.005503647900746,-3.9213764241875473,-95.56153531850214,-14.651599509131174,8.914330555556628,243.90277999999716,0.3441075379221523,-9.12407070153113,33.01178905304491,-35.94432088309335
13197610.0,-0.6576,-0.5086,9.7602,0.0011,0.0018,9.8066,-0.0031,-0.0433,-0.0007,88.17,-88.64,-136.76,52.203213,-2.197382,5.11,2,244.26,23 / 23,-8.424969517470789,5.358097316464504,0.2304171499950791,-129.42044069706813,21.826041349452478,2.906490504835124,False,12.200000000000728,-8.039372638228027,-3.8504418846514006,-96.37371316712017,-15.044673574245314,8.913888888883877,244.40799999998424,0.38559687924276176,-9.208539201115904,33.04672752994796,-36.87071492369779
13197710.0,-1.0159,-0.3434,9.9111,-0.0039,0.007,9.8066,-0.0081,0.0042,-0.0366,94.2,-88.68,-135.18,52.203213,-2.197382,5.11,2,244.26,23 / 23,-8.452691397952423,5.564122309657611,0.2333171499950369,-130.264323742827,22.372152330750637,2.9296772198342924,False,12.299999999999272,-7.8862370104984745,-3.850635278601952,-97.1574055029976,-15.422736325907282,8.776111111111254,243.975000000029,0.5664543874539483,-9.414757588259564,33.1069182398294,-37.79488865665792
13197810.0,-0.8623,-0.1819,9.9172,0.0003,0.0035,9.8066,-0.0062,-0.0469,0.0096,88.52,-88.69,-131.99,52.203213,-2.197382,5.11,2,244.26,23 / 23,-8.463777092505067,5.780943252187922,0.24406714999507598,-131.11014716735295,22.93940560884498,2.9535464348338847,False,12.399999999999636,-7.942618986384276,-3.742085466302069,-97.9479125548703,-15.800799076159052,8.77999999999918,244.77300000010203,0.521158106120791,-9.523028718489991,33.16223461248265,-38.74020468500403
13197910.0,-0.6615,-0.4861,9.7208,-0.0022,0.0029,9.8066,-0.0095,-0.0002,0.0017,87.52,-88.69,-129.41,52.203213,-2.197382,5.11,2,244.26,23 / 23,-8.494297412428853,5.978508818107608,0.24530214999508052,-131.95805089260273,23.527378212361896,2.9780148998334814,False,12.5,-8.046729490630643,-3.4749632378796615,-98.7520490386448,-16.134383855978875,8.764999999999999,246.643,0.4475679217982105,-9.45347205598727,33.20600185395793,-39.66176206834077
13198010.0,-0.526,-0.0393,9.684,-0.0006,0.0016,9.8066,-0.0104,-0.0585,0.0208,95.73,-88.66,-126.37,52.203213,-2.197382,5.11,2,244.26,23 / 23,-8.50626980730345,6.158682519703057,0.23487714999504264,-132.80807925359244,24.134237779254637,3.002023864833075,False,12.600000000000364,-8.038896828830289,-3.284214367240834,-99.55618552242376,-16.456849142689745,8.683888888888966,247.77800000001895,0.4673729784731613,-9.442896886943892,33.25189373116868,-40.59108692194438
13198111.0,-1.0881,0.0131,9.8583,-0.0023,0.0038,9.8066,-0.0138,-0.0759,0.0158,106.41,-88.61,-122.83,52.203213,-2.197382,5.11,2,244.26,23 / 23,-8.456281133411322,6.356823202076636,0.2312916499950225,-133.66468807610335,24.766270818208064,3.0255653892327055,False,12.701000000000931,-8.104353910954421,-3.1345571248804855,-100.37565511716875,-16.770752421002506,8.68957500000586,248.854230000132,0.3519272224569008,-9.49138032695712,33.2890329589346,-41.53702323921057
13198210.0,-1.1624,-0.0991,9.8595,-0.002,0.0054,9.8066,0.0052,-0.0878,0.0226,102.54,-88.58,-120.32,52.203213,-2.197382,5.11,2,244.26,23 / 23,-8.393222917098427,6.580467971185871,0.2364643999949359,-134.4987385265896,25.406666731273827,3.0487193137068203,False,12.799999999999272,-8.418849549599454,-2.6960289800265818,-101.21897621772962,-17.02394326983227,8.839999999996321,252.2430000000361,-0.02562663250102659,-9.276496951212453,33.27976230885997,-42.430610001106096
13198310.0,-1.0108,-0.3346,9.6489,-0.0003,0.0038,9.8066,-0.0027,-0.1296,0.0032,100.33,-88.54,-118.7,52.203213,-2.197382,5.11,2,244.26,22 / 22,-8.359121956158809,6.809087633759986,0.2312193999949169,-135.3363557702555,26.076144511523555,3.072103503706398,False,12.899999999999636,-8.367450092773637,-2.520705845072139,-102.05037156540497,-17.268572107440296,8.738888888894467,253.23500000010534,-0.008328136614828452,-9.329793478832125,33.28598420485052,-43.34471661896385
13198410.0,-1.2722,-0.2542,9.707,-0.006,0.0011,9.8066,-0.0121,-0.1536,0.0037,100.1,-88.49,-116.23,52.203213,-2.197382,5.11,2,244.26,22 / 22,-8.336677432827553,7.045464011768731,0.21834939999487013,-136.17114573970784,26.76887209380251,3.094581943705969,False,13.0,-8.54641181581171,-2.2636454566840483,-102.90902577683009,-17.490961960889283,8.841111111111111,255.165,-0.20973438298415736,-9.309109468452778,33.26211996287775,-44.259834054691794
13198510.0,-1.1492,0.0341,9.7851,-0.0055,0.0079,9.8066,-0.008,-0.1826,0.0331,102.7,-88.45,-115.74,52.203213,-2.197382,5.11,2,244.26,22 / 22,-8.290099481834075,7.284098191610394,0.21228939999484817,-137.00248458544394,27.485350203974072,3.1161138837055335,False,13.100000000000364,-8.39995086136986,-2.154865651063393,-103.74723584048486,-17.702232321928154,8.671944444446298,255.61200000003868,-0.10985137953578494,-9.438963842673788,33.255248744959076,-45.18758252590223
13198610.0,-1.2448,0.3751,9.8973,-0.0142,-0.0057,9.8066,0.0479,-0.2224,0.0188,102.91,-88.3,-115.71,52.203213,-2.197382,5.11,2,244.26,22 / 22,-8.207081969629321,7.513525318382775,0.21574439999486075,-137.8273436580201,28.225231379476423,3.137515573705097,False,13.200000000000728,-8.573727061343027,-1.8634190382561313,-104.60589005194511,-17.8801442042763,8.773888888887363,257.73800000000114,-0.3666450917137052,-9.376944356638907,33.221453606075,-46.10537558375272
13198709.0,-2.0101,-0.5464,9.8573,-0.0087,0.0071,9.8066,-0.0269,-0.2968,0.0398,98.3,-88.11,-118.14,52.203213,-2.197382,5.11,2,244.26,22 / 22,-8.155956411500759,7.789105846146509,0.22273874999487212,-138.63731405788735,28.982711622121847,3.159220489629624,False,13.299000000000888,-8.534173464963462,-1.8498816506084124,-105.44921115257587,-18.067285265301624,8.732363888886692,257.76968000000164,-0.37821705346270384,-9.638987496754922,33.18810290531148,-47.049996887423475
13198810.0,-1.7463,0.4779,9.5269,-0.0124,0.0194,9.8066,-0.0335,-0.3622,0.055,110.5,-87.9,-111.13,52.203213,-2.197382,5.11,2,244.26,22 / 22,-8.075161554743612,8.084394043017006,0.21116919999501552,-139.45698551517253,29.784323366514673,3.1811328411038415,False,13.399999999999636,-8.620756061086224,-1.6646215592104416,-106.3231984750148,-18.224848476539616,8.780000000008624,259.07100000013816,-0.5455945063426118,-9.749015602227448,33.13378704015773,-48.00917184305429
13198909.0,-2.8912,-0.3809,9.7108,-0.0183,0.0109,9.8066,0.0128,-0.3542,0.0464,118.66,-87.56,-108.5,52.203213,-2.197382,5.11,2,244.26,22 / 22,-7.911685079795362,8.397705386917313,0.1925769999949855,-140.2483344235835,30.600187288297743,3.201118278003379,False,13.498999999999796,-8.84000203785006,-1.3089818940733737,-107.20025241960482,-18.345939751847382,8.93647499999977,261.57668999999635,-0.9283169580546975,-9.706687280990685,33.048082003978664,-48.94612704014513
13199009.0,-3.8926,-1.283,9.8888,-0.0247,0.0037,9.8066,0.032,-0.3582,0.0033,120.54,-87.43,-109.77,52.203213,-2.197382,5.11,2,244.26,22 / 22,-7.746562633213936,8.835614033523333,0.1918919999949831,-141.0312468092368,31.46185325932291,3.2203417280029476,False,13.59900000000016,-8.818406058768831,-1.3363011627400685,-108.07941892613955,-18.468254171359234,8.91908055555525,261.38320999999644,-1.0718434255548948,-10.171915196263402,32.95182788309724,-49.93010743068214
13199110.0,-2.6926,-1.162,9.8299,0.0012,-0.0165,9.8066,0.0067,-0.3815,-0.0223,116.98,-87.3,-113.79,52.203213,-2.197382,5.11,2,244.26,22 / 22,-7.6250778919565505,9.28933109875359,0.19721469999501307,-141.80751465576228,32.37716298850804,3.239991616352553,False,13.700000000000728,-8.764049814711752,-1.3414011629337883,-108.96049355318459,-18.614030719917125,8.866111111116851,261.298000000026,-1.1389719227552018,-10.63073226168738,32.847021102577685,-50.991193708425165
13199211.0,-2.448,-1.5716,9.3968,0.0233,-0.0043,9.8066,-0.0648,-0.3426,-0.0295,120.04,-87.58,-113.41,52.203213,-2.197382,5.11,2,244.26,22 / 22,-7.554941015941773,9.687876916116872,0.17769139999525507,-142.57410561060163,33.335511993247124,3.258924374401827,False,13.800999999999476,-8.935185104718371,-1.255969088986204,-109.86882704405302,-18.726782375971165,9.023049999996763,261.9985499999481,-1.3802440887765988,-10.943846005103076,32.705278566548614,-52.06229436921829
13199310.0,-0.6756,-1.262,9.7294,0.0107,-0.011,9.8066,-0.0082,-0.2834,-0.0614,131.62,-87.92,-109.84,52.203213,-2.197382,5.11,2,244.26,23 / 24,-7.507815179289304,9.990441058330536,0.15357994999521618,-143.3197120422668,34.30958873298385,3.2753223062263817,False,13.899999999999636,-8.821656531942782,-1.449819310283364,-110.73913441988617,-18.8808985437926,8.94000000000235,260.6669999999223,-1.313841352653478,-11.440260368613899,32.580577622380616,-53.19048727677645
13199409.0,-0.3324,-1.247,9.5979,0.005,-0.0057,9.8066,-0.013,-0.2065,-0.0559,132.44,-87.97,-108.97,52.203213,-2.197382,5.11,2,244.26,23 / 24,-7.478505162578178,10.194387879635572,0.1394229499951933,-144.06153489919043,35.30873776541478,3.2898259497759303,False,13.998999999999796,-8.825166277747575,-1.674365845394747,-111.60944179560232,-19.04602300980308,8.982624999999937,259.25724000000207,-1.3466611151693977,-11.86875372503032,32.45209310358811,-54.35476077521786
13199510.0,0.2542,-0.5941,10.0584,-0.0004,-0.0056,9.8066,0.012,-0.1748,0.0046,137.43,-87.95,-107.7,52.203213,-2.197382,5.11,2,244.26,23 / 24,-7.449247623552831,10.34328423399643,0.14159444999520557,-144.81538641489428,36.34589020715903,3.3040173284755254,False,14.100000000000364,-8.9605211706559,-1.6542647638461445,-112.5109605705606,-19.214483324331677,9.111944444446284,259.5400000000019,-1.5112735471030687,-11.997548997842575,32.30442584433368,-55.56037353149071
13199609.0,-0.7248,-0.3057,9.9586,-0.0067,-0.0107,9.8066,-0.0137,-0.1328,0.0086,133.61,-87.96,-111.78,52.203213,-2.197382,5.11,2,244.26,23 / 24,-7.371491189609911,10.470934198381244,0.161577599995238,-145.549012986147,37.37619401956339,3.3190243449500767,False,14.199000000000524,-9.061919988170681,-1.6563110482765944,-113.40825422159611,-19.368599492152505,9.212044444447903,259.6419700000035,-1.6904287985607702,-12.127245246657838,32.140758764550895,-56.7447935117159
13199710.0,-0.2983,-0.5395,10.0675,0.0066,-0.0018,9.8066,-0.0159,-0.1228,-0.0389,133.73,-87.95,-113.44,52.203213,-2.197382,5.11,2,244.26,23 / 24,-7.274257985465093,10.62054230055541,0.18242399999497982,-146.28862331947911,38.441313582746496,3.3363964257493675,False,14.299999999999272,-8.947377135801373,-1.9241958070813923,-114.31004558515043,-19.570307089025142,9.151944444447354,257.8629999999945,-1.6731191503362801,-12.544738107636803,31.97857773432868,-58.01162067177164
13199810.0,-0.522,-0.5139,9.8387,0.0099,-0.0065,9.8066,0.0049,-0.0675,-0.0209,138.0,-88.1,-112.7,52.203213,-2.197382,5.11,2,244.26,23 / 24,-7.186709163189611,10.764826300247956,0.19706899999503316,-147.0116716769145,39.51058201279055,3.3553710757489372,False,14.399999999999636,-9.020407872993998,-1.9649529333084987,-115.21640280841972,-19.7704579569322,9.231944444443458,257.71099999996204,-1.8336987098043869,-12.729779233556455,31.795268868494773,-59.281039969722755
13199910.0,-0.5818,-1.0912,10.004,0.004,-0.0154,9.8066,-0.0182,-0.0448,-0.0471,131.28,-88.28,-115.42,52.203213,-2.197382,5.11,2,244.26,23 / 24,-7.113578698968661,10.939462870397158,0.2085389999950749,-147.726686070025,40.59579647132676,3.3756514757485165,False,14.5,-8.978279830711799,-2.0703235829753357,-116.10913059969083,-19.98172831724898,9.213888888888889,257.015,-1.8647011317431375,-13.009786453372493,31.61755547033418,-60.57752478857574
13200010.0,0.078,-1.5019,9.6099,0.0153,-0.0141,9.8065,0.0168,-0.0028,-0.0493,131.29,-88.5,-114.99,52.203213,-2.197382,5.11,2,244.26,23 / 24,-7.106351647056417,11.129599590490242,0.20856899999507503,-148.43768258732885,41.69924959437514,3.3965068757481,False,14.600000000000364,-9.108774543009574,-2.0791617154110407,-117.02230253894137,-20.181879185155843,9.343055555556248,257.1419999999889,-2.0024228959531563,-13.208761305901284,31.415380048387476,-61.88112877953098
13200109.0,-0.4196,-2.3985,9.9987,-0.0089,-0.0158,9.8066,0.0456,0.0743,-0.0397,124.06,-88.75,-120.06,52.203213,-2.197382,5.11,2,244.26,23 / 24,-7.170006064227943,11.349397979931668,0.20833634999507467,-149.14436229403856,42.811959974112824,3.4171436905726456,False,14.699000000000524,-9.123026131985135,-2.1836670808592973,-117.92634275877077,-20.402045140786164,9.380730555556855,256.5390899999792,-1.9530200677571923,-13.533065060790966,31.218019535267786,-63.21400511489899
13200209.0,-0.1685,-1.5871,9.3869,-0.012,-0.0215,9.8066,-0.0042,0.0887,0.027,115.16,-88.84,-130.92,52.203213,-2.197382,5.11,2,244.26,23 / 24,-7.257179887976202,11.576701239724851,0.1969513499950333,-149.86572159165138,43.95826493509982,3.4374080755722245,False,14.799000000000888,-9.110126881844753,-2.414006351465583,-118.8327681292001,-20.64645158926205,9.424561111113409,255.1588799999273,-1.8529469938685512,-13.990707591190434,31.032953462451275,-64.60471652436186
13200310.0,-1.7993,-1.6023,9.609,-0.0051,0.002,9.8066,0.0389,0.1472,-0.0072,109.03,-88.81,-133.39,52.203213,-2.197382,5.11,2,244.26,23 / 23,-7.317515003665799,11.841535660460536,0.1657726499954197,-150.60174368367018,45.140885898544525,3.4557256375715153,False,14.899999999999636,-9.041947229472136,-2.2755426412082485,-119.74137420873596,-20.871287731106225,9.323888888898015,255.87400000000878,-1.7244322258063365,-14.117078301668785,30.860369474934217,-66.01217362965075
13200410.0,-0.0737,-0.9323,9.68,-0.0037,-0.0035,9.8066,-0.0115,0.1465,0.0209,106.67,-88.73,-139.86,52.203213,-2.197382,5.11,2,244.26,23 / 23,-7.3608195881139356,12.083188728957142,0.14955764999536075,-151.33566041326185,46.337122118019764,3.4714921525711118,False,15.0,-9.210585442712478,-2.2904815925804325,-120.66817557982594,-21.1047970769801,9.491111111111111,256.035,-1.8497658545985427,-14.373670321537574,30.667484833435907,-67.44191919499985
13200510.0,0.2293,-1.347,9.7874,-0.0051,-0.0228,9.8066,0.06,0.2216,-0.0768,94.58,-88.81,-148.07,52.203213,-2.197382,5.11,2,244.26,23 / 23,-7.440599048130193,12.21195739332255,0.14226264999533425,-152.07573134507675,47.551879424138164,3.4860831675707,False,15.100000000000364,-9.124610982321084,-2.6511172449804126,-121.57453280306936,-21.371664900854565,9.50194444444557,253.79900000004437,-1.6840119341908908,-14.863074638302962,30.501198542007387,-68.92354432499273
13200609.0,-1.1195,-3.2063,9.8646,-0.0028,-0.0172,9.8066,-0.05,0.1896,-0.0375,74.95,-88.7,-167.77,52.203213,-2.197382,5.11,2,244.26,23 / 23,-7.6771649984944705,12.338083392728304,0.14417829999533738,-152.82406066538587,48.76710644304965,3.500261994595261,False,15.199000000000524,-9.287684123411456,-2.2789067693142946,-122.49881272930726,-21.591830855084385,9.563269444446561,256.2136100000834,-1.6105191249169852,-14.6169901620426,30.32524793607861,-70.35893729813404
13200710.0,-0.6479,-1.8629,9.5727,0.0139,0.0061,9.8066,-0.0477,0.2384,0.0012,63.12,-88.83,-175.57,52.203213,-2.197382,5.11,2,244.26,23 / 23,-7.98189079539612,12.455622676361239,0.1352902999954475,-153.61484298296756,50.019188599523154,3.514375158894621,False,15.299999999999272,-9.204996156372736,-2.595383678818809,-123.4281355453675,-21.860922577483638,9.563888888894345,254.25400000003256,-1.223105360976617,-15.051006355180048,30.186707437600063,-71.8801111770068
13200809.0,-0.6484,-2.3472,10.1734,0.009,0.0133,9.8066,-0.0311,0.2657,-0.121,60.83,-89.04,-171.83,52.203213,-2.197382,5.11,2,244.26,23 / 23,-8.244265678464984,12.525405242929782,0.1418638999954582,-154.418037728425,51.25574948153006,3.5280942917941926,False,15.398999999999432,-9.387558474607678,-2.4907869034640417,-124.35241547165903,-22.103105128116795,9.712388888896747,255.1400500000469,-1.1432927961426937,-15.016192146393823,30.065622256765963,-73.35885460964685
13200910.0,-1.0613,-2.3836,9.6611,0.0024,-0.0027,9.8066,0.0365,0.2248,0.0668,57.91,-89.07,-173.95,52.203213,-2.197382,5.11,2,244.26,23 / 23,-8.548800360125336,12.589025616458127,0.15303449999552104,-155.26608756337856,52.52402823993628,3.542986660993821,False,15.5,-9.402182170048508,-2.4410259701406156,-125.30218243555588,-22.350180254806283,9.713888888888889,255.446,-0.8533818099231727,-15.030051586598741,29.963905127822684,-74.87420849474256
13201010.0,-0.0301,-2.309,9.4202,-0.0051,-0.0022,9.8066,-0.0195,0.3622,-0.0308,51.97,-89.05,-176.99,52.203213,-2.197382,5.11,2,244.26,23 / 23,-8.832197886640222,12.606354690396484,0.12643449999542428,-156.13513747572,53.783797255283595,3.556960110993419,False,15.600000000000364,-9.392457493799267,-2.5256641845024435,-126.2426132386203,-22.605928586255658,9.72611111111242,254.9490000000069,-0.5602596071590451,-15.132018874898929,29.892524237099707,-76.38972584153925
13201110.0,-0.3608,-1.5963,10.1321,0.0202,-0.021,9.8066,-0.0063,0.2077,-0.0892,42.63,-89.11,174.28,52.203213,-2.197382,5.11,2,244.26,23 / 23,-9.067101000944422,12.586114861824989,0.12338449999541318,-157.03010242010248,55.04342073289925,3.569451060993006,False,15.700000000000728,-9.478513783958215,-2.4818680700498112,-127.18985875766538,-22.850557425279543,9.798055555558902,255.3270000000039,-0.4114127830137928,-15.0679829318748,29.840243662437103,-77.8939781581788
13201209.0,-0.1297,-2.5922,10.2924,0.004,0.0118,9.8066,-0.0758,0.2366,-0.1047,27.86,-89.1,157.73,52.203213,-2.197382,5.11,2,244.26,23 / 23,-9.292120330134317,12.506736307424275,0.16353889999547816,-157.93888387599236,56.285516865779094,3.583653769292578,False,15.799000000000888,-9.571185290842017,-2.487231999026462,-128.13437839031172,-23.092739975212453,9.889080555560371,255.43293000000563,-0.27906496070770004,-14.993968306450736,29.804505485680636,-79.37825684099155
13201310.0,-0.7269,-3.3327,10.4407,-0.0055,0.0212,9.8066,0.0044,0.2301,0.1631,20.83,-89.14,148.45,52.203213,-2.197382,5.11,2,244.26,23 / 25,-9.561705006393126,12.309553529244623,0.22008879999477754,-158.8910020554752,57.53873950251535,3.603026968141846,False,15.899999999999636,-9.525325664337101,-2.570665175620632,-129.0911645117458,-23.35093459504164,9.866111111113021,254.8970000000163,0.036379342056024555,-14.880218704865253,29.79983754372941,-80.88967409755699
13201410.0,0.0067,-2.0037,9.1826,-0.0181,0.0003,9.8066,-0.0829,0.0577,0.2388,15.51,-88.99,145.64,52.203213,-2.197382,5.11,2,244.26,23 / 25,-9.794616177492385,12.117396957694913,0.22058879999477943,-159.858818114673,58.76008702686677,3.625060848141404,False,16.0,-9.572449200817333,-2.5298651213729753,-130.0520394626276,-23.60668292647261,9.90111111111111,255.196,0.2221669766750516,-14.647262079067888,29.80677865204541,-82.36676995333939
13201510.0,-1.2773,0.25,9.2609,-0.0229,0.0381,9.8065,0.022,0.1525,0.0462,18.35,-88.95,148.38,52.203213,-2.197382,5.11,2,244.26,23 / 25,-9.99207027005861,12.097603712908457,0.16209879999456672,-160.84815243705415,59.970837060401344,3.644195228140941,False,16.100000000000364,-9.721975392282909,-2.4382036710605366,-131.01972912961386,-23.85131176478917,10.023055555554281,255.9209999999935,0.2700948777757013,-14.535807383968994,29.82842330744029,-83.82214882519051
13201610.0,-0.3358,-1.0362,9.7323,-0.0124,0.0055,9.8066,-0.0654,0.0689,0.0919,27.85,-88.98,161.92,52.203213,-2.197382,5.11,2,244.26,23 / 25,-10.196281462983706,12.148318717631716,0.13109379999445397,-161.85757002370994,61.18313318193276,3.6588548581404456,False,16.200000000000728,-9.638848185848438,-2.481112762901841,-131.9806040805934,-24.09594060310573,9.953055555560246,255.56500000002484,0.5574332771352672,-14.629431480533556,29.876965943116545,-85.27907378503849
13201709.0,-1.4788,-0.5584,9.8197,-0.0106,0.0074,9.8066,0.0175,0.0157,0.0818,21.47,-88.86,155.72,52.203213,-2.197382,5.11,2,244.26,23 / 25,-10.419205117959617,12.170960094374419,0.1280594499944491,-162.8780366094683,62.38693748312901,3.671682944014917,False,16.299000000000888,-9.791392281098842,-2.3975221505887476,-132.95210998846898,-24.33812315303864,10.080655555562307,256.24117000003577,0.6278128368607749,-14.568482244963166,29.92592662099932,-86.72506063616765
13201810.0,0.5125,-2.4551,9.4275,-0.0377,0.0072,9.8065,0.08,0.1858,0.0456,26.29,-88.74,160.31,52.203213,-2.197382,5.11,2,244.26,23 / 25,-10.639786698879497,12.10834362400021,0.10957139999467821,-163.9415156962055,63.613042320891736,3.6836833019392192,False,16.399999999999636,-9.805058407685593,-2.451765817731511,-133.9364275623279,-24.585198280441123,10.106944444446247,255.96100000002286,0.8347282911939047,-14.56010944173172,30.005088133877592,-88.19824060133286
13201909.0,-0.2417,-1.8041,9.7827,-0.041,-0.0115,9.8065,0.156,0.1003,0.0778,26.96,-88.54,165.17,52.203213,-2.197382,5.11,2,244.26,23 / 25,-10.826115378668796,11.976831310817735,0.08961794999464603,-165.00407784904587,64.80525848016715,3.6935431747637066,False,16.498999999999796,-9.854353720955174,-2.3884210109683974,-134.91468003897984,-24.81637253285579,10.139669444444396,256.3758099999994,0.9717616577136212,-14.365252321786132,30.089397810066032,-89.62163101302295
13202010.0,-0.2482,-0.2011,8.2991,-0.0411,-0.0281,9.8065,0.1502,0.1173,0.1164,33.56,-88.42,171.34,52.203213,-2.197382,5.11,2,244.26,23 / 25,-10.996111202253486,11.970237862466467,0.01227719999421148,-166.10610029138863,66.0145854734248,3.6986888798381727,False,16.600000000000364,-9.938108194226073,-2.200859952879155,-135.91950990792972,-25.0299779880622,10.17888888888816,257.5129999999895,1.0580030080274128,-14.171097815345622,30.186590383458906,-91.044563461487
13202110.0,-1.4979,-1.1935,10.531,-0.0286,-0.0134,9.8065,0.1234,0.0976,-0.0694,43.61,-88.41,-176.95,52.203213,-2.197382,5.11,2,244.26,23 / 25,-11.196764379109563,12.060749937250536,-0.026882800005930935,-167.21574407046083,67.21613486341502,3.697958599837584,False,16.700000000000728,-9.87659601873249,-2.291270168283146,-136.90082900682376,-25.26348733253801,10.138888888892456,256.93900000001383,1.3201683603770729,-14.352020105533683,30.314915063637073,-92.47962219595303
13202212.0,-1.2418,-0.7473,9.4926,-0.0149,-0.016,9.8066,0.0391,0.0937,-0.0162,53.02,-88.38,-167.87,52.203213,-2.197382,5.11,2,244.26,23 / 25,-11.438071676286972,12.196513721706165,-0.0059575000061458175,-168.3701207092742,68.45325531000911,3.696283744536985,False,16.80199999999968,-9.985916235662602,-2.2469185738317194,-137.92235492985898,-25.490324983776652,10.235583333330561,257.3191400000003,1.4521554406243702,-14.443432295537884,30.44776577941522,-93.94358029378577
13202311.0,-0.713,-0.8542,10.0073,0.0096,0.0069,9.8066,-0.0158,0.0542,-0.0197,54.91,-88.37,-163.72,52.203213,-2.197382,5.11,2,244.26,21 / 22,-11.623078214670695,12.331567851088483,-0.011570800006154826,-169.51164762887845,69.66739534786441,3.695416093686375,False,16.90099999999984,-9.921895288045018,-2.230101878282139,-138.90074370084835,-25.710268548849736,10.16943888889197,257.33236000003564,1.7011829266256768,-14.561669729370621,30.610903928030098,-95.37766389671415
13202410.0,-0.8814,0.6075,9.6877,-0.0003,0.0078,9.8066,0.0273,0.0606,0.0837,59.46,-88.47,-161.41,52.203213,-2.197382,5.11,2,244.26,21 / 22,-11.731869783821255,12.495965124193107,-0.007526650006148216,-170.66771755480568,70.89635823014284,3.6944707699107644,False,17.0,-9.999060392401544,-2.132298122086202,-139.8924893151139,-25.908417908062308,10.223888888888888,257.962,1.7328093914197105,-14.62826324627931,30.775228239691785,-96.80477613820514
13202510.0,-0.4905,-1.5823,10.7395,-0.0112,-0.0092,9.8066,0.0338,0.058,-0.1051,62.51,-88.56,-156.01,52.203213,-2.197382,5.11,2,244.26,21 / 22,-11.860555109602359,12.646310859868086,0.03316834999399985,-171.84733879948115,72.15347202935047,3.6957528549101615,False,17.100000000000364,-9.909800122751435,-2.0709871466718868,-140.8738084139531,-26.119688268394665,10.123888888888727,258.19599999999167,1.9507549868509244,-14.717298006539973,30.97353038552805,-98.27316029774514
13202610.0,-1.3358,-1.2433,9.8245,-0.0053,-0.0029,9.8066,0.0676,-0.0989,-0.0394,73.29,-88.4,-145.69,52.203213,-2.197382,5.11,2,244.26,21 / 22,-12.057779686755747,12.794206277386683,0.08070334999417283,-173.0432555393034,73.42549788621784,3.7014464399095908,False,17.200000000000728,-9.884205435291753,-2.1484198642157852,-141.86194222879985,-26.342078121859025,10.115000000000405,257.7370000000143,2.173574251463995,-14.942626141602469,31.181313310503555,-99.76757600807687
13202711.0,-1.2186,-0.1353,10.3824,-0.0377,0.007,9.8065,0.0242,0.0083,0.1458,81.2,-88.2,-138.22,52.203213,-2.197382,5.11,2,244.26,21 / 22,-12.17124955516122,13.023013446553366,0.1106801499938015,-174.26682151600505,74.72926748226065,3.711111306658864,False,17.300999999999476,-9.90946447657017,-2.083270258956675,-142.85995738180586,-26.544341693365986,10.126080555555438,258.12757999999457,2.26178507859105,-15.106283705510041,31.406864134199196,-101.27360917562663
13202809.0,-0.6401,-0.7222,9.7173,-0.0218,-0.0016,9.8065,0.0667,-0.1638,0.1037,83.96,-87.84,-136.11,52.203213,-2.197382,5.11,2,244.26,21 / 22,-12.231559906370805,13.228657917036246,0.13451374999379095,-175.46255917961957,76.01559937907597,3.7231258077582505,False,17.398999999999432,-9.90144652309772,-2.106709028286809,-143.82832852032516,-26.75138664649065,10.123086111110952,257.9884199999926,2.330113383273085,-15.335366945323056,31.634230659294417,-102.76698602556661
13202909.0,-3.2689,0.6777,9.8331,-0.0301,-0.0077,9.8065,0.0347,-0.2798,0.121,83.98,-87.3,-134.64,52.203213,-2.197382,5.11,2,244.26,21 / 22,-12.257561796742932,13.545570084646123,0.13136874999377957,-176.68701526477972,77.35431077916495,3.7364199327576775,False,17.498999999999796,-9.839007747344157,-2.066862433956561,-144.80296919748605,-26.95164870930636,10.053755555555657,258.13648999999975,2.418554049398775,-15.612432518602684,31.884046067293667,-104.3059594884713
13203010.0,-1.0087,-0.4559,9.6072,-0.0482,-0.0023,9.8065,0.0522,-0.167,0.0535,84.05,-86.96,-135.19,52.203213,-2.197382,5.11,2,244.26,21 / 22,-12.272235655435763,13.885624258246695,0.12263224999373057,-177.9257700361217,78.73958609348882,3.7492469832571187,False,17.600000000000364,-9.710197364324092,-2.087004454583776,-145.7804039082761,-27.164920579024955,9.931944444446886,257.87000000001336,2.562038291111671,-15.97262871283047,32.14536612784559,-105.90450667251378
13203111.0,-1.7555,0.2323,9.6595,-0.0105,0.0068,9.8066,0.0028,-0.1875,0.0572,83.42,-86.81,-138.23,52.203213,-2.197382,5.11,2,244.26,21 / 22,-12.302742667639635,14.147314094272977,0.10512894999363229,-179.16680644144398,80.15524948029902,3.760748923856545,False,17.70100000000093,-9.867102126982608,-1.9890600903358038,-146.77828276695314,-27.367072955610872,10.065588888886875,258.6027599999914,2.435640540657026,-16.13637418460878,32.38852367449084,-107.5223224359099
13203210.0,-2.5519,1.1608,9.49,-0.0133,-0.0047,9.8066,-0.1224,-0.1042,0.0805,86.85,-86.74,-137.31,52.203213,-2.197382,5.11,2,244.26,21 / 22,-12.25162172241963,14.48578785156213,0.08217084999401704,-180.38224747873156,81.5725880265941,3.7700202639557783,False,17.799999999999272,-9.808689442706289,-2.0168247557927748,-147.7430421059908,-27.565222314834227,10.01388888889009,258.3809999999989,2.4429322797133413,-16.502612607354905,32.63920537274075,-109.13781034142833
13203310.0,-1.5686,-0.8681,10.0728,0.0271,0.0343,9.8065,-0.1237,0.0495,-0.1044,90.75,-86.55,-131.43,52.203125,-2.197779,6.39,2,252.18,22 / 22,-12.235990704145406,14.817927130520479,0.07964584999400796,-181.60662810006426,83.03777377570357,3.778111098955209,False,17.899999999999636,-9.840006799099132,-2.028634728919812,-148.73117592083676,-27.765373182032754,10.04694444444167,258.35100000003337,2.3959839050462737,-16.846561859440293,32.875452179227494,-110.80314695773632
13203410.0,-3.5611,3.1665,9.8337,0.0289,0.013,9.8065,-0.1885,-0.3477,0.1184,95.53,-86.39,-129.29,52.203125,-2.197779,6.39,2,252.18,22 / 22,-12.087304447185538,15.180522453142428,0.09430584999406141,-182.82279285763522,84.53769625489217,3.786808683954644,False,18.0,-9.811187236388331,-1.9138553650183918,-149.7056803036786,-27.95440455820708,9.99611111111111,258.962,2.2761172107972065,-17.09437781816082,33.117112553956616,-112.49210081309926
13203510.0,-0.2528,0.8135,8.7006,-0.0081,0.0489,9.8065,-0.1588,-0.0662,0.0054,101.03,-86.3,-126.69,52.203125,-2.197779,6.39,2,252.18,22 / 22,-11.843077620337452,15.46676633096457,0.040355849993865205,-184.01931196101572,86.07006069410309,3.793541768954065,False,18.100000000000364,-9.79697156010988,-1.9699004002366598,-150.68018468659176,-28.15455542611313,9.993055555557298,258.63100000001197,2.0461060602275722,-17.43666673120123,33.33912727442396,-114.22461612021623
13203610.0,-1.5632,0.9292,9.8988,0.0435,0.0098,9.8065,0.0545,-0.5441,0.1937,110.85,-86.16,-122.51,52.203125,-2.197779,6.39,2,252.18,22 / 22,-11.686762498485617,15.642571875280707,-0.0103391500063192,-185.19580396696114,87.62552760442101,3.7950426039534477,False,18.200000000000728,-9.913144244323195,-1.874900051615629,-151.67513321741825,-28.332467309169008,10.088888888886968,259.2899999999746,1.7736182541624217,-17.517471926896334,33.52067074954289,-115.95799491359001
13203709.0,-1.1042,0.0939,9.0879,-0.038,-0.0009,9.8065,-0.0198,-0.3139,-0.0607,113.54,-86.02,-124.34,52.203125,-2.197779,6.39,2,252.18,22 / 22,-11.535535116953726,15.855377268634658,-0.04135585000636934,-186.34530769892723,89.18467608704734,3.7924837014528157,False,18.299000000000888,-9.83858646221952,-1.983982823805563,-152.63989255647311,-28.53061666769575,10.036638888886124,258.59897999996343,1.6969486547342054,-17.83936009244022,33.705415142454115,-117.71529275474309
13203810.0,-1.0166,1.3213,9.9525,-0.0022,-0.0251,9.8065,0.1,-0.37,0.0823,112.6,-85.89,-128.85,52.203125,-2.197779,6.39,2,252.18,22 / 22,-11.370171115299774,16.036327676625852,-0.0702873000060108,-187.5020458636417,90.79520718676304,3.7868457223772602,False,18.399999999999636,-9.876517174258415,-1.8697581717528042,-153.63777141513341,-28.72164955113753,10.051944444447445,259.2800000000011,1.4936539410413587,-17.906085848378655,33.8642744485083,-119.51685673790057
13203911.0,-1.5565,0.712,9.8129,-0.002,-0.03,9.8065,-0.0087,-0.2089,-0.1197,100.96,-85.96,-136.26,52.203125,-2.197779,6.39,2,252.18,22 / 22,-11.193805203554103,16.243420203477,-0.0626062500059675,-188.64152666775024,92.42533445471739,3.7801345981016174,False,18.501000000000204,-9.930577564217321,-1.877325075470053,-154.63578656805868,-28.912682435991325,10.106474999999897,259.2948299999986,1.2632276393367814,-18.120745278947055,34.005740099691565,-121.33801689070872
13204009.0,-0.5893,-1.72,10.5821,0.0281,-0.0337,9.8065,-0.0616,-0.3333,-0.0161,95.29,-86.16,-141.91,52.203125,-2.197779,6.39,2,252.18,22 / 22,-11.200035732071084,16.465508042418474,-0.024302950005984446,-189.73882487359538,94.02807193876555,3.7758760473010335,False,18.59900000000016,-9.865100743196942,-1.9729967160293704,-155.60415770660452,-29.10883028653885,10.060469444443694,258.69016999999013,1.3349349888741422,-18.438504758447845,34.13466716699085,-123.1369022253044
13204110.0,-0.4719,-2.0449,9.0675,0.0219,0.0048,9.8066,-0.1629,-0.2028,0.0452,86.81,-86.35,-150.04,52.203125,-2.197779,6.39,2,252.18,22 / 22,-11.376251938903321,16.64433650612827,-0.02246980000597402,-190.878927400986,95.70011908847655,3.7735140234254163,False,18.700000000000728,-9.990000603090454,-1.8780609548645208,-156.60898757552766,-29.288743678273384,10.164999999996768,259.3529999999954,1.386251335812867,-18.52239746099279,34.26993982545832,-124.98886276674995
13204209.0,-0.1208,-3.4693,10.5179,0.0352,0.0125,9.8065,-0.1504,-0.1301,-0.0028,83.74,-86.79,-155.14,52.203125,-2.197779,6.39,2,252.18,22 / 22,-11.650455053761307,16.770803024265472,-0.023850850005976202,-192.01874939712474,97.35416849523372,3.7712211512498213,False,18.799000000000888,-9.89940633709706,-1.8835281232357126,-157.58049348343008,-29.475884739298706,10.076999999995342,259.2272699999933,1.751048716664247,-18.654331147501185,34.43825591369466,-126.83005323453243
13204310.0,0.0608,0.9361,8.2959,0.057,0.0365,9.8064,-0.2091,-0.2625,0.118,74.45,-86.92,-165.75,52.203125,-2.197779,6.39,2,252.18,22 / 23,-11.792705275560577,16.890357860552296,-0.06422560000547593,-193.20262899374083,99.05405711989596,3.766773290524298,False,18.899999999999636,-9.961517316854668,-1.9000808703697722,-158.59206992118413,-29.666806428524144,10.141111111113068,259.2010000000242,1.8311879587059092,-18.79043873092207,34.6105590725567,-128.7208635484201
13204410.0,1.0321,-4.3967,11.6536,0.0245,0.0263,9.8065,0.0214,0.0605,-0.0733,66.58,-87.19,-172.86,52.203125,-2.197779,6.39,2,252.18,22 / 23,-11.959698060490743,16.88361925832437,-0.0474156000054147,-194.3902491605477,100.74275597584594,3.761191230523733,False,19.0,-10.011160081001915,-1.829445833541508,-159.58701845188483,-29.855837803991147,10.176944444444445,259.644,1.9485379794888278,-18.71306509186588,34.80323070866288,-130.59859377983707
13204510.0,-0.6703,0.0435,9.0636,0.0035,-0.0383,9.8065,-0.0865,-0.1628,0.094,54.9,-86.64,179.74,52.203125,-2.197779,6.39,2,252.18,22 / 23,-12.209581095459276,16.888518605836204,0.0077793999947861625,-195.59871311834962,102.43136286906011,3.7592094205231947,False,19.100000000000364,-9.96635884095569,-1.9161516464896635,-160.5819669827393,-30.044869178764383,10.148888888890294,259.1170000000098,2.2432222545035856,-18.804670252325867,35.01674613561033,-132.47623204782448
13204610.0,-1.7467,-0.8583,10.9318,-0.009,0.0169,9.8065,0.035,0.4516,-0.379,52.78,-86.23,179.81,52.203125,-2.197779,6.39,2,252.18,22 / 23,-12.378535575384984,17.06530982615451,0.026884399994855725,-196.8281189518963,104.12905429066582,3.760942610522683,False,19.200000000000728,-10.059846501211116,-1.836528472117266,-161.58373022946606,-30.222781061819447,10.22611111111293,259.65400000002126,2.318689074173868,-18.901838298271777,35.244388722430244,-134.35183535248527
13204710.0,-3.2492,-2.4471,10.822,0.0192,-0.0382,9.8065,0.0225,0.296,0.1479,53.28,-85.6,179.31,52.203125,-2.197779,6.39,2,252.18,22 / 23,-12.72669155604123,17.26959105676083,0.13390939999329837,-198.08338030844934,105.8457993347866,3.768982300521974,False,19.299999999999272,-10.127349277617288,-1.742198661745741,-162.59230819220866,-30.400692944163954,10.276111111108342,260.23899999998224,2.5993422784239417,-19.01178971850657,35.49107211624067,-136.24649227895057
13204810.0,0.7852,-0.1055,11.2242,0.0137,0.0325,9.8065,0.0494,0.3246,0.0213,48.15,-85.45,177.33,52.203125,-2.197779,6.39,2,252.18,22 / 23,-12.969644778980637,17.39467178143398,0.2555543999937409,-199.3681971252051,107.57901247670264,3.7884554905213967,False,19.399999999999636,-10.03721511599528,-1.815024163843447,-163.59407143896223,-30.578604826513516,10.200000000004971,259.74999999994685,2.9324296629853563,-19.209695945277428,35.77412568624288,-138.15761730321617
13204910.0,0.0334,-3.4839,8.7976,0.0101,-0.0003,9.8066,-0.0718,0.2683,-0.0517,53.02,-85.19,-179.35,52.203125,-2.197779,6.39,2,252.18,22 / 23,-13.155772399708228,17.356418795879268,0.2759793999938152,-200.67446798414431,109.31656700557463,3.815032180520871,False,19.5,-10.09428032114731,-2.0031157478619996,-164.59583468569718,-30.789875187537618,10.291111111111112,258.776,3.061492078560917,-19.35953454374127,36.07863329844713,-140.10644219311223
13205010.0,1.3137,1.8667,9.7454,0.0145,0.0458,9.8065,-0.0087,-0.0732,0.1425,54.5,-85.33,-175.38,52.203125,-2.197779,6.39,2,252.18,22 / 23,-13.24440703571151,17.355476005905853,0.22246439999362055,-201.9944769559201,111.05216174567019,3.8399543705203336,False,19.600000000000364,-10.163943133400664,-1.6873688873058603,-165.6112273643575,-30.945548085034577,10.303055555554899,260.57399999998665,3.0804639023108447,-19.042844893211715,36.38324959156262,-141.99770983070476
13205110.0,1.9101,-1.6839,9.2072,-0.044,0.0112,9.8065,0.0057,0.3379,-0.0623,51.2,-85.01,-173.86,52.203125,-2.197779,6.39,2,252.18,22 / 23,-13.202292677848614,17.33239070168542,0.18942939999350045,-203.31681194160294,112.78655508105606,3.8605490605197645,False,19.700000000000728,-10.105980061075446,-1.810887967405831,-166.61980532711897,-31.13457945980761,10.266944444446445,259.84100000000336,3.0963126167731687,-19.14327866909125,36.69700661448397,-143.92113454086368
13205210.0,-0.8056,0.8633,11.4032,0.0576,-0.0185,9.8064,-0.1121,0.1743,-0.2082,49.57,-84.99,-175.36,52.203125,-2.197779,6.39,2,252.18,22 / 23,-13.271979472497266,17.36432188643978,0.23928439999277504,-204.64052554910097,114.52139071043707,3.8819847505187663,False,19.799999999999272,-10.163028001011469,-1.8042724197891744,-167.6351980057878,-31.312491342859033,10.321944444442414,259.93300000002483,3.1089514714857973,-19.168594306228954,37.00532754331317,-145.83388205329612
13205310.0,-0.6918,-1.0842,10.6159,0.051,-0.0088,9.8065,-0.1166,0.173,-0.0113,54.04,-84.79,-171.85,52.203125,-2.197779,6.39,2,252.18,22 / 23,-13.397528437531061,17.521258032056394,0.3595743999932127,-205.97400094460724,116.26566970636823,3.9119276905181746,False,19.899999999999636,-10.128727264511625,-1.6738940667807336,-168.64377596849445,-31.479283732782296,10.266111111110565,260.6159999999296,3.268801173019437,-19.195152098837127,37.33022497611279,-147.74495343915052
13205410.0,1.2624,0.1135,8.9486,-0.0434,0.0052,9.8065,-0.4336,-0.3884,0.5098,52.97,-84.46,-173.29,52.203125,-2.197779,6.39,2,252.18,22 / 23,-13.484256080258017,17.574617296305707,0.35713439999320395,-207.3180901705016,118.02046347279271,3.9477631305176257,False,20.0,-10.07864908936821,-1.899644086884207,-169.64553921522938,-31.66831510754198,10.25611111111111,259.326,3.405606990889808,-19.474261383189916,37.672550955272214,-149.68877858033468
13205510.0,-3.4995,5.8397,8.5338,-0.0529,0.1645,9.8051,-0.021,0.2212,0.2189,51.51,-84.18,-177.18,52.203125,-2.197779,6.39,2,252.18,22 / 23,-13.389433017041979,17.949026616285405,0.25058939999281643,-208.6617746253715,119.79664566842872,3.978149320517037,False,20.100000000000364,-10.147641873174901,-1.6939455504765377,-170.66093189388957,-31.83510749817175,10.288055555555317,260.52299999997916,3.2417911438670775,-19.642972166761943,38.000842731481924,-151.63175316660048
13205610.0,-4.4505,3.3091,10.9794,0.0502,-0.017,9.8065,-0.1422,-0.616,0.3856,49.74,-84.26,-174.23,52.203125,-2.197779,6.39,2,252.18,22 / 23,-13.357564798505399,18.645204825977054,0.24558439999279824,-209.99912451615373,121.6263572405485,4.002958010516408,False,20.200000000000728,-10.09883503936362,-1.8945067557951345,-171.66269514067076,-32.02413887294478,10.275000000001597,259.375000000034,3.2587297591417794,-20.53971158177219,38.336429375482965,-153.6504961134933
13205709.0,-1.2785,1.0277,9.8274,-0.0129,-0.0085,9.8066,-0.0788,-0.2215,0.1222,49.68,-83.59,-173.1,52.203125,-2.197779,6.39,2,252.18,22 / 23,-13.44821543813042,19.09898416560675,0.3046626499928939,-211.32601063786936,123.49469459563493,4.030195239490744,False,20.299000000000888,-10.170909526606591,-1.7386002640743863,-172.66793389259624,-32.20027163646869,10.318450000002299,260.29966000004896,3.277305911523829,-20.837584429681137,38.65807674527312,-155.6949662321036
13205810.0,3.486,-8.8529,10.2665,-0.0772,0.0754,9.806,0.0067,-0.5499,0.63,54.76,-83.2,-171.3,52.203125,-2.197779,6.39,2,252.18,22 / 23,-13.781996889452532,18.88365946009421,0.32893294999259326,-212.70113636039525,125.41281809870905,4.062191817289614,False,20.399999999999636,-9.716632795386184,-2.0715385876024808,-173.64577748632638,-32.413321116328156,9.935000000015384,257.96500000009667,4.065364094066348,-20.95519804769669,39.05535887406887,-157.82613921503722
13205910.0,-1.6774,2.7672,10.0762,-0.0621,0.0792,9.8061,-0.0514,-0.7355,0.209,50.81,-83.14,-176.97,52.203125,-2.197779,6.39,2,252.18,22 / 23,-14.0550599338043,18.741610434689864,0.36540294999272604,-214.09298920156317,127.2940815934551,4.096908612289006,False,20.5,-10.053476380102744,-1.8203204266228574,-174.6475407330071,-32.59123299937028,10.216944444444444,259.737,4.001583553701556,-20.56193086131272,39.445448468556066,-159.88531459282538
13206009.0,0.5133,-7.5867,11.4823,0.022,0.0366,9.8065,-0.0943,0.182,-0.5651,55.67,-83.44,-172.53,52.203125,-2.197779,6.39,2,252.18,22 / 23,-14.362006917731613,18.762484553889543,0.46169034999288183,-215.49963401071648,129.1505342953928,4.13784973063836,False,20.59900000000016,-9.93250807684976,-1.6672160184829417,-175.62579320967654,-32.756357465392774,10.071469444442092,260.4715800000119,4.429498840881852,-20.429700572372486,39.87384080103993,-161.90689176078556
13206110.0,1.4692,-1.099,8.3101,0.0613,-0.0296,9.8064,-0.1567,-0.4779,0.6275,59.02,-83.23,-169.56,52.203125,-2.197779,6.39,2,252.18,22 / 23,-14.731683242239033,18.542163836084686,0.4707348999929327,-216.96886536380325,131.03441903909706,4.184937205762908,False,20.700000000000728,-9.902811794236712,-1.9446493868243493,-176.6169936467475,-32.958176257198176,10.091944444444445,258.8900000000599,4.828871448002321,-20.486813222909035,40.35187171705576,-163.99259529629524
13206210.0,1.6679,-8.5444,11.2556,-0.0661,0.1137,9.8057,0.0513,0.8478,-0.3482,63.87,-83.27,-169.7,52.203125,-2.197779,6.39,2,252.18,22 / 23,-15.137835023195288,18.2999371899976,0.4683548999929674,-218.46234127705324,132.87652409037437,4.23189169576152,False,20.799999999999272,-9.954613052230263,-1.6592232068335822,-177.61194217750193,-33.12496864711759,10.091944444443284,260.53699999995854,5.183221970965025,-19.95916039683118,40.85039909955131,-166.00149273749196
13206310.0,-0.0578,-0.4574,7.9689,0.0798,-0.0753,9.806,-0.2632,-0.189,-0.1384,52.98,-83.54,-177.09,52.203125,-2.197779,6.39,2,252.18,23 / 23,-15.560320616337304,18.13432702239099,0.4489148999928967,-219.99724905903545,134.69823730100043,4.27775518576098,False,20.899999999999636,-9.888232704288662,-1.8510683363423537,-178.5932612764227,-33.30288052946473,10.059999999998803,259.39700000007093,5.672087912048642,-19.985395358733346,41.403987782612745,-168.00111783046515
13206410.0,-4.0206,6.4024,10.4225,0.0254,0.0316,9.8066,0.0542,0.7955,-0.8011,58.27,-83.61,-172.59,52.203125,-2.197779,6.39,2,252.18,23 / 23,-15.474891840488556,18.568598429465304,0.3878198999926744,-221.54900968188238,136.53338357359993,4.3195919257604105,False,21.0,-9.906027555457976,-1.6227068148396422,-179.5813950911704,-33.46967292008196,10.038055555555555,260.697,5.56886428503058,-20.191305244304946,41.967614590711975,-170.0030564936819
13206509.0,-2.8939,2.7305,9.8598,0.0568,-0.0587,9.8063,-0.0835,0.273,0.0332,57.88,-83.29,-170.79,52.203125,-2.197779,6.39,2,252.18,23 / 23,-15.327711202465235,19.205665249173602,0.420935399992728,-223.07373853251107,138.40320962569558,4.359625313109753,False,21.09900000000016,-9.834818059946846,-1.66360637666393,-180.5461544302521,-33.6347973854042,9.974530555554528,260.3990099999952,5.492893142518389,-20.869271625837534,42.52758410225897,-172.03800701109978
13206610.0,-3.2144,3.0995,11.074,0.0184,0.0274,9.8065,0.0064,0.5467,-0.1795,57.23,-83.35,-173.62,52.203125,-2.197779,6.39,2,252.18,23 / 23,-15.303016208535649,19.733559347079254,0.48762064999310273,-224.6205902667753,140.3696404678174,4.405507393634295,False,21.200000000000728,-9.726877871849217,-1.710385203742362,-181.52358914101578,-33.81437719235074,9.876111111113142,260.02700000004563,5.576138336686432,-21.443944550821616,43.09700112575953,-174.18401766016814
13206710.0,3.5171,-4.4221,9.308,0.0472,-0.0388,9.8064,-0.1186,0.5382,-0.4118,61.12,-83.29,-172.16,52.203125,-2.197779,6.39,2,252.18,23 / 23,-15.422812164060884,19.80183899626803,0.5260556499925435,-226.15688168538279,142.346410384956,4.4561912086328395,False,21.299999999999272,-9.817167641441099,-1.50556964211911,-182.50490823989026,-33.958930596712655,9.931944444439424,261.2809999999469,5.6056445226197855,-21.30740863838714,43.65197344549253,-176.30534098166865
13206810.0,-1.5744,-1.9242,11.0993,0.0553,-0.0225,9.8064,0.088,0.1392,-0.3992,59.21,-83.5,-171.94,52.203125,-2.197779,6.39,2,252.18,23 / 23,-15.70698541086909,19.670442082743715,0.5657556499926879,-227.71337156413495,144.32002443891375,4.510781773632299,False,21.399999999999636,-9.639767660719526,-1.7306469932063786,-183.4589684748881,-34.136842480474435,9.793888888881098,259.82200000002416,6.067217750149563,-21.401089075950093,44.254403089246836,-178.45686691938818
13206910.0,2.4553,0.8067,8.7718,0.0235,-0.0175,9.8065,-0.1502,0.2599,0.0467,60.21,-83.27,-171.43,52.203125,-2.197779,6.39,2,252.18,23 / 23,-15.787373640129749,19.7129059836804,0.5786456499927348,-229.2880895166906,146.2891918422421,4.568001838631779,False,21.5,-9.512138593999548,-1.6319206621513982,-184.4062139938911,-34.3036348689697,9.651111111111112,260.265,6.2752350461302004,-21.344826645831798,44.881875522799504,-180.5928267112118
13207010.0,0.9094,2.6543,8.5509,0.0569,0.0493,9.8063,0.2547,0.1696,0.0366,62.2,-83.49,-171.17,52.203125,-2.197779,6.39,2,252.18,23 / 23,-15.60330358191112,19.76001332797909,0.46411564999231825,-230.85762337779835,148.26283780783226,4.620139903631221,False,21.600000000000364,-9.605178953618605,-1.6563403249373292,-185.36708894486966,-34.47042725959887,9.746944444442644,260.2159999999996,5.998124628292516,-21.41635365291642,45.49053443292868,-182.73326506743112
13207110.0,0.9076,-0.3985,8.0845,-0.0073,-0.0721,9.8063,0.0099,0.1536,-0.2889,58.06,-83.4,-170.46,52.203125,-2.197779,6.39,2,252.18,23 / 23,-15.510196476123118,19.84354927402176,0.3152206499917767,-232.41329838070573,150.2430159379395,4.659106718630568,False,21.700000000000728,-9.50706944705462,-1.643352223948889,-186.31433446391426,-34.626100157096026,9.648055555555082,260.19299999998987,6.003127029068498,-21.48690149797065,46.09896391679146,-184.86911609503554
13207210.0,-0.9299,2.5686,9.9385,-0.0123,-0.0369,9.8065,0.0373,-0.2314,0.0623,59.87,-83.0,-172.19,52.203125,-2.197779,6.39,2,252.18,23 / 23,-15.470227395347472,20.009056524548917,0.2357056499929338,-233.96231957425672,152.23564622783903,4.686653033629403,False,21.799999999999272,-9.486130165512737,-1.6871750006713697,-187.25476526698856,-34.804012039439726,9.634999999996948,259.91500000000866,5.984097229834735,-21.696231525220288,46.70755430726817,-187.03965826727875
13207309.0,0.9756,-0.41,10.5231,0.0369,0.0519,9.8064,-0.0269,0.3161,-0.2589,57.27,-83.43,-171.13,52.203125,-2.197779,6.39,2,252.18,23 / 23,-15.429389405412884,20.16947941441211,0.2776964999930017,-235.49185060589684,154.2244837568208,4.712066440053748,False,21.898999999999432,-9.411132641589038,-1.6341100381521347,-188.18579176207396,-34.95812820726055,9.551949999995605,260.1496300000124,6.018256763823846,-21.803589452564243,47.30605884382288,-189.18261196408136
13207410.0,1.4745,-1.8924,9.2818,0.0367,-0.0231,9.8065,-0.0637,0.0264,0.0484,59.82,-83.36,-171.31,52.203125,-2.197779,6.39,2,252.18,23 / 23,-15.521570148717837,20.114980950700986,0.28737229999305614,-237.05487406338924,156.25884900527043,4.740602414453204,False,22.0,-9.317683091510947,-1.5824926668831283,-189.12199744119624,-35.1264773268466,9.45111111111111,260.361,6.20388705720689,-21.697473617584112,47.93287662219299,-191.38532633211702
13207510.0,-0.5646,0.5958,9.6836,0.0115,0.0029,9.8066,-0.0494,0.1944,0.0064,56.88,-83.38,-173.89,52.203125,-2.197779,6.39,2,252.18,23 / 23,-15.612809845392139,20.152862633273898,0.2549772999929384,-238.6115930631004,158.2722411844765,4.767719894452602,False,22.100000000000364,-9.266191299732466,-1.689131936226267,-190.0419840964001,-35.29326971676884,9.418888888887963,259.668999999996,6.346618545659673,-21.841994569500166,48.56960896670029,-193.56551090124535
13207609.0,2.7398,-1.0808,8.9541,0.014,-0.0022,9.8066,-0.0705,0.2216,-0.2154,55.58,-83.2,-175.33,52.203125,-2.197779,6.39,2,252.18,23 / 23,-15.630304978339431,20.15633712546764,0.2066850999928604,-240.15812724687763,160.26754657253744,4.790572183251936,False,22.199000000000524,-9.210169342125663,-1.7154465643815515,-190.9460243162027,-35.46940248029275,9.36856388888715,259.4492199999924,6.420135636213768,-21.87178368984919,49.21210293067492,-195.7369490528302
13207710.0,1.5105,0.854,9.8091,0.0249,-0.0071,9.8066,-0.0083,-0.1639,0.0424,56.17,-83.19,-174.83,52.203125,-2.197779,6.39,2,252.18,23 / 23,-15.580153634381732,20.07983437851815,0.16375504999339244,-241.73425540680051,162.29947323346354,4.809279410826011,False,22.299999999999272,-9.129678299801514,-1.6573331453030673,-191.86832797477624,-35.637973989035196,9.278888888891114,259.7109999999858,6.450475334580219,-21.737167523821217,49.86592743202428,-197.93744722249875
13207810.0,0.8907,-0.4748,9.4724,-0.0093,0.0083,9.8066,0.0162,0.0582,-0.031,58.14,-83.23,-174.92,52.203125,-2.197779,6.39,2,252.18,23 / 23,-15.557602278595274,20.098599483280694,0.1471650499933322,-243.29114320245503,164.3083949265608,4.824825415825403,False,22.399999999999636,-9.178208284797853,-1.730922494135316,-192.78149991405314,-35.80476637895724,9.339999999991209,259.32000000002006,6.379393993797422,-21.82952197741601,50.50964328840189,-200.11316130551802
13207910.0,-0.3217,1.1642,10.2687,0.0254,-0.0192,9.8065,0.0512,0.0651,-0.0564,55.07,-83.26,-175.69,52.203125,-2.197779,6.39,2,252.18,23 / 23,-15.575077207448667,20.202259798702542,0.15355504999335556,-244.8477771767629,166.3234378906673,4.839861420824792,False,22.5,-9.030627511252542,-1.6430970718666167,-193.6810424212772,-35.97155876957447,9.17888888888889,259.688,6.544449696196125,-21.84535687056916,51.16673475548569,-202.29499666024176
13208011.0,1.7842,-1.3361,10.6138,0.0068,-0.0307,9.8066,-0.0344,0.1938,-0.1578,56.35,-83.25,-174.57,52.203125,-2.197779,6.39,2,252.18,23 / 23,-15.604051411818778,20.244506873114354,0.21764964999371578,-246.42232317204474,168.36599960760552,4.858607258174244,False,22.601000000000568,-8.944524460182654,-1.5988584126623524,-194.5758146274154,-36.14001908269583,9.086305555554254,259.8652199999882,6.659526951636124,-21.843365285776706,51.84650854462933,-204.50601869030135
13208110.0,-0.2877,0.245,11.1374,0.0187,-0.0217,9.8065,0.1792,0.0296,-0.1082,58.08,-83.31,-175.49,52.203125,-2.197779,6.39,2,252.18,23 / 23,-15.665021222662261,20.25991031458944,0.3234756999938869,-247.97014226745407,170.3709682584001,4.885392962998673,False,22.700000000000728,-8.865965112557854,-1.6763633799202775,-195.4528685720422,-36.30514354941816,9.02305555555494,259.29300000001246,6.799056110104408,-21.93627369450972,52.51727369541186,-206.67611180781824
13208210.0,-0.2793,-1.2396,10.5461,-0.0237,-0.0572,9.8064,0.1323,0.0444,-0.0999,57.12,-83.12,-176.01,52.203125,-2.197779,6.39,2,252.18,23 / 23,-15.779337975926609,20.36522634804342,0.4269856999923807,-249.54236022736063,172.40222509150217,4.92291603299744,False,22.799999999999272,-8.85914542878645,-1.6203640384896725,-196.33196693145516,-36.46081644620517,9.006111111107755,259.6349999999843,6.920192547140159,-21.985590386533094,53.210393295905476,-208.86304153770735
13208310.0,-0.0398,-0.2061,8.8263,-0.0251,-0.0404,9.8064,0.0458,0.0535,-0.0887,61.81,-83.08,-176.11,52.203125,-2.197779,6.39,2,252.18,23 / 23,-15.90286288118747,20.450465964689762,0.41494069999233685,-251.1264702702221,174.44300970714625,4.965012352996829,False,22.899999999999636,-8.756115997297846,-1.6696849299294372,-197.204250574876,-36.638728329967556,8.913888888883978,259.2039999999655,7.146746883889625,-22.1201508946192,53.92221969534609,-211.0817380371138
13208410.0,0.4309,-0.4484,10.6868,0.0192,0.0033,9.8065,0.0304,-0.0388,0.0768,59.6,-83.15,-175.95,52.203125,-2.197779,6.39,2,252.18,23 / 23,-15.97282470099012,20.528909868475072,0.4099306999923187,-252.72025464933677,176.49197849881193,5.006255922996211,False,23.0,-8.648950561821419,-1.7483332927750752,-198.0629047863282,-36.816640210887705,8.823888888888888,258.572,7.3238741391687014,-22.277243161250148,54.65734986300856,-213.30861870969963
13208510.0,1.4937,-0.4255,10.1135,-0.0311,0.0195,9.8065,-0.0435,-0.0519,0.1574,58.33,-83.17,-175.51,52.203125,-2.197779,6.39,2,252.18,23 / 23,-16.015027310890133,20.534132977805214,0.46928069999253463,-254.3196472499366,178.54513064113343,5.050216492995614,False,23.100000000000364,-8.537504656323982,-1.7650798602271118,-198.91474428188917,-36.9945520946503,8.718055555554443,258.3189999999774,7.477522654566151,-22.299212838032325,55.40490296804742,-215.53968273578374
13208610.0,0.9958,1.1242,9.8015,-0.0018,0.0219,9.8065,-0.0056,-0.0486,0.0384,60.19,-83.26,-175.25,52.203125,-2.197779,6.39,2,252.18,23 / 23,-15.97470045949832,20.554299235227862,0.4843656999925896,-255.91913363846183,180.59955225179255,5.0978988129950435,False,23.200000000000728,-8.4376094177665,-1.9363456373674213,-199.75295434551597,-37.18358346871682,8.656944444440775,257.074999999982,7.53709104173182,-22.490644872595283,56.166179292945856,-217.78313572050936
13208709.0,-0.6174,0.1102,9.6249,-0.0301,-0.0136,9.8066,0.051,0.0503,0.088,62.26,-83.15,-173.9,52.203125,-2.197779,6.39,2,252.18,23 / 23,-15.961295034141079,20.679613416015602,0.47511414999257473,-257.4999654153995,182.6406309280324,5.145393065569386,False,23.299000000000888,-8.323705697968293,-1.984984219010964,-200.56928917083707,-37.38173282934431,8.557119444439161,256.5869299999742,7.637589336172786,-22.664597635026567,56.93067624456245,-220.02236375737672
13208810.0,-0.4158,-2.2474,10.1717,0.0003,-0.0105,9.8066,0.0246,0.1567,-0.1742,60.24,-83.21,-173.39,52.203125,-2.197779,6.39,2,252.18,23 / 23,-16.130777133453964,20.784787093411534,0.4843707999924601,-259.120615059843,184.73458315373253,5.19384705554303,False,23.399999999999636,-8.209219343956569,-1.8634315386062614,-201.39530089293248,-37.57276571280913,8.418055555546658,257.2109999998681,7.921557789497395,-22.648218632017795,57.72531416691049,-222.30734886654164
13208910.0,0.1313,0.2394,9.5642,0.0155,-0.0372,9.8065,0.0599,-0.016,-0.0086,56.4,-83.34,-174.39,52.203125,-2.197779,6.39,2,252.18,23 / 23,-16.281121030184018,20.85741947988772,0.4905007999924824,-260.7412099680308,186.81669348240507,5.242590635542454,False,23.5,-7.965946674533637,-2.16534490982072,-202.18580794474693,-37.79515556625812,8.255,254.793,8.315174355650381,-23.022764389708442,58.55540202328385,-224.6118490486632
13209010.0,0.5994,-1.649,9.3847,-0.0115,-0.0205,9.8065,0.0711,0.1603,-0.1193,56.86,-83.32,-174.0,52.203125,-2.197779,6.39,2,252.18,23 / 23,-16.37947900966845,20.895969563380582,0.4572807999923616,-262.37423997002935,188.90436293457608,5.289979715541869,False,23.600000000000364,-7.870692953814498,-2.1493395096930112,-202.96950028061062,-38.0064259272978,8.158888888883887,254.72599999998133,8.508786055853953,-23.045309073073593,59.40473968941873,-226.91078886187387
13209110.0,-1.2484,0.5249,10.3068,0.0057,-0.01,9.8066,0.1492,-0.0244,-0.0006,56.72,-83.17,-174.38,52.203125,-2.197779,6.39,2,252.18,23 / 23,-16.503450897178645,21.000114162549774,0.46119079999237594,-264.01838646537766,190.99916712088023,5.335903295541273,False,23.700000000000728,-7.56695965604583,-2.212877216646711,-203.71911903676076,-38.22881578005645,7.883888888878562,253.69899999991623,8.936491241132815,-23.212991379196485,60.2992674286169,-229.2279829009367
13209209.0,-0.009,-0.5207,10.1541,-0.013,-0.0274,9.8065,-0.0362,0.0425,-0.1051,57.39,-83.05,-173.96,52.203125,-2.197779,6.39,2,252.18,23 / 23,-16.595512081119857,21.15943708285394,0.5031469999924438,-265.6567851328061,193.0860649075311,5.3836380166405995,False,23.799000000000888,-7.206511554950671,-2.422476447867713,-204.4275087612455,-38.47099833068961,7.602838888874016,251.41902999987934,9.389000526169186,-23.581913530721653,61.22927637156059,-231.5570632382207
13209310.0,-0.1822,-0.5153,10.4999,0.0238,0.0081,9.8066,0.0948,0.0635,-0.0522,59.14,-83.04,-174.33,52.203125,-2.197779,6.39,2,252.18,23 / 23,-16.701734809614212,21.250491164915655,0.5557023499917927,-267.3382961007673,195.22776628401692,5.437109908814141,False,23.899999999999636,-6.911559934639652,-2.2831037485308823,-205.1161358094221,-38.70695396425842,7.278888888880764,251.72000000000088,9.79017487497456,-23.533594913446535,62.222160291345205,-233.93472024827534
13209410.0,0.4293,-1.0642,9.8383,-0.0093,-0.0266,9.8065,0.0431,0.1042,-0.1204,60.03,-82.88,-175.54,52.203125,-2.197779,6.39,2,252.18,23 / 23,-16.81757904734424,21.31039505101117,0.5919473499919247,-269.0142617936213,197.355810594821,5.494492393813536,False,24.0,-6.770808977563887,-2.2345124276540225,-205.79079268987402,-38.929343817707405,7.130000000000001,251.736,10.04677006978035,-23.54490747866519,63.22346910374728,-236.2851544125284
13209510.0,-1.1992,0.1291,10.177,0.0232,-0.0172,9.8066,-0.0607,0.055,-0.1255,60.09,-83.06,-175.99,52.203125,-2.197779,6.39,2,252.18,23 / 23,-16.930020123032303,21.431331847761527,0.6120473499919978,-270.70164175214626,199.4928969397674,5.554692128812951,False,24.100000000000364,-6.472389329971723,-2.467941591213373,-206.43137599049908,-39.185092149156986,6.926944444441064,249.12799999997975,10.45763079306058,-23.8992734389749,64.27026576164718,-238.6779890889244
13209610.0,0.88,-0.4721,9.9149,0.021,0.0111,9.8066,-0.0859,0.0238,0.0631,60.15,-82.96,-176.1,52.203125,-2.197779,6.39,2,252.18,23 / 23,-17.005545836918742,21.547588036030803,0.6359773499920849,-272.39842005015,201.64184293396485,5.617093363812382,False,24.200000000000728,-6.250910282598102,-2.5236282711912734,-207.05151514326323,-39.44084047989924,6.7411111111038355,248.01499999994672,10.75463555432064,-24.071216307222077,65.34690490688675,-241.0826834138641
13209710.0,0.2995,-1.5715,11.1077,0.0029,0.0347,9.8065,-0.0175,-0.2344,0.1865,57.95,-83.01,-176.1,52.203125,-2.197779,6.39,2,252.18,23 / 23,-17.117473894002586,21.553239692850966,0.7064423499910595,-274.10457103667125,203.7968843203776,5.6842143488105625,False,24.299999999999272,-6.000911126138167,-2.6029214786423727,-207.64439543217551,-39.6965888120527,6.541111111102561,246.55099999991074,11.11656276786442,-24.156161171493338,66.46017560449573,-243.4934731324303
13209810.0,-1.5454,1.1648,9.6619,-0.0225,0.0306,9.8065,-0.1302,-0.1766,0.1293,57.17,-82.91,-176.97,52.203125,-2.197779,6.39,2,252.18,23 / 23,-17.226632290187837,21.70386415111812,0.7642573499912698,-275.82177634588703,205.95973951258392,5.757749333809946,False,24.399999999999636,-5.6726151505777995,-2.7547186242922845,-208.20320214124988,-39.98569562077998,6.30611111110429,244.0979999998423,11.554017139610037,-24.458582775410402,67.61857420463716,-245.9454351333639
13209910.0,-0.939,-1.2285,10.3369,0.0034,0.023,9.8066,0.074,-0.0783,0.0147,55.91,-82.92,-175.16,52.203125,-2.197779,6.39,2,252.18,23 / 23,-17.356243418662434,21.912285680773916,0.7835323499913399,-277.55092013133583,208.14054700418646,5.835138818809359,False,24.5,-5.416964679503571,-2.9770166658774366,-208.73474998641908,-40.28592192332514,6.181111111111111,241.208,11.939278739158862,-24.889302346651352,68.81617014491675,-248.4264689275116
13210010.0,-0.1252,0.7087,10.1503,-0.0234,0.0027,9.8065,0.0117,-0.1055,0.1103,58.25,-82.76,-175.56,52.203125,-2.197779,6.39,2,252.18,23 / 23,-17.465038582883825,22.04871317817661,0.8272273499914989,-279.29198423141946,210.33859694714198,5.915676803808793,False,24.600000000000364,-5.012527485640536,-3.1648713837064255,-209.22540953585167,-40.61950670316904,5.928055555551625,237.73199999996191,12.452511097243288,-25.213584561883035,70.0665746955678,-250.95810365031102
13210110.0,0.8271,-0.2252,9.3462,-0.0099,0.0012,9.8066,0.0747,-0.0447,0.0968,58.03,-82.75,-175.77,52.203125,-2.197779,6.39,2,252.18,23 / 23,-17.482308261678764,22.140727956501248,0.8213873499914777,-281.03935157365396,212.5480690038839,5.998107538808242,False,24.700000000000728,-4.7151416931372525,-3.2239336453967398,-209.6888102214419,-40.94197198988092,5.7119444444328025,235.63799999986927,12.767166568541512,-25.36466160189799,71.35054135221205,-253.49004099376484
13210210.0,0.1516,0.0823,9.0376,-0.0246,-0.0111,9.8066,0.0503,-0.0434,-0.0352,60.94,-82.77,-175.37,52.203125,-2.197779,6.39,2,252.18,23 / 23,-17.516543873380307,22.20540576356319,0.7599123499923722,-282.78929418038143,214.76537568985486,6.077172523806284,False,24.799999999999272,-4.25145823130522,-3.316348564222484,-210.09769317928965,-41.28667626285297,5.391944444443242,232.04399999980814,13.265085642075087,-25.521754327785672,72.69160100109178,-256.0520519527078
13210311.0,-0.0365,0.3837,9.6424,-0.0019,-0.0022,9.8066,0.0168,-0.0209,-0.0323,64.37,-82.66,-174.5,52.203125,-2.197779,6.39,2,252.18,23 / 23,-17.540664137522494,22.325051886649597,0.7127806999921075,-284.55968318494195,217.01416380120324,6.151543522830917,False,24.90099999999984,-3.9011659828118153,-3.6719162678887467,-210.4759780624924,-41.668630835549216,5.357538888881326,226.73295999979248,13.63949815471068,-25.996968154538344,74.08370512244954,-258.6827946367525
13210410.0,-0.0038,-0.2092,9.7851,0.0092,-0.0145,9.8066,-0.0462,-0.1436,0.0249,57.67,-82.72,-174.26,52.203125,-2.197779,6.39,2,252.18,23 / 23,-17.58347670823795,22.439998820518756,0.7035835999920926,-286.2983281568099,219.23003381121165,6.221653555680248,False,25.0,-3.5670822028473976,-3.8164040249410376,-210.8200530714921,-42.053921257174,5.223888888888889,223.066,14.01639450539055,-26.256402845459792,75.47827508531776,-261.28395506838564
13210509.0,0.9747,-1.8534,10.3237,0.0052,0.0303,9.8066,0.0416,0.0976,-0.1038,63.02,-82.78,-174.2,52.203125,-2.197779,6.39,2,252.18,23 / 23,-17.70383160216133,22.459950332563675,0.7281108499921324,-288.0450499181775,221.45258129429283,6.292522430954582,False,25.09900000000016,-3.308031967104415,-4.057058609493687,-211.13714180531446,-42.461228272429146,5.234888888889067,219.19311999993738,14.395799635056914,-26.517008942057362,76.90790811286303,-263.91380956672197
13210610.0,0.4123,1.4068,9.7151,0.0003,-0.0092,9.8065,-0.0469,-0.0969,0.0881,60.56,-82.8,-174.17,52.203125,-2.197779,6.39,2,252.18,23 / 23,-17.74268238774607,22.503969110476625,0.7495985999922532,-289.83509887467784,223.72325922617912,6.367146758179213,False,25.200000000000728,-3.001817371069069,-4.194595282614963,-211.42656279232165,-42.89900269921033,5.158055555555011,215.5889999998627,14.740865016676999,-26.698564393091587,78.40853608235619,-266.62226192538947
13210709.0,-0.1872,2.0946,10.4664,0.0024,0.0306,9.8065,-0.0698,0.0913,-0.0853,64.82,-82.93,-172.3,52.203125,-2.197779,6.39,2,252.18,23 / 23,-17.629230448791223,22.684936498814704,0.7777244999922988,-291.5860085600893,225.96011005384267,6.4427492516285705,False,25.299000000000888,-2.7141367632163247,-4.368625111036667,-211.68293240691858,-43.32832631086882,5.14320555555477,211.85174999980222,14.915093685574899,-27.05356160985137,79.9030761531707,-269.2884363647115
13210811.0,-1.3335,1.1863,10.1405,0.0221,-0.0122,9.8066,0.1182,-0.0993,0.077,66.45,-82.96,-171.79,52.203125,-2.197779,6.39,2,252.18,23 / 23,-17.550900029174866,22.943363731143943,0.8283980999917783,-293.3801952144471,228.28715336554666,6.524661504226917,False,25.40099999999984,-2.457117493174675,-4.368211096673674,-211.92594517819742,-43.78211280614281,5.012094444445285,209.35781999968523,15.093782536000191,-27.311574827817616,81.45425003624968,-272.0692661716895
13210910.0,0.2512,-0.7274,10.101,-0.0128,0.0154,9.8066,0.0373,-0.0262,-0.1175,61.9,-82.86,-172.88,52.203125,-2.197779,6.39,2,252.18,23 / 23,-17.59353647076795,23.112595278061058,0.8594939999918286,-295.1198448211971,230.566923336506,6.6082121631762405,False,25.5,-2.0282786783528186,-4.599593030961567,-212.11484910470756,-44.24446131097215,5.026944444444445,203.796,15.565257792415132,-27.712188309022626,83.00499571648953,-274.8113846474781
13211010.0,1.1303,-0.3857,9.2873,0.0107,-0.0079,9.8066,-0.0353,-0.0563,-0.0688,64.7,-82.83,-173.63,52.203125,-2.197779,6.39,2,252.18,23 / 23,-17.659384962533338,23.138740131659322,0.8482439999917878,-296.8824908928686,232.87949010700044,6.693599063175732,False,25.600000000000364,-1.7671837836253743,-4.547594778010233,-212.28521700381367,-44.700360511035505,4.878888888886125,201.23599999992726,15.892201178907964,-27.686334909669554,84.59727388905492,-277.57985061803595
13211110.0,0.9027,-0.9451,9.5783,0.01,0.0005,9.8066,-0.0559,0.1489,-0.1542,64.24,-82.8,-173.7,52.203125,-2.197779,6.39,2,252.18,23 / 23,-17.71969122235157,23.132865471474506,0.8108589999916519,-298.65144470211925,235.19307038716553,6.7765542131752055,False,25.700000000000728,-1.4007112461697677,-4.51464414829531,-212.4146966071723,-45.15625970968422,4.7269444444466675,197.23699999990615,16.318979976181804,-27.647509619769817,86.23674809494696,-280.34933009684977
13211216.0,0.7799,1.4981,9.691,0.0036,-0.0064,9.8066,-0.0069,-0.0607,0.048,63.85,-82.83,-173.99,52.203125,-2.197779,6.39,2,252.18,23 / 23,-17.702146635887473,23.187073903815012,0.7926269999916921,-300.5288021086018,237.6480271740505,6.861538971174136,False,25.806000000000495,-1.1944843632281237,-4.6401247262064516,-212.5354533740355,-45.64151436967948,4.791955555558772,194.43859999981993,16.50766227265935,-27.827198630021464,87.99334873456627,-283.28954154372997
13211310.0,0.6229,-0.6241,10.6992,-0.0129,0.0051,9.8066,0.0092,-0.0324,-0.0735,65.19,-82.91,-173.82,52.203125,-2.197779,6.39,2,252.18,24 / 24,-17.678467563678023,23.2541182145019,0.8291412999913587,-302.1916909759662,239.83076320359146,6.937762081272643,False,25.899999999999636,-0.9274200892630211,-4.763616294719953,-212.61232337011626,-46.10141658637301,4.853055555553752,191.01699999991038,16.751047474415003,-28.017734509221853,89.57936760584994,-285.9321797899645
13211410.0,-0.0767,0.728,9.4816,0.0023,-0.0455,9.8065,-0.1073,-0.1512,0.1496,57.78,-82.84,-174.51,52.203125,-2.197779,6.39,2,252.18,24 / 24,-17.714860134344864,23.347369004705715,0.857516299991462,-303.96135736087376,242.16083756456032,7.02209496127209,False,26.0,-0.7851561817619174,-4.755620860649117,-212.68728524570696,-46.57955477125297,4.82,189.375,16.929703952582948,-28.102989865354832,91.2740721151668,-288.7403923358133
13211512.0,0.1494,-0.9002,10.3443,-0.0016,-0.0099,9.8066,0.0123,-0.0534,-0.0701,60.6,-82.92,-174.75,52.203125,-2.197779,6.39,2,252.18,24 / 24,-17.777308130449782,23.453572361825813,0.868358899991544,-305.771457942392,244.54768557427147,7.110114596471889,False,26.10200000000077,-0.705451534146728,-4.756050206011701,-212.7565227599309,-47.056581007125814,4.808122222225743,188.43801999996393,17.071856596303054,-28.209622567837513,93.01493518246107,-291.60426658139727
13211610.0,-1.1787,0.4419,9.8861,0.0222,-0.0269,9.8065,-0.0405,-0.1766,0.117,54.71,-83.02,-176.53,52.203125,-2.197779,6.39,2,252.18,24 / 24,-17.88398796649815,23.591488406313292,0.8985967999915306,-307.5188614511417,246.85289355190926,7.196695425771021,False,26.200000000000728,-0.5935192724099092,-4.925480517680303,-212.80995013308532,-47.54695063280105,4.96111111110911,186.87099999998284,17.29046869408824,-28.516968923993595,94.70891131805635,-294.39984418471033
13211709.0,-0.0344,-0.6255,10.5361,-0.013,-0.0135,9.8066,0.0008,0.0474,0.0096,56.94,-82.96,-176.09,52.203125,-2.197779,6.39,2,252.18,24 / 24,-17.986912174798377,23.741919256159292,0.9386373499915954,-309.2944710081387,249.19589723120544,7.287638516195333,False,26.299000000000888,-0.5472611266004402,-4.876044725588214,-212.86392268351685,-48.03131573336711,4.906661111108229,186.40371999997527,17.439651048197938,-28.617963981747508,96.43054832462187,-297.2272129645726
13211810.0,-0.6878,0.3709,10.1648,-0.0159,-0.0137,9.8066,-0.0551,-0.1323,0.0641,59.07,-82.81,-175.86,52.203125,-2.197779,6.39,2,252.18,24 / 24,-18.073385814582952,23.875592430805487,0.9935611499909149,-311.1155160565799,251.60058157136737,7.385214540443241,False,26.399999999999636,-0.5298123014831148,-4.98889070675604,-212.91217087252147,-48.53658547990035,5.016944444456177,186.06199999997588,17.543573513099837,-28.86448313756153,98.20334518405843,-300.13716705126774
13211910.0,1.218,-1.5277,9.3168,-0.0231,-0.0251,9.8065,-0.1043,-0.0932,0.1127,63.81,-82.74,-174.52,52.203125,-2.197779,6.39,2,252.18,24 / 24,-18.166855042137797,23.938326356993173,0.986976149990891,-312.92752809942255,253.991277510766,7.484241405442691,False,26.5,-0.5123658560964506,-5.206795934090334,-212.96668860025335,-49.05920163518718,5.231944444444444,185.62,17.654489186041346,-29.145122291083506,99.9608394991692,-303.0504791459532
13212010.0,0.3916,1.3097,8.7763,0.0316,-0.0103,9.8065,-0.0768,-0.2038,0.1047,64.32,-82.74,-174.06,52.203125,-2.197779,6.39,2,252.18,24 / 24,-18.185907249899866,23.975030919758407,0.9109661499906146,-314.74516621403103,256.3869453746123,7.579138520442111,False,26.600000000000364,-0.5250560740634193,-5.212511190321356,-213.01439161200878,-49.581817790512034,5.238888888890112,185.7519999999945,17.66085117583645,-29.18754211007976,101.73077460202225,-305.96876316512436
13212110.0,1.3099,-2.2762,9.5191,-0.0142,-0.0141,9.8065,-0.1029,-0.0164,-0.077,66.37,-82.83,-174.72,52.203125,-2.197779,6.39,2,252.18,24 / 24,-18.23873817952642,23.99543082060008,0.845071149990375,-316.56639848550896,258.78546846163897,7.66694038544148,False,26.700000000000728,-0.5038666910240717,-5.282133421373734,-213.06890933971732,-50.1044339458381,5.30611111111678,185.4489999999935,17.734871488502346,-29.277564241973813,103.49748914579163,-308.88990240747705
13212210.0,-0.0313,2.349,10.1718,0.0116,-0.0384,9.8066,-0.0104,-0.1838,0.2845,65.41,-82.91,-175.46,52.203125,-2.197779,6.39,2,252.18,24 / 24,-18.25183045844577,24.055807574634187,0.8489511499903186,-318.390926917381,261.1880303813657,7.751641500439282,False,26.799999999999272,-0.5016753072773034,-5.438856405561361,-213.11661235149887,-50.66040857842993,5.461944444449033,185.26999999998952,17.750155151168467,-29.494663980195547,105.27431456588215,-311.84843895979566
13212310.0,0.8653,-0.8848,9.8557,0.0054,-0.0156,9.8066,-0.0857,-0.0368,0.131,68.89,-82.89,-172.31,52.20298,-2.198836,7.15,2,261.22,23 / 23,-18.210025770486915,24.166339968718255,0.869661149990394,-320.2140197288343,263.5991377585421,7.837572115438631,False,26.899999999999636,-0.4852822493758913,-5.566944047723946,-213.16431536322597,-51.216383211739796,5.58805555556221,184.98199999991476,17.724743521111023,-29.7332840164422,107.0497043656083,-314.8155209702819
13212410.0,-2.6429,1.0064,10.1855,0.0047,-0.0069,9.8066,0.0404,-0.2337,0.1163,70.97,-82.92,-171.66,52.20298,-2.198836,7.15,2,261.22,23 / 23,-18.264198281878528,24.369678930857884,0.8910561499904719,-322.0377309314592,266.02593870352973,7.925607980437994,False,27.0,-0.34062903013787305,-5.699830862738589,-213.19157422706485,-51.78347733814081,5.71,183.42,17.923569251740656,-30.069509793596474,108.84615670439433,-317.80941604167054
13212510.0,0.1107,-2.0119,9.61,0.0091,0.003,9.8066,0.01,0.0818,-0.079,73.56,-82.68,-171.37,52.20298,-2.198836,7.15,2,261.22,23 / 23,-18.382748027204794,24.596768693390512,0.900166149990505,-323.87007824692,268.47426108475105,8.015169095437368,False,27.100000000000364,-0.2964516356629686,-5.888653722398009,-213.21883309093292,-52.372810449434894,5.896111111113764,182.88200000000376,18.086296391541826,-30.48542241578852,110.65124515598708,-320.84707153418594
13212609.0,1.796,0.0878,9.5171,0.0368,-0.017,9.8065,-0.016,-0.3033,0.1038,68.35,-82.92,-172.4,52.20298,-2.198836,7.15,2,261.22,23 / 23,-18.47038558971541,24.599884528024727,0.8760992499904661,-325.6943083609605,270.90949541921503,8.103094232736568,False,27.199000000000524,-0.3251873466565615,-6.031726211392194,-213.252565934956,-52.97826682461728,6.040486111116098,183.08594000000704,18.145198243058847,-30.63161073941692,112.44174242600451,-323.8877622438323
13212710.0,-1.0917,-3.6238,9.9572,-0.0226,-0.0088,9.8066,0.0685,0.1322,-0.0785,68.75,-82.72,-172.42,52.20298,-2.198836,7.15,2,261.22,23 / 23,-18.659512853183916,24.620944958670076,0.869079749990553,-327.5693682323037,273.3951473082623,8.191225772234517,False,27.299999999999272,-0.28438977479794836,-6.165388931880669,-213.28016553459386,-53.60707413484711,6.171944444449144,182.64099999996645,18.37512307838597,-30.786333890550743,114.28920269770984,-327.0022214431094
13212810.0,-0.5212,1.6078,10.1321,0.0009,-0.0488,9.8065,-0.0144,-0.1761,0.2048,62.98,-82.51,-173.44,52.20298,-2.198836,7.15,2,261.22,23 / 23,-18.829614750838516,24.78142659970856,0.8928797499906397,-329.44382461251166,275.86526588619023,8.279323747233898,False,27.399999999999636,-0.1890188978004991,-6.298275406088751,-213.29379496655494,-54.22976572483434,6.301111111119069,181.71899999998547,18.64059585303802,-31.079702005797312,116.15002964595672,-330.0950316110246
13212910.0,1.9258,-0.7974,9.3569,0.0463,-0.0003,9.8064,-0.0381,-0.1248,0.0979,67.08,-82.59,-171.53,52.20298,-2.198836,7.15,2,261.22,23 / 23,-18.8119913584548,24.851948865444697,0.8866647499906171,-331.32590491798317,278.3469346594569,8.368300972233284,False,27.5,-0.16347462836128973,-6.444871504974728,-213.3074243984879,-54.88581579134178,6.446944444444444,181.453,18.64851673009351,-31.296820370419425,118.01848051949526,-333.2327504507987
13213010.0,-1.3036,-0.6916,9.2404,0.0203,-0.0032,9.8066,0.0723,-0.0518,0.0679,68.5,-83.02,-171.2,52.20298,-2.198836,7.15,2,261.22,23 / 23,-18.904640218229403,24.91270503919611,0.8358647499904323,-333.21173649682424,280.835167354698,8.45442744723265,False,27.600000000000364,0.016384784222506894,-6.42997912429464,-213.30742439848754,-55.519626873753275,6.430000000001491,179.85399999997952,18.92102500245191,-31.34268416349075,119.9043120983367,-336.3547942284513
13213110.0,0.247,0.8714,9.3698,0.0069,0.0162,9.8066,0.0223,0.0681,-0.0582,67.06,-82.77,-171.21,52.20298,-2.198836,7.15,2,261.22,23 / 23,-18.953149053267968,25.08327834929362,0.7857097499902498,-335.104625960406,283.3349665241316,8.53550617223198,False,27.700000000000728,0.14455712101271354,-6.510339751991645,-213.2869802505462,-56.17567694101618,6.511944444449608,178.72799999999535,19.09770617428068,-31.593618101285266,121.81764570985979,-339.5106434651477
13213211.0,0.48,-1.3945,10.1697,0.0195,0.0276,9.8065,0.054,0.0624,-0.1149,66.89,-83.04,-170.86,52.20298,-2.198836,7.15,2,261.22,23 / 23,-19.002436367767245,25.156638312646535,0.781982849990296,-337.02138302414454,285.87208231552813,8.614674648530016,False,27.800999999999476,0.16348608661238265,-6.651644246501169,-213.27301008284053,-56.849407001358685,6.653661111110233,178.59201999996537,19.16592245437963,-31.808282559147706,123.74837294130401,-342.72148931688685
13213310.0,-1.2528,1.5969,8.9621,0.0051,0.0386,9.8065,0.0681,0.2247,-0.2154,63.31,-82.87,-172.05,52.20298,-2.198836,7.15,2,261.22,23 / 23,-19.056197457382865,25.312522263242858,0.7581485999902575,-338.90528539849254,288.3703057640387,8.690911155304176,False,27.899999999999636,0.2657714505635012,-6.625782980470395,-213.23927723881633,-57.49889656725002,6.631111111135773,177.7029999999014,19.321968907946367,-31.938305243713252,125.66600815967621,-345.8692023312887
13213410.0,-4.0173,-0.0006,10.225,0.0129,0.0162,9.8065,0.0788,0.0247,-0.1319,65.04,-83.09,-172.44,52.20298,-2.198836,7.15,2,261.22,23 / 23,-19.14244983605994,25.70085075797639,0.73683859999018,-340.81521776317163,290.9209744151089,8.76566051530347,False,28.0,0.5069135941076386,-7.064893106848489,-213.18475951111154,-58.21054409800386,7.083055555555555,175.896,19.649363430167575,-32.76574386482488,127.6304582520601,-349.1315185131128
13213509.0,-1.6855,-0.775,9.9307,0.0096,0.0241,9.8065,0.0097,0.3467,-0.1958,63.48,-83.17,-173.69,52.20298,-2.198836,7.15,2,261.22,23 / 23,-19.342021747227307,26.05197716820553,0.7636873999902234,-342.72019910654745,293.48273939745906,8.83993655230262,False,28.09900000000016,0.4681620777525354,-7.100361971424533,-213.13753352947384,-58.91507515349999,7.115780555556084,176.22765000000535,19.81018382497984,-33.15233913963006,129.5826655770736,-352.397814550959
13213610.0,-1.0214,-4.2323,11.319,-0.021,0.0043,9.8066,0.1058,0.2806,-0.1322,59.71,-83.02,-174.54,52.20298,-2.198836,7.15,2,261.22,23 / 23,-19.67586244955293,26.160756568203663,0.8463255999906878,-344.6906022584959,296.1194824511625,8.921242208802113,False,28.200000000000728,0.619454201536518,-7.1682844176435525,-213.07572405566543,-59.6338391596155,7.1950000000024055,175.06099999993228,20.295316651089447,-33.329040985847215,131.61487820283048,-355.753321610778
13213710.0,-3.0545,-0.8763,10.2692,0.0016,0.05,9.8065,0.1958,0.2133,-0.1039,62.86,-82.97,-174.61,52.20298,-2.198836,7.15,2,261.22,23 / 23,-20.04336894591917,26.326023463348587,0.9450705999892509,-346.6765638282406,298.7438214527019,9.010812018799806,False,28.299999999999272,0.8597443698676541,-7.210032883863464,-212.98031803218433,-60.35660618141901,7.2611111111118385,173.20000000001912,20.903113315786825,-33.53605634721205,133.69624579605627,-359.10042763412093
13213810.0,1.0358,0.297,8.9691,-0.0175,0.0419,9.8065,0.0378,0.1849,-0.2122,63.96,-82.87,-172.84,52.20298,-2.198836,7.15,2,261.22,23 / 23,-20.162141043926816,26.515740619996592,0.9263205999891827,-348.6868393277402,301.38590965687877,9.104381578799067,False,28.399999999999636,0.7957035195879316,-7.237501980754732,-212.90535615655924,-61.079373205358856,7.281111111122782,173.7259999999122,20.957844563514747,-33.75324260075132,135.78148317118095,-362.46528286223764
13213910.0,1.0764,0.4841,9.1668,-0.0043,0.0184,9.8066,0.0164,0.0648,-0.1565,64.7,-82.92,-174.83,52.20298,-2.198836,7.15,2,261.22,23 / 23,-20.125538514683576,26.55195191681219,0.852450599988914,-350.701223305678,304.03929428372885,9.193320138798295,False,28.5,1.0279441211326787,-7.4241737509186,-212.79632070114963,-61.82437921409467,7.494999999999999,172.11700000000002,21.153482635816253,-33.97612566773079,137.9049026045284,-365.8636734978235
13214009.0,0.7975,0.1203,10.5128,0.0441,0.0139,9.8065,0.039,-0.0021,0.0661,63.6,-83.18,-175.37,52.20298,-2.198836,7.15,2,261.22,23 / 23,-20.10248804673952,26.594561532337245,0.8557324499889194,-352.6925106204717,306.670046699466,9.277875199772335,False,28.59900000000016,1.255948902293273,-7.485485805393585,-212.66813589387797,-62.561935162095054,7.59015000000154,170.47557999997346,21.358436949032793,-34.08004733773083,140.02437472659372,-369.23198186156105
13214110.0,-0.3453,0.2884,8.6557,0.0239,0.0068,9.8065,-0.0009,0.0689,0.0632,64.03,-83.38,-174.62,52.20298,-2.198836,7.15,2,261.22,23 / 23,-20.119523422279475,26.69852158801786,0.8332700499887933,-354.72372219966854,309.3613473970591,9.36316982602169,False,28.700000000000728,1.4730938499120265,-7.5699459458799545,-212.51691734659778,-63.32551072339289,7.711944444444152,168.9880000000038,21.5926172721915,-34.26846753389782,142.20680485307076,-372.686858120452
13214210.0,-0.1699,-2.8206,10.5538,0.0399,0.065,9.8063,0.1265,0.1813,-0.166,63.08,-83.59,-173.28,52.20298,-2.198836,7.15,2,261.22,23 / 23,-20.2896178790477,26.77800782392003,0.8130800499890871,-356.7441792647055,312.03517386761706,9.445487331019386,False,28.799999999999272,1.4576944983163505,-7.56472278156914,-212.3669935953796,-64.07051673217016,7.703888888893547,169.092999999905,21.74731237736405,-34.34273060548917,144.3771856693259,-376.10569059978724
13214310.0,-2.3917,0.3026,9.4743,-0.01,0.0029,9.8066,0.0037,0.1295,-0.0162,66.64,-83.32,-175.28,52.20298,-2.198836,7.15,2,261.22,23 / 23,-20.496016446000386,26.952404243075684,0.8338200499891626,-358.78346098096534,314.7216944709766,9.527832336018598,False,28.899999999999636,1.8307235249724976,-7.614972433044008,-212.1761815483601,-64.8377617265189,7.831944444447339,166.48200000006915,22.326739970972884,-34.56737667611969,146.60727943260525,-379.55945619749554
13214410.0,3.1998,-2.6637,9.8503,-0.004,-0.0203,9.8065,0.0997,0.3602,-0.3139,59.49,-83.35,-176.93,52.20298,-2.198836,7.15,2,261.22,23 / 23,-20.609849114004213,26.976044401492015,0.8193850499891101,-360.83875425897304,317.4181169032148,9.610492591017811,False,29.0,1.6731554304730958,-7.705438073560671,-212.01944308122575,-65.60500671939718,7.885,167.74900000000002,22.283004544477308,-34.68148247505269,148.8193111777473,-383.023123622612
13214509.0,0.8351,3.616,8.5567,-0.0286,-0.0746,9.8062,0.0766,-0.1763,0.1371,63.21,-83.18,-176.92,52.20298,-2.198836,7.15,2,261.22,23 / 23,-20.514347902272277,26.927320096805772,0.7596731999890136,-362.87440201128203,320.08633344588486,9.688655974391855,False,29.09900000000016,1.9514820596248028,-7.727605631605482,-211.8170460170604,-66.36457926380089,7.9702500000013785,165.82740999996892,22.46582996189708,-34.65492572841126,151.05735599422164,-386.4509127096858
13214610.0,-1.1955,-0.4646,10.6464,-0.0247,0.0443,9.8065,0.0769,0.369,-0.0739,62.04,-83.05,-175.21,52.20298,-2.198836,7.15,2,261.22,23 / 23,-20.429585582240307,27.128600809545834,0.7389580999888973,-364.9420706522615,322.81615745167096,9.764336855041165,False,29.200000000000728,2.060640026568544,-7.817991281708278,-211.6105601233435,-67.15061620052096,8.08499999999793,165.23400000007967,22.49022560880885,-34.94659209125411,153.33151052891802,-389.96677365219193
13214711.0,0.1377,1.7377,8.1441,-0.0002,-0.0516,9.8064,-0.0503,-0.259,0.0521,62.71,-83.27,-172.6,52.20298,-2.198836,7.15,2,261.22,23 / 23,-20.446164074081658,27.319069343218363,0.6974066999894122,-367.0062960098802,325.5657647943515,9.836873277439171,False,29.300999999999476,1.7486463397428744,-7.837028964249666,-211.4383522509285,-67.94810621372474,8.029744444450957,167.42188999999186,22.19481041382453,-35.15609830746803,155.5679437589517,-393.5138710080762
13214810.0,-0.6554,2.6845,11.8066,0.0289,0.0083,9.8066,0.2439,-0.2776,0.1518,66.19,-83.34,-169.34,52.20298,-2.198836,7.15,2,261.22,23 / 23,-20.301779767751945,27.549211075502157,0.7141079999894392,-369.0233192300542,328.28174467508256,9.906743255088237,False,29.399999999999636,1.8142070702120743,-7.993656918560397,-211.25619489320067,-68.74070365133295,8.196944444441504,167.21300000010925,22.11598683796402,-35.542867994062554,157.76712433685353,-397.02244832641554
13214909.0,2.9389,0.636,9.9709,-0.0502,0.0141,9.8064,-0.2135,0.1743,0.1193,64.28,-83.42,-169.73,52.20298,-2.198836,7.15,2,261.22,23 / 23,-20.143922830100735,27.62919633868344,0.8212358999896124,-371.02538150865115,331.01307584208917,9.982742778137323,False,29.498999999999796,1.5266667639284535,-7.99916322906553,-211.11451694832476,-69.53330108818324,8.143594444444522,169.1949799999971,21.670589594029188,-35.62835956774897,159.9108645603264,-400.5463769302724
13215009.0,-3.1161,4.3018,10.4823,0.0492,0.0078,9.8064,-0.086,-0.454,-0.0559,62.02,-83.76,-172.79,52.20298,-2.198836,7.15,2,261.22,23 / 23,-19.98135339112599,27.862696551488003,0.8632308999897653,-373.0316453197198,333.78767048660785,10.066966118136598,False,29.59900000000016,1.5345143044263219,-8.165391496855252,-210.95791477547138,-70.34491285801015,8.308330555558229,169.3565700000023,21.51586769555231,-36.02808804834326,162.07373054424843,-404.132583344618
13215109.0,1.3709,-3.662,11.0735,-0.0005,0.0449,9.8065,-0.2361,0.6139,-0.5999,62.02,-83.45,-170.78,52.20298,-2.198836,7.15,2,261.22,23 / 23,-20.042982892577253,28.067425077077676,0.9603558999901187,-375.03286213391226,336.5841765680463,10.158145458135923,False,29.699000000000524,1.5080754136669374,-8.206127222466339,-210.8079228770657,-71.16764412027061,8.343550000001159,169.58669000000793,21.55105830624419,-36.273552299544015,164.22493925684657,-407.7518206883169
13215210.0,2.8621,-3.4453,8.3376,0.078,-0.0196,9.8063,-0.2135,0.0108,0.2414,65.1,-83.4,-172.28,52.20298,-2.198836,7.15,2,261.22,23 / 23,-20.31711465421141,27.830200500405034,0.9501447999902453,-377.07104705999984,339.4070066596742,10.254625743483736,False,29.799999999999272,1.5394665150467548,-8.176334316127988,-210.6496851723834,-71.98759550958859,8.320000000002587,169.33700000003535,21.856581169258163,-36.00653481653302,166.42136188761643,-411.3946021692628
13215310.0,1.9179,-4.4982,10.778,0.0327,0.0508,9.8064,-0.048,0.7671,-0.3959,59.98,-83.8,-174.57,52.20298,-2.198836,7.15,2,261.22,23 / 23,-20.60774503692574,27.54530082879912,0.9252597999901548,-379.11729004456413,342.17578172614446,10.348395973483097,False,29.899999999999636,1.4126582211519125,-8.271344656656433,-210.513390853072,-72.82155745919822,8.391111111109746,170.30800000007878,22.02040325807765,-35.81664548545555,168.60389919149213,-414.9973391853427
13215410.0,2.9134,-1.6285,7.772,0.0719,-0.059,9.8061,-0.2002,0.3148,-0.1794,64.98,-83.65,-173.6,52.20298,-2.198836,7.15,2,261.22,23 / 23,-20.814671538164184,27.29625065366322,0.8720947999899615,-381.1884108733262,344.91785930027754,10.438263703482429,False,30.0,1.2001862082326258,-8.279575362844701,-210.39754068170942,-73.64439991632288,8.36611111111111,171.752,22.01485774639681,-35.57582601650792,170.79087019161676,-418.5622592166004
13215509.0,-1.1625,2.6567,10.7199,0.0503,0.0346,9.8064,0.0049,0.4672,-0.2599,62.08,-83.88,-175.52,52.20298,-2.198836,7.15,2,261.22,23 / 23,-20.782950798821332,27.356634477578996,0.8165854999898718,-383.2474931790103,347.6231771142784,10.521853378331565,False,30.09900000000016,0.9126331387833904,-8.442546307268698,-210.30983528722794,-74.48103054463701,8.491786111113143,173.8300100000336,21.695583937604724,-35.79918078484769,172.93765789178235,-422.1042076589154
13215610.0,2.0997,1.5697,8.5163,0.0236,-0.0287,9.8065,-0.1591,0.2979,-0.1215,58.0,-83.88,-176.54,52.20298,-2.198836,7.15,2,261.22,23 / 23,-20.621776250580222,27.535351340583844,0.7975419499897649,-385.3384318950168,350.39522239811123,10.603366814555995,False,30.200000000000728,0.9576800014662837,-8.444759402164408,-210.21354335066926,-75.33456280110165,8.498888888887434,173.53000000005224,21.579456252046505,-35.98011074274825,175.12488854434756,-425.72978519921287
13215710.0,-0.9501,1.605,10.8416,0.0311,-0.0057,9.8065,0.1721,0.4057,-0.2389,57.6,-84.02,-175.02,52.20298,-2.198836,7.15,2,261.22,23 / 23,-20.51437897908436,27.67977182062487,0.7847719499899507,-387.3952396564701,353.1559785561315,10.68248250955383,False,30.299999999999272,0.742241118425994,-8.426261291741673,-210.13858147507517,-76.16852475140443,8.458888888890021,174.9660000000348,21.256620097510353,-36.106033112366546,177.25665818139493,-429.32450330753596
13215809.0,2.1791,-2.3294,9.7672,0.0136,-0.0584,9.8064,-0.0486,0.2954,-0.2143,62.13,-83.84,-174.01,52.20298,-2.198836,7.15,2,261.22,23 / 23,-20.576576940471405,27.722341635923293,0.8340491999900305,-389.4292419744914,355.89838317223507,10.76261415647797,False,30.398999999999432,0.6050001436814907,-8.468092696098475,-210.08460892464365,-77.00515537971857,8.48968888889052,175.91343000005014,21.181577084152895,-36.190434332021766,179.34463304984774,-432.90353855195366
13215910.0,1.3888,-1.2689,10.7611,0.0273,0.0138,9.8065,0.0593,0.2447,-0.1905,59.39,-83.89,-175.26,52.20298,-2.198836,7.15,2,261.22,23 / 23,-20.70046913706559,27.58972026106163,0.8802566999902902,-391.5137328014187,358.6916422980485,10.849186604427462,False,30.5,0.4515694847754434,-8.375891654236344,-210.03636073561495,-77.84756814298932,8.388055555555555,176.91400000000002,21.152038621841033,-35.96561191529797,181.47737206580376,-436.5392104410378
13216010.0,2.8938,0.7952,8.4721,0.0231,-0.0264,9.8065,-0.1448,0.1116,-0.0501,60.69,-83.79,-174.54,52.20298,-2.198836,7.15,2,261.22,23 / 23,-20.667015054037893,27.501841740685663,0.8612516999902211,-393.5821070109814,361.4462203981459,10.936262024426805,False,30.600000000000364,0.34151635726454416,-8.361083683264049,-210.00228715579382,-78.69264958643929,8.368055555553136,177.66100000001097,21.00853141130244,-35.86292542394971,183.5798198551876,-440.1388699845852
13216110.0,2.808,4.3769,8.9971,0.0377,0.0036,9.8065,0.1494,0.2541,-0.2772,58.64,-84.06,-175.94,52.20298,-2.198836,7.15,2,261.22,23 / 23,-20.355093691355297,27.499674456346135,0.7540466999898311,-395.6332124482585,364.1962962080075,11.017026944426101,False,30.700000000000728,0.24918607326052478,-8.231229027364128,-209.98184300790615,-79.50437255049162,8.235000000001747,178.26600000000073,20.60427976461582,-35.730903483710264,185.65136944035237,-443.7006687584991
13216210.0,5.9109,3.159,9.3241,0.012,-0.088,9.8061,0.0626,0.222,-0.1718,52.08,-83.98,178.36,52.20298,-2.198836,7.15,2,261.22,23 / 23,-19.850496189377495,27.463647564217418,0.6894416999907712,-397.6434919422659,366.9444623089957,11.089201364424081,False,30.799999999999272,0.24775018199329593,-8.279349562839288,-209.9545841440119,-80.33833450008586,8.283055555552242,178.2860000000085,20.09824637137079,-35.742997127056704,187.68890779825398,-447.28279680908156
13216309.0,5.2672,1.6377,10.1463,0.0205,-0.0401,9.8065,0.126,0.257,-0.1633,45.02,-83.97,174.59,52.20298,-2.198836,7.15,2,261.22,22 / 23,-19.378647003270622,27.298802896307713,0.6823681499907598,-399.5853345303051,369.6552036067961,11.157105951998277,False,30.898999999999432,0.21194323145886182,-8.190113003866303,-209.93434443763024,-81.14194023519549,8.192855555550782,178.51766000001226,19.590590234729483,-35.488915900174014,189.65099009267485,-450.79714384199156
13216410.0,6.4294,0.127,9.8858,0.0069,-0.0304,9.8065,-0.0257,0.2289,-0.0874,41.41,-83.85,171.32,52.20298,-2.198836,7.15,2,261.22,22 / 23,-18.967800967708243,27.05089429976003,0.7035175499908787,-401.5218301528504,372.39986331521294,11.227093179847744,False,31.0,0.21551643800571474,-8.074068628863103,-209.91369584823858,-81.96178042883717,8.076944444444445,178.47099999999998,19.183317405713957,-35.124962928623134,191.6081343046118,-454.3616437440501
13216510.0,5.4154,2.4615,9.6869,-0.0081,-0.0014,9.8065,0.023,0.1273,0.0241,36.03,-83.74,170.87,52.20298,-2.198836,7.15,2,261.22,22 / 23,-18.520544868461865,26.867306136538808,0.7014875499908713,-403.39624744466573,375.0957733370377,11.297343434847086,False,31.100000000000364,0.24767147961669858,-8.019231838877952,-209.88643698439787,-82.76238390187744,8.023055555552974,178.23100000000804,18.768216348078564,-34.88653797541676,193.50981046026786,-457.85815723891517
13216610.0,4.3249,2.3978,10.0784,-0.0122,0.0079,9.8066,0.0411,0.1483,0.0538,36.18,-83.8,171.06,52.20298,-2.198836,7.15,2,261.22,22 / 23,-18.077113366064808,26.856627186031123,0.709087549990899,-405.2261303563987,377.78197000317596,11.36787218984643,False,31.200000000000728,0.1825143069084584,-7.87899745357099,-209.86599283648337,-83.55186788036943,7.881111111106382,178.67299999999065,18.259627672973266,-34.735624639602115,195.36013751991533,-461.33383788354536
13216709.0,5.7769,0.462,9.3645,-0.0069,-0.0002,9.8066,0.0066,0.3434,0.0022,29.02,-83.73,170.68,52.20298,-2.198836,7.15,2,261.22,22 / 23,-17.66989809134739,26.780535719948016,0.7006527499908853,-406.99560742354345,380.4370095670262,11.437654334695642,False,31.299000000000888,0.21394258375995628,-7.749457686752883,-209.84575313010168,-84.31144042477315,7.752411111104301,178.41856999998654,17.883840675107347,-34.529993406700896,197.14985429344176,-464.74844999179936
13216810.0,3.3653,1.0108,10.4512,-0.0022,-0.0087,9.8066,0.0844,0.1952,0.0302,30.79,-83.57,170.35,52.20298,-2.198836,7.15,2,261.22,22 / 23,-17.333695891777865,26.686357219610247,0.7108739499907587,-408.7632889196694,383.13708766044044,11.508936433043832,False,31.399999999999636,0.3608830690936956,-7.817786037859196,-209.80466039284826,-85.10859685390334,7.826111111101394,177.35700000000688,17.69457896087156,-34.504143257469444,198.95862852682112,-468.2456845143438
13216910.0,5.588,0.5875,9.2589,-0.0407,0.0158,9.8065,-0.0864,0.4803,0.0558,31.41,-83.54,172.42,52.20298,-2.198836,7.15,2,261.22,22 / 23,-17.009384676487297,26.594598749558266,0.7157139499907764,-410.48044294808886,385.80113545890856,11.580265828043169,False,31.5,0.3358705471175604,-7.640676982862392,-209.77058681297518,-85.86472235506403,7.648055555555556,177.483,17.34525522360486,-34.23527573242066,200.70985613511368,-471.6658578139726
13217010.0,3.8044,1.8837,8.7009,-0.0133,0.0443,9.8064,-0.0627,0.3421,0.0842,27.06,-83.6,174.82,52.20298,-2.198836,7.15,2,261.22,22 / 23,-16.645450713650156,26.539560343860185,0.6330389499904758,-412.16318471760184,388.45784341358916,11.647703473042476,False,31.600000000000364,0.485608239540354,-7.675765418583629,-209.71606908529338,-86.63196734799793,7.6911111111096355,176.37999999998286,17.13105895319051,-34.21532576244381,202.44711563230845,-475.0898107615871
13217109.0,4.2092,0.7144,9.8905,-0.0201,0.0335,9.8065,-0.0557,0.5257,-0.0088,30.18,-83.81,179.15,52.20298,-2.198836,7.15,2,261.22,22 / 23,-16.339247858038103,26.52916824071452,0.5824548999903941,-413.7959272969031,391.08474547852984,11.707870418616627,False,31.699000000000524,0.6040860490667193,-7.586789122628699,-209.65534996604111,-87.38053159419998,7.610811111108338,175.44741999996776,16.943333907104822,-34.11595736334322,204.14057733086196,-478.4652770727298
13217210.0,2.6952,0.6368,9.5687,-0.0133,0.0209,9.8065,-0.0488,0.4624,0.0452,31.19,-83.76,-178.86,52.20298,-2.198836,7.15,2,261.22,22 / 23,-16.10566183820139,26.481998979526754,0.5746728499904906,-415.43439523654285,393.76180942311885,11.766305369989938,False,31.799999999999272,0.6628772331506636,-7.547892479884464,-209.58658948193474,-88.14421835112253,7.576944444439756,174.98099999996504,16.768539071352052,-34.02989145941122,205.84780575460812,-481.90602777424135
13217310.0,2.8563,0.3138,9.6373,-0.009,0.001,9.8066,0.0308,0.5604,-0.0556,31.32,-83.67,-176.65,52.20298,-2.198836,7.15,2,261.22,23 / 23,-15.943413071881231,26.450384455777755,0.5543078499904166,-417.0368489820528,396.4084285948937,11.822754404989189,False,31.899999999999636,0.775948134650881,-7.407525636200365,-209.50481289038441,-88.88922435920462,7.448055555555055,174.0199999999521,16.719361206532113,-33.85791009197812,207.53203609166837,-485.2976529540983
13217409.0,3.0189,-0.4093,9.2042,-0.004,-0.0003,9.8066,-0.0061,0.5063,-0.0236,29.49,-83.63,-175.07,52.20298,-2.198836,7.15,2,261.22,23 / 23,-15.794168607004517,26.368533146067115,0.5161037499903549,-418.6078592751602,399.02296501618923,11.875739779188322,False,31.998999999999796,0.8871476324637195,-7.385883290608724,-209.4103609271159,-89.61577200965073,7.4389805555555695,173.15078000000128,16.681316239468238,-33.75441643667584,209.1974983480443,-488.63873702584
13217510.0,2.434,-0.6018,9.761,-0.0149,0.0193,9.8065,0.0115,0.614,-0.0227,31.88,-83.68,-172.96,52.20298,-2.198836,7.15,2,261.22,23 / 23,-15.68468805105976,26.25623633516855,0.483374699990171,-420.1975415364014,401.68051587500656,11.926213440912623,False,32.100000000000364,0.934865338846454,-7.395031194397341,-209.314000843397,-90.36811688359805,7.453888888887889,172.79499999999172,16.619553389906216,-33.65126752956589,210.8835406930044,-492.04863275860464
13217610.0,3.0582,0.023,9.8126,-0.0081,0.0032,9.8066,0.022,0.5755,-0.0485,29.63,-83.67,-171.62,52.20298,-2.198836,7.15,2,261.22,23 / 23,-15.564038427383466,26.162696595692566,0.4813896999901638,-421.75997786032923,404.30146252155913,11.974451660911814,False,32.20000000000073,0.9862298338792825,-7.332864890676021,-209.21178010390506,-91.10200339925507,7.398888888890273,172.33999999994649,16.550268261262747,-33.49556148636859,212.54819775642417,-495.4034659208142
13217710.0,1.5747,0.7335,9.804,-0.0126,-0.0001,9.8066,-0.0755,0.6647,-0.0911,31.48,-83.65,-169.19,52.20298,-2.198836,7.15,2,261.22,23 / 23,-15.44479371359446,26.148798531688318,0.48155469999016143,-423.3104194673556,406.91703727789013,12.02259888091013,False,32.29999999999927,1.1801857174304557,-7.3427041573264855,-209.08911521658314,-91.8358899148979,7.43694444443728,170.86899999999196,16.624979431024915,-33.4915026890148,214.22130425077245,-498.75292719278804
13217809.0,2.9047,0.3831,10.4682,0.0026,0.0215,9.8066,0.0232,0.7023,-0.0509,29.3,-84.01,-165.82,52.20298,-2.198836,7.15,2,261.22,23 / 23,-15.324416905086425,26.15477438891411,0.5141702499902142,-424.83349539298274,409.50606413746414,12.071887265934237,False,32.39899999999943,1.1766559651436652,-7.145739581824867,-208.97442354689926,-92.54042097109429,7.241969444434127,170.6492199999884,16.50107287023009,-33.300513970738976,215.85907184608348,-502.04648510855844
13217910.0,1.3696,1.5693,9.6365,-0.0033,0.0005,9.8066,-0.0571,0.5289,0.0188,30.86,-84.1,-164.38,52.20298,-2.198836,7.15,2,261.22,23 / 23,-15.189138167774553,26.202814479792234,0.5389859499903537,-426.3744299241709,412.15012237534864,12.125071654033555,False,32.5,1.2770472901323162,-7.21084550441339,-208.8437854418346,-93.27030446888284,7.323055555555556,169.957,16.46618545790687,-33.41365998420562,217.5306444823363,-505.4204268442315
13218009.0,0.5929,1.1158,9.5077,0.006,0.0191,9.8066,0.0266,0.4601,-0.0623,28.32,-84.21,-164.37,52.20298,-2.198836,7.15,2,261.22,23 / 23,-15.139740384948826,26.33756009103698,0.5157654999903162,-427.8757094125331,414.7508709166089,12.177281850807683,False,32.59900000000016,1.3303835052669115,-7.142737452483263,-208.7088540657691,-93.98584382258063,7.265580555554626,169.4491299999918,16.47012389021574,-33.480297543520244,219.16685534676404,-508.73671473918955
13218110.0,1.8741,1.7617,9.3604,0.0067,-0.0121,9.8065,-0.0983,0.4072,-0.0159,23.27,-84.37,-166.21,52.20298,-2.198836,7.15,2,261.22,23 / 23,-15.071575444000288,26.47981839848668,0.4781328999901048,-429.40138086190365,417.4181485303448,12.227473720006977,False,32.70000000000073,1.3928362558690661,-7.109854581097619,-208.56438208730987,-94.70471902291958,7.245000000001274,168.9159999999747,16.464411699869355,-33.5896729795843,220.83699877459378,-512.1228675532644
13218210.0,0.4259,1.6265,10.0063,-0.0133,0.0073,9.8066,0.0207,0.3134,0.037,18.16,-84.49,-170.6,52.20298,-2.198836,7.15,2,261.22,23 / 23,-15.01613010717173,26.646629897152135,0.46580289999028424,-430.90576613944035,420.0744709450881,12.27467051000531,False,32.79999999999927,1.4861192854004466,-7.126699760022334,-208.4144583360929,-95.41636655300451,7.279999999995997,168.22099999997906,16.502249392572175,-33.77332965717447,222.49130780334744,-515.4908374980926
13218310.0,3.0957,0.31,10.432,-0.0028,0.0069,9.8066,0.029,0.5193,-0.0574,12.22,-84.44,-173.46,52.20298,-2.198836,7.15,2,261.22,22 / 23,-14.931484575918597,26.74098136976771,0.5070528999904343,-432.4031468736003,422.7438515084438,12.323313300004523,False,32.899999999999636,1.534029639999583,-7.003974090729497,-208.2577198688922,-96.11689459138444,7.1700000000006066,167.64599999993118,16.46551421591818,-33.74495546049721,224.1454270047081,-518.8607460998282
13218410.0,0.435,-1.0914,9.7784,-0.0114,-0.0358,9.8065,0.0937,0.3957,0.076,9.32,-84.09,-173.94,52.20298,-2.198836,7.15,2,261.22,22 / 23,-14.882757443447996,26.698333069843663,0.536907899990543,-433.8938589745741,425.4158172304341,12.375511340003762,False,33.0,1.690408880082993,-6.979317631993834,-208.0873519697978,-96.81742262900606,7.181111111111111,166.385,16.57316632353099,-33.6776507018375,225.80650700477628,-522.2332398594401
13218509.0,1.6763,-1.0641,9.9192,-0.0288,-0.0404,9.8065,0.1127,0.6474,-0.0895,8.41,-83.32,-172.73,52.20298,-2.198836,7.15,2,261.22,22 / 23,-14.914183412854436,26.605398649093846,0.5410807499905498,-435.3688075469634,428.05435195052576,12.428871778177912,False,33.09900000000016,1.723739325714558,-7.0057155804805715,-207.91194118088848,-97.51094538630052,7.214661111111654,166.17709999999664,16.637922738568996,-33.61111422957442,227.45686636607493,-525.5652973368262
13218610.0,1.3859,-1.3374,9.658,0.0136,-0.0488,9.8065,0.164,0.4895,-0.0836,4.82,-82.5,-173.87,52.20298,-2.198836,7.15,2,261.22,22 / 23,-14.89590720073904,26.49058026623166,0.5392576999905395,-436.8742171229583,430.73569888576475,12.483428869902264,False,33.20000000000073,1.8380148732997543,-6.93357247951022,-207.72617202369582,-98.20735921192575,7.17305555555603,165.15299999996245,16.733922074038794,-33.42415274574188,229.1480450992625,-528.9430580976905
13218710.0,1.4516,-0.9377,9.2499,0.0223,-0.0571,9.8064,0.0237,0.526,-0.127,3.12,-81.99,-175.44,52.20298,-2.198836,7.15,2,261.22,22 / 23,-14.884033563672705,26.38544651981617,0.5039876999910529,-438.36321416115726,433.37950022502866,12.535591139900584,False,33.29999999999927,1.9661681735216505,-6.911901013083863,-207.52173054477188,-98.90788725029253,7.186111111111434,164.12100000000638,16.850201737194357,-33.297347532900034,230.84148361638537,-532.2873874753212
13218809.0,1.5428,-1.9289,9.7139,0.018,0.0007,9.8066,-0.0021,0.4537,-0.1178,359.42,-81.68,-176.68,52.20298,-2.198836,7.15,2,261.22,22 / 23,-14.858404580266615,26.25270294740701,0.47183744999100097,-439.8354648492846,435.98508862366043,12.583894484824773,False,33.39899999999943,1.9475212332642908,-6.9263195214244035,-207.33282661822113,-99.59040171008559,7.194911111111577,164.29524000000922,16.805925813530905,-33.17902246883141,232.5026382310635,-535.5754903337461
13218910.0,1.9995,-2.7616,10.2721,0.0043,-0.0066,9.8065,0.0261,0.3,-0.0068,357.57,-81.46,-178.23,52.20298,-2.198836,7.15,2,261.22,22 / 23,-14.796587914657914,26.02751225844796,0.49065879999110684,-441.33304197028673,438.62523949157094,12.632500545449142,False,33.5,2.0659399416954036,-6.983895072423142,-207.11966230288317,-100.29782383316166,7.283055555555555,163.52100000000002,16.862527856353317,-33.0114073308711,234.21337966740356,-538.9230633247325
13219010.0,1.1304,-3.5449,9.901,-0.0059,-0.0234,9.8065,0.0503,0.311,-0.0186,352.2,-81.26,-178.64,52.20298,-2.198836,7.15,2,261.22,22 / 23,-14.733485386683915,25.72454201468623,0.5186487999912087,-442.8095456353592,441.21284220523705,12.68296592544844,False,33.600000000000364,2.249276737930762,-6.892260453308085,-206.88796196008767,-100.98723237911629,7.250000000002203,161.92600000003213,16.982762124614677,-32.61680246799431,235.92158367527153,-542.2000745843534
13219110.0,-0.471,0.0778,10.2086,0.0059,-0.0163,9.8066,0.0301,0.1996,-0.0265,352.13,-80.95,-178.7,52.20298,-2.198836,7.15,2,261.22,22 / 23,-14.799917001920566,25.550088962385814,0.5434637999912991,-444.2862157547948,443.77657375409996,12.73607155544776,False,33.70000000000073,2.069813309302842,-7.074542520684041,-206.69033519713898,-101.69887990921417,7.371111111110343,163.69199999996127,16.869730311223407,-32.624631483069855,237.59588055765582,-545.4754536633142
13219210.0,-0.5287,-0.5721,10.0232,0.0161,-0.0225,9.8066,0.0344,0.1128,-0.0281,351.34,-80.76,-179.53,52.20298,-2.198836,7.15,2,261.22,22 / 23,-14.968167155559808,25.51039127609516,0.5743887999908491,-445.77461996264714,446.3295977659869,12.791964185446053,False,33.79999999999927,2.1946444667275746,-7.014701395258551,-206.46544957032748,-102.39940794687402,7.349999999998656,162.6269999999926,17.162811622287382,-32.52509267135371,239.30917039231966,-548.729005712861
13219310.0,0.1951,-2.2157,10.7129,0.0116,0.0004,9.8066,0.0946,0.0893,-0.0154,349.12,-80.52,178.63,52.20298,-2.198836,7.15,2,261.22,23 / 23,-15.081791659300807,25.35989813456888,0.6305287999910534,-447.2771179033956,448.8731122365293,12.852210065445368,False,33.899999999999636,2.208449398397278,-6.971623398703894,-206.2405639434855,-103.09993598454662,7.313055555555223,162.4230000000232,17.290241057698086,-32.33152153327278,241.0365539599101,-551.9730482210759
13219410.0,-0.6905,-1.5865,10.3834,0.0125,-0.0245,9.8066,0.0595,-0.0009,-0.0052,347.55,-80.35,177.37,52.20298,-2.198836,7.15,2,261.22,23 / 23,-15.189772754460575,25.152722315233063,0.7046787999913231,-448.7906961240892,451.3987432590286,12.91897044544473,False,34.0,2.154873845764292,-6.981973633797147,-206.02930774859217,-103.80046402216824,7.3069444444444445,162.84799999999998,17.344646600224866,-32.13469594903021,242.76138837549703,-555.1992072811969
13219510.0,0.8282,-1.0204,9.9002,0.014,-0.0209,9.8065,0.0336,0.0319,-0.06,345.67,-80.05,175.83,52.20298,-2.198836,7.15,2,261.22,23 / 23,-15.274973753323648,25.009654914151792,0.7381937999914451,-450.31393344948395,453.90686212050696,12.99111407544413,False,34.100000000000364,2.2905174376961326,-6.887154732914167,-205.79760740579619,-104.47875307428212,7.258055555552883,161.60400000000178,17.56549119101978,-31.896809647065957,244.51632604368777,-558.3856151947891
13219610.0,-1.3227,-1.1906,10.3144,0.0227,-0.0027,9.8066,0.0345,-0.085,0.0352,343.37,-79.77,173.78,52.20298,-2.198836,7.15,2,261.22,23 / 23,-15.389113960609262,24.87111214863735,0.7682587999915544,-451.8471378351862,456.4009004736555,13.066436705443554,False,34.20000000000073,2.232481733225359,-6.751586964950822,-205.5727217790079,-105.15704212710251,7.111111111104846,161.70300000000987,17.62159569383462,-31.622699113588173,246.27441605617827,-561.557942600758
13219710.0,1.5476,-0.2549,10.4557,0.0165,-0.0175,9.8065,0.0436,0.2531,-0.1566,339.2,-79.55,172.1,52.20298,-2.198836,7.15,2,261.22,23 / 23,-15.477573860184044,24.780564475929243,0.8260987999907128,-453.39047222620337,458.8834843048477,13.146154585441508,False,34.29999999999927,2.147229024099451,-6.59830179139983,-205.35465086809552,-105.8130921950604,6.938888888887434,161.97399999997793,17.624802884283497,-31.378866267329073,248.03582135810785,-564.6965764999081
13219810.0,2.4874,0.0081,10.5298,0.0439,-0.0131,9.8065,0.0412,-0.0257,-0.0429,339.97,-79.4,171.0,52.20298,-2.198836,7.15,2,261.22,23 / 23,-15.40212222488998,24.805424472581134,0.8947087999909624,-454.9344570304627,461.3627837522822,13.232194965440904,False,34.399999999999636,2.204116306185105,-6.537318961922163,-205.1365799572597,-106.46914226161437,6.898888888879066,161.36799999994187,17.606238531075086,-31.342743434503298,249.79787707320298,-567.8319260138966
13219909.0,2.835,-0.997,10.8936,0.0047,-0.0082,9.8066,0.1414,0.2608,-0.185,338.39,-79.13,169.92,52.20298,-2.198836,7.15,2,261.22,23 / 23,-15.254627696014518,24.81960432992997,0.9843087499911073,-456.4519661515499,463.8192226780105,13.325206334165166,False,34.498999999999796,2.263969793010768,-6.327870208238881,-204.9071966179087,-107.09661523315444,6.720688888889151,160.31365000000156,17.518597489025286,-31.14747453816885,251.54476953364122,-570.9158379111649
13220010.0,-1.0453,-0.4174,9.5742,0.023,-0.0229,9.8065,0.0188,-0.0469,0.0291,339.16,-78.91,170.39,52.20298,-2.198836,7.15,2,261.22,23 / 23,-15.263623568162668,24.751339523208255,1.0274609999913498,-457.9931378403995,466.32255534260804,13.42680070653985,False,34.600000000000364,2.067987450316044,-6.156984075448272,-204.70043813555185,-107.71452544083174,6.494999999999126,161.43399999997695,17.33161101847871,-30.908323598656526,253.29269970484768,-574.0370807834398
13220109.0,-2.5728,-1.5884,10.7344,-0.0203,0.0074,9.8065,-0.0366,0.3179,-0.1998,339.96,-78.7,170.79,52.20298,-2.198836,7.15,2,261.22,23 / 23,-15.514253583570296,24.562719080392334,1.0618783499914055,-459.5166427594128,468.7636012434902,13.530223004364164,False,34.699000000000524,2.186124540183407,-6.06547161589053,-204.47780136500486,-108.31998181601412,6.447424999998356,160.17966999995667,17.7003781237537,-30.628190696282864,255.0388413944079,-577.0835830595043
13220210.0,-2.4001,-1.2927,8.7728,0.0284,0.0299,9.8065,-0.2353,0.0135,0.011,337.91,-78.6,169.85,52.20298,-2.198836,7.15,2,261.22,23 / 23,-15.815474782648238,24.30140315172043,1.056520299991472,-461.09879404188723,471.2312394161813,13.637202136186973,False,34.79999999999927,2.145717283207671,-5.878703656154013,-204.26429631385946,-108.90431115512571,6.2580555555487845,159.9480000000328,17.961192065855908,-30.18010680787444,256.83449772802777,-580.135550571307
13220310.0,-2.0819,1.0233,13.0412,-0.0436,0.102,9.806,0.2652,0.474,-0.3392,338.62,-79.02,170.13,52.20298,-2.198836,7.15,2,261.22,23 / 23,-16.13526043336201,24.16968452762243,1.1665552999918725,-462.6963308026936,473.6547938001573,13.748355916186545,False,34.899999999999636,1.991855214674262,-5.735941260168119,-204.06666955085683,-109.48252477399248,6.071944444436639,160.84999999993386,18.127115648036273,-29.905625787790548,258.62966125183675,-583.1373185741497
13220410.0,3.6745,-0.2586,11.5674,0.0513,-0.09,9.8061,0.0515,0.3941,-0.1758,334.01,-78.97,168.34,52.20298,-2.198836,7.15,2,261.22,23 / 23,-16.195947848498793,24.207935353184897,1.416320299992781,-464.3128912167925,476.07367479420645,13.877499696186248,False,35.0,2.062958915078634,-5.558410201801205,-203.85541335596352,-110.0384994072613,5.928888888888889,159.638,18.25890676357743,-29.766345554986103,260.45747786082893,-586.1121742014677
13220509.0,-2.6255,0.8913,7.4132,0.0689,-0.058,9.8062,0.3582,0.2355,-0.243,334.42,-78.34,168.37,52.20298,-2.198836,7.15,2,261.22,23 / 23,-16.276424347292206,24.215671970064967,1.3850016499927305,-465.92027364048676,478.4706433567112,14.016165132710755,False,35.09900000000016,1.9985249985727995,-5.418633660977818,-203.653016291825,-110.57790599603469,5.775438888886408,159.7548200000019,18.274949345865007,-29.634305631042785,262.26725734866176,-589.0485493527459
13220610.0,-0.4914,-1.7915,11.3914,0.0545,-0.0391,9.8064,0.2453,0.0542,-0.0958,334.39,-77.82,169.71,52.20298,-2.198836,7.15,2,261.22,23 / 23,-16.51446766383925,24.06206171005427,1.3441622999925011,-467.5762136870582,480.9086689075709,14.153987912185784,False,35.20000000000073,1.9737972122304506,-5.337871321408463,-203.45334511408802,-111.105970702762,5.691111111103321,159.70700000001173,18.4882648760697,-29.399933031462734,264.1228685729702,-592.0146396103329
13220709.0,3.6911,-0.5297,10.4435,-0.005,-0.0795,9.8063,-0.0841,0.2394,-0.0853,338.22,-77.32,171.2,52.20298,-2.198836,7.15,2,261.22,23 / 23,-16.433453025751717,23.97506493633178,1.454131499992679,-469.2071357611956,483.28650667657087,14.292503455285274,False,35.29900000000089,1.871562959789352,-5.149526861134842,-203.2644411875641,-111.62336069583229,5.479086111099892,160.0267700000169,18.30501598554107,-29.12459179746662,265.9426945736315,-594.9098673724031
13220810.0,3.5658,0.2782,8.0737,0.001,0.0527,9.8064,-0.3139,-0.0319,0.0412,336.45,-77.02,170.02,52.20298,-2.198836,7.15,2,261.22,23 / 23,-16.208833407069797,24.06554117837125,1.398778449993365,-470.8555712260327,485.71255728533333,14.436575407757784,False,35.399999999999636,1.9282395083492372,-4.968983034626442,-203.07172102007593,-112.12896402784206,5.329999999996664,158.79100000002876,18.137072915419033,-29.034524212997695,267.78385020595675,-597.8415213131753
13220910.0,7.0249,-0.844,13.3513,-0.0234,0.1034,9.806,0.007,0.6119,-0.5647,336.86,-77.5,169.42,52.20298,-2.198836,7.15,2,261.22,23 / 23,-15.827625793236514,24.209078382829965,1.4893634499936947,-472.4573941860538,488.12628826340216,14.580982502757664,False,35.5,1.8608711723224574,-4.929335513380686,-202.88090897309556,-112.61822170514691,5.268888888888889,159.31799999999998,17.688496965558972,-29.13841389621065,269.57648521295823,-600.7445099685491
13221010.0,0.8444,-0.8053,8.2956,0.0769,-0.0133,9.8062,-0.2062,0.036,0.0808,339.21,-77.46,170.36,52.20298,-2.198836,7.15,2,261.22,23 / 23,-15.551436165009656,24.248789561175514,1.5910434499940647,-474.02634728397186,490.5491816606112,14.735002847757611,False,35.600000000000364,1.8245314398096373,-4.6659602468425545,-202.69691164205503,-113.08524039692844,5.009999999996908,158.64300000001978,17.375967604819294,-28.91474980801807,271.3294356419168,-603.6344220575397
13221110.0,-3.0001,-0.335,8.2365,-0.0681,0.0439,9.8063,0.4099,0.7275,-0.4364,334.82,-77.49,170.54,52.20298,-2.198836,7.15,2,261.22,23 / 23,-15.742705356638838,24.108234596019443,1.4369834499935044,-475.59105436005996,492.96703286847975,14.88640419275754,False,35.70000000000073,1.6767122656961553,-4.540290296668506,-202.52654374294843,-113.54113959628407,4.839999999995674,159.73100000000034,17.419417622334993,-28.64852489268795,273.0645106171115,-606.5081724647638
13221210.0,-3.4122,-1.7834,8.7109,0.0843,-0.0768,9.8059,0.0674,0.0321,-0.025,334.73,-76.61,170.68,52.20298,-2.198836,7.15,2,261.22,23 / 23,-16.10242991344135,23.83231743563435,1.3036884499954442,-477.1833111235408,495.36406047002754,15.023437787754993,False,35.79999999999927,1.6348301186681273,-4.429020276139854,-202.36299055979876,-113.9859193032055,4.721111111101137,159.74000000003525,17.73726003210948,-28.261337711774203,274.82032056374203,-609.349979773233
13221310.0,2.0251,0.5264,9.9211,-0.0237,-0.0485,9.8064,0.1844,0.6561,-0.257,334.68,-76.5,172.38,52.20298,-2.198836,7.15,2,261.22,23 / 23,-16.253205541434554,23.702335523278265,1.2546234499952658,-478.8010928962905,497.7407931179818,15.151353382754994,False,35.899999999999636,1.4691198563602401,-4.197261218881452,-202.21988152458655,-114.40846002457592,4.44694444443353,160.70899999996962,17.722325397794794,-27.899596742159716,276.58121137170394,-612.1492531425578
13221410.0,5.1674,0.1754,11.2811,0.0478,-0.0269,9.8064,0.0678,0.2924,-0.1394,335.93,-76.53,173.04,52.20272,-2.199461,7.38,3,170.94,23 / 23,-16.055878995383907,23.84041298291125,1.3340684499955549,-480.4165471231373,500.1179305432999,15.280787977755006,False,36.0,1.4419481941286734,-3.994661752845488,-202.06995777335098,-114.8087617603597,4.246944444444444,160.15200000000002,17.49782718951258,-27.835074735756738,278.3465893497863,-614.9266923036596
13221510.0,1.0574,0.6932,10.222,0.0203,-0.0048,9.8066,0.1437,0.4249,-0.2635,334.39,-76.29,172.59,52.20272,-2.199461,7.38,3,170.94,23 / 23,-15.90601827640174,23.96521217029471,1.4285584499958985,-482.01464198673244,502.5082118009689,15.41891932275508,False,36.100000000000364,1.3271840577599114,-3.7904789847181526,-201.93366345403862,-115.18682451132081,4.016111111107614,160.70300000000765,17.233202334161653,-27.75569115501286,280.08097853269385,-617.6950363122897
13221610.0,3.141,1.3254,9.9518,0.0244,-0.0389,9.8065,0.0583,0.431,-0.0962,335.07,-76.2,174.11,52.20272,-2.199461,7.38,3,170.94,23 / 23,-15.873686461535257,24.10205430414459,1.4565834499960006,-483.6036272236351,504.91157512469965,15.5631764177552,False,36.20000000000073,1.2371718685926407,-3.61822221567492,-201.81099856668789,-115.54264827530777,3.8238888888722347,161.12300000000295,17.110858330127897,-27.72027651981951,281.7926286569472,-620.4542234000074
13221710.0,-1.6669,-1.8295,9.1747,-0.0192,-0.0278,9.8066,0.1687,0.2971,-0.1067,337.42,-75.74,176.17,52.20272,-2.199461,7.38,3,170.94,23 / 23,-15.916970346386412,24.07138308454157,1.432243449996355,-485.19316006400805,507.3202469940989,15.707617762752715,False,36.29999999999927,1.0845596732752678,-3.1866023171046143,-201.70877782725273,-115.8651135634264,3.366111111100086,161.20400000000387,17.00153001966168,-27.257985401646184,283.4843822367553,-623.1853605575253
13221809.0,-0.03,-0.1126,8.2178,-0.001,-0.025,9.8066,-0.0063,0.3914,-0.0529,340.03,-75.68,178.39,52.20272,-2.199461,7.38,3,170.94,23 / 23,-16.074273502115066,23.915248023038004,1.3223138499961773,-486.7767266345114,509.69558523392794,15.843968349102566,False,36.39899999999943,0.9825791112761477,-2.9043797928930513,-201.60757929515663,-116.15132930476548,3.0660861110952347,161.30894000000555,17.056852613391214,-26.819627815931057,285.1691473393548,-625.8469145386935
13221910.0,-3.5981,-1.0752,10.6793,-0.0121,0.0181,9.8066,0.2184,0.1053,-0.0812,341.8,-75.77,179.72,52.20272,-2.199461,7.38,3,170.94,23 / 23,-16.349456749215705,23.769814358939403,1.286145749995974,-488.4141250122128,512.1036808842314,15.97569555890291,False,36.5,0.8220114330844265,-2.6283457185507704,-201.5247804961919,-116.42108819671503,2.7538888888888886,162.63299999999998,17.17146818230013,-26.398160077490175,286.8893445160209,-628.5247690809464
13222009.0,0.7301,-1.4189,12.5901,0.0111,-0.0711,9.8063,0.1908,0.2325,-0.0847,343.37,-75.89,-178.14,52.20272,-2.199461,7.38,3,170.94,23 / 23,-16.56581502744999,23.579492939889256,1.4671226999962668,-490.0434309651604,514.4474715955272,16.111982347177747,False,36.59900000000016,0.6282495274921726,-2.2800513637778326,-201.47080794576033,-116.64125415094486,2.3650388888826015,164.59815000003178,17.194064554942162,-25.85954430366709,288.57262301940006,-631.088725746472
13222110.0,-3.594,-1.076,10.7873,0.0205,-0.0262,9.8066,0.2318,-0.1614,-0.0242,345.19,-75.61,-176.63,52.20272,-2.199461,7.38,3,170.94,23 / 23,-16.79323062515682,23.398323558798662,1.6572097499973348,-491.7280627706265,516.8198513287242,16.26976113590331,False,36.70000000000073,0.5341069624049973,-2.0504682089927018,-201.41574504074777,-116.84362891808505,2.1188888888705977,165.4000000000394,17.327337587561818,-25.448791767791363,290.3123177298787,-633.6634802468093
13222210.0,-2.625,-1.9484,11.3913,0.0261,-0.0392,9.8065,0.106,-0.1591,0.0845,346.74,-75.44,-175.39,52.20272,-2.199461,7.38,3,170.94,23 / 23,-17.17973680276268,23.155102509622065,1.7854747499954684,-493.4267111419977,519.1475226321114,16.441895360900443,False,36.79999999999927,0.3777398906753333,-1.5713458239463083,-201.37485674497395,-117.01042130800325,1.6161111111061999,166.48300000000015,17.557476693438012,-24.726448333568374,292.05185439702376,-636.1579439401147
13222310.0,-1.3279,2.1527,8.3516,0.0565,-0.0008,9.8064,0.106,-0.4001,0.2927,348.07,-74.91,-175.82,52.20272,-2.199461,7.38,3,170.94,24 / 24,-17.493951749824703,23.10446315124074,1.791954749995492,-495.1603955696334,521.4605009151629,16.620766835900643,False,36.899999999999636,0.34608528160612334,-1.4401094060053756,-201.34078316517972,-117.15497471236537,1.4811111110951647,166.4869999999708,17.840037031430825,-24.544572557246116,293.81961240445366,-638.6154756275283
13222410.0,-1.314,2.5267,8.276,0.0223,0.014,9.8066,-0.1922,-0.138,-0.0679,347.47,-74.75,-177.41,52.20272,-2.199461,7.38,3,170.94,24 / 24,-17.794419093989752,23.28859780352585,1.642669749994949,-496.9248141118305,523.7801539629097,16.79249806090079,False,37.0,0.28858456834696805,-1.1533324486181125,-201.3067095853608,-117.27728913186841,1.1888888888888889,165.952,18.083003662336722,-24.441930252143962,295.6181045264697,-641.0574430947781
13222510.0,3.1157,0.4602,11.6347,-0.0442,-0.0665,9.8062,-0.103,0.3598,-0.672,346.39,-75.01,-178.71,52.20272,-2.199461,7.38,3,170.94,24 / 24,-17.86142051548485,23.43838713632547,1.657539749995003,-498.70760609231075,526.1165032099108,16.95750853590089,False,37.100000000000364,0.2022154735199302,-0.9742350344061852,-201.28626543741896,-117.37736456582144,0.9949999999976554,168.27399999995936,18.06363598900478,-24.412622170731655,297.42134065489176,-643.4938677757323
13222609.0,-3.1247,-1.3512,8.7607,0.0367,-0.0668,9.8063,-0.1814,-0.1812,0.1492,346.19,-74.75,179.59,52.20272,-2.199461,7.38,3,170.94,24 / 24,-17.971154885781335,23.375482415782166,1.6962536999950657,-500.4813185746763,528.4337897527439,17.123521311675667,False,37.199000000000524,0.2088917252360642,-0.8418634252444117,-201.25253259342273,-117.46543094653302,0.8673999999955924,166.06134999992358,18.1800466110174,-24.217345841026578,299.2287859812536,-645.899220699277
13222710.0,-1.5055,-0.1712,6.4404,-0.0169,0.0517,9.8065,0.4719,-0.0777,0.0465,349.11,-74.57,179.82,52.20272,-2.199461,7.38,3,170.94,24 / 24,-18.303984460493496,23.23175892804172,1.4734375999978266,-502.3132131116405,530.7874554405779,17.283590722323325,False,37.29999999999927,0.19450790741683402,-0.7791436961516329,-201.2249329937851,-117.55527644816675,0.8030555555504927,165.98300000003888,18.49849236791033,-24.010902624193353,301.0882801178554,-648.3427318887447
13222810.0,0.0805,-0.3275,9.4609,0.033,0.0189,9.8065,0.2551,-0.1633,0.0019,349.63,-74.3,-179.73,52.20272,-2.199461,7.38,3,170.94,24 / 24,-18.491507001272144,23.180630686873737,1.2878375999971516,-504.1529876847355,533.1080749213321,17.421654482323575,False,37.399999999999636,0.14875536036756387,-0.6470087321965514,-201.2113035618233,-117.62199340413436,0.6638888888787935,167.05199999983827,18.640262361639707,-23.827639419070287,302.9416841229122,-650.7300683254665
13222910.0,-0.6591,-0.6234,8.6932,-0.0075,0.0356,9.8065,-0.0679,-0.2695,-0.0525,348.64,-74.46,179.4,52.20272,-2.199461,7.38,3,170.94,24 / 24,-18.63283890630265,23.114578536162842,1.2148775999968862,-506.00920498012096,535.4228353824924,17.54679024232373,False,37.5,0.13129248393681317,-0.4605397393960006,-201.18404469798443,-117.66647137454123,0.47888888888888886,164.088,18.764131390239463,-23.575118275558843,304.8251602821365,-653.0893067570337
13223010.0,-1.5843,-1.3499,9.4617,0.0169,0.0265,9.8065,0.0527,-0.2337,0.1087,345.05,-74.52,178.31,52.20272,-2.199461,7.38,3,170.94,24 / 24,-18.83950251628004,22.97340514110443,1.141957599996621,-507.8828220512569,537.7272345663641,17.664632002323835,False,37.600000000000364,0.08644269598644608,-0.6018797379448827,-201.18404469798406,-117.73318833050983,0.6080555555522965,171.82699999996254,18.925945212266484,-23.575284879049313,306.6987773532728,-655.460422896874
13223110.0,1.7353,0.3598,9.8396,0.0004,0.012,9.8066,0.0167,-0.1179,-0.1219,344.08,-74.32,177.98,52.20272,-2.199461,7.38,3,170.94,24 / 24,-18.940717487805436,22.90555701124169,1.1263575999965643,-509.77183305146804,540.0211826739898,17.778047762323908,False,37.70000000000073,0.07619278313362848,-0.4220667468644072,-201.16360055009716,-117.78878579475948,0.4288888888865646,169.76700000001335,19.016910270939064,-23.327623758106096,308.6082325013709,-657.8099684687493
13223210.0,-1.9752,-3.273,12.3041,0.0367,0.0619,9.8063,0.1519,-0.321,0.2022,341.85,-74.53,176.35,52.20272,-2.199461,7.38,3,170.94,24 / 24,-19.024963034361324,22.733728990623742,1.2528775999947233,-511.67011707754875,542.3031469740498,17.897009522321742,False,37.79999999999927,0.06254074045545795,-0.359602079780412,-201.156785834117,-117.82214427203596,0.36499999999879745,170.1340000000853,19.08750377481678,-23.093331070404155,310.51333124343176,-660.1252912460858
13223311.0,-1.1508,-1.9982,9.6858,0.0159,-0.0094,9.8066,0.0056,0.3728,-0.1026,341.87,-74.4,176.27,52.20272,-2.199461,7.38,3,170.94,22 / 22,-19.2126496511159,22.402353730468242,1.3728958999953977,-513.6011165181762,544.5825191514778,18.029611084071988,False,37.90099999999984,0.04328408654946752,-0.32781868936445857,-201.15664953979717,-117.85572514057563,0.33066388888171455,172.47796999999423,19.255933737665366,-22.7301724198327,312.44446697837907,-662.4382442920534
13223410.0,-6.7132,-0.7851,9.8661,-0.0324,0.0076,9.8065,-0.0105,-0.3219,-0.1909,343.81,-74.25,176.17,52.20272,-2.199461,7.38,3,170.94,22 / 22,-19.66292565950924,22.134003334862733,1.3698565999953929,-515.5254574960553,546.7870688262152,18.165377332821752,False,38.0,0.027050260633045668,-0.20208652209395356,-201.1431564022104,-117.87774173557686,0.2038888888888889,172.37599999999998,19.689975920142288,-22.336089856956686,314.38230109384494,-664.664810561792
13223509.0,-1.4735,-0.5304,10.5852,-0.0609,-0.0055,9.8064,0.0598,0.468,-0.5402,340.8,-74.43,175.85,52.20272,-2.199461,7.38,3,170.94,22 / 22,-20.149812655158748,21.92749681763691,1.41133759999546,-517.4961880426346,548.9681130837674,18.30304644572152,False,38.09900000000016,0.044924862884679936,-0.21125898461656792,-201.1364098334165,-117.91076662878136,0.21598888888908455,167.9972299999292,20.19473751804343,-22.138755802253478,316.35977820921806,-666.8788797125488
13223610.0,3.6488,1.6712,10.1066,0.0614,-0.0057,9.8064,-0.163,0.2806,-0.0337,340.93,-74.4,174.07,52.20272,-2.199461,7.38,3,170.94,22 / 22,-20.18473216983435,21.986350773422693,1.4658018499957661,-519.5330825563082,551.1857623871284,18.448341987946893,False,38.20000000000073,0.04386223682460607,-0.20138990616066108,-201.1295269702762,-117.93333919841245,0.20611111110918096,167.71299999988614,20.228594406658956,-22.187740679583353,318.403555586032,-669.1191015855409
13223709.0,-0.6391,-1.4522,12.6631,-0.0204,0.0188,9.8065,0.228,0.2736,-0.3063,339.46,-74.65,173.08,52.20272,-2.199461,7.38,3,170.94,22 / 22,-20.16273949850529,22.01303587372961,1.622043649996019,-521.5302824038941,553.363732026166,18.601190340196734,False,38.29900000000089,0.04072035545879405,-0.14808650978445995,-201.11603383263477,-117.95535579411555,0.1535861111083317,164.61429999983602,20.203459853964084,-22.16112238351407,320.41424857125935,-671.3190878202815
13223810.0,-0.4068,3.0287,8.7349,0.0156,-0.0631,9.8063,-0.1609,0.1224,-0.0469,339.45,-74.38,171.83,52.20272,-2.199461,7.38,3,170.94,22 / 22,-20.359382589729247,22.03475265341711,1.7121709999949022,-523.5766495693247,555.5881453467593,18.76956818001919,False,38.399999999999636,0.02721469945778598,-0.1455328405012666,-201.1158975383155,-117.96669767710398,0.14805555555582836,169.40799999995474,20.386597289187034,-22.18028549391838,322.4607520310092,-673.5548430238633
13223910.0,3.8249,3.0163,6.2417,0.0587,0.0729,9.8061,0.1945,-0.3629,0.4802,341.64,-74.46,171.7,52.20272,-2.199461,7.38,3,170.94,22 / 22,-20.41622883377932,22.341095221553648,1.4803359999940588,-525.6154301405076,557.806937740516,18.929193530019216,False,38.5,0.030307543055639295,-0.15002485100925886,-201.10908282241675,-117.98893666266108,0.15305555555555556,168.579,20.44653637683496,-22.491120072562907,324.5063473180908,-675.7958744031771
13224010.0,-3.0316,1.1452,10.3383,-0.0491,0.0863,9.806,0.3127,0.1679,-0.3014,344.69,-74.85,171.59,52.20272,-2.199461,7.38,3,170.94,22 / 22,-20.563495771908595,22.53344478716339,1.3286709999935071,-527.6644163707994,560.05066474096,19.069643880019104,False,38.600000000000364,0.02350811177595822,-0.1795789610407734,-201.10908282241675,-118.02229513993775,0.18111111111070688,172.54200000002353,20.587003883684552,-22.71302374820416,326.5553335483826,-678.0729598808978
13224112.0,-0.1151,2.4168,7.1799,0.0138,-0.0692,9.8064,-0.2422,-0.4504,0.0321,340.44,-74.14,170.62,52.20272,-2.199461,7.38,3,170.94,22 / 22,-20.896862684947294,22.635104394120397,1.2218208999946047,-529.7788946520773,562.3542607491818,19.19971896691716,False,38.701999999999316,0.017136773134848696,-0.1580619873130858,-201.10894652809645,-118.03385941278205,0.1589888888890017,173.81297999997403,20.91399945808214,-22.793166381433483,328.6699481239808,-680.3881201619638
13224210.0,-2.3827,0.3446,10.6302,0.0452,0.0351,9.8064,0.0409,-0.1128,0.4421,337.42,-74.34,169.6,52.20272,-2.199461,7.38,3,170.94,22 / 22,-21.17144539486788,22.681247753850265,1.1334640999946441,-531.8402417479873,564.5747620044314,19.31512793191658,False,38.79999999999927,0.020867035040116784,-0.16255502068351696,-201.10226810640924,-118.05565361862908,0.16388888888751454,172.685,21.192312429907997,-22.84380277453378,330.73797364157804,-682.6304156230605
13224310.0,3.5921,3.6889,8.0759,0.0884,0.0301,9.8062,0.0285,-0.3329,0.6424,337.59,-74.43,171.72,52.20272,-2.199461,7.38,3,170.94,22 / 22,-21.30916077643737,22.852450777591677,1.0881040999944793,-533.9642720565603,566.8514469310118,19.42620634191644,False,38.899999999999636,0.016057006624174336,-0.12508471083170325,-201.10226810640887,-118.06677311034747,0.126111111110717,172.685,21.325217783061543,-22.97753548842338,332.8620039501514,-684.9182200413593
13224409.0,-1.8267,0.6595,9.5323,-0.0437,0.0335,9.8065,0.067,-0.3015,-0.1013,338.16,-74.54,171.73,52.20272,-2.199461,7.38,3,170.94,22 / 22,-21.42636190996394,23.048890758456825,0.988851649994319,-536.0796804295405,569.1235633370499,19.52901565154105,False,38.998999999999796,0.015146638010773122,-0.11799290365849643,-201.09552153758867,-118.07778140854832,0.1189611111111216,172.685,21.441508547974713,-23.16688366211532,334.9841588919519,-687.2013447455981
13224510.0,1.6747,2.6966,9.1788,-0.0169,-0.0094,9.8065,-0.0282,-0.1776,-0.0225,335.01,-74.58,170.88,52.20272,-2.199461,7.38,3,170.94,22 / 22,-21.62256938640378,23.164442985469286,0.943290549994063,-538.2536514600193,571.4573366911312,19.626588832641012,False,39.100000000000364,0.014394717392182616,-0.11213541257400077,-201.09545339042884,-118.08901209590516,0.11305555555540901,172.685,21.63696410379596,-23.276578398043288,337.1581980695905,-689.5463487870363
13224610.0,-3.6056,1.383,9.3043,0.0523,-0.0158,9.8064,0.0433,-0.2174,0.526,335.94,-74.38,171.69,52.20272,-2.199461,7.38,3,170.94,22 / 22,-21.91184342856755,23.269607058214227,0.8867805499938575,-540.4303721007758,573.7790391933238,19.71809238764074,False,39.20000000000073,0.013369049568261555,-0.10414542003258927,-201.09545339042884,-118.08901209590556,0.10500000000058608,172.685,21.925212478135812,-23.373752478246818,339.334918710347,-691.8680512892294
13224710.0,5.2767,0.5917,9.756,0.0353,0.0176,9.8065,0.1734,-0.3319,0.3541,337.07,-74.22,173.26,52.20272,-2.199461,7.38,3,170.94,22 / 22,-21.98932799628973,23.349309866906953,0.8591305499942599,-542.6254306719867,576.1099850395459,19.805387942638877,False,39.29999999999927,0.015420385216808661,-0.12012540511794895,-201.0954533904286,-118.1001315890388,0.12111111111284927,172.68499999987228,22.00474838150654,-23.469435272024903,341.5299772815581,-694.2101166285847
13224810.0,-0.5851,2.1259,8.0951,-0.0003,-0.0261,9.8066,-0.0813,-0.4524,0.1848,338.82,-74.17,174.6,52.20272,-2.199461,7.38,3,170.94,22 / 22,-21.940646650791535,23.530848026458624,0.7710205499939394,-544.8219294043488,578.4539929342227,19.886895497638584,False,39.399999999999636,0.03172190061191344,-0.16588302448974426,-201.08863867447516,-118.12237057459811,0.16888888889533116,169.17400000009218,21.97236855140345,-23.69673105094837,343.7332907298736,-696.5763635088208
13224910.0,5.5452,2.9507,9.6503,-0.0001,0.0108,9.8066,0.0788,-0.1749,0.2111,339.38,-74.16,175.03,52.20272,-2.199461,7.38,3,170.94,22 / 22,-21.916620611337805,23.820437033729593,0.6776255499935997,-547.0147927674633,580.8215571872407,19.959327802638224,False,39.5,0.04556553767470809,-0.28330354034841426,-201.08182395849514,-118.15572905187277,0.2869444444444444,170.863,21.962186149012513,-24.103740574078007,345.93296880896816,-698.9772862391135
13225010.0,-0.0116,-0.2075,10.6574,0.0277,0.0046,9.8065,-0.0069,-0.1648,0.2157,336.61,-74.16,176.19,52.20272,-2.199461,7.38,3,170.94,22 / 22,-21.822601489473413,24.009472858803313,0.7123455499937261,-549.2017538725119,583.2130526818761,20.028826357637843,False,39.600000000000364,0.0606242126776493,-0.352885938656293,-201.07500924254168,-118.1890875305645,0.3580555555554444,170.2519999999937,21.883225702151062,-24.362358797459606,348.1267446299702,-701.4021402124406
13225109.0,2.182,-0.6773,11.0999,-0.0173,-0.0526,9.8064,-0.0162,0.4175,-0.2821,339.92,-74.13,176.78,52.20272,-2.199461,7.38,3,170.94,22 / 22,-21.82219006037728,23.969395719774678,0.8184735499938978,-551.3621710542329,585.5880066765195,20.104601903087353,False,39.699000000000524,0.06167845880903756,-0.3465597107314095,-201.0682626737478,-118.22211242306875,0.3520055555553465,169.90846999998814,21.88386851918632,-24.315955430506087,350.29390838048516,-703.8101190995883
13225210.0,0.928,2.0353,8.1057,0.0126,-0.0308,9.8065,-0.1452,0.3213,-0.0399,337.34,-73.81,176.89,52.20272,-2.199461,7.38,3,170.94,22 / 22,-21.821995497913512,24.05201198984968,0.7978846999941529,-553.5662024248993,588.0130877658255,20.186227994710737,False,39.79999999999927,0.12500943524406824,-0.4386456277962134,-201.04775037870095,-118.26692397825211,0.45611111111743713,164.09300000005763,21.94700493315758,-24.490657617645894,352.5184520461984,-706.2800117440776
13225310.0,-2.8394,2.3569,8.4878,-0.0615,0.0528,9.8063,0.0839,0.2391,-0.2184,341.83,-74.16,178.06,52.20272,-2.199461,7.38,3,170.94,23 / 23,-22.108054217248938,24.197837302788052,0.6468946999936037,-555.7627049106654,590.4255802304662,20.258466964710387,False,39.899999999999636,0.1558544278113045,-0.6104173959932977,-201.03412094676773,-118.3336409342203,0.6299999999997877,165.6770000002183,22.263908645060244,-24.80825469878135,354.7285839638977,-708.7592211646864
13225410.0,-3.7291,5.186,6.6907,-0.0045,-0.0088,9.8066,-0.0055,0.0313,-0.1194,339.0,-74.21,177.99,52.20272,-2.199461,7.38,3,170.94,23 / 23,-22.665250597238643,24.408833405610658,0.4251546999927971,-558.001370151398,592.8559137658949,20.3120694347099,False,40.0,0.11219733136961231,-0.6159763650419774,-201.03412094676773,-118.38923839846672,0.6261111111111111,169.67700000000002,22.777447928608254,-25.024809770652634,356.9672492046302,-711.2451521643616
13225510.0,-0.587,3.2432,8.8817,-0.0488,0.0326,9.8064,0.3656,0.139,-0.2449,335.98,-74.32,177.23,52.20272,-2.199461,7.38,3,170.94,23 / 23,-23.141834039515587,24.68229597886387,0.22310969999206212,-560.2917243832441,595.3104702351276,20.34448265470926,False,40.100000000000364,0.2011716727661019,-0.7161708155801778,-201.00686208290028,-118.46707484686124,0.7438888888888888,164.31000000007845,23.343005712281688,-25.398466794444047,359.2848623003438,-713.7775450819888
13225610.0,1.0326,-0.0337,12.4106,-0.0112,0.0648,9.8064,0.2398,0.172,0.0619,338.1,-74.52,177.35,52.20272,-2.199461,7.38,3,170.94,23 / 23,-23.30260800395856,24.7972718081634,0.30705969999236765,-562.6139464854263,597.7844486244879,20.370991124708578,False,40.20000000000073,0.14675509085516678,-0.729269238568319,-201.0068620828998,-118.54491129525533,0.7438888888899499,168.62200000000507,23.449363094813727,-25.52654104673172,361.6070844025264,-716.3293599197433
13225710.0,0.7205,0.9999,10.4736,-0.0388,0.0352,9.8064,0.101,0.1568,-0.0899,337.33,-74.56,178.17,52.20272,-2.199461,7.38,3,170.94,23 / 23,-23.357060393420845,24.837463926652195,0.4706046999899878,-564.9469299052613,600.2661854111926,20.40987434470713,False,40.29999999999927,0.15067009025140754,-0.7582304503734316,-200.99323265099295,-118.61162825122294,0.773055555552059,168.7609999999064,23.50773048367225,-25.595694377025627,363.9536972542684,-718.8778136624155
13225810.0,0.7735,-1.8653,10.693,-0.0449,0.0029,9.8065,0.0235,-0.0172,-0.1598,340.35,-74.79,178.96,52.20272,-2.199461,7.38,3,170.94,23 / 23,-23.392936051311594,24.787448791316677,0.5482696999902703,-567.2844297275064,602.7474310471001,20.46081806470633,False,40.399999999999636,0.16161158174481005,-0.6573701221659736,-200.97278850310516,-118.67834520719175,0.6769444444491889,166.18799999986257,23.554547633056405,-25.44481891348265,366.3116412244013,-721.4257762542919
13225910.0,-1.2157,2.9975,7.2429,-0.0648,0.0258,9.8063,0.2272,0.218,-0.2435,339.22,-75.13,179.56,52.20272,-2.199461,7.38,3,170.94,23 / 23,-23.553387773228277,24.79791156910953,0.4643996999899652,-569.631745918742,605.2266990651304,20.511451534705525,False,40.5,0.21478204557664168,-0.7330722389136111,-200.94552963923923,-118.74506216315572,0.7638888888888888,163.67,23.768169818804918,-25.53098380802314,368.6862162795028,-723.9717612282861
13226010.0,-1.1654,-1.9406,11.5464,-0.0082,0.0624,9.8063,0.3525,-0.1632,0.2039,339.13,-74.87,179.43,52.20272,-2.199461,7.38,3,170.94,23 / 23,-23.80114973402245,24.77052149979498,0.4231996999898154,-571.9994727941132,607.7051207185847,20.555831504704674,False,40.600000000000364,0.0995996573944944,-0.684738652659728,-200.95234435519228,-118.81177911912475,0.6919444444457733,171.7239999999669,23.900749391416944,-25.45526015245471,371.04712843892094,-726.5168998377094
13226110.0,3.5857,0.2623,8.3404,-0.025,0.009,9.8066,-0.0916,0.1202,-0.0671,339.79,-74.54,-179.36,52.20272,-2.199461,7.38,3,170.94,23 / 23,-23.77536022520378,24.699402227161,0.4368746999898652,-574.3782982920832,610.1786169049415,20.598835224703816,False,40.70000000000073,0.13411611069979879,-0.7531519560113954,-200.9387149232854,-118.88961556751845,0.7649999999954525,169.9029999999485,23.90947633590358,-25.452554183172396,373.4395833687978,-729.06823247246
13226210.0,-0.6287,0.0902,9.0421,0.0115,0.0263,9.8066,-0.072,-0.3464,0.313,340.33,-74.74,-178.87,52.20272,-2.199461,7.38,3,170.94,23 / 23,-23.76115890632621,24.73460911886629,0.3253346999914884,-576.7551242486251,612.6503174722069,20.63694569470233,False,40.79999999999927,0.1277377709732128,-0.6271228443211039,-200.9250854913246,-118.94521303106137,0.6400000000020413,168.4870000000665,23.88889667729942,-25.361731963187395,375.8300387573005,-731.5955305032683
13226310.0,1.683,2.8204,9.64,-0.0071,0.0231,9.8066,-0.0563,0.0838,-0.0137,341.87,-74.92,-177.77,52.20272,-2.199461,7.38,3,170.94,21 / 22,-23.875147975654247,24.85793312755312,0.2787746999913191,-579.1369395927328,615.1299445845369,20.66715116470158,False,40.899999999999636,0.11710768915684139,-0.686189819324934,-200.91145605939138,-119.02304948016139,0.6961111111058056,170.31500000022558,23.99225566481109,-25.544122946878055,378.2254835333414,-734.1529940646983
13226410.0,-0.4261,2.0355,9.6327,0.0077,0.0325,9.8065,-0.0222,0.0619,0.1083,341.41,-75.39,-177.28,52.20272,-2.199461,7.38,3,170.94,21 / 22,-24.010949345308617,25.07838438961646,0.2617446999912572,-581.5312444587896,617.6267604604045,20.694177134700805,False,41.0,0.05793156095047073,-0.596080393470889,-200.91145605939138,-119.06752744986093,0.5988888888888889,174.449,24.06888090625909,-25.67446478308735,380.6197883993982,-736.6942879102654
13226510.0,1.203,2.9344,11.5807,0.0239,-0.0289,9.8065,-0.3063,-0.1413,0.0462,343.89,-75.4,-176.95,52.20272,-2.199461,7.38,3,170.94,21 / 22,-24.16623847747859,25.29839337368902,0.34174969999154836,-583.9401038499377,620.1455993485789,20.724351854700053,False,41.100000000000364,0.19876430268194573,-0.7128062513542897,-200.87738247957074,-119.14536389896196,0.7399999999935224,164.41900000006203,24.365002780160534,-26.01119962504331,383.06272137036694,-739.2909632475408
13226610.0,-0.247,0.8018,9.0732,0.0526,-0.0302,9.8064,-0.2193,-0.0503,0.2345,340.09,-75.63,-177.12,52.20272,-2.199461,7.38,3,170.94,21 / 22,-24.29379293860629,25.46084927416891,0.39377969999173773,-586.3631054207508,622.6835614809811,20.761128324699353,False,41.20000000000073,0.080941864981483,-0.3752587021155546,-200.88419719555054,-119.1787223776549,0.3838888888991156,167.8280000001762,24.374734803587774,-25.836107976284467,385.47890822520026,-741.862283858636
13226710.0,1.4738,2.2744,10.4879,0.0199,0.0003,9.8066,-0.0271,0.1774,0.0178,341.06,-75.69,-176.91,52.20272,-2.199461,7.38,3,170.94,21 / 22,-24.404950138528758,25.594182297156284,0.39116969999177575,-588.7980425745722,625.2363130595102,20.800375794697956,False,41.29999999999927,0.08483181240520679,-0.6595669515646917,-200.87056776361683,-119.2454393336217,0.6649999999942197,172.6709999999164,24.489781950933963,-26.253749248720975,387.92747481095535,-744.4817523931318
13226810.0,-0.2726,1.8942,8.2945,0.028,-0.0319,9.8065,-0.1978,0.1048,0.019,341.31,-75.67,-176.84,52.20272,-2.199461,7.38,3,170.94,21 / 22,-24.534438019717644,25.7806394533299,0.3496246999916246,-591.2450119824933,627.8050541470438,20.837415514697263,False,41.399999999999636,0.08463866562729307,-0.49898372024905996,-200.85693833171032,-119.28991730403241,0.5061111111137183,170.3729999999676,24.619076685344936,-26.279623173578962,390.388073650783,-747.0949714510763
13226909.0,-2.0757,0.7857,10.5216,0.0107,0.024,9.8066,-0.0431,-0.0763,0.1641,339.77,-75.82,-176.51,52.20272,-2.199461,7.38,3,170.94,21 / 22,-24.804593601921816,25.83470798920482,0.3101632999915608,-593.6872940477684,630.3600138454534,20.870075020696483,False,41.498999999999796,0.09814860187684485,-0.5446378719557589,-200.85019176289012,-119.34495879293598,0.5534111111110416,169.7849400000009,24.90274220379866,-26.379345861160576,392.8371022848783,-749.7049726383893
13227010.0,1.1937,1.8407,8.2186,-0.0045,0.004,9.8066,-0.1964,0.0972,-0.118,339.23,-76.18,-176.38,52.20272,-2.199461,7.38,3,170.94,21 / 22,-25.01252124529334,25.9097861363967,0.26607174999131306,-596.203058347567,632.9731107988109,20.899174890720783,False,41.600000000000364,0.07317173002195501,-0.5563196715366312,-200.84330889977687,-119.40111223111481,0.5611111111117275,172.5070000000336,25.085692975315293,-26.46610580793333,395.35974944779014,-752.3742230299257
13227109.0,-0.6128,2.3232,8.6516,-0.0382,0.0104,9.8065,0.1191,-0.135,-0.0365,339.15,-76.43,-176.54,52.20272,-2.199461,7.38,3,170.94,21 / 22,-25.175570064778746,26.078452554568074,0.1302882999910936,-598.6873688674195,635.5465286140178,20.918794713194945,False,41.699000000000524,0.05868356842072056,-0.5917555588739644,-200.83656233095616,-119.46716201752382,0.5946611111122699,174.3355300000632,25.23425363319947,-26.670208113442037,397.8508065364634,-755.0136906315416
13227210.0,0.1256,0.4312,8.0507,0.0086,-0.0101,9.8066,0.1086,0.0099,0.1401,343.47,-76.46,-175.43,52.20272,-2.199461,7.38,3,170.94,21 / 22,-25.366550274706107,26.169365336756453,-0.016717200007084793,-601.2397459445319,638.185043417497,20.924530053744068,False,41.79999999999927,0.0673717768942496,-0.5539738683132807,-200.82967946784254,-119.51230715749375,0.5580555555640341,173.06599999993827,25.433922051600355,-26.723339205069735,400.4100664766894,-757.6973505749908
13227311.0,-0.8322,2.0988,6.6319,-0.0289,0.1093,9.8059,0.2953,-0.3521,0.165,341.09,-76.29,-174.97,52.20272,-2.199461,7.38,3,170.94,21 / 22,-25.56151744015316,26.250327862150492,-0.26571755000848385,-603.8116133641468,640.8322379240567,20.9102670988682,False,41.90099999999984,0.11781250668571736,-0.7817880049440149,-200.80943976143624,-119.60193026928007,0.79066111110859,171.4339500003583,25.679329946838877,-27.032115867094507,403.0021736027105,-760.4341681933367
13227410.0,-4.0758,1.5882,9.6996,-0.0477,0.099,9.8059,0.1932,-0.4053,0.1218,341.78,-77.0,-175.35,52.20272,-2.199461,7.38,3,170.94,21 / 22,-25.968329048419083,26.317300980646266,-0.42816665000874643,-606.3623407653351,643.4343355517793,20.87591983096729,False,42.0,0.02909700291775488,-0.745543529610888,-200.82967946784328,-119.66798005498403,0.7461111111111112,177.765,25.997426051336838,-27.062844510257154,405.53266129749187,-763.1023156067633
13227511.0,-2.0911,1.7221,7.6849,0.0579,-0.0317,9.8064,-0.2703,-0.1549,0.2231,341.08,-76.79,-176.65,52.20272,-2.199461,7.38,3,170.94,21 / 22,-26.437342887718884,26.346994244089153,-0.5407210500093789,-609.008827198125,646.0938824606434,20.826991002116102,False,42.10100000000057,0.2205462444063694,-0.9765651904842005,-200.78872302490925,-119.76938982735018,1.0012111111158422,167.26184000010764,26.657889132125252,-27.323559434573355,408.22010417321576,-765.8632722879936
13227609.0,-1.7293,1.2282,7.9784,0.0194,0.0041,9.8065,-0.2096,-0.143,-0.0358,339.73,-76.92,-176.14,52.20272,-2.199461,7.38,3,170.94,21 / 22,-26.778181849999015,26.389345558676567,-0.7342710500092926,-611.616387910272,648.6779631109778,20.764516389215217,False,42.199000000000524,0.16144444573968803,-1.21809455814483,-200.78204460324835,-119.90015506104852,1.2287888888968304,172.4401600001807,26.9396262957387,-27.607440116821397,410.8343433070237,-768.5781181720263
13227710.0,-3.137,2.2293,10.2767,0.002,-0.0239,9.8065,-0.1495,-0.166,-0.1003,340.47,-77.29,-177.31,52.20272,-2.199461,7.38,3,170.94,21 / 22,-27.18813262617013,26.43747109263741,-0.8028601500084427,-614.3416867912848,651.345717351836,20.686891263615284,False,42.29999999999927,0.10359133760085633,-1.466345400922132,-200.7751617401626,-120.05716229766331,1.4700000000106919,175.9590000000231,27.291723963770988,-27.903816493559543,413.5665250511222,-771.4028796494994
13227810.0,-2.6321,2.2224,8.5516,0.0347,-0.0033,9.8066,-0.1188,-0.0337,0.0781,341.16,-77.43,-178.48,52.20272,-2.199461,7.38,3,170.94,21 / 22,-27.652474947893896,26.521616617020047,-0.8421101500085854,-617.083717169998,653.9936717373286,20.604642748614133,False,42.399999999999636,0.10479424169709367,-1.7607731765640657,-200.77516174016222,-120.23507418001348,1.763888888904502,176.594000000137,27.75726918959099,-28.282389793584112,416.30855542983574,-774.228745917342
13227910.0,-3.971,2.7777,10.7138,-0.005,0.0101,9.8066,0.0123,0.2049,-0.1593,338.52,-77.65,-178.46,52.20272,-2.199461,7.38,3,170.94,21 / 22,-28.166768489032364,26.607670511082958,-0.8595051500086485,-619.8746793418544,656.6501360937434,20.519561983612963,False,42.5,0.03205690106820412,-2.0497493395764037,-200.76834702415508,-120.45746403346247,2.05,179.104,28.19882539010057,-28.657419850659362,419.1063323176993,-777.1076001272058
13228010.0,-0.0224,3.1502,9.7067,-0.0059,-0.0068,9.8066,-0.124,-0.0283,-0.1569,337.22,-77.88,-179.45,52.20272,-2.199461,7.38,3,170.94,21 / 22,-28.581457958632317,26.77179429654069,-0.8191451500085015,-622.712090664248,659.3191093341343,20.4356294686118,False,42.600000000000364,-0.06902217934534717,-2.375942093307746,-200.78879117206955,-120.70209287177923,2.376944444448249,181.66400000004612,28.51243577928697,-29.147736389848436,421.92329949217844,-780.0212022059135
13228110.0,-1.3701,3.7767,9.2525,-0.0507,0.0464,9.8064,0.0866,0.1508,-0.2855,339.13,-78.48,179.5,52.20272,-2.199461,7.38,3,170.94,21 / 22,-28.892001552939547,27.032050891337192,-0.8518501500086205,-625.5857636398371,662.009301593538,20.35207970361064,False,42.70000000000073,-0.1894021153577595,-2.5791660508350382,-200.8092353199587,-120.95784120323043,2.5861111111248243,184.20000000014085,28.70259943758179,-29.61121694217223,424.77652831987837,-782.9671427967685
13228210.0,-0.8455,3.3228,10.2468,0.0013,0.0472,9.8065,0.104,0.0305,-0.1423,338.56,-78.63,177.43,52.20272,-2.199461,7.38,3,170.94,21 / 22,-29.241038387109853,27.288076794760048,-0.8575501500085375,-628.4924156367972,664.7253079778034,20.266609688611027,False,42.79999999999927,-0.4160645521433,-2.933698776936024,-200.87738247957336,-121.25806750508465,2.9630555555621343,188.07200000013867,28.824973834966553,-30.22177557169607,427.6150331572238,-785.983375482888
13228310.0,-4.3929,2.3952,8.7898,-0.0053,0.016,9.8066,-0.0443,0.0576,-0.0838,333.87,-78.74,175.75,52.20272,-2.199461,7.38,3,170.94,22 / 22,-29.70689752455855,27.39751912179607,-0.8863851500086424,-631.4398124323914,667.4595877736411,20.17941292360985,False,42.899999999999636,-0.6474239504752421,-3.0765044407750035,-200.9523443551996,-121.55829380765287,3.1438888889022585,191.8840000003121,29.059473574083306,-30.474023562571073,430.48746807719175,-789.017881581294
13228409.0,-1.4795,3.6637,9.1461,-0.0211,0.0355,9.8065,-0.1156,0.0567,-0.2279,335.27,-79.05,174.56,52.20272,-2.199461,7.38,3,170.94,22 / 22,-30.210294591167344,27.49884324722007,-0.9694164500087765,-634.4057134421246,670.1769577109119,20.087550744408837,False,42.998999999999796,-1.021148479854113,-3.2286489050205684,-201.08052916246191,-121.87753444147297,3.3864388888885317,197.5467999999917,29.18914611131323,-30.727492152240636,433.32518427966266,-792.0544921523849
13228510.0,-7.2813,2.051,10.7097,-0.0395,-0.0036,9.8065,-0.0541,0.1936,-0.1432,336.29,-79.46,173.9,52.20272,-2.199461,7.38,3,170.94,22 / 22,-30.850652897251834,27.540750806151664,-0.9571702000087077,-637.489291290307,672.9564572106228,19.990258118582407,False,43.100000000000364,-1.398696945042793,-3.312953663937337,-201.23174770974236,-122.20322438175889,3.5961111111129656,202.8890000001008,29.45195595220904,-30.853704470089,436.2575435805647,-795.1596815923817
13228609.0,1.4109,3.4156,10.2257,-0.0401,-0.0357,9.8064,-0.1321,0.4544,-0.3682,335.18,-79.59,173.65,52.20272,-2.199461,7.38,3,170.94,22 / 22,-31.343493900396624,27.630426883255126,-0.8917262500086018,-640.5679015567956,675.6874305062529,19.898737744306402,False,43.199000000000524,-1.7569126685478735,-3.252707174013607,-201.42065163626629,-122.52246501630245,3.6970361111145973,208.37360000018944,29.58658123184875,-30.883134057268734,439.14724992052936,-798.2098955225554
13228710.0,-4.9435,2.6295,10.7085,-0.0349,0.0342,9.8065,0.1803,-0.2544,-0.1331,333.45,-79.62,172.22,52.20272,-2.199461,7.38,3,170.94,22 / 22,-31.749565400718044,27.779261312672887,-0.8250208000094282,-643.7541010514624,678.4856197601126,19.812042018281566,False,43.29999999999927,-2.2786235601174107,-3.352892750269668,-201.67470424739145,-122.84815495659062,4.0538888888986095,214.20000000013215,29.470941840600634,-31.132154062942554,442.07939680407094,-801.3337747167033
13228811.0,0.8008,1.8787,10.6096,-0.0221,-0.0017,9.8066,0.1726,0.0712,-0.178,333.34,-79.68,171.36,52.20272,-2.199461,7.38,3,170.94,22 / 22,-32.15360803464196,27.84270830810575,-0.7389284000089443,-646.9812113099662,681.2945292259777,19.733062583680194,False,43.40099999999984,-2.6545755058361964,-3.4108480661610323,-201.95056394965593,-123.19586149257722,4.322338888895767,217.8911700003259,29.499032528805767,-31.253556374266783,445.03064736031024,-804.490390718555
13228910.0,-0.8667,2.9385,7.565,0.0153,0.0438,9.8065,0.1262,-0.3114,0.1021,333.79,-79.39,170.07,52.20272,-2.199461,7.38,3,170.94,22 / 22,-32.37544035791029,28.00972883536803,-0.8101440500090594,-650.1753992054026,684.0592248645842,19.65638349740418,False,43.5,-3.0673998170195906,-3.215463702071337,-202.27439925227543,-123.49308553069582,4.443888888888889,223.65,29.3080405408907,-31.225192537439366,447.9009999531272,-807.55231039528
13229010.0,1.7118,2.9004,9.835,-0.0406,0.032,9.8064,0.1251,-0.0386,-0.135,334.46,-79.54,168.88,52.20272,-2.199461,7.38,3,170.94,22 / 22,-32.57888787706168,28.245389264323432,-0.9208090500094619,-653.423115617163,686.871980769579,19.569835842402938,False,43.600000000000364,-3.587580007047467,-3.2546166073681984,-202.62876448242432,-123.82667031124603,4.843888888891981,227.78600000013685,28.991307870014214,-31.50000587169163,450.7943511347387,-810.698651080825
13229110.0,-1.951,3.0413,8.457,0.0128,0.0148,9.8066,0.0227,-0.3457,0.1608,334.02,-79.49,167.95,52.20272,-2.199461,7.38,3,170.94,22 / 22,-32.83296100614277,28.462565884026358,-0.9868740500097021,-656.6937080613352,689.7073785270068,19.474451687401633,False,43.70000000000073,-4.12258717462141,-2.8536567379139766,-203.0512768722169,-124.09353813511927,5.013888888897732,235.30900000028066,28.71037383152136,-31.316222621940334,453.64243118911827,-813.800916662126
13229209.0,-2.0778,2.825,9.5386,-0.0253,0.0161,9.8066,0.0595,-0.1793,-0.0653,333.9,-79.5,168.44,52.20272,-2.199461,7.38,3,170.94,22 / 22,-33.2527158768056,28.59127369166011,-1.0669502000098314,-659.9649490670464,692.5315435860078,19.3727873870255,False,43.79900000000089,-4.679306040795801,-2.3894117199973683,-203.5302832573608,-124.30269579184768,5.254513888901622,242.9458600004041,28.5734098360098,-30.98068541165748,456.4346658096856,-816.8342393778555
13229310.0,-1.2197,0.9727,9.911,0.012,-0.0073,9.8066,0.0338,-0.2285,0.0614,335.51,-79.36,167.6,52.20272,-2.199461,7.38,3,170.94,22 / 23,-33.602089107608236,28.648353583857464,-1.075217050009729,-663.3411167187174,695.4221447633856,19.264607940900852,False,43.899999999999636,-5.081978777108881,-2.0046116113281287,-204.05304011896516,-124.48272037850023,5.4630555555718665,248.4730000002135,28.520110330499357,-30.652965195185594,459.2880765997523,-819.9048651418859
13229409.0,-0.0053,0.9696,10.2519,0.0043,0.0151,9.8066,0.0612,-0.1997,0.0476,332.78,-79.29,167.18,52.20272,-2.199461,7.38,3,170.94,22 / 23,-33.81239932753481,28.665432823384222,-1.0480118500096849,-666.6781338962625,698.2591771905487,19.159508110349723,False,43.998999999999796,-5.487677401693646,-1.7462856683047467,-204.60625876090884,-124.63683654630984,5.7589555555551195,252.3458799999943,28.324721925841168,-30.41171849168897,462.0718751353536,-822.8960137368585
13229510.0,-0.0734,0.6578,9.5876,0.0117,0.0032,9.8065,-0.0371,-0.2593,0.0801,334.57,-79.32,167.09,52.20272,-2.199461,7.38,3,170.94,22 / 23,-33.967798648901294,28.691143405977435,-1.0365887500096207,-670.1010338940918,701.1556842901477,19.054235780048156,False,44.100000000000364,-5.850396462902305,-1.5531718467429665,-205.20472711695157,-124.78294667964146,6.053055555556612,255.13200000000396,28.11740218599899,-30.2443152527204,464.8963067771402,-825.9386309697892
13229610.0,-1.3371,0.8401,9.4822,0.002,0.0139,9.8066,0.0205,-0.1993,0.0644,334.11,-79.4,166.67,52.20272,-2.199461,7.38,3,170.94,22 / 23,-34.17827017395081,28.68352798309172,-1.0637637500097195,-673.5083373352468,704.0244178596116,18.949218155046808,False,44.20000000000073,-5.912404762595767,-1.545687204979299,-205.79079268989634,-124.93861957784392,6.11111111111591,255.34900000008878,28.26586541135504,-30.22921518807102,467.7175446453505,-828.9630374374556
13229710.0,-1.0599,0.941,9.472,0.0086,0.0031,9.8066,-0.0345,-0.229,0.0549,334.41,-79.5,166.87,52.20272,-2.199461,7.38,3,170.94,22 / 23,-34.439361399216615,28.667169804857036,-1.09671875000924,-676.9392189138553,706.8919527489674,18.841194030047433,False,44.29999999999927,-6.1018313725117865,-1.3203774351161315,-206.4041171266422,-125.06093399664631,6.243055555553989,257.79000000004345,28.33753002670483,-29.987547239973168,470.5351017872131,-831.9528867456137
13229810.0,-1.3194,0.6973,9.9197,0.012,0.0212,9.8065,0.0063,-0.203,0.0446,333.82,-79.64,165.92,52.20272,-2.199461,7.38,3,170.94,22 / 23,-34.69643669990915,28.644108043985202,-1.10779875000928,-680.3960088188242,709.7575166414199,18.730968155046106,False,44.399999999999636,-6.085757939748387,-1.184715281721621,-207.0038121315199,-125.18324841615826,6.199999999996392,258.983999999999,28.610678760160763,-29.828823325706825,473.39219668730425,-834.9407650575781
13229910.0,0.1274,0.9833,9.6996,0.0188,0.0129,9.8066,-0.0196,-0.1599,0.0378,334.49,-79.79,164.6,52.20272,-2.199461,7.38,3,170.94,22 / 23,-34.900848796605565,28.648696856713627,-1.1074987500092788,-683.8758730936626,712.6221568864653,18.620203280044777,False,44.5,-6.020475992808868,-1.174079094970449,-207.60350713635404,-125.30556283495397,6.1338888888888885,258.965,28.880372803796696,-29.822775951684076,476.2723659573085,-837.9277197214193
13230009.0,-0.7639,0.8509,10.1932,0.0093,0.0138,9.8066,0.0085,-0.2144,0.0221,333.17,-79.87,163.94,52.20272,-2.199461,7.38,3,170.94,22 / 23,-35.08187258459313,28.670957929133387,-1.0936635000092563,-687.3400178020376,715.4594797983693,18.51124574866868,False,44.59900000000016,-6.062424920562859,-0.9792661049707696,-208.20395175997564,-125.39362921706605,6.141038888889004,260.8242200000301,29.01944766403027,-29.650224034104156,479.1360660420619,-840.8531090154354
13230110.0,0.2955,0.7441,9.6342,0.006,0.0128,9.8066,-0.0239,-0.1254,0.0074,335.08,-79.96,163.33,52.20272,-2.199461,7.38,3,170.94,22 / 23,-35.253500065590124,28.687045994201927,-1.0828514500091955,-690.8919541208918,718.3560589965141,18.401331743692133,False,44.70000000000073,-6.056674945658468,-1.101994834369727,-208.80971186206253,-125.50571370286205,6.156111111111111,259.68799999994104,29.196825119931656,-29.789040828571654,482.0822422588293,-843.8617726993762
13230210.0,-0.3956,0.454,9.739,0.0013,0.02,9.8065,-0.0106,-0.1759,0.0378,333.99,-80.21,162.56,52.20272,-2.199461,7.38,3,170.94,22 / 23,-35.39820185834884,28.694791081005487,-1.0948564500090208,-694.4245392170374,721.2251508502327,18.292446348692806,False,44.79999999999927,-6.0231001204741235,-1.2727800089176462,-209.40259215092235,-125.65026710792968,6.156111111111939,258.0679999999848,29.37510173787472,-29.967571089923133,485.021947066115,-846.8754179581624
13230311.0,-0.0948,0.347,9.8613,-0.0059,0.0182,9.8066,-0.0113,-0.1069,0.0004,333.39,-80.4,162.1,52.202183,-2.199273,1.19,2,182.53,22 / 22,-35.55351665175003,28.674065378031962,-1.0955129500090244,-698.0076010018175,724.1222781014303,18.181832693991275,False,44.90099999999984,-6.035265907117235,-1.3236777371389725,-210.0150306746693,-125.78536894376856,6.178761111110394,257.6294899998795,29.518250744632795,-29.997743115170934,487.9925703271482,-849.9076470451989
13230410.0,-0.7482,0.013,9.8791,-0.0002,0.0245,9.8066,-0.0005,-0.1575,0.029,333.13,-80.64,161.61,52.202183,-2.199273,1.19,2,182.53,22 / 22,-35.711289137473635,28.625129034182223,-1.0892215000090142,-701.5352088883898,726.9585882248394,18.073688338715208,False,45.0,-5.969705922531454,-1.5438709250001388,-210.6019821606068,-125.95049340977904,6.166111111111111,255.5,29.74158321494218,-30.16899995918236,490.933226727783,-852.9090816346185
13230510.0,0.0157,0.0528,9.6077,0.0072,0.0112,9.8066,-0.0003,-0.1278,0.0262,332.21,-80.79,160.75,52.202183,-2.199273,1.19,2,182.53,22 / 22,-35.85869431000483,28.563843943508136,-1.0955465000090372,-705.1137080607767,729.8180368737344,17.96444993871391,False,45.100000000000364,-5.9256523234000085,-1.6229649476158268,-211.18804773357743,-126.11728579970169,6.143888888888545,254.68299999993624,29.93304198660482,-30.186808891123963,493.9256603271993,-855.9353226734361
13230609.0,-0.4206,0.1517,9.7913,0.0052,0.0143,9.8066,-0.0016,-0.1709,0.0153,334.04,-80.89,160.34,52.202183,-2.199273,1.19,2,182.53,22 / 22,-35.99366379744753,28.517870376945787,-1.1061543500090543,-708.6703997871014,732.6435817326014,17.855465746637837,False,45.199000000000524,-5.798750215757593,-1.9725722104758532,-211.754759513176,-126.3154351589287,6.125188888888243,251.21304999988013,30.19491358168994,-30.49044258742164,496.91564027392536,-858.9590168915302
13230710.0,-0.2942,0.1493,9.6229,0.0042,0.0121,9.8066,-0.0348,-0.1437,0.0454,333.78,-81.06,160.04,52.202183,-2.199273,1.19,2,182.53,22 / 22,-36.148128304216016,28.470009453932775,-1.1162089000089297,-712.3135602881903,735.5214696640252,17.74323640251332,False,45.29999999999927,-5.762682338834691,-2.021450644766917,-212.33973473154018,-126.51758753551137,6.106944444445687,250.66999999997452,30.385445965381326,-30.49146009869969,499.9738255566501,-862.0390571995365
13230809.0,-0.935,0.1599,9.8677,-0.0014,0.0161,9.8066,-0.0565,-0.2133,0.0585,332.98,-81.31,159.43,52.202183,-2.199273,1.19,2,182.53,22 / 22,-36.32193332278334,28.41044038475174,-1.1222825500089395,-715.9008283387326,738.3370519310446,17.632431075737255,False,45.39899999999943,-5.769586506146607,-2.1025854322354016,-212.91319307998629,-126.72674519294002,6.140769444446234,249.97699999996334,30.55234681663673,-30.513025816987142,502.9876352587463,-865.0637971239846
13230910.0,0.6219,0.1047,10.6153,0.0087,-0.0002,9.8066,-0.0434,-0.1883,0.0476,332.85,-81.57,159.19,52.202183,-2.199273,1.19,2,182.53,22 / 22,-36.45667708530714,28.36757188897612,-1.0783627000086926,-719.5761481643618,741.2043415508839,17.52129849061074,False,45.5,-5.705716932745209,-2.3400850549176226,-213.48460701354495,-126.97348673555875,6.166944444444445,247.7,30.750960152561934,-30.707656943893742,506.09154115081685,-868.1778282864426
13231010.0,-1.1824,0.0996,9.3367,0.001,-0.0038,9.8066,-0.0447,-0.2813,0.1262,335.75,-81.76,159.47,52.202183,-2.199273,1.19,2,182.53,22 / 22,-36.60182673826706,28.322272132174547,-1.061427700008631,-723.2290733555539,744.0388337519518,17.414308970609483,False,45.600000000000364,-5.662146485151109,-2.45621566764655,-214.0502284386012,-127.21811557387551,6.171944444443864,246.54899999999483,30.93968025311595,-30.778487799821097,509.17884491695264,-871.2569493258272
13231110.0,0.4783,-0.9836,9.7144,-0.0148,0.0064,9.8066,0.0014,-0.1977,0.0402,337.73,-82.0,160.95,52.202183,-2.199273,1.19,2,182.53,22 / 22,-36.733293973958276,28.226583722748604,-1.0895377000087332,-726.8958293911785,746.8662765447082,17.306760700608223,False,45.70000000000073,-5.620616548838505,-2.4714913738277846,-214.60903514767654,-127.47386390391127,6.139999999998767,246.2639999999118,31.11267742511977,-30.69807509657639,512.286794243502,-874.3401404486194
13231210.0,-1.2437,-0.8183,9.5693,0.0031,0.0023,9.8066,-0.0068,-0.2981,0.1166,338.69,-82.09,161.65,52.202183,-2.199273,1.19,2,182.53,22 / 22,-36.852865060534526,28.092912009272595,-1.1060177000084934,-730.5751373428496,749.6822513312683,17.196982930608957,False,45.79999999999927,-5.4805930611387454,-2.692153895948631,-215.1542124248358,-127.75185122162141,6.106111111114304,243.83900000000367,31.37227199939578,-30.785065905221227,515.4209249180138,-877.4341025528897
13231311.0,-0.3524,-0.8429,9.8966,-0.004,0.0106,9.8066,0.0397,-0.1952,-0.01,339.13,-82.3,162.05,52.202183,-2.199273,1.19,2,182.53,22 / 22,-37.01671779740412,27.950051803054272,-1.1134614000085352,-734.3055512771965,752.5124210038067,17.084899236057467,False,45.90099999999984,-5.564268685084066,-2.7202763066490245,-215.71179248502295,-128.02138772373578,6.193630555554107,243.94681000004374,31.452449112320053,-30.6703281097033,518.5937587921735,-880.5338087275425
13231410.0,-1.8036,-2.4298,9.7089,0.0147,-0.0039,9.8066,0.0085,-0.3539,0.0687,339.26,-82.36,162.13,52.202183,-2.199273,1.19,2,182.53,24 / 24,-37.175764372014406,27.726612863371884,-1.1138475000085357,-737.9780791445887,755.2684159047992,16.974647445506445,False,46.0,-5.577351179439337,-2.6340203411565324,-216.26501112696664,-128.28558686935253,6.168055555555555,244.72,31.59841319257507,-30.360633204528416,521.713068017622,-883.5540027741517
13231509.0,-2.2429,-2.8857,10.3361,0.0041,-0.0085,9.8066,-0.0255,-0.2844,0.034,342.97,-82.29,161.55,52.202183,-2.199273,1.19,2,182.53,24 / 24,-37.39871310501496,27.383225179278252,-1.0924783500085011,-741.6695157797077,757.9963528879148,16.865434315930425,False,46.09900000000016,-5.512293768025043,-2.686955655513328,-216.81148320015672,-128.5497860149885,6.132305555554977,244.01313999998857,31.88641933698992,-30.07018083479158,524.858032579551,-886.5461389029033
13231610.0,-1.4174,-3.3593,10.0978,-0.004,0.008,9.8066,0.0065,-0.3476,0.0444,342.85,-82.38,161.36,52.202183,-2.199273,1.19,2,182.53,24 / 24,-37.603781237206114,27.000463043313413,-1.0510380500082683,-745.4571417440111,760.7427291431711,16.757186737728972,False,46.20000000000073,-5.581588030102889,-2.696682873270778,-217.36899511321147,-128.8304420102363,6.198888888888059,244.21299999998791,32.02219320710323,-29.69714591658419,528.0881466307997,-889.5731711534074
13231710.0,-3.195,-2.8755,9.4884,-0.0122,0.0216,9.8066,-0.0278,-0.4749,0.0943,346.15,-82.55,162.18,52.202183,-2.199273,1.19,2,182.53,24 / 24,-37.86318374025711,26.617803452418016,-1.0523930500082486,-749.2304899928293,763.4236424679186,16.652015182729677,False,46.29999999999927,-5.5454167549476425,-2.718952274457425,-217.92098710635162,-129.10842932653182,6.176111111114456,243.8810000000247,32.31776698530946,-29.33675572687544,531.3095028864777,-892.5320717944504
13231810.0,-2.6596,-4.024,9.746,-0.0304,0.0312,9.8065,0.0054,-0.402,0.0438,350.77,-82.96,163.65,52.202183,-2.199273,1.19,2,182.53,24 / 24,-38.20466387278843,26.204998847572945,-1.0713380500083174,-753.0338823734954,766.0647825829278,16.54582862772846,False,46.399999999999636,-5.6602774319016875,-2.692541520849921,-218.49342324733433,-129.3752971504077,6.268055555560785,244.55999999998417,32.54438644088674,-28.897540368422867,534.5404591261611,-895.4400797333356
13231909.0,-4.2823,-2.1179,9.5627,-0.0213,0.0419,9.8065,-0.0224,-0.6186,0.0676,352.65,-83.19,164.95,52.202183,-2.199273,1.19,2,182.53,24 / 24,-38.620800771522454,25.848142335967143,-1.0864157500083418,-756.836742873395,768.6414130715173,16.439019814627464,False,46.498999999999796,-5.732181943806573,-2.76205816397528,-219.06013502689166,-129.65050459422534,6.362930555555416,244.27290000000042,32.88861882771588,-28.610200499942422,537.7766078465033,-898.2919176657426
13232009.0,-1.6966,-2.0898,9.546,-0.0101,0.0362,9.8065,-0.053,-0.4492,-0.1054,355.71,-83.79,165.37,52.202183,-2.199273,1.19,2,182.53,24 / 24,-39.019139733698466,25.60235240205596,-1.1116457500084336,-760.7187398986702,771.2139378084278,16.329116739626226,False,46.59900000000016,-5.755494796951558,-2.6548797510141826,-219.632571167901,-129.9064753148301,6.338313888888475,245.23723000001564,33.26364493674691,-28.25723215307014,541.0861687307691,-901.1204131232579
13232110.0,-3.5591,-0.7226,10.1064,-0.0004,0.0298,9.8066,-0.0929,-0.4978,-0.1137,355.31,-84.19,161.9,52.202183,-2.199273,1.19,2,182.53,24 / 24,-39.39689097708294,25.43965884619957,-1.1096712000084223,-764.6787494495869,773.7915593764792,16.216940233649744,False,46.70000000000073,-5.859861158879904,-2.647060104851946,-220.22436110225678,-130.1759006220135,6.43000000000375,245.69000000001546,33.53702981820304,-28.086718951051516,544.4543883473301,-903.9674599984927
13232211.0,-2.2646,-1.0473,9.4854,0.0078,0.0335,9.8065,-0.0908,-0.4919,0.0244,354.54,-84.57,158.33,52.202183,-2.199273,1.19,2,182.53,24 / 24,-39.80590119489608,25.32381667123145,-1.1107569500084087,-768.6784904542222,776.3551148900777,16.104808612075285,False,46.800999999999476,-5.9742979171340655,-2.6454447793651408,-220.83005305714622,-130.4454371241232,6.533805555558446,246.11602000000394,33.831603277762014,-27.96926145059659,547.848437397076,-906.800552014201
13232310.0,-3.6053,-1.1422,10.0394,-0.0305,0.0538,9.8064,0.0845,-0.533,-0.0246,1.63,-84.93,158.22,52.202183,-2.199273,1.19,2,182.53,23 / 24,-40.21380242420083,25.215576865879566,-1.1151377000084157,-772.6394657833739,778.8568148701688,15.994626826899275,False,46.899999999999636,-6.04689526100928,-2.66485570486372,-221.4237511119479,-130.7096362697592,6.608055555559543,246.21700000002244,34.166907163191546,-27.880432570743285,551.215714671426,-909.566451139928
13232410.0,-2.4517,-3.2885,10.5109,-0.0347,0.0205,9.8065,0.0578,-0.4093,0.0704,7.58,-85.33,163.49,52.202183,-2.199273,1.19,2,182.53,23 / 24,-40.65994221550569,25.036208960652907,-1.0682877000082451,-776.6831530153739,781.3694041615046,15.885455556898044,False,47.0,-6.132916585275433,-2.650392393036523,-222.03707554874205,-130.97650409361506,6.681111111111111,246.628,34.527025630230256,-27.68660135368943,554.6460774666318,-912.3459082551196
13232510.0,-3.2343,-0.2603,9.1334,-0.0286,0.024,9.8065,-0.0592,-0.4845,-0.0034,15.92,-85.58,169.88,52.202183,-2.199273,1.19,2,182.53,23 / 24,-41.07983997465325,24.955511710888825,-1.0667377000082394,-780.7701421248968,783.8689901950908,15.778704286896831,False,47.100000000000364,-6.370378889317303,-2.5749642148542957,-222.67765884936748,-131.23225242577178,6.871111111111491,247.99100000000536,34.709461085335946,-27.53047592574312,558.0924832755293,-915.1012426208625
13232609.0,-1.7706,-1.4402,9.4527,-0.0171,0.0139,9.8065,-0.0766,-0.2517,-0.0163,19.94,-85.72,169.95,52.202183,-2.199273,1.19,2,182.53,23 / 24,-41.456368901886606,24.996276784523065,-1.1175841000083215,-784.8556844642922,786.3416037256177,15.670580357795837,False,47.199000000000524,-6.402493809359606,-2.550311233211408,-223.31183631706583,-131.47443497570467,6.891736111111824,248.28107000001,35.053875092527,-27.54658801773447,561.5438481472263,-917.8160387013223
13232710.0,-2.3184,-2.1443,10.1418,0.0128,-0.0262,9.8065,-0.0313,-0.6032,0.1019,23.12,-85.9,169.12,52.202183,-2.199273,1.19,2,182.53,23 / 24,-41.826856185187495,24.95920250940876,-1.1185335000083096,-789.0614873311373,788.86435542993,15.557656418996396,False,47.29999999999927,-6.563238297991686,-2.593138626415534,-223.97245488262314,-131.74374908795832,7.056944444448699,248.441000000074,35.26361788719581,-27.552341135824296,565.0890324485142,-920.6081045178884
13232810.0,-0.141,-1.0059,9.8672,-0.0021,0.0096,9.8066,-0.0789,-0.4023,-0.0033,23.02,-85.94,167.48,52.202183,-2.199273,1.19,2,182.53,23 / 24,-42.11060519996726,24.919430906895347,-1.0987485000082375,-793.2583604004103,791.3582871007543,15.446792318995167,False,47.399999999999636,-6.761359793379885,-2.3976437464048335,-224.6539264790501,-131.97725843455774,7.173888888894891,250.4749999999332,35.34924540658737,-27.317074653300182,568.6044339213602,-923.335545535312
13232910.0,-1.9246,0.0754,10.5629,0.0059,-0.0146,9.8066,0.0301,-0.5485,0.1134,25.05,-86.12,167.69,52.202183,-2.199273,1.19,2,182.53,23 / 24,-42.33023801152077,24.97872291207626,-1.0579085000080888,-797.4804025610001,793.853194791712,15.338959468993957,False,47.5,-6.811466002658898,-2.580497672988878,-225.328583359502,-132.23300676528137,7.283888888888889,249.251,35.51877200886187,-27.55922058506514,572.1518192014981,-926.0862015569934
13233010.0,-2.8241,0.9473,10.0781,-0.0072,-0.001,9.8066,-0.0422,-0.3346,0.0516,28.17,-86.03,168.15,52.202183,-2.199273,1.19,2,182.53,23 / 24,-42.62306604350259,25.194738506329706,-1.0065235000079018,-801.7280677637667,796.3618678626414,15.235737868992782,False,47.600000000000364,-6.95598660731004,-2.5010183903209127,-226.0236843878367,-132.48875509673053,7.391944444447648,250.22400000002065,35.66707943619255,-27.695756896650618,575.70438337593,-928.8506229593719
13233110.0,-2.1622,0.0202,9.9611,0.0135,-0.0339,9.8065,0.0411,-0.5089,0.0756,27.45,-85.85,165.44,52.202183,-2.199273,1.19,2,182.53,23 / 24,-42.924469330205476,25.419537026837023,-0.9852285000078244,-806.0054445324677,798.8925816393089,15.136150268991633,False,47.70000000000073,-7.171077011586318,-2.4189087179868327,-226.7460442800935,-132.7222644419145,7.5680555555607905,251.3600000000125,35.753392318619156,-27.838445744823858,579.2594002523741,-931.6148460812234
13233210.0,-3.2955,-0.0235,10.4164,0.0279,-0.036,9.8065,0.0885,-0.4824,0.1289,24.22,-85.64,162.43,52.202183,-2.199273,1.19,2,182.53,23 / 24,-43.276667634147536,25.59880536200009,-0.9470185000083804,-810.3155013806225,801.4434987587136,15.03953791899223,False,47.79999999999927,-7.3220433167219445,-2.421108998423522,-227.48203360421576,-132.96689328093393,7.711944444444597,251.70299999999412,35.95462431742559,-28.019914360423613,582.8334677764068,-934.4103920396476
13233311.0,0.3518,-2.9336,9.376,0.009,-0.0159,9.8066,0.0943,-0.2898,0.1119,28.5,-85.38,163.73,52.202183,-2.199273,1.19,2,182.53,22 / 23,-43.59042674181059,25.59091472200345,-0.9379739500083296,-814.7022896466331,804.0285796229704,14.94434580026585,False,47.90099999999984,-7.321013893934555,-2.4423999507321086,-228.2119578311951,-133.21385721271616,7.717688888897728,251.55034000005233,36.26941284787603,-28.03331467273556,586.4903318154379,-937.2424368356865
13233409.0,-2.6333,0.6694,10.3227,0.0142,-0.0027,9.8066,0.1395,-0.4069,0.1167,33.55,-85.21,166.0,52.202183,-2.199273,1.19,2,182.53,22 / 23,-43.83114913513478,25.624885058878164,-0.9337893500083315,-818.9859468646015,806.5381538122324,14.852629398565075,False,47.998999999999796,-7.5065344058650405,-2.371721655757403,-228.9532626337212,-133.4426963723648,7.872311111110881,252.46565999999862,36.32461472926974,-27.99660671463557,590.0326842308802,-939.9808501845972
13233510.0,0.1251,-0.8162,8.7547,-0.0183,0.0205,9.8065,0.015,-0.1455,-0.0207,33.22,-85.09,167.73,52.202183,-2.199273,1.19,2,182.53,22 / 23,-7.634379431206024,-2.2317256007782684,-0.9608523000084835,-229.7240751564464,-133.6563018275783,14.756949995238688,True,48.100000000000364,-7.634379431206024,-2.2317256007782684,-229.7240751564464,-133.6563018275783,7.95388888888893,253.70499999999498,0.0,0.0,0.0,0.0
13233610.0,-1.564,-1.0402,10.3938,0.0208,0.0185,9.8066,0.0356,-0.0837,0.0841,39.95,-85.19,171.46,52.202183,-2.199273,1.19,2,182.53,22 / 23,-7.837273331957696,-2.178369193831242,-0.9840923000085681,-230.4976577946074,-133.87680656730956,14.659702765237482,False,48.20000000000073,-7.625630754151422,-2.2692420791466943,-230.4873233445051,-133.88981117205412,7.956111111116416,253.42800000001236,0.21164257780627338,-0.09087288531545212,0.010334450102277515,-0.013004604744565995
13233710.0,0.6378,-0.5081,9.8021,-0.0115,0.0431,9.8065,0.0164,0.0577,-0.1349,41.69,-85.34,175.44,52.202183,-2.199273,1.19,2,182.53,22 / 23,-8.010060779242703,-2.1208810046278157,-0.954962300008992,-231.29002450015588,-134.09176907722937,14.562750035238015,False,48.29999999999927,-7.778982449322988,-2.264715398005778,-231.26420096442897,-134.11220102551482,8.10194444444296,253.76800000003303,0.23107832991971566,-0.14383439337796222,0.025823535726914315,-0.020431948285448698
13233810.0,-0.3264,1.352,10.6406,-0.0027,0.0239,9.8065,0.0834,-0.1501,0.0132,41.21,-85.32,174.99,52.202183,-2.199273,1.19,2,182.53,22 / 23,-8.056288042109253,-2.011174273122841,-0.9134923000088411,-232.0933419412264,-134.29837184111767,14.469327305236783,False,48.399999999999636,-7.774512839381642,-2.1303667421206454,-232.04107858436663,-134.32347138655368,8.061111111108927,254.6760000000128,0.28177520272761125,-0.11919246899780456,0.05226335685978256,-0.025099545436006565
13233911.0,-0.9381,-0.9117,10.5685,-0.0338,-0.0147,9.8066,-0.0461,-0.0329,0.023,42.68,-85.28,176.17,52.202183,-2.199273,1.19,2,182.53,22 / 23,-8.175222394310396,-1.8607840399973303,-0.8329044000083883,-232.91303321827021,-134.49390573593135,14.381134271885417,False,48.501000000000204,-7.744328956569847,-2.08728872925511,-232.81884211730943,-134.52573495804936,8.020688888888797,254.91583000000105,0.4308934377405489,-0.22650468925777978,0.09419110096078498,-0.03182922211800587
13234010.0,-0.7069,0.0642,9.5189,-0.012,-0.0301,9.8066,-0.036,-0.1754,0.1052,46.51,-84.94,179.2,52.202183,-2.199273,1.19,2,182.53,22 / 23,-8.341312730403027,-1.7430541262546304,-0.8094364500083503,-233.73060170694484,-134.67229572516112,14.299838399809456,False,48.600000000000364,-7.721033289829559,-2.0120419574591337,-233.58120439225272,-134.73489261477712,7.978888888888763,255.3940000000172,0.6202794405734684,-0.2689878312045033,0.14939731469212347,-0.06259688961600318
13234110.0,0.5635,-3.3685,11.7805,-0.0397,0.0184,9.8065,0.0183,0.0161,-0.1605,51.14,-84.76,-176.71,52.202183,-2.199273,1.19,2,182.53,22 / 23,-8.550086603642374,-1.7443814356010965,-0.7251314500080435,-234.57517167365017,-134.84666750325454,14.223110004808357,False,48.70000000000073,-7.746451837041578,-1.882652958394432,-234.35808201221806,-134.91280449712528,7.971944444447425,256.3400000000063,0.8036347666007959,-0.13827152279333554,0.21708966143211228,-0.06613699387074234
13234209.0,1.3345,-0.6386,8.9797,-0.0139,-0.0613,9.8064,-0.2073,-0.3242,0.3921,48.83,-84.68,-176.67,52.202183,-2.199273,1.19,2,182.53,22 / 23,-8.713361499295287,-1.8422936721409853,-0.6683599000079516,-235.42971235474698,-135.02420792108805,14.154132182982453,False,48.79900000000089,-7.830932348619995,-1.8784089633181662,-235.13393742474904,-135.09994555885086,8.053069444448736,256.51127000000906,0.8824291506752919,-0.03611529117718093,0.29577492999794686,-0.07573763776281339
13234312.0,-3.6081,2.1533,10.7833,-0.037,0.0152,9.8065,-0.0981,0.3292,-0.0711,58.22,-84.82,-168.24,52.202183,-2.199273,1.19,2,182.53,22 / 23,-8.763241898107237,-1.5923560512363542,-0.6606503500080148,-236.32975742970584,-135.20109238184054,14.085688155107192,False,48.902000000000044,-7.8104104523149935,-1.9236205142285758,-235.93432581475372,-135.29442548503698,8.043833333333174,256.1640400000604,0.9528314457922438,-0.3312644629922217,0.3954316149521162,-0.09333310319644283
13234410.0,-3.835,2.8485,11.9085,-0.0015,-0.0037,9.8066,-0.0431,-0.1055,-0.0658,63.05,-84.76,-166.06,52.202183,-2.199273,1.19,2,182.53,22 / 23,-8.777979054522493,-1.0466127513949204,-0.5098038500080819,-237.18927725638432,-135.3304018531694,14.028335899306429,False,49.0,-7.841128813180541,-1.7821803602173585,-236.70234430389488,-135.46877913041754,8.04111111111111,257.195,0.9368502413419524,-0.7355676088224381,0.4869329524894397,-0.1383772772481393
13234510.0,-0.7834,0.3853,11.406,-0.0695,0.0025,9.8063,-0.1095,0.5207,-0.3455,62.65,-84.45,-166.66,52.202183,-2.199273,1.19,2,182.53,22 / 23,-8.78611246299402,-0.6541391282670364,-0.3247438500074086,-238.06748183226333,-135.4154394471528,13.986608514305502,False,49.100000000000364,-7.777109785094414,-1.8150851411503721,-237.4724072078527,-135.6578105058981,7.986111111112601,256.8630000000014,1.0090026778996055,-1.1609460128833358,0.5950746244106142,-0.24237105874530585
13234610.0,3.4051,-3.921,8.848,-0.0628,-0.0297,9.8064,-0.1698,0.3913,-0.2313,65.95,-84.37,-168.15,52.202183,-2.199273,1.19,2,182.53,22 / 23,-8.941044861124247,-0.7313989973948369,-0.2927088500072919,-238.95383969847245,-135.48471635343614,13.955735879304655,False,49.20000000000073,-7.859398745764621,-1.8230117395663168,-238.26291425975148,-135.83572238895317,8.068055555555082,256.94100000001333,1.081646115359626,-1.0916127421714799,0.6909254387209671,-0.351006035517031
13234710.0,0.4511,0.2939,10.6147,-0.051,0.0399,9.8064,0.0708,0.3155,-0.247,61.53,-84.53,-170.04,52.202183,-2.199273,1.19,2,182.53,22 / 23,-9.07252494321011,-0.8656003883557848,-0.30023885000718226,-239.85451818867605,-135.5645663227225,13.926088494304363,False,49.29999999999927,-7.858177933747782,-1.7697639846905664,-239.04660659562822,-136.0136342712977,8.054999999996797,257.30800000000306,1.2143470094623288,-0.9041635963347816,0.8079115930478338,-0.44906794857519117
13234810.0,3.6051,-2.6475,8.4127,-0.0561,0.0171,9.8064,-0.0776,0.4678,-0.2394,62.57,-84.18,-167.17,52.202183,-2.199273,1.19,2,182.53,22 / 23,-9.132190710146672,-0.9867121777096334,-0.32953385000728885,-240.7647539713472,-135.6571819510261,13.894599859303524,False,49.399999999999636,-7.774862237920135,-1.738884976731926,-239.81666949961348,-136.19154615364542,7.96694444444925,257.39299999997195,1.3573284722265369,-0.7521727990222927,0.948084471733722,-0.5343642026193152
13234911.0,-1.9456,2.378,9.8249,-0.0206,0.0498,9.8065,0.0383,0.1997,-0.1665,67.53,-84.23,-166.92,52.202183,-2.199273,1.19,2,182.53,22 / 23,-9.136877329174954,-0.9570694857800734,-0.39900670000767924,-241.68734190733812,-135.7553429250329,13.85780856152756,False,49.501000000000204,-7.843524555728339,-1.8275779354882937,-240.60806246448956,-136.37112595988685,8.053630555555257,256.88392000000107,1.2933527734466148,-0.8705084497082203,1.0792794428485593,-0.6157830348539619
13235010.0,1.1408,-1.7429,9.2656,-0.0255,0.0443,9.8065,0.0302,0.4483,-0.2021,68.57,-84.27,-163.96,52.202183,-2.199273,1.19,2,182.53,22 / 23,-9.161054166281485,-0.7911706625187592,-0.42488530000772107,-242.59308951636467,-135.84188081237383,13.817025907526732,False,49.600000000000364,-7.726487898793422,-1.731181252980949,-241.37042473945968,-136.53625042661,7.918055555556172,257.37099999999145,1.434566267488063,-0.9400105904621897,1.2226647769049919,-0.6943696142361659
13235109.0,-1.8745,3.3408,10.0533,-0.0072,0.0346,9.8065,0.1127,0.0487,0.1165,74.02,-84.21,-161.64,52.202183,-2.199273,1.19,2,182.53,22 / 23,-9.117104753979195,-0.6227779777669408,-0.4394581000077446,-243.49785838291905,-135.91187127006808,13.774240909225897,False,49.699000000000524,-7.744911048174463,-1.8012057569117155,-242.13953358319674,-136.72339148763533,7.951605555556714,256.907679999984,1.3721937058047322,-1.1784277791447746,1.3583247997223111,-0.8115202175672493
13235210.0,-1.0122,-1.8931,10.5857,-0.0704,0.0579,9.8061,0.0885,0.288,-0.2739,71.24,-83.87,-159.3,52.202183,-2.199273,1.19,2,182.53,22 / 23,-9.115562736350723,-0.3467662108539698,-0.3876602500083864,-244.4186080911693,-135.96083325159282,13.7324714325506,False,49.79999999999927,-7.786544379855352,-1.7779224334025674,-242.9241799793215,-136.89207419130244,7.986944444445141,257.13799999999213,1.3290183564953715,-1.4311562225485976,1.4944281118477818,-0.9312409397096246
13235310.0,-1.3437,1.3632,10.2,-0.0021,0.0145,9.8066,0.0142,-0.2412,0.1346,71.41,-83.75,-159.67,52.202183,-2.199273,1.19,2,182.53,21 / 24,-9.208361077586792,-0.12478744981446227,-0.32904025000817316,-245.3348042818695,-135.9844109346263,13.696636407549642,False,49.899999999999636,-7.7984876106319865,-1.8114651832882407,-243.70105759928663,-137.0811055667826,8.006111111110444,256.92299999999847,1.4098734669548056,-1.6866777334737784,1.6337466825828812,-1.0966946321563
13235410.0,1.5501,-1.6491,9.8288,-0.0347,-0.0086,9.8065,-0.0509,0.2175,0.0161,72.02,-83.57,-157.35,52.202183,-2.199273,1.19,2,182.53,21 / 24,-9.248948571837099,-0.019260662935909154,-0.30826525000809757,-246.25766976434406,-135.99161334026385,13.664771132548712,False,50.0,-7.785697521639947,-1.8125048053538488,-244.477935219141,-137.2590174498247,7.993888888888888,256.895,1.4632510501971518,-1.7932441424179397,1.7797345452030697,-1.2674041095608573
13235510.0,-0.3264,1.5251,9.955,-0.0162,-0.0126,9.8065,-0.0252,0.0603,0.1603,74.76,-83.35,-155.15,52.202183,-2.199273,1.19,2,182.53,21 / 24,-9.259931759789016,0.03742020214624613,-0.29974025000806653,-247.18311378092872,-135.99070536330333,13.634370857547793,False,50.100000000000364,-7.696778441030829,-1.780337504429968,-245.2479981231524,-137.43692933217307,7.899999999999889,256.9759999999638,1.5631533187581867,-1.8177577065762143,1.935115657776322,-1.446223968869731
13235610.0,1.6818,-2.4369,9.5149,-0.0762,0.0704,9.8061,-0.0225,0.1539,-0.3109,80.09,-82.96,-153.16,52.202183,-2.199273,1.19,2,182.53,21 / 24,-9.31344042657531,0.09088717530150478,-0.3069102500080925,-248.1117823902503,-135.98428999443092,13.604038332546875,False,50.20000000000073,-7.624411699248929,-2.0449518406189804,-246.00443159520324,-137.64819969321172,7.893888888887111,254.9860000000309,1.6890287273263809,-2.135839015920485,2.1073507950470685,-1.6639096987807989
13235710.0,0.2577,-0.801,9.8597,0.0108,0.0033,9.8066,0.1036,-0.196,0.1831,73.85,-83.03,-154.4,52.202183,-2.199273,1.19,2,182.53,21 / 24,-9.472074883522103,0.08485753147922726,-0.31884525000791875,-249.05105815574152,-135.97550275909202,13.572750557546529,False,50.29999999999927,-7.606506427698624,-1.9196575125153659,-246.76767978322002,-137.83723106798132,7.844999999998545,255.83600000000447,1.865568455823479,-2.0045150439945933,2.283378372521497,-1.8617283088892975
13235809.0,-1.0175,0.1623,10.1853,-0.0199,0.0132,9.8066,-0.0183,-0.1637,-0.0756,82.02,-82.77,-152.37,52.202183,-2.199273,1.19,2,182.53,21 / 24,-9.521617872036781,0.23280770810809698,-0.29747610000788416,-249.9912459471432,-135.95977832973242,13.542242650720697,False,50.39899999999943,-7.572152050776078,-1.893879533202825,-247.50980235172784,-138.01336383150525,7.805399999997905,255.95777000000643,1.949465821260704,-2.126687241310922,2.4814435954153566,-2.0535855017728295
13235910.0,0.5862,-1.1561,10.3747,-0.014,0.0354,9.8065,0.0107,0.1076,-0.1952,78.07,-82.9,-153.79,52.202183,-2.199273,1.19,2,182.53,21 / 24,-9.583425508629496,0.367223134222264,-0.24966775000761543,-250.95605063787227,-135.92947677219456,13.514611886294759,False,50.5,-7.592061106599265,-1.8486394244319184,-248.28054672723928,-138.20417432650402,7.813888888888888,256.315,1.9913644020302312,-2.2158625586541825,2.675503910632983,-2.274697554309455
13236009.0,2.1636,0.3669,9.6934,-0.0054,-0.0135,9.8066,0.0141,0.1121,-0.0338,79.13,-82.9,-152.78,52.202183,-2.199273,1.19,2,182.53,21 / 24,-9.609995835555507,0.34596803673282,-0.2271551500075789,-251.90612499441096,-135.89417380923223,13.491009152743969,False,50.59900000000016,-7.450505560853562,-2.15360590398001,-249.0091761581594,-138.42434028073384,7.755588888887947,253.8776199999606,2.1594902747019447,-2.49957394071283,2.8969488362515676,-2.530166471501616
13236110.0,-0.6602,4.0067,9.1303,0.004,0.0661,9.8063,0.1002,0.1903,-0.2028,78.74,-82.89,-153.15,52.202183,-2.199273,1.19,2,182.53,21 / 24,-9.393447017228953,0.4376128177939486,-0.2670299500078029,-252.86579885848198,-135.8546029760784,13.466052805193051,False,50.70000000000073,-7.553279892941904,-1.8435259311763341,-249.7797842394065,-138.6044760623169,7.775000000002657,256.28399999994986,1.8401671242870483,-2.2811387489702826,3.0860146190754847,-2.7498730862384946
13236209.0,0.1423,-0.0542,10.5479,-0.024,0.0274,9.8065,0.1354,0.2722,-0.2595,85.62,-82.89,-151.54,52.202183,-2.199273,1.19,2,182.53,21 / 24,-9.214482660982526,0.6223416946844962,-0.26381740000779763,-253.78689137755495,-135.80213522771064,13.439775861367236,False,50.79900000000089,-7.5770567276233045,-2.041659030405541,-250.52190680791438,-138.80262542084367,7.847325000003828,254.9197799999278,1.6374259333592214,-2.664000725090037,3.264984569640575,-3.0004901931330323
13236309.0,-2.7674,3.3347,9.9637,-0.0306,0.033,9.8065,0.0192,0.2082,-0.1876,83.97,-82.58,-152.25,52.202183,-2.199273,1.19,2,182.53,21 / 23,-9.066877555589215,0.8929691386855756,-0.21890240000845118,-254.70095938837025,-135.72636968604323,13.415639871366775,False,50.89899999999943,-7.540807280214047,-1.9764845158676287,-251.27827213281859,-139.00277628943965,7.795530555552776,255.31289000002153,1.5260702753751687,-2.8694536545532046,3.422687255551665,-3.276406603396424
13236410.0,0.5167,-3.6068,9.6911,-0.0382,0.0219,9.8065,0.1163,0.446,-0.2942,83.89,-82.5,-154.06,52.202183,-2.199273,1.19,2,182.53,21 / 23,-9.095820209643053,1.1283206430171744,-0.21680665000843935,-255.61817562551963,-135.62429455206666,13.393636564340799,False,51.0,-7.692316339769487,-1.9143452024710648,-252.05589937147013,-139.1938091735926,7.926944444444444,256.025,1.4035038698735658,-3.042665845488239,3.562276254049493,-3.56951462152594
13236509.0,-0.3811,3.2331,10.4041,0.0054,0.0454,9.8064,0.1019,0.0634,0.0331,82.62,-82.33,-155.66,52.202183,-2.199273,1.19,2,182.53,21 / 23,-9.119095707673004,1.2446530284766275,-0.19295260000840073,-256.51981396342825,-135.50683235532753,13.373353481464932,False,51.09900000000016,-7.703590814567594,-1.9708134854140538,-252.81826164641333,-139.39195853211933,7.951694444444844,255.6497899999939,1.4155048931054104,-3.2154665138906813,3.701552317014915,-3.8851261767918004
13236610.0,1.3249,-2.7553,10.7409,-0.0217,0.0906,9.8062,0.1123,0.2834,-0.4335,89.71,-82.27,-152.03,52.202183,-2.199273,1.19,2,182.53,21 / 23,-9.09701571283748,1.340913946099102,-0.11560175000796605,-257.4397275901692,-135.37626122311073,13.357771486789018,False,51.20000000000073,-7.649194231529238,-1.9747981183934344,-253.58921046345884,-139.5941109094063,7.900000000004548,255.52399999994827,1.4478214813082424,-3.315712064492536,3.8505171267103435,-4.21784968629558
13236710.0,0.5563,4.5874,10.1595,-0.0114,0.0598,9.8064,0.0005,0.1366,-0.2887,90.68,-82.51,-152.74,52.202183,-2.199273,1.19,2,182.53,21 / 23,-8.995368177854614,1.365851823137263,-0.05124675000890251,-258.34434678469063,-135.24092293465088,13.349429061788296,False,51.29999999999927,-7.718050747353979,-2.1982533205414763,-254.35927336742964,-139.81650076286581,8.025000000000365,254.10200000007342,1.2773174305006352,-3.564105143678739,3.985073417260992,-4.575577828214932
13236810.0,0.4114,-0.293,9.2365,-0.0284,0.0092,9.8065,0.1138,0.3814,-0.2612,86.39,-82.47,-155.16,52.202183,-2.199273,1.19,2,182.53,21 / 23,-8.773173144155255,1.4364377799871704,-0.06211175000894203,-259.23277385079433,-135.10080845449414,13.343761136787384,False,51.399999999999636,-7.800380232471645,-1.9275095924313321,-255.1361509873684,-139.99441264521477,8.035000000003063,256.1200000000061,0.9727929116836096,-3.3639473724185027,4.096622863425921,-4.893604190720623
13236909.0,-2.0812,3.8421,10.3671,0.0021,0.0226,9.8066,0.1673,0.0825,-0.2064,81.72,-82.27,-158.97,52.202183,-2.199273,1.19,2,182.53,21 / 23,-8.61606577715714,1.6659977015023273,-0.06259190000894274,-260.0935411774007,-134.94723789816015,13.337588306111488,False,51.498999999999796,-7.8580162611737405,-1.9257666852454305,-255.91875296868992,-140.19256200442734,8.090549999999919,256.22988999999984,0.7580495159833989,-3.5917643867477578,4.174788208710794,-5.245324106267191
13237010.0,1.0018,-3.1256,10.6045,-0.0328,0.0048,9.8065,0.0617,0.3314,-0.3012,77.5,-82.13,-161.64,52.202183,-2.199273,1.19,2,182.53,21 / 23,-8.595073278055537,1.8377098762858899,0.006002249991442776,-260.96270369969386,-134.77030066548085,13.334730528785588,False,51.600000000000364,-7.843252057292331,-2.08678142930033,-256.71035037510126,-140.4058338734388,8.116111111110616,255.1009999999911,0.7518212207632056,-3.92449130558622,4.252353324592605,-5.6355332079579625
13237110.0,-1.1872,1.0288,10.9192,-0.0088,0.0048,9.8066,0.0786,-0.0289,-0.1021,76.63,-82.16,-163.58,52.202183,-2.199273,1.19,2,182.53,21 / 23,-8.718506854432684,1.9461265726566535,0.10152224999179033,-261.8283827063214,-134.58110884303304,13.34010675378477,False,51.70000000000073,-7.798910319462345,-2.1464205752376277,-257.4872279950397,-140.6171042344775,8.088888888890859,254.61200000006482,0.9195965349703394,-4.092547147894281,4.3411547112817175,-6.035995391444459
13237210.0,1.4082,-0.5647,9.1438,-0.02,-0.0054,9.8065,-0.0757,0.1971,-0.0775,75.32,-82.05,-165.03,52.202183,-2.199273,1.19,2,182.53,21 / 23,-8.71198358804162,2.061635057704132,0.12400724999146322,-262.69990722843244,-134.38072076151792,13.351383228783769,False,51.79999999999927,-7.914531867342228,-1.9156041087888225,-258.27773504686945,-140.8061356099552,8.143055555550674,256.3939999999716,0.7974517206993932,-3.9772391664929545,4.422172181562985,-6.425414848437271
13237310.0,1.9707,-0.9383,9.085,0.0327,-0.0278,9.8065,0.0939,-0.2102,0.07,72.12,-82.27,-167.57,52.202183,-2.199273,1.19,2,182.53,21 / 23,-8.760918454949193,1.9983848867954357,0.05478224999121151,-263.57355233058513,-134.1777197642922,13.360322703782936,False,51.899999999999636,-7.757691893878431,-1.9901049505661645,-259.0477979508544,-141.00628647786166,8.008888888891844,255.61199999997893,1.003226561070762,-3.9884898373616,4.525754379730756,-6.828566713569472
13237410.0,2.3879,-2.6385,10.1654,0.0062,0.0079,9.8066,0.1798,0.1146,-0.0509,72.19,-82.27,-167.95,52.202183,-2.199273,1.19,2,182.53,22 / 24,-8.892752028771076,1.8556947948340614,0.03663724999114559,-264.4562358547744,-133.98501578021,13.364893678782071,False,52.0,-7.796484542173612,-2.0561356170309453,-259.82467557076296,-141.20643734575356,8.063055555555556,255.226,1.0962674865974638,-3.9118304118650067,4.631560284011414,-7.221421565543551
13237510.0,1.6993,2.1705,8.7962,0.0368,-0.0252,9.8065,0.1406,-0.1835,0.2059,72.24,-82.14,-168.17,52.202183,-2.199273,1.19,2,182.53,22 / 24,-8.880794109064716,1.77340196095086,0.004052249991027143,-265.3449131616694,-133.8035609424201,13.366928153781187,False,52.100000000000364,-7.7525965568232795,-1.9864905870493155,-260.6015531907279,-141.40658821366,8.003055555555246,255.6279999999971,1.1281975522414367,-3.7598925480001757,4.743359970941526,-7.60302727123991
13237610.0,1.179,1.9021,10.1821,0.0047,0.0527,9.8065,0.1145,-0.0129,-0.1817,71.43,-82.13,-168.94,52.202183,-2.199273,1.19,2,182.53,22 / 24,-8.671616603897686,1.8193468482160677,-0.027697750009088265,-266.2225336973207,-133.6239235019611,13.36574587878028,False,52.20000000000073,-7.730616655810151,-2.0038804355312587,-261.3716160946854,-141.60673908156647,7.986111111109979,255.4679999999997,0.9409999480875353,-3.8232272837473262,4.85091760263532,-7.982815579605386
13237710.0,-0.3517,2.0371,9.9524,0.0023,-0.0402,9.8065,0.0205,-0.3297,0.2443,70.26,-81.97,-170.33,52.202183,-2.199273,1.19,2,182.53,22 / 24,-8.503835835265456,1.963535046399543,-0.001637750009467382,-267.0813063192664,-133.43477940723307,13.364279103779372,False,52.29999999999927,-7.700222082657191,-1.9971491876458232,-262.14167899865544,-141.80688994946888,7.954999999997231,255.46000000001575,0.8036137526082641,-3.960684234045366,4.939627320610953,-8.372110542235816
13237810.0,1.144,0.4466,9.8613,-0.0027,0.0114,9.8066,0.0556,-0.0325,0.0324,71.87,-81.79,-170.41,52.202183,-2.199273,1.19,2,182.53,22 / 24,-8.40550338718102,2.0860178413880406,0.008382249990569166,-267.9267732803918,-133.23230176284295,13.364616328778428,False,52.399999999999636,-7.641279286988762,-1.9203491822317942,-262.8981124706797,-141.99592132494965,7.878888888889222,255.89300000002663,0.7642241001922576,-4.006367023619835,5.0286608097121075,-8.763619562106697
13237910.0,1.7606,-1.707,10.1057,0.0006,-0.0308,9.8066,0.0396,-0.3081,0.1321,68.64,-81.47,-171.52,52.202183,-2.199273,1.19,2,182.53,22 / 24,-8.446194242618358,2.0439971436974482,0.026067249990633586,-268.76935816188484,-133.02580101358794,13.366338803777495,False,52.5,-7.663297226812998,-1.8566369094468136,-263.6681753746624,-142.18495270041666,7.885,256.381,0.7828970158053599,-3.9006340531442616,5.101182787222456,-9.159151686828721
13238010.0,2.5201,-1.4633,9.286,-0.0099,-0.0212,9.8065,-0.0912,-0.1074,0.0983,66.39,-81.3,-171.7,52.202183,-2.199273,1.19,2,182.53,22 / 24,-8.548113797055438,1.90297241767779,0.014987249990593343,-269.6190735638716,-132.82845253551847,13.368391528776565,False,52.600000000000364,-7.647766474271916,-1.8189930885632863,-264.43142356263934,-142.3628645827646,7.861111111111363,256.6209999999936,0.9003473227835217,-3.7219655062410766,5.187650001232271,-9.534412047246121
13238110.0,2.5268,-2.5054,9.0985,0.0257,-0.0505,9.8064,-0.0289,-0.5032,0.3112,71.77,-81.4,-171.24,52.202183,-2.199273,1.19,2,182.53,22 / 24,-8.678832354642044,1.7167153600584295,-0.04645275000963016,-270.4804208714596,-132.64746814663098,13.366818253775607,False,52.70000000000073,-7.64997170696551,-1.8691061721169016,-265.19467175064335,-142.55189595753802,7.875000000001162,256.26999999999447,1.0288606476765336,-3.585821532175331,5.285749120816263,-9.904427810907038
13238210.0,-0.4207,4.271,9.3493,0.0442,-0.004,9.8065,0.0461,-0.3381,0.2712,67.51,-81.64,-171.8,52.202183,-2.199273,1.19,2,182.53,22 / 24,-8.602575963442737,1.7767237799306788,-0.10472775000878214,-271.3444912873513,-132.47279618963407,13.359259228774796,False,52.79999999999927,-7.675997648398981,-1.8970583937357128,-265.9579199386603,-142.74092733301495,7.906944444440594,256.11800000001784,0.9265783150437557,-3.6737821736663916,5.38657134869095,-10.268131143380884
13238310.0,1.0921,1.9805,10.8392,0.0279,0.057,9.8064,-0.3471,-0.5185,0.2894,70.0,-81.73,-170.58,52.202183,-2.199273,1.19,2,182.53,23 / 24,-8.336967031299977,1.9779973884457174,-0.07596775000867748,-272.1914684370915,-132.28506013121458,13.35022445377389,False,52.899999999999636,-7.588985067370097,-1.8068315403292976,-266.71435341071094,-142.9188392153627,7.801111111110717,256.60800000000836,0.7479819639298801,-3.784828928775015,5.477115026380545,-10.63377908414813
13238410.0,0.6149,6.263,7.1733,0.0362,-0.0861,9.8061,-0.2672,-0.6062,0.5197,66.51,-81.75,-175.33,52.202183,-2.199273,1.19,2,182.53,23 / 24,-7.96218326027455,2.174429218192264,-0.1560077500089686,-273.0064259516732,-132.07743880088194,13.338625678772965,False,53.0,-7.586752604331899,-1.7849058611055202,-267.4707868827065,-143.0967510984048,7.7938888888888895,256.761,0.375430655942651,-3.9593350792977846,5.535639068966702,-11.019312297522873
13238510.0,3.4678,-2.8389,10.4342,-0.0223,0.0911,9.8062,-0.134,-0.3169,0.2746,66.53,-81.8,-173.54,52.202183,-2.199273,1.19,2,182.53,23 / 24,-7.7638263623211445,2.171624982202923,-0.25629775000933336,-273.7927264328058,-131.86013609086137,13.318010403771975,False,53.100000000000364,-7.601484949450108,-1.7398554568789004,-268.2272203547301,-143.27466298145987,7.798055555556647,257.10799999999125,0.16234141287103654,-3.9114804390818234,5.565506078075714,-11.414526890598495
13238609.0,-0.921,6.9818,9.18,-0.0176,0.0623,9.8063,-0.1119,-0.747,0.5329,67.59,-81.72,-172.29,52.202183,-2.199273,1.19,2,182.53,23 / 24,-7.560705995745745,2.247456623288078,-0.2562532000093332,-274.5512907845313,-131.6413915513892,13.29263913174601,False,53.199000000000524,-7.644549220115312,-1.8167091882250082,-268.98283606087944,-143.4507957449838,7.857455555557608,256.63180999998355,-0.08384322436956726,-4.064165811513086,5.568454723651882,-11.809404193594588
13238710.0,3.7793,-4.0922,10.5061,-0.047,0.1198,9.8057,-0.0352,0.038,0.043,66.3,-81.49,-171.42,52.202183,-2.199273,1.19,2,182.53,23 / 24,-7.404473826095938,2.28464864454044,-0.2525768000093787,-275.30703236552495,-131.4125202353667,13.266943216745384,False,53.29999999999927,-7.647347604251606,-1.7273316472912967,-269.75371673075136,-143.61936725372664,7.839999999999161,257.2719999999956,-0.24287377815566824,-4.011980291831737,5.553315634773583,-12.206847018359923
13238810.0,-0.9164,3.9696,10.4858,-0.0129,0.0128,9.8066,-0.0028,-0.5369,0.4288,64.29,-81.32,-174.64,52.202183,-2.199273,1.19,2,182.53,23 / 24,-7.3993387302695215,2.2720195656458175,-0.18364680000912792,-276.04722299334594,-131.18468682485658,13.24513203674438,False,53.399999999999636,-7.621204457650301,-1.7383506729768556,-270.51696491878215,-143.7972791367817,7.816944444445535,257.15100000000245,-0.2218657273807798,-4.010370238622674,5.53025807456379,-12.612592311925113
13238909.0,3.6646,-5.8428,10.1501,-0.0538,0.0697,9.8062,-0.1347,0.3844,-0.1922,62.33,-81.05,-172.97,52.202183,-2.199273,1.19,2,182.53,23 / 24,-7.459802184907167,2.2157532114223075,-0.13302810000904605,-276.7827504686484,-130.96254207239136,13.229456629193455,False,53.498999999999796,-7.641861425818148,-1.7368123278044572,-271.26583405605624,-143.9734119002928,7.836744444444416,257.19554999999997,-0.18205924091098158,-3.9525655392267645,5.516916412592138,-13.010869827901445
13239010.0,1.6517,-2.8867,8.8762,0.0056,0.0017,9.8066,-0.056,-0.2971,0.3695,63.77,-80.91,-172.42,52.202183,-2.199273,1.19,2,182.53,23 / 24,-7.776455393664547,1.8902302137935227,-0.16267160000921252,-277.55218147637055,-130.7551899094168,13.21452379434245,False,53.600000000000364,-7.735745199639677,-1.6324334925251534,-272.05027601071583,-144.13086391661304,7.906111111113112,258.0840000000045,0.04071019402486975,-3.522663706318676,5.5019054656547155,-13.375674007196238
13239110.0,3.4915,-6.3117,10.8602,-0.0233,0.0729,9.8064,0.097,0.7918,-0.3236,60.85,-80.87,-170.09,52.202183,-2.199273,1.19,2,182.53,23 / 24,-8.108362019598845,1.559040622294184,-0.15651660000919,-278.3464223470366,-130.5827263676118,13.198564384341472,False,53.70000000000073,-7.850465515223244,-1.621181217501983,-272.8339683466344,-144.29765630582776,8.01611111111184,258.3319999999851,0.2578965043756005,-3.1802218397961672,5.512454000402215,-13.71492993821596
13239210.0,2.0005,-0.8142,9.1515,0.0381,-0.0474,9.8064,-0.0934,0.1377,-0.1195,62.34,-80.69,-171.03,52.202183,-2.199273,1.19,2,182.53,23 / 24,-8.338337045271034,1.2576468412985151,-0.13659660000947974,-279.1687573002681,-130.4418919944342,13.183908724340752,False,53.79999999999927,-7.858250308956386,-1.681363694149413,-273.6176606825123,-144.46444869574677,8.036111111116933,257.9230000000142,0.4800867363146484,-2.9390105354479283,5.551096617755832,-14.022556701312567
13239310.0,-1.7936,4.9505,9.9992,0.0002,0.032,9.8065,0.0104,0.8547,-0.5085,62.0,-80.68,-167.04,52.202,-2.199954,7.03,2,249.2,22 / 23,-8.200156962166869,1.4583299759082369,-0.1597266000095638,-279.995682000643,-130.30609315357336,13.169092564339746,False,53.899999999999636,-8.026224838433876,-1.6601060775314087,-274.4217971663186,-144.63124108637496,8.196111111115583,258.31400000008404,0.1739321237329925,-3.1184360534396456,5.573884834324417,-14.325147932801599
13239410.0,3.1652,0.4434,10.1179,0.0253,-0.044,9.8065,0.024,0.5764,-0.1551,64.78,-80.65,-165.11,52.202,-2.199954,7.03,2,249.2,22 / 23,-7.982436935995108,1.6337549104235725,-0.13453660000947207,-280.80481169555406,-130.15148890925622,13.15437940433874,False,54.0,-8.14860389617702,-1.4582380889528594,-275.232748366046,-144.77579449072775,8.278055555555556,259.85400000000004,-0.16616696018191224,-3.0919929993764317,5.572063329508069,-14.624305581471532
13239510.0,-0.9206,2.8355,9.7654,-0.0008,0.0104,9.8066,0.0927,0.0834,0.0919,65.84,-80.56,-163.86,52.202,-2.199954,7.03,2,249.2,22 / 23,-7.826822527505882,1.7153294279349836,-0.12103660000942289,-281.595274668732,-129.98403469233767,13.14160074433775,False,54.100000000000364,-8.272700215554337,-1.32447953382025,-276.06414371371955,-144.8981089102401,8.378055555553555,260.9039999999843,-0.44587768804845584,-3.0398089617552335,5.531130955012429,-14.914074217902424
13239610.0,-0.0176,-0.6446,10.9504,-0.0684,0.0091,9.8063,0.0942,0.4814,-0.1125,67.1,-80.18,-161.35,52.202,-2.199954,7.03,2,249.2,22 / 23,-7.786387755760788,1.9197335412729606,-0.0659116000092223,-282.37593518289816,-129.8022815438766,13.132253334336783,False,54.20000000000073,-8.143495472794312,-1.4297636707797443,-276.8750949134515,-145.04266231460343,8.268055555552534,260.0420000000118,-0.3571077170335242,-3.3494972120527047,5.500840269446655,-15.24038077072683
13239710.0,-1.9385,3.4438,10.2448,0.0121,-0.0124,9.8065,0.0932,-0.1938,0.2066,69.3,-80.19,-159.9,52.202,-2.199954,7.03,2,249.2,22 / 23,-7.72612825066443,2.1767874489597436,0.013183399989626754,-283.1515609832081,-129.59745549436795,13.129616924335842,False,54.29999999999927,-8.069542225330105,-1.3699318499934534,-277.67923139724303,-145.18721571896333,8.185000000000768,260.3650000000311,-0.34341397466567525,-3.546719298953197,5.472329585965099,-15.58976022459538
13239809.0,1.3634,0.0945,10.2873,-0.0155,0.0253,9.8065,-0.0064,0.2029,-0.1232,72.62,-79.97,-156.78,52.202,-2.199954,7.03,2,249.2,22 / 23,-7.606477329030003,2.3814531828021424,0.05866399998970034,-283.91052495940426,-129.37182258309537,13.133173370634825,False,54.39899999999943,-8.109523912612266,-1.2539015096441042,-278.4820730850032,-145.30830699427992,8.205900000001106,261.21046000004475,-0.5030465835822628,-3.6353546924462465,5.428451874401048,-15.936484411184551
13239910.0,0.3798,1.9105,11.5078,0.0222,-0.0004,9.8066,-0.0737,0.0868,-0.1166,71.91,-79.98,-155.11,52.202,-2.199954,7.03,2,249.2,22 / 23,-7.512093676710722,2.449658105375182,0.16884489999031949,-284.67401279519845,-129.12785146304105,13.14466257008388,False,54.5,-8.187259372649871,-1.2018356647049726,-279.3079485126832,-145.4207250648455,8.275,261.649,-0.6751656959391488,-3.6514937700801546,5.366064282515254,-16.292873601804445
13240010.0,0.1592,0.8113,9.7256,-0.0245,-0.0029,9.8066,0.0293,-0.1482,0.1381,71.37,-79.71,-154.49,52.202,-2.199954,7.03,2,249.2,22 / 23,-7.403837184231156,2.5859369051039343,0.24984989999061422,-285.4198093382483,-128.8760717125162,13.165597310083003,False,54.600000000000364,-8.195248951143755,-1.441799137270624,-280.12571442842307,-145.57639796304855,8.321111111111147,260.0220000000147,-0.7914117669125993,-4.027736042374558,5.294094909825219,-16.700326250532356
13240110.0,2.383,-3.9952,10.4788,-0.0437,0.04,9.8064,-0.0027,-0.0298,0.049,73.76,-79.33,-153.04,52.202,-2.199954,7.03,2,249.2,22 / 23,-7.548813452196504,2.540779367845707,0.27940489999072177,-286.16744187007237,-128.6197358988678,13.192060050082166,False,54.70000000000073,-8.216708750492938,-1.3262545345281003,-280.94348034413537,-145.6987123825617,8.323055555550756,260.83099999996386,-0.6678952982964335,-3.867033902373807,5.223961525937,-17.078976483693907
13240210.0,0.1743,1.483,8.9077,-0.0004,0.015,9.8066,-0.1674,-0.4383,0.3179,75.27,-79.12,-152.05,52.202,-2.199954,7.03,2,249.2,22 / 23,-7.656757563230454,2.501513036719729,0.26806489999088684,-286.92772042083266,-128.36762127864318,13.219433540080848,False,54.79999999999927,-8.062590604387886,-1.4453144919365404,-281.7476168279264,-145.8543852793479,8.19111111111103,259.83699999995787,-0.4058330411574316,-3.9468275286562697,5.180103592906278,-17.48676400070471
13240310.0,2.711,-0.76,10.0868,-0.0261,0.0892,9.8062,0.0243,-0.0206,0.0635,77.66,-79.01,-150.05,52.202,-2.199954,7.03,2,249.2,22 / 23,-7.610268639170777,2.4926789768275412,0.23712489999077435,-287.6910717309555,-128.1179116779649,13.244693030080024,False,54.899999999999636,-8.029555832567233,-1.6075242972349155,-282.5449385957789,-146.01005817684427,8.188888888885675,258.679000000021,-0.4192871933964559,-4.100203274062457,5.146133135176626,-17.892146498879356
13240410.0,-0.0899,2.6672,10.1905,-0.0418,0.0083,9.8065,-0.0262,-0.2391,0.2009,77.15,-79.11,-150.31,52.202,-2.199954,7.03,2,249.2,22 / 23,-7.506699621141136,2.507786729378758,0.2703248999908952,-288.44692014397384,-127.86788839265368,13.2700655200792,False,55.0,-7.982329894985155,-1.5425010365073604,-283.3422603635463,-146.1657310750366,8.13,259.063,-0.47563027384401924,-4.050287765886118,5.104659780427539,-18.29784268238292
13240510.0,1.5983,0.5643,8.9537,-0.0104,-0.0004,9.8066,0.0794,-0.1992,0.05,77.89,-78.84,-150.15,52.202,-2.199954,7.03,2,249.2,22 / 23,-7.350380527331022,2.591249613609959,0.2468698999908099,-289.1897741514002,-127.61293657550333,13.295925260078379,False,55.100000000000364,-8.172042627562321,-1.462874175008389,-284.16002627928583,-146.3102844779859,8.301944444442135,259.85099999996385,-0.8216621002312996,-4.054123788618348,5.029747872114342,-18.697347902482576
13240610.0,-0.4506,1.9248,9.617,-0.0142,-0.0108,9.8065,0.008,-0.2436,0.0957,78.87,-78.72,-149.74,52.202,-2.199954,7.03,2,249.2,22 / 23,-7.231173168678583,2.681595245131277,0.19473989999062036,-289.9188518362033,-127.34929433256531,13.31800575007753,False,55.20000000000073,-7.992329671108645,-1.7185143084454615,-284.95734804711094,-146.48819636104136,8.17500000000098,257.86499999996704,-0.7611565024300617,-4.400109553576739,4.961503789092376,-19.138902028476053
13240709.0,0.6531,1.5213,10.0732,-0.013,0.0219,9.8065,-0.065,0.0239,-0.0008,80.04,-78.56,-148.97,52.202,-2.199954,7.03,2,249.2,22 / 23,-7.07503923664592,2.8239758134337776,0.19854644999062662,-290.627009350268,-127.07676856516589,13.337473424401633,False,55.29900000000089,-7.990394062202378,-1.8495700027567534,-285.73995002846266,-146.67533742276694,8.201675000001412,256.9670699999525,-0.9153548255564576,-4.673545816190531,4.887059321805339,-19.59856885760105
13240810.0,1.6824,0.4406,9.3834,0.0226,0.0072,9.8066,-0.1085,-0.0398,-0.0236,82.53,-78.65,-148.59,52.202,-2.199954,7.03,2,249.2,22 / 23,-6.9696778498573675,2.847126029211366,0.19063309999072472,-291.33626756312765,-126.79037792211587,13.357126991675448,False,55.399999999999636,-8.000130375674667,-1.861688655814764,-286.545176866848,-146.85513961886787,8.2138888888871,256.8999999999463,-1.0304525258172994,-4.70881468502613,4.791090696279639,-20.064761696752
13240910.0,0.9105,1.4514,10.4777,0.0303,0.0167,9.8066,-0.0229,-0.0434,-0.0352,85.67,-78.66,-148.18,52.202,-2.199954,7.03,2,249.2,22 / 23,-6.86410028750057,2.849416138857494,0.20302309999076987,-292.02795646999806,-126.50555081371138,13.376809801674595,False,55.5,-7.935221718643889,-1.9906871397354224,-287.3356839186353,-147.06640997989194,8.181111111111111,255.917,-1.071121431143319,-4.840103278592917,4.692272551362748,-20.560859166180563
13241009.0,2.1187,1.3683,8.7692,0.0122,-0.0064,9.8066,-0.0665,-0.0783,-0.0224,85.77,-78.57,-149.07,52.202,-2.199954,7.03,2,249.2,22 / 23,-6.713311097526332,2.831906880026389,0.1848862999907406,-292.700038333558,-126.22432532427618,13.396011316973711,False,55.59900000000016,-7.960114288820735,-2.1952184918177626,-288.1250324687809,-147.27556763662037,8.257286111112343,254.5824799999784,-1.2468031912944033,-5.027125371844152,4.575005864777097,-21.051242312344186
13241110.0,1.4855,2.083,9.8522,0.0112,0.0052,9.8066,0.0617,-0.0781,-0.0443,84.52,-78.47,-149.79,52.202,-2.199954,7.03,2,249.2,22 / 23,-6.525403866760047,2.7897209232185465,0.13479534999045917,-293.3685934392582,-125.94043312021071,13.412155240297853,False,55.70000000000073,-7.993812422936038,-2.3495236053807633,-288.9303274542864,-147.52230917854087,8.331944444445606,253.620999999991,-1.4684085561759916,-5.13924452859931,4.4382659849717925,-21.581876058330153
13241210.0,3.7419,1.9952,8.582,-0.0235,-0.0233,9.8066,-0.0112,-0.0273,0.0068,85.16,-78.28,-150.34,52.202,-2.199954,7.03,2,249.2,22 / 23,-6.300863266687563,2.670541600713298,0.07584034999131717,-294.0099067959212,-125.66741999401809,13.422687025296788,False,55.79999999999927,-8.014176633408516,-2.3932426191827663,-289.7344639381048,-147.7558185244283,8.36388888889279,253.37299999997362,-1.7133133667209526,-5.063784219896064,4.275442857816415,-22.088398530410203
13241311.0,2.6407,1.0248,8.7817,0.0002,-0.0001,9.8066,0.1593,-0.1777,0.0147,84.98,-78.18,-150.73,52.202,-2.199954,7.03,2,249.2,23 / 23,-6.122231152532571,2.4864909786559086,-0.03776445000932105,-294.6372730640953,-125.40698984875849,13.42460985824589,False,55.90099999999984,-8.084638029494993,-2.5280532358389904,-290.5465736395625,-148.0142355348249,8.470699999997695,252.6355599999303,-1.9624068769624223,-5.014544214494899,4.090699424532829,-22.60724568606642
13241410.0,1.3464,1.6737,11.0952,-0.0375,-0.0143,9.8065,0.1268,-0.0313,0.0179,84.14,-78.15,-150.89,52.202,-2.199954,7.03,2,249.2,23 / 23,-5.973037092481409,2.4244596088107357,-0.024716250009299848,-295.23598884222446,-125.16389779467849,13.421517063594964,False,56.0,-7.9898753924453585,-2.6882691854046405,-291.3359221896506,-148.27843468044165,8.43,251.404,-2.0168382999639496,-5.112728794215377,3.900066652573855,-23.114536885763158
13241510.0,1.8867,1.6818,9.2053,-0.0115,-0.0219,9.8066,0.0493,-0.0128,-0.0209,83.97,-78.0,-151.37,52.202,-2.199954,7.03,2,249.2,23 / 23,-5.792480883996731,2.4038476795258976,0.009643749990825186,-295.8242647410505,-124.92248243026079,13.420763438594037,False,56.100000000000364,-8.118358172157098,-2.678761247891753,-292.1468733894374,-148.54530250431733,8.548888888892911,251.73899999998903,-2.325877288160367,-5.082608927417651,3.677391351613096,-23.62282007405655
13241611.0,1.5228,0.8742,10.9378,-0.0061,-0.0132,9.8066,0.1051,-0.0548,-0.0281,84.42,-78.0,-150.82,52.202,-2.199954,7.03,2,249.2,23 / 23,-5.649422740818572,2.3698001314525854,0.036398649990975515,-296.40208087410696,-124.68141321580502,13.42308857979313,False,56.20100000000093,-8.30048686598681,-2.8350896023931504,-292.9867189848825,-148.83718918621423,8.771311111116166,251.14195000002294,-2.6510641251682383,-5.204889733845736,3.415361889224471,-24.15577597040921
13241710.0,1.263,2.1239,9.9427,-0.0225,-0.0275,9.8065,-0.0552,0.003,0.0071,84.96,-77.91,-151.39,52.202,-2.199954,7.03,2,249.2,23 / 23,-5.490527357591483,2.3675347363001933,0.09912504998992447,-296.953508403969,-124.4469151398552,13.429797002942072,False,56.29999999999927,-8.45245260772908,-2.7903089302888624,-293.82329351667715,-149.11239663004685,8.901111111111687,251.73100000000468,-2.9619252501375977,-5.157843666589056,3.1302148872918565,-24.665481490191652
13241809.0,2.2276,0.2927,10.0893,0.0111,-0.0088,9.8066,0.0493,0.0961,-0.0995,83.89,-78.0,-151.46,52.202,-2.199954,7.03,2,249.2,23 / 23,-5.356448749842177,2.3279721981285557,0.11985069998995804,-297.49043372128784,-124.2144875466006,13.440636302566094,False,56.39899999999943,-8.473546811013563,-2.7763420195835304,-294.65986804848717,-149.38760407318424,8.916786111111941,251.85871000000677,-3.1170980611713857,-5.104314217712086,2.830565672800674,-25.17311652658364
13241909.0,1.5444,2.7167,9.2482,0.0145,-0.0203,9.8065,-0.0681,-0.1048,0.0636,85.19,-78.14,-151.84,52.202,-2.199954,7.03,2,249.2,23 / 23,-5.19026983915832,2.276030304849104,0.10606069998990794,-298.0177696507398,-123.98428742145087,13.45193187256513,False,56.498999999999796,-8.717000648361532,-2.7637558177678696,-295.538625672003,-149.65458309196396,9.144644444444111,252.4084599999992,-3.5267308092032117,-5.039786122616974,2.479143978736829,-25.670295670513084
13242010.0,2.8446,1.6849,9.4355,0.0161,0.0143,9.8066,-0.0254,0.0995,-0.0804,89.27,-78.26,-151.28,52.202,-2.199954,7.03,2,249.2,23 / 23,-4.9563680112927395,2.191184231071436,0.05911589998964421,-298.53017486219045,-123.75869308738562,13.460273290864144,False,56.600000000000364,-8.80124354749603,-2.7740081748457572,-296.42651501500006,-149.93523908721136,9.228055555557283,252.50600000000506,-3.8448755362032907,-4.965192405917193,2.103659847190386,-26.176545999825734
13242110.0,1.3584,2.2263,9.7418,0.0182,-0.0093,9.8065,-0.0447,-0.1303,0.0847,87.33,-78.45,-150.88,52.202,-2.199954,7.03,2,249.2,23 / 23,-4.74996205949469,2.110045040145046,0.03731589998956491,-299.0154913657316,-123.54363162382401,13.465094880863122,False,56.70000000000073,-8.90534302140932,-2.759389527253963,-297.31242809041055,-150.21322640492698,9.323055555561305,252.7840000000025,-4.155380961914631,-4.869434567399009,1.7030632753210284,-26.669594781102973
13242210.0,1.4222,0.0766,9.5011,-0.0001,0.0129,9.8066,-0.0267,-0.0134,-0.0141,87.7,-78.42,-150.59,52.202,-2.199954,7.03,2,249.2,23 / 23,-4.62460622469338,2.099239576179806,0.018795899989834407,-299.48421977993416,-123.33316739301084,13.46790047086205,False,56.79999999999927,-9.059689854523146,-2.7952616409112867,-298.21878531366457,-150.49121372051516,9.481111111114567,252.85300000002238,-4.435083629829766,-4.894501217091093,1.2654344662695962,-27.158046327504323
13242310.0,1.9701,-0.2776,9.4074,0.0029,0.002,9.8066,-0.0265,-0.1788,0.0928,87.44,-78.4,-150.11,52.202,-2.199954,7.03,2,249.2,24 / 24,-4.6229570138659275,2.0520644179811205,-0.016444100010293734,-299.9465979418638,-123.12560219330204,13.468018060861027,False,56.899999999999636,-9.180243882743396,-2.7248901382835036,-299.1387719688411,-150.75808154368372,9.576111111111976,253.46800000000644,-4.557286868877468,-4.776954556264624,0.8078259730226591,-27.632479350381672
13242410.0,1.7681,0.9832,9.543,-0.0016,0.0156,9.8066,-0.0176,-0.1104,0.0627,89.08,-78.44,-149.14,52.202,-2.199954,7.03,2,249.2,24 / 24,-4.575938057326577,1.9881094375544843,-0.04958910001041425,-300.40654269542506,-122.92359350052453,13.46471640085998,False,57.0,-9.201024334913441,-2.710451883660596,-300.0519439079981,-151.0360688613791,9.591944444444444,253.586,-4.625086277586864,-4.698561321215081,0.3545987874269372,-28.112475360854575
13242510.0,1.9946,0.4037,9.675,0.0093,0.0161,9.8065,0.027,-0.0956,0.0571,89.0,-78.61,-148.82,52.202,-2.199954,7.03,2,249.2,24 / 24,-4.495860047698223,1.9237392470638792,-0.0693541000104861,-300.86013260067796,-122.7280010662929,13.458769240858912,False,57.100000000000364,-9.402946210877111,-2.700514498843216,-300.99918942707006,-151.2918171928291,9.783055555556794,253.9760000000009,-4.907086163178889,-4.624253745907096,-0.1390568263921068,-28.56381612653618
13242609.0,1.3037,1.4121,10.1064,-0.0069,-0.0017,9.8066,0.0219,-0.1356,0.0403,88.71,-78.72,-148.84,52.202,-2.199954,7.03,2,249.2,24 / 24,-4.395708099351631,1.883821065530878,-0.06103315001047252,-301.30026522395764,-122.53952683081916,13.452315071982865,False,57.199000000000524,-9.47004917042805,-2.7109315950338906,-301.9369624909225,-151.56702463596648,9.850430555557883,254.02550000000173,-5.074341071076419,-4.594752660564769,-0.636697266964859,-29.02749780514732
13242710.0,2.3007,-0.4323,9.3475,-0.0101,-0.0047,9.8066,0.0183,-0.0656,-0.0226,88.28,-78.69,-149.36,52.202,-2.199954,7.03,2,249.2,24 / 24,-4.3347868629674196,1.826707033315349,-0.06908285001037268,-301.7411552195493,-122.35214516182974,13.445744213981893,False,57.29999999999927,-9.528675752003682,-2.6342990176813403,-302.9004951811236,-151.82555283986727,9.886111111118458,254.546000000001,-5.193888889036263,-4.461006050996689,-1.1593399615742896,-29.473407678037532
13242810.0,0.9044,1.6169,9.9751,0.0001,0.0005,9.8065,0.0205,-0.1905,0.1119,91.18,-78.75,-149.6,52.202,-2.199954,7.03,2,249.2,24 / 24,-4.263987359090532,1.786657020504874,-0.08361785001042552,-302.17109393065374,-122.17147695913808,13.438109178980826,False,57.399999999999636,-9.72458449590234,-2.683527766595754,-303.8681848480837,-152.09242066374253,10.088055555558496,254.57300000001163,-5.460597136811808,-4.470184787100628,-1.6970909174299322,-29.920943704604454
13242910.0,1.2302,0.4834,9.9939,-0.0117,0.0112,9.8065,-0.0324,0.057,-0.0529,88.0,-78.79,-149.39,52.202,-2.199954,7.03,2,249.2,24 / 24,-4.1490332568329915,1.8016237663817216,-0.06583285001036078,-302.59174496145147,-121.9920629197931,13.430636643979758,False,57.5,-9.786493640069223,-2.661499454646235,-304.8495039468785,-152.35928848759838,10.141944444444444,254.786,-5.637460383236231,-4.463123221027956,-2.2577589854270173,-30.367225567805278
13243010.0,0.5417,2.0661,10.2739,0.0181,0.0024,9.8066,-0.0324,-0.1288,0.0646,88.02,-78.92,-149.06,52.202,-2.199954,7.03,2,249.2,24 / 24,-4.0131747660721455,1.8402083199782335,-0.0331078500102417,-302.9998553625982,-121.80997131547444,13.42568960897871,False,57.600000000000364,-9.87961877856823,-2.5116734400010112,-305.8444524776786,-152.5927978341972,10.193888888890475,255.73599999998942,-5.866444012496084,-4.3518817599792445,-2.8445971150803757,-30.782826518722757
13243110.0,1.9789,-0.1909,9.7251,-0.001,0.0247,9.8065,-0.0331,0.1122,-0.0529,93.53,-79.01,-148.41,52.202,-2.199954,7.03,2,249.2,24 / 24,-3.9133369421600266,1.8407086738689487,-0.013822850010171542,-303.39618094801125,-121.6259254657814,13.42334307397768,False,57.70000000000073,-9.937952952859764,-2.6340722818079123,-306.839401008479,-152.85966565736473,10.281111111112596,255.15500000000603,-6.024616010699737,-4.474780955676861,-3.443220060467752,-31.233740191583323
13243210.0,1.9696,0.0683,9.1938,0.0158,0.0076,9.8066,-0.0249,-0.0654,0.0478,91.75,-79.01,-148.37,52.202,-2.199954,7.03,2,249.2,24 / 24,-3.913286478525212,1.7658646642842195,-0.048542850009666294,-303.78751211903983,-121.44559679887637,13.420224788976734,False,57.79999999999927,-9.985043350997254,-2.615615872572121,-307.84116425524127,-153.11541398951618,10.321944444441968,255.32100000002887,-6.071756872472042,-4.3814805368563405,-4.0536521362014355,-31.66981719063982
13243310.0,1.6118,0.1573,9.6311,-0.002,0.0162,9.8066,-0.0168,0.0961,-0.032,89.12,-79.04,-147.66,52.202,-2.199954,7.03,2,249.2,23 / 24,-3.8932166949381277,1.7092100938838914,-0.08796285000980966,-304.17783727771445,-121.27184306096733,13.413399503975736,False,57.899999999999636,-9.954263486616819,-2.4606657198245636,-308.8361127860414,-153.34892333540765,10.253888888890527,256.1150000000094,-6.061046791678692,-4.169875813708455,-4.658275508326938,-32.07708027444032
13243410.0,1.9116,0.57,9.5908,0.0092,0.0006,9.8066,0.0042,0.0039,-0.0088,91.61,-79.13,-147.58,52.202,-2.199954,7.03,2,249.2,23 / 24,-3.8478987567327683,1.654767026818292,-0.1075328500098808,-304.5648930502994,-121.10364420493161,13.403624718974715,False,58.0,-9.990750318972308,-2.437884070862901,-309.83106131679625,-153.5935521737064,10.283888888888889,256.28700000000003,-6.1428515622395405,-4.092651097681193,-5.266168266496834,-32.48990796877479
13243510.0,1.3138,0.9363,10.1411,0.0057,0.0027,9.8066,-0.0383,0.0174,-0.0259,94.16,-79.12,-147.49,52.202,-2.199954,7.03,2,249.2,23 / 24,-3.7643865635836575,1.6112931164155695,-0.10160285000985919,-304.94550731631665,-120.94034119776933,13.39316793397369,False,58.100000000000364,-9.849023376327775,-2.1778858459386545,-310.81919513161625,-153.80482253474608,10.086944444448521,257.53100000000234,-6.084636812744117,-3.789178962354224,-5.873687815299604,-32.86448133697675
13243610.0,1.4715,0.5953,9.6648,0.0117,0.0041,9.8066,-0.0191,0.0536,-0.0172,89.24,-79.11,-147.37,52.202,-2.199954,7.03,2,249.2,23 / 24,-3.678470256016654,1.591206536786118,-0.09197285000982414,-305.31765015729803,-120.78021621510867,13.38348914897267,False,58.20000000000073,-10.072851059717927,-2.20378852759931,-311.82777309432305,-154.02721238821005,10.31111111110921,257.65900000003205,-6.394380803701273,-3.7949950643854278,-6.510122937025017,-33.24699617310138
13243710.0,1.3243,0.9201,10.0628,0.0097,0.001,9.8066,-0.0167,0.0117,-0.0313,94.33,-79.15,-147.22,52.202,-2.199954,7.03,2,249.2,23 / 24,-3.5934258223477578,1.570505814718022,-0.0862578500099073,-305.68124496121095,-120.62213059753576,13.374577613971812,False,58.29999999999927,-10.054364098440114,-2.0382747141660857,-312.82953634108475,-154.2162437622731,10.258888888881218,258.5400000000149,-6.460938276092357,-3.6087805288841075,-7.148291379873797,-33.59411316473735
13243810.0,1.5891,0.6308,9.518,0.0105,0.0016,9.8066,-0.0315,0.0142,-0.0029,94.24,-79.15,-147.33,52.202,-2.199954,7.03,2,249.2,23 / 24,-3.508214385525027,1.5408271017237847,-0.08788285000991315,-306.0363269716059,-120.4665639517131,13.36587057897079,False,58.399999999999636,-9.86173397996598,-1.926038254017947,-313.81085543997807,-154.4163946308863,10.048055555556813,258.9489999999951,-6.353519594440952,-3.4668653557417315,-7.774528468372182,-33.94983067917319
13243909.0,1.1311,0.8812,10.1479,0.0165,0.0019,9.8066,0.0138,-0.0128,-0.0056,88.66,-79.29,-147.52,52.202,-2.199954,7.03,2,249.2,23 / 24,-3.425385488387124,1.5259235877993182,-0.08527915000990885,-306.3795401653651,-120.31475979258146,13.357299059969796,False,58.498999999999796,-9.881121631576406,-1.945782103510027,-314.78236134780974,-154.60353569259826,10.070880555555522,258.85990000000015,-6.455736143189282,-3.471705691309345,-8.402821182444654,-34.2887759000168
13244010.0,1.554,0.1922,9.5604,0.0057,-0.0029,9.8066,-0.0311,0.0079,-0.0289,90.18,-79.38,-147.77,52.202,-2.199954,7.03,2,249.2,23 / 24,-3.361623207813639,1.5151104234317307,-0.08048165000988186,-306.72228410452516,-120.16118757501343,13.348928139568748,False,58.600000000000364,-9.925119447731381,-1.8922406367269335,-315.78712306960006,-154.79445738112653,10.103888888889092,259.2060000000021,-6.563496239917742,-3.407351060158664,-9.064838965074898,-34.633269806113105
13244110.0,1.1176,0.4951,9.7138,0.0115,0.0004,9.8066,0.0182,-0.0151,-0.0139,88.05,-79.44,-147.78,52.202,-2.199954,7.03,2,249.2,23 / 24,-3.3178736754069345,1.5049407634994385,-0.09743665000994346,-307.0562589486874,-120.01018501566632,13.340032224567725,False,58.70000000000073,-9.939881520877378,-1.8740278415460696,-316.78207160037294,-154.97236926488893,10.114999999998505,259.32300000002,-6.622007845470444,-3.3789686050455083,-9.725812651685544,-34.9621842492226
13244210.0,1.1772,0.3548,9.6812,0.0025,0.0005,9.8066,-0.0052,0.0096,0.0061,90.17,-79.42,-147.69,52.202,-2.199954,7.03,2,249.2,23 / 24,-3.2659353965656495,1.5135894077935708,-0.1083516500097845,-307.38544940228127,-119.85925850710387,13.329742809566888,False,58.79999999999927,-9.91694204227043,-1.771298358800661,-317.77020541522853,-155.15028114723384,10.073888888886998,259.8729999999855,-6.65100664570478,-3.284887766594232,-10.384756012947264,-35.29102264012997
13244309.0,1.1283,0.3704,9.6425,0.0006,-0.0013,9.8066,0.0128,-0.0421,0.0252,88.08,-79.48,-147.67,52.202,-2.199954,7.03,2,249.2,23 / 24,-3.2206646523547477,1.5214001771520593,-0.1226868500098076,-307.70653610470333,-119.70902652264883,13.3183064038159,False,58.89899999999943,-9.853964361104167,-1.8300602573815772,-318.7417113231041,-155.33742220825917,10.022463888886168,259.4789799999792,-6.633299708749419,-3.3514604345336365,-11.035175218400752,-35.62839568561034
13244409.0,0.7511,0.5554,9.9652,-0.0025,0.0038,9.8066,0.0199,0.006,-0.0001,87.85,-79.58,-147.67,52.202,-2.199954,7.03,2,249.2,23 / 24,-3.1658245332038266,1.5518676726107896,-0.12296685000980859,-308.0258605639824,-119.55536313016013,13.306023718814874,False,58.998999999999796,-9.846447093784182,-1.7183626621912365,-319.7230304218996,-155.50443698801655,9.995269444444483,260.1006799999991,-6.680622560580355,-3.270230334802026,-11.697169857917174,-35.94907385785642
13244510.0,0.8833,0.7413,9.8582,0.0068,-0.0041,9.8066,0.0168,-0.0656,0.0139,89.65,-79.66,-147.69,52.202,-2.199954,7.03,2,249.2,23 / 24,-3.09163557474025,1.5944834267909882,-0.11235680000974893,-308.3418622994354,-119.39647239963945,13.29413987448882,False,59.100000000000364,-9.822267348356894,-1.7782797950186224,-320.71416271178265,-155.68401679497103,9.981944444444157,259.73799999999164,-6.730631773616643,-3.3727632218096106,-12.372300412347272,-36.28754439533158
13244609.0,0.9678,0.2998,9.9093,-0.0012,0.0021,9.8066,0.0267,-0.0178,-0.0042,89.06,-79.71,-147.51,52.202,-2.199954,7.03,2,249.2,23 / 24,-3.0308771460999444,1.6246548171848412,-0.10472390000973653,-308.6449266791175,-119.23712505656239,13.283394379837839,False,59.199000000000524,-9.792418597544406,-1.8533756145660634,-321.67892205086434,-155.86014955849495,9.966269444443903,259.2825999999843,-6.761541451444462,-3.4780304317509048,-13.033995371746869,-36.62302450193256
13244710.0,1.084,0.1014,9.5554,0.0026,-0.0021,9.8066,0.0199,-0.0411,0.0265,89.56,-79.78,-147.49,52.202,-2.199954,7.03,2,249.2,23 / 24,-3.0011549635635246,1.645118779807009,-0.11222820000964345,-308.9495443006517,-119.07200148991635,13.272438298786996,False,59.29999999999927,-9.871801733914952,-1.6202849834049273,-322.6768009094968,-156.0287210672378,10.003888888885909,260.67899999996246,-6.870646770351427,-3.2654037632119364,-13.727256608845096,-36.95671957732145
13244809.0,0.9111,0.0143,9.8834,-0.0014,0.0027,9.8066,0.0215,-0.0189,-0.0017,89.54,-79.87,-147.32,52.202,-2.199954,7.03,2,249.2,23 / 24,-2.9860672069302003,1.6677076474139343,-0.12086595000965733,-309.24591179809164,-118.90801658176865,13.260900138361022,False,59.39899999999943,-9.761490587224642,-1.7816355696541581,-323.6348136797578,-156.2048538307617,9.922763888884596,259.6563299999459,-6.775423380294442,-3.449343217068092,-14.388901881666186,-37.29683724899304
13244910.0,0.7527,0.0223,9.7284,0.0055,0.0002,9.8066,-0.0045,-0.0363,0.0167,89.48,-79.95,-147.19,52.202,-2.199954,7.03,2,249.2,23 / 24,-2.97483089809569,1.7074604242506892,-0.12094170000965766,-309.54693715239716,-118.73757059414862,13.248688852034977,False,59.5,-9.6823068146845,-1.7088201499736901,-324.6121802433451,-156.37342534020215,9.831944444444446,259.991,-6.70747591658881,-3.4162805742243796,-15.065243090947945,-37.635854746053525
13245010.0,0.4924,0.2557,9.8792,0.0042,0.0033,9.8066,0.0106,-0.0317,0.0172,89.46,-80.04,-147.02,52.202,-2.199954,7.03,2,249.2,23 / 24,-2.951855628414358,1.7678749687049526,-0.12122670000965857,-309.84327147872375,-118.56380382450021,13.236580432033968,False,59.600000000000364,-9.715287200618441,-1.7470057748609176,-325.57986991027747,-156.5402177294171,9.871111111110944,259.80600000000146,-6.763431572204083,-3.51488074356587,-15.736598431553716,-37.97641390491688
13245110.0,0.6487,0.1635,9.7448,0.0017,0.0042,9.8066,-0.0074,-0.0297,0.0263,91.93,-80.13,-146.74,52.202,-2.199954,7.03,2,249.2,23 / 24,-2.920643736923688,1.8329827348496606,-0.12069170000965654,-310.1368964469917,-118.38376093932183,13.224484512032959,False,59.70000000000073,-9.708692790402894,-1.7318292429738213,-326.5543742931894,-156.7181296117644,9.861944444440988,259.88599999998985,-6.788049053479206,-3.564811977823482,-16.4174778461977,-38.334368672442565
13245210.0,0.4712,0.3242,9.8471,0.0051,0.0051,9.8066,0.0077,-0.0423,0.0179,89.63,-80.24,-146.4,52.202,-2.199954,7.03,2,249.2,23 / 24,-2.8859047379116887,1.8991212323377196,-0.12176170000964096,-310.4272238707293,-118.19715574096517,13.21236184203217,False,59.79999999999927,-9.606672493445313,-1.7621144640932718,-327.5084345281706,-156.88492200239116,9.766944444445535,259.60600000000255,-6.720767755533624,-3.6612356964309916,-17.081210657441318,-38.68776626142599
13245310.0,0.567,-0.2485,9.7774,0.0006,0.0055,9.8065,0.011,-0.0192,0.0244,90.31,-80.3,-146.18,52.202,-2.199954,7.03,2,249.2,24 / 25,-2.8725500245369697,1.9698393150280713,-0.1212017000096389,-310.71514660885276,-118.00370771359619,13.200213672031161,False,59.899999999999636,-9.6383324539177,-1.7557528172127146,-328.4693094791757,-157.06283388544622,9.796944444437456,259.6759999999739,-6.76578242938073,-3.725592132240786,-17.754162870322943,-39.05912617185004
13245409.0,0.1147,-0.0553,10.0063,0.0024,0.0041,9.8066,0.0122,-0.0454,0.0222,92.7,-80.38,-146.0,52.202,-2.199954,7.03,2,249.2,24 / 25,-2.8752872729997185,2.057206597691421,-0.11276690000962522,-310.99966455508127,-117.80436894091625,13.188632226330189,False,59.998999999999796,-9.498970729990397,-1.8115371609592426,-329.4070825429599,-157.23896664895733,9.67016944444463,259.2027800000007,-6.623683456990678,-3.8687437586506634,-18.40741798787866,-39.43459770804108
13245509.0,0.2294,-0.2924,9.6846,0.0005,0.0026,9.8065,-0.0083,-0.017,0.0121,92.82,-80.46,-145.7,52.202,-2.199954,7.03,2,249.2,24 / 25,-2.877965361710132,2.1627177042133625,-0.10888690000961108,-311.28732718681783,-117.59337272582025,13.177549536329186,False,60.09900000000016,-9.521774187518144,-1.7591490685879616,-330.3543280620309,-157.41687853130495,9.682913888889116,259.5326200000054,-6.643808825808012,-3.921866772801324,-19.06700087521307,-39.8235058054847
13245610.0,0.0006,-0.2651,9.9298,0.0059,0.0037,9.8066,0.0245,0.0007,-0.0027,89.9,-80.54,-145.45,52.202,-2.199954,7.03,2,249.2,24 / 25,-2.894010825738059,2.2751908851016664,-0.10883135000961072,-311.5788119842856,-117.36925834205857,13.166554764703154,False,60.20000000000073,-9.414757188252599,-1.7337069406306174,-331.3042313203146,-157.58545004075833,9.57305555555512,259.5659999999964,-6.52074636251454,-4.008897825732284,-19.725419336029006,-40.21619169869976
13245710.0,0.2332,-0.218,9.8844,0.0048,-0.0002,9.8066,0.0201,-0.0041,0.0004,87.13,-80.66,-145.21,52.202,-2.199954,7.03,2,249.2,24 / 25,-2.9111113712654006,2.3855717548877307,-0.09878635000975686,-311.86906809413153,-117.13622021006249,13.156173879702337,False,60.29999999999927,-9.400004327084346,-1.747788411053007,-332.2378474074087,-157.76336192310325,9.561111111111293,259.46699999998316,-6.488892955818946,-4.133360165940738,-20.368779313277173,-40.62714171304076
13245812.0,0.0367,-0.1928,9.8552,0.0048,-0.0009,9.8065,-0.0002,-0.0169,-0.0077,89.93,-80.77,-144.92,52.202,-2.199954,7.03,2,249.2,24 / 25,-2.924831704748898,2.4963282029281686,-0.09234505000970812,-312.16670119101053,-116.887243312212,13.14642617830127,False,60.402000000000044,-9.38846500964484,-1.8229499246344911,-333.1968142379249,-157.95572914568848,9.563811111104501,259.01174000001936,-6.463633304895941,-4.31927812756266,-21.03011304691438,-41.06848583347649
13245909.0,-0.035,-0.012,9.7919,0.0071,0.0046,9.8066,0.0028,0.0216,-0.0221,90.11,-80.84,-144.57,52.202,-2.199954,7.03,2,249.2,24 / 25,-2.9253712756344035,2.61501085607527,-0.09070575000971225,-312.4504360355584,-116.63934336785096,13.13754821450035,False,60.498999999999796,-9.289091001616514,-1.7487131015753803,-334.0958115678766,-158.1175177645862,9.452261111111278,259.3386299999995,-6.3637197259821106,-4.363723957650651,-21.645375532318155,-41.478174396735255
13246010.0,0.1238,0.0334,9.8993,0.0087,-0.0002,9.8066,0.0107,0.0056,0.0036,94.94,-80.91,-144.36,52.202,-2.199954,7.03,2,249.2,24 / 25,-2.909674358095841,2.733424345141707,-0.08677180000969006,-312.74510584006345,-116.36924739018798,13.128585598224321,False,60.600000000000364,-9.209751966133428,-1.7848569694252583,-335.01825152083984,-158.29709757084063,9.381111111110691,259.03199999999583,-6.300077608037587,-4.518281314566965,-22.273145680776395,-41.927850180652655
13246110.0,0.2229,0.0489,9.7558,0.0054,-0.001,9.8066,0.005,-0.0011,-0.0014,93.03,-81.02,-144.18,52.202,-2.199954,7.03,2,249.2,24 / 25,-2.888571673002496,2.837324725280499,-0.08468180000968235,-313.0350181416194,-116.09070993666586,13.12001291822332,False,60.70000000000073,-9.179928000917267,-1.8171751920961838,-335.93142346006306,-158.48612894632058,9.358055555551847,258.80300000001205,-6.29135632791477,-4.654499917376683,-22.89640531844367,-42.39541900965472
13246210.0,0.2574,-0.0765,9.7967,0.0087,0.0025,9.8066,-0.0014,0.0106,-0.0067,93.15,-81.09,-143.9,52.202,-2.199954,7.03,2,249.2,24 / 25,-2.8750235106286217,2.935180603126323,-0.08772180000963804,-313.32319790079674,-115.80208467024971,13.111392738222479,False,60.79999999999927,-9.090186445702622,-1.7447358778865825,-336.8377806833166,-158.65292133624,9.256111111110345,259.13499999999385,-6.215162935074001,-4.6799164810129055,-23.51458278251988,-42.8508366659903
13246311.0,0.2582,-0.4164,9.8764,0.0077,0.0044,9.8066,-0.0063,-0.0237,0.0194,93.17,-81.2,-143.62,52.202,-2.199954,7.03,2,249.2,24 / 24,-2.8847776950885415,3.0335099260844687,-0.08470190000962102,-313.6140678616871,-115.50066579852287,13.102685341371458,False,60.90099999999984,-9.064125260249384,-1.7667754971449234,-337.75313333166037,-158.83250114318685,9.234711111109494,258.9702400000181,-6.1793475651608425,-4.800285423229392,-24.139065469973275,-43.33183534466397
13246410.0,0.331,-0.2311,9.761,0.0018,0.004,9.8066,0.0126,0.0147,-0.0064,90.41,-81.28,-143.3,52.202,-2.199954,7.03,2,249.2,24 / 24,-2.904303885287784,3.126421864363797,-0.08350895000961905,-313.9006273999162,-115.1957491748952,13.094358904295493,False,61.0,-9.045773981470548,-1.7106884188167992,-338.64368041381033,-158.99762560849706,9.206111111111111,259.291,-6.141470096182764,-4.837110283180596,-24.743053013894155,-43.80187643360186
13246510.0,0.0289,0.1434,9.7551,0.0051,-0.0012,9.8066,0.0179,-0.0035,0.0092,95.22,-81.35,-143.09,52.202,-2.199954,7.03,2,249.2,24 / 24,-2.893344430146529,3.229587757327357,-0.08836895000963668,-314.1905098156889,-114.87794869380949,13.0857650092945,False,61.100000000000364,-9.045812720125573,-1.666582801868627,-339.5500376370801,-159.16441799912644,9.198055555554662,259.56099999999265,-6.152468289979044,-4.896170559195983,-25.35952782139117,-44.286469305316956
13246610.0,0.0575,-0.4228,9.9938,0.0038,-0.0006,9.8066,0.0162,0.0296,-0.0352,93.57,-81.41,-142.72,52.202,-2.199954,7.03,2,249.2,24 / 24,-2.8886247576859123,3.347284707191089,-0.08158895000961192,-314.4796082750816,-114.54910507058237,13.077267114293507,False,61.20000000000073,-8.985607863673167,-1.7207612331617301,-340.4427654284438,-159.33121038834156,9.148888888890133,259.15899999999783,-6.096983105987254,-5.068045940352819,-25.963157153362204,-44.78210531775919
13246709.0,-0.2563,-0.1562,9.9869,0.0073,-0.0036,9.8066,0.0219,-0.0138,-0.0036,93.63,-81.5,-142.46,52.202,-2.199954,7.03,2,249.2,24 / 24,-2.899470937480033,3.4792877706056697,-0.06340265000958242,-314.76611901199277,-114.21118973293089,13.070090030092546,False,61.29900000000089,-9.017063676472109,-1.7363168310282082,-341.34005907945243,-159.50734315186548,9.182713888890678,259.10058999999694,-6.117592738992076,-5.215604601633878,-26.57394006745966,-45.296153418934594
13246810.0,-0.0381,-0.4754,9.7826,0.0045,0.0024,9.8065,-0.0129,0.0029,-0.0049,91.12,-81.54,-142.02,52.202,-2.199954,7.03,2,249.2,24 / 24,-2.91564427878407,3.6182351803040707,-0.055514550009680065,-315.0597823304105,-113.85276482391438,13.064084711491647,False,61.399999999999636,-9.007704325885715,-1.7235259759069415,-342.2486651589587,-159.67591466131444,9.171111111103517,259.16800000001996,-6.092060047101645,-5.341761156211012,-27.18888282854823,-45.82314983740005
13246910.0,-0.0712,-0.2668,9.8306,0.0067,0.0076,9.8065,0.0034,-0.0079,0.0076,92.27,-81.61,-141.43,52.202,-2.199954,7.03,2,249.2,24 / 24,-2.93930848853144,3.746797685992574,-0.05551955000967998,-315.35252996877733,-113.48451318059821,13.05853300649066,False,61.5,-8.88167885730784,-1.6406709368980077,-343.13457823430394,-159.83158755879944,9.031944444444445,259.534,-5.9423703687764,-5.387468622890582,-27.782048265526612,-46.34707437820123
13247010.0,0.205,-0.1278,9.8253,0.0046,0.0045,9.8065,-0.0027,-0.0016,-0.0032,91.42,-81.67,-140.91,52.202,-2.199954,7.03,2,249.2,24 / 24,-2.9455665783859075,3.86287011146258,-0.05338955000967213,-315.6467737221243,-113.10402979072407,13.053087551489671,False,61.600000000000364,-8.879740405574545,-1.4595244308303823,-344.02049130965946,-159.9761409638703,8.998888888889798,260.66599999998414,-5.934173827188637,-5.322394542292963,-28.373717587535168,-46.87211117314624
13247109.0,0.074,-0.2818,9.8791,0.0049,0.0028,9.8066,-0.0107,-0.0273,0.0109,94.86,-81.72,-140.68,52.202,-2.199954,7.03,2,249.2,24 / 24,-2.9501936763522654,3.970883512366823,-0.0488801000096648,-315.9386138547343,-112.71625898634389,13.048025203813706,False,61.699000000000524,-8.905476865754745,-1.6017605884631467,-344.89754525428657,-160.13025713169114,9.0483888888906,259.80370999997024,-5.955283189402479,-5.57264410082997,-28.958931399552284,-47.41399814534725
13247210.0,-0.0849,-0.0273,9.7328,0.0046,0.0088,9.8065,-0.0075,-0.0235,0.0191,94.33,-81.77,-140.6,52.202,-2.199954,7.03,2,249.2,24 / 24,-2.9461327609339865,4.095243381229029,-0.04895080000966394,-316.23637833981354,-112.30891957822234,13.043084743362792,False,61.79999999999927,-8.972382240338204,-1.5483481305060485,-345.8059468923429,-160.28748675815245,9.104999999998796,260.20900000001075,-6.026249479404218,-5.643591511735077,-29.569568552529347,-47.97856717993011
13247310.0,-0.042,-0.2007,9.8022,0.0022,0.0034,9.8066,-0.0036,-0.0335,0.0214,95.17,-81.82,-140.14,52.202,-2.199954,7.03,2,249.2,24 / 24,-2.937236464645034,4.223805735397514,-0.05286580000967821,-316.5305468010936,-111.8929671223895,13.037993913361806,False,61.899999999999636,-8.947632693140928,-1.4966780521042486,-346.7054893996587,-160.43204016180846,9.071944444440518,260.5039999999776,-6.010396228495894,-5.720483787501763,-30.17494259856511,-48.53907303941895
13247409.0,-0.2162,-0.2072,9.969,-0.0014,0.0055,9.8066,0.0133,-0.0323,0.0157,95.29,-81.87,-139.9,52.202,-2.199954,7.03,2,249.2,24 / 24,-2.9356196626577624,4.358227018613664,-0.04504975000966559,-316.8212531793955,-111.46815650106527,13.03314709363584,False,61.998999999999796,-8.86663995587792,-1.5477742148392264,-347.5825433441683,-160.5751480328177,9.000719444444549,260.0981000000006,-5.931020293220158,-5.906001233452891,-30.761290164772788,-49.10699153175244
13247510.0,0.1255,-0.3533,9.7695,0.0002,0.0014,9.8066,0.0002,-0.0318,0.0171,95.17,-81.9,-139.45,52.202,-2.199954,7.03,2,249.2,24 / 24,-2.9424073740661227,4.487633969250965,-0.03872715000962999,-317.11809354475173,-111.02144052117559,13.028916360184843,False,62.100000000000364,-8.850864952714138,-1.510839259422363,-348.47731555033226,-160.73226646436476,8.978888888887942,260.31299999999993,-5.908457578648015,-5.998473228673328,-31.359222005580534,-49.710825943189164
13247610.0,0.2384,-0.3859,9.7952,-0.001,0.003,9.8066,0.0282,0.0014,-0.0113,95.48,-81.93,-139.06,52.202,-2.199954,7.03,2,249.2,24 / 24,-2.95995316840538,4.59398270489329,-0.041157150009638765,-317.4132115718764,-110.56735968746673,13.024922145183865,False,62.20000000000073,-8.799582487381256,-1.5025595368724638,-349.35641390973365,-160.8768198687277,8.926944444437503,260.3100000000206,-5.839629318975876,-6.0965422417657535,-31.943202337857258,-50.30946018126096
13247711.0,0.0573,0.0828,9.6708,0.0024,0.0,9.8065,0.0161,-0.0157,0.0114,95.74,-81.96,-138.71,52.202,-2.199954,7.03,2,249.2,24 / 24,-2.9548554241657055,4.702695151040575,-0.04859580000954657,-317.71190940579754,-110.09787745574789,13.020389621207952,False,62.300999999999476,-8.623196067132564,-1.3849905080072866,-350.2233820747366,-161.01158811978252,8.733711111101856,260.8755400000021,-5.668340642966859,-6.087685659047862,-32.511472668939064,-50.913710664034625
13247810.0,0.0536,-0.1858,9.9752,-0.0011,-0.0012,9.8066,0.0025,-0.0076,-0.0127,93.33,-81.97,-138.33,52.202,-2.199954,7.03,2,249.2,24 / 24,-2.941306525260952,4.817416158671963,-0.046977150009543944,-318.0037694222946,-109.62663194591636,13.015658760182,False,62.399999999999636,-8.38985646230487,-1.3394821963206878,-351.04646346887847,-161.14368769260113,8.496111111110716,260.9289999999837,-5.448549937043918,-6.156898354992651,-33.04269404658385,-51.517055746684775
13247910.0,-1.2823,-0.976,10.1325,0.0018,-0.0012,9.8066,0.0371,0.0027,-0.004,94.54,-81.97,-138.22,52.202,-2.199954,7.03,2,249.2,24 / 24,-2.9762934232173266,5.004552627435399,-0.022257150009453983,-318.29964941971963,-109.1355335066092,13.012197045181036,False,62.5,-8.375626259341779,-1.3820706681373707,-351.87785881646477,-161.28824109766126,8.488888888888889,260.63,-5.399332836124453,-6.38662329557277,-33.57820939674514,-52.15270759105205
13248010.0,-2.0841,-1.7985,10.0374,-0.001,-0.0016,9.8066,0.0065,-0.0342,0.0045,92.8,-81.91,-138.02,52.202,-2.199954,7.03,2,249.2,24 / 24,-3.087140748471563,5.302373137666896,0.005572849990647329,-318.60282112830515,-108.62018721835221,13.011362830180094,False,62.600000000000364,-8.298438030863766,-1.377220238113621,-352.7092541641652,-161.42167500959889,8.411944444440644,260.577000000001,-5.211297282392202,-6.679593375780517,-34.10643303586005,-52.80148779124667
13248110.0,-2.8693,-2.0359,9.8576,-0.0173,-0.0109,9.8066,0.0836,-0.0161,-0.0095,91.78,-81.76,-138.47,52.202,-2.199954,7.03,2,249.2,24 / 24,-3.2546375808319747,5.679369032316075,0.019657849990698605,-318.9199100447715,-108.07110010985107,13.012624365179166,False,62.70000000000073,-8.093653258791178,-1.3352518016861872,-353.5133906479435,-161.55510892153654,8.203055555550462,260.63199999999836,-4.839015677959203,-7.014620834002262,-34.593480603172,-53.48400881168547
13248210.0,-3.3167,-2.5312,10.0766,-0.0202,-0.0085,9.8066,0.0584,-0.0318,0.0236,90.91,-81.39,-139.97,52.202,-2.199954,7.03,2,249.2,24 / 24,-3.463330793974549,6.115939809492166,0.03570284999046512,-319.2558084635069,-107.48133466776925,13.015392400178184,False,62.79999999999927,-7.954464130210619,-1.3188499888169254,-354.3038976998001,-161.68854283347136,8.063055555545299,260.58600000001536,-4.49113333623607,-7.434789798309091,-35.04808923629315,-54.20720816570211
13248310.0,-2.0691,-0.4708,10.0826,-0.0159,-0.0081,9.8066,0.0338,-0.1267,0.0414,88.62,-81.2,-140.68,52.202,-2.199954,7.03,2,249.2,24 / 24,-3.6041345147796964,6.50908840415488,0.0629978499905644,-319.60918172894594,-106.85008325708459,13.020327435177254,False,62.899999999999636,-7.685482604321037,-1.216160870135477,-355.0671458878308,-161.81085725227598,7.781111111105532,261.0079999999912,-4.081348089541341,-7.725249274290357,-35.45796415888486,-54.96077399519139
13248410.0,-2.9319,-1.644,9.9029,-0.022,-0.0128,9.8065,0.011,-0.1555,0.0256,84.22,-81.07,-141.01,52.20193,-2.200305,1.3,2,260.03,24 / 24,-3.724735787488296,6.8722424725358495,0.08160784999063217,-319.97562524406067,-106.18101671324762,13.02755772017634,False,63.0,-7.581135561381885,-1.221359147774398,-355.8235793598264,-161.93317167248634,7.678888888888888,260.848,-3.856399773893589,-8.093601620310247,-35.84795411576573,-55.75215495923872
13248510.0,-2.0341,-0.5178,9.9203,-0.0097,-0.0038,9.8066,0.0333,-0.1913,-0.0075,83.95,-80.79,-141.8,52.20193,-2.200305,1.3,2,260.03,24 / 24,-3.860781418136453,7.231016777896649,0.09210284999067041,-320.3549011043433,-105.47585375072343,13.036243255175437,False,63.100000000000364,-7.328416400865549,-1.2005995543985115,-356.54593925205523,-162.05548609129073,7.426111111106342,260.6960000000031,-3.4676349827290958,-8.43161633229516,-36.191038147711936,-56.5796323405673
13248611.0,-2.1147,0.1633,9.768,-0.0086,-0.0087,9.8066,0.0165,-0.2747,-0.0242,90.73,-80.65,-143.2,52.20193,-2.200305,1.3,2,260.03,24 / 24,-3.8840300578497042,7.560867649207604,0.09589034999069174,-320.7460140838828,-104.72886358715047,13.045736911774549,False,63.20100000000093,-7.070224111640496,-1.1359245858648592,-357.2546015652019,-162.1676817720161,7.160899999988474,260.8730100000309,-3.1861940537907913,-8.696792235072463,-36.50858748131907,-57.438818184865625
13248710.0,-2.0416,0.0054,10.1581,-0.0058,-0.0156,9.8066,0.035,-0.2881,-0.0385,96.07,-80.6,-144.64,52.20193,-2.200305,1.3,2,260.03,24 / 24,-3.8469678660890425,7.886216166827103,0.11137394999043233,-321.12869848111137,-103.96423293826956,13.055996494623443,False,63.29999999999927,-6.792505271535079,-0.9950362486015,-357.9225118768296,-162.266756452328,6.864999999990036,261.66599999996737,-2.9455374054460366,-8.881252415428603,-36.793813395718246,-58.302523514058436
13248810.0,-2.6879,0.2917,9.8018,-0.0066,-0.0221,9.8065,0.0395,-0.2886,-0.0675,98.08,-80.55,-146.89,52.20193,-2.200305,1.3,2,260.03,24 / 24,-3.7779343859174466,8.239020857876703,0.1287039499904954,-321.5099435937131,-103.15797108703144,13.068000389622533,False,63.399999999999636,-6.505753694810039,-1.0573147787255457,-358.56990989343404,-162.36683188628123,6.5911111110985,260.7690000000273,-2.7278193088925926,-9.29633563660225,-37.05996629972094,-59.20886079924979
13248910.0,-0.8715,-0.0319,10.1646,0.0016,-0.0314,9.8065,0.0357,-0.309,-0.0535,102.53,-80.55,-150.29,52.20193,-2.200305,1.3,2,260.03,24 / 24,-3.7053459931201487,8.531578859475573,0.14635894999055968,-321.88410761266636,-102.31944110116078,13.081753534621635,False,63.5,-6.286299697664615,-0.9654201733658678,-359.19004904618123,-162.46690732022716,6.36,261.269,-2.580953704544466,-9.49699903284144,-37.305941433514874,-60.14746621906639
13249010.0,-2.3776,0.0173,9.9955,0.0025,-0.0228,9.8066,-0.0442,-0.3266,-0.0098,104.32,-80.62,-152.75,52.20193,-2.200305,1.3,2,260.03,24 / 24,-3.629410241165692,8.806289452991935,0.17369894999065918,-322.25084542438196,-101.45254768553424,13.097756429620754,False,63.600000000000364,-6.113622263390025,-0.9369353342244793,-359.803373482965,-162.5558632610476,6.184999999994871,261.2869999999914,-2.484212022224333,-9.743224787216414,-37.55252805858305,-61.10331557551335
13249109.0,-1.5801,-0.7994,9.5183,0.002,-0.0121,9.8066,-0.0316,-0.2637,-0.0052,102.23,-80.79,-154.61,52.20193,-2.200305,1.3,2,260.03,24 / 24,-3.584459610751912,9.120713322972655,0.16877369999065128,-322.60793198205243,-100.56516104812256,13.114708825794857,False,63.699000000000524,-5.830180797325625,-0.9425107658478498,-360.37008526259046,-162.65493794136134,5.905874999990358,260.81674999998376,-2.2457211865737134,-10.063224088820505,-37.76215328053803,-62.08977689323878
13249210.0,-1.3583,-0.4311,10.2153,0.0055,0.0032,9.8066,-0.0152,-0.26,0.0245,106.63,-80.88,-155.07,52.20193,-2.200305,1.3,2,260.03,24 / 24,-3.5680236010571966,9.396468423813152,0.174848849990576,-322.96913238424435,-99.63004336992147,13.132061764568693,False,63.79999999999927,-5.725535928434133,-0.9264115349610533,-360.9482457650003,-162.74489463723324,5.799999999991309,260.8090000000262,-2.1575123273769363,-10.322879958774205,-37.97911338075596,-63.11485126731178
13249310.0,-1.0582,0.4941,9.6514,-0.0014,0.0027,9.8066,-0.0159,-0.2926,0.0222,106.62,-80.88,-155.06,52.20193,-2.200305,1.3,2,260.03,23 / 23,-3.4861670068095925,9.62592180693827,0.18751884999062216,-323.321841914639,-98.67892385838043,13.150180149567818,False,63.899999999999636,-5.50042814745163,-0.8192966402195986,-361.4934230421407,-162.82273108492103,5.561111111095832,261.5279999999632,-2.0142611406420374,-10.445218447157869,-38.171581127501724,-64.1438072265406
13249410.0,-0.9515,0.5894,9.2331,0.0206,-0.0193,9.8066,-0.0076,-0.1832,-0.0136,110.83,-80.93,-155.65,52.20193,-2.200305,1.3,2,260.03,23 / 23,-3.354496163187838,9.816342877256448,0.1510788499904897,-323.6638750731401,-97.70681062416716,13.167110034566935,False,64.0,-5.21395511189891,-0.8395276404052805,-362.01134145537696,-162.9116870264421,5.2811111111111115,260.853,-1.859458948711072,-10.655870517661729,-38.34746638223686,-65.20487640227495
13249510.0,-1.1782,0.056,10.384,0.018,-0.03,9.8066,-0.0162,-0.2003,-0.1092,107.97,-81.31,-157.88,52.20193,-2.200305,1.3,2,260.03,23 / 23,-3.2394498141499497,10.017765739958248,0.15126884999049048,-323.9935723720082,-96.71510519330282,13.18222741956604,False,64.10000000000036,-5.103507760182873,-0.8142522747631412,-362.51563043674287,-162.98952347554433,5.16805555554544,260.9349999999714,-1.864057946032923,-10.83201801472139,-38.522058064734665,-66.27441828224151
13249610.0,-0.9204,-1.1106,10.0257,-0.0062,-0.0325,9.8066,-0.0659,-0.0481,-0.1404,109.25,-81.59,-160.65,52.20193,-2.200305,1.3,2,260.03,23 / 23,-3.2076582782304532,10.247660604071378,0.19108884999063544,-324.31592777662837,-95.70183387609765,13.199345304565158,False,64.20000000000073,-4.5327092792279835,-0.851221562569506,-362.95858697444754,-163.08959890949595,4.611944444438189,259.36400000009456,-1.3250510009975303,-11.098882166640884,-38.64265919781917,-67.3877650333983
13249709.0,-1.1526,-2.1449,10.1062,-0.0013,-0.0422,9.8065,-0.0012,0.0109,-0.087,104.28,-81.78,-165.04,52.20193,-2.200305,1.3,2,260.03,23 / 23,-3.289297824128518,10.503494318528249,0.216759549990677,-324.6375271036957,-94.67465170742732,13.219533800364266,False,64.29900000000089,-4.397753457713851,-0.6230723004499061,-363.39036737795374,-163.14464039770328,4.441719444435437,261.9370100001362,-1.1084556335853328,-11.126566618978154,-38.75284027425806,-68.46998869027597
13249811.0,-0.5084,0.0193,9.4547,0.0125,0.0004,9.8066,0.0375,0.1357,-0.1386,96.92,-81.89,-167.67,52.20193,-2.200305,1.3,2,260.03,23 / 23,-3.3441384606186957,10.733776511438066,0.21408714999070452,-324.97583235421433,-93.59155089511016,13.24150698206309,False,64.40099999999984,-4.409863368696443,-0.5900262093797742,-363.84184231057935,-163.20134981050936,4.449161111100187,262.3790899999781,-1.0657249080777471,-11.32380272081784,-38.86600995636502,-69.6097989153992
13249910.0,-0.213,-2.5504,9.4241,-0.006,0.0231,9.8066,0.0313,0.2373,-0.1673,96.19,-81.86,-168.53,52.20193,-2.200305,1.3,2,260.03,23 / 23,-3.4412147004606988,10.902082371525871,0.1777293999906458,-325.3117073356883,-92.52057588040171,13.260901901287198,False,64.5,-4.214608183532875,-0.5929246574575698,-364.25338300764713,-163.25639129941294,4.256111111111111,261.992,-0.7733934830721765,-11.49500702898344,-38.94167567195882,-70.73581541901123
13250009.0,-0.5963,0.2263,10.4389,0.0027,0.003,9.8066,0.1366,0.0171,0.0028,90.89,-81.77,-169.48,52.20193,-2.200305,1.3,2,260.03,23 / 23,-3.5369397112167515,11.075794955602342,0.19008954999066582,-325.6571259790669,-91.4326709527071,13.279108939311303,False,64.59900000000016,-3.934648226121186,-0.6046253567339711,-364.63793742951566,-163.32244108582194,3.98083611110666,261.2633599999882,-0.3977085149044344,-11.680420312336313,-38.980811450448755,-71.88977013311484
13250110.0,-0.7834,-1.2063,10.236,-0.0183,0.005,9.8065,0.0773,0.2224,-0.0999,90.95,-81.57,-170.0,52.20193,-2.200305,1.3,2,260.03,23 / 23,-3.573582750417227,11.269797945777874,0.24370034999096718,-326.01620736338145,-90.30421851118106,13.3010153292605,False,64.70000000000073,-3.6872630740673316,-0.6141256866181027,-365.00300176374304,-163.38982521135017,3.7380555555455106,260.54399999998196,-0.1136803236501045,-11.883923632395977,-38.98679440036159,-73.08560670016911
13250210.0,-1.699,-0.6432,10.625,0.0211,-0.0314,9.8065,0.2074,0.0298,-0.1003,89.48,-81.26,-171.69,52.20193,-2.200305,1.3,2,260.03,23 / 23,-3.656075675077664,11.517022516130908,0.30608534999005943,-326.37769028465095,-89.1648774881022,13.32850461425915,False,64.79999999999927,-3.4098417169295723,-0.5983634362397718,-365.3437375619763,-163.44542267418495,3.461944444433207,260.0470000000261,0.24623395814809168,-12.11538595237068,-38.966047277325345,-74.28054518608275
13250310.0,-1.4901,-2.2119,10.4009,0.0035,-0.0286,9.8066,0.11,0.1933,-0.1039,81.27,-81.14,-175.79,52.20193,-2.200305,1.3,2,260.03,24 / 24,-3.8098963672232906,11.781048535159375,0.3767153499903164,-326.75098888676735,-87.99997393553346,13.362644649258295,False,64.89999999999964,-3.1121781259624264,-0.5060698060292211,-365.6503997803397,-163.50102013772747,3.1530555555355315,260.7640000000226,0.6977182412608642,-12.287118341188595,-38.89941089357234,-75.501046202194
13250410.0,0.044,-3.6615,8.4206,0.0447,-0.0241,9.8065,0.0706,0.0323,0.0751,80.29,-81.1,-177.45,52.20193,-2.200305,1.3,2,260.03,24 / 24,-4.120708287256892,11.927267986784363,0.33712534999017246,-327.1475191194928,-86.81455810943196,13.39833668425745,False,65.0,-2.7531502082026997,-0.4272927035770927,-365.9229884189179,-163.54549810884166,2.786111111111111,261.178,1.367558079054192,-12.354560690361456,-38.77546929942508,-76.7309399994097
13250510.0,0.4073,-1.9068,10.4511,0.0468,0.0162,9.8065,0.0447,0.075,-0.044,82.1,-81.47,-178.38,52.20193,-2.200305,1.3,2,260.03,24 / 24,-4.401646667845117,11.983415060674922,0.3000453499900376,-327.5736368672495,-85.61902395705464,13.430195219256575,False,65.10000000000036,-2.640096194077346,-0.3634791410777427,-366.18194762555447,-163.56773709369344,2.664999999996306,262.1609999999913,1.7615504737677714,-12.346894201752665,-38.60831075830498,-77.9487131366388
13250610.0,-1.4649,-3.1026,9.1629,0.0261,0.0366,9.8064,-0.0454,0.1854,-0.0055,71.3,-81.69,-177.72,52.20193,-2.200305,1.3,2,260.03,24 / 24,-4.682416580726058,12.090627096200878,0.30008034999003785,-328.0278400296797,-84.41532184920646,13.460201504255688,False,65.20000000000073,-2.436045747567127,-0.3561622709805613,-366.4204626843038,-163.6122150648105,2.46194444444019,261.6820000000007,2.2463708331589314,-12.44678936718144,-38.39262265462412,-79.19689321560404
13250710.0,-1.3033,-1.6988,9.8924,0.0411,0.0271,9.8064,0.0294,0.0471,0.0392,74.55,-82.19,-175.1,52.20193,-2.200305,1.3,2,260.03,24 / 24,-4.978804374390997,12.270286993204762,0.27218034999044394,-328.5109010774285,-83.1972761447539,13.488814539254296,False,65.29999999999927,-2.3204379753636437,-0.3385152913470404,-366.65216302709547,-163.64557354208696,2.344999999996908,261.69999999999476,2.658366399027353,-12.608802284551802,-38.141261949666955,-80.44829739733306
13250810.0,-0.1427,-1.8652,9.6618,0.0352,0.0079,9.8065,0.0398,0.1548,-0.0921,70.61,-82.53,-174.41,52.20193,-2.200305,1.3,2,260.03,24 / 24,-5.195823185699694,12.40588772407159,0.26922534999043324,-329.0196324554349,-81.96346740888559,13.515884824253439,False,65.39999999999964,-2.235501278063673,-0.3318644839798757,-366.87704865393675,-163.67893202148662,2.2599999999892986,261.55599999994286,2.9603219076360205,-12.737752208051466,-37.85741619850188,-81.71546461260102
13250910.0,-0.931,-0.9097,11.0443,0.0523,-0.0322,9.8064,0.1162,0.1141,0.0423,69.45,-82.7,-176.65,52.20193,-2.200305,1.3,2,260.03,24 / 24,-5.377856361010524,12.527651752816281,0.32386534999063205,-329.5483164327723,-80.71679043503666,13.545539359252599,False,65.5,-2.0356373767640457,-0.34032016690200173,-367.07467541687,-163.72340999118617,2.0638888888888887,260.509,3.3422189842464785,-12.867971919718283,-37.52635898409767,-83.00661955614952
13251010.0,0.2555,-1.6356,9.8428,0.0172,-0.0158,9.8065,0.0019,0.3395,-0.1052,64.2,-82.69,-177.87,52.20193,-2.200305,1.3,2,260.03,24 / 24,-5.544146022093548,12.624419659442752,0.38755534999086383,-330.0944165519295,-79.45918686441912,13.581110394251803,False,65.60000000000036,-1.9724380653722187,-0.29168644036238284,-367.2723021798443,-163.7456489767451,1.9938888888853823,261.5879999999905,3.5717079567213292,-12.916106099805136,-37.177885627914804,-84.28646211232596
13251110.0,-1.2834,-0.5517,9.933,0.0029,0.0151,9.8066,-0.0076,0.1517,-0.0817,64.36,-82.7,-179.62,52.20193,-2.200305,1.3,2,260.03,24 / 24,-5.7093103603177,12.73774155832953,0.39568034999089347,-330.6570893710521,-78.1910788035259,13.620272179251034,False,65.70000000000073,-1.779240292150661,-0.2798306940732697,-367.4426700789513,-163.77900745402135,1.8011111111083422,261.0620000000335,3.930070068167039,-13.0175722524028,-36.785580707899214,-85.58792865049546
13251209.0,-0.3174,-1.6843,9.4249,-0.0079,0.0524,9.8064,0.0911,0.6203,-0.2596,63.8,-82.71,179.89,52.20193,-2.200305,1.3,2,260.03,24 / 24,-5.887574295789051,12.87368598088717,0.38303804999087304,-331.23113516153035,-76.92331314033262,13.658818740050194,False,65.79900000000089,-1.7088521039153275,-0.24097292809337845,-367.61808086788744,-163.79001575222304,1.7257611111071238,261.97379000004827,4.178722191873724,-13.11465890898055,-36.386945706357096,-86.86670261189042
13251310.0,1.178,-5.8981,10.1174,-0.0047,0.0162,9.8066,0.0875,0.4945,-0.2152,62.89,-82.66,-178.16,52.20193,-2.200305,1.3,2,260.03,23 / 24,-6.255774569343363,12.776724571615302,0.3794525499909175,-331.84437427921193,-75.6279674074473,13.697324515348797,False,65.89999999999964,-1.5717859988473322,-0.24723135262726648,-367.76977644525425,-163.82348542443148,1.5911111111089735,261.06100000003755,4.683988570496031,-13.02395592424257,-35.92540216604232,-88.19551801698418
13251410.0,-0.7415,-3.1101,10.4695,-0.0252,0.0578,9.8064,0.0469,0.7332,-0.3493,62.66,-82.57,-177.03,52.20193,-2.200305,1.3,2,260.03,23 / 24,-6.694052803203556,12.664716853097397,0.4281325499910946,-332.4918656478416,-74.35589533620704,13.737703770348045,False,66.0,-1.5358839717115274,-0.2226925775179776,-367.9265149124428,-163.84572440998858,1.5519444444444446,261.75,5.158168831492029,-12.887409430615374,-35.434649264601205,-89.48982907378154
13251510.0,0.7596,-6.6238,9.9291,-0.0073,0.0504,9.8065,-0.0075,0.7216,-0.386,64.5,-82.64,-178.21,52.20193,-2.200305,1.3,2,260.03,23 / 24,-7.177641208508588,12.563306149169833,0.4673975499912375,-333.18545034842975,-73.0944941860891,13.782480275347325,False,66.10000000000036,-1.4670322322632718,-0.20970399594957706,-368.06962394765463,-163.85684390312178,1.4819444444433734,261.86500000000035,5.710608976245316,-12.77301014511941,-34.88417359922488,-90.76234971703269
13251610.0,-0.0859,0.3627,9.7966,-0.0083,0.0473,9.8065,0.0265,0.434,-0.1563,60.32,-82.77,179.71,52.20193,-2.200305,1.3,2,260.03,23 / 24,-7.494729561676376,12.512071191830277,0.473017549991258,-333.91906888694166,-71.84072531903453,13.829501030346622,False,66.20000000000073,-1.4087991116319036,-0.2009282888425449,-368.2127329828931,-163.8790828886805,1.423055555553625,261.8829999999875,6.085930450044472,-12.712999480672822,-34.29366409595144,-92.03835756964597
13251710.0,1.6607,-3.8179,9.3488,-0.0216,0.0207,9.8066,-0.0364,0.5885,-0.2065,58.88,-82.87,-178.75,52.20193,-2.200305,1.3,2,260.03,23 / 24,-7.655258149662096,12.46552049040298,0.4496225499915985,-334.67656827249755,-70.59184573494105,13.875633035345093,False,66.29999999999927,-1.3550927734954012,-0.20155290921879454,-368.34221258622273,-163.9013218742388,1.3699999999978174,261.53999999999195,6.300165376166695,-12.667073399621774,-33.66564431372518,-93.30947613929774
13251810.0,-1.0988,-0.6197,10.0292,-0.0077,0.0196,9.8066,0.0243,0.3502,-0.0753,56.36,-82.99,-179.41,52.20193,-2.200305,1.3,2,260.03,23 / 24,-7.8894230789858915,12.43289594455025,0.4378575499915558,-335.4538023339328,-69.34692491318886,13.920007040344412,False,66.39999999999964,-1.2949891789982162,-0.19774485143873988,-368.4716921895273,-163.9235608590902,1.3099999999973322,261.3180000000276,6.594433899987675,-12.63064079598899,-33.01788985559449,-94.57663594590134
13251910.0,0.3707,-2.9589,9.8446,-0.0263,0.0292,9.8065,0.0105,0.5213,-0.1064,54.89,-82.91,-177.99,52.20193,-2.200305,1.3,2,260.03,23 / 24,-8.117200145513241,12.467716484213154,0.4508825499916032,-336.25413349516066,-68.10189429174616,13.964444045343733,False,66.5,-1.248293036963622,-0.17934806504682002,-368.594357076897,-163.9457998446473,1.261111111111111,261.824,6.868907108549619,-12.647064549259975,-32.340223581736325,-95.84390555290113
13252010.0,-0.8924,-1.0858,10.4416,-0.0146,0.0148,9.8066,0.0513,0.1315,0.008,52.6,-82.84,-176.12,52.20193,-2.200305,1.3,2,260.03,23 / 24,-8.362429042835208,12.474358095888745,0.48452754999172565,-337.07811495458105,-66.85479056273653,14.01121455034307,False,66.60000000000036,-1.2405157157996698,-0.16248006399364434,-368.71702196427543,-163.9569193370732,1.2511111111093831,262.53799999998097,7.121913327035538,-12.63683815988239,-31.63890700969438,-97.10212877433668
13252110.0,1.0031,-1.8428,9.8193,-0.0218,0.0046,9.8065,-0.0119,0.3232,0.0023,51.5,-82.75,-175.02,52.20193,-2.200305,1.3,2,260.03,23 / 24,-8.541250114174147,12.482700586512632,0.5169075499918435,-337.9232989124346,-65.60693762861192,14.06128630534243,False,66.70000000000073,-1.1433823863857233,-0.17108366301213676,-368.8328721356469,-163.9791583219246,1.1561111111163862,261.4899999999837,7.397867727788424,-12.653784249524769,-30.909573223212305,-98.37222069331267
13252210.0,0.4892,-2.646,9.5872,0.0001,0.0114,9.8066,-0.0311,0.0463,0.1203,51.02,-82.78,-173.03,52.20193,-2.200305,1.3,2,260.03,23 / 24,-8.73870933981379,12.385393743555019,0.506567549991994,-338.7872968851214,-64.36353291212663,14.112460060340876,False,66.79999999999927,-1.2852375944146504,-0.20261897584436755,-368.96235173895,-164.00139730748288,1.3011111111158,261.0410000000299,7.453471745399139,-12.588012719399387,-30.175054853828613,-99.63786439535625
13252310.0,0.1294,-1.7074,9.6363,-0.0117,0.0391,9.8065,0.0463,0.1508,0.0914,53.32,-82.87,-169.19,52.20193,-2.200305,1.3,2,260.03,23 / 23,-8.958247464832661,12.329577973779884,0.4870775499919232,-339.67214472535693,-63.12778432625539,14.162142315340253,False,66.89999999999964,-1.4156034195904632,-0.20240296061129762,-369.1054607742438,-164.023636293041,1.4300000000071547,261.8630000000494,7.542644045242199,-12.531980934391182,-29.433316048886866,-100.89585196678561
13252410.0,-0.3358,-0.8395,9.8532,0.0196,0.0174,9.8066,0.0685,-0.0568,0.1594,56.86,-82.9,-165.71,52.20193,-2.200305,1.3,2,260.03,23 / 23,-9.129321100595062,12.370386519339291,0.48088754999190075,-340.5765231536316,-61.892786101594936,14.21054057033962,False,67.0,-1.548691765508805,-0.19652408676747138,-369.2621992414053,-164.0347557861732,1.5611111111111111,262.768,7.5806293350862575,-12.566910606106763,-28.685676087773686,-102.14196968457827
13252509.0,-1.0163,-1.383,10.5387,-0.0186,0.0241,9.8066,0.0467,-0.1116,0.0167,57.85,-82.91,-162.94,52.20193,-2.200305,1.3,2,260.03,23 / 23,-9.315294971254165,12.474969521809268,0.5194282499919631,-341.48953164918964,-60.6629409775561,14.260056202438902,False,67.09900000000016,-1.816300006520056,-0.24131736951612454,-369.44435659913523,-164.05677238117605,1.8322611111154952,262.4323899999946,7.498994964734109,-12.716286891325392,-27.95482494994559,-103.39383140361994
13252610.0,-0.3545,-2.2784,10.4594,-0.0318,0.0584,9.8063,0.1643,0.1035,-0.0921,62.94,-82.69,-158.72,52.20193,-2.200305,1.3,2,260.03,23 / 23,-9.564931082352802,12.557084750939184,0.5893606499923562,-342.44298306490214,-59.398822236775196,14.316050041888424,False,67.20000000000073,-2.1250180233120455,-0.2774626368277875,-369.6642674833369,-164.09035324900879,2.14305555556465,262.5610000000342,7.439913059040756,-12.834547387766971,-27.221284418434777,-104.69153101223358
13252709.0,-2.9042,0.2922,10.728,0.0164,-0.0027,9.8065,0.1567,-0.1458,0.1025,63.26,-82.48,-158.77,52.20193,-2.200305,1.3,2,260.03,23 / 23,-9.771455045120938,12.768723015538333,0.6672785999924822,-343.40013417821365,-58.14519475233253,14.378253684762774,False,67.29900000000089,-2.3751507833108088,-0.2709261069108833,-369.90714396029244,-164.11236984401162,2.3905555555686524,263.49160000004923,7.396304261810129,-13.039649122449216,-26.507009782078796,-105.9671750916791
13252810.0,-0.909,-0.0242,9.1707,0.0004,0.0523,9.8064,0.1614,0.2088,-0.1287,65.65,-82.24,-159.1,52.20193,-2.200305,1.3,2,260.03,23 / 23,-9.88884858424914,13.063415689653873,0.6816912999923036,-344.39297951148455,-56.84067174773649,14.446376664711162,False,67.39999999999964,-2.6145792684262292,-0.23366696212981844,-370.1685564646748,-164.1237117269924,2.6250000000144604,264.8930000001289,7.2742693158229095,-13.297082651783692,-25.77557695319024,-107.28303997925593
13252910.0,0.1457,-2.5216,10.5288,-0.0099,0.0223,9.8066,0.0269,-0.0734,-0.0166,67.87,-82.15,-157.21,52.20193,-2.200305,1.3,2,260.03,23 / 23,-10.06219467138362,13.166376663434733,0.6860012999923194,-345.3905316742698,-55.52918213007729,14.514761294710642,False,67.5,-2.886686341218776,-0.13835449909909192,-370.46158925111183,-164.1348312194173,2.8900000000000006,267.256,7.175508330164845,-13.304731162533825,-25.07105757684201,-108.60564908934
13253010.0,-1.3076,-2.0062,9.9696,-0.0481,0.0224,9.8064,-0.0334,0.112,-0.1316,71.66,-82.18,-155.79,52.20193,-2.200305,1.3,2,260.03,23 / 23,-10.325323082522198,13.260791676196266,0.7302562999924804,-346.40990756196885,-54.20782371309093,14.585574174710139,False,67.60000000000036,-3.099999680823032,0.0014067353304418728,-370.7750661854848,-164.12371172699142,3.1000000000011823,270.0260000000292,7.225323401699166,-13.259384940865825,-24.365158623515924,-109.91588801390049
13253110.0,-0.3018,1.238,8.3475,-0.0196,-0.0245,9.8065,-0.1551,-0.1204,0.0862,73.48,-81.92,-154.55,52.20193,-2.200305,1.3,2,260.03,23 / 23,-10.413539133659322,13.443056984066564,0.6654462999922447,-347.4468506727817,-52.87263128007293,14.655359304709629,False,67.70000000000073,-3.1637161644439504,0.09013895297195443,-371.09535783581106,-164.1014727421392,3.165000000001344,271.6320000001409,7.249822969215371,-13.352918031094609,-23.648507163029365,-111.22884146206627
13253210.0,-0.1709,0.3881,10.5167,0.0044,-0.011,9.8066,-0.0273,-0.0772,0.0563,74.07,-81.94,-153.95,52.20193,-2.200305,1.3,2,260.03,23 / 23,-10.367133119273857,13.60893412804914,0.6279912999927898,-348.48588428541325,-51.52003172448683,14.72003118470794,False,67.79999999999927,-3.187171172167789,0.3072265362792867,-371.4156494861309,-164.05699477102218,3.2019444444418976,275.50600000009547,7.179961947106069,-13.301707591769855,-22.929765200717668,-112.53696304653535
13253311.0,-0.3451,0.0146,8.9186,-0.0324,-0.0173,9.8066,-0.1398,-0.0537,0.0045,82.19,-81.84,-153.21,52.20193,-2.200305,1.3,2,260.03,23 / 24,-10.368168927998953,13.762703743871251,0.6190022999927394,-349.5330170388064,-50.137764011947084,14.783004361507563,False,67.90099999999984,-3.09971025653498,0.44595610232082294,-371.72524203238777,-164.00050774806184,3.1317749999990507,278.1873700003158,7.268458671463973,-13.316747641550428,-22.192224993581362,-113.86274373611475
13253410.0,-2.3551,0.3204,10.996,-0.0003,0.005,9.8066,0.0977,-0.1641,0.0683,80.28,-81.87,-153.1,52.20193,-2.200305,1.3,2,260.03,23 / 24,-10.38286834651761,14.018556414376306,0.6339166499927635,-350.56019338389666,-48.76259163411161,14.845023849531946,False,68.0,-3.0254977972914494,0.7413420793295004,-372.0153444909866,-163.91244136595617,3.115,283.768,7.35737054922616,-13.277214335046805,-21.455151107089932,-115.14984973184457
13253509.0,-0.4812,-0.2688,9.615,-0.0185,0.0056,9.8065,-0.0723,-0.0763,-0.0101,83.14,-81.75,-152.46,52.20193,-2.200305,1.3,2,260.03,23 / 24,-10.411010998375913,14.279496364329892,0.6833027999928435,-351.58949041147054,-47.361838021563386,14.91022621230634,False,68.09900000000016,-2.9072010521250387,0.9840610166114295,-372.29870038078593,-163.80235838954152,3.069349999999262,288.70117000007974,7.503809946250874,-13.295435347718463,-20.709209969315395,-116.44052036797814
13253609.0,-0.9974,0.9944,9.8163,-0.004,0.022,9.8065,0.0434,-0.1255,-0.0482,84.86,-81.83,-151.52,52.20193,-2.200305,1.3,2,260.03,23 / 24,-10.385393151216057,14.478677587165675,0.6742027999928104,-352.6293106189539,-45.92392932398338,14.97810149230587,False,68.19900000000052,-2.81378138781762,1.1722273833997288,-372.571425313676,-163.6691468667659,3.0482638888881763,292.61695000013356,7.571611763398437,-13.306450203765946,-19.94211469472208,-117.74521754278254
13253709.0,-0.1468,1.2962,9.588,0.0118,0.0012,9.8066,0.0362,-0.1094,0.0475,85.1,-81.85,-150.81,52.20193,-2.200305,1.3,2,260.03,23 / 24,-10.277511311597067,14.668476050809016,0.6637527999927724,-353.6624558420983,-44.466571642079344,15.044999272305391,False,68.29900000000089,-2.730217109397468,1.3507190237451352,-372.84401395227366,-163.5247046573194,3.0461305555554534,296.32296000019403,7.547294202199598,-13.31775702706388,-19.18155811017533,-119.05813301524006
13253810.0,-0.2835,1.3262,9.5742,0.0218,0.0222,9.8066,0.0856,-0.0183,-0.0829,86.58,-82.01,-149.92,52.20193,-2.200305,1.3,2,260.03,23 / 24,-10.146191617977188,14.823786801381868,0.6409722499930546,-354.693852840029,-42.97721236806216,15.11088788732886,False,68.39999999999964,-2.7381364137613304,1.4811225039331124,-373.11251376124585,-163.36758622577952,3.113055555563741,298.4100000002457,7.408055204215858,-13.342664297448755,-18.418660921216826,-120.39037385771735
13253910.0,0.1328,-0.5888,10.436,0.0004,0.0123,9.8066,0.0935,0.075,-0.037,80.58,-81.97,-151.01,52.20193,-2.200305,1.3,2,260.03,23 / 24,-10.112913048804938,14.95311699702225,0.6608172499931267,-355.7068080733718,-41.48836717813654,15.175977362328405,False,68.5,-2.7393549910890003,1.7729821745967325,-373.385102399824,-163.1785548503125,3.2630555555555554,302.91200000000003,7.373558057715938,-13.180134822425517,-17.678294326452203,-121.69018767217597
13254010.0,0.4554,1.7827,9.4232,-0.0056,0.0056,9.8066,0.0319,-0.1379,0.0459,80.61,-81.83,-151.27,52.20193,-2.200305,1.3,2,260.03,23 / 24,-10.059717939640839,15.056206816291786,0.6731122499931715,-356.71543962279776,-39.98790098746538,15.242673837327963,False,68.60000000000036,-2.731437671760313,2.166153024218996,-373.6508763224415,-162.94504550512838,3.486111111115947,308.41600000008435,7.328280267880526,-12.89005379207279,-16.93543669964373,-122.957144517663
13254110.0,0.4467,-0.5482,10.1463,-0.0049,0.0238,9.8066,0.089,0.0555,-0.0561,82.12,-81.65,-150.86,52.20193,-2.200305,1.3,2,260.03,23 / 24,-10.001009324309544,15.144903053853863,0.6709222499931636,-357.7184759859989,-38.47784549395261,15.309875562327525,False,68.70000000000073,-2.741630312902568,2.561357128863704,-373.9166502450309,-162.6781776812523,3.7519444444464147,313.05300000020793,7.259379011406976,-12.583545924990158,-16.198174259031987,-124.2003321872997
13254210.0,-0.1589,0.5926,9.4407,0.0066,0.007,9.8065,-0.0335,-0.0616,0.0532,81.7,-81.59,-151.23,52.20193,-2.200305,1.3,2,260.03,23 / 24,-10.004618634187539,15.253749067526602,0.6696072499931828,-358.7187573839092,-36.9579128879057,15.376902037325866,False,68.79999999999927,-2.508594357141002,2.8624178837975895,-374.1551653037754,-162.38907087252886,3.8061111111172954,318.7690000002281,7.496024277046537,-12.391331183729012,-15.436407919866213,-125.43115798462316
13254310.0,2.0129,-2.5352,9.5808,-0.0052,0.0281,9.8065,0.0184,0.2801,-0.1689,83.92,-81.61,-151.06,52.20193,-2.200305,1.3,2,260.03,24 / 25,-10.097598289965356,15.275055664965395,0.6400172499930752,-359.7238682301205,-35.43147265127555,15.442383262325418,False,68.89999999999964,-2.2783861169867325,3.258591148006578,-374.37323621463645,-162.04436659884382,3.976111111117159,325.03900000022566,7.819212172978624,-12.016464516958816,-14.649367984515948,-126.61289394756827
13254410.0,-0.7124,2.8185,10.6243,0.0087,-0.0234,9.8065,0.0285,-0.239,0.29,81.16,-81.46,-151.53,52.20193,-2.200305,1.3,2,260.03,24 / 25,-10.085550978914954,15.341035746869625,0.6696072499931829,-360.7330256935682,-33.90066808067823,15.50786448732497,False,69.0,-2.094283550450198,3.509571384412777,-374.57086297756973,-161.6885428334669,4.086944444444444,329.17400000000004,7.991267428464756,-11.831464362456849,-13.837837284001523,-127.78787475278867
13254509.0,-0.4159,1.027,10.1544,-0.0418,0.0514,9.8064,0.0189,0.1074,-0.2035,83.33,-81.31,-150.27,52.20193,-2.200305,1.3,2,260.03,24 / 25,-9.911915593982794,15.545057793397442,0.7272945499932763,-361.72290028892826,-32.37180645043254,15.577011126424411,False,69.09900000000016,-2.024816327569264,3.78659887262319,-374.76651347294114,-161.30325241321458,4.294019444447793,331.8638300000435,7.88709926641353,-11.758458920774252,-13.043613184012884,-128.93144596278205
13254610.0,1.6076,3.3799,8.3157,-0.0116,-0.0068,9.8066,-0.1141,-0.1999,0.1154,82.28,-81.35,-150.67,52.20193,-2.200305,1.3,2,260.03,24 / 25,-9.688633872887333,15.63833976998257,0.669562949992952,-362.7127280370108,-30.797044873473,15.647552430174112,False,69.20000000000073,-1.947162512000748,4.055682357689081,-374.95930178756475,-160.89905885426495,4.498888888894204,334.3540000001549,7.741471360886585,-11.58265741229349,-12.246573750553978,-130.10201398079195
13254709.0,2.0874,-3.3915,8.7196,-0.0391,0.0172,9.8065,-0.022,0.3764,-0.1675,84.08,-81.12,-149.41,52.20193,-2.200305,1.3,2,260.03,24 / 25,-9.673406180109168,15.583356845253178,0.5419519499927457,-363.67114901963566,-29.25157089101633,15.707522417723501,False,69.29900000000089,-1.696553740523258,4.3223856011870385,-375.1212194388594,-160.4587269444048,4.643538888896543,338.568430000223,7.97685243958591,-11.26097124406614,-11.45007041922372,-131.20715605338847
13254810.0,-0.8672,0.3083,9.114,-0.0041,0.0409,9.8066,0.0597,-0.1722,0.0111,84.03,-81.12,-147.85,52.20193,-2.200305,1.3,2,260.03,24 / 25,-9.825091608452219,15.630035608878991,0.45207709999385937,-364.6558231579458,-27.675294572102185,15.757720884747203,False,69.39999999999964,-1.4869064171093131,4.573239732670961,-375.2591492899985,-159.99837994727773,4.808888888893801,341.9890000001957,8.338185191342905,-11.05679587620803,-10.6033261320527,-132.32308537517554
13254910.0,0.6624,-1.2261,10.1185,0.0062,0.036,9.8065,0.0742,0.1207,-0.0665,82.85,-81.21,-147.74,52.20193,-2.200305,1.3,2,260.03,24 / 25,-9.87539275612536,15.757015751722129,0.43303709999379014,-365.6408473761783,-26.10594200406642,15.801976594746746,False,69.5,-1.2204572037056602,4.744427948615298,-375.37499946138814,-159.5202417638124,4.898888888888888,345.574,8.6549355524197,-11.01258780310683,-9.734152085209871,-133.41429975974597
13255010.0,-0.1087,0.4603,9.2382,0.0369,0.0094,9.8065,0.1455,-0.2109,0.1094,84.98,-81.14,-148.48,52.20193,-2.200305,1.3,2,260.03,24 / 25,-9.913046246416489,15.84671352178964,0.4202070999937435,-366.63026932630896,-24.525755540385084,15.844638804746278,False,69.60000000000036,-1.1331903205299942,4.847361840389649,-375.4840349168056,-159.0309840871793,4.978055555556683,346.84200000001874,8.779855925886494,-10.999351681399991,-8.853765590496664,-134.5052285467942
13255110.0,0.3939,-0.7336,8.5997,0.0029,0.0172,9.8066,0.0564,0.0338,0.0006,85.05,-81.21,-148.27,52.20193,-2.200305,1.3,2,260.03,24 / 25,-9.926480435267496,15.954181503868131,0.3314370999934207,-367.62224566039674,-22.93571078909641,15.882221014745774,False,69.70000000000073,-1.0588857193422627,4.9275106324945295,-375.5930703722496,-158.54172640983884,5.039999999997412,347.87200000003736,8.867594715925234,-11.026670871373602,-7.970824711852856,-135.60601562074243
13255210.0,0.3322,-2.0834,8.4012,0.0167,0.0328,9.8066,0.2044,-0.2088,0.0291,85.21,-80.93,-148.7,52.20193,-2.200305,1.3,2,260.03,24 / 25,-10.064538411835308,16.028972595048277,0.2008170999953215,-368.62179660273733,-21.33655308417386,15.908833724744824,False,69.79999999999927,-0.9567053612943651,4.875917517945938,-375.6816616797507,-158.0524687325069,4.968888888890748,348.89900000004724,9.107833050540943,-11.153055077102339,-7.059865077013342,-136.71591564833304
13255310.0,-0.2296,-0.1956,11.0706,0.0385,0.0205,9.8065,0.2159,-0.1772,0.1747,88.15,-80.82,-147.52,52.20193,-2.200305,1.3,2,260.03,24 / 25,-10.174576232842481,16.137644769460742,0.19374209999529582,-369.63375233497493,-19.72822221594256,15.928561684744427,False,69.89999999999964,-0.8547106957373619,4.946702904620526,-375.7634382713541,-157.55209156203404,5.019999999998968,350.197000000068,9.31986553710512,-11.190941864840216,-6.12968593637919,-137.82386934609147
13255410.0,0.4611,0.7464,8.1038,0.0592,0.0173,9.8064,0.0043,0.0996,0.039,94.95,-80.95,-145.63,52.20193,-2.200305,1.3,2,260.03,24 / 25,-10.136608922841761,16.244545801678314,0.17179709999521606,-370.64931159276284,-18.109112687379717,15.94683864474402,False,70.0,-0.7440452518221595,4.9454533673789625,-375.8384001469449,-157.0628338854365,5.001111111111111,351.444,9.392563671019602,-11.29909243429935,-5.189088554182035,-138.9537211980568
13255510.0,-0.1629,0.7381,10.9024,0.0292,0.0128,9.8066,0.101,-0.1377,-0.0998,93.46,-81.3,-145.72,52.20193,-2.200305,1.3,2,260.03,24 / 25,-10.045501410132236,16.345665441255,0.14144209999510568,-371.6584171094152,-16.479602125227125,15.962500604743592,False,70.10000000000036,-0.6609929407472781,4.873433982297984,-375.89973259063436,-156.57357620809609,4.918055555555934,352.2759999999867,9.384508469384958,-11.472231458957017,-4.2413154812191465,-140.09397408286895
13255610.0,0.5181,-0.3934,9.4333,-0.021,0.0295,9.8065,0.0721,0.0073,-0.0656,89.0,-81.18,-147.34,52.20193,-2.200305,1.3,2,260.03,24 / 25,-10.015134571653647,16.447448766066618,0.1775620999952371,-372.66144890850813,-14.839946414855078,15.978450814743168,False,70.20000000000073,-0.7262629095947593,4.885198628806216,-375.9746944662308,-156.08431853075643,4.93888888888416,351.5439999999663,9.288871662058888,-11.562250137260403,-3.3132455577226665,-141.24437211590134
13255710.0,-0.8322,0.5297,10.8046,0.0106,0.0009,9.8066,0.1738,-0.0872,0.1529,91.11,-80.87,-146.49,52.20193,-2.200305,1.3,2,260.03,24 / 25,-9.99731208659107,16.584715886390036,0.20879209999478268,-373.6620712414058,-13.18833818225628,15.997768524742387,False,70.29999999999927,-0.784091511552778,4.744535050677683,-376.0564710578334,-155.61729983898402,4.808888888880522,350.61599999995764,9.213220575038292,-11.840180835712353,-2.394399816427608,-142.42896165672775
13255810.0,-0.4421,-0.378,9.3755,0.0251,-0.0153,9.8066,0.0631,0.1148,0.0194,88.51,-80.74,-146.73,52.20193,-2.200305,1.3,2,260.03,24 / 25,-9.980267479566061,16.769863243960085,0.2371320999948859,-374.6609502197173,-11.520609225732706,16.02006473474195,False,70.39999999999964,-0.8382076963713779,4.501514335693189,-376.14506236533646,-155.17252013276158,4.578888888879885,349.4519999999617,9.142059783194684,-12.268348908266896,-1.4841121456191786,-143.65191090702888
13255910.0,0.0444,-2.9623,10.3949,0.0025,0.0389,9.8066,0.0789,0.1427,-0.22,92.39,-80.71,-146.86,52.20193,-2.200305,1.3,2,260.03,24 / 25,-10.137223850850239,16.917730645000535,0.24498709999491455,-375.66682478624176,-9.836229531278548,16.044170694741528,False,70.5,-0.861107004676746,4.3290772515575915,-376.23365367286004,-154.7388599182885,4.413888888888889,348.75,9.276116846173492,-12.588653393442943,-0.566828886618282,-144.90263038700996
13256010.0,-2.0714,1.3985,9.0691,0.008,0.0326,9.8066,0.0252,0.1384,-0.0061,91.22,-80.85,-147.7,52.20193,-2.200305,1.3,2,260.03,24 / 25,-10.199701366373588,17.145828662175795,0.23752209999488746,-376.68367104710666,-8.133051565913535,16.068296154741105,False,70.60000000000036,-0.7972593330624975,3.9228600964950044,-376.3086155484834,-154.3496776749019,4.003055555551043,348.5119999999924,9.402442033311091,-13.222968565680791,0.3750554986232828,-146.21662610898835
13256110.0,1.1681,-4.2022,10.5821,-0.0083,0.0588,9.8064,0.0625,0.4491,-0.3579,91.51,-80.87,-146.1,52.20193,-2.200305,1.3,2,260.03,24 / 25,-10.326613534286848,17.317226091732437,0.23941709999489447,-377.7099867921434,-6.409898828211855,16.092143114740683,False,70.70000000000073,-0.7744891010629713,3.674260691930456,-376.38357742407925,-153.9938539094995,3.7549999999907633,348.0970000000165,9.552124433223877,-13.64296539980198,1.3264093680641622,-147.58395508128766
13256209.0,-2.5733,0.9348,10.9286,-0.0404,-0.0029,9.8065,-0.1046,-0.1385,0.0373,88.29,-81.0,-146.93,52.20193,-2.200305,1.3,2,260.03,24 / 25,-10.484299164536774,17.51480545776158,0.3333383999950464,-378.74012697073687,-4.685713266509113,16.12049451199023,False,70.79900000000089,-0.6957505144756696,3.4338733774356474,-376.4510431121791,-153.6525966799531,3.5036499999866995,348.5464600000238,9.788548650061104,-14.080932080325931,2.289083858557774,-148.96688341344398
13256310.0,-2.3657,0.0319,8.8999,-0.0453,0.0125,9.8065,0.0339,0.1573,-0.0409,88.62,-80.57,-146.67,52.20193,-2.200305,1.3,2,260.03,25 / 25,-10.435863719075584,17.889473770592534,0.3442059999949118,-379.7965951963462,-2.897797165499384,16.1547105041893,False,70.89999999999964,-0.6620657995129666,3.058040967029381,-376.51987174339024,-153.36004282780462,3.128888888873291,347.783999999996,9.773797919562618,-14.831432803563153,3.2767234529559346,-150.46224566230524
13256410.0,0.0675,1.8946,8.8596,-0.0139,-0.049,9.8065,-0.1447,-0.1539,0.1611,84.37,-80.32,-148.73,52.20193,-2.200305,1.3,2,260.03,25 / 25,-10.340384020441013,18.13642550490754,0.2515159999945747,-380.8354075833258,-1.0965022017178274,16.184496604188883,False,71.0,-0.6051239137160715,2.7779110750749836,-376.58120418704794,-153.08205551152386,2.8430555555555554,347.711,9.73526010672494,-15.358514429832555,4.2542033962778305,-151.98555330980602
13256509.0,0.6988,-1.4846,8.4378,-0.0111,0.0022,9.8066,-0.1052,0.1214,-0.1037,85.13,-80.33,-147.96,52.20193,-2.200305,1.3,2,260.03,25 / 25,-10.318605229240518,18.223185830621873,0.13687894999438938,-381.85802755118664,0.7032985593937884,16.203722154213366,False,71.09900000000016,-0.5383583072873706,2.501709685296867,-376.62843016871244,-152.83987296089072,2.558980555550962,347.85554000000235,9.780246921953147,-15.721476145325006,5.229597382474196,-153.54317152028452
13256610.0,-2.7488,2.6893,10.9589,-0.022,0.0159,9.8066,-0.0756,0.4189,-0.2066,89.7,-80.62,-147.9,52.20193,-2.200305,1.3,2,260.03,25 / 25,-10.251089461006636,18.445074030252137,0.12594064999432794,-382.89679713305,2.555045682378331,16.21699454401287,False,71.20000000000073,-0.5740841958101967,2.435190616602675,-376.6902396424924,-152.59279783418424,2.5019444444409173,346.73500000001707,9.677005265196438,-16.00988341364946,6.2065574905576,-155.14784351656257
13256710.0,0.4221,-3.579,9.3783,-0.0411,0.04,9.8064,-0.1396,0.6834,-0.5417,89.77,-80.78,-147.46,52.20193,-2.200305,1.3,2,260.03,25 / 25,-10.287140832678414,18.683888652924225,0.16213564999380126,-383.9237086477193,4.411493816510134,16.23139835901207,False,71.29999999999927,-0.5327013398700412,2.34526209249697,-376.7379426542473,-152.37040798072232,2.4050000000005456,347.2029999999796,9.754439492808373,-16.338626560427254,7.185765993471989,-156.78190179723245
13256810.0,-1.7769,1.1602,10.5431,-0.0125,0.031,9.8066,-0.1085,0.0839,-0.2004,88.78,-81.3,-149.81,52.20193,-2.200305,1.3,2,260.03,25 / 25,-10.40181455546108,18.874685390577874,0.17754064999385738,-384.95815641713006,6.289422518692071,16.248382174011514,False,71.39999999999964,-0.5591041175806991,2.354528102544454,-376.79927509793583,-152.12577914311487,2.4199999999932396,346.64199999999624,9.842710437880381,-16.52015728803342,8.158881319194222,-158.41520166180695
13256909.0,1.1711,-0.1534,8.9944,-0.0293,-0.0061,9.8065,-0.114,0.5075,-0.0437,86.32,-81.45,-149.4,52.20193,-2.200305,1.3,2,260.03,25 / 25,-10.345780195503107,19.02700430683846,0.17378854999385143,-385.98516235730443,8.165556158717212,16.265772969410932,False,71.4989999999998,-0.5334307637847004,2.2345622754733148,-376.84650107954326,-151.9166214850012,2.2973500000001805,346.5736900000001,9.812349431718406,-16.792442031365145,9.138661277761173,-160.0821776437184
13257010.0,-1.1068,2.8598,10.8192,0.0224,-0.0393,9.8065,0.0177,-0.3918,0.3338,85.75,-81.42,-150.05,52.20193,-2.200305,1.3,2,260.03,25 / 25,-10.208677902972855,19.157983218036982,0.18390369999390838,-387.0231624912833,10.093898028734257,16.283836428035414,False,71.60000000000036,-0.5078291129592686,2.3416784682811236,-376.8946811214161,-151.66987994236018,2.39611111110909,347.7639999999896,9.700848790013588,-16.816304749755858,10.128481369867188,-161.76377797109444
13257110.0,-0.3577,-0.7062,9.45,-0.0134,0.0334,9.8065,0.0073,0.035,0.0122,88.25,-81.3,-147.83,52.20193,-2.200305,1.3,2,260.03,25 / 25,-10.102809208416272,19.36332580035538,0.21669869999402772,-388.03873684685647,12.019963479660882,16.303866548034883,False,71.70000000000073,-0.5065494298081271,2.2281455686614744,-376.9491988491246,-151.45860958273536,2.2849999999966553,347.19199999998443,9.596259778608145,-17.135180231693905,11.089537997731838,-163.47857306239624
13257209.0,1.4569,-2.374,8.8756,0.0421,-0.0163,9.8065,0.0464,-0.3391,0.2165,88.61,-81.16,-147.79,52.20193,-2.200305,1.3,2,260.03,25 / 25,-10.247805558879415,19.42645335721135,0.1529575499939247,-389.04609227783925,13.94005754796354,16.322164532409317,False,71.79900000000089,-0.5020980211238539,2.13574837827647,-376.9964248307891,-151.24945192530672,2.1939749999951834,346.7702599999777,9.74570753775556,-17.29070497893488,12.049667447050126,-165.18950947327025
13257310.0,1.6577,-2.8797,10.6586,0.0174,0.0303,9.8065,0.1159,0.0237,-0.006,88.77,-81.37,-147.15,52.201847,-2.201071,8.33,2,257.09,25 / 25,-10.502565182467626,19.387044102334187,0.14896299999397425,-390.0939860002643,15.900139169646303,16.33741152018352,False,71.89999999999964,-0.49362052914645543,2.207426429793204,-377.0446048726348,-151.02494936823416,2.261944444442534,347.3949999999588,10.008944653321171,-17.17961767254098,13.049381127629488,-166.92508853788047
13257410.0,1.4506,1.7619,8.7778,0.0182,-0.0018,9.8065,0.0712,-0.111,0.1292,86.13,-81.35,-146.92,52.201847,-2.201071,8.33,2,257.09,25 / 25,-10.547771727573823,19.3573958640087,0.1401179999939421,-391.1465028457702,17.837361167970496,16.351865570182966,False,72.0,-0.5145393896599386,2.166686589041053,-377.09912260033957,-150.80255951478517,2.226944444444445,346.641,10.033232337913883,-17.19070927496765,14.047380245430645,-168.63992068275567
13257509.0,1.6435,2.8444,9.9403,0.0177,0.0494,9.8065,0.0719,-0.11,0.0467,87.79,-81.37,-145.97,52.201847,-2.201071,8.33,2,257.09,25 / 25,-10.308983798778785,19.337328369291207,0.09580559999387048,-392.17891224432634,19.752750017521937,16.36354378838238,False,72.09900000000016,-0.5177968741877051,2.1548815907258123,-377.15309515077115,-150.59340185805675,2.216219444444271,346.48853999999756,9.791186924591079,-17.182446778565396,15.02581709355519,-170.3461518755787
13257610.0,-0.4651,2.6189,9.969,-0.0158,-0.0557,9.8064,-0.1312,-0.1399,0.1912,84.65,-81.13,-146.65,52.201847,-2.201071,8.33,2,257.09,25 / 25,-10.031203033826005,19.419651954849193,0.11075359999395452,-393.20609167937863,21.709977523902026,16.373975027981825,False,72.20000000000073,-0.45345284830606725,2.031962889458942,-377.1945286238503,-150.39113828654592,2.0819444444497597,347.4200000000019,9.577750185519937,-17.38768906539025,16.011563055528313,-172.10111581044794
13257710.0,0.3637,1.2797,8.6391,-0.0369,-0.0082,9.8065,-0.1571,0.0477,0.0005,85.2,-81.02,-145.79,52.201847,-2.201071,8.33,2,257.09,25 / 25,-9.838948934650716,19.565071084638543,0.060493599994685884,-394.199599277788,23.659213675848047,16.38253738798113,False,72.29999999999927,-0.48334041124365984,2.1749973805739287,-377.2422316356052,-150.16874843379256,2.228055555556172,347.4709999999555,9.355608523407057,-17.390073704064616,16.957367642182817,-173.8279621096406
13257810.0,0.9652,-0.2446,7.8154,0.0181,0.0068,9.8066,0.3381,-0.2841,0.0604,82.55,-80.95,-148.03,52.201847,-2.201071,8.33,2,257.09,25 / 25,-9.783020068172988,19.62561425321933,-0.09744640000588868,-395.1806977279328,25.61874794274807,16.380689747980565,False,72.39999999999964,-0.5336809474458708,2.180644319085082,-377.303564079267,-149.95747807275188,2.245000000005518,346.2479999999795,9.249339120727116,-17.444969934134246,17.87713364866579,-175.57622601549994
13257911.0,0.8341,-0.8401,8.6545,-0.0201,0.0199,9.8066,0.1242,-0.0628,-0.0816,85.11,-80.79,-148.54,52.201847,-2.201071,8.33,2,257.09,25 / 25,-9.831244466880271,19.654071858779353,-0.25618810000678055,-396.17121808695856,27.60237209141515,16.362831205729826,False,72.5010000000002,-0.5727530295800408,2.2776854217911926,-377.3586951314357,-149.72141124285565,2.3486000000005434,345.8836800000026,9.258491437300231,-17.37638643698816,18.812522955522866,-177.3237833342708
13258010.0,0.3287,0.3409,8.1338,0.0581,0.0246,9.8064,-0.0212,-0.2626,0.1796,88.07,-80.66,-148.83,52.201847,-2.201071,8.33,2,257.09,25 / 25,-9.849434918420375,19.715236317881807,-0.39602560000700654,-397.1454117165325,29.551152846163028,16.330546627579093,False,72.60000000000036,-0.5819826246647393,2.5288972348863856,-377.41941425066113,-149.46822039472048,2.595000000005331,347.04000000000207,9.267452293755635,-17.18633908299542,19.725997465871387,-179.0193732408835
13258110.0,-0.6894,4.4522,10.212,0.0519,0.0102,9.8065,0.0203,-0.397,0.2022,91.17,-81.11,-147.23,52.201847,-2.201071,8.33,2,257.09,25 / 25,-9.599758822135286,19.851770828776782,-0.45940060000723704,-398.11787140356387,31.529503203503154,16.287775317578223,False,72.70000000000073,-0.6422526543846346,2.8157372782223584,-377.4807466943511,-149.17911358599298,2.8880555555659235,347.15099999997904,8.957506167750651,-17.036033550554425,20.637124709212742,-180.70861678949615
13258210.0,-0.92,1.0862,10.3084,0.0184,-0.0142,9.8066,-0.0232,-0.0805,-0.0326,89.58,-81.06,-147.02,52.201847,-2.201071,8.33,2,257.09,25 / 25,-9.312084414465355,20.05045999019613,-0.414045600007897,-399.0634635653801,33.52461474442276,16.2441030075781,False,72.79999999999927,-0.7367495841915548,3.086337896094872,-377.5625232859263,-148.86776779171248,3.1730555555611946,346.57399999998995,8.5753348302738,-16.96412209410126,21.5009402794538,-182.39238253613524
13258310.0,-2.4526,2.9988,10.5077,0.0198,-0.0426,9.8065,0.0112,-0.4347,0.2733,87.89,-81.09,-148.66,52.201847,-2.201071,8.33,2,257.09,25 / 25,-9.105860773806617,20.347546164674664,-0.3539056000076781,-399.9843608247971,35.54451505217365,16.20570544757718,False,72.89999999999964,-0.7883798055363902,3.23332817128821,-377.6442998775039,-148.53418301186656,3.3280555555795055,346.29699999997206,8.317480968270226,-17.114217993386454,22.340060947293182,-184.07869806404022
13258410.0,0.653,-0.7589,9.323,-0.014,0.0074,9.8066,-0.1269,0.1716,-0.0295,90.49,-80.94,-147.56,52.201847,-2.201071,8.33,2,257.09,25 / 25,-8.990858947139523,20.565834055181707,-0.3430356000076385,-400.8891968108477,37.590184063173915,16.17085838757629,False,73.0,-0.9250153139894353,3.651604731678374,-377.73970590100754,-148.16723975335745,3.7669444444444444,345.785,8.065843633150088,-16.91422932350333,23.149490909840154,-185.75742381653137
13258510.0,0.8627,0.4702,9.5178,0.0056,-0.0173,9.8065,-0.024,-0.0964,0.0623,90.13,-80.84,-146.97,52.201847,-2.201071,8.33,2,257.09,25 / 25,-8.995371977102423,20.61271939512225,-0.38166060000777896,-401.78850835706305,39.6491117356966,16.134623577575386,False,73.10000000000036,-1.0115193987646656,3.7645272771129394,-377.8419266404447,-147.78917700310305,3.8980555555564647,344.95999999999026,7.983852578337757,-16.84819211800931,23.94658171661837,-187.43828873879966
13258610.0,0.7051,-1.5918,10.5093,-0.0206,0.0065,9.8065,0.0321,0.1345,-0.1783,92.75,-80.78,-147.05,52.201847,-2.201071,8.33,2,257.09,25 / 25,-9.040443444060344,20.66027500133236,-0.3609706000077037,-402.6902991281245,41.71276145552684,16.097492017574478,False,73.20000000000073,-1.0599847086070466,3.8031007201010527,-377.95096209591566,-147.39999475971663,3.9480555555506442,344.4260000000559,7.980458735453297,-16.857174281231305,24.739337032208823,-189.11275621524348
13258710.0,-1.444,2.5212,10.3772,0.0048,-0.013,9.8066,0.0682,-0.2747,0.0847,90.78,-80.87,-148.15,52.201847,-2.201071,8.33,2,257.09,25 / 25,-8.981201662679693,20.82143590641037,-0.29731060000863,-403.5913813834484,43.786847000883796,16.06457795757414,False,73.29999999999927,-0.9247860933514532,3.699211179595878,-378.03955340341713,-147.0330515018956,3.8130555555490377,345.9639999999921,8.056415569328239,-17.12222472681449,25.55182798003125,-190.8198985027794
13258809.0,0.7911,1.2111,9.1313,-0.0036,0.0318,9.8065,0.12,0.0845,-0.0758,94.68,-80.79,-149.15,52.201847,-2.201071,8.33,2,257.09,25 / 25,-8.783592878807477,20.967854260074066,-0.30249820000863836,-404.4707387132534,45.85541686412812,16.034887421973238,False,73.39899999999943,-0.8949792104421725,3.52380239899693,-378.1272587978985,-146.69179427164897,3.6356805555461698,345.7491699999886,7.888613668365305,-17.444051861077135,26.34347991535492,-192.5472111357771
13258910.0,0.0336,2.3973,8.9204,0.0049,-0.0095,9.8066,0.0359,-0.1211,0.0343,94.67,-80.64,-147.85,52.201847,-2.201071,8.33,2,257.09,25 / 25,-8.58559274708401,21.033971299135636,-0.3813590000090814,-405.34788258736586,47.976509054880125,16.00035263337215,False,73.5,-1.0385571711869592,3.655324746472759,-378.23718016638503,-146.3214039718228,3.8,344.139,7.547035575897052,-17.37864655266288,27.11070242098083,-194.29791302670293
13259010.0,1.9602,1.9269,9.8451,0.0158,0.0447,9.8064,0.1871,0.1086,-0.2121,95.27,-80.62,-147.87,52.201847,-2.201071,8.33,2,257.09,25 / 25,-8.359119407155013,21.037248539236174,-0.4237490000092355,-406.1951181950809,50.08007004680637,15.960097233371087,False,73.60000000000036,-0.9265296179352991,3.518956551700909,-378.32577147394255,-145.9766996988457,3.638888888887691,345.24899999996893,7.432589789219715,-17.518291987535264,27.869346721138356,-196.05676974565205
13259110.0,3.6236,-3.045,9.5476,0.03,0.0155,9.8065,-0.0737,0.0083,0.1108,96.06,-80.89,-146.27,52.201847,-2.201071,8.33,2,257.09,25 / 25,-8.421034830915918,20.887609436016344,-0.43477900000927555,-407.0341259069875,52.17631294557662,15.917170833370005,False,73.70000000000073,-1.012470423174686,3.426606140966277,-378.4279922133795,-145.63199542516088,3.573055555559042,343.53900000000687,7.408564407741232,-17.461003295050066,28.606133693608,-197.8083083707375
13259210.0,-1.4011,1.1544,12.6105,0.0222,0.0316,9.8065,0.2183,-0.2099,-0.0504,96.97,-80.81,-141.81,52.201847,-2.201071,8.33,2,257.09,25 / 25,-8.502300308723232,20.906612441835282,-0.3075390000111271,-407.88029266395716,54.26602403943879,15.880054933369525,False,73.79999999999927,-1.0280139569980058,3.5219217741558255,-378.5302129528688,-145.27617166047142,3.66888888889479,343.7280000000161,7.474286351725226,-17.384690667679457,29.35007971108837,-199.54219569991022
13259311.0,-1.268,1.8032,10.66,-0.0325,-0.0345,9.8065,0.0661,-0.0881,0.0087,95.48,-80.56,-144.03,52.201847,-2.201071,8.33,2,257.09,24 / 25,-8.31600412932496,21.146698008930453,-0.12285040001008926,-408.72961703808335,56.38971621721439,15.858320268668331,False,73.90099999999984,-1.0456997249128777,3.6871121844299166,-378.63359219404754,-144.90533658020735,3.832530555563508,344.1662999999793,7.270304404412082,-17.459585824500536,30.09602484403581,-201.29505279742173
13259410.0,4.259,-2.2226,4.8982,0.1024,0.0028,9.806,0.5277,-0.294,0.1619,88.13,-80.34,-148.05,52.201847,-2.201071,8.33,2,257.09,24 / 25,-8.310914984694238,21.106973500332376,-0.3235778500104137,-409.55264953422864,58.48127295692628,15.83622207029228,False,74.0,-1.108447163799747,3.8153001628436995,-378.7482838636962,-144.52004615928283,3.973055555555556,343.8,7.202467820894491,-17.291673337488678,30.804365670532434,-203.00131911620912
13259510.0,0.89,-0.5646,8.2781,-0.0038,0.0286,9.8066,0.192,-0.0594,-0.1593,84.36,-80.23,-148.95,52.201847,-2.201071,8.33,2,257.09,24 / 25,-8.437162410513848,20.96620565668328,-0.6454278500115845,-410.3900534039921,60.58493191478472,15.787771785291003,False,74.10000000000036,-1.2788121104148236,3.896633410002025,-378.8845781830086,-144.14198340902823,4.101111111112162,341.83099999999575,7.158350300099024,-17.069572246681254,31.5054752209835,-204.72691532381293
13259610.0,-3.1266,2.5167,9.0912,0.0391,0.0846,9.8061,0.0222,-0.167,-0.0755,86.83,-80.27,-149.51,52.201847,-2.201071,8.33,2,257.09,24 / 25,-8.343682980197926,21.204998213228144,-0.7576278500119926,-411.22909567353076,62.69349210828796,15.717619000289568,False,74.20000000000073,-1.3128870225556573,3.9462240757677027,-379.0140577863412,-143.74168167321488,4.158888888893729,341.5979999999968,7.030795957642269,-17.258774137460442,32.21503788718957,-206.43517378150284
13259710.0,0.9146,1.6652,11.4129,0.0683,0.0421,9.8063,0.1462,0.1695,-0.0988,88.31,-81.05,-146.19,52.201847,-2.201071,8.33,2,257.09,24 / 25,-8.137678398470948,21.44753347551721,-0.7130878500126406,-412.0531637424522,64.8261186926942,15.644083215289406,False,74.29999999999927,-1.361214602407541,4.070366312810221,-379.15716682155045,-143.33026044356833,4.29194444445263,341.50899999999865,6.776463796063407,-17.37716716270699,32.89599692090178,-208.15637913626253
13259810.0,-0.248,1.5461,9.4207,0.0388,-0.0124,9.8065,0.0512,-0.2901,0.1021,89.54,-81.37,-147.45,52.201847,-2.201071,8.33,2,257.09,24 / 25,-7.968567070261964,21.53990364719426,-0.6520728500124185,-412.8584760158918,66.97549054883758,15.575825180287906,False,74.39999999999964,-1.435415408224345,4.282799285508201,-379.30027585681563,-142.89660023047955,4.516944444435607,341.4710000000499,6.5331516620376195,-17.25710436168606,33.55820015907619,-209.87209077931715
13259910.0,-1.1333,-1.2321,10.0808,0.0274,0.0221,9.8065,0.0898,-0.098,-0.0102,88.85,-81.38,-148.12,52.201847,-2.201071,8.33,2,257.09,24 / 25,-7.946180050593057,21.730914527095813,-0.6576628500124388,-413.6542133719375,69.13903145755995,15.510338395286425,False,74.5,-1.3178351510569084,4.150823474280593,-379.4297554601382,-142.48517900085622,4.355,342.386,6.628344899536149,-17.58009105281522,34.22445791179928,-211.62421045841617
13260010.0,0.4514,1.2397,7.6485,0.0144,0.0326,9.8065,0.1197,0.2636,-0.1476,89.43,-81.11,-148.21,52.201847,-2.201071,8.33,2,257.09,24 / 25,-7.9389071473850334,21.88696111821284,-0.7518628500127815,-414.4484677318393,71.31992523983332,15.439862110284908,False,74.60000000000036,-1.3935833707522745,4.104893468627784,-379.56604977942396,-142.08487726575024,4.335000000002345,341.2479999999948,6.545323776632759,-17.78206764958506,34.882417952415324,-213.40480250558358
13260110.0,-0.9951,5.6637,11.7447,0.0577,0.0489,9.8063,0.1381,-0.2096,-0.0064,88.38,-81.28,-146.52,52.201847,-2.201071,8.33,2,257.09,24 / 25,-7.587742227092903,22.045358814011458,-0.7628678500128215,-415.224800200566,73.51654123645253,15.364125575283353,False,74.70000000000073,-1.4563199572383692,4.219648823594455,-379.7159735306434,-141.662336544379,4.46388888888522,340.9589999999762,6.131422269854534,-17.825709990417003,35.5088266699226,-215.17887778083153
13260209.0,1.0153,2.8236,9.803,-0.0342,0.0214,9.8065,-0.0394,0.5612,-0.3196,89.9,-81.3,-147.27,52.201847,-2.201071,8.33,2,257.09,24 / 25,-7.161320214644243,22.173855704837106,-0.6671150500126666,-415.95487879143315,75.70539235513907,15.293341421731977,False,74.79900000000089,-1.4702660018510845,4.1089349457738455,-379.8643980443503,-141.25502952912385,4.3640638888836065,340.31153999996576,5.6910542127931585,-18.06492075906326,36.090480747082836,-216.96042188426293
13260310.0,3.6182,-3.4679,9.3075,0.0537,0.0514,9.8063,0.3963,0.3254,-0.3044,89.86,-81.43,-146.98,52.201847,-2.201071,8.33,2,257.09,24 / 25,-7.18384840094349,22.063382554914504,-0.6925064500123519,-416.67930980651136,77.93937288722884,15.224680535981564,False,74.89999999999964,-1.4028597634977378,4.065899811122969,-380.00219160114466,-140.85061358033477,4.301111111111975,340.9640000000399,5.780988637445752,-17.997482743791537,36.677118205366696,-218.7899864675636
13260410.0,-4.358,2.4758,12.993,-0.1745,-0.0688,9.8048,-0.2726,0.3696,-0.2291,83.16,-81.26,-150.78,52.201847,-2.201071,8.33,2,257.09,24 / 25,-7.257683544881867,22.23574356085692,-0.558146450011863,-417.40138640380525,80.15432919302548,15.162147890980126,False,75.0,-1.3558456550349167,4.09849873687216,-380.1316712044673,-140.4391923521261,4.316944444444444,341.695,5.90183788984695,-18.137244823984762,37.26971519933795,-220.5935215451516
13260510.0,1.344,-2.2484,7.97,-0.0899,-0.0049,9.8062,-0.1606,0.4874,-0.183,83.91,-80.16,-153.31,52.201847,-2.201071,8.33,2,257.09,24 / 25,-7.269595614678931,22.51084424994105,-0.49066145001161743,-418.12775036178596,82.39165858357352,15.10970749597876,False,75.10000000000036,-1.342934683863928,4.03019880873907,-380.26796552375276,-140.03889061560588,4.24805555555557,341.5709999999931,5.926660930815003,-18.480645441201982,37.85978483803319,-222.43054919917938
13260610.0,-1.5997,2.157,11.6028,0.0236,0.004,9.8066,-0.135,-0.2257,0.201,83.95,-80.23,-152.42,52.201847,-2.201071,8.33,2,257.09,24 / 25,-7.278799859408719,22.645788034029394,-0.49268645001162475,-418.855170135493,84.64949019778025,15.06054010097742,False,75.20000000000073,-1.3699731185192174,4.0219684788221235,-380.404259843038,-139.63858887979296,4.248888888886605,341.19000000001455,5.908826740889501,-18.62381955520727,38.45091029245498,-224.28807907757323
13260710.0,1.1238,2.296,9.6247,-0.0347,0.0012,9.8066,-0.3323,0.1792,-0.1165,90.91,-80.68,-150.44,52.201847,-2.201071,8.33,2,257.09,24 / 25,-7.061960226550116,22.801223306348408,-0.41197645001279914,-419.5722081397805,86.92184076476607,15.015306955976857,False,75.29999999999927,-1.3220351829517045,3.971869737239927,-380.5337394463679,-139.23828714398772,4.186111111110707,341.58999999999907,5.7399250435984115,-18.82935356910848,39.0384686934126,-226.1601279087538
13260809.0,0.7187,2.1743,11.4291,0.0626,0.0057,9.8063,0.1319,-0.4375,0.1037,89.8,-81.49,-149.59,52.201847,-2.201071,8.33,2,257.09,24 / 25,-6.8311651668434,22.829758240706106,-0.34067170001268376,-420.2599178467546,89.18057435134892,14.978050872550536,False,75.39899999999943,-1.3202722681183077,3.9608627715707727,-380.66867082246023,-138.8529967237354,4.175111111110529,341.5652499999987,5.510892898725093,-18.86889546913533,39.591247024294375,-228.03357107508432
13260909.0,0.0863,2.3104,10.13,0.0045,-0.0225,9.8066,0.0574,-0.2735,0.1865,89.28,-81.49,-150.13,52.201847,-2.201071,8.33,2,257.09,24 / 25,-6.598108391053609,22.91386446457226,-0.24338170001232973,-420.9313815246519,91.46775548662116,14.94884820254918,False,75.4989999999998,-1.2731439330846874,3.8575870794407567,-380.79147200412154,-138.4638144803833,4.062250000000166,341.73527999999976,5.324964457968921,-19.0562773851315,40.13990952053035,-229.93156996700446
13261009.0,3.3408,-3.3626,7.8788,0.0428,-0.0348,9.8064,0.0504,-0.4007,0.2754,91.2,-81.24,-150.07,52.201847,-2.201071,8.33,2,257.09,24 / 25,-6.643987820764602,22.869912900914308,-0.3236067000126215,-421.5934863352452,93.75694435490381,14.920498782547828,False,75.59900000000016,-1.2950561790148714,3.917788473290212,-380.9208834602937,-138.07463223699637,4.126286111112164,341.7082899999996,5.348931641749731,-18.952124427624096,40.67260287495151,-231.83157659190016
13261109.0,0.3358,2.241,11.1269,0.0402,-0.0001,9.8065,0.0488,-0.5551,0.2554,89.4,-81.42,-150.18,52.201847,-2.201071,8.33,2,257.09,24 / 25,-6.6930843349311715,22.81320003924727,-0.35398670001273197,-422.2603399430324,96.0411000019202,14.886619112546438,False,75.69900000000052,-1.274066101759887,3.951368496464709,-381.0503630636257,-137.6854499929089,4.151694444445299,342.1287500000146,5.419018233171284,-18.86183154278256,41.209976879406724,-233.7265499948291
13261210.0,3.0086,-2.8849,9.3675,0.0028,-0.0252,9.8065,-0.196,0.0743,0.0221,92.52,-81.48,-148.74,52.201847,-2.201071,8.33,2,257.09,24 / 25,-6.7201711433018705,22.775497142019802,-0.3094911500132833,-422.9377093446748,98.34332920954566,14.85311348112054,False,75.79999999999927,-1.2194419457969032,3.914455433498922,-381.1675080310279,-137.29237592708623,4.100000000002223,342.6970000000199,5.500729197504967,-18.86104170852088,41.77020131364685,-235.63570513663188
13261310.0,3.5199,-0.3363,8.2333,0.0342,-0.032,9.8065,-0.1826,-0.1754,0.1393,91.5,-81.7,-149.28,52.201847,-2.201071,8.33,2,257.09,25 / 25,-6.878383216998382,22.578094545047062,-0.4101161500136493,-423.61763706269227,100.61100879390725,14.817133116119061,False,75.89999999999964,-1.1994948654100397,3.98447709830115,-381.2901729184058,-136.88095469884823,4.161111111113446,343.24600000006194,5.678888351588343,-18.593617446745913,42.327464144286466,-237.49196349275547
13261409.0,1.2107,1.7469,11.7338,0.0059,0.0314,9.8065,-0.1314,0.2222,-0.2268,95.14,-81.64,-147.24,52.201847,-2.201071,8.33,2,257.09,25 / 25,-6.80229525179339,22.45733056149863,-0.39260305001362095,-424.29483064689856,102.84026233668486,14.777398515717646,False,75.9989999999998,-1.1325281241020195,4.04801153712684,-381.39811801928784,-136.48465598042307,4.203461111111049,344.36964999999833,5.669767127691371,-18.40931902437179,42.896712627610725,-239.32491831710792
13261510.0,-1.1038,3.0859,10.5178,0.0089,-0.0031,9.8066,-0.0217,-0.189,0.2277,91.56,-81.49,-147.8,52.201847,-2.201071,8.33,2,257.09,25 / 25,-6.545677449883685,22.562848292715113,-0.25936890001287227,-424.96890326833704,105.11378136883543,14.744473932241123,False,76.10000000000036,-1.1953734829348195,4.080455096549819,-381.5218732611666,-136.06923173482565,4.251944444446956,343.67200000002646,5.350303966948866,-18.482393196165294,43.44703000717044,-241.1830131036611
13261610.0,1.6636,-0.9108,10.0472,-0.0171,0.0308,9.8066,0.0024,0.2712,-0.0389,91.33,-81.29,-148.53,52.201847,-2.201071,8.33,2,257.09,25 / 25,-6.424675328846157,22.653887008225656,-0.21178390001269912,-425.6174209072759,107.37461813389069,14.720916292239759,False,76.20000000000073,-1.1269617622768846,4.242883121932839,-381.6309087166107,-135.6466910127463,4.39000000000196,345.125000000052,5.297713566569272,-18.411003886292818,43.98651219066522,-243.02130914663698
13261710.0,2.981,-1.398,9.7394,0.0134,-0.0221,9.8065,-0.0195,0.0541,-0.0715,95.05,-81.28,-150.0,52.201847,-2.201071,8.33,2,257.09,25 / 25,-6.538456585298864,22.551130301657956,-0.20311890001282515,-426.2655775029737,109.63486899935198,14.700171152238784,False,76.29999999999927,-1.0332568193203528,4.3220977316751155,-381.7263147400938,-135.21303079966378,4.443888888892679,346.5549999999397,5.505199765978511,-18.22903256998284,44.5392627628799,-244.84789979901575
13261810.0,2.3115,-1.1313,10.1346,-0.0067,0.0049,9.8066,0.0204,0.4007,-0.1754,91.38,-81.16,-148.79,52.201847,-2.201071,8.33,2,257.09,25 / 25,-6.664058132388951,22.416289488475613,-0.19008390001277764,-426.9257032388605,111.88323998886683,14.680511012237433,False,76.39999999999964,-1.185018889589329,4.390961121190888,-381.8557943434251,-134.76825109273284,4.548055555563681,344.89700000004063,5.479039242799622,-18.025328367284725,45.06990889543539,-246.65149108159966
13261910.0,3.4576,-0.4007,8.8975,0.0278,-0.0405,9.8065,-0.0303,0.2115,-0.185,90.2,-81.13,-146.81,52.201847,-2.201071,8.33,2,257.09,25 / 25,-6.732706269085851,22.25160269182248,-0.21914390001288322,-427.5955414589367,114.11663459788986,14.660049622236077,False,76.5,-1.1647473997073678,4.55023632453002,-381.97164451484184,-134.31235189340995,4.696944444444445,345.642,5.567958869378483,-17.70136636729246,45.62389694409484,-248.4289864912998
13262010.0,0.6035,4.9568,9.4406,0.0121,0.0012,9.8066,0.1549,0.3841,-0.2805,95.6,-81.17,-146.26,52.201847,-2.201071,8.33,2,257.09,25 / 25,-6.493831288877577,22.146250624374876,-0.2829039000131151,-428.2568683368373,116.3365272637078,14.634947232234685,False,76.60000000000036,-1.0284023038772754,4.841992224427121,-382.0670505383254,-133.8230942160691,4.95000000000333,348.00900000002065,5.465428985000302,-17.304258399947756,46.189817798511854,-250.1596214797769
13262110.0,0.5583,0.1165,9.327,-0.0094,-0.0561,9.8064,0.0966,0.2167,-0.1835,92.65,-81.14,-145.48,52.201847,-2.201071,8.33,2,257.09,25 / 25,-6.227177903585461,22.18528207306315,-0.3251889000132689,-428.89291879646277,118.55310389858776,14.604542592233255,False,76.70000000000073,-0.9669423118989526,5.041158785629439,-382.1624565618362,-133.31159755316955,5.133055555560396,349.1419999999825,5.2602355916865084,-17.14412328743371,46.73046223462654,-251.8647014517573
13262209.0,1.0465,2.3584,8.786,0.0061,-0.0318,9.8065,0.0764,0.1876,-0.1231,93.21,-81.13,-146.98,52.201847,-2.201071,8.33,2,257.09,25 / 25,-6.0933150455458795,22.219732050824135,-0.3994537500133889,-429.50278319744575,120.75115209772373,14.568672781056877,False,76.79900000000089,-1.0347937179653142,5.162082653436326,-382.2636550938787,-132.79420755939898,5.264780555562526,348.6648199999748,5.058521327580565,-17.05764939738781,47.239128103567054,-253.54535965712273
13262309.0,4.6235,-0.6086,11.1778,-0.0296,-0.045,9.8064,0.3384,0.1058,-0.1728,94.68,-80.96,-146.51,52.201847,-2.201071,8.33,2,257.09,25 / 25,-6.009664624000142,22.054454038252914,-0.3819287500136439,-430.10793218091425,122.96486140214537,14.529603656056095,False,76.89899999999943,-1.1432437699350242,5.2843771454334885,-382.3861155398036,-132.26058310728206,5.406636111118547,347.7927599999541,4.866420854065118,-16.770076892819425,47.72181664111065,-255.22544450942743
13262410.0,1.1717,3.8397,14.5512,-0.058,-0.0335,9.8064,-0.1277,0.2841,-0.2539,95.96,-80.52,-145.61,52.201847,-2.201071,8.33,2,257.09,25 / 25,-5.851478402229355,21.867502665389036,-0.07308590001190846,-430.7069199037422,125.18292021569175,14.506625416229674,False,77.0,-1.1088733752320952,5.450286766839686,-382.4963776440597,-131.71039061067336,5.561944444444444,348.5,4.74260502699726,-16.41721589854935,48.210542259682484,-256.8933108263651
13262510.0,-1.2709,2.9987,10.0489,0.0179,-0.0295,9.8065,-0.033,-0.0827,0.1788,97.56,-79.66,-146.03,52.201847,-2.201071,8.33,2,257.09,25 / 25,-5.485642271998024,21.953021454372234,0.17625409998899866,-431.2737759374556,127.37394642168779,14.511783826228548,False,77.10000000000036,-0.8516445217394504,5.591627179083122,-382.5713395196828,-131.14329648423086,5.656111111114253,351.34000000002027,4.633997750258573,-16.36139427528911,48.70243641777279,-258.51724290591864
13262609.0,-0.0206,-1.1437,9.216,-0.0327,0.0416,9.8064,0.0579,0.2252,0.0653,90.08,-79.14,-148.42,52.201847,-2.201071,8.33,2,257.09,25 / 25,-5.369275046051062,22.117020855504354,0.15900829998897079,-431.8110943446999,129.5554135160302,14.528379315027484,False,77.19900000000052,-0.766124258059767,5.776567874710595,-382.638805207729,-130.570865002253,5.827161111117021,352.4448400000382,4.603150787991295,-16.34045298079376,49.1722891369709,-260.1262785182832
13262710.0,2.875,-0.4814,7.0881,0.026,-0.0079,9.8066,-0.128,-0.0033,-0.1648,91.46,-78.9,-150.81,52.201847,-2.201071,8.33,2,257.09,25 / 25,-5.443640336835234,22.09714686226419,-0.008106300008958539,-432.35714657152886,131.78822898574984,14.53599986602638,False,77.29999999999927,-0.860773653065381,5.8298518419498535,-382.72807798685506,-129.98686924721193,5.893055555558395,351.6009999999874,4.582866683769852,-16.267295020314336,49.6290685846738,-261.7750982329618
13262810.0,2.4871,0.0061,9.6196,0.0332,-0.0164,9.8065,-0.0668,0.2712,-0.252,89.21,-79.03,-151.36,52.201847,-2.201071,8.33,2,257.09,25 / 25,-5.45899640292259,21.952088214133855,-0.153386300009487,-432.9022784085187,133.99069073957776,14.527925236025428,False,77.39999999999964,-0.9079336287711736,5.901679797061798,-382.823484010365,-129.38641664278526,5.97111111111672,351.2540000000536,4.551062774151417,-16.050408417072056,50.07879439815372,-263.377107382363
13262910.0,3.7902,-2.0463,10.7229,-0.0175,-0.0327,9.8066,0.0272,0.4457,-0.0909,87.38,-78.73,-152.11,52.201847,-2.201071,8.33,2,257.09,25 / 25,-5.544535105186423,21.756429576690675,-0.11692630000935433,-433.4524549839262,136.17611662912694,14.514409606024437,False,77.5,-0.8205401174079977,6.0182090484040165,-382.9052606019357,-128.7859640398169,6.073888888888889,352.236,4.7239949877784255,-15.738220528286657,50.547194381990494,-264.9620806689438
13263010.0,1.4594,2.3137,9.6294,0.0425,-0.0033,9.8065,0.0111,-0.1147,0.2082,88.86,-79.02,-151.29,52.201847,-2.201071,8.33,2,257.09,25 / 25,-5.515353922700655,21.61447908733135,-0.07997630000921988,-434.0054494353226,138.34466206233594,14.504564476023472,False,77.60000000000036,-0.7190831521381876,6.084600861649857,-382.98022247753147,-128.17439194296492,6.126944444442044,353.2600000000085,4.796270770562467,-15.529878225681493,51.02522695779112,-266.51905400530086
13263109.0,3.5509,-2.25,9.8495,0.0235,0.0276,9.8065,-0.0342,0.3086,-0.2983,89.31,-79.33,-148.77,52.201847,-2.201071,8.33,2,257.09,25 / 25,-5.501059538599057,21.488797450270607,-0.08662910000923052,-434.5507619016578,140.47827425095068,14.496317508722544,False,77.69900000000052,-0.6554835137971694,5.960382863366579,-383.03419502796305,-127.59095216278537,5.996319444439933,353.7243100000161,4.845576024801887,-15.528414586904027,51.51656687369473,-268.06922641373603
13263209.0,0.6032,3.1427,9.0017,0.0378,-0.0235,9.8065,-0.0524,-0.4364,0.1659,92.8,-79.53,-145.96,52.201847,-2.201071,8.33,2,257.09,25 / 25,-5.444056335852542,21.394308082016547,-0.12473410000936908,-435.09801769538234,142.62242952757285,14.485749348721576,False,77.79900000000089,-0.5322391443935182,6.00610011787822,-383.08196618690454,-126.99061075398987,6.0296500000018325,354.9358100000639,4.911817191459024,-15.388207964138328,52.0160515084778,-269.6130402815627
13263310.0,0.4978,3.6616,9.5586,-0.0355,0.0119,9.8066,0.0671,-0.0523,-0.0214,97.38,-79.66,-146.2,52.201847,-2.201071,8.33,2,257.09,25 / 25,-5.086228022902345,21.429675857726785,-0.17791060000871012,-435.6297970554929,144.7850407165031,14.470465791370852,False,77.89999999999964,-0.5164575245797811,5.978846560428183,-383.13696094473056,-126.38415362353693,6.001111111105926,355.06299999999095,4.569770498322564,-15.450829297298602,52.49283611076231,-271.16919434004
13263410.0,0.2516,2.4324,9.8018,-0.008,-0.0339,9.8065,0.1082,-0.3743,0.1708,95.63,-79.74,-147.9,52.201847,-2.201071,8.33,2,257.09,25 / 25,-4.764619319896094,21.477583194918285,-0.19055560000875604,-436.1223394226346,146.93040366914315,14.452042481369912,False,78.0,-0.5254302851319449,5.88269253592743,-383.1914786724083,-125.80594000471102,5.9061111111111115,354.896,4.239189034764149,-15.594890658990856,52.93086075022626,-272.73634367385415
13263510.0,1.4856,1.362,11.1433,-0.0281,-0.0116,9.8065,0.1154,-0.1609,-0.0231,93.83,-79.72,-149.12,52.201847,-2.201071,8.33,2,257.09,25 / 25,-4.562136246033792,21.495695410062556,-0.12396560000851373,-436.58867720093275,149.0790675994,14.436316421368991,False,78.10000000000036,-0.45097099918128386,5.933999377712506,-383.23236696821004,-125.20548740169896,5.9511111111115245,355.6540000000112,4.111165246852508,-15.56169603235005,53.356310232722706,-274.28455500109897
13263609.0,2.662,-0.6593,9.9338,-0.0099,-0.0215,9.8066,-0.0723,-0.2393,0.0832,92.91,-79.72,-150.8,52.201847,-2.201071,8.33,2,257.09,25 / 25,-4.522414414337615,21.408330444412215,-0.05150750000839653,-437.03836245862186,151.20281687919993,14.42763050291814,False,78.19900000000052,-0.38935659817849233,5.960955289199416,-383.26609981226,-124.61103932471825,5.97366111111189,356.26285000002105,4.133057816159123,-15.4473751552128,53.77226264636187,-275.8138562039182
13263710.0,1.7975,0.3996,10.439,0.0065,0.0385,9.8065,-0.0222,-0.2238,0.1799,93.59,-79.8,-149.88,52.201847,-2.201071,8.33,2,257.09,25 / 25,-4.53130714457359,21.30682798836291,-0.013152750008871728,-437.4955753973412,153.35993238002834,14.424365160292307,False,78.29999999999927,-0.2809736156350626,5.860212533816571,-383.2800699799649,-124.02682117912295,5.866944444443282,357.2550000000062,4.250333528938528,-15.44661545454634,54.215505417376335,-277.3867535591513
13263810.0,1.9975,0.6679,9.503,-0.0232,0.0253,9.8066,-0.075,-0.2304,0.1988,93.83,-79.77,-147.82,52.201847,-2.201071,8.33,2,257.09,25 / 25,-4.472806229923858,21.235567714318194,0.003282249991188129,-437.9457810660677,155.48705216517013,14.423871635291421,False,78.39999999999964,-0.2620478953321476,5.829112788458104,-383.3073288438336,-123.44860756025437,5.835000000001197,357.42599999997225,4.21075833459171,-15.40645492586009,54.63845222223409,-278.9356597254245
13263910.0,1.3146,2.8973,9.6707,-0.0039,0.0184,9.8066,-0.0213,-0.228,0.0633,98.96,-79.84,-146.83,52.201847,-2.201071,8.33,2,257.09,25 / 25,-4.2901057465040555,21.166691605661743,-0.01869775000889177,-438.3839266648907,157.60716513117683,14.423100860290534,False,78.5,-0.31489926685546776,5.848473020972443,-383.34821713960537,-122.8592744497109,5.856944444444444,356.918,3.9752064796485875,-15.318218584689301,55.03570952528531,-280.4664395808877
13264010.0,1.9009,0.4429,9.3553,-0.01,-0.0047,9.8065,-0.032,-0.2072,0.0319,102.78,-79.88,-147.53,52.201847,-2.201071,8.33,2,257.09,25 / 25,-4.124137270859441,21.099985086622564,-0.04806275000899855,-438.80463881576037,159.72049896579873,14.419762835289626,False,78.60000000000036,-0.23289038152964925,5.844250448496909,-383.36866128749267,-122.2810608301354,5.848888888888672,357.7180000000062,3.891246889329792,-15.255734638125656,55.4359775282677,-282.0015597959341
13264110.0,1.5963,1.0366,9.88,0.0032,0.0034,9.8066,-0.0046,-0.2066,0.0646,102.13,-79.98,-148.77,52.201847,-2.201071,8.33,2,257.09,25 / 25,-4.05384664745414,21.03096254098085,-0.06696275000906723,-439.21353801167754,161.82704634718655,14.414011560288703,False,78.70000000000073,-0.1976994178925389,5.833595408293803,-383.3822907194271,-121.69172771884253,5.836944444441938,358.05899999999025,3.8561472295616013,-15.197367132687045,55.83124729225045,-283.5187740660291
13264210.0,1.7169,-0.0867,10.0177,0.001,0.0013,9.8066,-0.0196,-0.1081,-0.0043,100.78,-80.05,-149.28,52.201847,-2.201071,8.33,2,257.09,25 / 25,-4.00650025471616,20.976610731518104,-0.052742750009274086,-439.61655535678017,163.92742501078092,14.408026285287873,False,78.79999999999927,-0.2224289856693655,5.763765283069363,-383.4095495832941,-121.1246335931175,5.768055555556101,357.7900000000122,3.7840712690467946,-15.212845448448741,56.20700577348606,-285.05205860389844
13264310.0,0.9612,0.9856,10.0081,0.0062,0.001,9.8066,-0.0281,-0.1844,0.0948,104.68,-80.03,-149.35,52.201847,-2.201071,8.33,2,257.09,25 / 25,-3.9549624029676687,20.95136305728256,-0.03211775000919898,-440.0146284896658,166.02382370022858,14.403783260286934,False,78.89999999999964,-0.18931715297744606,5.7799559318589075,-383.4231790151746,-120.54641997424952,5.783055555555602,358.12399999998183,3.7656452499902224,-15.171407125423652,56.59144947449124,-286.5702436744781
13264410.0,0.8645,-0.1683,9.593,-0.0094,0.0135,9.8066,0.0017,-0.0873,0.0378,103.73,-80.0,-149.14,52.201847,-2.201071,8.33,2,257.09,25 / 25,-3.8985160509390226,20.96873063168961,-0.03272775000920111,-440.4073024123626,168.1198283846848,14.400540985286002,False,79.0,-0.2229386811858953,5.779590731482934,-383.45043787909475,-119.9682063554236,5.783888888888889,357.791,3.6755773697531273,-15.189139900206676,56.95686453326783,-288.0880347401084
13264510.0,0.7978,0.4182,9.5833,0.0006,0.0,9.8066,0.0073,-0.1216,0.0161,99.86,-79.98,-149.75,52.201847,-2.201071,8.33,2,257.09,25 / 25,-3.86873671230859,21.003686654793533,-0.05457775000928057,-440.7956650505264,170.2184492490166,14.396175710285062,False,79.10000000000036,-0.2710637860639174,5.8876523894039146,-383.484511458889,-119.37887324412993,5.893888888888981,357.3639999999905,3.5976729262446727,-15.116034265389619,57.31115359163738,-289.5973224931465
13264610.0,0.9204,0.287,9.8078,0.0019,-0.0079,9.8066,-0.0127,-0.1242,-0.0125,100.0,-80.0,-150.27,52.201847,-2.201071,8.33,2,257.09,25 / 25,-3.8182183656109903,21.031948802350904,-0.06568775000932094,-441.18001280442377,172.32023102188145,14.390162435284111,False,79.20000000000073,-0.3252757940120137,5.889913902707012,-383.5185850387109,-118.78954013354318,5.898888888890163,356.8389999999669,3.4929425715989764,-15.142034899643892,57.66142776571286,-291.10977115542465
13264710.0,0.6829,0.0468,9.9882,0.0027,-0.0108,9.8066,0.0339,-0.1195,-0.0252,97.51,-80.1,-151.12,52.201847,-2.201071,8.33,2,257.09,25 / 25,-3.786065543421489,21.069508943181432,-0.056552750009453756,-441.5602269998699,174.42530390912745,14.384050410283262,False,79.29999999999927,-0.4212621116236455,5.918916757231739,-383.5662880504663,-118.18908753054205,5.9338888888931525,355.9289999999336,3.3648034317978435,-15.150592185949694,57.99393894940357,-292.6143914396695
13264809.0,0.6067,0.1418,9.5588,-0.0011,-0.0156,9.8066,0.0163,-0.0693,-0.0332,97.73,-80.2,-152.2,52.201847,-2.201071,8.33,2,257.09,25 / 25,-3.759741136934655,21.123881957299776,-0.05983460000945898,-441.93374443054813,176.51387675870464,14.378289236457316,False,79.39899999999943,-0.6197935879421623,6.018077355259395,-383.64050030733324,-117.59463945286107,6.049938888895029,354.1202699999043,3.1399475489924926,-15.105804602040381,58.29324412321489,-294.1085162115657
13264909.0,0.3412,0.0528,10.0303,0.0008,0.0034,9.8066,0.0311,-0.0889,0.0389,101.75,-80.26,-152.02,52.201847,-2.201071,8.33,2,257.09,25 / 25,-3.7274911113258833,21.1946128194902,-0.06104460000946331,-442.3081060429625,178.62980149755182,14.372245276456349,False,79.4989999999998,-0.6376503944921158,6.074937497492639,-383.7019690453099,-116.9831785509835,6.1083111111110275,354.0079500000001,3.0898407168337676,-15.11967532199756,58.606136997652584,-295.6129800485353
13265010.0,0.3629,0.438,9.6485,-0.0064,0.0037,9.8066,-0.0242,-0.0059,-0.0295,102.33,-80.28,-151.31,52.201847,-2.201071,8.33,2,257.09,25 / 25,-3.6753785661010645,21.273498015334155,-0.057736850009444625,-442.68195096167466,180.7744410947225,14.36624681323036,False,79.60000000000036,-0.7097162368170228,6.132960694116084,-383.7775442453704,-116.36549073386892,6.173888888891273,353.3989999999707,2.965662329284042,-15.140537321218071,58.904406716304266,-297.13993182859144
13265112.0,0.1796,-0.4489,9.8859,0.0072,-0.0095,9.8066,0.0386,-0.0632,-0.0204,102.43,-80.38,-150.9,52.201847,-2.201071,8.33,2,257.09,25 / 25,-3.6454591305622874,21.366519860037606,-0.061760750009403245,-443.05531368420066,182.94908200634413,14.36015243562946,False,79.70199999999932,-0.9027086989012418,6.244031883842337,-383.88194569394204,-115.72990053239512,6.308961111115578,351.774179999981,2.7427504316610456,-15.12248797619527,59.17336799025861,-298.67898253873926
13265210.0,0.215,-0.2106,9.5353,-0.0083,-0.0124,9.8066,0.007,0.0094,-0.0569,102.25,-80.36,-151.17,52.201847,-2.201071,8.33,2,257.09,25 / 25,-3.6462829228691254,21.469767453313885,-0.07117365000939904,-443.4126090448186,185.04806008469743,14.353638650028543,False,79.79999999999927,-1.0229067469377404,6.422101941404051,-383.9888004402781,-115.09786856905683,6.503055555561336,350.9499999999553,2.623376175931385,-15.047665511909834,59.42380860454051,-300.14592865375425
13265309.0,-0.1265,-1.4576,9.6636,0.007,-0.023,9.8065,0.0188,0.0133,-0.0904,102.47,-80.38,-151.65,52.201847,-2.201071,8.33,2,257.09,25 / 25,-3.6925582436440223,21.599648653822033,-0.09168645000943215,-443.7758816825616,187.1799961820041,14.345577075077598,False,79.89899999999943,-1.186996086917427,6.553714931706001,-384.11698524754974,-114.43737070496687,6.6603555555638785,349.73427999993567,2.5055621567265955,-15.045933722116033,59.658896435011854,-301.61736688697096
13265410.0,-0.3142,0.6738,9.774,0.0103,-0.0178,9.8065,0.0032,-0.0565,-0.0411,101.18,-80.48,-152.78,52.201847,-2.201071,8.33,2,257.09,25 / 25,-3.691726196147742,21.74979933254,-0.10055930000948196,-444.1487880467732,189.36914330532767,14.335868664701588,False,80.0,-1.3459826551733811,6.531646783493279,-384.2613890788123,-113.78576843457999,6.6688888888888895,348.356,2.345743540974361,-15.21815254904672,59.887398967960905,-303.1549117399077
13265510.0,0.0498,-1.4732,10.0159,0.0013,-0.0069,9.8065,0.0298,0.039,-0.0646,105.83,-80.48,-152.26,52.201847,-2.201071,8.33,2,257.09,25 / 25,-3.689241132174769,21.89309690108693,-0.09172930000944982,-444.51783641319065,191.55128811701695,14.326254234700606,False,80.10000000000036,-1.424766843649298,6.671503986685333,-384.40449811407836,-113.10747938246591,6.821944444446955,347.94499999999766,2.264474288525471,-15.221592914401597,60.113338299112286,-304.65876749948285
13265610.0,-0.2208,1.2218,10.1654,0.0035,-0.0093,9.8066,0.0183,-0.1162,0.0177,105.21,-80.47,-151.9,52.201847,-2.201071,8.33,2,257.09,25 / 25,-3.6568917236389002,22.020828008704292,-0.06332930000934643,-444.88514305598267,193.7469843625145,14.318501304699637,False,80.20000000000073,-1.4688020828879662,6.803250726040514,-384.5544218652978,-112.418070837219,6.9600000000048,347.8169999999968,2.188089640750934,-15.217577282663779,60.33072119068487,-306.1650551997335
13265710.0,-0.4791,-0.6823,10.0511,-0.0076,-0.0033,9.8066,0.0181,-0.0377,-0.0435,106.37,-80.4,-151.06,52.201847,-2.201071,8.33,2,257.09,25 / 25,-3.578435377966808,22.163256611870874,-0.03316930000978527,-445.2469094110577,195.95618859351111,14.313676374698751,False,80.29999999999927,-1.5070504109670388,6.929969340620824,-384.70434561651473,-111.72866229198384,7.091944444448264,347.7309999999886,2.0713849669997693,-15.23328727125005,60.54256379454296,-307.68485088549494
13265810.0,-1.1992,0.2195,9.7948,-0.0003,-0.0101,9.8066,0.0307,-0.1932,0.0392,110.56,-80.38,-151.2,52.201847,-2.201071,8.33,2,257.09,25 / 25,-3.5251916891908293,22.361162863987268,-0.021539300009742884,-445.60209076441686,198.1824095673121,14.310940944697764,False,80.39999999999964,-1.5676355828236417,7.024138951922875,-384.86108408368915,-111.01701476188616,7.196944444447006,347.4189999999254,1.9575561063671876,-15.337023912064392,60.74100668072771,-309.1994243291983
13265910.0,-1.6122,-0.5862,9.5033,-0.0113,-0.0095,9.8066,0.0169,-0.0811,-0.0727,110.82,-80.37,-151.74,52.201847,-2.201071,8.33,2,257.09,25 / 25,-3.4403254496045754,22.61036380387122,-0.03729930000980017,-445.9503666213579,200.4309859007132,14.307999014696776,False,80.5,-1.7461982534369898,7.030271537733199,-385.04508141471655,-110.3164867235572,7.24388888888889,346.051,1.6941271961675857,-15.58009226613802,60.90528520664134,-310.7474726242704
13266009.0,-0.5314,0.6692,9.9402,-0.0126,-0.0221,9.8066,0.0321,-0.2494,-0.0206,110.36,-80.26,-152.65,52.201847,-2.201071,8.33,2,257.09,25 / 25,-3.347312515768622,22.818534634225834,-0.04570440000981369,-446.2863547006444,202.67971637340264,14.303890331545798,False,80.59900000000016,-1.618392491555173,7.246572718725517,-385.19350592842346,-109.60094737196015,7.4251138888918184,347.410270000022,1.728920024213449,-15.571961915500317,61.09284877222092,-312.2806637453628
13266110.0,-0.2058,0.4879,10.366,-0.001,-0.0102,9.8066,-0.0068,-0.2696,0.0172,109.5,-80.3,-152.88,52.201847,-2.201071,8.33,2,257.09,25 / 25,-3.2282922465427086,22.946457591881398,-0.010712950009616987,-446.618422741143,204.99084848083405,14.301041255369801,False,80.70000000000073,-1.7442408284241053,7.333478403263521,-385.37900249697736,-108.84871369153586,7.538055555557698,346.62099999998054,1.4840514181186033,-15.612979188617878,61.239420244165615,-313.83956217236994
13266210.0,0.1078,0.4462,9.9934,-0.0031,-0.001,9.8066,0.0204,-0.288,0.0384,113.13,-80.39,-153.39,52.201847,-2.201071,8.33,2,257.09,25 / 25,-3.130001977514678,23.044811922110263,0.026592049989840168,-446.9363374523412,207.29041195650018,14.3018352103688,False,80.79999999999927,-1.8268009633856581,7.374033030315938,-385.5629998280143,-108.11482717659914,7.596944444447284,346.08600000005,1.30320101412902,-15.670778891794324,61.37333762432689,-315.4052391330993
13266310.0,-2.2014,0.517,10.2198,-0.0148,-0.0023,9.8066,0.02,-0.3032,0.0394,109.19,-80.35,-153.79,52.201847,-2.201071,8.33,2,257.09,25 / 25,-2.9978524264647097,23.237200899057516,0.05658704998994928,-447.2427301725413,209.60451259756698,14.305994165367805,False,80.89999999999964,-1.6665355409798552,7.491881225079,-385.73336772712116,-107.3698211678085,7.675000000002623,347.4589999999935,1.3313168854848545,-15.745319673978516,61.50936244542015,-316.9743337653755
13266409.0,-1.291,0.5138,9.9306,-0.017,-0.002,9.8065,0.0307,-0.3311,0.0324,113.59,-80.13,-154.55,52.201782,-2.201743,1.86,2,285.15,24 / 25,-2.8359265445569877,23.48940730405471,0.0831734999899923,-447.53150223160736,211.91747970362476,14.312912312591823,False,80.9989999999998,-1.6923633503264852,7.534856892453314,-385.90203194725115,-106.62125692166092,7.722574999999931,347.34119000000015,1.1435631942305025,-15.954550411601394,61.629470284356216,-318.53873662528565
13266510.0,-0.8341,1.2381,9.9361,-0.0137,-0.0035,9.8066,0.0161,-0.3786,0.0747,118.23,-79.88,-155.56,52.201782,-2.201743,1.86,2,285.15,24 / 25,-2.648302227442604,23.65321319829629,0.09597019999006424,-447.8084557845949,214.29818203900686,14.321959069440867,False,81.10000000000036,-1.8082492774275944,7.584363995778474,-386.0877329572563,-105.85757016543168,7.7969444444460665,346.5900000000123,0.8400529500150096,-16.068849202517814,61.72072282733859,-320.15575220443856
13266610.0,-2.6503,0.7343,9.7917,-0.01,0.0039,9.8065,-0.005,-0.3957,0.0559,122.84,-79.79,-156.17,52.201782,-2.201743,1.86,2,285.15,24 / 25,-2.400867939884324,23.85259679346968,0.10169519999008514,-448.0609142929622,216.6734725386038,14.33184233943991,False,81.20000000000073,-1.7378937485131065,7.692234641226549,-386.26491557234357,-105.07920567936497,7.886111111112162,347.26900000000643,0.6629741913712175,-16.16036215224313,61.79599872061863,-321.75267821796876
13266710.0,0.1213,1.217,9.5223,0.0013,0.0026,9.8066,-0.0247,-0.4662,0.0912,127.29,-79.74,-156.64,52.201782,-2.201743,1.86,2,285.15,24 / 25,-2.1752445423737994,23.996953253312498,0.08673019999030297,-448.28971991707175,219.0659500409081,14.341263609438792,False,81.29999999999927,-1.7205365089670046,7.725734859638065,-386.4420981874281,-104.31196068502896,7.915000000007276,347.44499999999323,0.4547080334067948,-16.27121839367443,61.84762172964366,-323.37791072593706
13266809.0,-0.0554,1.5927,10.0796,0.0047,0.0051,9.8066,-0.0649,-0.4848,0.1132,128.69,-79.74,-156.64,52.201782,-2.201743,1.86,2,285.15,24 / 25,-1.9855740525114225,23.998200648755624,0.08616589999030205,-448.4956804375189,221.44171015906431,14.349821966387847,False,81.39899999999943,-1.7890245942270515,7.913289663609268,-386.62425554513123,-103.51936324812101,8.113000000010478,347.26085999999026,0.19654945828437098,-16.084910985146358,61.871424892387665,-324.9610734071853
13266910.0,0.0915,1.7081,9.8578,0.0139,0.0043,9.8066,-0.0541,-0.4732,0.0873,132.02,-79.88,-156.92,52.201782,-2.201743,1.86,2,285.15,24 / 25,-1.772593022573489,23.976841449394026,0.102532949990394,-448.68546787481176,223.86444978503448,14.359351258311925,False,81.5,-1.7500622188939268,7.8389676481436,-386.7964634175354,-102.73299272668656,8.031944444444443,347.415,0.022530803679562172,-16.137873801250425,61.88900445727637,-326.59744251172106
13267010.0,-1.2152,1.233,9.9081,0.0069,-0.0052,9.8066,-0.0426,-0.4576,0.0342,132.0,-80.01,-156.47,52.201782,-2.201743,1.86,2,285.15,24 / 25,-1.5366239949101559,24.00471193118177,0.11016294999042174,-448.8509287256866,226.263527454072,14.369986053311004,False,81.60000000000036,-1.7480879481634077,7.894895909809786,-386.9736460326229,-101.94350874748643,8.086111111111782,347.5149999999996,-0.21146395325325185,-16.109816021371984,61.87728269306365,-328.2070362015584
13267110.0,0.3655,1.8533,10.4279,0.0019,-0.0155,9.8065,-0.0299,-0.5582,0.0932,136.76,-80.16,-157.45,52.201782,-2.201743,1.86,2,285.15,24 / 25,-1.3075335300763595,24.00929851780688,0.14629794999055318,-448.99313660193644,228.66422797653019,14.3828090983101,False,81.70000000000073,-1.758981479519989,7.930322547874918,-387.15764336366345,-101.1540247682863,8.123055555554675,347.49400000000315,-0.4514479494436294,-16.07897596993196,61.83549323827299,-329.8182527448165
13267210.0,-0.5391,0.2571,10.017,-0.0024,0.0025,9.8066,-0.0343,-0.4676,0.0644,140.42,-80.24,-158.44,52.201782,-2.201743,1.86,2,285.15,24 / 25,-1.1302382447243688,24.010271374440464,0.1878779499899481,-449.1150251906747,231.06520647110762,14.399517893308882,False,81.79999999999927,-1.7418785462423658,7.909352714650056,-387.3348259787476,-100.36454078910013,8.09888888889097,347.5800000000001,-0.611640301517997,-16.10091865979041,61.78019921192714,-331.42974726020776
13267310.0,0.6441,1.4499,9.787,-0.0082,-0.0125,9.8066,-0.003,-0.5049,0.039,139.51,-80.3,-159.76,52.201782,-2.201743,1.86,2,285.15,24 / 25,-0.9787420933460739,24.01288159439251,0.19741294998998288,-449.2204742075786,233.466364119558,14.418782438307948,False,81.89999999999964,-1.7537686252948856,7.9653276182312585,-387.5120085938075,-99.563937316767,8.156111111113338,347.58300000001606,-0.7750265319488118,-16.047553976161254,61.708465613771125,-333.030301436325
13267410.0,-0.2994,1.0068,9.8754,-0.008,-0.0119,9.8065,-0.0458,-0.3876,0.0354,142.44,-80.36,-161.55,52.201782,-2.201743,1.86,2,285.15,24 / 25,-0.8124450009667215,23.97565193033187,0.19986794998999194,-449.31003356229456,235.86579079580295,14.43864648330702,False,82.0,-1.721448937042658,8.014144482255317,-387.682376492929,-98.76333384519941,8.196944444444444,347.87699999999995,-0.9090039360759365,-15.961507448076555,61.62765706936557,-334.62912464100236
13267510.0,0.0778,0.6649,9.0177,0.0047,-0.0117,9.8065,-0.0742,-0.4198,0.0416,152.43,-80.34,-162.05,52.201782,-2.201743,1.86,2,285.15,24 / 25,-0.6499773308620701,23.97117265321106,0.16385794998986103,-449.3831546788863,238.2631320249888,14.456832778306078,False,82.10000000000036,-1.7627405882457818,8.015402842824406,-387.85955910798924,-97.9738498667062,8.20694444444501,347.5970000000114,-1.1127632573837118,-15.955769810386654,61.523595570897044,-336.236981891695
13267610.0,0.8362,1.4762,10.2949,0.0011,-0.0046,9.8066,-0.0262,-0.4184,0.0639,156.73,-80.35,-161.91,52.201782,-2.201743,1.86,2,285.15,24 / 25,-0.5326354751577385,23.899408200526487,0.14882294998980639,-449.4422853191875,240.65666106768438,14.472466823305117,False,82.20000000000073,-1.6809903518867102,8.064727569688348,-388.02992700706943,-97.16212690194777,8.238055555556059,348.22599999997016,-1.1483548767289717,-15.83468063083814,61.412358312118045,-337.8187879696321
13267710.0,0.5009,1.291,9.8808,-0.0096,0.0003,9.8065,-0.0084,-0.3598,-0.0009,160.17,-80.29,-161.86,52.201782,-2.201743,1.86,2,285.15,24 / 25,-0.42616828654284333,23.78186659635315,0.17694294998939727,-449.4902255072718,243.04072480749366,14.48875511830384,False,82.29999999999927,-1.7994031268511712,8.053367960127517,-388.21392433810655,-96.3615234296296,8.25194444444037,347.4050000000134,-1.3732348403083279,-15.728498636225634,61.276301169165265,-339.4022482371233
13267810.0,0.5728,1.7581,10.031,-0.0182,-0.0007,9.8065,0.0141,-0.3138,-0.0332,160.06,-80.22,-162.23,52.201782,-2.201743,1.86,2,285.15,24 / 25,-0.3063464357182849,23.652835006283656,0.1918679499894517,-449.526851243385,245.41245988763413,14.50719566330285,False,82.39999999999964,-1.7237940592435799,7.955383965684089,-388.3911069531947,-95.57203945042825,8.140000000009064,347.77399999995987,-1.417447623525295,-15.697451040599567,61.1357442901903,-340.9844993380624
13267910.0,-0.9444,1.2303,10.0601,-0.0201,-0.0122,9.8066,-0.0446,-0.3744,0.0079,162.55,-80.22,-163.01,52.201782,-2.201743,1.86,2,285.15,24 / 25,-0.12074518840777967,23.546024200525167,0.2157579499895387,-449.5482058245914,247.77240284798316,14.527576958301873,False,82.5,-1.8629591353087487,8.094495972591075,-388.58191900017505,-94.76031648572847,8.306111111111111,347.039,-1.742213946900969,-15.451528227934093,60.96628682441633,-342.5327193337116
13268009.0,-0.4,2.5472,10.6558,-0.0091,-0.0201,9.8066,0.0379,-0.2156,-0.0029,168.7,-80.32,-163.45,52.201782,-2.201743,1.86,2,285.15,24 / 25,0.1058639540929914,23.403009492878024,0.270336649989627,-449.54894244569,250.09638001581038,14.551638641000881,False,82.59900000000016,-1.6966433832519474,7.994393138248506,-388.7438366514966,-93.96771904882051,8.17246111110895,348.01811000001584,-1.8025073373449387,-15.408616354629519,60.805105794193366,-344.0640990646309
13268110.0,-2.0612,2.5737,9.9775,-0.0228,-0.0079,9.8066,-0.0373,-0.265,-0.0925,174.44,-80.36,-163.92,52.201782,-2.201743,1.86,2,285.15,24 / 25,0.3906833609942242,23.17004626306454,0.3218466499899164,-449.52386680627797,252.4483193314987,14.581543897650016,False,82.70000000000073,-1.728922931913614,7.9676307888539215,-388.9226547983895,-93.15910954247722,8.153055555556465,347.75699999997266,-2.119606292907838,-15.202415474210618,60.60121200788848,-345.60742887397595
13268210.0,1.1389,0.0049,9.5951,-0.0164,-0.0043,9.8066,0.0853,-0.3067,0.0068,178.52,-80.56,-164.4,52.201782,-2.201743,1.86,2,285.15,24 / 25,0.5715419919320046,23.04813859308199,0.31981164998994605,-449.47575553863237,254.7592285742724,14.613626812648542,False,82.79999999999927,-1.8386886758434293,7.968677219144504,-389.1134668454063,-92.36962556399959,8.17805555554544,347.00700000001854,-2.410230667775434,-15.079461373937487,60.36228869322605,-347.128854138272
13268311.0,-1.9785,3.3722,10.0219,-0.0098,0.0495,9.8065,0.1273,-0.1274,-0.0248,173.78,-79.99,-165.36,52.201782,-2.201743,1.86,2,285.15,24 / 25,0.7557753002704629,22.88653313790966,0.31999849998994717,-449.40872601537575,257.07892949670054,14.645937225222708,False,82.90099999999984,-1.7079479401767699,7.7132145799757525,-389.2788600018715,-91.5947081197064,7.900050000000281,347.5143799999797,-2.4637232404472327,-15.173318557933907,60.12986601350423,-348.67363761640695
13268410.0,1.2313,0.3192,9.77,-0.0293,0.0176,9.8065,0.0549,-0.3023,0.0366,177.73,-79.79,-166.15,52.201782,-2.201743,1.86,2,285.15,24 / 25,0.9324735956476873,22.712461656263898,0.32883919998996153,-449.32515769502766,259.33607973901576,14.678054691371765,False,83.0,-1.7572601024528285,7.707208439657479,-389.4610173595883,-90.83513557535794,7.904999999999999,347.156,-2.6897336981005155,-15.00525321660642,59.864140335439345,-350.1712153143737
13268510.0,0.3427,1.8062,10.1974,-0.0161,0.0263,9.8065,0.1059,-0.1585,-0.0146,178.15,-79.57,-165.34,52.201782,-2.201743,1.86,2,285.15,24 / 25,0.9800972613537713,22.598032120633142,0.34654419999002595,-449.22952915217724,261.60160442786884,14.711823861370886,False,83.10000000000036,-1.7131990120535991,7.455699105050268,-389.63138525869493,-90.09012956727564,7.649999999996655,347.0590000000024,-2.6932962734073707,-15.142333015582874,59.5981438934823,-351.6917339951445
13268610.0,0.4776,1.5067,9.2784,-0.0151,0.0251,9.8065,-0.0161,-0.2055,0.057,181.99,-79.29,-166.39,52.201782,-2.201743,1.86,2,285.15,24 / 25,1.0617768539077872,22.422976190004828,0.33966919999000095,-449.1274354464138,263.8526548434089,14.746134531370013,False,83.20000000000073,-1.6552493091112679,7.28031351303296,-389.79493844184805,-89.36736254404474,7.466111111104886,347.19100000002067,-2.717026163019055,-15.142662676971868,59.33249700456577,-353.22001738745365
13268710.0,-0.5281,0.8438,10.3888,0.0024,-0.0063,9.8066,0.045,-0.115,-0.0419,177.72,-79.43,-166.19,52.201782,-2.201743,1.86,2,285.15,24 / 25,1.1857491561597473,22.298090726961778,0.34236419998996176,-449.01505914591206,266.0887081892247,14.780236201368515,False,83.29999999999927,-1.5465918668799234,7.129170961418116,-389.95167690901786,-88.65571501325368,7.294999999988105,347.7599999999911,-2.7323410230396705,-15.168919765543663,59.0633822368942,-354.7444232024784
13268810.0,0.794,0.971,10.7251,-0.0172,-0.001,9.8066,-0.0693,-0.16,0.0028,182.85,-79.53,-166.36,52.201782,-2.201743,1.86,2,285.15,24 / 25,1.2940271493543583,22.200234470248358,0.41739419999023475,-448.8910703306359,268.3136244490933,14.818224121367663,False,83.39999999999964,-1.5062634717440475,6.803305709640391,-390.1016006602373,-87.9885454535661,6.968055555543172,347.5159999999824,-2.800290621098406,-15.396928760607967,58.7894696703986,-356.30216990265944
13268910.0,1.3868,0.9593,9.9508,0.0073,-0.0101,9.8066,-0.0694,-0.2643,0.1079,183.51,-79.61,-165.2,52.201782,-2.201743,1.86,2,285.15,24 / 25,1.3015431274402467,22.093675529739723,0.47052419999042805,-448.7612918167957,270.52831994910076,14.862620041366858,False,83.5,-1.49428614334674,6.573407634868509,-390.25152441147293,-87.33249538705867,6.7411111111111115,347.19300000000004,-2.795829270786987,-15.520267894871214,58.50976740532275,-357.8608153361594
13269009.0,1.0993,0.6434,9.0834,0.0231,0.0081,9.8066,-0.0607,-0.0956,0.0769,183.97,-79.62,-164.22,52.201782,-2.201743,1.86,2,285.15,24 / 25,1.2939748574541974,22.005051351630115,0.44185874999038166,-448.6328136765432,272.7112069297321,14.907782997390981,False,83.59900000000016,-1.4344631251226625,6.352362602906308,-390.3999489251262,-86.71603071297436,6.512311111107412,347.27517000000137,-2.72843798257686,-15.652688748723808,58.232864751417026,-359.4272376427065
13269110.0,0.4006,0.4608,8.9468,0.0106,-0.0166,9.8066,-0.0281,-0.1665,-0.0142,189.13,-79.65,-163.65,52.201782,-2.201743,1.86,2,285.15,24 / 25,1.3343135724191153,21.932963600834487,0.36191219998993246,-448.5000851108339,274.93007668484404,14.948373430365216,False,83.70000000000073,-1.3075057849002707,6.099488973391913,-390.5241130500163,-86.0982317002223,6.238055555545915,347.90100000001314,-2.641819357319386,-15.833474627442573,57.97597206081758,-361.02830838506634
13269210.0,1.3054,-0.49,9.4341,-0.0151,-0.0009,9.8066,0.0709,-0.2508,-0.058,193.28,-79.63,-163.4,52.201782,-2.201743,1.86,2,285.15,24 / 25,1.3711530862437966,21.91900690394314,0.30029219999082923,-448.36481177790273,277.122675210051,14.981483650363772,False,83.79999999999927,-1.2151386864729967,5.848147624869122,-390.64677793739185,-85.52001808136605,5.973055555544894,348.2620000000134,-2.5862917727167933,-16.070859279074018,57.718033840510884,-362.64269329141706
13269310.0,2.466,0.887,12.4082,0.0135,0.0203,9.8066,0.2165,-0.4045,0.1432,193.18,-79.63,-163.58,52.201782,-2.201743,1.86,2,285.15,24 / 25,1.3000891791734661,21.905372741602978,0.41174219999123485,-448.2312496646314,279.31389419233625,15.017085370363006,False,83.89999999999964,-1.1195837939247775,5.568566433847851,-390.7489986768296,-84.97516294048431,5.679999999982052,348.6319999999707,-2.4196729730982436,-16.336806307755126,57.48225098780176,-364.2890571328206
13269410.0,-0.2745,0.1522,11.9385,0.015,0.0202,9.8065,-0.246,-0.1861,0.1245,189.2,-79.61,-163.28,52.201782,-2.201743,1.86,2,285.15,24 / 25,1.300439807990983,21.84740257975003,0.648412199992096,-448.1012232152727,281.5015329584119,15.070093090362365,False,84.0,-1.1037870544033594,5.236033256386779,-390.86484884821925,-84.46366627832968,5.351111111111111,348.096,-2.404226862394342,-16.611369323363252,57.23637436705343,-365.96519923674157
13269510.0,-1.1582,-0.3923,8.6275,0.0139,-0.0219,9.8065,-0.1224,-0.1022,0.0509,193.6,-79.84,-163.06,52.201782,-2.201743,1.86,2,285.15,24 / 25,1.4917151087334783,21.809519920212367,0.6960471999922693,-447.96161546943597,283.6843790834179,15.137316060361828,False,84.10000000000036,-1.0500288026209657,5.021388205826814,-390.9670695876831,-83.96328910927127,5.129999999995159,348.18900000001435,-2.5417439113544438,-16.788131714385553,56.994545881752856,-367.6476681926892
13269610.0,-0.4181,-1.778,7.8625,-0.0136,0.0154,9.8066,0.1256,-0.3883,0.1548,193.13,-79.76,-163.8,52.201782,-2.201743,1.86,2,285.15,24 / 25,1.7100746146980872,21.859115504776184,0.5398821999917012,-447.8015259832638,285.86781085467527,15.199112530361251,False,84.20000000000073,-0.929906970252528,4.7741688438996475,-391.0556608952401,-83.48515092435774,4.863888888881654,348.97800000002,-2.639981584950615,-17.084946660876536,56.74586508802366,-369.352961779033
13269710.0,0.554,-0.1717,10.268,-0.0046,0.0096,9.8066,0.1957,-0.5575,0.0671,193.39,-79.81,-163.51,52.201782,-2.201743,1.86,2,285.15,24 / 25,1.842646170565568,21.91824358521068,0.4657421999927801,-447.62388994400317,288.05667880914274,15.249393750359744,False,84.29999999999927,-0.8478870505345996,4.587299047314102,-391.1374374867882,-83.04037121814281,4.664999999994977,349.528000000008,-2.6905332211001673,-17.330944537896578,56.486452457214966,-371.09705002728555
13269809.0,-2.6754,-1.0875,8.5698,0.008,0.0273,9.8066,-0.1635,0.3886,-0.2949,197.79,-79.89,-162.9,52.201782,-2.201743,1.86,2,285.15,24 / 25,2.0746036371544956,21.901920013798804,0.42735494999271817,-447.4299860785207,290.2257769072972,15.293602059284098,False,84.39899999999943,-0.8061949235164558,4.455981821820618,-391.2183963124758,-82.60003930828267,4.528324999992767,349.7448100000115,-2.8807985606709514,-17.445938191978186,56.21158976604488,-372.82581621557983
13269910.0,-3.8395,0.7663,10.0357,-0.0265,-0.0498,9.8064,-0.0445,0.3849,-0.0848,197.99,-80.06,-162.44,52.201782,-2.201743,1.86,2,285.15,24 / 25,2.507200715499123,21.768989048438623,0.3764610499924323,-447.1986049587104,292.4311578149526,15.334194767283575,False,84.5,-0.6827690069554421,4.1826954676519765,-391.2805465220486,-82.1841702822983,4.2380555555555555,350.72900000000004,-3.189969722454565,-17.586293580786645,55.918058436661795,-374.6153280972509
13270009.0,-2.4896,-0.0722,9.4814,-0.018,0.004,9.8066,-0.1212,-0.4331,0.1802,198.56,-80.49,-162.34,52.201782,-2.201743,1.86,2,285.15,24 / 25,2.906333171909687,21.591303725317896,0.3716991499924247,-446.93063503128326,294.577492307257,15.371228697182886,False,84.59900000000016,-0.6200065152041782,3.9220514158382156,-391.3412656412741,-81.79887986204598,3.9707555555512335,351.01709000000466,-3.526339687113865,-17.66925230947968,55.58936939000915,-376.37637216930295
13270110.0,3.4708,0.9086,12.2179,0.0118,-0.0172,9.8065,0.1234,-0.5051,0.1799,203.69,-80.76,-160.76,52.201782,-2.201743,1.86,2,285.15,24 / 25,2.959484449752122,21.529550455739216,0.47704214999301675,-446.6344112413877,296.7550954434126,15.414090132832392,False,84.70000000000073,-0.5522142678385942,3.6535030316592327,-391.39639669344604,-81.43916427421661,3.6949999999929464,351.4050000000375,-3.511698717590716,-17.87604742407998,55.238014547941646,-378.19425971762917
13270210.0,0.77,0.1089,10.1653,0.0297,0.0133,9.8065,-0.3072,0.1928,0.0005,203.29,-80.72,-160.96,52.201782,-2.201743,1.86,2,285.15,24 / 25,2.8532627511281983,21.510251273290145,0.6155371499910014,-446.3437738813479,298.9070855298327,15.468719097830798,False,84.79999999999927,-0.46086373736242875,3.4706459957540674,-391.4372849892199,-81.09446000124699,3.5011111110988122,352.43600000004096,-3.314126488490627,-18.039605277536076,54.90648889212798,-380.0015455310797
13270311.0,-0.9932,-0.0942,7.945,0.0042,-0.0625,9.8064,-0.2223,0.1323,-0.0604,199.91,-81.26,-161.08,52.201782,-2.201743,1.86,2,285.15,24 / 25,2.975511491488981,21.45341361852347,0.539635649990575,-446.04942078209405,301.0767506068815,15.527055324230195,False,84.90099999999984,-0.35394570799086494,3.1405794072918436,-391.4716311576796,-80.78033433450031,3.1604638888743692,353.57046000004186,-3.329457199479846,-18.312834211231625,54.577789624414436,-381.8570849413818
13270410.0,-0.2238,2.2357,10.2048,0.0105,-0.0577,9.8064,0.0521,-0.415,0.0986,200.64,-81.3,-160.02,52.201782,-2.201743,1.86,2,285.15,23 / 25,3.1050905192360743,21.282631086263844,0.467192399990458,-445.7484309825627,303.1921848197719,15.576893312704337,False,85.0,-0.287959627732695,2.889576081678486,-391.4986174329068,-80.50512689068267,2.903888888888889,354.309,-3.3930501469687693,-18.393055004585356,54.24981354965587,-383.6973117104546
13270510.0,7.6954,0.8551,8.8569,0.0291,-0.0266,9.8065,-0.1121,-0.8063,0.3413,204.25,-81.04,-159.95,52.201782,-2.201743,1.86,2,285.15,23 / 25,2.8172227533112446,21.237496888665547,0.4396123999903577,-445.45231531893427,305.3181912185261,15.622233552703543,False,85.10000000000036,-0.23886254824993372,2.6832782242430238,-391.5190615807941,-80.23825906610048,2.6938888888841093,354.9130000000105,-3.056085301561178,-18.55421866442252,53.933253738140195,-385.55645028462664
13270609.0,-2.3018,1.6766,13.8071,0.125,-0.137,9.8048,0.3412,0.2253,-0.4845,203.29,-81.35,-156.11,52.201782,-2.201743,1.86,2,285.15,23 / 25,2.6314642974616915,21.17648661673487,0.590622049990602,-445.1826053099206,307.41768340204686,15.673230157977683,False,85.19900000000052,-0.1916427451219624,2.426180426531704,-391.53255471840873,-79.99607651616758,2.433738888879903,355.48423000001975,-2.8231070425836537,-18.750306190203165,53.65005059151184,-387.41375991821445
13270709.0,10.8787,-4.9295,8.2655,-0.0931,0.2331,9.8034,0.234,-1.0214,0.5782,201.15,-80.08,-163.45,52.201782,-2.201743,1.86,2,285.15,23 / 25,2.3953629610523173,21.42489511258469,0.7135870499910494,-444.93126394699397,309.5477524885206,15.738440612977003,False,85.29900000000089,-0.1656503861393955,2.174285021298297,-391.5461841503159,-79.78447257035648,2.1805861110978544,355.6434500000081,-2.5610133471917127,-19.250610091286394,53.38507979667804,-389.33222505887704
13270810.0,-6.1907,1.311,8.4803,0.11,0.1745,9.8044,0.2699,0.8403,-0.4963,202.7,-79.62,-161.1,52.201782,-2.201743,1.86,2,285.15,23 / 25,2.346767331125389,21.618360328198015,0.5687782999928437,-444.69178636724195,311.72143688825315,15.803200063150387,False,85.39999999999964,-0.12246725405263717,2.0243544916985377,-391.55313516064246,-79.582208999552,2.0280555555445807,356.5379999999979,-2.469234585178026,-19.594005836499477,53.13865120659949,-391.30364588780515
13270910.0,-5.354,-1.7911,5.4511,-0.1128,0.0207,9.8059,-0.0855,-0.5723,0.2198,201.82,-78.75,-160.98,52.201782,-2.201743,1.86,2,285.15,23 / 25,2.998510165846115,21.366771640580694,0.2846832999918102,-444.4245224923924,313.8706934866999,15.845873143149774,False,85.5,-0.11156411684928819,1.82353487790008,-391.56676459254834,-79.40429711650987,1.8269444444444447,356.499,-3.110074282695403,-19.543236762680614,52.857757899844046,-393.27499060320974
13271010.0,-6.3844,2.0685,10.8848,0.1043,-0.0488,9.8059,-0.0195,0.5276,-0.3696,200.52,-78.08,-162.63,52.201782,-2.201743,1.86,2,285.15,23 / 25,3.653731056352427,21.088444685307454,0.12081329999121412,-444.09191043128124,315.993454303002,15.866147973149,False,85.60000000000036,-0.042239441482127466,1.7883901381880132,-391.55994987659506,-79.22638523345502,1.7888888888874186,358.6470000000014,-3.6959704978345544,-19.30005454711944,52.53196055468618,-395.219839536457
13271110.0,1.0586,-3.2823,5.0831,-0.0416,-0.0634,9.8063,-0.5476,-0.1649,0.1494,202.49,-77.9,-165.09,52.201782,-2.201743,1.86,2,285.15,23 / 25,4.040695114315762,20.997719218708067,-0.06145670000944889,-443.7071891227464,318.09776249821044,15.869115803148098,False,85.70000000000073,-0.03800613448109449,1.7076326638431403,-391.55994987659506,-79.05959284353214,1.7080555555608306,358.72500000001077,-4.078701248796857,-19.290086554864928,52.147239246151344,-397.1573553417426
13271209.0,5.9618,-2.7506,8.9609,-0.0157,-0.1155,9.8059,0.1275,0.7531,-0.5171,202.61,-78.6,-165.11,52.201782,-2.201743,1.86,2,285.15,23 / 25,3.942648388444055,21.351728304459805,-0.3371370500098946,-443.31201361935916,320.19406015061065,15.849385412522109,False,85.79900000000089,-0.031756662828517315,1.8513329838519235,-391.55994987659506,-78.87245178250683,1.8516055555631517,359.01705000001544,-3.9744050512725724,-19.500395320607883,51.75206374276411,-399.06651193311745
13271310.0,1.0392,0.4774,9.6367,-0.0827,0.0362,9.8062,0.0748,0.4117,-0.311,202.18,-78.73,-166.96,52.201782,-2.201743,1.86,2,285.15,23 / 25,3.7710628438435294,21.53707666698807,-0.388429900009259,-442.92247120213347,322.3599448016419,15.812744281546596,False,85.89999999999964,-0.02340202035445655,1.901800466718518,-391.56676459254834,-78.68153009328078,1.9019444444482188,359.2950000000047,-3.794464864197986,-19.63527620026955,51.35570660958513,-401.0414748949227
13271410.0,3.0269,-0.6921,9.8951,-0.0211,0.0189,9.8066,0.1478,0.4128,-0.3166,202.75,-78.63,-165.78,52.201782,-2.201743,1.86,2,285.15,23 / 25,3.6972246870589043,21.569333438840886,-0.3925049000092738,-442.549056825587,324.5152653069412,15.773697541545527,False,86.0,-0.021329058603338672,1.9709957086723386,-391.56676459254834,-78.48137922538889,1.971111111111111,359.38,-3.718553745662243,-19.59833773016855,50.98229223303866,-402.9966445323301
13271510.0,-4.2901,1.6672,9.5236,-0.0493,0.0111,9.8065,-0.0487,0.4406,-0.2952,199.44,-78.54,-165.26,52.201782,-2.201743,1.86,2,285.15,23 / 25,3.8563007676605703,21.456733774681894,-0.40223490000930917,-442.17138055284966,326.6665686676252,15.733960551544452,False,86.10000000000036,-0.008170209575878338,1.8799822466419562,-391.55994987659494,-78.30346734304055,1.8800000000035824,359.75099999346884,-3.8644709772364485,-19.57675152803994,50.61143067625471,-404.97003601066575
13271609.0,2.9277,1.8454,11.405,-0.0494,-0.0455,9.8064,0.0468,0.0589,-0.1397,202.36,-78.77,-166.24,52.201782,-2.201743,1.86,2,285.15,23 / 25,3.9701252370129105,21.22674608060685,-0.33712755000920386,-441.7839724656177,328.77940092046543,15.697362110268477,False,86.19900000000052,0.024966820891531672,2.074822245045692,-391.553203307801,-78.09430968631213,2.074975000006735,4.288529987721461,-3.945158416121379,-19.15192383556116,50.23076915781667,-406.87371060677754
13271710.0,-2.9337,-0.6675,8.6561,-0.0225,0.0016,9.8066,-0.1212,0.3071,-0.208,199.08,-78.84,-165.77,52.201782,-2.201743,1.86,2,285.15,23 / 25,4.061160373934229,21.127395849070883,-0.314513650009484,-441.37839254226986,330.9182850878877,15.66445422966794,False,86.29999999999927,0.028864417911273144,2.1228593305593635,-391.5531351606412,-77.88092662167317,2.1230555555529684,0.77900000002241,-4.032295956022955,-19.004536518511518,49.82525738162866,-408.79921170956084
13271811.0,0.7269,-0.8564,9.2339,-0.0262,-0.0239,9.8065,0.1555,-0.0035,-0.0073,203.27,-79.08,-166.08,52.201782,-2.201743,1.86,2,285.15,23 / 25,4.307292119103165,21.111342937169816,-0.40154030000997293,-440.9557856913691,333.0513413966048,15.628293505191754,False,86.40099999999984,0.05079725642190909,2.0533440647555867,-391.5393694343611,-77.67844065959837,2.053986111122549,1.415160000112946,-4.256494862681256,-19.05799887241423,49.416416257007995,-410.7297820562032
13271910.0,-4.2978,2.7751,9.5478,-0.0023,0.0437,9.8065,0.106,0.3988,-0.1848,198.61,-78.87,-166.23,52.201782,-2.201743,1.86,2,285.15,23 / 25,4.558486599664716,20.91423401659684,-0.4427045000100394,-440.5169296447894,335.1316074558196,15.586503387590696,False,86.5,0.13423414574999992,2.252114237731688,-391.5258762967743,-77.44726640718369,2.256111111111111,3.411,-4.4242524539147166,-18.66211977886515,48.9910533480151,-412.5788738630033
13272009.0,4.5707,-0.9283,10.2835,-0.0266,0.0221,9.8065,-0.1895,0.0033,0.1772,202.33,-78.81,-166.34,52.201782,-2.201743,1.86,2,285.15,23 / 25,4.634620841579595,20.793319547650082,-0.4319135000100219,-440.0618708264471,337.1961313572532,15.543209796589633,False,86.59900000000016,0.14551508365068905,2.286961177140017,-391.5056365903121,-77.22710045295386,2.2915861111116844,3.6406800000037136,-4.489105757928907,-18.506358370510064,48.55623423613497,-414.4232318102071
13272110.0,-0.4008,-0.8809,8.6636,0.0162,-0.0518,9.8065,-0.0519,0.3319,-0.3062,198.19,-78.67,-166.71,52.201782,-2.201743,1.86,2,285.15,23 / 25,4.58461840269275,20.90840251505619,-0.4655566000102108,-439.5962992446087,339.3020683214317,15.497887556538355,False,86.70000000000073,0.11988124425108851,2.320794703372304,-391.4986174329056,-76.99136720853437,2.3238888888939115,2.9570000000965884,-4.464737158441662,-18.587607811683885,48.097681811703126,-416.2934355299661
13272209.0,7.4852,-1.4314,10.3391,-0.1138,-0.0566,9.8058,-0.3947,-0.0578,0.2607,201.21,-79.06,-168.53,52.201782,-2.201743,1.86,2,285.15,23 / 25,4.408172318203047,21.093909083183565,-0.4957813000102596,-439.15115610392365,341.38118274554796,15.450301330487266,False,86.79900000000089,0.23954808425899313,2.4488507031470785,-391.4648845888825,-76.74918465860146,2.460563888896121,5.585450000139087,-4.168624233944054,-18.645058380036488,47.68627151504114,-418.1303674041494
13272310.0,-4.6733,-1.7544,5.805,0.0125,-0.095,9.8061,-0.5457,0.5484,-0.3045,196.96,-78.54,-168.71,52.201782,-2.201743,1.86,2,285.15,23 / 25,4.4471279632877,21.264354677548315,-0.6709759000080888,-438.7039634397139,343.5202750654384,15.391380091887068,False,86.89999999999964,0.28003540813289995,2.4269529492190354,-391.4304702732627,-76.50210953119898,2.443055555555722,6.582000000127912,-4.167092555154801,-18.83740172832928,47.2734931664512,-420.0223845966374
13272410.0,-4.8773,1.8504,12.9375,-0.0039,-0.0919,9.8062,-0.3748,-0.8431,0.5013,198.27,-78.84,-167.15,52.201782,-2.201743,1.86,2,285.15,23 / 24,5.0125734425610355,21.06955496060505,-0.7145159000082472,-438.23097836941974,345.63697054735377,15.322105501886,False,87.0,0.37953540127164875,2.416487626097598,-391.3827672615109,-76.26860018532511,2.446111111111111,8.926,-4.633038041289387,-18.65306733450745,46.84821110790887,-421.9055707326789
13272510.0,0.4622,-0.2159,9.984,0.0846,-0.0806,9.8059,-0.4112,-0.6143,0.4458,196.36,-79.0,-164.29,52.201782,-2.201743,1.86,2,285.15,23 / 24,5.310026552576449,20.876478453192536,-0.5491059000076454,-437.714848369661,347.7342722180513,15.258924411884976,False,87.10000000000036,0.4143167771470882,2.5242800624102912,-391.34187896570876,-76.02397134630102,2.5580555555553888,9.321000000034761,-4.895709775429361,-18.352198390782245,46.372969403952254,-423.7582435643523
13272610.0,-7.1078,3.8824,10.1856,0.057,-0.0607,9.8063,-0.2527,-0.3186,0.157,200.01,-79.55,-164.62,52.201782,-2.201743,1.86,2,285.15,23 / 24,5.671676062759071,20.541989615198503,-0.5212909000075441,-437.1657632388922,349.80519562147833,15.205404571884023,False,87.20000000000073,0.49647815885602964,2.5000688001905327,-391.28736123802656,-75.76822301555917,2.548888888890132,11.232000000081818,-5.175197903903042,-18.04192081500797,45.87840200086566,-425.5734186370375
13272710.0,7.9312,-3.9091,8.8728,0.0737,-0.044,9.8062,-0.136,-1.0241,0.7871,204.42,-79.68,-164.59,52.201782,-2.201743,1.86,2,285.15,23 / 24,5.768548100493186,20.524718988578815,-0.5490359000071402,-436.59375203073796,351.8585310516373,15.151888231884067,False,87.29999999999927,0.6021694044284305,2.511885349985201,-391.2192140783848,-75.52359417724665,2.583055555558213,13.481000000056062,-5.166378696064756,-18.012833638593612,45.37453795235314,-427.382125228884
13272810.0,-1.2803,2.0516,11.3678,0.1697,-0.0283,9.8051,0.0341,-0.1818,0.534,205.6,-79.23,-161.54,52.201782,-2.201743,1.86,2,285.15,23 / 24,5.60856874379276,20.685966554015977,-0.517670900007026,-436.0248961885216,353.91906532877454,15.098552891883164,False,87.39999999999964,0.6884372128781298,2.565342167922738,-391.14425220276047,-75.26784584508975,2.656111111116947,15.022000000153232,-4.92013153091463,-18.12062438609324,44.88064398576114,-429.1869111738643
13272909.0,2.3547,-0.8803,9.4406,0.0827,0.0063,9.8062,-0.0233,-0.5145,0.14,198.91,-79.25,-166.93,52.201782,-2.201743,1.86,2,285.15,23 / 24,5.6340966657498415,20.59134791138522,-0.4585134500069302,-435.46838425074833,355.9622923948152,15.050231766557395,False,87.4989999999998,0.8444545387962545,2.629693772083271,-391.04980023949196,-75.0146549969736,2.7619861111109554,17.801919999995913,-4.789642126953587,-17.96165413930195,44.41858401125637,-430.9769473917888
13273010.0,0.0062,-1.4547,10.912,-0.0036,0.0219,9.8065,-0.2421,0.3615,-0.1969,202.64,-78.95,-166.01,52.201782,-2.201743,1.86,2,285.15,23 / 24,5.676123147060531,20.686924142690113,-0.42117880000672037,-434.89721815019817,358.0468451335577,15.005807307931457,False,87.60000000000036,0.991899516633404,2.668562912630292,-390.9398107238389,-74.74522968978371,2.8469444444463394,20.390000000055206,-4.684223630427128,-18.01836123005982,43.95740742635928,-432.7920748233414
13273110.0,3.6942,0.0868,11.6903,-0.0605,-0.0608,9.8063,-0.1242,-0.2853,0.0998,202.84,-79.23,-166.07,52.201782,-2.201743,1.86,2,285.15,23 / 24,5.641132942298642,20.765650475180255,-0.27172880000617655,-434.3313553457281,360.11947386445877,14.971161927930686,False,87.70000000000073,1.1732092018440752,2.7078842218346084,-390.8103311205329,-74.48948135904064,2.9511111111162043,23.42500000011911,-4.467923740454566,-18.057766253345648,43.52102422519522,-434.6089552234994
13273210.0,-2.9028,0.2346,10.285,0.0765,-0.0552,9.8061,-0.1469,0.3415,0.1354,200.28,-79.39,-164.03,52.201782,-2.201743,1.86,2,285.15,23 / 24,5.711614553622077,20.718092031733327,-0.15362880000789503,-433.7637179709404,362.1936609897743,14.949894047930291,False,87.79999999999927,1.3888467514097518,2.7615344651852363,-390.6535926533348,-74.211494042037,3.0911111111231167,26.69900000012824,-4.322767802212326,-17.956557566548092,43.11012531760559,-436.4051550318113
13273310.0,-0.8965,-1.1195,8.4339,0.0195,-0.025,9.8065,-0.1982,0.1048,-0.0974,199.15,-79.65,-166.09,52.201782,-2.201743,1.86,2,285.15,22 / 25,6.016416947868053,20.644579016073372,-0.19834880000805769,-433.1773163958637,364.26179454217214,14.93229516792943,False,87.89999999999964,1.722125510695256,2.956059025129462,-390.4695953222925,-73.9223872326024,3.421111111121419,30.224000000156398,-4.294291437172797,-17.68851999094391,42.707721073571236,-438.1841817747745
13273410.0,-1.2014,0.5454,10.1985,-0.0217,-0.0454,9.8065,0.0106,0.0641,-0.2846,200.45,-79.71,-164.56,52.201782,-2.201743,1.86,2,285.15,22 / 25,6.235822043164015,20.58567102267666,-0.24739380000823613,-432.5647044463099,366.32330704411714,14.910008037928534,False,88.0,1.9709002329500391,3.024508600046871,-390.25833912742627,-73.6221609314719,3.61,33.09,-4.264921810213976,-17.56116242262979,42.30636531888365,-439.94546797558905
13273510.0,-0.0289,-0.6634,9.3081,-0.011,-0.0091,9.8066,-0.0965,0.1445,0.1667,204.3,-79.62,-163.47,52.201782,-2.201743,1.86,2,285.15,22 / 25,6.407048845843728,20.51327619112736,-0.25272880000825554,-431.93256090185724,368.3782544048148,14.885001907927618,False,88.10000000000036,2.386330731473454,3.205359519993203,-389.99937992076144,-73.31081513647918,3.9961111111164014,36.667000000089004,-4.020718114370274,-17.30791667113416,41.9331809810958,-441.689069541294
13273610.0,-2.5052,-0.6694,9.0707,0.0052,-0.0339,9.8065,-0.0226,-0.1091,0.2212,201.22,-80.03,-164.11,52.201782,-2.201743,1.86,2,285.15,22 / 25,6.660047633102248,20.472537396088075,-0.31445380000848006,-431.2792060779076,370.42754508418307,14.856642777926679,False,88.20000000000073,2.843976046568725,3.2077551210116533,-389.699532418294,-72.99946934148649,4.286944444454196,41.56000000014698,-3.8160715865335226,-17.26478227507642,41.579673659613604,-443.42701442566954
13273710.0,-1.9403,-1.0385,9.046,0.0229,-0.0037,9.8065,-0.0276,-0.0017,-0.0379,201.67,-80.33,-162.93,52.201782,-2.201743,1.86,2,285.15,22 / 25,7.00871282470368,20.4170941819459,-0.3892838000073911,-430.59576805502724,372.47202666305503,14.821455897926397,False,88.29999999999927,3.254423055747565,3.1869665160332277,-389.35879662011166,-72.68812354720758,4.555000000011682,45.60000000020922,-3.7542897689561148,-17.230127665912672,41.236971434915574,-445.1601502102626
13273810.0,-2.4024,-0.1866,12.0058,0.0046,-0.0119,9.8066,-0.1677,0.0288,-0.0367,202.72,-80.58,-162.0,52.201782,-2.201743,1.86,2,285.15,22 / 25,7.3421824595954055,20.336561215464062,-0.31735880000712935,-429.8782232908097,374.50970943293294,14.786123767925542,False,88.39999999999964,3.8081776221520562,3.0453641434346017,-388.9635430941877,-72.3990167377742,4.876111111119509,51.35100000021419,-3.5340048374433493,-17.291197072029462,40.91468019662199,-446.90872617070715
13273910.0,-1.5171,-0.4643,9.1632,-0.0249,-0.0173,9.8065,-0.1401,-0.1545,0.0929,202.04,-80.6,-162.31,52.201782,-2.201743,1.86,2,285.15,22 / 25,7.645166825574625,20.236295010653915,-0.2395738000068463,-429.12885582654843,376.5383522442462,14.758277137924741,False,88.5,4.134184713599923,2.865207977413983,-388.541030704401,-72.12102942149346,5.03,55.276,-3.5109821119747027,-17.37108703323993,40.58782512214742,-448.65938166573966
13274010.0,-4.0675,0.8319,12.873,0.0247,-0.0955,9.8061,0.2772,0.3019,-0.1796,203.06,-81.02,-161.62,52.201782,-2.201743,1.86,2,285.15,22 / 25,8.004412748071434,20.05556060110914,-0.11842880000640557,-428.34637684786327,378.5529450248417,14.740377007924014,False,88.60000000000036,4.4963086119750075,2.6789553499788634,-388.0844447347881,-71.86528109004448,5.233888888895638,59.213000000092805,-3.508104136096427,-17.376605251130275,40.26193211307515,-450.4182261148861
13274110.0,-0.1998,0.5667,11.1735,-0.0681,0.1008,9.8059,0.0335,0.0018,-0.0922,207.55,-81.08,-160.3,52.201782,-2.201743,1.86,2,285.15,22 / 25,8.27749837001656,19.846881039744513,0.10323119999440089,-427.5322812919559,380.5480671068916,14.739617127923411,False,88.70000000000073,5.051172876519469,2.429336858409368,-387.5665263214588,-71.6428912365789,5.605000000010227,64.31500000009281,-3.2263254934970904,-17.417544181335145,39.96575497049707,-452.1909583434705
13274210.0,-1.2709,-1.2682,8.584,0.0226,0.0186,9.8066,0.161,0.1403,-0.1254,202.4,-80.96,-162.11,52.201782,-2.201743,1.86,2,285.15,22 / 25,8.462989828360431,19.791173181366176,0.11044119999429604,-426.6952568820492,382.5299698179183,14.75030074792269,False,88.79999999999927,5.412800192586425,2.3125522886134373,-387.0145343283999,-71.40938189140002,5.886111111118751,66.86600000004951,-3.0501896357740064,-17.478620892752737,39.680722553649275,-453.9393517093183
13274310.0,1.4482,-1.2622,11.3309,0.0075,-0.0079,9.8066,0.1017,-0.1062,0.1405,202.42,-80.89,-162.84,52.201782,-2.201743,1.86,2,285.15,22 / 24,8.612568166466291,19.855949433233043,0.12552119999435093,-425.84147898230475,384.5123259486555,14.762098867922166,False,88.89999999999964,5.661218974818139,2.2612320531745835,-386.44209818738864,-71.18699203793666,6.096111111122404,68.22700000015188,-2.951349191648152,-17.59471738005846,39.39938079491611,-455.6993179865921
13274410.0,-2.092,0.2294,9.0718,0.0237,0.0244,9.8065,-0.0753,0.1303,-0.1983,199.08,-80.75,-162.36,52.201782,-2.201743,1.86,2,285.15,22 / 24,8.775853961047694,19.844501511043315,0.16499119999449455,-424.9720578759259,386.4973484958765,14.77662448792166,False,89.0,5.960014174546362,2.051033977199351,-385.84240318255456,-70.99796066246967,6.303055555555555,71.01,-2.815839786501332,-17.793467533843966,39.12965469337132,-457.4953091583462
13274510.0,-1.5715,-1.1515,8.8841,-0.0085,-0.0222,9.8066,-0.0331,-0.1734,0.2303,198.95,-80.62,-162.42,52.201782,-2.201743,1.86,2,285.15,22 / 24,9.076602784856354,19.779400536028138,0.08212119999419311,-424.0794350386274,388.4785435982373,14.78898010792114,False,89.10000000000036,6.257163587821713,1.8746205110903038,-385.20863459785494,-70.820048779415,6.531944444448683,73.32200000004717,-2.81943919703464,-17.904780024937835,38.870800440772484,-459.2985923776523
13274610.0,-2.6133,-0.1223,10.5863,0.0331,-0.0256,9.8065,-0.0207,0.3466,-0.0427,195.87,-80.92,-161.63,52.201782,-2.201743,1.86,2,285.15,22 / 24,9.410891592735029,19.732673191536133,0.07497619999416716,-423.1550603197445,390.4541472846227,14.796834977920586,False,89.20000000000073,6.561615418495533,1.6463377842695652,-384.5476071493137,-70.66437588262596,6.765000000011278,75.91500000004014,-2.8492761742394954,-18.086335407266567,38.6074531704308,-461.11852316724867
13274709.0,-1.2665,-1.9904,8.9921,-0.0377,-0.0071,9.8066,-0.1097,0.0189,-0.1651,200.51,-81.22,-160.85,52.201782,-2.201743,1.86,2,285.15,22 / 24,9.742312808528544,19.726569086341947,0.07324864999416443,-422.2069767018804,392.4073797773808,14.80417210799502,False,89.29900000000089,6.890842337234365,1.5899326698670457,-383.85945713121066,-70.51025971410489,7.071900000016239,77.00697000005778,-2.8514704712941787,-18.1366364164749,38.34751957066976,-462.9176394914857
13274810.0,4.1775,-1.8476,10.3452,0.011,-0.0411,9.8065,0.1436,0.5685,-0.4973,205.59,-81.4,-159.19,52.201782,-2.201743,1.86,2,285.15,22 / 24,9.797349700831472,19.9162540999383,0.05931064999433723,-421.22022374516996,394.4093423482632,14.810866352644357,False,89.39999999999964,7.127540468568698,1.5449356638865583,-383.1369609446874,-70.3530300876361,7.293055555570183,77.77000000000338,-2.6698092322627733,-18.37131843605174,38.083262800482544,-464.7623724358993
13274911.0,3.235,-2.1084,8.5776,-0.0905,0.037,9.8061,-0.0383,0.1343,-0.0704,203.75,-81.28,-161.69,52.201782,-2.201743,1.86,2,285.15,22 / 24,9.649042988960364,20.194322150543446,0.024440399994141375,-420.23818091433,396.4349264489239,14.815095780668798,False,89.5010000000002,7.392596315672108,1.5938428494014292,-382.39347543301534,-70.19580046118288,7.562461111111405,77.83325000000026,-2.2564466732882558,-18.600479301142016,37.844705481314634,-466.6307269101068
13275010.0,0.761,-1.6036,8.9297,0.0039,0.0028,9.8066,0.1242,0.5128,-0.2904,204.24,-81.23,-160.17,52.201782,-2.201743,1.86,2,285.15,22 / 24,9.649617406850272,20.384175182704023,-0.07980660000602707,-419.2828972247358,398.4435620669229,14.812355153768205,False,89.60000000000036,7.5267296282392016,1.6057606727123008,-381.65135286448003,-70.04168429336205,7.696111111116022,77.95700000001365,-2.1228877786110703,-18.778414509991723,37.63154436025576,-468.4852463602849
13275110.0,-3.4805,-0.5254,9.549,-0.0309,-0.01,9.8066,0.0689,0.2646,-0.1239,204.83,-81.25,-159.03,52.201782,-2.201743,1.86,2,285.15,22 / 24,9.924203423818401,20.364058645491635,-0.1365366000062334,-418.3042061831988,400.4809737583401,14.801537993767553,False,89.70000000000073,7.811903197793812,1.5598380245876176,-380.86766052858815,-69.8860113958653,7.966111111116305,78.70799999998832,-2.1123002260245896,-18.80422062090402,37.436545654610654,-470.3669851542054
13275210.0,-0.0378,-0.7245,9.7857,-0.004,0.0038,9.8066,-0.0828,0.354,-0.0467,205.6,-81.45,-158.19,52.201782,-2.201743,1.86,2,285.15,22 / 24,10.217206764784361,20.2857919506105,-0.15046660000603065,-417.2971356737833,402.51346628811564,14.787187833767149,False,89.79999999999927,7.9428966999413495,1.6323207486748206,-380.0703387607491,-69.71921900594668,8.108888888898024,78.38700000002402,-2.2743100648430117,-18.653471201935677,37.22679691303421,-472.2326852940623
13275310.0,-2.6631,-2.1128,8.0069,-0.0368,-0.0313,9.8065,-0.1752,0.1954,-0.2361,203.7,-81.61,-156.26,52.201782,-2.201743,1.86,2,285.15,22 / 23,10.506210546637648,20.301032582299325,-0.24150160000636178,-416.2609648082084,404.5428075147685,14.767589423766458,False,89.89999999999964,8.207709012389575,1.5884309138600734,-379.245758129055,-69.56354610915706,8.360000000010034,79.0469999999702,-2.2985015342480732,-18.71260166843925,37.01520667915344,-474.1063536239256
13275410.0,0.7083,-1.0969,9.8561,-0.0094,-0.0433,9.8064,-0.0552,0.014,-0.0557,208.26,-81.94,-154.85,52.202263,-2.201946,8.28,2,348.5,22 / 23,10.771144750109865,20.347064234891953,-0.3290166000066801,-415.1970970433672,406.5752123556355,14.739063513765702,False,90.0,8.372397524027871,1.7032313540241644,-378.40754806551587,-69.39675371853981,8.543888888888889,78.501,-2.398747226081994,-18.643832880867787,36.789548977851325,-475.97196607417527
13275510.0,-2.8834,-0.1366,10.1048,0.0118,-0.0036,9.8066,-0.02,0.1687,-0.0086,205.65,-82.06,-153.74,52.202263,-2.201946,8.28,2,348.5,22 / 23,11.003592585592372,20.291811384767154,-0.31163660000661686,-414.1083601765781,408.6071561366258,14.70703085376492,False,90.10000000000036,8.511444276897912,1.806834494147522,-377.5557085699541,-69.20772234305926,8.701111111115617,78.01500000000938,-2.4921483086944605,-18.48497689061963,36.55265160662401,-477.81487847968504
13275610.0,-0.3,0.7635,10.7377,-0.0162,-0.0037,9.8066,-0.0987,-0.2999,0.1609,208.5,-82.16,-154.82,52.202263,-2.201946,8.28,2,348.5,22 / 23,11.236093656175402,20.130560279999408,-0.25017660000639325,-412.9963758644857,410.62827471987146,14.678940193764166,False,90.20000000000073,8.770201320170013,1.7793766182278834,-376.6766102105245,-69.02981046000339,8.948888888896136,78.5309999999664,-2.465892336005389,-18.351183661771525,36.31976565396121,-479.65808517987483
13275710.0,2.8943,-2.6156,8.9274,0.0404,-0.013,9.8065,-0.0757,-0.0127,0.1542,204.98,-82.02,-154.7,52.202263,-2.201946,8.28,2,348.5,22 / 23,11.26008345583109,20.205842225768745,-0.24758660000643085,-411.8715670089017,412.64509484513053,14.654052033763888,False,90.29999999999927,8.934892193140207,1.9633191143076352,-375.78388241920385,-68.82965959280871,9.14805555556174,77.60700000002535,-2.3251912626908826,-18.24252311146111,36.08768458969786,-481.4747544379392
13275810.0,1.057,1.2706,10.6756,0.0299,-0.0067,9.8066,0.0615,-0.122,0.2536,208.6,-81.81,-154.44,52.202263,-2.201946,8.28,2,348.5,22 / 23,11.212235383425785,20.29126115536019,-0.24810160000643267,-410.7479510669348,414.66995001419434,14.629267623763154,False,90.39999999999964,9.124584446215291,1.8889462725324506,-374.8707104799793,-68.65174770975241,9.318055555566744,78.3040000000035,-2.087650937210494,-18.40231488282774,35.87724058695545,-483.3216977239467
13275909.0,0.5046,-0.8658,8.9681,0.0225,0.0002,9.8065,-0.1234,-0.1127,-0.01,204.38,-81.71,-155.09,52.202263,-2.201946,8.28,2,348.5,22 / 23,11.23530620487761,20.247864662630302,-0.24659680000643022,-409.63679775831196,416.6766367421881,14.604780052962477,False,90.4989999999998,9.325449657756737,1.9197745631859113,-373.94643055378185,-68.45359835053985,9.521005555555258,78.3673599999999,-1.9098565471208726,-18.328090099444392,35.690367204530105,-485.13023509272796
13276010.0,-1.4479,-1.0694,9.1293,0.016,-0.0147,9.8066,0.1134,-0.1232,-0.0059,205.42,-81.67,-153.54,52.202263,-2.201946,8.28,2,348.5,22 / 23,11.42744450338764,20.254700331921423,-0.3231497500068603,-408.49232884753815,418.7220162744245,14.576007852186644,False,90.60000000000036,9.306682070532855,1.9410464981046738,-373.0102930217516,-68.26256546637957,9.506944444445976,78.21899999999377,-2.120762432854786,-18.31365383381675,35.48203582578657,-486.98458174080406
13276110.0,-4.8749,0.1892,8.3574,0.0391,-0.0479,9.8064,-0.1796,0.2309,0.0966,210.4,-81.73,-151.79,52.202263,-2.201946,8.28,2,348.5,22 / 23,11.82483008639491,20.07464499100958,-0.42947975000724703,-407.3297151180448,420.7384835405784,14.538376377185802,False,90.70000000000073,9.377219854395722,2.0142393472596063,-372.06986221868726,-68.0624145984727,9.591111111113365,77.87699999998745,-2.447610231999187,-18.060405643749974,35.259852899357554,-488.80089813905107
13276210.0,-7.0997,-0.4999,11.0167,0.0273,-0.1177,9.8058,0.298,-0.2948,0.0371,207.22,-81.97,-151.86,52.202263,-2.201946,8.28,2,348.5,22 / 23,12.45999480656094,19.735568871668903,-0.4414397500070729,-406.1154738734147,422.72899423368335,14.49483040218572,False,90.79999999999927,9.425405012768438,2.0840398038440373,-371.1294314155852,-67.85114423814521,9.653055555560032,77.5320000000462,-3.0345897937925024,-17.651529067824868,34.98604245782951,-490.58013847182855
13276310.0,0.7624,0.3567,12.5987,-0.0134,0.0925,9.8062,0.1534,-0.8116,0.3285,212.25,-82.08,-149.64,52.202263,-2.201946,8.28,2,348.5,22 / 23,12.84679644294625,19.531645365667575,-0.2413347500063449,-404.8501343109348,424.6923549455573,14.460691677184924,False,90.89999999999964,9.589992870473653,1.8985218463764713,-370.168556464606,-67.66211286266444,9.776111111116947,78.80200000000436,-3.256803572472597,-17.633123519291104,34.681577846328764,-492.3544678082218
13276409.0,2.1045,-1.7411,8.6533,0.1066,0.04,9.8059,-0.0625,0.7078,-0.4603,209.89,-81.71,-147.88,52.202263,-2.201946,8.28,2,348.5,22 / 23,12.856982894548269,19.59276478217015,-0.16021910000621375,-403.57779723372676,426.62901324787845,14.44081476160927,False,90.9989999999998,9.696495895292736,1.9056796656265924,-369.2105436943879,-67.47497180165274,9.881986111110956,78.8811999999999,-3.1604869992555322,-17.687085116543557,34.36725353933883,-494.10398504953116
13276510.0,3.9439,-4.0349,9.3754,-0.0874,-0.0883,9.8058,-0.1354,0.2024,-0.074,209.76,-82.0,-147.78,52.202263,-2.201946,8.28,2,348.5,22 / 23,12.839356212959405,19.927751645952917,-0.24024140000666333,-402.2801321087903,428.6247993275099,14.420591506358505,False,91.10000000000036,9.7375948742281,1.9353380013827486,-368.23317713078484,-67.284050112424,9.928055555555156,78.75900000000624,-3.101761338731306,-17.992413644570167,34.04695497800549,-495.9088494399339
13276610.0,4.3107,-3.0862,10.5395,-0.0268,-0.0125,9.8066,0.0223,0.7213,-0.481,213.63,-82.58,-148.57,52.202263,-2.201946,8.28,2,348.5,22 / 23,12.773379067020928,20.3761296509834,-0.22516140000660836,-400.9994953447866,430.63999339236403,14.397321366357756,False,91.20000000000073,9.727457495601472,1.8728609176805295,-367.265487463825,-67.09501873694325,9.906111111112596,79.10200000000691,-3.0459215714194556,-18.50326873330287,33.7340078809616,-497.7350121293073
13276710.0,-5.1495,-1.3885,9.1592,-0.0724,-0.0295,9.8063,-0.0798,0.6505,-0.3396,208.89,-82.73,-150.33,52.202263,-2.201946,8.28,2,348.5,22 / 23,13.037941850179461,20.488654972139674,-0.2208914000066704,-399.7089292989454,432.6832326234904,14.375018726357418,False,91.29999999999927,9.773736938261179,1.8481801975565577,-366.28416836497644,-66.90598736075901,9.94694444444983,79.29200000001364,-3.2642049119182825,-18.640474774583115,33.42476093396897,-499.58921998424944
13276810.0,1.2053,-0.6839,12.0643,-0.0745,-0.0538,9.8062,0.2712,0.3606,-0.2246,212.63,-82.88,-150.16,52.202263,-2.201946,8.28,2,348.5,22 / 23,13.364844102213926,20.415470239410066,-0.14038140000637747,-398.38879000132096,434.72843888407533,14.356955086356699,False,91.39999999999964,9.931278200395768,1.8107286672345502,-365.2960345501294,-66.7280754798259,10.09500000000006,79.66700000000131,-3.4335659018181577,-18.604741572175516,33.09275545119158,-501.45651436390125
13276910.0,-8.102,0.7271,10.3143,-0.1062,0.0756,9.8057,0.1563,0.7533,-0.6977,210.85,-82.83,-148.17,52.202263,-2.201946,8.28,2,348.5,22 / 23,13.760728120120051,20.16521688501916,-0.002116400005874486,-397.0325113901993,436.7574732403042,14.349830196356061,False,91.5,9.933128979732109,1.806767345262633,-364.30108601940157,-66.55016359607646,10.09611111111111,79.691,-3.8275991403879424,-18.358449539756528,32.73142537079775,-503.30763683638065
13277010.0,6.8858,-3.8769,8.5958,-0.1172,0.0556,9.8058,0.1412,0.2883,-0.3163,210.6,-82.73,-153.1,52.202263,-2.201946,8.28,2,348.5,22 / 23,13.992539872124727,20.197536073807438,-0.037276400006002346,-395.64484799058204,438.77561088825286,14.34786055635546,False,91.60000000000036,9.959050436929271,1.8039413843514092,-363.3061374886283,-66.36113222130383,10.121111111112146,79.73300000002367,-4.033489435195456,-18.39359468945603,32.338710501953756,-505.1367431095567
13277109.0,-7.7234,-2.4174,10.9331,-0.0339,0.0115,9.8066,0.2452,0.7998,-0.4538,205.86,-82.68,-149.77,52.202263,-2.201946,8.28,2,348.5,22 / 23,14.295273792229054,20.41145884648784,-0.04145420000600904,-394.24460121419423,440.78575613681073,14.34396339165486,False,91.69900000000052,10.052743467589016,1.5884100600338442,-362.30764530549664,-66.21802435028418,10.177486111113057,81.02099000004448,-4.242530324640038,-18.823048786453995,31.9369559086976,-507.0037804870949
13277210.0,2.8199,-3.2752,8.9567,-0.0701,0.0325,9.8063,-0.1469,-0.415,0.2964,207.66,-82.72,-152.24,52.202263,-2.201946,8.28,2,348.5,22 / 23,14.756183420724527,20.49942711074649,-0.02749095000618203,-392.77750262495823,442.85175587762546,14.340481661579288,False,91.79999999999927,10.029673073903005,1.7019745494855498,-361.30261099508505,-66.03866693388747,10.173055555558104,80.3689999999905,-4.726510346821522,-18.79745256126094,31.474891629873184,-508.89042281151296
13277310.0,-1.0739,-1.9066,11.0836,0.0373,-0.0031,9.8065,0.1447,0.014,-0.1606,205.04,-82.78,-150.73,52.202263,-2.201946,8.28,2,348.5,22 / 23,14.901745021557588,20.71060051033777,-0.00614095000610429,-391.29460620283874,444.9122572586872,14.338800066578667,False,91.89999999999964,10.09077535080734,1.7596704049060017,-360.29403303235017,-65.86075505153971,10.243055555563634,80.1079999999993,-4.810969670750248,-18.95093010543177,31.000573170488565,-510.77301231022693
13277410.0,-4.5109,-0.6948,10.5975,-0.0331,0.0415,9.8064,-0.2895,-0.6389,0.3993,206.95,-82.79,-153.27,52.202263,-2.201946,8.28,2,348.5,22 / 23,15.313364173575307,20.640669725571154,0.09724904999427193,-389.7838507430766,446.97982077049016,14.343355471578091,False,92.0,10.236224521152977,1.7874276701459324,-359.2718256377564,-65.6828431684976,10.391111111111112,80.095,-5.07713965242233,-18.853242055425223,30.512025105320163,-512.6626639389877
13277510.0,-4.1035,-1.0892,11.4524,0.1165,-0.0661,9.8057,-0.0551,-0.1547,0.225,201.77,-82.85,-155.42,52.202263,-2.201946,8.28,2,348.5,22 / 23,15.848366791368905,20.484672669675174,0.21907904999471525,-388.2257641948237,449.03608789026,14.359171876577598,False,92.10000000000036,10.132766079629992,1.7919686312918344,-358.263247675022,-65.50493128614985,10.290000000001656,79.97100000000364,-5.715600711738913,-18.69270403838334,29.96251651980168,-514.5410191764098
13277610.0,-4.5312,0.6539,11.5843,0.007,-0.0423,9.8065,-0.4093,-0.5983,0.4344,208.05,-83.11,-152.51,52.202263,-2.201946,8.28,2,348.5,22 / 23,16.350521803176527,20.263535679977696,0.3902490499953381,-386.6158197650906,451.07349830775,14.389638281577211,False,92.20000000000073,10.228733232923952,1.7721411769096105,-357.2410402803542,-65.3270194038017,10.381111111110483,80.17099999999037,-6.1217885702525745,-18.491394503068086,29.374779484736393,-516.4005177115517
13277710.0,3.4878,-3.4214,6.9183,0.0436,-0.0898,9.8061,-0.4316,-0.5033,0.3494,211.71,-82.93,-152.25,52.202263,-2.201946,8.28,2,348.5,22 / 23,16.577978810676818,20.29601540969267,0.33471404999614635,-384.9693947344219,453.10147586220404,14.425886436576258,False,92.29999999999927,10.203471838261922,1.8164127689134422,-356.2256476016575,-65.13798802761747,10.363888888890889,79.9060000000098,-6.3745069724148955,-18.47960264077923,28.743747132764383,-518.2394638898215
13277810.0,-2.7061,-0.5717,11.2625,0.1107,-0.1042,9.8054,0.0154,-0.1706,0.1364,212.66,-83.14,-146.37,52.202263,-2.201946,8.28,2,348.5,22 / 23,16.747377023885125,20.410881441103193,0.2630890499958858,-383.3031269426877,455.13682070475124,14.455776591575969,False,92.39999999999964,10.266080638181222,1.7778734514541759,-355.19662549106346,-64.96007614456241,10.418888888889494,80.17499999999667,-6.481296385703903,-18.633007989649016,28.10650145162424,-520.0968968493137
13277910.0,4.3011,-2.275,9.3228,0.0247,0.0132,9.8066,-0.1689,-0.4968,0.3029,210.89,-83.2,-148.71,52.202263,-2.201946,8.28,2,348.5,22 / 23,16.849576353258552,20.497287387833385,0.3116890499960627,-381.6232792738244,457.1822291462055,14.484515496575671,False,92.5,10.275128131495707,1.7907098819589813,-354.17441809644265,-64.78216426293493,10.43,80.11399999999999,-6.574448221762845,-18.706577505874403,27.44886117738173,-521.9643934091404
13278010.0,-1.6641,-1.3138,9.1255,0.0265,0.0064,9.8065,0.0438,-0.0711,-0.0466,210.23,-83.41,-149.82,52.202263,-2.201946,8.28,2,348.5,22 / 23,16.928930100885214,20.64961976034838,0.2534390499958509,-379.93435395111106,459.23957450362207,14.51277190157537,False,92.60000000000036,10.216539414668475,1.90127108140317,-353.1590254177819,-64.58201339502928,10.391944444446157,79.45800000002245,-6.7123906862167395,-18.74834867894521,26.775328533329173,-523.8215878986514
13278110.0,2.8313,-3.165,11.1171,0.0019,-0.0085,9.8066,0.0578,-0.3267,0.2082,209.57,-83.49,-150.77,52.202263,-2.201946,8.28,2,348.5,22 / 23,17.090209640019232,20.802591377313103,0.28490404999596547,-378.23339696405964,461.31218506051266,14.539689056575059,False,92.70000000000073,10.348041981818337,1.6960404998323813,-352.12318859115317,-64.42634049753171,10.48611111111012,80.69199999997257,-6.742167658200895,-19.10655087748072,26.11020837290647,-525.7385255580443
13278210.0,-2.1897,-2.7468,9.5035,0.0405,0.0075,9.8065,-0.1339,0.0719,-0.1004,213.94,-83.52,-149.41,52.202263,-2.201946,8.28,2,348.5,22 / 23,17.311667791185737,20.990317038701303,0.33526904999523266,-376.51330309252444,463.40183048128296,14.570697711574168,False,92.79999999999927,10.29802355384962,1.827311597527897,-351.10098119650337,-64.23730912276213,10.458888888887838,79.93800000000492,-7.013644237336118,-19.163005441173407,25.41232189602107,-527.6391396040451
13278310.0,0.4641,-3.0274,8.2524,-0.0067,-0.0382,9.8065,-0.1025,-0.2386,0.1818,214.25,-83.51,-149.01,52.202263,-2.201946,8.28,2,348.5,23 / 23,17.6411924069212,21.10468842406301,0.24239904999489487,-374.7656600826127,465.50658075442885,14.599581116573779,False,92.89999999999964,10.273844095734265,1.798062150346419,-350.0719590858826,-64.05939723970705,10.429999999998197,80.07300000001644,-7.367348311186934,-19.306626273716592,24.693700996730115,-529.5659779941359
13278409.0,-0.5437,-2.8778,9.4001,0.0326,-0.0135,9.8065,-0.2016,0.0557,-0.0444,211.3,-83.63,-148.5,52.202263,-2.201946,8.28,2,348.5,23 / 23,17.900278118611055,21.275602377326777,0.14533944999473797,-373.00635729159603,467.604405149101,14.618774172323297,False,92.9989999999998,10.250791011607754,1.7391323794672824,-349.06672033405715,-63.88326447619596,10.397275000000048,80.37098999999955,-7.649487107003301,-19.536469997859495,23.93963695753888,-531.487669625297
13278509.0,1.5034,-2.7878,8.7594,-0.0173,-0.0167,9.8066,-0.1222,-0.25,0.055,213.93,-83.98,-150.61,52.202263,-2.201946,8.28,2,348.5,23 / 23,18.111618631349117,21.46794311620192,0.07264944999447356,-371.2057624540915,469.74158242378525,14.629673617322798,False,93.09900000000016,10.379471275598496,1.6048542513985913,-348.02434138014104,-63.727369188851185,10.502819444446157,81.21055000001353,-7.732147355750621,-19.863088864803327,23.181421073950446,-533.4689516126364
13278610.0,1.0933,-3.4861,8.5865,-0.0286,0.0047,9.8066,0.0204,-0.1035,0.0641,212.38,-84.1,-152.82,52.202263,-2.201946,8.28,2,348.5,23 / 23,18.273070135669034,21.729595041138033,-0.04185425000616985,-369.36833567134676,471.92305810074316,14.631228774922215,False,93.20000000000073,10.331750436417643,1.7196747879788032,-346.99170747004524,-63.54790057752817,10.473888888890608,80.5500000000044,-7.941319699251391,-20.00992025315923,22.376628201301514,-535.4709586782714
13278710.0,-2.2764,-2.0074,10.7353,0.0154,-0.0024,9.8066,0.121,0.0573,-0.1346,211.95,-84.29,-153.23,52.202263,-2.201946,8.28,2,348.5,23 / 23,18.56846980525488,21.85766219011053,-0.05642925000595772,-367.5262586743274,474.10242096227387,14.626314599921681,False,93.29999999999927,10.381956738288636,1.7055067565511517,-345.95587064346205,-63.381108186194915,10.521111111110777,80.67100000001514,-8.186513066966242,-20.15215543355938,21.57038803086533,-537.4835291484687
13278810.0,2.9543,-1.86,9.5533,-0.0497,0.0298,9.8064,-0.0793,-0.3984,0.1759,214.02,-84.34,-155.03,52.202263,-2.201946,8.28,2,348.5,23 / 23,18.745213418789444,21.967586691333942,-0.022664250005834795,-365.6605745131184,476.2936834063541,14.622359924921078,False,93.39999999999964,10.385009957638482,1.628663311672788,-344.9200338168871,-63.225435290113204,10.511944444442218,81.08700000001795,-8.360203461150961,-20.338923379661153,20.740540696231278,-539.5191186964673
13278910.0,2.5036,-2.7755,9.2848,0.0076,-0.0042,9.8065,0.0024,-0.1701,-0.11,214.62,-84.29,-154.24,52.202263,-2.201946,8.28,2,348.5,23 / 23,10.353814778249662,1.562909926685936,-0.061424250005975706,-343.88419699038747,-63.06976239262818,14.618155499920473,True,93.5,10.353814778249662,1.562909926685936,-343.88419699038747,-63.06976239262818,10.47111111111111,81.416,0.0,0.0,0.0,0.0
13279009.0,1.7251,-3.4236,8.8678,-0.0154,-0.0002,9.8066,-0.138,-0.51,0.1122,214.17,-84.41,-154.94,52.202263,-2.201946,8.28,2,348.5,23 / 23,10.449057242890158,1.85820129169706,-0.1337289000060925,-342.85445482533936,-62.900417387317944,14.60849541899486,False,93.59900000000016,10.264162387637608,1.6729404962122714,-342.878958238462,-62.90463792590544,10.399611111109955,80.74279999998912,-0.18489485525254956,-0.1852607954847887,-0.024503413122658912,-0.004220538587496492
13279109.0,1.6245,-2.7238,9.7207,0.0079,-0.0296,9.8065,-0.0723,-0.3748,0.1192,217.93,-84.72,-154.8,52.202263,-2.201946,8.28,2,348.5,23 / 23,10.586766497973086,2.125817442901879,-0.18496890000627877,-341.80266363829236,-62.701216450587275,14.592560528994182,False,93.69900000000052,10.394693822570346,1.6181298983854304,-341.83657928454454,-62.73784553597632,10.519888888893068,81.15180000001436,-0.19207267540273953,-0.5076875445164484,-0.033915646252182796,-0.03662908538904475
13279210.0,-1.2469,-1.807,10.4293,-0.0144,-0.0078,9.8066,-0.087,-0.3792,0.0902,215.47,-84.94,-157.56,52.202263,-2.201946,8.28,2,348.5,23 / 23,10.804170219591962,2.2408245709361805,-0.15786555000661454,-340.7224213340687,-62.48070102889118,14.575247389268746,False,93.79999999999927,10.472642341021757,1.5111832260305817,-340.7766865106007,-62.59162420771606,10.581111111107292,81.78899999998094,-0.3315278785702045,-0.7296413449055987,-0.054265176531998804,-0.11092317882487635
13279310.0,1.0379,-3.0725,9.5754,-0.0035,-0.0326,9.8065,-0.0661,-0.3851,0.0536,214.12,-85.09,-159.32,52.202263,-2.201946,8.28,2,348.5,24 / 24,11.045636554967407,2.3567364262497477,-0.1382955500065433,-339.6299309953368,-62.25082297903105,14.560439334268034,False,93.89999999999964,10.35460186637576,1.5909507224363804,-339.75447911595853,-62.424831817796445,10.476111111112521,81.26500000005697,-0.6910346885916478,-0.7657857038133673,-0.12454812062173914,-0.17400883876539552
13279410.0,-1.0965,-3.0933,9.6314,0.0077,-0.0002,9.8066,-0.1308,-0.3024,0.0386,216.82,-85.39,-160.11,52.202263,-2.201946,8.28,2,348.5,24 / 24,11.319537218922244,2.5251008417135763,-0.15862055000661723,-338.5116723066382,-62.00673111563199,14.545593529267322,False,94.0,10.407471409569833,1.405480691145945,-338.71182757347896,-62.3025173982934,10.501944444444446,82.309,-0.912065809352411,-1.1196201505676313,-0.20015526684073848,-0.2957862826614104
13279510.0,0.9966,-4.2828,9.4499,0.0052,-0.0215,9.8066,-0.0357,-0.4095,0.1202,215.53,-85.62,-162.06,52.202263,-2.201946,8.28,2,348.5,24 / 24,11.633160376862143,2.739233294928909,-0.185220550006714,-337.36403742684485,-61.74351440879891,14.528401474266593,False,94.10000000000036,10.505010302403111,1.488911866564052,-337.6623613149701,-62.146844501504575,10.609999999999564,81.93300000000065,-1.1281500744590325,-1.250321428364857,-0.29832388812525323,-0.4033300927056658
13279610.0,-0.7508,-2.2727,10.1779,0.0068,-0.0216,9.8066,-0.0012,-0.2209,0.0254,214.58,-85.78,-162.1,52.202263,-2.201946,8.28,2,348.5,24 / 24,11.907155599447313,2.936497148601914,-0.18449555000671136,-336.1870216280251,-61.45972788662134,14.509915669265855,False,94.20000000000073,10.482289138081345,1.4789735908578334,-336.61970977238724,-62.002291097140834,10.586111111111252,81.96899999999334,-1.4248664613659674,-1.4575235577440806,-0.432688144362146,-0.5425632105194964
13279710.0,-0.2474,-3.7142,9.7573,-0.0067,-0.0106,9.8066,-0.0631,-0.3237,0.0806,221.17,-85.77,-161.23,52.202263,-2.201946,8.28,2,348.5,24 / 24,12.22471399884491,3.0577551945466226,-0.1684005500069455,-334.98042814812806,-61.160015269468275,14.492270864265429,False,94.29999999999927,10.48136090219477,1.513001532694219,-335.5702435138708,-61.84661819964691,10.589999999999636,81.78599999998995,-1.7433530966501412,-1.5447536618524036,-0.5898153657427656,-0.6866029301786369
13279810.0,-0.7555,-1.1943,9.8359,0.0243,-0.0136,9.8066,0.0076,-0.1698,0.0192,223.72,-85.69,-159.63,52.202263,-2.201946,8.28,2,348.5,24 / 24,12.50868698792397,3.1167281215092317,-0.16940555000694904,-333.7437580987851,-60.85129110366436,14.475380559264673,False,94.39999999999964,10.464060613693743,1.5619972704521183,-334.5344066872688,-61.67982580901694,10.57999999999803,81.50999999994691,-2.0446263742302264,-1.5547308510571134,-0.7906485884836911,-0.8285347053525811
13279909.0,-0.4222,-1.5472,9.8577,0.0023,0.0075,9.8066,0.0064,-0.2439,0.0374,226.6,-85.68,-159.6,52.202263,-2.201946,8.28,2,348.5,24 / 24,12.725271008905443,3.078387446779933,-0.16543070000694254,-332.49467717794005,-60.54463288303355,14.458806164888959,False,94.4989999999998,10.401043959039031,1.7318123852410492,-333.50892822903626,-61.50369304550584,10.544250000000051,80.5467300000014,-2.324227049866412,-1.3465750615388836,-1.0142510510962097,-0.9590601624722908
13280010.0,-0.583,-1.2523,9.5272,0.0064,-0.0092,9.8066,0.02,-0.2125,-0.0258,226.49,-85.64,-159.66,52.202263,-2.201946,8.28,2,348.5,24 / 24,12.940824824899947,3.042296251284515,-0.1769649000070073,-331.1985393383256,-60.23553835627956,14.441515187088157,False,94.60000000000036,10.428857187178608,1.6142860118717264,-332.46273303416683,-61.34624102918518,10.55305555555792,81.20099999998891,-2.511967637721339,-1.4280102394127885,-1.264193695841243,-1.1107026729056173
13280109.0,0.5076,-1.5374,9.5093,-0.0083,0.0064,9.8066,0.014,-0.2858,0.0407,225.49,-85.69,-160.84,52.202263,-2.201946,8.28,2,348.5,24 / 24,13.119670268499645,3.04149909608233,-0.2055165000070534,-329.90854483120023,-59.93439048658442,14.42258235778743,False,94.69900000000052,10.53822626806254,1.7451539655569113,-331.4170148694511,-61.15909996815986,10.681755555560002,80.59709999997915,-2.5814440004371058,-1.2963451305254188,-1.5084700382508913,-1.224709481575438
13280210.0,-0.7364,-1.6615,9.4883,-0.0027,-0.0128,9.8066,0.0158,-0.158,-0.013,224.53,-85.78,-162.04,52.202263,-2.201946,8.28,2,348.5,24 / 24,13.322971052348283,3.0535972706865033,-0.23660935000666808,-328.57319144451395,-59.62658812006641,14.400255002362014,False,94.79999999999927,10.563885494323987,1.6444391301856152,-330.35017108523465,-61.001536756211706,10.691111111108818,81.15199999999832,-2.759085558024296,-1.4091581405008882,-1.7769796407206968,-1.374948636145298
13280310.0,0.0742,-0.818,10.019,-0.0034,-0.0109,9.8066,-0.0049,-0.1957,0.0051,224.55,-85.95,-162.26,52.202263,-2.201946,8.28,2,348.5,24 / 24,13.51404816820094,3.0259917158621956,-0.24190935000668726,-327.23134048348163,-59.322608670737864,14.37632906736126,False,94.89999999999964,10.500264470097482,1.6431710044896835,-329.30751954267845,-60.834744366999416,10.628055555556209,81.10600000005621,-3.013783698103458,-1.3828207113725122,-2.076179059196818,-1.5121356962615522
13280410.0,-0.0301,-0.4103,10.0546,0.0016,-0.0004,9.8066,0.0234,-0.2356,-0.0449,228.56,-85.95,-160.85,52.202263,-2.201946,8.28,2,348.5,24 / 24,13.633634491216558,2.9747185652680788,-0.21889435000660343,-325.8739563505058,-59.02257315668026,14.353288882360511,False,95.0,10.53993746775947,1.4557878196083636,-328.2512385682387,-60.712429947496375,10.64,82.13600000000001,-3.0936970234570875,-1.5189307456597152,-2.3772822177328976,-1.6898567908161155
13280510.0,0.8936,-0.0101,10.1607,0.0041,0.0086,9.8066,0.0389,-0.2693,0.0889,231.45,-85.99,-159.47,52.202263,-2.201946,8.28,2,348.5,24 / 24,13.693858425289912,2.922453338914915,-0.1887943500064938,-324.5075817046755,-58.72771456147004,14.332904447359782,False,95.10000000000036,10.511999524492383,1.6845022372211491,-327.20858702571013,-60.52339857272394,10.64611111111151,80.89600000002088,-3.181858900797529,-1.237951101693766,-2.7010053210346427,-1.795684011253904
13280610.0,0.0802,-0.5139,9.3679,0.0137,-0.0195,9.8066,-0.0408,-0.2882,0.0865,235.1,-86.0,-158.23,52.202263,-2.201946,8.28,2,348.5,24 / 24,13.750655732776782,2.8718443654794967,-0.19302935000650912,-323.13535599676715,-58.43799967624926,14.313813262359062,False,95.20000000000073,10.565371829690074,1.4765931859770558,-326.1523060512204,-60.3899646607855,10.668055555558496,82.04399999999326,-3.1852839030867077,-1.395251179502441,-3.0169500544532752,-1.9519649845362395
13280709.0,1.2008,-2.0639,9.9944,0.0097,-0.021,9.8066,-0.0133,-0.4365,0.0944,236.1,-86.14,-158.47,52.202263,-2.201946,8.28,2,348.5,24 / 24,13.881508521739137,2.890559112253686,-0.20545385000652908,-321.76756386616637,-58.152760704101006,14.294088343958386,False,95.29900000000089,10.639815833885406,1.5216907749058626,-325.09984131765725,-60.23584849156417,10.74808055555979,81.86084999999031,-3.2416926878537318,-1.3688683373478234,-3.3322774514908815,-2.083087787463164
13280809.0,0.4162,-1.1684,10.0663,0.0025,-0.0272,9.8066,-0.0214,-0.2195,0.0091,239.57,-86.29,-154.3,52.202263,-2.201946,8.28,2,348.5,24 / 24,14.03051320569804,2.9367439753417863,-0.1830838500068545,-320.3719627798148,-57.86139554972547,14.274661458957999,False,95.39899999999943,10.532451471812198,1.6175218426330353,-324.05023876487536,-60.08017559476383,10.65593888888397,81.26895999996879,-3.4980617338858426,-1.319222132708751,-3.6782759850605657,-2.2187800450383577
13280909.0,1.3637,-1.5074,9.5912,0.0005,-0.0191,9.8066,-0.067,-0.3535,0.0847,243.95,-86.4,-150.54,52.202263,-2.201946,8.28,2,348.5,24 / 24,14.157530903955651,2.966279222900073,-0.1808738500068464,-318.962560574327,-57.566244389812304,14.256463573957248,False,95.4989999999998,10.651371685775786,1.5097880165849276,-322.9805328000073,-59.93551099478698,10.757849999999848,81.93223999999901,-3.5061592181798655,-1.4564912063151456,-4.017972225680353,-2.3692666049746762
13281010.0,0.8265,-0.611,10.1402,0.0265,-0.0212,9.8065,0.0271,-0.1935,-0.0277,249.0,-86.28,-147.05,52.202263,-2.201946,8.28,2,348.5,24 / 24,14.249929847950927,2.9944355409370718,-0.17490980000681278,-317.5279838063476,-57.265228294236834,14.238496499631458,False,95.60000000000036,10.614384378181944,1.5227490665750154,-321.91355272145216,-59.77839256394727,10.723055555556353,81.83599999999677,-3.6355454697689833,-1.4716864743620564,-4.385568915104557,-2.513164269710437
13281109.0,0.6496,-0.5396,9.8729,0.0058,-0.0035,9.8065,-0.0102,-0.3123,0.0656,253.95,-86.14,-146.01,52.202263,-2.201946,8.28,2,348.5,24 / 24,14.309727028496953,2.9638880132543597,-0.15511970000678074,-316.1142807909612,-56.97029127830388,14.222160039380759,False,95.69900000000052,10.652667554790401,1.5615072644423633,-320.86108798791577,-59.63528469362787,10.766505555557057,81.66076999999395,-3.6570594737065516,-1.4023807488119964,-4.746807196954592,-2.664993415323984
13281210.0,1.5642,0.6831,9.7923,0.0022,-0.0077,9.8065,0.0298,-0.2315,-0.0901,260.61,-86.08,-143.61,52.202263,-2.201946,8.28,2,348.5,24 / 24,14.29763188093563,2.9526763424506144,-0.15249875000681323,-314.66960916605274,-56.671504778344485,14.206625307655266,False,95.79999999999927,10.710946452363162,1.4517937549462283,-319.78054662460556,-59.48928575451551,10.808888888886424,82.28099999997694,-3.5866854285724674,-1.500882587504386,-5.110937458552826,-2.817780976171022
13281310.0,2.3335,0.2461,9.6414,-0.0132,0.0043,9.8066,-0.0249,-0.3422,0.0255,261.77,-86.03,-144.57,52.202263,-2.201946,8.28,2,348.5,24 / 25,14.23152672003715,3.0155007176033943,-0.16147875000684583,-313.24315123599894,-56.3730959253407,14.190926432654525,False,95.89999999999964,10.627167607580235,1.5603770511415975,-318.72426565014206,-59.333612856313046,10.74111111111575,81.64700000005892,-3.6043591124569154,-1.4551236664617968,-5.481114414143121,-2.9605169309723465
13281409.0,2.2405,-0.1584,9.9598,0.0025,-0.0162,9.8066,-0.034,-0.3139,0.0207,261.21,-86.0,-142.84,52.202263,-2.201946,8.28,2,348.5,24 / 25,14.202241955697998,3.1175726225962603,-0.16207770000684674,-311.8356796865478,-56.069508795000324,14.174910388378821,False,95.9989999999998,10.737888108305878,1.3724533054384533,-317.6583077790419,-59.201513284204914,10.825261111110986,82.71619999999844,-3.46435384739212,-1.745119317157807,-5.822628092494085,-3.13200448920459
13281509.0,1.1601,-0.0132,9.9806,-0.0023,-0.0063,9.8066,-0.0069,-0.3044,0.0009,264.59,-85.92,-141.49,52.202263,-2.201946,8.28,2,348.5,24 / 25,14.193709606084738,3.1646500191835973,-0.14572270000678716,-310.4158821084535,-55.75539766291019,14.159520368378084,False,96.09900000000016,10.610695901198424,1.6791449782434436,-316.6085689318679,-59.024046181568536,10.742786111109764,81.00736999997218,-3.583013704886314,-1.4855050409401538,-6.1926868234144195,-3.2686485186583454
13281610.0,4.1927,-0.5821,10.1773,0.0006,-0.0031,9.8066,-0.0487,-0.4159,0.1188,270.92,-85.86,-139.18,52.202263,-2.201946,8.28,2,348.5,24 / 25,14.216769514906876,3.310494883232528,-0.11822040000663249,-308.98115291283534,-55.428402845336336,14.146191241827331,False,96.20000000000073,10.715402819398816,1.6314578645248146,-315.5281638628564,-58.855474672824066,10.838888888889912,81.34300000003503,-3.501366695508059,-1.6790370187077133,-6.547010950021047,-3.4270718274877296
13281709.0,1.3443,-1.1818,9.499,0.0098,-0.0266,9.8066,-0.0398,-0.2117,-0.0553,275.89,-85.67,-136.18,52.202263,-2.201946,8.28,2,348.5,24 / 25,14.297224258633651,3.457398529716617,-0.11510190000662733,-307.5697102210428,-55.093392121394814,14.134641787976657,False,96.29900000000089,10.768574702013874,1.4566583541044573,-314.4622059917323,-58.72337509930583,10.866663888890358,82.29637000005044,-3.5286495566197775,-2.00074017561216,-6.892495770689493,-3.6299829779110127
13281810.0,3.0853,-3.867,9.7433,-0.0112,-0.0016,9.8066,-0.0623,-0.6117,0.189,279.08,-85.44,-132.38,52.202263,-2.201946,8.28,2,348.5,24 / 25,14.555231695590052,3.5205314324150345,-0.1338374000063951,-306.11266119537254,-54.741006658311534,14.122070353326155,False,96.39999999999964,10.770544606680861,1.6010215832322674,-313.3747136181501,-58.55524837025888,10.88888888888475,81.54500000000868,-3.784687088909191,-1.9195098491827671,-7.262052422777572,-3.8142417119473464
13281909.0,2.7247,-1.3082,8.8422,0.0085,-0.0333,9.8065,-0.0931,-0.4197,0.0002,287.25,-85.2,-128.35,52.202263,-2.201946,8.28,2,348.5,24 / 25,14.83338471291298,3.6351603347054064,-0.18471350000647732,-304.6579246831493,-54.3867999158385,14.106302083775493,False,96.4989999999998,10.700612661650897,1.5605930001643231,-312.3222488846635,-58.40113220244927,10.813813888889,81.70240999999976,-4.132772051262084,-2.0745673345410833,-7.664324201514205,-4.014332286610767
13282010.0,1.1895,0.4822,9.9229,-0.0269,0.0064,9.8066,0.0435,-0.6198,0.0973,291.8,-85.37,-129.53,52.202263,-2.201946,8.28,2,348.5,24 / 25,14.886511504613578,3.6985717877675115,-0.22754760000671792,-303.1570699241558,-54.01644644365154,14.08548289822471,False,96.60000000000036,10.780915042695248,1.4875379213671962,-311.23489280538075,-58.25502206840992,10.883055555556027,82.1439999999808,-4.10559646191833,-2.2110338664003155,-8.07782288122496,-4.238575624758383
13282110.0,1.755,-1.9155,10.0908,0.0189,0.0011,9.8066,-0.0599,-0.6944,0.1054,292.93,-85.39,-129.62,52.202263,-2.201946,8.28,2,348.5,24 / 25,14.95310603721077,3.69667904015615,-0.20752760000664502,-301.66508904705915,-53.64668390225401,14.063729138223962,False,96.70000000000073,10.777220185069956,1.6897875229582109,-310.1649823990105,-58.0771101860638,10.908888888893658,81.08900000005424,-4.175885852140814,-2.006891517197939,-8.499893351951357,-4.430426283809787
13282210.0,0.2371,2.462,9.6856,0.0232,-0.055,9.8064,-0.0384,-0.4343,-0.0373,295.28,-85.23,-128.4,52.202263,-2.201946,8.28,2,348.5,24 / 25,14.910459044562153,3.6956526997404824,-0.1993726000067636,-300.17191079299226,-53.27706731526456,14.043384128223588,False,96.79999999999927,10.94755262780469,1.4257248897712573,-309.0678131287401,-57.943676274127775,11.039999999993997,82.57999999997126,-3.9629064167574626,-2.269927809969225,-8.895902335747849,-4.666608958863215
13282310.0,1.3162,-1.7262,9.7019,0.0033,-0.0166,9.8066,-0.0522,-0.7262,0.3536,297.23,-85.34,-128.06,52.202263,-2.201946,8.28,2,348.5,23 / 24,14.848266672310393,3.672423861998197,-0.21066260000680456,-298.6839745071432,-52.908663487176284,14.022882368222835,False,96.89999999999964,10.763545630970173,1.5529682708022239,-307.99790272231627,-57.78800337592289,10.875000000004427,81.78999999996753,-4.08472104134022,-2.1194555911959734,-9.313928215173064,-4.879339888746607
13282410.0,-0.4738,2.5408,10.0312,0.026,-0.0498,9.8064,-0.0433,-0.1635,-0.1762,299.22,-85.16,-127.09,52.202263,-2.201946,8.28,2,348.5,23 / 24,14.766293028015026,3.629469230397294,-0.2046726000067827,-297.20324652212156,-52.54356883255518,14.002115608222079,False,97.0,10.826993639135106,1.67707466057428,-306.9211776000178,-57.61009149429541,10.956111111111111,81.195,-3.9392993888799204,-1.952394569823014,-9.717931077896253,-5.06652266174023
13282510.0,0.9016,-4.0125,9.5042,-0.0095,0.0128,9.8066,-0.0942,-0.5438,0.2684,303.26,-85.12,-127.0,52.202263,-2.201946,8.28,2,348.5,23 / 24,14.76463791710608,3.498837003305845,-0.20856760000679675,-295.72669997486014,-52.187153520868726,13.981453598221325,False,97.10000000000036,10.928380164771301,1.6141525742205236,-305.8240083297538,-57.454418596091536,11.046944444443882,81.59799999999703,-3.836257752334779,-1.8846844290853213,-10.097308354893642,-5.267265075222809
13282610.0,0.6453,-3.3743,10.4698,0.0113,-0.0652,9.8064,-0.0302,-0.0462,-0.0956,302.2,-84.78,-125.05,52.202263,-2.201946,8.28,2,348.5,23 / 24,15.042770941095972,3.2661035575155846,-0.19053260000673106,-294.2363295319446,-51.84890649282642,13.961498588220577,False,97.20000000000073,10.893254400172722,1.6406439544946096,-304.74046849139665,-57.28762620687681,11.016111111109142,81.43499999998643,-4.1495165409232495,-1.625459603020975,-10.504138959452064,-5.438719714050386
13282710.0,1.4483,-3.9405,9.8267,0.0019,0.0265,9.8065,-0.0154,-0.2684,0.0356,308.87,-84.57,-124.43,52.202263,-2.201946,8.28,2,348.5,23 / 24,15.322695764402935,3.0423503444833337,-0.15637260000722808,-292.71805619669175,-51.533483797731066,13.944153328220132,False,97.29999999999927,10.82883399896243,1.7031089883169368,-303.66374336903885,-57.1208338169582,10.961944444448305,81.06200000002154,-4.493861765440505,-1.339241356166397,-10.945687172347107,-5.587350019227138
13282810.0,1.039,-2.8548,10.519,0.0009,-0.0034,9.8066,0.0177,0.019,-0.1555,310.26,-84.41,-125.28,52.202263,-2.201946,8.28,2,348.5,23 / 24,15.578620960649623,2.8342287564810715,-0.11975260000709476,-291.1729903604335,-51.23965484268177,13.930347068219366,False,97.39999999999964,10.950840127643323,1.6065348672331023,-302.57338881472805,-56.965160919460644,11.068055555554464,81.65399999996005,-4.6277808330063,-1.2276938892479692,-11.400398454294532,-5.725506076778871
13282909.0,0.0236,0.6608,9.5237,-0.007,0.0399,9.8065,-0.0442,-0.1252,-0.094,310.8,-84.16,-125.12,52.202263,-2.201946,8.28,2,348.5,23 / 24,15.609670227437503,2.7184682518258043,-0.09849730000706033,-289.6291699466207,-50.964796340770135,13.919543698168647,False,97.4989999999998,10.910084393246592,1.7417840749726663,-301.4939378060411,-56.789028155949545,11.048255555555587,80.92932000000106,-4.699585834190911,-0.976684176853138,-11.864767859420397,-5.8242318151794095
13283010.0,0.3486,-1.1052,10.8692,-0.0046,-0.0119,9.8066,0.0681,-0.2763,-0.0157,310.22,-84.09,-125.75,52.202263,-2.201946,8.28,2,348.5,23 / 24,15.551436128271895,2.6308699556433957,-0.0591275000068391,-288.05553407564855,-50.694654761291424,13.9115836457679,False,97.60000000000036,10.912786155002188,1.711043253165654,-300.39949442213907,-56.60933715407098,11.046111111111056,81.08900000000219,-4.6386499732697075,-0.9198267024777416,-12.343960346490519,-5.914682392779554
13283110.0,0.4366,-1.9976,9.9743,0.0256,0.0006,9.8066,-0.0165,-0.3016,0.048,311.81,-83.85,-126.96,52.202263,-2.201946,8.28,2,348.5,23 / 24,15.606263751658473,2.472117829289481,0.0023824999933846694,-286.4976490816464,-50.439505372043854,13.908746395767217,False,97.70000000000073,10.913326158469433,1.6877168488678007,-299.30913986788266,-56.44254476485545,11.043055555555556,81.20899999996897,-4.69293759318904,-0.7844009804216803,-12.811490786236277,-6.003039392811594
13283210.0,-0.223,-2.5229,9.7978,-0.0076,0.001,9.8066,0.0157,-0.2061,-0.0469,311.88,-83.83,-126.4,52.202263,-2.201946,8.28,2,348.5,23 / 24,15.69287259593679,2.2444969103638344,0.010322499993269185,-284.9326922642894,-50.20367463506462,13.90938164576654,False,97.79999999999927,10.886991529067416,1.849997688910002,-298.2256000295455,-56.25351338937812,11.043055555549765,80.35599999997734,-4.805881066869373,-0.3944992214538323,-13.292907765256075,-6.049838754313498
13283310.0,0.0353,-1.6052,9.8619,0.0122,0.0254,9.8065,0.011,-0.1646,-0.0712,314.09,-83.79,-126.83,52.202263,-2.201946,8.28,2,348.5,22 / 22,15.747703714180261,2.014415128387121,0.012642499993277725,-283.36066344877787,-49.9907290331263,13.910529895765873,False,97.89999999999964,10.709614508181636,1.9398954693558934,-297.1556896231206,-56.0644820146059,10.883888888898332,79.7330000000609,-5.0380892059986255,-0.07451965903122759,-13.795026174342752,-6.0737529814796005
13283410.0,-0.4471,-2.3443,10.66,0.0047,0.0357,9.8065,0.0692,-0.1292,-0.1079,312.57,-83.87,-131.04,52.202263,-2.201946,8.28,2,348.5,22 / 22,15.786750883925126,1.7816262575526578,0.05807249999344308,-281.78394071886686,-49.80092696382862,13.914065645765222,False,98.0,10.916218690769034,1.7584623802730697,-296.05852035293617,-55.89768962398867,11.056944444444444,80.84899999999999,-4.870532193156093,-0.02316387727958813,-14.274579634069312,-6.096762660160046
13283510.0,1.2294,-0.0352,9.9536,0.0043,0.031,9.8066,-0.0136,-0.1155,-0.1296,305.8,-83.87,-134.4,52.202263,-2.201946,8.28,2,348.5,22 / 22,15.81064677122534,1.6460234275529517,0.10808749999362507,-280.2040708361036,-49.62954447957272,13.922373645764605,False,98.10000000000036,10.93018768510264,1.7971353298335693,-294.9681657986255,-55.719777741640925,11.0769444444443,80.66299999999596,-4.8804590861227,0.15111190228061755,-14.764094962521881,-6.090233262068203
13283611.0,-0.1843,-0.8979,9.7835,0.0022,0.0132,9.8066,-0.0101,-0.1832,-0.01,309.44,-84.04,-136.45,52.202263,-2.201946,8.28,2,348.5,22 / 22,15.794350181087763,1.5673700919647542,0.11433939999366026,-278.6080184900028,-49.467268106836165,13.933606204214026,False,98.20100000000093,10.916208173088645,1.8381107300187525,-293.8735861204027,-55.53997554482319,11.06988055555938,80.44198000000378,-4.878142007999118,0.2707406380539983,-15.265567630399914,-6.072707437987027
13283711.0,1.3742,-1.0024,10.4694,0.0058,0.0043,9.8066,0.0329,-0.1655,-0.0265,308.85,-84.05,-136.62,52.202263,-2.201946,8.28,2,348.5,22 / 22,15.820527802912448,1.464920061665622,0.14631939999319496,-277.0272745908258,-49.31565359915685,13.94663914421318,False,98.30099999999948,11.015726473937937,1.83672232988971,-292.7697384284978,-55.350944168652696,11.16780555555459,80.53377999997987,-4.804801328974511,0.371802268224088,-15.742463837672005,-6.035290569495842
13283810.0,0.275,-2.3769,9.8204,0.0222,0.021,9.8066,-0.0036,-0.0513,-0.1123,310.69,-84.1,-137.78,52.202263,-2.201946,8.28,2,348.5,22 / 22,15.91505656543379,1.333319609610972,0.17980614999324915,-275.45636316459013,-49.17714073542844,13.962782358937535,False,98.39999999999964,10.974341137844801,1.9317152233837251,-291.690287419733,-55.163803107625554,11.14305555554878,80.01699999995569,-4.940715427588989,0.5983956137727531,-16.23392425514288,-5.986662372197117
13283910.0,0.4745,-0.6067,10.3504,-0.0058,0.0464,9.8065,0.0424,-0.0184,-0.1393,307.17,-84.23,-138.74,52.202263,-2.201946,8.28,2,348.5,22 / 22,15.96824050065817,1.1776791503250894,0.2076811499933506,-273.8621983112797,-49.051590797431174,13.982156723936935,False,98.5,10.823894213560061,2.0637893301739907,-290.6135622974345,-54.941413254883884,11.018888888888888,79.205,-5.144346287098109,0.8861101798489013,-16.751363986154786,-5.889822457452709
13284010.0,1.2315,-1.6426,9.5181,0.0122,0.0444,9.8065,-0.0306,0.1452,-0.1323,302.16,-84.57,-143.6,52.202263,-2.201946,8.28,2,348.5,22 / 22,16.031551866473762,1.0915224363749032,0.22044114999339715,-272.2622086929173,-48.93813071809576,14.00356283893635,False,98.60000000000036,10.79472583758978,2.2168207170018883,-289.5436518910375,-54.71902340141953,11.020000000002673,78.39500000002921,-5.236826028883982,1.1252982806269851,-17.2814431981202,-5.7808926833237635
13284110.0,-0.2515,2.292,9.8567,-0.0114,0.0475,9.8064,-0.0028,0.17,-0.2468,305.27,-84.64,-143.3,52.202263,-2.201946,8.28,2,348.5,22 / 22,15.957074978035655,1.0593666437431253,0.20851614999335386,-270.662777350686,-48.83058626408947,14.025010703935767,False,98.70000000000073,10.99732730869524,1.9389276136107643,-288.43285318883943,-54.541111519070974,11.166944444448376,80.00100000000215,-4.959747669340414,0.879560969867639,-17.770075838153446,-5.710525254981505
13284210.0,0.2469,-2.0545,10.2936,-0.0125,0.027,9.8065,-0.0098,-0.0407,-0.0041,304.76,-84.9,-144.1,52.202263,-2.201946,8.28,2,348.5,22 / 22,15.869528899709996,0.9720886688000309,0.23536614999296318,-269.0714471568219,-48.729013498463786,14.047204818934759,False,98.79999999999927,11.105751617047229,1.9462543565748278,-287.3288692026145,-54.340960651168565,11.275000000001496,80.06000000000707,-4.763777282662767,0.974165687774797,-18.257422045792623,-5.611947152704779
13284310.0,0.4837,1.9686,9.1212,0.003,-0.0054,9.8066,-0.0256,0.2194,-0.1236,307.03,-84.86,-141.94,52.202652,-2.201821,7.17,3,76.81,23 / 23,15.817363085687814,0.9087180018554212,0.2254411499929271,-267.4871025575462,-48.63497316493067,14.070245183934137,False,98.89999999999964,11.152795631763988,1.9155991948137137,-286.21807050041593,-54.1519292756878,11.316111111113445,80.25400000002203,-4.664567453923826,1.0068811929582924,-18.73096794286971,-5.516956110757128
13284410.0,1.7659,-4.1826,11.0838,0.0182,0.0018,9.8066,0.1235,-0.3961,0.195,306.25,-84.75,-142.58,52.202652,-2.201821,7.17,3,76.81,23 / 23,15.893403509414664,0.84234409670474,0.2550261499930348,-265.90156422778534,-48.547420060002345,14.094268548933522,False,99.0,11.208235826155073,1.8438564085680225,-285.1004570823456,-53.96289790092812,11.35888888888889,80.658,-4.685167683259591,1.0015123118632825,-19.198892854560256,-5.4154778409257744
13284510.0,1.7485,0.8676,9.1188,0.0111,-0.0023,9.8066,-0.1885,0.1452,-0.1056,305.16,-84.54,-143.09,52.202652,-2.201821,7.17,3,76.81,23 / 23,16.049859098418093,0.7925357132591071,0.28449114999314207,-264.3044010973879,-48.46567606950386,14.12124441393293,False,99.10000000000036,11.09326454503948,2.0099881623607248,-283.9964730961003,-53.76274703302247,11.273888888891092,79.73000000002887,-4.956594553378613,1.2174524491016177,-19.692071998712436,-5.297070963518614
13284609.0,0.7961,1.5675,8.294,-0.0139,0.0271,9.8066,-0.0023,-0.1815,0.0533,307.25,-84.7,-144.05,52.202652,-2.201821,7.17,3,76.81,23 / 23,15.94738946036676,0.8741896125796853,0.17556639999296603,-262.72053729372544,-48.3831731658747,14.144017262657279,False,99.19900000000052,11.262687409782865,1.7231720406304778,-282.8765426744642,-53.608630863801146,11.393788888893031,81.30113000005426,-4.684702050583894,0.8489824280507925,-20.156005380738748,-5.225457697926444
13284710.0,1.2349,1.2723,9.029,0.0592,-0.0296,9.8063,-0.1609,0.2284,-0.0698,307.59,-84.63,-143.47,52.202652,-2.201821,7.17,3,76.81,23 / 23,15.81296147634489,0.9504044505097995,0.059906249994399224,-261.1166395714414,-48.29103116568982,14.155908631481493,False,99.29999999999927,11.123791444666356,2.1044763447654073,-281.7612462597634,-53.39580377448927,11.321111111110525,79.28700000002397,-4.689170031678534,1.1540718942556079,-20.64460668832203,-5.1047726087994505
13284810.0,0.2718,-0.1255,7.9982,0.0379,-0.0018,9.8065,-0.2103,0.048,-0.0273,306.59,-84.21,-143.86,52.202652,-2.201821,7.17,3,76.81,23 / 23,15.731827027106226,0.9534431584260972,-0.06939875000607115,-259.5394001462631,-48.195838785242685,14.155434006480908,False,99.39999999999964,11.131396532219915,1.9735846175696148,-280.64363284161095,-53.206772399008514,11.305000000009988,79.9460000000353,-4.600430494886311,1.0201414591435176,-21.104232695347832,-5.010933613765829
13284910.0,2.0678,-1.6057,10.4985,0.028,-0.0044,9.8066,-0.0415,0.0995,-0.0161,308.82,-84.27,-144.43,52.202652,-2.201821,7.17,3,76.81,23 / 23,15.789831400561066,0.8998683545176389,-0.1252287500062742,-257.963317224874,-48.10317320959516,14.145702631480255,False,99.5,11.333566484508715,1.8776823982643007,-279.5123899916076,-53.017741024248835,11.488055555555555,80.593,-4.456264916052351,0.9778140437466618,-21.549072766733616,-4.914567814653672
13285010.0,0.3023,1.7352,8.9111,0.0376,-0.0341,9.8065,-0.1199,0.1917,-0.1426,306.17,-84.02,-144.22,52.202652,-2.201821,7.17,3,76.81,23 / 23,15.773918960705055,0.9022338000271728,-0.13541375000631123,-256.38512970680495,-48.013068101867596,14.132670506479577,False,99.60000000000036,11.332408934655314,1.9381019829591175,-278.38114714152215,-52.82870964806055,11.496944444442883,80.29499999998632,-4.441510026049741,1.0358681829319447,-21.996017434717203,-4.815641546192957
13285110.0,1.3558,-2.5285,10.2898,0.0025,-0.0078,9.8066,0.0098,-0.2254,0.0496,309.94,-84.11,-143.23,52.202652,-2.201821,7.17,3,76.81,23 / 23,15.77022929649042,0.8460197533825092,-0.15603375000638625,-254.80792229393944,-47.92565542419679,14.11809813147889,False,99.70000000000073,11.221588495461486,2.071088706156035,-277.2567190073895,-52.6285587801553,11.411111111116485,79.54300000007032,-4.5486408010289345,1.2250689527735257,-22.448796713450065,-4.702903355958512
13285212.0,0.7346,-2.0964,10.3126,0.0039,-0.0177,9.8066,0.0499,-0.0152,0.0223,307.39,-84.06,-142.95,52.202652,-2.201821,7.17,3,76.81,23 / 23,15.935501068864824,0.6897299046364305,-0.10558965000690437,-253.19093004532294,-47.84733219163863,14.104755338078348,False,99.80199999999968,11.429535796462659,1.719763805708387,-276.09603658433855,-52.45776337356933,11.558288888887667,81.44299999993277,-4.505965272402165,1.0300339010719566,-22.905106539015605,-4.6104311819307
13285310.0,0.2116,2.0792,9.0822,-0.0171,0.041,9.8065,-0.1435,-0.1594,-0.0368,310.27,-83.92,-142.72,52.202652,-2.201821,7.17,3,76.81,23 / 23,15.88536773445308,0.6421818793515149,-0.11629615000689955,-251.63170747396106,-47.78206851422325,14.093882933877676,False,99.89999999999964,11.347607085205663,2.036441124152655,-274.98741859128535,-52.26161552232923,11.528888888889115,79.82600000003711,-4.537760649247417,1.3942592448011402,-23.35571111732429,-4.479547008105982
13285410.0,0.2999,2.3576,10.1279,-0.0262,-0.044,9.8065,0.1394,0.2826,-0.2412,312.96,-84.38,-140.94,52.202652,-2.201821,7.17,3,76.81,23 / 23,15.648332580475673,0.7236349364808252,-0.1364561500069728,-250.0550224582089,-47.71377767343138,14.081245318876936,False,100.0,11.37508590819304,1.9023120219246308,-273.849361025302,-52.07258414756954,11.533055555555555,80.506,-4.273246672282633,1.1786770854438056,-23.79433856709312,-4.358806474138163
13285509.0,1.6589,1.5682,10.2904,-0.0233,-0.0016,9.8066,0.097,0.1434,-0.1538,311.5,-84.38,-142.08,52.202652,-2.201821,7.17,3,76.81,23 / 23,15.480782649554826,0.8436213147902953,-0.0966086500069083,-248.5141312543199,-47.63619848899334,14.06970861127623,False,100.09900000000016,11.549272251445684,1.9410863581182516,-272.7091908972842,-51.874434788342555,11.711255555558438,80.45946999999926,-3.9315103981091415,1.0974650433279562,-24.19505964296431,-4.238236299349218
13285610.0,-0.645,-3.966,9.5729,-0.0171,-0.0578,9.8064,-0.0132,0.3422,-0.3416,309.95,-84.46,-143.77,52.202652,-2.201821,7.17,3,76.81,23 / 23,15.521545375584186,0.7178932792972558,-0.08398365000683727,-246.94851368904156,-47.55734200199147,14.060588700125484,False,100.20000000000073,11.354926206870788,2.012807369406989,-271.5664311771893,-51.67228241104931,11.531944444447355,79.94800000000859,-4.166619168713398,1.2949140901097334,-24.617917488147754,-4.114940409057837
13285709.0,0.0888,-1.5345,10.8983,-0.008,-0.0144,9.8066,0.0217,0.1935,-0.1116,311.04,-84.53,-142.5,52.202652,-2.201821,7.17,3,76.81,23 / 23,15.625745701726363,0.43481035851432154,-0.04151760000676848,-245.4067227807122,-47.500283171919705,14.0543763882498,False,100.29900000000089,11.441079161637905,1.9799900089044713,-270.43975418681293,-51.47413305182232,11.611144444448634,80.18164000001237,-4.1846665400884575,1.5451796503901498,-25.033031406100747,-3.973849879902616
13285810.0,1.6592,-0.3903,11.4569,-0.0061,-0.0138,9.8066,0.1327,0.2379,-0.1907,309.86,-84.53,-143.92,52.202652,-2.201821,7.17,3,76.81,23 / 23,15.668329826687803,0.35120160934983596,0.09694834999151586,-243.82637196654684,-47.46058956754305,14.057175641123996,False,100.39999999999964,11.487205535009018,1.8555836780986321,-269.2835013291523,-51.29421966079774,11.636111111104563,80.8239999999349,-4.181124291678785,1.504382068748796,-25.45712936260543,-3.8336300932546834
13285909.0,1.2573,3.8611,8.7508,0.1196,0.0109,9.8059,-0.3223,0.0526,-0.1278,304.48,-84.24,-148.52,52.202652,-2.201821,7.17,3,76.81,23 / 23,15.532727446273851,0.47062901443433103,0.12637114999156346,-242.28191963153276,-47.41990895166567,14.068229956373177,False,100.4989999999998,11.329633107854168,2.0705781168118227,-268.17031747644455,-51.0850620033843,11.517311111111285,79.64293000000174,-4.2030943384196835,1.5999491023774917,-25.888397844911793,-3.665153051718633
13286010.0,3.2495,3.0009,13.0501,-0.0598,-0.0846,9.806,0.4192,0.4447,-0.4908,310.34,-84.32,-145.69,52.202652,-2.201821,7.17,3,76.81,23 / 23,15.315898859155974,0.7643267754197958,0.2368449499921843,-240.7240640030998,-47.35754368427769,14.08657236942246,False,100.60000000000036,11.359499573344882,1.836175343113411,-267.021015629036,-50.90503741671817,11.50694444444226,80.81799999998721,-3.9563992858110915,1.0718485676936151,-26.296951625936202,-3.5474937324404863
13286110.0,0.1763,-0.0364,10.6325,0.0035,0.0166,9.8065,0.0831,0.0633,-0.0863,305.25,-84.41,-150.46,52.202652,-2.201821,7.17,3,76.81,23 / 23,15.230703602482931,0.900675278434961,0.4403099499929246,-239.19673388001232,-47.274293581584644,14.120430114421838,False,100.70000000000073,11.217897321202823,1.954810341639062,-265.9034022108846,-50.70488654951904,11.386944444442879,80.1149999999917,-4.012806281280108,1.054135063204101,-26.706668330872304,-3.4305929679343947
13286210.0,-3.213,-6.4323,7.5226,-0.0881,-0.0932,9.8058,0.2858,0.7497,-0.4776,302.46,-84.39,-153.02,52.202652,-2.201821,7.17,3,76.81,23 / 23,15.34622625840606,0.5023640580940748,0.3673999499939856,-237.66788738699012,-47.204141614759216,14.160815609420595,False,100.79999999999927,11.167643029839223,1.9918745646695766,-264.7926035087074,-50.50473568161622,11.343888888881725,79.8870000000083,-4.178583228566838,1.4895105065755017,-27.124716121717256,-3.300594066857002
13286310.0,-0.0097,-1.0072,9.9361,-0.0392,-0.0453,9.8064,0.1649,0.4327,-0.4399,307.42,-84.54,-148.55,52.202652,-2.201821,7.17,3,76.81,24 / 24,15.493116641523278,0.06843878055263064,0.2596699499935937,-236.12592024198804,-47.17560147282678,14.192169104420088,False,100.89999999999964,10.981460288408222,1.9136092552285686,-263.7022489543958,-50.30458481371037,11.146944444446794,80.11500000000147,-4.511656353115056,1.845170474675938,-27.576328712407786,-3.128983340883593
13286410.0,0.1878,1.312,9.8915,-0.016,-0.0957,9.8061,-0.0319,-0.4418,0.2802,303.25,-84.63,-152.77,52.202652,-2.201821,7.17,3,76.81,24 / 24,15.404476665200159,-0.012986680663955197,0.2703849499936328,-234.58104057664625,-47.17282886783234,14.218671849419547,False,101.0,11.024780680426723,1.9158055612430145,-262.59826496820426,-50.11555343895069,11.19,80.142,-4.379695984773436,1.9287922419069696,-28.017224391558017,-2.9427245711183545
13286510.0,0.7159,4.3657,9.4799,-0.0123,-0.038,9.8065,-0.0741,-0.5334,0.2238,305.75,-84.58,-147.61,52.202652,-2.201821,7.17,3,76.81,24 / 24,15.121243363335543,0.09198134868069575,0.2582899499935889,-233.0547545752139,-47.168879134431485,14.245105594419003,False,101.10000000000036,10.84142124571239,1.901686455782575,-261.52153984585436,-49.9265220627626,11.006944444444647,80.05100000000084,-4.279822117623153,1.8097051071018793,-28.466785270640457,-2.7576429283311157
13286609.0,-1.94,-3.9832,9.4127,-0.0194,-0.0648,9.8064,-0.0415,-0.5838,0.4592,309.31,-84.49,-144.39,52.202652,-2.201821,7.17,3,76.81,24 / 24,14.976908358895406,-0.04249516938178259,0.22261529999353127,-231.56489606496106,-47.16642956855618,14.268910404293404,False,101.19900000000052,10.853765394031875,1.8949606271113104,-260.44883540588273,-49.73938100173728,11.017944444444824,80.09654000000157,-4.123142964863531,1.937455796493093,-28.88393934092167,-2.572951433181096
13286709.0,0.8745,1.3538,8.8615,0.01,-0.0608,9.8064,-0.1222,-0.2164,0.2456,307.05,-84.47,-146.28,52.202652,-2.201821,7.17,3,76.81,24 / 24,14.958624141327395,-0.25831955676186097,0.15566029999328768,-230.06811943994447,-47.18147030486342,14.287824184292814,False,101.29900000000089,10.83504937528218,1.9163067455324083,-259.3720421363463,-49.53934132876177,11.00320555555477,79.9702799999933,-4.1235747660452144,2.174626302294269,-29.303922696401827,-2.3578710238983547
13286810.0,-1.8557,-4.8348,9.1505,-0.0605,-0.0541,9.8063,-0.2342,-0.5348,0.346,303.23,-84.47,-149.94,52.202652,-2.201821,7.17,3,76.81,24 / 24,15.004445858979297,-0.4895507432926546,0.07479464999428966,-228.55498440494773,-47.219237755015705,14.299462159267042,False,101.39999999999964,10.869458240736432,1.9218605569323273,-258.27092033082977,-49.34830844460559,11.038055555549871,79.9729999999965,-4.1349876182428655,2.411411300224982,-29.715935925882036,-2.129070689589888
13286910.0,-0.4545,2.3356,11.1493,-0.0276,-0.0795,9.8062,-0.1768,-0.0131,0.0996,304.54,-84.42,-146.19,52.202652,-2.201821,7.17,3,76.81,24 / 24,14.970465182160714,-0.7484208982910572,0.10911964999441456,-227.0562388528853,-47.28113633709511,14.308657874266512,False,101.5,10.764749438613652,1.9157493986518612,-257.2010099244842,-49.159277069845906,10.93388888888889,79.90899999999999,-4.205715743547062,2.6641702969429186,-30.14477107159891,-1.8781407327507935
13287010.0,-1.2916,0.082,9.89,0.0035,-0.0218,9.8065,-0.063,-0.2882,0.211,305.05,-84.56,-148.57,52.202652,-2.201821,7.17,3,76.81,24 / 24,14.74315280549479,-0.846500467717867,0.18041964999467405,-225.57055795349712,-47.36088240539585,14.323134839266018,False,101.60000000000036,10.860150330887485,2.006144705802388,-256.1174700861811,-48.959126201939455,11.04388888888758,79.534000000003,-3.883002474607304,2.852645173520255,-30.546912132683957,-1.5982437965436063
13287110.0,0.7444,1.8595,8.9999,0.0183,-0.0413,9.8065,0.0044,0.1702,-0.0146,306.92,-84.13,-148.6,52.202652,-2.201821,7.17,3,76.81,24 / 24,14.570999614014227,-0.9048188557806438,0.14424964999454257,-224.10485033251632,-47.44844837157109,14.339368304265538,False,101.70000000000073,10.795131975927347,1.9618079708021898,-255.04074496377714,-48.75897533403259,10.971944444445212,79.69999999999014,-3.775867638086879,2.8666268265828334,-30.935894631260823,-1.310526962461502
13287210.0,-0.0222,-0.945,10.4573,-0.0085,-0.0038,9.8066,0.0584,-0.1085,0.048,306.46,-83.94,-149.0,52.202652,-2.201821,7.17,3,76.81,24 / 24,14.475479392158181,-0.9406183392971639,0.13644464999465622,-222.65252638222884,-47.54072023132364,14.353403019264793,False,101.79999999999927,10.806485037615037,2.0167180217821383,-253.96401984141988,-48.54770497228923,10.99305555555781,79.42899999995704,-3.6689943545431447,2.957336361079302,-31.31149345919104,-1.006984740965592
13287310.0,-0.6849,-1.4325,9.5629,0.0013,-0.0089,9.8066,-0.0932,0.2474,-0.1299,304.81,-83.97,-148.01,52.202652,-2.201821,7.17,3,76.81,22 / 23,14.472914214854692,-1.1324934710705021,0.15678964999473033,-221.20510670187292,-47.6443758218424,14.368064734264316,False,101.89999999999964,10.823269107935268,2.2516373635751994,-252.8872947190434,-48.3253151195326,11.054999999992633,78.2480000000705,-3.649645106919424,3.3841308346457017,-31.68218801717049,-0.6809392976901947
13287409.0,0.2045,-1.2513,9.6036,-0.0178,0.0153,9.8065,-0.0689,0.082,-0.0252,309.05,-84.04,-147.01,52.202652,-2.201821,7.17,3,76.81,22 / 23,14.48585093465931,-1.3230804021045102,0.13467304999469468,-219.77164782696966,-47.765926728564764,14.382492137913815,False,101.9989999999998,10.739377652764242,1.985206732211883,-251.8280834167634,-48.127165760320025,10.921350000000196,79.52707999999812,-3.7464732818950672,3.308287134316393,-32.05643558979375,-0.36123903175526095
13287510.0,0.1796,-0.6536,11.1298,-0.0225,0.0165,9.8065,-0.0291,0.1715,-0.1903,308.89,-84.19,-147.06,52.202652,-2.201821,7.17,3,76.81,22 / 23,14.487467732180129,-1.4585686080616782,0.19123809999501257,-218.30849523428606,-47.906400003578945,14.398950650988388,False,102.10000000000036,10.620347215483813,2.0426575881899374,-250.76110333823522,-47.92501338373405,10.815000000001147,79.11299999999459,-3.867120516696316,3.501226196251616,-32.45260810394916,-0.018613380155102277
13287609.0,-0.6038,2.6916,9.8015,0.0022,0.0266,9.8065,-0.0514,0.2943,-0.0761,308.4,-84.07,-147.38,52.202652,-2.201821,7.17,3,76.81,22 / 23,14.312096237264033,-1.5013508531620832,0.25647909999511814,-216.88291681779626,-48.052916016909755,14.421112652387935,False,102.19900000000052,10.670926563055078,2.109423952201599,-249.70189203587816,-47.71585572630539,10.877425000002155,78.8179799999898,-3.641169674208955,3.610774805363682,-32.8189752180819,0.33706029060436293
13287710.0,-0.2198,-1.2057,10.1784,0.016,0.0284,9.8065,0.2233,0.3679,-0.0462,305.28,-84.01,-149.93,52.202652,-2.201821,7.17,3,76.81,22 / 23,14.148013650285627,-1.578156326303125,0.27499239999488884,-215.44568126849282,-48.208431129470824,14.447951963137097,False,102.29999999999927,10.660610973789149,2.107570929770118,-248.62809724138924,-47.49135316923426,10.86694444443728,78.81700000002415,-3.487402676496478,3.6857272560732435,-33.18241597289642,0.7170779602365656
13287810.0,1.5925,5.0865,9.6509,0.0382,0.0663,9.8063,0.1357,0.4569,-0.5741,304.15,-83.9,-150.65,52.202652,-2.201821,7.17,3,76.81,22 / 23,13.947453131000954,-1.5084466253770314,0.28579239999492817,-214.04090792942338,-48.36276127705539,14.47599120313669,False,102.39999999999964,10.490684481818024,1.9479320067610466,-247.58544569880627,-47.3023217944596,10.67000000000103,79.48099999997557,-3.45676864918293,3.456378632138078,-33.544537769382885,1.0604394825957897
13287910.0,-0.425,-4.5317,10.4603,0.0071,0.0815,9.8063,-0.0528,0.2746,-0.3288,303.54,-83.9,-148.84,52.202652,-2.201821,7.17,3,76.81,22 / 23,13.882596024638914,-1.5390221940908202,0.3106873999950188,-212.64940547163633,-48.51513471802934,14.505815193136296,False,102.5,10.493676842283879,2.0334925642173776,-246.53597944037372,-47.0910514334355,10.688888888888888,79.033,-3.3889191823550355,3.5725147583081975,-33.886573968737395,1.4240832845938343
13288010.0,1.7175,3.0804,12.6067,0.0003,0.0437,9.8065,0.1076,0.4385,-0.2482,307.4,-83.93,-145.34,52.202652,-2.201821,7.17,3,76.81,22 / 23,13.910657560243532,-1.6142412322249187,0.4833723999956471,-211.25974279238716,-48.672797889345695,14.545518183135973,False,102.60000000000036,10.429056296668543,2.10817095153122,-245.50014261377163,-46.87978107310376,10.639999999998237,78.57200000001825,-3.481601263574989,3.7224121837561386,-34.24039982138447,1.7930168162419378
13288110.0,2.7126,3.2301,11.1112,0.0999,0.0505,9.806,-0.4436,-0.4663,0.2187,297.34,-83.66,-152.16,52.202652,-2.201821,7.17,3,76.81,22 / 23,13.685873148867348,-1.355706029315844,0.6886023999963937,-209.8799162569266,-48.821295252423276,14.60411692313579,False,102.70000000000073,10.369017234673402,1.9077478959489236,-244.46430578716985,-46.6907496976234,10.543055555551804,79.57500000001427,-3.3168559141939458,3.2634539252647676,-34.58438953024324,2.1305455547998733
13288210.0,-1.7038,-3.6987,6.6626,-0.0651,-0.0467,9.8063,-0.3545,-0.5471,0.4172,299.16,-83.58,-152.5,52.202652,-2.201821,7.17,3,76.81,22 / 23,13.65824900675994,-1.4288483222287622,0.5966273999977322,-208.51271014916514,-48.96052296999848,14.66837841313456,False,102.79999999999927,10.28034708825236,1.81880833105919,-243.43528367659414,-46.51283781527808,10.440000000003346,79.96699999997169,-3.377901918507579,3.2476566532879523,-34.922573527428995,2.4476851547203964
13288309.0,-1.6038,0.4184,9.864,-0.0352,-0.0929,9.8061,-0.0198,-0.0308,0.3254,301.53,-83.37,-150.28,52.202652,-2.201821,7.17,3,76.81,22 / 23,13.648405957320163,-1.7483222868482946,0.4438357499974852,-207.161030728441,-49.117792915148044,14.719881339059407,False,102.89899999999943,10.344368993789804,1.973909057969986,-242.41655178705406,-46.314688456051094,10.531025000004815,79.19677999995923,-3.3040369635303595,3.7222313448182804,-35.255521058613056,2.80310445909695
13288409.0,-0.5178,0.3202,9.3778,-0.0244,-0.0628,9.8064,-0.0213,-0.0502,0.0214,306.27,-83.9,-149.12,52.202652,-2.201821,7.17,3,76.81,24 / 24,13.484185863287605,-1.9133162354953097,0.42526074999741775,-205.80440113740568,-49.30087484126589,14.76333616405931,False,102.9989999999998,10.234842120788112,1.9022530739139565,-241.39427624532698,-46.12554588566028,10.410119444444623,79.47114999999957,-3.2493437424994926,3.815569309409266,-35.5898751079213,3.1753289556056075
13288510.0,0.8289,2.9095,9.8582,0.0078,0.0149,9.8066,-0.0169,-0.3284,0.0081,301.01,-83.91,-151.41,52.202652,-2.201821,7.17,3,76.81,24 / 24,13.274779773111069,-1.9107306303524643,0.4062070999973108,-204.45307337275995,-49.493989207992286,14.80532529048428,False,103.10000000000036,10.100498518181237,1.8241010957920687,-240.37547620864527,-45.94574368885017,10.263888888888616,79.76300000000356,-3.1742812549298325,3.7348317261445327,-35.92240283588532,3.548245519142114
13288609.0,-1.8524,-2.1189,10.4879,-0.0105,-0.0233,9.8066,-0.0494,-0.4767,0.3442,300.8,-83.87,-151.44,52.202652,-2.201821,7.17,3,76.81,24 / 24,13.145173863507354,-2.032950389156311,0.4424806999973695,-203.1452856677452,-49.68920141845829,14.847335336584084,False,103.19900000000052,10.091964142823448,1.787469111098327,-239.3837305943344,-45.769610925326255,10.249038888888375,79.95605000000667,-3.053209720683906,3.820419500254638,-36.23844492658918,3.9195904931320342
13288710.0,2.555,4.1574,11.0762,-0.0252,-0.074,9.8062,-0.0243,-0.1229,0.1477,304.9,-83.8,-150.04,52.202652,-2.201821,7.17,3,76.81,24 / 24,13.015604546699153,-2.0407084206047053,0.5409960999961488,-201.82416635804614,-49.89492118834867,14.897000914983142,False,103.29999999999927,9.834740863743255,1.7079481944517978,-238.39920857894367,-45.589919923450594,9.981944444441321,80.14799999997864,-3.1808636829558985,3.748656615056503,-36.57504222089753,4.305001264898074
13288810.0,0.9586,-2.3876,9.3295,0.0231,-0.0415,9.8065,-0.0827,-0.3085,0.288,297.26,-83.85,-154.8,52.202652,-2.201821,7.17,3,76.81,24 / 24,12.974978293868832,-1.9287527621692062,0.580616099996293,-200.52463721601302,-50.093394247488085,14.953081524982968,False,103.39999999999964,9.732314316640284,1.793062510162529,-237.43151891203928,-45.412008041104066,9.896111111099803,79.56100000004656,-3.2426639772285473,3.7218152723317353,-36.90688169602626,4.681386206384019
13288910.0,-3.5702,3.2196,8.3251,-0.0195,-0.0357,9.8066,-0.1862,-0.103,0.0126,299.2,-83.57,-154.75,52.202652,-2.201821,7.17,3,76.81,24 / 24,12.809040846006646,-2.1214301252754697,0.48268109999593684,-199.23543625901456,-50.29590339186105,15.006246384982774,False,103.5,9.553600578233027,1.6134695202637601,-236.47745867708338,-45.25633514361904,9.68888888888889,80.414,-3.2554402677736185,3.7348996455392296,-37.242022418068814,5.039568248242013
13289010.0,-0.6395,-2.9492,10.3647,-0.0043,0.0118,9.8066,0.0381,-0.4599,0.2541,296.56,-83.84,-155.18,52.202652,-2.201821,7.17,3,76.81,24 / 24,12.633270033099555,-2.396960827245408,0.4365060999957689,-197.96332071505464,-50.52182293948792,15.052205744982526,False,103.60000000000036,9.233253211488174,1.7463104032451897,-235.56428673783282,-45.06730376884621,9.396944444442536,79.29000000001575,-3.4000168216113806,4.143271230490598,-37.60096602277818,5.45451917064171
13289110.0,0.2262,2.938,10.5306,0.0084,-0.0723,9.8063,-0.245,-0.3028,0.3908,296.56,-83.7,-154.73,52.202652,-2.201821,7.17,3,76.81,24 / 24,12.561159629160645,-2.520916636757657,0.500606099996002,-196.70359923193703,-50.76771681268897,15.099061354982284,False,103.70000000000073,9.15513818389956,1.5886083193211025,-234.65111479861008,-44.91163087134946,9.291944444437462,80.15599999998102,-3.4060214452610857,4.10952495607876,-37.94751556667305,5.856085941339508
13289210.0,0.0701,2.8709,10.5124,-0.0438,-0.1149,9.8058,-0.0607,-0.0335,0.1536,291.99,-83.77,-159.29,52.202652,-2.201821,7.17,3,76.81,24 / 24,12.243951345444735,-2.4956950582364947,0.5720910999949618,-195.46334368322482,-51.01854739743502,15.152696214981052,False,103.79999999999927,8.951473620612203,1.6374125990097137,-233.7583870072639,-44.74483848143085,9.099999999995159,79.63400000000483,-3.2924777248325316,4.133107657246208,-38.295043324039085,6.273708916004175
13289310.0,2.3123,2.0481,12.1638,-0.0205,0.0327,9.8065,-0.2989,-0.0162,-0.0836,293.42,-83.75,-157.98,52.202652,-2.201821,7.17,3,76.81,23 / 24,12.00799730741756,-2.4011377140363814,0.725236099995519,-194.2507462505773,-51.26338903604955,15.217562574980812,False,103.89999999999964,8.824311305431566,1.5929917307974808,-232.88610336387018,-44.589165583934495,8.966944444433484,79.766999999993,-3.1836860019859934,3.9941294448338622,-38.63535711329288,6.674223452115058
13289409.0,1.255,0.8362,6.9133,-0.1139,0.0688,9.8056,-0.4564,-0.0084,0.0101,293.51,-83.45,-157.45,52.202652,-2.201821,7.17,3,76.81,23 / 24,11.890265777333536,-2.289739775053109,0.6986941999954761,-193.0677822278802,-51.495587471759855,15.28804712483048,False,103.9989999999998,8.625183335166723,1.5767457445554989,-232.0360356945074,-44.43504941612488,8.768119444444737,79.64028000000019,-3.265082442166813,3.866485519608608,-38.9682534666272,7.0605380556349715
13289509.0,-0.1571,-1.9656,10.8294,-0.0831,-0.0333,9.8062,0.0391,0.2081,-0.0775,295.86,-84.17,-156.54,52.202652,-2.201821,7.17,3,76.81,23 / 24,11.902088297427662,-2.372671626479264,0.6051641999951358,-191.87816452413782,-51.72870804183732,15.35324004483025,False,104.09900000000016,8.372589245961786,1.3511849146206616,-231.20436775822225,-44.3013931143388,8.4809361111065,80.8329400000193,-3.5294990514658764,3.7238565410999254,-39.32620323408443,7.4273149274985215
13289610.0,1.1877,2.9938,9.0283,0.0254,0.0058,9.8066,0.0267,0.2264,-0.0608,291.18,-84.14,-158.07,52.202652,-2.201821,7.17,3,76.81,23 / 24,11.810416550126872,-2.421982562913455,0.6175063999952052,-190.68068302932957,-51.97083807840301,15.414984910130109,False,104.20000000000073,8.12448071823675,1.5652636853423847,-230.39191732091135,-44.13326638388267,8.273888888887292,79.09500000001997,-3.685935831890122,3.9872462482558397,-39.711234291581775,7.837571694520342
13289710.0,-1.5754,-1.5328,7.4939,0.0644,0.0313,9.8063,0.082,-0.1617,0.1818,287.39,-83.91,-161.62,52.202652,-2.201821,7.17,3,76.81,23 / 24,11.692378849801312,-2.522939055994458,0.46295139999745427,-189.50554325935028,-52.21808415934481,15.469007800128955,False,104.29999999999927,8.095931732393465,1.4794557730173257,-229.58096612119482,-43.98871298022969,8.22999999999331,79.64400000001739,-3.5964471174078465,4.0023948290117835,-40.075422861844544,8.22937117911512
13289810.0,-4.6988,-1.2252,9.4242,-0.0242,-0.0123,9.8065,0.1478,0.0423,-0.1403,286.46,-83.9,-162.24,52.202652,-2.201821,7.17,3,76.81,23 / 24,11.689288767295624,-2.9780235619358386,0.3281913999969641,-188.33645987849118,-52.49313229024233,15.508564940128819,False,104.39999999999964,7.926829682860029,1.380317061807074,-228.79727378524996,-43.855279068292056,8.046111111101228,80.12200000001687,-3.762459084435595,4.3583406237429125,-40.46081390675877,8.637853221950273
13289909.0,0.2553,-3.6437,9.7218,0.0149,0.0279,9.8065,-0.0622,-0.3922,0.3378,288.54,-84.0,-163.14,52.202652,-2.201821,7.17,3,76.81,23 / 24,11.811024041086393,-3.376364303316426,0.3050600499969268,-187.1731943944744,-52.807674489572825,15.539910886903566,False,104.4989999999998,7.757279983160978,1.308168987166495,-228.0349115103891,-43.72317949548367,7.8668111111113745,80.42790999999954,-4.053744057925415,4.684533290482921,-40.8617171159147,9.084494994089155
13290010.0,0.183,1.8148,9.2739,-0.0372,-0.0303,9.8065,-0.1355,0.1379,-0.0788,287.59,-83.98,-163.85,52.202652,-2.201821,7.17,3,76.81,23 / 24,11.857409169422048,-3.500701828988111,0.2738712499967516,-185.977938517337,-53.154966329256155,15.569146917553411,False,104.60000000000036,7.410132889283358,1.063856254879087,-227.29803627311156,-43.61065022927808,7.486111111109979,81.83000000000047,-4.4472762801386905,4.5645580838671975,-41.320097755774555,9.544316099978076
13290110.0,1.4274,5.3397,10.0669,-0.0032,0.0425,9.8065,-0.1111,-0.615,0.3512,282.36,-83.83,-168.63,52.202652,-2.201821,7.17,3,76.81,23 / 24,11.487250279610855,-3.453376264254828,0.2602462499967021,-184.81070554488113,-53.50267023391957,15.595852792553181,False,104.70000000000073,7.349020167814999,1.0516790421098785,-226.5620469489757,-43.51057479532445,7.423888888888676,81.85599999999714,-4.138230111795856,4.5050553063647065,-41.751341404094575,9.992095438595115
13290209.0,0.0358,-4.5422,9.4569,-0.0523,-0.0567,9.8063,-0.2436,-0.1183,0.0999,279.11,-83.71,-171.9,52.202652,-2.201821,7.17,3,76.81,23 / 24,11.434529077025182,-3.478911458469609,0.25581599999669496,-183.67607746672581,-53.84581847619498,15.621397873927895,False,104.79900000000089,7.3418620607892455,1.0608836469538347,-225.8401640868763,-43.400491817509284,7.418113888888583,81.77778999999586,-4.092667016235937,4.539795105423444,-42.1640866201505,10.445326658685694
13290310.0,-2.1943,-1.2232,6.8507,-0.0791,-0.0494,9.8061,0.0666,-0.7606,0.5398,276.94,-83.63,-173.35,52.202652,-2.201821,7.17,3,76.81,23 / 23,11.682335078441916,-3.751993943945857,0.08887814999876345,-182.5086758268892,-54.210979199012435,15.63880492850245,False,104.89999999999964,7.2920466341937855,0.8473300598234447,-225.10369773259728,-43.31042392742386,7.341111111101941,83.37200000015494,-4.390288444248131,4.5993240037693015,-42.59502190570808,10.900555271588573
13290410.0,-0.6106,3.3148,6.8474,0.0111,-0.077,9.8063,-0.2047,-0.4165,0.2443,277.89,-83.75,-170.19,52.202652,-2.201821,7.17,3,76.81,23 / 23,11.536071134460705,-3.9959653747433057,-0.20688185000231243,-181.34775551623986,-54.5983771649483,15.632904743502252,False,105.0,7.1573765012001,0.47401226055347856,-224.38815255642774,-43.27706544944188,7.173055555555555,86.211,-4.378694633260605,4.469977635296784,-43.040397040187884,11.321311715506425
13290510.0,0.7959,8.7472,8.126,-0.0218,-0.0606,9.8064,0.0332,-0.7579,0.3825,276.47,-83.99,-171.98,52.202652,-2.201821,7.17,3,76.81,23 / 23,10.91275610504621,-4.034909029116937,-0.43887685000315635,-180.22531415426042,-54.99992088514278,15.600616808501861,False,105.10000000000036,6.961345363349447,0.4039486513972212,-223.69986624402037,-43.23258747903238,6.973055555550498,86.67900000003887,-3.9514107416967628,4.438857680514158,-43.47455208975995,11.767333406110396
13290609.0,-3.5566,-6.8587,9.8834,-0.0181,-0.1129,9.8059,0.1087,-0.8277,0.6118,275.68,-84.07,-175.55,52.202652,-2.201821,7.17,3,76.81,23 / 23,10.785066736203035,-4.275296442209573,-0.5182699000032847,-179.15127192361683,-55.411276055974106,15.553238044376466,False,105.19900000000052,6.696248316691722,0.14099639242995543,-223.04544906994033,-43.22157918083071,6.697780555546047,88.79463000007308,-4.088818419511313,4.4162928346395285,-43.8941771463235,12.189696875143397
13290709.0,1.0366,5.1331,10.3105,0.0551,-0.0832,9.8061,-0.1517,0.2017,-0.0741,279.9,-83.84,-171.32,52.202652,-2.201821,7.17,3,76.81,23 / 23,10.838669298334741,-4.510944719065822,-0.489239900003179,-178.07008512188602,-55.850588114039475,15.502862554375959,False,105.29900000000089,6.755270672275859,-0.26151890722101334,-222.3641819149909,-43.26550117730755,6.7604500000034635,92.21665000017995,-4.083398626058882,4.249425811844809,-44.29409679310487,12.585086936731926
13290810.0,-0.9365,-3.7244,8.9832,0.0313,-0.0023,9.8065,-0.0627,-0.4102,0.289,278.14,-83.85,-173.12,52.202652,-2.201821,7.17,3,76.81,23 / 23,10.742800886420866,-4.60886350014889,-0.505379700002979,-176.98022087756937,-56.31113842910411,15.45263426457627,False,105.39999999999964,6.663681066366548,-0.42064445786883187,-221.68952503451808,-43.310423927430534,6.676944444444231,93.6120000001666,-4.079119820054318,4.188219042280058,-44.70930415694872,13.000714501673578
13290909.0,-2.5051,-4.1487,8.5272,0.0039,-0.0182,9.8065,0.2609,0.4726,-0.2323,278.41,-83.81,-172.56,52.202652,-2.201821,7.17,3,76.81,23 / 23,11.07686652584223,-4.952153560575171,-0.6094732500031472,-175.9001473406606,-56.78440877361072,15.397449043550878,False,105.4989999999998,6.628314511196222,-0.7709630943435533,-221.03510786048568,-43.39849030883595,6.673094444444451,96.63446999999556,-4.448552014646007,4.181190466231618,-45.134960519825086,13.385918464774768
13291009.0,-1.3876,0.1869,10.9792,0.0185,0.0402,9.8065,0.1061,0.1826,-0.1861,276.33,-83.69,-174.39,52.202652,-2.201821,7.17,3,76.81,23 / 23,11.221554803032896,-5.2945118639936,-0.6148182500031666,-174.7852262742128,-57.296742044841025,15.336234468550341,False,105.59900000000016,6.526593652144048,-1.2551968665795896,-220.38082698076667,-43.531479441762514,6.646380555555124,100.88636000006825,-4.694961150888848,4.03931499741401,-45.59560070655388,13.765262603078511
13291110.0,-1.7021,-1.5385,9.6411,0.0256,0.0211,9.8065,0.0007,-0.1767,0.0803,273.96,-83.56,-173.3,52.202652,-2.201821,7.17,3,76.81,23 / 23,11.255241536058518,-5.576513967850388,-0.5639647500028808,-173.65014805908228,-57.845728849352234,15.2767059270497,False,105.70000000000073,6.420846668084878,-1.7381291542456716,-219.73370155276163,-43.72184515637222,6.651944444438987,105.14700000014163,-4.83439486797364,3.838384813604716,-46.08355349367935,14.123883692980016
13291210.0,-0.2033,-1.2656,9.4649,-0.0012,-0.0378,9.8066,-0.0922,0.1251,-0.0626,275.42,-83.58,-174.77,52.202652,-2.201821,7.17,3,76.81,23 / 23,11.36852864747182,-5.804069653561376,-0.5893297500025116,-172.51895954992222,-58.41475803041454,15.21904120205027,False,105.79999999999927,6.146229928314995,-2.121117447689874,-219.1271918319425,-43.94423500912844,6.501944444443059,109.04000000020392,-5.222298719156825,3.682952205871502,-46.60823228202028,14.470523021286098
13291310.0,0.5092,2.1751,8.8237,-0.0205,0.0278,9.8066,0.081,-0.2041,0.0227,274.71,-83.44,-172.81,52.202652,-2.201821,7.17,3,76.81,23 / 23,11.303860227591535,-5.906983459124742,-0.6555647500027525,-171.38534010616493,-59.00031068605097,15.156796477049781,False,105.89999999999964,5.875086026460805,-2.695407900401525,-218.54794097500746,-44.23334181927097,6.4638888888866,114.64500000020436,-5.4287742011307305,3.2115755587232173,-47.16260086884253,14.766968866780005
13291409.0,-1.6483,1.9378,9.8447,0.015,-0.033,9.8066,0.185,0.0348,-0.0135,275.75,-83.66,-172.13,52.202652,-2.201821,7.17,3,76.81,23 / 23,11.074464242346037,-6.064441238150076,-0.702337300002828,-170.27761304490124,-59.59289620856703,15.089580325574396,False,105.9989999999998,5.651842266016129,-3.0498658710571966,-217.99472233303692,-44.5415741562907,6.422363888888949,118.35254999999455,-5.422621976329908,3.0145753670928794,-47.717109288135674,15.051322052276333
13291510.0,-4.7913,-2.4714,7.7316,0.0744,0.0351,9.8063,0.059,-0.2247,0.2425,273.94,-83.6,-173.83,52.202652,-2.201821,7.17,3,76.81,23 / 23,11.056503049432521,-6.509819476946287,-0.805205800003406,-169.15999919666015,-60.22789637468297,15.013449399023653,False,106.10000000000036,5.323654823673459,-3.476142943820622,-217.46440113669183,-44.9005113782304,6.35805555555357,123.14300000012283,-5.732848225759063,3.033676533125665,-48.30440194003168,15.327384996452572
13291610.0,-0.6737,-2.4903,10.0502,0.0033,-0.0507,9.8065,0.1247,0.1377,-0.1215,271.24,-83.77,-174.28,52.202652,-2.201821,7.17,3,76.81,23 / 23,11.271922136573417,-6.915538725875238,-0.896780800003739,-168.0435779373558,-60.89916428482649,14.928350069022986,False,106.20000000000073,4.794279569155329,-4.007929110951915,-217.00100045110108,-45.32305209960242,6.248888888886524,129.89500000020396,-6.477642567418089,2.907609614923323,-48.957422513745286,15.57611218522407
13291710.0,-2.3747,-1.8114,8.7205,0.0352,0.0471,9.8064,-0.1404,-0.3915,0.1362,274.09,-83.71,-174.04,52.202652,-2.201821,7.17,3,76.81,23 / 23,11.462235963181234,-7.198637021218132,-0.938910800003126,-166.9068700323846,-61.60487307217089,14.836565489023979,False,106.29999999999927,4.334268030384434,-4.410737175455336,-216.57848806129255,-45.75671231480893,6.183888888892456,135.50100000018642,-7.1279679327968,2.787899845762796,-49.67161802890794,15.84816075736196
13291810.0,-1.3643,2.7782,11.3754,0.0395,-0.0299,9.8065,0.1921,0.2394,0.0012,274.44,-83.94,-174.05,52.202652,-2.201821,7.17,3,76.81,23 / 23,11.381617369102173,-7.502182094784444,-0.9147808000030382,-165.7646773657663,-62.33991402797369,14.743880909023334,False,106.39999999999964,3.985223367025131,-4.856008723001705,-216.19004925135252,-46.25708948386653,6.281944444434137,140.62500000015515,-7.396394002077042,2.646173371782739,-50.42537188558623,16.08282454410716
13291910.0,-2.0645,0.679,8.7948,0.048,0.0631,9.8063,0.0091,-0.1585,0.3209,271.39,-83.63,-176.42,52.202652,-2.201821,7.17,3,76.81,23 / 23,11.185554802370346,-7.783570536549844,-0.8869358000029368,-164.63631875718855,-63.104201659543186,14.653795079022707,False,106.5,3.627023248250367,-4.895919562220949,-215.83568402120358,-46.73522766803917,6.093055555555555,143.468,-7.558531554119979,2.8876509743288947,-51.19936526401503,16.368973991504014
13292010.0,2.2958,8.3456,12.9959,0.0173,-0.0288,9.8066,0.3273,0.4164,-0.2813,275.26,-83.44,-172.26,52.202652,-2.201821,7.17,3,76.81,23 / 23,10.727399564324761,-7.854998706978217,-0.7780658000025407,-163.5406710388498,-63.88613012172243,14.57054499902213,False,106.60000000000036,3.038000990518138,-5.157913940363959,-215.54946595072613,-47.25784382336443,5.986111111113203,149.50200000006896,-7.689398573806623,2.6970847666142577,-52.00879491187632,16.628286298358
13292110.0,-0.996,1.0003,9.1503,0.0606,0.0187,9.8064,-0.2391,-0.9151,0.726,277.54,-83.12,-172.24,52.202652,-2.201821,7.17,3,76.81,23 / 23,10.243062565642006,-7.865835640831643,-0.6514208000020798,-162.49214793234765,-64.67217183911578,14.49907066902164,False,106.70000000000073,2.742106149628049,-5.4501752865645985,-215.28369202808327,-47.8026989642484,6.101111111110485,153.29200000016388,-7.500956416013957,2.415660354267045,-52.79154409573562,16.869472874867377
13292209.0,-1.0672,-9.0406,7.9683,-0.032,-0.1372,9.8056,-0.1308,-0.6915,0.2665,272.59,-83.15,-174.42,52.202652,-2.201821,7.17,3,76.81,23 / 23,10.61198626960189,-8.101009365365426,-0.7749084500022794,-161.4598230150014,-65.46253066692381,14.42846737114631,False,106.79900000000089,2.303466997651997,-5.630947412872571,-215.06780182635697,-48.35311385052321,6.084061111110208,157.751950000236,-8.308519271949892,2.4700619524928555,-53.607978811355565,17.109416816400604
13292310.0,-0.228,3.6805,10.3314,-0.0462,-0.0792,9.8062,-0.0197,-0.5225,0.1275,279.72,-83.25,-168.0,52.202652,-2.201821,7.17,3,76.81,22 / 23,10.857602057168295,-8.277131870494202,-0.8412452500014573,-160.37560880451295,-66.28962679932448,14.346851609297133,False,106.89999999999964,2.0159876019893472,-5.660613011647871,-214.87480907023257,-48.92576772328291,6.008888888889056,160.39700000010953,-8.841614455178949,2.616518858846331,-54.49920026571962,17.36385907604157
13292410.0,-1.21,-7.5238,11.4664,-0.0082,-0.0561,9.8064,0.0101,-0.7876,0.6176,276.11,-83.48,-171.6,52.202652,-2.201821,7.17,3,76.81,22 / 23,11.015514968696857,-8.477395230124563,-0.7320202500010599,-159.28195295321572,-67.12735315435846,14.26818833429672,False,107.0,1.8174309140153493,-5.7306562343127645,-214.6976264551852,-49.49286184968393,6.0119444444444445,162.404,-9.198084054681509,2.746738995811798,-55.41567350196948,17.634491304674526
13292510.0,0.1296,4.5719,11.1677,-0.0037,-0.1062,9.806,-0.2644,-0.0228,0.0732,274.84,-83.59,-170.4,52.202652,-2.201821,7.17,3,76.81,22 / 23,11.134621872906068,-8.672815069837029,-0.5809802500005103,-158.17444611113154,-67.98486366935965,14.202538309296402,False,107.10000000000036,1.5231693213078419,-5.983047654078533,-214.5613321359,-50.093314452696184,6.173888888889182,165.7170000000444,-9.611452551598227,2.689767415758496,-56.386886024768444,17.89154921666347
13292610.0,-2.5214,-5.5032,8.4791,-0.0795,-0.046,9.8062,-0.4203,-0.7346,0.5724,277.77,-83.8,-170.39,52.202652,-2.201821,7.17,3,76.81,22 / 23,11.139960724536147,-8.929798211199747,-0.5793052500005041,-157.06071698125538,-68.8649943334147,14.14452403429614,False,107.20000000000073,1.270271838023758,-6.058259606315831,-214.43866724854874,-50.70488654954816,6.189999999999565,168.1580000000309,-9.869688886512389,2.8715386048839164,-57.37795026729336,18.160107783866536
13292710.0,0.6661,8.0428,12.3551,-0.1144,-0.1706,9.8045,0.0981,0.3011,-0.4361,281.18,-83.56,-164.22,52.202652,-2.201821,7.17,3,76.81,22 / 23,10.977850585011305,-9.100409740617877,-0.5182602500013924,-155.95482641579412,-69.76650473099247,14.089645759296843,False,107.29999999999927,1.1779817919045064,-6.064711810594649,-214.3228170771262,-51.305339152550495,6.178055555563195,169.00800000003818,-9.7998687931068,3.035697930023228,-58.36799066133207,18.46116557844197
13292810.0,-1.3225,2.6707,10.263,0.004,0.0274,9.8065,-0.2417,-0.4334,0.533,281.48,-83.26,-166.0,52.202652,-2.201821,7.17,3,76.81,22 / 23,10.41227103707053,-9.146162943180478,-0.3680202500008458,-154.88532033468613,-70.6788333651857,14.04533173429657,False,107.39999999999964,1.1029053095995358,-6.29212632255576,-214.2205963376892,-51.93915023566953,6.388055555561664,170.058000000037,-9.309365727470995,2.8540366206247176,-59.33527600300306,18.739683129516166
13292911.0,-0.2352,4.5011,9.5158,-0.0519,-0.0649,9.8062,0.0071,0.5359,-0.2974,283.96,-83.7,-164.28,52.202652,-2.201821,7.17,3,76.81,22 / 23,10.006633004434207,-9.2599320425885,-0.3596625000007988,-153.85416568058434,-71.60834116197225,14.008583755421279,False,107.5010000000002,1.0457555242013874,-6.415321814779318,-214.11742153799696,-52.590418920577456,6.499999999999999,170.74170000000123,-8.960877480232819,2.8446102278091825,-60.26325585741262,19.017922241394793
13293011.0,-1.5229,-0.4065,9.6195,-0.0359,0.0599,9.8063,-0.0935,-0.0812,-0.0329,284.85,-83.84,-163.57,52.202652,-2.201821,7.17,3,76.81,22 / 23,9.745724800323092,-9.412064410924678,-0.38356250000088565,-152.86654779034288,-72.5419409846513,13.97142250542106,False,107.60100000000057,0.9811993573656783,-6.427255174343696,-214.02215180877937,-53.22456358775493,6.50173888889243,171.319750000028,-8.764525442957414,2.9848092365809826,-61.15560401843649,19.317377396896376
13293110.0,-1.6513,-2.4962,10.2135,-0.0107,-0.0064,9.8066,-0.0383,0.3882,-0.1518,284.32,-84.2,-164.71,52.202652,-2.201821,7.17,3,76.81,22 / 23,9.805601715988173,-9.714766282479802,-0.372687350000868,-151.8987571277839,-73.48871910397635,13.933988137845914,False,107.70000000000073,0.8502102394339923,-6.619511722933948,-213.94119298314564,-53.885061451145056,6.673888888893699,172.68100000003218,-8.95539147655418,3.095254559545854,-62.04243585536173,19.603657652831295
13293210.0,-0.663,-1.3594,10.3614,-0.0275,0.028,9.8065,-0.1337,0.019,-0.0731,281.93,-84.22,-166.79,52.202652,-2.201821,7.17,3,76.81,22 / 23,9.928580017968775,-9.98916075657571,-0.3246073500015676,-150.91204804110043,-74.47391545591479,13.8991234028463,False,107.79999999999927,0.7626834615536628,-6.763243481808882,-213.8662311075511,-54.56335050466084,6.806111111108747,173.56600000001828,-9.165896556415113,3.2259172747668288,-62.95418306645067,19.910564951253953
13293310.0,-1.044,-0.9915,10.4253,-0.0367,-0.0242,9.8065,0.0913,0.2663,-0.1529,285.2,-84.08,-163.68,52.20276,-2.200474,12.29,2,81.42,23 / 24,9.984311576517605,-10.215746170220301,-0.2659373500013541,-149.91640346137248,-75.48416080225827,13.869596167846046,False,107.89999999999964,0.6965637820057282,-6.705026316874532,-213.798083947882,-55.2305200636417,6.74111111111384,174.06900000003395,-9.287747794511876,3.510719853345769,-63.88168048650951,20.253640738616575
13293410.0,-2.0632,-1.473,8.1031,0.0106,-0.0061,9.8066,-0.0768,0.0698,-0.1546,280.85,-83.9,-164.99,52.20276,-2.200474,12.29,2,81.42,23 / 24,10.034421992940857,-10.511343615716783,-0.32018235000155143,-148.91546678289592,-76.5205152915589,13.840290182845795,False,108.0,0.6283610995858121,-6.761978442141331,-213.74356622020431,-55.89768962398867,6.791111111111111,174.69099999999997,-9.406060893355045,3.749365173575452,-64.8280994373084,20.622825667570226
13293510.0,-2.6927,0.1462,9.1323,-0.0256,-0.0556,9.8064,0.163,0.3551,-0.3711,279.61,-84.19,-166.81,52.20276,-2.200474,12.29,2,81.42,23 / 24,10.026425255999966,-10.876836082456931,-0.4390773500019839,-147.91242442044523,-77.58992427647146,13.80232719784548,False,108.10000000000036,0.7879118809106045,-6.857942174660702,-213.661789628628,-56.58709816923536,6.903055555554409,173.446000000026,-9.238513375089362,4.018893907796229,-65.74936520818275,21.002826107236103
13293610.0,0.1583,3.5189,10.1308,-0.0277,0.0207,9.8065,0.0101,-0.0335,-0.1047,282.6,-84.38,-166.65,52.20276,-2.200474,12.29,2,81.42,23 / 24,9.793731686334834,-11.080519269709061,-0.4565873500020475,-146.92141657332488,-78.68779204408376,13.757543962845116,False,108.20000000000073,0.6110096301294815,-6.812654932695088,-213.60045718491082,-57.265387221349656,6.840000000006407,174.87499999992997,-9.182722056205352,4.2678643370139735,-66.67904061158595,21.42240482273411
13293709.0,0.3933,5.3988,10.1551,-0.0407,-0.0646,9.8063,0.1301,0.5155,-0.4924,284.68,-84.74,-165.19,52.20276,-2.200474,12.29,2,81.42,23 / 24,9.3340154224141,-11.063858009403672,-0.4232936500019936,-145.97459309144028,-79.78393871940162,13.713989853344845,False,108.29900000000089,0.8586244425229946,-6.961561157134314,-213.5194983592769,-57.94790168184296,7.014350000009227,172.96924999989915,-8.475390979891104,4.102296852269358,-67.54490526783661,21.83603703755866
13293809.0,0.1308,0.9144,10.3645,-0.0112,0.0297,9.8066,0.0496,0.0791,-0.0447,282.35,-84.81,-170.51,52.20276,-2.200474,12.29,2,81.42,23 / 24,8.996629719412738,-11.077044892359233,-0.377978650002653,-145.05806083436227,-80.89098386447365,13.673926238345196,False,108.39899999999943,0.9229481232101081,-7.012835821389109,-213.430975198881,-58.648318523885955,7.073311111114138,172.5025199999763,-8.07368159620263,4.064209070970124,-68.37291436451872,22.2426653405877
13293910.0,-1.3129,-4.1923,9.3747,-0.017,-0.0752,9.8063,0.0413,0.5473,-0.3567,278.13,-84.77,-171.87,52.20276,-2.200474,12.29,2,81.42,23 / 24,9.121599337442232,-11.276186625885245,-0.3716207000026172,-144.14309026698595,-82.01982205615134,13.636071471169718,False,108.5,1.1123146824088268,-7.053950945997023,-213.3142391144412,-59.35585184258596,7.14111111111111,171.03900000000002,-8.009284655033404,4.222235679888222,-69.17114884745524,22.663970213565378
13294009.0,-0.1788,-1.0045,10.166,-0.0166,-0.0045,9.8066,-0.0054,0.254,-0.1503,277.97,-84.85,-169.42,52.20276,-2.200474,12.29,2,81.42,23 / 24,9.339435768900003,-11.504226040417542,-0.3752144000026229,-143.22926902922055,-83.14745248313515,13.599103133719398,False,108.59900000000016,0.8307307995145179,-6.979872056548166,-213.24002685757432,-60.04937459988043,7.029186111109301,173.21304000003516,-8.508704969385485,4.524353983869377,-70.01075782835377,23.098077883254724
13294110.0,0.0703,-0.968,9.7352,0.0007,-0.0594,9.8065,-0.0369,0.4084,-0.2706,277.17,-85.02,-170.48,52.20276,-2.200474,12.29,2,81.42,23 / 24,9.411426731386088,-11.644094840487458,-0.3606754500025411,-142.28235047295078,-84.31644268762743,13.561940696293927,False,108.70000000000073,1.1570896619120892,-7.034358556717481,-213.11661235149242,-60.75690791793156,7.128888888892063,170.6589999999687,-8.254337069474,4.609736283769977,-70.83426187854164,23.559534769695873
13294210.0,-1.9822,4.2133,7.9019,-0.0064,-0.0247,9.8066,-0.1229,0.4332,-0.1911,277.37,-85.01,-167.52,52.20276,-2.200474,12.29,2,81.42,23 / 24,9.213195252057117,-11.83816466430554,-0.4594854500011031,-141.35111937379216,-85.49055566285,13.520932651294341,False,108.79999999999927,1.2781110702863174,-7.102020252003263,-212.98713274813517,-61.46855544943074,7.216111111107837,169.79799999995066,-7.9350841817708,4.736144412302276,-71.63601337434301,24.02200021341926
13294310.0,-2.9,-4.0771,9.2102,-0.0022,-0.0199,9.8066,-0.1208,0.0529,0.1092,276.93,-85.14,-168.16,52.20276,-2.200474,12.29,2,81.42,24 / 24,9.151626064712469,-12.198269652001148,-0.5845454500015579,-140.43287830795035,-86.6923773786697,13.468731106294019,False,108.89999999999964,1.4277862043128862,-6.981610567972651,-212.84402371286768,-62.15796399397153,7.126111111121965,168.44199999991068,-7.723839860399583,5.216659084028497,-72.41114540491733,24.534413384698176
13294411.0,1.3283,6.5137,9.0718,-0.0093,-0.1019,9.806,-0.0537,0.7187,-0.4035,283.9,-85.14,-163.95,52.20276,-2.200474,12.29,2,81.42,24 / 24,9.003280004597196,-12.344014543770347,-0.6517761000019356,-139.51605555144505,-87.93176273056312,13.406296868018492,False,109.0010000000002,1.6730943060184325,-7.131655655641212,-212.6718839875955,-62.87672800002777,7.325288888888952,166.79713999999828,-7.330185698578763,5.212358888129136,-73.15582843615044,25.055034730535354
13294510.0,1.2373,1.0474,11.3981,0.0346,0.0095,9.8065,-0.117,-0.2861,0.1764,280.51,-85.21,-167.46,52.20276,-2.200474,12.29,2,81.42,24 / 24,8.631347233221268,-12.249477070101019,-0.609374400001867,-138.64314150317162,-89.14914056545172,13.343869918268203,False,109.10000000000036,1.7767004384410752,-7.136036528926416,-212.49647319871238,-63.581259054823455,7.353888888889385,166.01899999995481,-6.854646794780193,5.113440541174603,-73.85333169554076,25.56788151062826
13294610.0,-2.0658,3.3053,9.3725,0.0349,-0.0736,9.8063,-0.2793,0.1874,-0.1299,283.06,-85.08,-167.31,52.20276,-2.200474,12.29,2,81.42,24 / 24,8.37237621577507,-12.360244553656273,-0.5515094000016565,-137.7929553307187,-90.37962664664406,13.285825728267815,False,109.20000000000073,2.0921487793455023,-7.078397750881561,-212.28521700380387,-64.28178709320377,7.381111111113435,163.53400000001986,-6.280227436429568,5.281846802774711,-74.49226167308515,26.09783955344028
13294710.0,-2.2691,-0.1534,10.25,-0.0016,0.0213,9.8065,0.1121,-0.1762,0.1794,284.27,-85.26,-166.42,52.20276,-2.200474,12.29,2,81.42,24 / 24,8.129223786556734,-12.652066031332645,-0.5510494000016631,-136.96787533061413,-91.63024217587531,13.23069778826845,False,109.29999999999927,2.042125627614171,-7.159451649466291,-212.08077552487842,-64.99343462328913,7.4450000000004035,164.07999999993712,-6.087098158942563,5.492614381866353,-75.11290019426428,26.636807552586177
13294809.0,-0.3461,1.2804,11.1899,0.0059,-0.0254,9.8066,0.0564,0.1112,-0.1504,282.78,-85.18,-165.0,52.20276,-2.200474,12.29,2,81.42,24 / 24,8.005674506916701,-12.881105232056836,-0.4606327000015169,-136.16919786508592,-92.89413415341514,13.180619524318212,False,109.39899999999943,2.258396194369121,-7.105707721368385,-211.85139218553752,-65.69796567948552,7.456000000000581,162.36828999990942,-5.74727831254758,5.7753975106884505,-75.6821943204516,27.196168473929617
13294910.0,-1.0976,-1.7429,9.6603,-0.0451,-0.0503,9.8063,0.0815,0.0362,-0.1245,283.14,-85.41,-162.28,52.20276,-2.200474,12.29,2,81.42,24 / 24,7.9746403444933485,-13.076176708318128,-0.3981692500011659,-135.36219196508517,-94.20497689141143,13.137250025842834,False,109.5,2.3612218577279744,-7.1753654042332,-211.6173748393301,-66.41672968414125,7.553888888888889,161.785,-5.613418486765374,5.900811304084928,-76.25518287424492,27.78824720727019
13295010.0,-0.2174,4.3941,11.2718,-0.0339,-0.0582,9.8063,0.2152,0.5097,-0.2234,283.51,-85.41,-162.13,52.20276,-2.200474,12.29,2,81.42,24 / 24,7.793264818620061,-13.225607873869338,-0.3322292500009259,-134.57379670692663,-95.5200661205256,13.100730100842597,False,109.60000000000036,2.3896651213043656,-7.04578601776155,-211.3788597805803,-67.11725772252177,7.440000000004218,161.2650000000008,-5.403599697315696,6.179821856107788,-76.80506307365368,28.402808398003828
13295110.0,-1.5512,1.1811,9.5204,0.0008,0.0163,9.8066,-0.0426,-0.3101,0.1847,285.84,-85.41,-162.48,52.20276,-2.200474,12.29,2,81.42,24 / 24,7.4587828243042695,-13.35933921284757,-0.2732842500007113,-133.81119432477763,-96.84931347486628,13.070454425842405,False,109.70000000000073,2.4584566933689764,-7.267373820396763,-211.1267152898985,-67.85114423817798,7.671944444439209,161.3100000000745,-5.000326130935293,6.091965392450806,-77.31552096512087,28.998169236688298
13295209.0,-1.6027,4.1486,9.7549,-0.0034,-0.0413,9.8065,-0.0154,0.1867,-0.0625,283.94,-85.4,-161.89,52.20276,-2.200474,12.29,2,81.42,24 / 24,7.122795955305765,-13.559465949099465,-0.29001525000073836,-133.08940617518576,-98.1817943303848,13.042571100592287,False,109.79900000000089,2.1589905953602737,-7.213273580397443,-210.92431822575998,-68.55567529297386,7.5294944444369065,163.3375200001073,-4.963805359945491,6.346192368702022,-77.83491205057422,29.626119037410945
13295310.0,-2.5855,2.5946,9.6922,-0.0053,0.0333,9.8065,0.0404,-0.3539,0.1203,286.54,-85.41,-161.99,52.20276,-2.200474,12.29,2,81.42,24 / 24,6.695298852322513,-13.7921508173898,-0.29840835000063437,-132.3915923874092,-99.56305097707539,13.012855708792586,False,109.89999999999964,2.168181829410728,-7.420853493153241,-210.71101761609472,-69.30779777776127,7.731111111104229,163.71300000015378,-4.527117022911785,6.371297324236559,-78.31942522868553,30.255253199314126
13295410.0,-0.5488,-2.6081,10.3842,0.0084,-0.03,9.8066,-0.0091,0.3414,-0.2045,282.47,-85.38,-165.91,52.20276,-2.200474,12.29,2,81.42,24 / 24,6.615564847700162,-14.050158002253475,-0.27525335000055007,-131.72604920240565,-100.95516641806262,12.984172623792421,False,110.0,1.7713507210009911,-7.395832720066704,-210.54746443292612,-70.04168429336488,7.6049999999999995,166.53099999999998,-4.84421412669917,6.654325282186772,-78.82141523052047,30.913482124697737
13295509.0,-1.0286,-0.6475,9.2868,0.0199,-0.023,9.8066,-0.0743,0.2584,-0.1792,280.09,-85.38,-166.02,52.20276,-2.200474,12.29,2,81.42,24 / 24,6.725329460406686,-14.27729775103568,-0.2723972000005454,-131.0656749341533,-102.3573754778527,12.957063921567324,False,110.09900000000016,1.4839599930280516,-7.496039556105512,-210.4125330568338,-70.79024853956693,7.641575000000591,168.8020600000367,-5.241369467378635,6.781258194930168,-79.34685812268052,31.567126938285767
13295610.0,-0.0212,-1.719,10.04,-0.0232,-0.0372,9.8065,0.0195,0.146,-0.0896,278.71,-85.57,-167.48,52.20276,-2.200474,12.29,2,81.42,24 / 24,6.804269781100529,-14.468789458401192,-0.2868654500006267,-130.38243017245333,-103.80905288193742,12.928821157742105,False,110.20000000000073,1.0501355476607315,-7.53411037299015,-210.32257880608506,-71.553935295089,7.606944444444232,172.06500000007168,-5.754134233439798,6.934679085411042,-79.94014863363174,32.255117586848414
13295710.0,-2.2825,1.4971,8.7949,0.0162,-0.0193,9.8065,-0.1074,0.2351,-0.1138,281.54,-85.72,-164.73,52.20276,-2.200474,12.29,2,81.42,24 / 24,6.761892715692051,-14.698511317985968,-0.3257854500000603,-129.70412204762357,-105.26741792073555,12.898188612742516,False,110.29999999999927,0.7899144972929377,-7.559955370929245,-210.25443164644406,-72.31006079629097,7.601111111112455,174.03500000005963,-5.971978218399113,7.138555947056723,-80.55030959882049,32.957357124444584
13295810.0,-2.2909,-1.1778,10.6248,0.0168,0.0004,9.8066,-0.0799,-0.0291,0.0666,284.0,-85.79,-164.85,52.20276,-2.200474,12.29,2,81.42,24 / 24,6.658694437995955,-15.03801047702596,-0.3354654500000954,-129.03309268993672,-106.75424401049156,12.865126067742388,False,110.39999999999964,0.5761479051168694,-7.616294785603405,-210.19991391873677,-73.06618629750729,7.6380555555574645,175.67400000007967,-6.0825465328790855,7.421715691422555,-81.16682122880005,33.688057712984275
13295910.0,-1.1283,1.0811,8.4845,0.0396,-0.0308,9.8065,-0.1508,0.0998,-0.0767,283.34,-85.83,-162.76,52.20276,-2.200474,12.29,2,81.42,24 / 24,6.584210212290455,-15.322525158863815,-0.360665450000187,-128.37094745742,-108.27227079229158,12.830319522742247,False,110.5,0.3836549201464645,-7.663458126778628,-210.172655054925,-73.8334312918002,7.673055555555556,177.134,-6.20055529214399,7.659067032085187,-81.80170759750501,34.43883950049138
13296009.0,-0.4263,-0.2376,10.044,0.0091,-0.0168,9.8066,0.0009,-0.0214,-0.0339,283.46,-85.89,-162.75,52.20276,-2.200474,12.29,2,81.42,24 / 24,6.4884059804715175,-15.503498390106097,-0.41436305000027374,-127.72385295587722,-109.79815895796806,12.791955611992162,False,110.59900000000016,0.15733083283608104,-7.729720455314396,-210.15916191725677,-74.59300383550367,7.731355555556498,178.8338300000275,-6.3310751476354366,7.773777934791701,-82.43530896137955,35.20515512246439
13296110.0,-0.8645,0.5329,8.7931,0.0052,0.0031,9.8066,-0.0401,0.0303,0.0763,284.91,-85.86,-161.28,52.20276,-2.200474,12.29,2,81.42,24 / 24,6.4180864073317725,-15.68000289233272,-0.45356115000049385,-127.07207509028949,-111.37292577274006,12.748125439891876,False,110.70000000000073,0.09476943094946194,-7.74553136334951,-210.15221090698407,-75.37904077221626,7.746111111110777,179.2990000000291,-6.32331697638231,7.9344715289832095,-83.08013581669458,35.993885000523804
13296210.0,-0.787,-0.0215,9.7356,-0.0326,0.0059,9.8066,0.0213,-0.0984,0.0984,287.57,-85.93,-158.97,52.20276,-2.200474,12.29,2,81.42,24 / 24,6.326878460826833,-15.867596339588603,-0.5077911499997046,-126.43482684689083,-112.95030573431318,12.700057824892566,False,110.79999999999927,-0.013368473655142873,-7.736932894912788,-210.1590256229371,-76.15740525826921,7.73694444444779,180.09900000001352,-6.340246934481976,8.130663444675815,-83.72419877604626,36.79290047604397
13296310.0,-1.3342,-1.0274,9.6564,-0.0056,-0.0082,9.8066,-0.0883,-0.0479,0.0202,288.74,-86.23,-155.68,52.20276,-2.200474,12.29,2,81.42,24 / 24,6.295931135585115,-16.098460603777916,-0.5188561499997448,-125.80368636706794,-114.54860858148731,12.648725459892407,False,110.89999999999964,-0.06422002707093402,-7.8286254874399575,-210.15902562293746,-76.93576974504302,7.828888888882735,180.46999999999016,-6.360151162656049,8.269835116337958,-84.35533925586952,37.6128388364443
13296409.0,-1.9187,1.6541,9.2789,-0.0254,0.0208,9.8066,0.062,-0.1558,0.1443,293.34,-86.57,-154.24,52.20276,-2.200474,12.29,2,81.42,24 / 24,6.157683483320662,-16.341738501923395,-0.5524171499997991,-125.1872324434311,-116.15439843722213,12.595697431542344,False,110.9989999999998,-0.03930623556524336,-7.717138406531622,-210.16577219178453,-77.69534228869122,7.717238888889052,180.29180000000025,-6.196989718885906,8.624600095391774,-84.97853974835343,38.459056148530905
13296510.0,-1.7804,0.6159,9.2421,-0.0087,0.0096,9.8066,0.0207,-0.0229,-0.009,292.69,-86.53,-152.32,52.20276,-2.200474,12.29,2,81.42,24 / 24,5.9219100176763595,-16.578589479227787,-0.6075783000001089,-124.57721297162732,-117.81687500027961,12.53711766131702,False,111.10000000000036,0.04396532850818159,-7.798764963195158,-210.15902562293698,-78.49249871853607,7.798888888891238,179.6770000000008,-5.877944689168178,8.77982451603263,-85.58181265130966,39.32437628174354
13296610.0,-2.6973,0.0197,9.763,-0.0227,-0.0448,9.8064,0.1144,0.0932,-0.1939,293.55,-86.48,-154.01,52.20276,-2.200474,12.29,2,81.42,24 / 24,5.747429337494272,-16.880910660360215,-0.6379883000002194,-123.99374600386666,-119.48985000726509,12.474839331316776,False,111.20000000000073,0.03888200316269951,-7.927960209394205,-210.15221090698407,-79.28198269702848,7.9280555555513015,179.71900000001395,-5.7085473343315725,8.95295045096601,-86.1584649031174,40.20786731023661
13296710.0,-2.7497,0.3885,10.0883,-0.0041,0.0204,9.8066,-0.0338,-0.0791,0.109,292.21,-86.57,-152.6,52.20276,-2.200474,12.29,2,81.42,24 / 24,5.566204542053344,-17.23315525331903,-0.6260883000003925,-123.42806430989751,-121.19555330292422,12.411635501317665,False,111.29999999999927,-0.01390561257970655,-7.81109873347771,-210.15902562293684,-80.06034718378956,7.811111111115911,180.10199999998326,-5.580110154633051,9.42205651984132,-86.73096131303933,41.135206119134665
13296810.0,-2.0624,-1.4872,9.005,-0.0102,0.0256,9.8065,-0.0913,-0.0997,0.2489,299.18,-86.75,-146.39,52.20276,-2.200474,12.29,2,81.42,24 / 24,5.4492362817859075,-17.585354298706445,-0.652088300000487,-122.87729226870354,-122.93647878053183,12.347726671317389,False,111.39999999999964,0.04963010207712524,-7.94290050369712,-210.1522109069838,-80.8609506561221,7.943055555556964,179.64200000002353,-5.399606179708782,9.642453795009324,-87.27491863828027,42.07552812440973
13296910.0,-2.6656,0.3494,10.1076,-0.0079,0.002,9.8066,0.0211,0.0028,-0.0418,301.47,-86.79,-144.38,52.20276,-2.200474,12.29,2,81.42,24 / 24,5.309273487195268,-17.917011043300064,-0.677123300000578,-122.33936678025253,-124.7115970476386,12.281266091317095,False,111.5,-0.010153081718147607,-7.968882420916273,-210.1522109069838,-81.65043463455746,7.9688888888888885,180.07299999999998,-5.319426568913416,9.948128622383791,-87.81284412673128,43.06116241308115
13297010.0,-1.9706,1.0009,9.4394,0.0001,0.0036,9.8066,0.1311,-0.1005,-0.0815,296.66,-86.74,-149.11,52.20276,-2.200474,12.29,2,81.42,24 / 24,5.068009839457688,-18.18942775860333,-0.68043830000059,-121.820502613918,-126.51691898774034,12.21338801131679,False,111.60000000000036,0.09498510138591379,-7.921374982374578,-210.14539619103002,-82.45103810618308,7.921944444445156,179.31299999998237,-4.973024738071774,10.268052776228751,-88.32489357711202,44.06588088155726
13297110.0,-1.3901,-1.8178,9.525,-0.0018,0.0062,9.8066,0.0822,-0.1614,0.0891,296.12,-86.73,-151.99,52.20276,-2.200474,12.29,2,81.42,24 / 24,4.967025359323822,-18.462856519307316,-0.712883300000708,-121.3187508539771,-128.34953320164254,12.14372193131647,False,111.70000000000073,0.23006519281086293,-7.957786132494834,-210.1181373271618,-83.24052208609093,7.96111111111198,178.3439999999712,-4.736960166512959,10.50507038681248,-88.79938647318471,45.10901111555161
13297209.0,-3.0301,2.9862,9.2605,-0.0361,0.0215,9.8065,0.0251,0.0481,-0.0068,296.43,-86.64,-151.56,52.20276,-2.200474,12.29,2,81.42,24 / 24,4.756176842253582,-18.737251955093523,-0.7538594000007741,-120.83745234499824,-130.19093857112836,12.07111816766628,False,111.79900000000089,0.33995065290078635,-7.9775136042493875,-210.08440448316557,-84.03311952229863,7.984761111112362,177.55991999995854,-4.416226189352796,10.759738350844135,-89.24695213816733,46.15781904882972
13297310.0,-2.2743,-0.0451,10.741,-0.0199,0.0337,9.8065,-0.0015,-0.1936,0.1996,299.03,-86.78,-149.18,52.20276,-2.200474,12.29,2,81.42,23 / 23,4.43313880553563,-19.013600488654376,-0.734255300001017,-120.37339190479064,-132.09735661951402,11.995968375317121,False,111.89999999999964,0.5023008406858062,-8.044333028002558,-210.02954601963194,-84.85284852246083,8.059999999997922,176.42700000000755,-3.9308379648498235,10.969267460651817,-89.6561541148413,47.244508097053185
13297410.0,-0.9099,0.7639,9.9701,0.0188,-0.0178,9.8066,0.0378,0.1177,-0.0723,302.51,-86.66,-148.29,52.20276,-2.200474,12.29,2,81.42,23 / 23,4.252375312538644,-19.232200185582293,-0.6793653000008173,-119.93911619888534,-134.0096466532328,11.925287345316772,False,112.0,0.48064404654369813,-8.007532327145187,-209.98184300790714,-85.6534519940284,8.021944444444445,176.565,-3.7717312659949456,11.224667858437106,-90.0427268090218,48.356194659204405
13297510.0,-0.7943,0.8039,9.6651,-0.0011,0.0025,9.8066,0.0275,0.0746,-0.0368,297.81,-86.66,-150.09,52.20276,-2.200474,12.29,2,81.42,23 / 23,4.071838912009689,-19.367363061608206,-0.6782703000008132,-119.52290548765642,-135.93962481559936,11.857405565316443,False,112.10000000000036,0.6633339250276222,-8.129091988697157,-209.91369584823696,-86.46517495878724,8.156111111111327,175.3349999999732,-3.4085049869820665,11.238271072911049,-90.39079036058054,49.474449856812114
13297609.0,-2.4442,-0.029,9.4205,-0.0124,-0.0035,9.8066,-0.0611,0.1273,-0.0171,295.44,-86.63,-152.31,52.20276,-2.200474,12.29,2,81.42,23 / 23,3.90478039943775,-19.59752316242144,-0.7043914500008553,-119.12806283173913,-137.86838668369194,11.78896380869125,False,112.19900000000052,0.8712570006281191,-8.121308741062409,-209.8259904537823,-87.26878069319663,8.167936111111521,173.87672999994962,-3.0335233988096313,11.47621442135903,-90.69792762204318,50.599605990495306
13297710.0,-1.5452,-1.2884,10.6288,-0.0128,-0.0141,9.8065,0.0089,0.0097,-0.078,299.42,-86.9,-148.98,52.20276,-2.200474,12.29,2,81.42,23 / 23,3.805852490935622,-19.9147714778165,-0.682373450001128,-118.7386758707801,-139.86375756299924,11.718932181242018,False,112.29999999999927,0.8175644159033344,-8.072594460711024,-209.74332794913087,-88.08862088758245,8.113888888890203,174.21699999993638,-2.9882880750322878,11.842177017105477,-91.00465207835077,51.77513667541679
13297810.0,-2.6305,0.0704,9.758,-0.0474,-0.0169,9.8065,0.2077,0.2385,-0.1311,297.79,-87.0,-150.53,52.20276,-2.200474,12.29,2,81.42,23 / 23,3.692500240931768,-20.231308373800935,-0.6436984500009874,-118.36375823418537,-141.8710615555874,11.65262858624167,False,112.39999999999964,1.0683011776986786,-8.07968022843277,-209.63429249374008,-88.88922435920887,8.15,172.46799999997597,-2.62419906323309,12.151628145368166,-91.27053425955471,52.981837196378535
13297910.0,-2.423,2.3082,11.3298,-0.0121,-0.0069,9.8065,0.2923,0.1826,-0.2095,293.8,-87.0,-151.85,52.20276,-2.200474,12.29,2,81.42,23 / 23,3.411656812772953,-20.516290345551266,-0.5699734500007191,-118.00855038149884,-143.90844149156243,11.591944991241364,False,112.5,1.1303165569246245,-8.071238100882793,-209.51844232232332,-89.70094732390865,8.15,172.028,-2.2813402558483284,12.445052244668473,-91.50989194082449,54.20749416765378
13298010.0,-1.5559,1.7139,9.7033,0.0548,-0.0179,9.8065,-0.0775,0.2074,-0.1071,285.61,-86.67,-159.32,52.20276,-2.200474,12.29,2,81.42,23 / 23,3.1034731381936487,-20.74417750469745,-0.49898345000046074,-117.68279388394932,-145.97146488408237,11.538497146241111,False,112.60000000000036,1.2728348061933756,-8.155156242909445,-209.38896271899117,-90.5126702886675,8.253888888888817,171.12899999999345,-1.830638332000273,12.589021261788005,-91.70616883504185,55.45879459541487
13298110.0,-2.9057,0.156,9.063,0.0572,-0.006,9.8064,-0.1399,0.0189,0.0359,286.98,-86.55,-160.64,52.20276,-2.200474,12.29,2,81.42,23 / 23,2.906513272521879,-21.04753897961345,-0.5413334500006147,-117.38229456341244,-148.06105070830552,11.486481301240868,False,112.70000000000073,1.323567989898785,-8.143136237107896,-209.25266839970496,-91.32439325271902,8.249999999999162,170.767999999945,-1.582945282623094,12.904402742505553,-91.87037383629252,56.736657455586496
13298209.0,-3.2751,0.8716,8.8036,-0.0612,-0.0023,9.8064,0.3448,-0.0328,-0.0182,285.79,-86.52,-159.0,52.20276,-2.200474,12.29,2,81.42,23 / 23,2.7281466208906475,-21.440713418367526,-0.6277951000007544,-117.10337889868808,-150.16421920200898,11.428609438015707,False,112.79900000000089,1.5315753843922404,-8.08332959950002,-209.09749731720416,-92.12799898782865,8.227174999998793,169.27111999992076,-1.1965712364984071,13.357383818867506,-91.99411841851608,58.03622021418033
13298309.0,-4.2885,-0.3646,11.1019,0.0163,0.0551,9.8064,0.3343,-0.1469,0.0387,284.22,-86.58,-163.1,52.20276,-2.200474,12.29,2,81.42,23 / 23,2.5656438221360403,-21.914535284722515,-0.613185100000967,-116.8386893765406,-152.33198163713195,11.366560428016523,False,112.89899999999943,1.521526061724476,-8.201960115687525,-208.94750541882826,-92.95073024937429,8.341894444450526,169.4906300000124,-1.0441177604115643,13.71257516903499,-92.10881604228766,59.38125138775766
13298409.0,-3.4907,2.0589,9.1856,0.0402,0.0019,9.8065,0.0092,0.0646,-0.0567,279.57,-86.16,-167.0,52.20276,-2.200474,12.29,2,81.42,23 / 23,2.365473743825558,-22.399599463642048,-0.5794751000008442,-116.59213349824162,-154.54768837455825,11.306927418016215,False,112.9989999999998,1.6436766531247418,-8.2036542798196,-208.78408853000525,-93.77357270719273,8.366705555555521,168.67031000000122,-0.7217970907008164,14.195945183822447,-92.19195503176363,60.77411566736552
13298510.0,-3.8672,0.1344,7.6251,0.0127,0.0006,9.8066,-0.0297,-0.2491,0.2153,277.85,-85.58,-167.73,52.20276,-2.200474,12.29,2,81.42,23 / 23,2.171897283839933,-22.869440363477896,-0.7210064000016394,-116.36299626134323,-156.83377488584065,11.241253102265722,False,113.10000000000036,1.7545357828128467,-8.158469782185007,-208.60527038311312,-94.59352409653154,8.344999999999798,167.8629999999911,-0.41736150102708613,14.710970581292889,-92.2422741217699,62.240250789309115
13298610.0,-2.6404,2.747,8.527,0.0995,-0.0976,9.8056,-0.4081,0.8702,-0.2501,287.66,-84.92,-156.67,52.20276,-2.200474,12.29,2,81.42,23 / 23,1.9316037626977745,-23.261075089890138,-0.894066400002269,-116.1578212090156,-159.14030065851745,11.160499462265232,False,113.20000000000073,1.821672069212548,-8.13235604758241,-208.42127305204477,-95.40524706129078,8.333888888892131,167.37399999997422,-0.10993169348522636,15.128719042307727,-92.26345184302917,63.73505359722667
13298710.0,-4.0919,5.2408,7.4338,0.0362,-0.0151,9.8065,-0.4465,0.6463,-0.2336,291.69,-85.09,-156.06,52.20276,-2.200474,12.29,2,81.42,23 / 23,1.3913044167190782,-23.55045894917229,-1.0766913999996115,-115.99167580004718,-161.4808773604365,11.061961572266572,False,113.29999999999927,1.94272870273447,-8.19595449471942,-208.2236462891004,-96.22808951775264,8.423055555553484,166.66499999996805,0.5514242860153917,15.354504454452872,-92.23197048905323,65.25278784268386
13298810.0,-5.4318,-2.1418,11.7381,0.055,-0.0579,9.8063,0.2845,-0.2286,0.0349,298.34,-85.16,-152.8,52.20276,-2.200474,12.29,2,81.42,23 / 23,0.9771233959893479,-24.040308588613854,-1.0987613999996917,-115.87325440941133,-163.86041573733445,10.953188932266212,False,113.39999999999964,2.054109005042618,-8.110021659575034,-208.01920481017186,-97.03981248180354,8.366111111106138,165.78699999997528,1.07698560905327,15.93028692903882,-92.14595040076053,66.82060325553091
13298910.0,-5.3943,-3.8887,8.8326,0.0827,-0.0268,9.8063,0.2094,-0.294,0.0714,299.62,-84.19,-152.71,52.20276,-2.200474,12.29,2,81.42,23 / 23,0.910421621156259,-24.763196521273997,-1.0508913999995175,-115.77887715855371,-166.30059099283773,10.84570629226586,False,113.5,2.095096869321252,-8.005385319156117,-207.8079486152785,-97.84041595478577,8.275,165.334,1.1846752481649931,16.75781120211788,-92.02907145672478,68.46017503805196
13299009.0,-2.8789,-4.3653,8.648,-0.0452,-0.064,9.8063,0.3107,0.0851,-0.1153,297.52,-83.59,-154.19,52.20276,-2.200474,12.29,2,81.42,23 / 23,1.0052309945279658,-25.418569749306588,-1.1564600499996882,-115.6840523540772,-168.78458842323548,10.736442395490721,False,113.59900000000016,2.212268727755323,-7.858714181899546,-207.5853118447315,-98.6220050941923,8.164174999998208,164.27766999998292,1.2070377332273572,17.55985556740704,-91.90125949065431,70.16258332904317
13299110.0,-2.8105,-0.9606,11.452,-0.017,-0.0585,9.8064,0.3647,-0.2383,-0.0181,308.76,-83.1,-150.54,52.20276,-2.200474,12.29,2,81.42,23 / 23,1.0071320414722988,-25.88817443651334,-1.13188169999955,-115.58242802075861,-171.37557900463395,10.620881137115111,False,113.70000000000073,2.174179784728344,-7.794389466505256,-207.3718067935532,-99.3971449276269,8.09194444443928,164.4139999999354,1.1670477432560453,18.09378497000808,-91.78937877279458,71.97843407700705
13299210.0,-4.6271,-2.4652,8.0068,0.0125,-0.0358,9.8065,-0.1555,-0.1932,0.0797,312.81,-82.46,-148.59,52.20276,-2.200474,12.29,2,81.42,23 / 23,0.8025810402324194,-26.367679121131467,-1.1396066999994376,-115.49194236667469,-173.98837168247817,10.507306717116814,False,113.79999999999927,2.3723424105269797,-7.587785677463077,-207.126477018828,-100.16438992125315,7.949999999993634,162.63799999999895,1.5697613702945603,18.77989344366839,-91.63453465215332,73.82398176122503
13299310.0,-2.9306,-3.2838,9.9195,-0.0221,-0.0518,9.8064,-0.0859,-0.2104,-0.1322,318.56,-82.33,-145.39,52.20276,-2.200474,12.29,2,81.42,22 / 23,0.6403763859430289,-26.91978346519457,-1.2239566999997444,-115.41979449536566,-176.65274481180415,10.389128547116425,False,113.89999999999964,2.323876722985985,-7.41958367945078,-206.894776676059,-100.89827643691076,7.775000000000545,162.60900000000558,1.6835003370429562,19.50019978574379,-91.47498218069333,75.75446837489339
13299410.0,-3.8711,-6.2354,10.9305,0.0055,-0.0567,9.8064,-0.0509,-0.54,-0.0859,320.07,-82.38,-145.65,52.20276,-2.200474,12.29,2,81.42,22 / 23,0.5917543943818265,-27.575668795271145,-1.1621216999995194,-115.3581879563492,-179.37751742483735,10.269824627116027,False,114.0,2.3136363544180854,-7.433257147409538,-206.66307633327975,-101.64328244493926,7.785,162.711,1.7218819600362587,20.142411647861607,-91.30488837693055,77.73423497989809
13299509.0,-2.3729,-2.5814,10.2916,0.02,-0.0282,9.8066,-0.0664,-0.3481,-0.0111,326.05,-82.01,-144.93,52.20276,-2.200474,12.29,2,81.42,22 / 23,0.5143635553730881,-28.172079006386365,-1.0824860999993906,-115.30343511783624,-182.13703094102385,10.1587165410159,False,114.09900000000016,2.3821343017100443,-7.176086412440098,-206.42019985629742,-102.34781350113565,7.56114999999638,161.6358599999826,1.8677707463369562,20.99599259394627,-91.11676473846117,79.7892174398882
13299610.0,-5.9248,-5.429,10.5064,-0.0158,-0.0277,9.8065,0.0394,-0.8559,0.0989,330.84,-81.83,-144.59,52.20276,-2.200474,12.29,2,81.42,22 / 23,0.24968113141910692,-28.78872276599264,-1.0226587499990543,-115.26485086115302,-185.01355143054516,10.052406726090382,False,114.20000000000073,2.2820277531886215,-7.030874199088404,-206.19286093173366,-103.05545801341725,7.3919444444429185,162.01799999997036,2.0323466217695145,21.757848566904237,-90.92801007058064,81.95809341712791
13299710.0,-5.0519,-4.4257,9.6958,-0.0125,-0.0408,9.8065,-0.0287,-0.838,0.0903,331.59,-81.5,-143.02,52.20276,-2.200474,12.29,2,81.42,22 / 23,-0.10560005326361177,-29.535444510912974,-0.9932137499994828,-115.25764680724535,-187.929759794348,9.951613101091922,False,114.29999999999927,2.3682885433696037,-6.957996074677671,-205.94753115703512,-103.75598605178322,7.3499999999922485,161.2029999999676,2.4738885966332154,22.577448436235304,-90.68988434978976,84.17377374256478
13299809.0,-5.842,-3.8196,9.5778,0.02,0.0055,9.8066,-0.036,-0.9697,0.1202,336.71,-81.29,-144.73,52.20276,-2.200474,12.29,2,81.42,22 / 23,-0.5253261302550464,-30.17933972541349,-1.01002889999951,-115.28887765332958,-190.88564161405094,9.852452589916812,False,114.39899999999943,2.4040614656790673,-6.722109396621379,-205.70465468005284,-104.4164839158732,7.139074999988839,160.32090999995333,2.929387595934114,23.457230328792114,-90.41577702672326,86.46915769817774
13299910.0,-6.3214,-2.3145,9.6351,0.0214,0.0065,9.8066,-0.0261,-0.8865,-0.019,336.55,-81.26,-146.49,52.20276,-2.200474,12.29,2,81.42,22 / 23,-1.0837841878103687,-30.747550178162083,-1.0302490999996234,-115.37013772439234,-193.9624495541988,9.749418550916277,False,114.5,2.2456014858150373,-6.602454104457918,-205.47731575547982,-105.09032517111106,6.973888888888889,161.216,3.329385673625406,24.145096073704167,-90.10717803108749,88.87212438308774
13300010.0,-5.8127,-3.3953,10.4226,0.0307,0.0149,9.8065,-0.162,-1.1401,0.1163,338.92,-81.44,-148.4,52.20276,-2.200474,12.29,2,81.42,22 / 23,-1.6547707837041248,-31.279905093698215,-1.0080290999995427,-115.50706547296856,-197.0638223178031,9.647504640915948,False,114.60000000000036,2.3163182804305262,-6.5461639549369615,-205.24561541271066,-105.74637523908027,6.943888888884432,160.51399999998767,3.971089064134651,24.733741138761253,-89.7385499397421,91.31744707872284
13300110.0,-6.338,-2.6932,8.8175,0.0167,0.009,9.8066,-0.138,-0.9535,0.2171,340.89,-81.49,-151.02,52.20276,-2.200474,12.29,2,81.42,22 / 23,-2.2385385518637526,-31.806847236025206,-1.0266890999996106,-115.70173093974766,-200.21815993430076,9.54576873091562,False,114.70000000000073,2.3091636613513535,-6.288312613947333,-205.00710035396156,-106.36906682765103,6.698888888885584,159.83600000000402,4.547702213215106,25.518534622077873,-89.3053694142139,93.84909310664973
13300210.0,-7.0385,-3.6179,10.7272,0.0474,-0.0207,9.8064,-0.0375,-1.3583,0.3048,344.95,-81.43,-150.3,52.20276,-2.200474,12.29,2,81.42,22 / 23,-2.9065781397560384,-32.33064357321582,-1.0301190999995606,-115.95898677432491,-203.42503447471614,9.442928320917158,False,114.79999999999927,2.265939458124873,-6.2074082028953335,-204.78221472712323,-106.99175841691738,6.6080555555518465,159.94600000001736,5.172517597880912,26.12323537032049,-88.82322795279832,96.43327605779876
13300310.0,-6.729,-1.4553,9.5128,0.0192,-0.0001,9.8066,-0.0714,-1.1298,0.0783,343.96,-81.15,-152.29,52.20276,-2.200474,12.29,2,81.42,22 / 22,-3.623257396703446,-32.783144276977865,-0.9987840999994466,-116.28547855114907,-206.68072386723767,9.34148316091684,False,114.89999999999964,2.1800246187630816,-6.13000607272099,-204.56414381625993,-107.60333051376854,6.506111111102531,160.42299999989615,5.803282015466527,26.653138204256877,-88.27866526511086,99.07739335346913
13300410.0,-4.7302,-0.7359,10.6338,0.0591,0.0216,9.8064,-0.0267,-1.0412,0.0552,345.64,-81.1,-157.72,52.20276,-2.200474,12.29,2,81.42,22 / 22,-4.267180354357168,-33.06314844141945,-0.9721190999993495,-116.68000043870353,-209.9730385031695,9.24293800091654,False,115.0,2.3248134513104604,-5.907929632287671,-204.32562875752774,-108.19266362431202,6.348888888888889,158.52,6.591993805667629,27.155218809131778,-87.64562831882421,101.78037487885749
13300510.0,-4.9604,-1.2874,10.0213,0.0728,0.0054,9.8063,0.0695,-1.0225,-0.038,343.79,-81.02,-161.88,52.20276,-2.200474,12.29,2,81.42,22 / 22,-4.828011007683427,-33.311482860795316,-0.9200290999991599,-117.13476000680721,-213.29177006829232,9.14833059091627,False,115.10000000000036,2.155910450225724,-5.7905714771354155,-204.10755784666605,-108.77087724318,6.17888888888669,159.57900000003323,6.983921457909151,27.5209113836599,-86.97279783985884,104.52089282511233
13300610.0,-1.682,0.9243,9.3965,0.0877,-0.0025,9.8062,0.0346,-0.8549,-0.0228,341.48,-80.91,-167.86,52.20276,-2.200474,12.29,2,81.42,22 / 22,-5.262348549245438,-33.45276734925003,-0.9298040999991954,-117.6392779846555,-216.62998257880673,9.055838930916016,False,115.20000000000073,1.9316719426282323,-5.741835997327963,-203.91674579967085,-109.34909086133983,6.058055555551625,161.4059999999279,7.19402049187367,27.710931351922067,-86.27746781501536,107.2808917174669
13300710.0,-1.3211,0.4525,8.595,0.0937,0.0056,9.8062,-0.0801,-0.7242,0.0563,336.86,-80.4,-175.7,52.20276,-2.200474,12.29,2,81.42,22 / 22,-5.544184025650294,-33.47532227076312,-1.0108940999980154,-118.17960461339241,-219.9763870597587,8.958804020917567,False,115.29999999999927,2.0911246549905345,-5.570430654553932,-203.6986748887863,-109.90506549534591,5.949999999991886,159.42400000000615,7.635308680640828,27.90489161620919,-85.51907027539387,110.0713215644128
13300810.0,0.1826,0.5738,9.7794,0.0559,0.0033,9.8064,0.0307,-0.667,0.0437,338.21,-80.24,-178.82,52.20276,-2.200474,12.29,2,81.42,22 / 22,-5.732821739188562,-33.48833108401295,-1.0728390999982407,-118.74345490163641,-223.3245697275097,8.854617360917375,False,115.39999999999964,1.99690853081945,-5.36751795425547,-203.5010481258661,-110.44992063552155,5.726944444441124,159.59300000006417,7.729730270008012,28.12081312975748,-84.7575932242297,112.87464909198815
13300910.0,-1.7709,-0.0379,9.8643,0.0416,0.0187,9.8065,-0.0376,-0.6081,0.06,332.81,-80.17,176.71,52.20276,-2.200474,12.29,2,81.42,22 / 22,-5.9281903607497135,-33.5423930228916,-1.071319099998235,-119.32650550663544,-226.67610593286713,8.74740945091716,False,115.5,1.866289826210362,-5.3499324676149405,-203.31023607883157,-110.98365628323326,5.666111111111111,160.769,7.794480186960076,28.19246055527666,-83.98373057219612,115.69244964963387
13301012.0,0.4208,1.2649,9.9037,0.0421,0.0272,9.8064,0.0023,-0.3937,-0.0213,330.18,-80.28,172.71,52.20276,-2.200474,12.29,2,81.42,22 / 22,-6.135523350745079,-33.569698567660105,-1.0634293999981752,-119.94175490592633,-230.09882260401116,8.638537277416521,False,115.60200000000077,1.8340698458722384,-5.069433537986269,-203.12242250684997,-111.49426338695281,5.391011111110998,160.11037999999027,7.969593196617318,28.500265029673834,-83.18066760092364,118.60455921705835
13301110.0,-1.879,0.9505,9.9298,0.0559,0.0211,9.8065,0.0315,-0.4269,0.0285,331.35,-80.21,169.99,52.20276,-2.200474,12.29,2,81.42,22 / 22,-6.3609081928587266,-33.55930993062153,-1.05263959999818,-120.55408005156265,-233.3881440204255,8.534849896416747,False,115.70000000000073,1.869691925971129,-5.051182535116538,-202.93542670079688,-111.99553011589714,5.386111111099359,159.6879999999947,8.230600118829855,28.508127395504992,-82.38134664923423,121.39261390452836
13301211.0,-0.372,0.6116,10.6285,0.0454,-0.001,9.8065,-0.0625,-0.2185,-0.036,328.42,-80.09,167.6,52.20276,-2.200474,12.29,2,81.42,22 / 22,-6.611201744620356,-33.599825831535426,-1.004917099998771,-121.20917160339722,-236.7796803763724,8.430943283068189,False,115.80099999999948,1.7682535334863794,-4.741920754587704,-202.75654040674843,-112.46721899388888,5.060886111102746,159.5499000000266,8.379455278106736,28.857905076947723,-81.5473688033512,124.31246138248352
13301311.0,-1.9433,0.7951,9.9328,0.0426,-0.015,9.8065,-0.0307,-0.3782,0.1567,328.57,-80.01,165.92,52.20276,-2.200474,12.29,2,81.42,22 / 22,-6.856138267026226,-33.65603547099901,-0.9575170999985986,-121.882538603982,-240.14247344151136,8.332821573067964,False,115.90099999999984,1.6378025800061324,-4.558918918505696,-202.58637694909518,-112.93390410159589,4.844188888878119,160.23930000003529,8.493940847032357,29.09711655249331,-80.70383834511318,127.20856933991547
13301410.0,1.1131,1.639,10.3121,0.0145,-0.0214,9.8066,0.0266,-0.0401,0.0109,325.4,-79.66,165.32,52.20276,-2.200474,12.29,2,81.42,22 / 22,-7.066266542816892,-33.63257557959887,-0.926252899998548,-122.57169764207035,-243.47325968852132,8.239574958067955,False,116.0,1.5256753290884661,-4.396702921546355,-202.43795243542584,-113.36322771392338,4.653888888888889,160.863,8.591941871905357,29.235872658052514,-79.8662547933555,130.11003197459794
13301509.0,-0.7514,1.1265,9.1897,0.0195,-0.0211,9.8065,-0.0154,-0.2068,0.0652,328.16,-79.48,165.91,52.20276,-2.200474,12.29,2,81.42,22 / 22,-7.2346080495229215,-33.56517591495239,-0.9317721499985568,-123.27959093439232,-246.799548387507,8.14760271809295,False,116.09900000000016,1.4214402372533177,-4.071335605517385,-202.29627449051281,-113.77053472987878,4.3123388888833665,160.75409999999823,8.656048286776238,29.493840309435008,-79.0166835561205,133.02901365762824
13301610.0,0.261,1.5536,9.7502,0.014,-0.0265,9.8065,-0.0083,-0.0394,-0.0641,328.22,-79.3,166.07,52.20276,-2.200474,12.29,2,81.42,22 / 22,-7.4372011179125606,-33.52015080175015,-0.9657788499987479,-124.02051729735197,-250.18735738671953,8.051776392592547,False,116.20000000000073,1.3375404600225955,-3.755005633530467,-202.15854908087454,-114.15271169241436,3.9861111111010255,160.39399999997963,8.774741577935156,29.765145168219682,-78.13803178352256,136.03464569430517
13301709.0,-1.7365,0.6436,9.7521,0.04,-0.0107,9.8066,0.0337,-0.1506,0.0571,327.76,-78.95,165.33,52.20276,-2.200474,12.29,2,81.42,22 / 22,-7.66427096046162,-33.523051557413766,-0.9712733499987567,-124.7680401652327,-253.5059959035035,7.9558923086925155,False,116.29900000000089,1.27919623552268,-3.4842604973060793,-202.02361770475537,-114.49396892266101,3.7116611110965883,159.83959999997066,8.943467195984299,30.038791060107688,-77.25557753952266,139.0120269808425
13301810.0,0.8957,-0.3529,10.3909,0.0218,-0.0248,9.8065,0.0276,0.0423,-0.0449,325.17,-78.59,165.2,52.20276,-2.200474,12.29,2,81.42,22 / 22,-7.816913663369868,-33.59133418457895,-0.944523499999088,-125.5498399887265,-256.89527238343214,7.859144567768823,False,116.39999999999964,1.2774627605354556,-3.2627176158977136,-201.88596044230758,-114.83100074522828,3.503888888883978,158.61800000008398,9.094376423905324,30.328616568681234,-76.33612045358107,142.06427163820388
13301910.0,-2.0289,-0.2094,10.4045,0.0106,-0.0063,9.8066,0.0149,-0.183,0.1071,325.9,-78.26,165.19,52.20276,-2.200474,12.29,2,81.42,22 / 22,-7.95461586709774,-33.70713402427195,-0.8854184999988729,-126.33841646525275,-260.2601957938869,7.767647467768592,False,116.5,1.1588239220591685,-3.2111936197218656,-201.77692498687085,-115.15346603333055,3.4138888888888888,160.157,9.113439789156908,30.495940404550087,-75.4385085216181,145.10672976055636
13302010.0,0.5621,-1.1667,9.7722,-0.0104,-0.0163,9.8066,-0.0199,0.1043,-0.0138,328.75,-78.18,166.62,52.20276,-2.200474,12.29,2,81.42,22 / 22,-8.086700898576671,-33.86594925560886,-0.8572484999987704,-127.14048230353939,-263.6388499578932,7.680514117768393,False,116.60000000000036,1.201833012254472,-2.9429461392499707,-201.6406306675855,-115.44257284205659,3.1788888888841593,157.78599999996408,9.288533910831143,30.923003116358892,-74.50014836404611,148.19627711583664
13302110.0,-0.5377,1.2585,9.4475,-0.0076,-0.0005,9.8066,0.021,-0.0525,0.025,332.71,-78.19,167.37,52.20276,-2.200474,12.29,2,81.42,22 / 22,-8.196617096594537,-33.90907996763049,-0.8769284999988419,-127.9546482033009,-267.02760141906754,7.593805267768197,False,116.70000000000073,1.1960086269868753,-2.662606938663154,-201.51115106428108,-115.69832117279925,2.9188888888829263,155.8109999999966,9.392625723581412,31.246473028967337,-73.55650286098017,151.3292802462683
13302210.0,-0.0441,0.7798,9.0497,-0.0044,-0.0242,9.8066,-0.002,0.0078,-0.1052,331.02,-78.06,167.81,52.20276,-2.200474,12.29,2,81.42,22 / 22,-8.382694858949272,-33.881685911323004,-0.9327334999980298,-128.78361380106602,-270.4171397129659,7.50332216776967,False,116.79999999999927,1.1329770042787228,-2.5112522987049855,-201.39530089288536,-115.96518899737619,2.7549999999955634,155.71700000003858,9.515671863227995,31.37043361261802,-72.61168709181933,154.4519507155897
13302310.0,1.3534,-0.9174,9.7319,0.035,-0.013,9.8065,-0.0245,-0.2547,0.1319,329.17,-77.85,168.15,52.202793,-2.199412,4.02,3,170.27,22 / 22,-8.43283655113578,-33.90604497964274,-0.9743184999981811,-129.62439037157333,-273.8065262575265,7.407969567769513,False,116.89999999999964,1.038242354227067,-2.419717829105953,-201.2862654374144,-116.20981783569215,2.6330555555484008,156.77700000005441,9.471078905362848,31.48632715053679,-71.66187506584106,157.59670842183436
13302410.0,1.9431,0.0537,11.1072,0.0252,-0.0643,9.8064,0.1589,0.1876,-0.263,333.33,-77.33,168.11,52.202793,-2.199412,4.02,3,170.27,22 / 22,-8.377525701435161,-33.91516270281764,-0.9130284999979581,-130.46490848420493,-277.19758664166187,7.313602217769363,False,117.0,0.9463877439082956,-2.3160475472810536,-201.19085941396486,-116.44332718156602,2.5019444444444443,157.774,9.323913445343457,31.599115155536587,-70.72595092975993,160.75425946009585
13302510.0,-0.5468,-2.9652,9.9742,-0.0314,-0.0049,9.8065,0.0786,0.1539,-0.068,333.34,-76.98,167.85,52.202793,-2.199412,4.02,3,170.27,22 / 22,-8.363575487163992,-34.06026299690337,-0.839623499997691,-131.30196354363792,-280.5963579266603,7.225969617769262,False,117.10000000000036,0.943798503505291,-2.208751117480585,-201.08863867447354,-116.66571703503078,2.401944444443025,156.86299999995987,9.307373990669284,31.851511879422784,-69.78667513083562,163.9306408916295
13302610.0,0.0146,-0.684,8.9078,-0.0288,0.008,9.8065,-0.0519,0.2264,-0.0622,331.85,-77.07,169.34,52.202793,-2.199412,4.02,3,170.27,22 / 22,-8.417842298746438,-34.28264225389382,-0.876188499997824,-132.1410344329365,-284.0135031892126,7.1401790177691735,False,117.20000000000073,0.9947453397930351,-2.1002241015779863,-200.979603219056,-116.86586790293765,2.3238888888862714,154.65599999996664,9.412587638539472,32.18241815231583,-68.83856878611951,167.14763528627495
13302710.0,-0.3574,0.7551,12.7826,-0.0389,-0.0091,9.8065,0.2137,-0.0403,-0.1367,331.88,-77.03,169.59,52.202793,-2.199412,4.02,3,170.27,22 / 22,-8.547145939541966,-34.33682215365144,-0.7723334999993352,-132.98928384483858,-287.44447640953996,7.057752917770515,False,117.29999999999927,0.9963972964430902,-2.0195163303317485,-200.87056776361285,-117.07713826397166,2.2519444444382604,153.73899999987293,9.543543235985057,32.31730582331969,-67.88128391877427,170.36733814556828
13302810.0,0.2474,-0.7835,12.5985,0.0266,-0.0529,9.8064,0.0654,0.09,0.1401,333.53,-76.74,170.65,52.202793,-2.199412,4.02,3,170.27,22 / 22,-8.665391618786071,-34.38908642031293,-0.483943499998286,-133.84991072275812,-290.88077183825067,6.994939067770406,False,117.39999999999964,1.0332213807694657,-1.8074695704431338,-200.74790287623466,-117.24393065389492,2.08194444444543,150.24599999992404,9.698612999555536,32.581616849869796,-66.89799215347654,173.63684118435575
13302910.0,-0.2762,-1.6427,10.6895,-0.039,0.0555,9.8064,0.3454,0.0977,-0.1204,333.86,-76.77,172.13,52.202793,-2.199412,4.02,3,170.27,22 / 22,-8.727110208672883,-34.54408630701782,-0.3002084999976175,-134.71953581413425,-294.32743047462975,6.955731467770468,False,117.5,1.0861632969542492,-1.7972894292098518,-200.63205270487208,-117.43296202936193,2.0999999999999996,148.85399999999998,9.813273505627132,32.74679687780797,-65.91251689073783,176.89446844526782
13303009.0,0.8359,-1.0056,11.6136,-0.0311,0.0274,9.8065,0.2516,0.0155,-0.0964,334.19,-76.38,171.86,52.202793,-2.199412,4.02,3,170.27,22 / 22,-8.7577974245375,-34.6944226840116,-0.16706339999740213,-135.58503874197956,-297.7547366696912,6.932601508720677,False,117.59900000000016,1.0878553900721168,-1.6794434619386662,-200.51736103518823,-117.587078197883,2.0009999999983994,147.0660599999711,9.845652814609616,33.01497922207293,-64.93232229320867,180.16765847180824
13303110.0,1.3301,0.6068,9.474,0.0439,-0.0313,9.8065,0.0044,-0.1491,0.2033,334.04,-76.2,171.81,52.202793,-2.199412,4.02,3,170.27,22 / 22,-8.766223789963833,-34.71004352543448,-0.09261124999698372,-136.47000181331686,-301.2596622132879,6.919487938895887,False,117.70000000000073,1.0427704290211048,-1.4525055945253345,-200.4003523621033,-117.7331883305145,1.7880555555598099,144.3250000000403,9.808994218984939,33.257537930909145,-63.930350548786436,183.52647388277342
13303210.0,3.0021,-0.7826,12.5391,-0.0224,0.0299,9.8065,0.0882,-0.0074,-0.0563,337.14,-75.81,172.17,52.202793,-2.199412,4.02,3,170.27,22 / 22,-8.681640032273808,-34.67321208225766,0.027378750001270227,-137.34239500441603,-304.728824993622,6.916226313896149,False,117.79999999999927,1.0808390087113149,-1.5686975607866664,-200.2913169066604,-117.88886122800722,1.904999999992178,145.4329999999379,9.762479040985124,33.104514521470996,-62.948921902244365,186.8399637656148
13303310.0,0.0629,-1.0481,11.2452,0.0313,-0.0504,9.8065,-0.2475,-0.2681,0.1978,337.02,-75.86,172.04,52.202793,-2.199412,4.02,3,170.27,23 / 23,-8.621305783371822,-34.73678798062365,0.235928750002029,-138.20754229520145,-308.1993249967787,6.929391688896362,False,117.89999999999964,0.9998841046537411,-1.3624726702775376,-200.17546673526383,-118.02229513994483,1.6899999999977566,143.72599999999568,9.621189888025564,33.37431531034611,-61.967924440062376,190.17702985683388
13303410.0,-2.1581,0.6166,8.5879,-0.0018,-0.0118,9.8066,-0.1269,-0.1141,0.1336,339.48,-75.73,172.4,52.202793,-2.199412,4.02,3,170.27,23 / 23,-8.827094729148918,-34.829174718831425,0.24691875000206903,-139.07996232083067,-311.6776231317641,6.9535340638966545,False,118.0,0.9773927870733224,-1.3279826458498158,-200.08687542774015,-118.15572905187277,1.6488888888888888,143.64700000000002,9.80448751622224,33.50119207298161,-61.00691310690948,193.52189407989135
13303510.0,-1.3984,-1.8032,10.166,0.048,-0.0506,9.8063,0.011,-0.1813,0.2473,339.73,-75.39,172.87,52.202793,-2.199412,4.02,3,170.27,23 / 23,-9.091448281232376,-34.980567133530116,0.20394875000191276,-139.97588947135299,-315.16811022439487,6.976077438896936,False,118.10000000000036,0.9705586977288634,-1.2883959172408908,-199.98465468824895,-118.2891629638096,1.6130555555529535,143.00899999994883,10.06200697896124,33.692171216289225,-60.008765216895966,196.87894726058528
13303610.0,-1.1774,-0.8397,9.3894,-0.011,-0.0204,9.8065,-0.0805,-0.189,-0.0144,340.35,-75.28,173.78,52.202793,-2.199412,4.02,3,170.27,23 / 23,-9.285510225820511,-35.181447120382735,0.20105375000190231,-140.89473739670896,-318.6762109371033,6.9963275638972,False,118.20000000000073,0.941020390982005,-1.1293275095201427,-199.88243394881218,-118.37811890533875,1.470000000001021,140.1970000000765,10.226530616802517,34.05211961086259,-58.987696552103216,200.29809203176455
13303710.0,2.6937,-0.3436,11.1786,0.0375,-0.0427,9.8064,-0.1266,-0.1719,0.1818,337.7,-75.26,173.6,52.202793,-2.199412,4.02,3,170.27,23 / 23,-9.313458420274602,-35.24039845932292,0.2487887500012077,-141.82468582900017,-322.1973032160373,7.018819688897028,False,118.29999999999927,0.9161014799213418,-1.18529680924365,-199.78702792527665,-118.51155281727235,1.4980555555510384,142.29999999993197,10.229559900195943,34.055101650079266,-57.96234209627647,203.68575039876498
13303810.0,1.8124,0.3518,9.9108,0.0218,-0.0096,9.8066,-0.0035,0.0408,0.0223,337.9,-74.89,173.9,52.202793,-2.199412,4.02,3,170.27,23 / 23,-9.221998796883394,-35.192141748944884,0.3225937500014762,-142.75145868986144,-325.7189302264635,7.047388813897266,False,118.39999999999964,0.8751953355668962,-1.0590579793521424,-199.70525133372524,-118.60050875950903,1.3738888888944671,140.4299999998746,10.09719413245029,34.133083769592744,-56.95379264386381,207.1184214669545
13303910.0,-0.7896,-1.1743,11.1805,-0.0107,-0.0197,9.8066,-0.0345,0.1223,-0.0753,337.39,-74.86,173.7,52.202793,-2.199412,4.02,3,170.27,23 / 23,-9.275439992318478,-35.24879378274613,0.39649375000174514,-143.6763306293249,-329.24097700306083,7.083343188897557,False,118.5,0.9851812794515702,-1.0992369439587837,-199.58940116233555,-118.72282317830474,1.4761111111111112,138.132,10.260621271770049,34.14955683878734,-55.913070533010654,210.5181538247561
13304009.0,1.0729,0.9738,9.7579,-0.0155,-0.0161,9.8065,0.0305,0.0909,-0.0946,338.13,-74.77,174.13,52.202793,-2.199412,4.02,3,170.27,23 / 23,-9.373660253427635,-35.29001664493128,0.46208620000185124,-144.5994610914908,-332.7326481192365,7.125842896422804,False,118.59900000000016,1.114297000632829,-1.2438632579336628,-199.4747094926517,-118.85492275042247,1.6699861111142458,138.14487000000022,10.487957254060465,34.04615338699762,-54.87524840116089,213.87772536881403
13304110.0,1.2891,-0.5167,9.4526,0.0,-0.0195,9.8065,-0.0338,0.0458,0.0255,338.85,-74.45,174.52,52.202793,-2.199412,4.02,3,170.27,23 / 23,-9.39019671922512,-35.261336435186465,0.441744800001737,-145.5470358686151,-336.29549144980246,7.171486361923241,False,118.70000000000073,1.134306543858,-1.1311828621794697,-199.35088610358488,-118.9563325234889,1.6019444444573592,134.92099999991746,10.524503263083119,34.13015357300699,-53.80385023496979,217.33915892631356
13304210.0,0.4279,1.8892,9.2165,-0.0063,-0.0168,9.8066,-0.0309,0.0774,-0.0381,337.64,-74.36,175.27,52.202793,-2.199412,4.02,3,170.27,23 / 23,-9.454206212557562,-35.20311258780314,0.3945348000024241,-146.48925601519053,-339.81871390090066,7.213300341922841,False,118.79999999999927,1.4392983354292086,-1.3259154800720971,-199.20096235236744,-119.08976643613143,1.9569444444501944,132.6519999998967,10.89350454798677,33.87719710773104,-52.711706337176906,220.72894746476925
13304310.0,0.586,-0.0116,11.4363,-0.0253,-0.0355,9.8064,-0.1515,-0.0661,-0.0045,338.18,-74.39,175.68,52.202793,-2.199412,4.02,3,170.27,22 / 22,-9.560024282732162,-35.13438478790236,0.4465098000026132,-147.43996753995847,-343.33558876969875,7.255352571923246,False,118.89999999999964,1.6246360708594383,-1.3541723070928957,-199.03059445323242,-119.22320034806906,2.1150000000083518,129.81199999987183,11.1846603535916,33.78021248080947,-51.59062691327395,224.1123884216297
13304410.0,-0.5858,-1.3924,10.4023,0.0166,-0.0114,9.8066,-0.0331,-0.1132,0.2737,339.78,-74.33,176.91,52.202793,-2.199412,4.02,3,170.27,22 / 22,-9.653778847119233,-35.234410827164474,0.557774800003018,-148.40065769645454,-346.8540285504649,7.30556680192371,False,119.0,1.8002606959344836,-1.3795424711693032,-198.83978240625206,-119.35663425999698,2.2680555555555553,127.463,11.454039543053716,33.85486835599517,-50.43912470979751,227.4973942904679
13304510.0,0.9602,0.8953,9.7255,0.0368,-0.0053,9.8065,0.0034,-0.2424,0.3004,340.34,-74.14,178.52,52.202793,-2.199412,4.02,3,170.27,22 / 22,-9.745446678924816,-35.28425837260638,0.5834998000031117,-149.37061897276027,-350.3799620104663,7.362630531924224,False,119.10000000000036,2.079791042989452,-1.4773750772067287,-198.6285262113698,-119.5011876643597,2.5511111111145466,125.38799999989237,11.825237721914268,33.80688329539965,-49.25790723860953,230.87877434610658
13304610.0,-3.0275,0.3399,10.0917,-0.0207,0.023,9.8065,0.0612,-0.3314,0.1294,342.27,-74.16,178.85,52.202793,-2.199412,4.02,3,170.27,22 / 22,-9.983719712483902,-35.28597968340249,0.5936948000031489,-150.35707729233428,-353.9084739132796,7.421490261924752,False,119.20000000000073,2.385457213399815,-1.3480333390147297,-198.38319643663894,-119.61238259144677,2.7400000000103684,119.47099999992317,12.369176925883718,33.93794634438776,-48.02611914430466,234.29609132183282
13304710.0,-0.5654,1.6455,9.6551,0.0048,0.0104,9.8066,-0.0011,-0.1403,0.2044,340.76,-74.18,179.33,52.202793,-2.199412,4.02,3,170.27,22 / 22,-10.30606230167545,-35.277209913114525,0.6003698000030517,-151.37156639302748,-357.4366333930541,7.481193491924193,False,119.29999999999927,2.686637021334847,-1.3901821879298835,-198.1174225140253,-119.74581650338158,3.0250000000074175,117.3589999999319,12.992699323010296,33.887027725184645,-46.745856120997814,237.6908168896725
13304810.0,-2.032,1.5179,9.3294,-0.0113,-0.0197,9.8065,-0.0111,-0.167,-0.001,342.44,-74.11,-179.38,52.202793,-2.199412,4.02,3,170.27,22 / 22,-10.598849249294627,-35.196646717402935,0.5689298000029374,-152.41681197057977,-360.9603262245928,7.539658471924705,False,119.39999999999964,2.914662918358386,-1.389411216759037,-197.8243897275651,-119.86813092289411,3.2288888889075036,115.48699999987033,13.513512167653014,33.8072355006439,-45.40757775698532,241.09219530169867
13304910.0,-3.2377,3.2992,8.5373,-0.046,0.0168,9.8065,0.2056,0.241,-0.2305,344.42,-74.04,-179.38,52.202793,-2.199412,4.02,3,170.27,22 / 22,-11.038952163239252,-35.06520503710141,0.4815998000026197,-153.4987020412104,-364.4734188123308,7.592184951925174,False,119.5,3.2834937806734867,-1.4012739176472717,-197.4972833613092,-120.00156483411473,3.57,113.111,14.322445943912738,33.66393111945413,-43.99858132009879,244.47185397821607
13305010.0,-4.9833,0.3141,9.0616,0.0039,-0.0158,9.8066,0.1303,-0.1766,-0.0626,345.8,-73.92,-178.88,52.202793,-2.199412,4.02,3,170.27,22 / 22,-11.605406630578692,-35.017835211024945,0.38087980000225335,-154.63091998090542,-367.9775708247499,7.635308931925574,False,119.60000000000036,3.415224985067074,-1.211944297577353,-197.14973284711425,-120.10164026806795,3.623888888895149,109.53799999993362,15.020631615645765,33.80589091344759,-42.51881286620883,247.8759305566819
13305109.0,-0.9152,1.7423,8.3155,-0.0577,0.0206,9.8064,0.1977,0.5375,-0.4035,344.31,-73.64,-179.47,52.202793,-2.199412,4.02,3,170.27,22 / 22,-12.034871641096652,-35.01453946417777,0.2701879000020745,-155.80111375535523,-371.444173371178,7.667536783075841,False,119.69900000000052,3.812439315495939,-1.0876086294842233,-196.76517842524575,-120.2007149483817,3.9646138889006584,105.92548999987521,15.84731095659259,33.92693083469355,-40.96406466989052,251.24345842279632
13305209.0,4.4775,1.3754,9.4354,0.0116,-0.0119,9.8066,-0.0055,0.2655,-0.1395,346.78,-73.5,-179.27,52.202793,-2.199412,4.02,3,170.27,22 / 22,-12.021223363264799,-34.846130979121355,0.17706790000173578,-157.00391850557767,-374.93720689335566,7.689899573076112,False,119.79900000000089,4.054396620462873,-0.9087449626838824,-196.35649990886753,-120.27877378593786,4.1550555555654505,102.63486999982781,16.07561998372767,33.93738601643747,-39.35258140328986,254.6584331074178
13305309.0,2.4121,1.4391,10.1651,-0.0022,0.0097,9.8066,0.0417,-0.547,0.2072,344.79,-73.52,-179.09,52.202793,-2.199412,4.02,3,170.27,22 / 22,-11.842556818004102,-34.64763526198306,0.17642790000174516,-158.19710751462375,-378.41189520536034,7.707574363076029,False,119.89899999999943,4.254435383039559,-0.591843039868651,-195.9273772445557,-120.3125770443166,4.295544444451778,97.92127999975231,16.096992201043662,34.05579222211441,-37.73026972993193,258.09931816104375
13305410.0,2.0951,1.0276,9.0649,-0.0574,-0.0191,9.8064,-0.0713,-0.2244,0.3404,348.54,-73.46,-178.08,52.202793,-2.199412,4.02,3,170.27,22 / 22,-11.773217969085936,-34.492713709031946,0.15707125000163646,-159.3897041413785,-381.9034828284162,7.724416070151294,False,120.0,4.528395062479523,-0.4732367801496218,-195.47331271987017,-120.35738860021839,4.553055555555555,95.966,16.30161303156546,34.01947692888233,-36.08360857849166,261.54609422819783
13305510.0,2.7175,-0.0018,11.0985,-0.0205,0.0194,9.8065,0.0668,-0.5589,0.2442,352.43,-73.48,-178.86,52.202793,-2.199412,4.02,3,170.27,22 / 22,-11.668347150229758,-34.41446738667768,0.18457625000173655,-160.56178239734854,-385.3488418832142,7.741498445151525,False,120.10000000000036,4.7659442908153,-0.26045028951282384,-194.99628260237066,-120.36850809193615,4.773055555560174,93.12799999993744,16.43429144104506,34.154017097164854,-34.43450020502212,264.9803337912781
13305610.0,-4.0984,-0.4018,9.3168,-0.0215,-0.0274,9.8065,-0.1218,-0.2941,0.3784,350.2,-73.21,-178.81,52.202793,-2.199412,4.02,3,170.27,22 / 22,-11.85463483225155,-34.460296909872945,0.22467625000188252,-161.73793149647688,-388.79258009805426,7.761961070151781,False,120.20000000000073,5.026870390446666,0.027285989636749688,-194.49880833701073,-120.34626910708354,5.026944444449761,89.68899999985706,16.881505222698216,34.4875828995097,-32.760876840533854,268.4463109909707
13305710.0,-3.78,0.3594,11.1929,-0.0452,0.0282,9.8065,0.0806,-0.5422,0.4581,352.95,-72.93,-178.7,52.202793,-2.199412,4.02,3,170.27,22 / 22,-12.365429113571931,-34.52874318145732,0.2694962500012304,-162.94893469375043,-392.2420321025706,7.786669695151577,False,120.29999999999927,5.158897441967749,0.38246694528946695,-193.98770463967094,-120.29067164424916,5.173055555566793,85.75999999998989,17.52432655553968,34.91121012674679,-31.038769945920507,271.95136045832146
13305810.0,-1.016,0.5037,8.7306,-0.0258,0.01,9.8066,-0.1729,-0.2451,-0.0045,351.34,-72.91,-179.89,52.202793,-2.199412,4.02,3,170.27,22 / 22,-12.731826861719613,-34.52404661161181,0.28500625000128693,-164.20379749251958,-395.6946715922366,7.814394820151803,False,120.39999999999964,5.464910047002038,0.43182527736227583,-193.43571264654926,-120.2461936731293,5.481944444446354,85.48199999985769,18.19673690872165,34.95587188897409,-29.23191515402968,275.4484779191073
13305910.0,2.5531,1.6407,10.0628,-0.0004,0.0255,9.8065,-0.0396,-0.4223,0.1171,349.51,-73.07,-179.68,52.202793,-2.199412,4.02,3,170.27,22 / 22,-12.7975875925471,-34.41375843475889,0.24401125000113785,-165.48026821523757,-399.14156184456766,7.840845695152021,False,120.5,5.474330170570062,0.6843867230395204,-192.8973500854,-120.15723773231556,5.516944444444444,82.874,18.271917763117163,35.09814515779841,-27.417081870162434,278.9843241122521
13306010.0,-1.2278,-0.6763,10.2229,-0.0325,-0.0091,9.8066,0.0189,-0.4317,0.3596,350.18,-73.16,-179.11,52.202793,-2.199412,4.02,3,170.27,22 / 22,-12.863955869025517,-34.36574810403005,0.27763125000126015,-166.76334538832086,-402.5805371715196,7.866927820152236,False,120.60000000000036,5.774039858484981,0.64541747160739,-192.31128451248338,-120.10164026806451,5.810000000002546,83.62199999997914,18.6379957275105,35.011165575637435,-25.547939124162525,282.4788969034551
13306110.0,2.2817,1.9694,8.7072,-0.0307,-0.0121,9.8065,-0.0705,-0.3399,0.1136,345.57,-73.16,-178.97,52.202793,-2.199412,4.02,3,170.27,22 / 22,-12.954377690138328,-34.302031646904965,0.2434712500011359,-168.05426206628374,-406.01392615907884,7.892982945152451,False,120.70000000000073,5.898743893917554,0.7793076889308834,-191.725218939512,-120.0126843272443,5.9500000000048,82.47399999995183,18.85312158405588,35.08133933583585,-23.67095687322825,286.00124183183453
13306209.0,-3.8917,-0.3994,9.3296,-0.0258,0.0289,9.8065,0.0251,-0.6241,0.4623,348.05,-73.2,-178.76,52.202793,-2.199412,4.02,3,170.27,22 / 22,-13.173838668831694,-34.257075916145276,0.16543450000100976,-169.34760877605484,-409.4076019834553,7.91322377977759,False,120.79900000000089,6.008427934332856,0.9341321387227475,-191.13152088468425,-119.92461794513223,6.080625000006911,81.16323999993064,19.18226660316455,35.19120805486802,-21.78391210862941,289.4829840383231
13306310.0,3.9316,-0.1485,9.221,-0.0403,-0.0118,9.8065,-0.26,-0.1304,0.0649,348.13,-73.3,-178.63,52.202793,-2.199412,4.02,3,170.27,22 / 22,-13.289114230247499,-34.300003005432025,0.11176815000167475,-170.6839878974418,-412.86973446895206,7.927222513602553,False,120.89999999999964,6.160655496092697,1.127913449934998,-190.50538478187894,-119.80141396691377,6.263055555564059,79.62500000004256,19.449769726340197,35.427916455367026,-19.82139688443715,293.0683205020383
13306409.0,-3.3189,-0.642,8.2702,-0.0224,0.0752,9.8063,-0.3127,-0.4448,0.2543,346.8,-73.3,-179.71,52.202793,-2.199412,4.02,3,170.27,22 / 22,-13.370238142027251,-34.352618131774,0.006724200001505018,-172.00362583987152,-416.26803921524925,7.93308788492772,False,120.9989999999998,6.327408029848054,1.0704976989601154,-189.88470045192082,-119.70233928660724,6.417330555555329,80.39719999999886,19.697646171875306,35.42311583073412,-17.881074612049304,296.565699928642
13306510.0,-1.1907,2.2128,10.0087,-0.0382,0.0331,9.8065,-0.0154,0.1547,-0.0547,348.8,-73.81,-179.87,52.202793,-2.199412,4.02,3,170.27,22 / 22,-13.729622729143792,-34.341137825556466,-0.06066299999887356,-173.37216881387334,-419.73707389111394,7.930363975527838,False,121.10000000000036,6.509838614417824,1.2565433594871502,-189.22421818061926,-119.56790462032306,6.630000000002763,79.07500000000135,20.239461343561615,35.59768118504362,-15.852049366745916,300.16916927079086
13306609.0,-1.2431,-0.2818,9.9165,-0.0208,-0.0215,9.8066,0.0231,-0.1558,0.1327,348.69,-73.54,-179.89,52.202793,-2.199412,4.02,3,170.27,22 / 22,-13.987076096826243,-34.28518952988683,-0.045223949998848614,-174.7441454057611,-423.13407709521385,7.925122571502942,False,121.19900000000052,6.659175302125508,1.2765370083609178,-188.56305443774536,-119.44681334500649,6.780425000005196,79.14826000000254,20.64625139895175,35.56172653824775,-13.818909031984276,303.68726375020736
13306709.0,0.3508,2.5463,9.9882,-0.0194,0.0152,9.8066,-0.0568,-0.0569,-0.0036,349.21,-73.48,-179.59,52.202793,-2.199412,4.02,3,170.27,22 / 22,-14.173893201404058,-34.196860854523955,-0.030653949998795546,-176.15219387067773,-426.55817961444683,7.9213286765030455,False,121.29900000000089,6.747503346449091,1.4656522920955757,-187.88846570445756,-119.2914740329891,6.904869444450949,77.74517999992572,20.92139654785315,35.66251314661953,-11.736271833779824,307.2667055814577
13306810.0,-0.8615,-0.107,8.7269,0.0018,0.0375,9.8065,-0.1471,-0.2564,0.1862,349.31,-73.5,-179.51,52.202793,-2.199412,4.02,3,170.27,22 / 22,-14.345636332507588,-34.09409570474175,-0.07601304999823338,-177.59243011212243,-430.006872920647,7.915941993003262,False,121.39999999999964,6.890707947811369,1.727246746611095,-187.1934328232282,-119.11200542167637,7.103888888891072,75.92800000004786,21.236344280318956,35.82134245135284,-9.601002711105764,310.89486749897065
13306910.0,1.3682,1.4493,10.7182,-0.0376,0.0394,9.8064,-0.0415,0.0594,-0.0915,348.64,-73.82,-179.76,52.202793,-2.199412,4.02,3,170.27,22 / 22,-14.45620820409714,-34.0367824666745,-0.08442304999826392,-179.0325223389579,-433.41341682923024,7.907920188003408,False,121.5,6.955281839144991,1.6307062871191766,-186.49833179491748,-118.95633252348404,7.14388888888889,76.805,21.411490043242132,35.66748875379368,-7.4658094559595725,314.4570843057462
13307010.0,-0.7735,1.1721,8.6029,0.0091,-0.0344,9.8065,-0.0675,-0.0311,0.0944,347.62,-73.88,179.47,52.202793,-2.199412,4.02,3,170.27,22 / 22,-14.575563428699095,-33.91906911741691,-0.09903304999831704,-180.484110920603,-436.81120940844716,7.8987473830035455,False,121.60000000000036,7.182063277989393,1.740708784087053,-185.7827866186414,-118.77842064113588,7.390000000002854,76.37599999997448,21.757626706688487,35.659777901503965,-5.298675698038409,318.0327887673113
13307110.0,-2.8851,0.106,7.259,0.0159,0.0165,9.8066,0.3326,0.3701,-0.2099,348.78,-73.82,178.95,52.202793,-2.199412,4.02,3,170.27,22 / 22,-14.890261682491676,-33.90859697347488,-0.2866030499989993,-181.9574021761679,-440.2025927130041,7.879465578003609,False,121.70000000000073,7.288867271469016,1.9567279694716595,-185.0536120104583,-118.57826977322902,7.546944444449356,74.97299999998297,22.179128953960692,35.865324942946536,-3.0962098342903914,321.6243229397751
13307210.0,1.3809,-0.6741,11.7698,0.067,-0.037,9.8063,0.1298,0.2032,-0.3069,350.22,-73.75,179.73,52.202793,-2.199412,4.02,3,170.27,22 / 22,-15.08117212269715,-33.96579385934673,-0.31582804999857395,-183.45597386640554,-443.5963122545958,7.849344023004169,False,121.79999999999927,7.402734728563013,2.052264355804822,-184.31080797032806,-118.3669994128999,7.681944444447688,74.50499999995935,22.483906851260166,36.018058215151555,-0.8548341039225136,325.2293128416959
13307310.0,1.0249,1.6889,10.0246,-0.0211,-0.0276,9.8066,-0.1144,0.0284,0.1349,351.81,-73.55,179.22,52.202793,-2.199412,4.02,3,170.27,22 / 22,-15.091155421562359,-33.90600276719322,-0.20677304999817717,-184.964590243624,-446.9899020859351,7.823213968004236,False,121.89999999999964,7.446766063116894,2.2216757420119593,-183.56800393023704,-118.13349006630233,7.771111111123934,73.38800000000158,22.537921484679252,36.12767850920518,1.3965863133869618,328.8564120196328
13307409.0,-1.0907,-1.5549,9.9946,-0.0265,0.0106,9.8065,-0.0566,-0.0092,0.0218,354.45,-73.37,179.4,52.202793,-2.199412,4.02,3,170.27,22 / 22,-15.220608654265261,-33.90288502424736,-0.18668099999814464,-186.46502256537988,-450.34644203161685,7.803737992529387,False,121.9989999999998,7.670851822773279,2.284343248942877,-182.80564165534932,-117.91332411208852,8.003761111110768,73.41670999999997,22.89146047703854,36.187228273190236,3.6593809100305634,332.43311791952834
13307511.0,0.7339,1.4638,9.809,-0.0156,0.0498,9.8064,-0.0359,-0.0845,0.0031,354.56,-73.61,179.31,52.202793,-2.199412,4.02,3,170.27,22 / 22,-15.363389800591436,-33.911504518726616,-0.17697569999807122,-188.02480648658937,-453.80497589833465,7.7851915008294394,False,122.10100000000057,7.768175251758525,2.3742390988024313,-182.01315833585,-117.66391389122865,8.122911111114778,73.00509999998391,23.131565052349963,36.28574361752905,6.011648150739376,336.14106200710603
13307610.0,-1.0731,-0.0469,9.1151,-0.0017,0.0109,9.8066,-0.1136,-0.1202,0.1738,352.46,-73.69,179.47,52.202793,-2.199412,4.02,3,170.27,22 / 22,-15.507957960103598,-33.84942407637249,-0.21109109999812636,-189.55293820074624,-457.15914186379746,7.765982194229597,False,122.20000000000073,7.9047499066909,2.534437726945347,-181.23055635449785,-117.41072304379473,8.301111111116022,72.22300000001742,23.4127078667945,36.38386180331784,8.32238184624839,339.7484188200027
13307710.0,1.5052,3.427,9.2892,-0.0193,0.0556,9.8064,0.0022,-0.0771,0.1825,349.5,-74.23,178.83,52.202793,-2.199412,4.02,3,170.27,22 / 22,-15.640475513466834,-33.68627206208969,-0.2715410999972467,-191.1103598744021,-460.5359266706714,7.741850584230179,False,122.29999999999927,8.054555753946914,2.50840632386771,-180.4264198707063,-117.1660942054822,8.43611111111387,72.70199999999203,23.695031267413746,36.1946783859574,10.683940003695795,343.36983246518923
13307809.0,3.9839,0.5244,8.745,-0.0091,-0.048,9.8065,0.0708,0.2687,-0.1878,347.04,-74.42,178.48,52.202793,-2.199412,4.02,3,170.27,22 / 22,-15.532379151959598,-33.45167705563944,-0.3497065499973731,-192.65341618034319,-463.8592551520044,7.711098825555396,False,122.39899999999943,8.116599195789036,2.5614636688709713,-179.62357818294612,-116.91290335734763,8.511186111115084,72.48518999998853,23.64897834774863,36.013140724510414,13.029837997397067,346.9463517946567
13307910.0,-2.6554,-0.2828,9.7422,0.0359,0.0061,9.8065,0.1167,-0.0922,0.0337,347.22,-74.2,178.77,52.202793,-2.199412,4.02,3,170.27,22 / 22,-15.592610135864003,-33.442400654220584,-0.40657459999769263,-194.2252281393871,-467.2374060763713,7.6729066274804305,False,122.5,8.317639077366126,2.54041784917857,-178.77725860735202,-116.65459754260166,8.696944444444444,73.016,23.91024921323013,35.98281850339915,15.447969532035074,350.58280853376965
13308011.0,1.1521,-0.3186,10.7253,0.0097,-0.0444,9.8065,0.1134,0.4086,-0.2683,347.97,-73.9,179.3,52.202793,-2.199412,4.02,3,170.27,22 / 22,-15.782847370366301,-33.50666482043403,-0.3634374999974501,-195.80968874346064,-470.6183338828604,7.634021016430458,False,122.60100000000057,8.415236299303794,2.6408715444338156,-177.93059829595424,-116.39606933798103,8.819888888890926,72.57712999999212,24.198083669670098,36.14753636486785,17.8790904475064,354.22226454487935
13308110.0,-2.3788,-1.8397,12.6224,0.0225,0.0179,9.8066,0.3742,-0.3514,0.1317,347.76,-73.86,179.26,52.202793,-2.199412,4.02,3,170.27,22 / 22,-15.940075410584052,-33.6403201088086,-0.1785846999971511,-197.3799734211202,-473.9421096368633,7.607190917530682,False,122.70000000000073,8.49165070067102,2.72735171736072,-177.09402376417077,-116.12086189414298,8.9188888888918,72.19399999997188,24.431726111255074,36.36767182616932,20.28594965694944,357.8212477427203
13308209.0,-2.1004,3.0933,9.3478,0.0065,-0.0827,9.8062,0.0815,-0.1153,0.0143,349.19,-73.78,-179.66,52.202793,-2.199412,4.02,3,170.27,22 / 22,-16.287365529216935,-33.6382506789541,-0.06191814999696239,-198.97523174764294,-477.2723988908629,7.595286026455954,False,122.79900000000089,8.529531419997145,2.8657551854911,-176.25070266359364,-115.8346461528039,8.99808888889308,71.42872999995951,24.81689694921408,36.504005864445205,22.724529084049294,361.43775273805903
13308310.0,3.2701,0.2099,8.4063,-0.0122,-0.0307,9.8065,0.0624,-0.0757,-0.1004,350.01,-73.3,-178.65,52.202793,-2.199412,4.02,3,170.27,23 / 23,-16.383452727360407,-33.478371568525866,-0.155807749995799,-200.62510806957965,-480.66178831431864,7.584290868506455,False,122.89999999999964,8.710777612723778,2.881488917515067,-175.3699006251752,-115.54264827528087,9.17500000000508,71.6960000000519,25.094230340084184,36.35986048604093,25.255207444404448,365.1191400390378
13308409.0,-1.6613,1.5323,11.5334,-0.0249,0.0154,9.8065,0.0677,-0.2932,0.3052,348.2,-73.45,-178.23,52.202793,-2.199412,4.02,3,170.27,23 / 23,-16.442677450609132,-33.39617354125686,-0.1396509499957728,-202.25000151339177,-483.97207829725824,7.569665662856849,False,122.9989999999998,8.84486844587079,2.765443187303074,-174.49959324940542,-115.26744083286373,9.267124999999865,72.6374899999986,25.28754589647992,36.161616728559935,27.750408263986344,368.7046374643945
13308510.0,3.5404,0.0971,11.0853,-0.0555,0.0052,9.8065,-0.2905,0.3763,0.0914,348.73,-73.67,-177.89,52.202793,-2.199412,4.02,3,170.27,23 / 23,-16.489363705944186,-33.313029424627324,0.012121750005080117,-203.91306959180704,-487.3408930470543,7.563225438257283,False,123.10000000000036,8.879259659415448,2.961139628708991,-173.6048891904542,-114.96443465643311,9.360000000001783,71.55699999999938,25.368623365359632,36.274169053336315,30.308180401352843,372.37645839062117
13308610.0,2.6135,1.7172,8.5861,-0.0153,0.0423,9.8065,-0.1902,0.1858,-0.0464,349.52,-73.71,-177.32,52.202793,-2.199412,4.02,3,170.27,23 / 23,-16.32589639310465,-33.179116092933384,0.015026750005090754,-205.55383259676546,-490.6655003229444,7.5645828632577965,False,123.20000000000073,8.97050180564567,2.997484319702683,-172.70534668316498,-114.66420835598848,9.458055555554534,71.52300000002096,25.296398198750317,36.17660041263607,32.848485913600484,376.00129196695593
13308710.0,0.6054,1.5559,11.3012,-0.0249,0.0521,9.8064,0.1441,0.0941,-0.1487,351.06,-74.13,-176.26,52.202793,-2.199412,4.02,3,170.27,23 / 23,-16.3175178328552,-33.00052034163077,0.028726750004891437,-207.1860033080397,-493.97448214462446,7.566770538258264,False,123.29999999999927,8.973484641071352,2.89852952315073,-171.8126188918444,-114.37510154514429,9.430000000006366,72.09899999998264,25.29100247392655,35.899049864781496,35.37338441619528,379.5993805994802
13308810.0,0.2216,-1.0503,9.1337,0.0218,-0.0224,9.8066,-0.0557,0.0738,0.0192,349.37,-74.27,-175.88,52.202793,-2.199412,4.02,3,170.27,23 / 23,-16.40142309113144,-32.97985087829815,0.06980675000504089,-208.82195035424496,-497.2735007056329,7.571697213258778,False,123.39999999999964,9.115117551044664,3.028309269318029,-170.89944695262093,-114.06375575085953,9.605,71.62199999999143,25.516540642176103,36.00816014761618,37.92250340162403,383.2097449547734
13308910.0,-0.645,0.3557,9.2371,-0.0023,0.033,9.8065,0.1345,0.1311,-0.2944,348.97,-74.33,-176.2,52.202793,-2.199412,4.02,3,170.27,23 / 23,-16.537984040025854,-33.03167888706657,0.007681750004814893,-210.46892071080882,-500.5740771939131,7.575571638259285,False,123.5,9.106785268053102,3.053274812651326,-169.98627501343682,-113.76352945043632,9.605,71.465,25.644769308078956,36.08495369971789,40.48264569737199,386.81054774347683
13309009.0,0.8738,-1.9322,9.6851,0.0153,-0.0343,9.8065,0.1135,0.2543,0.0954,349.02,-74.04,-176.1,52.202793,-2.199412,4.02,3,170.27,23 / 23,-16.632831660781168,-33.11993833701662,-0.026527699995240357,-212.11087608800142,-503.84858224651055,7.574638763734757,False,123.59900000000016,9.099344950100688,3.0873787658540457,-169.08898136242814,-113.45529711269393,9.60885000000006,71.25808999999666,25.732176610881858,36.20731710287067,43.021894725573276,390.3932851338166
13309110.0,-1.8799,1.9402,8.3426,0.0263,-0.0162,9.8065,0.1037,0.3991,-0.2259,348.53,-74.09,-176.46,52.202793,-2.199412,4.02,3,170.27,23 / 23,-16.806654716071158,-33.14470795053863,-0.10660049999569027,-213.79957015004194,-507.19494688405086,7.567915789635178,False,123.70000000000073,9.05147294563479,3.066924294590147,-168.18037528284984,-113.14083786045052,9.556944444450124,71.28199999998166,25.85812766170595,36.211632245128776,45.61919486719211,394.05410902360035
13309210.0,4.669,-1.1325,11.2304,0.0579,-0.0281,9.8064,0.2254,0.3011,-0.1945,347.83,-74.15,-175.27,52.202793,-2.199412,4.02,3,170.27,23 / 23,-16.799749951174228,-33.09011632853972,-0.10861549999566096,-215.47989038337977,-510.5066880979566,7.557154989635767,False,123.79999999999927,9.171552950151906,3.197821869309184,-167.267203343643,-112.81837257303839,9.713055555553694,70.77800000001866,25.971302901326133,36.2879381978489,48.21268703973678,397.6883155249182
13309311.0,3.8734,-1.2938,10.3209,0.0171,-0.0115,9.8066,0.1127,0.5754,-0.3285,347.16,-74.03,-175.74,52.202793,-2.199412,4.02,3,170.27,21 / 22,-16.474820518792946,-33.13382737710468,-0.010746499995111,-217.16025619212255,-513.8509972551104,7.551127208636199,False,123.90099999999984,9.15145920231802,3.1002909782223664,-166.34489968499904,-112.50380212587781,9.662355555557859,71.28489999996582,25.626279721110965,36.23411835532705,50.81535650712351,401.3471951292326
13309410.0,0.8227,0.8195,10.5525,0.0422,0.0,9.8065,0.0829,0.193,-0.0881,349.04,-74.07,-174.36,52.202793,-2.199412,4.02,3,170.27,21 / 22,-16.36195425228822,-33.121753971457956,0.05162845000498992,-218.7856765432937,-517.1306485318696,7.553150865161691,False,124.0,9.156689081780874,3.2100361639384114,-165.44085946523543,-112.18456149135747,9.703055555555554,70.681,25.518643334069097,36.33179013539637,53.34481707805827,404.9460870405121
13309510.0,-4.7448,0.1032,9.5796,-0.0228,-0.0175,9.8065,0.0615,0.6557,-0.1329,349.2,-74.05,-173.85,52.202793,-2.199412,4.02,3,170.27,21 / 22,-16.685434444459016,-33.12674235682027,0.07756845000508432,-220.43804597813707,-520.4430733482956,7.559610710162218,False,124.10000000000036,9.168336988537316,3.08637701831493,-164.52087281000445,-111.87321569565744,9.673888888888692,71.39499999999518,25.853771432996332,36.2131193751352,55.91717316813262,408.5698576526381
13309609.0,3.7522,0.6958,11.1034,0.0068,0.0131,9.8066,0.0254,0.8892,-0.5625,349.15,-74.11,-173.81,52.202793,-2.199412,4.02,3,170.27,21 / 22,-16.86203102847154,-33.11034407948865,0.13051860000517,-222.09864551904982,-523.7218091268982,7.569911019137742,False,124.19900000000052,9.143959250105475,3.1248561213377886,-163.61683259020185,-111.56498335931553,9.663163888888517,71.13264999999093,26.005990278577016,36.235200200826434,58.48181292884797,412.15682576758263
13309710.0,-7.5966,-2.445,11.3722,0.0563,0.0597,9.8063,0.0364,-0.1174,-0.0202,350.31,-74.25,-173.47,52.202793,-2.199412,4.02,3,170.27,21 / 22,-17.163343225476137,-33.23892146814515,0.27506475000337904,-223.8169269188529,-527.0724470370121,7.59039297831292,False,124.29999999999927,9.146519449354392,3.1290568634315536,-162.70134364755455,-111.25052410709193,9.666944444446052,71.11399999998714,26.309862674830526,36.3679783315767,61.115583271298334,415.8219229299202
13309810.0,-1.4112,1.1133,10.3808,-0.0189,-0.0457,9.8064,0.0176,0.7276,-0.303,350.65,-74.17,-172.81,52.202793,-2.199412,4.02,3,170.27,21 / 22,-17.718202572159697,-33.39064724423871,0.3820497500037683,-225.56100420874102,-530.4039254726434,7.623248703313397,False,124.39999999999964,9.168767881917455,3.199902270358616,-161.78817170830402,-110.92805882038087,9.71111111111017,70.7609999999879,26.88697045407715,36.59054951459732,63.772832500437005,419.47586665226254
13309910.0,-6.535,-0.2528,10.5943,0.0311,0.0274,9.8065,0.1939,-0.7866,0.3216,351.46,-74.13,-172.13,52.202793,-2.199412,4.02,3,170.27,21 / 22,-18.24057709841164,-33.4177287099269,0.4501397500040161,-227.35894319227614,-533.7443442703639,7.664858178313938,False,124.5,9.140062357785709,3.2296659093336895,-160.87499976920117,-110.60559353298594,9.693888888888889,70.539,27.38063945619735,36.64739461926059,66.48394342307498,423.1387507373779
13310010.0,-2.8652,0.159,12.6348,-0.0255,-0.0548,9.8064,0.2133,-0.2862,0.1573,350.34,-74.31,-171.84,52.202793,-2.199412,4.02,3,170.27,21 / 22,-18.826819171677002,-33.50480504492001,0.630929750004674,-229.2123130057873,-537.0904709581183,7.718911653314569,False,124.60000000000036,9.182576131159022,3.183880781374502,-159.95501311397047,-110.28312824627466,9.718888888887344,70.87699999998102,28.009395302836026,36.68868582629452,69.25729989181684,426.80734271184366
13310110.0,4.7707,2.6916,9.2495,0.0019,-0.0751,9.8063,-0.2531,-0.4787,0.4379,352.19,-74.12,-171.61,52.202793,-2.199412,4.02,3,170.27,21 / 22,-18.873826802372744,-33.36433251612593,0.7444797500050871,-231.09734530449666,-540.4339278361828,7.787682128315307,False,124.70000000000073,9.043309935354632,3.321198659609517,-159.05547060668047,-109.94954346643178,9.633888888889947,69.83400000004212,27.917136737727375,36.68553117573544,72.04187469781618,430.48438436975096
13310209.0,2.4138,1.8139,11.8324,-0.0796,0.0383,9.8062,0.0606,-0.2019,0.1756,353.71,-74.67,-171.02,52.202793,-2.199412,4.02,3,170.27,21 / 22,-18.670517483775562,-33.10331751451798,0.8171754500052048,-232.955790346664,-543.724076512705,7.864984060715941,False,124.79900000000089,9.135230681272562,3.1489982409415225,-158.15143038682425,-109.65231942689104,9.662763888890417,70.98042000006066,27.805748165048122,36.252315755459506,74.80435995983976,434.07175708581394
13310310.0,2.0734,2.6965,11.0149,-0.0101,0.0085,9.8066,-0.2402,-0.4199,0.3502,352.27,-74.46,-172.06,52.202793,-2.199412,4.02,3,170.27,21 / 21,-18.59788147091236,-32.85532687669819,0.9804924500031812,-234.83784449385243,-547.0549880544202,7.95576628966524,False,124.89999999999964,9.10939647620999,3.1659893778094985,-157.22912672822383,-109.32685187715894,9.643888888886556,70.83500000000245,27.70727794712235,36.02131625450769,77.6087177656286,437.7281361772612
13310410.0,-4.4453,1.2753,8.4932,-0.0323,0.0344,9.8065,-0.2189,-0.225,0.1623,351.42,-74.48,-172.22,52.202793,-2.199412,4.02,3,170.27,21 / 21,-18.865156388929368,-32.68572316635753,0.9752324500031622,-236.71099638685132,-550.3320405565848,8.053552534665913,False,125.0,9.071462302622539,3.144822134874949,-156.32958422097266,-109.01550608148159,9.601111111111111,70.88,27.936618691551907,35.83054530123248,80.38141216587866,441.31653447510325
13310511.0,-0.3473,0.6733,10.1399,-0.0506,0.0099,9.8064,-0.0803,-0.391,0.2555,352.92,-74.73,-171.67,52.202793,-2.199412,4.02,3,170.27,21 / 21,-19.242174755928925,-32.63115937409051,0.9257323500028841,-238.63541660967746,-553.630543124896,8.149551257066758,False,125.10100000000057,9.107226869883748,2.966365806946906,-155.40741685667476,-108.72339700973552,9.578149999998494,71.9587299999913,28.349401625812675,35.59752518103741,83.2279997530027,444.90714611516046
13310609.0,-3.3419,1.141,8.6508,-0.0423,0.0275,9.8065,-0.1374,-0.4032,0.2798,350.57,-74.86,-172.84,52.202793,-2.199412,4.02,3,170.27,21 / 21,-19.553920081229553,-32.58007644383302,0.8854249500029022,-240.53642525669738,-556.8258936799729,8.238297964767002,False,125.19900000000052,9.0166339772224,3.009872668763665,-154.52586519953465,-108.42917523391422,9.505738888886363,71.5402699999854,28.570554058451954,35.589949112596685,86.01056005716273,448.3967184460586
13310709.0,4.2368,3.1702,9.4547,-0.0473,0.0304,9.8064,-0.0726,-0.3541,0.2696,353.67,-75.21,-172.3,52.202793,-2.199412,4.02,3,170.27,21 / 21,-19.657604513555693,-32.37751567594444,0.810034950002628,-242.4970014864438,-560.0737732859735,8.323070959767586,False,125.29900000000089,8.881443741014866,3.1975878730056237,-153.64656239862757,-108.09592403884884,9.439549999996537,70.19949999992929,28.53904825457056,35.57510354895006,88.85043908781623,451.9778492471247
13310810.0,-1.936,0.9331,10.5034,-0.0423,0.0198,9.8065,-0.0786,-0.4876,0.315,351.32,-75.36,-172.44,52.202793,-2.199412,4.02,3,170.27,21 / 21,-19.690223875843508,-32.16948359830098,0.8274473500024123,-244.48406682008383,-563.3333967492825,8.405763815916815,False,125.39999999999964,9.010670754980806,3.044510980950405,-152.73141419177836,-107.79236188848817,9.5111111111057,71.33099999990702,28.700894630824315,35.213994579251384,91.75265262830547,455.54103486079435
13310910.0,3.7511,1.5842,11.6307,-0.0443,0.028,9.8064,-0.1006,-0.1902,0.0902,350.2,-75.44,-173.29,52.202793,-2.199412,4.02,3,170.27,21 / 21,-19.744025099891886,-32.038145157627845,0.9534873500028709,-246.45577926887776,-566.5437781870907,8.494810550917403,False,125.5,8.82319104697767,3.2765832774159365,-151.85913054842027,-107.45877710796104,9.411944444444446,69.627,28.567216146869555,35.31472843504378,94.5966487204575,459.0850010791296
13311010.0,-2.9629,1.558,9.1126,-0.0038,0.0166,9.8066,-0.1696,-0.4311,0.2895,348.89,-75.47,-174.2,52.202793,-2.199412,4.02,3,170.27,21 / 21,-19.85522854052434,-31.893018158159126,1.0099873500030765,-248.43574195090576,-569.7403363528916,8.592984285918059,False,125.60000000000036,8.824284380345043,2.995612674939238,-150.9732174730379,-107.1585508075158,9.31888888888898,71.24899999998458,28.679512920869385,34.88863083309836,97.46252447786787,462.58178554537585
13311110.0,1.5802,2.0039,10.4456,-0.0428,0.0202,9.8065,0.0375,-0.0487,0.0824,347.68,-75.73,-174.74,52.202793,-2.199412,4.02,3,170.27,21 / 21,-20.08164751575757,-31.745806146336935,1.0072323500030667,-250.43258575372712,-572.922277568128,8.693845270918732,False,125.70000000000073,8.78369360429315,3.1275598600526213,-150.10093382956188,-106.84720501181658,9.323888888887153,70.40100000002627,28.865341120050722,34.87336600638956,100.33165192416524,466.07507255631145
13311210.0,-0.6258,0.5388,9.4226,-0.0075,0.003,9.8066,-0.0594,-0.2035,0.1085,347.17,-75.76,-175.66,52.202793,-2.199412,4.02,3,170.27,21 / 21,-20.18393841880423,-31.628996460377902,1.0199773500028813,-252.4458650504259,-576.0910176984177,8.795205755917555,False,125.79999999999927,8.777198363413275,3.001170810691906,-149.22183547017602,-106.55809820238744,9.276111111109756,71.12299999998913,28.96113678221751,34.63016727106981,103.22402958024989,469.5329194960302
13311310.0,-1.4933,-0.0092,9.68,0.012,-0.0019,9.8066,-0.0711,0.2109,-0.0694,347.13,-75.8,-175.7,52.202286,-2.199312,5.54,2,166.35,21 / 21,-20.41464483967377,-31.644595847506697,0.9944423500027884,-254.4757942133572,-579.2546973138234,8.895926740918206,False,125.89999999999964,8.726260294707652,3.034707427454489,-148.34955182675446,-106.25787190123508,9.238888888889116,70.8240000000089,29.14090513438142,34.679303274961185,106.12624238660274,472.9968254125883
13311410.0,1.6989,1.7177,9.4594,0.0147,0.0403,9.8065,0.0062,0.2294,-0.1814,348.28,-75.85,-176.05,52.202286,-2.199312,5.54,2,166.35,21 / 21,-20.54329285535585,-31.57698628186313,0.9707473500027022,-256.52369109811616,-582.4157764203034,8.994186225918838,False,126.0,8.738797722196773,3.011227386567626,-147.47726818336926,-105.95764559939724,9.243055555555555,70.987,29.282090577552623,34.588213668430754,109.0464229147469,476.45813082090615
13311510.0,0.1414,0.3437,10.7232,0.026,0.0025,9.8066,-0.1802,0.0665,-0.0245,346.88,-76.04,-177.15,52.202286,-2.199312,5.54,2,166.35,21 / 21,-20.5962298735755,-31.474221202501333,0.9992123500028058,-258.5806672345702,-585.568336794533,9.092684210919472,False,126.10000000000036,8.617270054654396,2.9305374037689487,-146.6117992558743,-105.66853878996305,9.101944444443298,71.21800000000029,29.213499928229893,34.404758606270285,111.96886797869593,479.89979800456996
13311610.0,0.181,2.3049,9.7602,-0.0078,0.0388,9.8065,-0.1243,0.0883,-0.0952,343.57,-76.5,-177.98,52.202286,-2.199312,5.54,2,166.35,21 / 21,-20.73797146143142,-31.36468347780862,1.042717350002964,-260.6473773013281,-588.71028202856,9.194780695920132,False,126.20000000000073,8.55838453605976,2.9078456765551657,-145.75995976033988,-105.36831248810336,9.038888888891616,71.23399999996387,29.296355997491183,34.27252915436378,114.88741754098822,483.3419695404566
13311710.0,0.0198,0.6761,10.8818,-0.0073,0.0457,9.8065,-0.0156,-0.0781,-0.0418,345.84,-76.62,-178.0,52.202286,-2.199312,5.54,2,166.35,21 / 21,-20.889830375937176,-31.24156753822462,1.0941523500022157,-262.72876739316627,-591.8405945793161,9.301624180918836,False,126.29999999999927,8.577289758402076,3.0810827771077287,-144.90130554881372,-105.06808618624915,9.11388888888707,70.24100000001616,29.467120134339254,34.322650315332346,117.82746184435254,486.7725083930669
13311810.0,-0.6836,0.9022,8.9052,-0.0206,-0.0019,9.8066,-0.0803,0.0756,0.1012,346.12,-76.55,-177.77,52.202286,-2.199312,5.54,2,166.35,21 / 21,-21.062282153629912,-31.193271039721726,1.1028373500022473,-264.82637301965224,-594.9623365082248,9.411473665919459,False,126.39999999999964,8.553722380827688,2.997985193719307,-144.04265133732648,-104.76785988439069,9.063888888883934,70.68500000004556,29.616004534457602,34.19125623344103,120.78372168232576,490.1944766238341
13311910.0,-2.3073,1.5791,8.7844,-0.0067,0.0354,9.8065,-0.0395,-0.259,0.1691,341.75,-76.74,-177.77,52.202286,-2.199312,5.54,2,166.35,21 / 21,-21.360822720251033,-31.14343124253801,1.0066523500018973,-266.947528263354,-598.0791716223491,9.51694815092005,False,126.5,8.510354181977576,2.8442218092798606,-143.1908118418272,-104.48987256740261,8.973055555555556,71.52,29.87117690222861,33.98765305181787,123.75671642152679,493.58929905494654
13312010.0,-0.889,2.499,9.2539,-0.0161,0.0106,9.8066,-0.043,-0.002,0.0146,340.86,-76.82,-178.49,52.202286,-2.199312,5.54,2,166.35,21 / 21,-21.69714816268929,-31.03122903231636,0.9279023500016109,-269.1004268075088,-601.1879046361031,9.613675885920578,False,126.60000000000036,8.452719678330485,3.0792117762571043,-142.3526017781727,-104.167407279984,8.996111111112219,69.98399999997467,30.149867841019777,34.110440808573465,126.74782502933613,497.0204973561191
13312109.0,2.8664,2.401,10.3997,0.0043,0.0135,9.8066,-0.1084,-0.2113,0.1399,341.99,-76.97,-179.35,52.202286,-2.199312,5.54,2,166.35,21 / 21,-21.799036893088964,-30.801472968885072,0.9298972000016141,-271.2534879677733,-604.2486233851675,9.705636963645887,False,126.69900000000052,8.432265901745259,3.3035797910380396,-141.51602724638946,-103.83715834793902,9.05633611111319,68.60591999995239,30.23130279483422,34.10505275992311,129.73746072138385,500.41146503722854
13312211.0,-0.2043,1.7367,9.5467,-0.0292,0.035,9.8065,-0.1542,-0.1926,0.0803,343.26,-77.4,-179.71,52.202286,-2.199312,5.54,2,166.35,21 / 21,-21.855491690430398,-30.585923538006455,0.9468853000014397,-273.47986892550995,-607.3793806069868,9.80135287114506,False,126.80099999999948,8.414077198561447,2.871475556490644,-140.65430641270854,-103.56361882847038,8.89063888889135,71.1569099999071,30.269568888991845,33.4573990944971,132.8255625128014,503.81576177851645
13312310.0,1.0622,1.5733,9.9606,-0.0262,0.0139,9.8065,-0.0577,-0.0452,0.0679,342.58,-77.49,-179.5,52.202286,-2.199312,5.54,2,166.35,22 / 22,-21.981764986497776,-30.442952169220522,0.9416383000014312,-275.6498131310214,-610.4003099544994,9.894834789345353,False,126.89999999999964,8.346340368759144,3.2420253983313576,-139.83797158730584,-103.23336989642601,8.95388888889092,68.77200000001767,30.32810535525692,33.68497756755188,135.81184154371556,507.16694005807346
13312410.0,-1.7609,1.0991,9.8092,-0.0277,-0.0005,9.8065,-0.0033,-0.032,0.1027,341.56,-77.63,-179.8,52.202286,-2.199312,5.54,2,166.35,22 / 22,-22.17501520162667,-30.356240594249883,0.9494633000014597,-277.8576521404357,-613.440269592684,9.98938986934584,False,127.0,8.399312284930833,3.2080573798726966,-138.99294680781367,-102.9109046097384,8.991111111111111,69.096,30.574327486557504,33.56429797412258,138.864705332622,510.5293649829456
13312510.0,-0.4846,2.4227,8.8513,-0.0088,0.0102,9.8066,-0.0692,0.0206,0.013,342.13,-77.78,-179.4,52.202286,-2.199312,5.54,2,166.35,22 / 22,-22.45551193770158,-30.25309988931919,0.9018233000012865,-280.0891784974102,-616.4707366168735,10.081954199346315,False,127.10000000000036,8.2942540896652,3.4756865971170474,-138.16836617606592,-102.56620033676168,8.9930555555555,67.26400000002226,30.749766027366782,33.72878648643624,141.9208123213443,513.9045362801119
13312610.0,-0.783,1.7947,9.3868,-0.0001,0.0186,9.8066,-0.0166,-0.0244,0.0271,341.61,-77.91,-179.29,52.202286,-2.199312,5.54,2,166.35,22 / 22,-22.700574861094992,-30.101389728201443,0.8330633000010363,-282.34698283735827,-619.4884610977605,10.168698529346747,False,127.20000000000073,8.363763681760775,3.296597803125919,-137.33015611249408,-102.24373504863394,8.989999999995817,68.48799999988006,31.064338542855765,33.39798753132736,145.0168267248642,517.2447260491265
13312710.0,0.3747,1.7694,9.9376,-0.0143,0.0162,9.8065,-0.011,0.116,-0.0155,341.37,-78.15,-179.56,52.202286,-2.199312,5.54,2,166.35,22 / 22,-22.895720752722074,-29.968507263659983,0.8186183000012466,-284.6267976180159,-622.4919559473099,10.25128260934566,False,127.29999999999927,8.055940272104014,3.7239027017826203,-136.52601962867516,-101.8656722976801,8.87500000000291,65.1910000000271,30.951661024826087,33.69240996544261,148.10077798934077,520.6262836496297
13312810.0,-0.9235,1.9697,8.9396,0.0075,0.0215,9.8065,-0.0597,0.0332,-0.0508,339.8,-78.37,179.73,52.202286,-2.199312,5.54,2,166.35,22 / 22,-23.102252251382236,-29.833818346314004,0.7818133000011127,-286.92669626822953,-625.4820722278195,10.331304189346069,False,127.39999999999964,8.176725952494099,3.651462405398301,-135.70825371296127,-101.50984853298282,8.955000000012763,65.9359999999552,31.278978203876335,33.4852807517123,151.21844255526827,523.9722236948367
13312910.0,0.7099,2.2675,10.1486,-0.0117,0.0133,9.8066,-0.048,0.2701,-0.1513,341.29,-78.55,-179.78,52.202286,-2.199312,5.54,2,166.35,22 / 22,-23.30100283533304,-29.670262210066497,0.7555583000010173,-289.24685902257374,-628.4572762556493,10.408172769346455,False,127.5,8.335739241921598,3.866669148380037,-134.87004364942206,-101.12066629033123,9.188888888888888,65.115,31.636742077254638,33.53693135844654,154.3768153731517,527.3366099653181
13313009.0,2.776,2.6405,9.8277,0.0034,0.0043,9.8066,-0.0353,0.1742,-0.0086,341.32,-78.76,-179.35,52.202286,-2.199312,5.54,2,166.35,22 / 22,-23.33330256753579,-29.41467158325058,0.7735268000010465,-291.5552571400195,-631.3819804784232,10.48386248179668,False,127.59900000000016,8.214587548649163,3.91044688243154,-134.0604553928412,-100.73537586937867,9.097863888887417,64.54376999999076,31.547890116184952,33.325118465682124,157.4948017471783,530.6466046090445
13313110.0,-0.4893,2.0695,10.192,-0.0324,0.0108,9.8065,0.0138,0.3737,-0.1096,342.41,-78.95,-177.29,52.202286,-2.199312,5.54,2,166.35,22 / 22,-23.41890201669311,-29.180540697429592,0.7940500000011619,-293.9162434715363,-634.3410386986142,10.563025110197236,False,127.70000000000073,8.16153996850805,4.031734836267822,-133.22769710198946,-100.3423018042629,9.103055555555585,63.71099999995362,31.580441985201162,33.212275533697415,160.68854636954683,533.9987368943513
13313210.0,1.2905,2.0333,9.8071,-0.0079,0.0117,9.8066,-0.0297,0.3756,-0.0782,344.67,-79.0,-175.5,52.202286,-2.199312,5.54,2,166.35,22 / 22,-23.558283288577687,-28.999641493081082,0.8133400000008812,-296.26510273676564,-637.2500478080974,10.643394610196168,False,127.79999999999927,8.070547444700953,4.212725583758283,-132.42356061819692,-99.91976108290139,9.103888888888566,62.43600000010758,31.62883073327864,33.212367076839364,163.84154211856873,537.3302867251961
13313310.0,-1.1065,2.4341,9.6031,0.0271,0.0032,9.8065,0.0063,0.1239,0.0134,343.9,-79.03,-175.59,52.202286,-2.199312,5.54,2,166.35,21 / 23,-23.730320113915635,-28.806836393575058,0.8031850000008444,-298.62953290689893,-640.1403717024407,10.724220860196548,False,127.89999999999964,8.269039793898425,3.7870840876629015,-131.58535055456963,-99.56393731679005,9.09500000000579,65.39300000001032,31.99935990781406,32.59392048123796,167.0441823523293,540.5764343856506
13313410.0,0.6705,2.7125,9.0657,0.0138,-0.0083,9.8066,0.0305,0.3038,-0.2098,341.99,-79.0,-175.95,52.202286,-2.199312,5.54,2,166.35,21 / 23,-23.947153080848715,-28.59260074770087,0.7559600000006725,-301.0134065666458,-643.0103435595149,10.802178110196907,False,128.0,8.37810701109355,3.8036520069109225,-130.74714049100334,-99.18587456656336,9.201111111111112,65.582,32.32526009194226,32.396252754611794,170.26626607564248,543.8244689929516
13313510.0,-1.211,1.3536,9.7915,0.0279,0.0231,9.8065,0.0605,0.1265,-0.116,338.92,-79.06,-176.04,52.202286,-2.199312,5.54,2,166.35,21 / 23,-24.15662164702759,-28.443757410012388,0.718155000000535,-303.4185953030484,-645.8621614674109,10.875883860197236,False,128.10000000000036,8.409080589296506,4.115017305378967,-129.90893042740313,-98.77445333761764,9.361944444443774,63.92500000000093,32.56570223632409,32.55877471539136,173.50966487564526,547.0877081297933
13313610.0,0.3452,1.964,10.399,0.0028,-0.0083,9.8065,0.0254,0.2343,-0.0329,341.74,-78.98,-175.44,52.202286,-2.199312,5.54,2,166.35,21 / 23,-24.370354556467664,-28.335856423527744,0.7470150000006399,-305.844944113232,-648.7011421590983,10.94914236019756,False,128.20000000000073,8.379541448259594,4.091321316758488,-129.07072036374873,-98.37415160251042,9.325000000003456,63.975999999954425,32.74989600472726,32.42717774028623,176.77422374948324,550.3269905565878
13313710.0,-1.9654,1.0759,9.6207,0.0128,-0.0031,9.8066,0.0405,0.0906,0.0224,340.65,-78.92,-175.34,52.202286,-2.199312,5.54,2,166.35,21 / 23,-24.61429251769152,-28.249347484636317,0.7673350000003442,-308.2941764669043,-651.5304023544653,11.024859860196509,False,128.29999999999927,8.372508008470911,4.317118211045933,-128.2325103001633,-97.92937189558899,9.42000000000287,62.72300000001091,32.98680052616243,32.566465695682254,180.06166616674096,553.6010304588763
13313810.0,1.5811,1.2549,10.089,0.0099,-0.008,9.8066,0.0468,0.221,-0.1031,341.24,-78.89,-174.84,52.202286,-2.199312,5.54,2,166.35,21 / 23,-24.789046587306984,-28.17718563202063,0.7721550000003617,-310.76434342216317,-654.3517290103084,11.101834360196824,False,128.39999999999964,8.465302401016443,4.309007470733771,-127.3806708046024,-97.50683117492467,9.498888888890859,63.02299999999411,33.25434898832343,32.4861931027544,183.38367261756076,556.8448978353838
13313910.0,1.113,1.8672,8.9899,-0.0035,-0.0068,9.8066,0.0363,-0.0009,0.1433,341.77,-78.83,-174.51,52.202286,-2.199312,5.54,2,166.35,21 / 23,-24.829902919080826,-28.01597285355788,0.7454350000002646,-313.2452908974916,-657.1613869345975,11.17771386019713,False,128.5,8.489315958306388,4.341398341553615,-126.53564602505607,-97.08429045429112,9.535,62.915,33.319218877387215,32.3573711951115,186.70964487243555,560.0770964803064
13314010.0,1.4095,2.0254,9.7935,-0.0222,-0.0076,9.8066,0.0211,0.1862,-0.0628,342.26,-78.96,-173.42,52.202286,-2.199312,5.54,2,166.35,21 / 23,-24.88942810149217,-27.820606051769992,0.7039400000001137,-315.7312574485293,-659.953215879874,11.250182610197413,False,128.60000000000036,8.599620976789527,4.417897382340408,-125.67017709761517,-96.65063023907874,9.668055555556611,62.80899999998519,33.489049078281695,32.2385034341104,190.0610803509141,563.3025856407953
13314110.0,-0.2116,1.0489,9.5091,-0.0001,0.005,9.8066,0.0044,0.0441,0.038,342.08,-79.12,-172.72,52.202286,-2.199312,5.54,2,166.35,21 / 23,-24.998885568298093,-27.68435408037726,0.6884050000000572,-318.22567313202785,-662.7284638864915,11.319799860197675,False,128.70000000000073,8.58724789050115,4.566881979300392,-124.81152288607288,-96.1947310397223,9.726111111116053,61.994999999998655,33.58613345879924,32.25123605967765,193.41415024595497,566.5337328467691
13314210.0,-0.4331,0.8377,10.1302,-0.009,-0.0161,9.8066,0.067,0.1688,0.0079,342.22,-79.23,-171.88,52.202286,-2.199312,5.54,2,166.35,21 / 23,-25.178011067141572,-27.63280017552677,0.6897050000000384,-320.7345179637633,-665.4943215992464,11.388705360196676,False,128.79999999999927,8.704183873178366,4.636284215536216,-123.93923924263986,-95.7277123486572,9.861944444445466,61.95800000001397,33.882194940319934,32.26908439106299,196.79527872112345,569.7666092505892
13314310.0,-0.9868,0.6862,9.7634,0.0018,-0.015,9.8066,0.0504,0.0442,0.0673,341.94,-79.1,-171.24,52.202286,-2.199312,5.54,2,166.35,21 / 23,-25.38844376089326,-27.610713989361685,0.7037200000000895,-323.26284070517426,-668.2564973075009,11.458376610196936,False,128.89999999999964,8.7599105937614,4.590867716398301,-123.06014088321065,-95.28293264101772,9.890000000008245,62.341999999944996,34.14835435465466,32.201581705759985,200.20269982196362,572.9735646664832
13314410.0,0.1535,1.3493,9.9714,-0.0108,-0.0124,9.8066,0.0636,0.1555,0.0017,342.01,-79.1,-170.38,52.202286,-2.199312,5.54,2,166.35,21 / 23,-25.57895040467919,-27.55558146265002,0.7097950000001116,-325.81121041346216,-671.0148120801116,11.529052360197204,False,129.0,8.810381958602248,4.816750158479787,-122.1810425238996,-94.8047944575524,10.041111111111112,61.334,34.38933236328144,32.37233162112981,203.63016788956256,576.2100176225592
13314510.0,0.014,1.044,9.4284,0.0047,-0.0022,9.8066,-0.0119,0.0733,0.0155,341.98,-79.17,-170.42,52.202286,-2.199312,5.54,2,166.35,21 / 23,-25.72740376456814,-27.46787478934788,0.6991200000000728,-328.37652812193386,-673.7659848927215,11.59949811019747,False,129.10000000000036,8.978120833313191,4.745247233020202,-121.28150001658277,-94.33777576435563,10.155000000002874,62.14199999999156,34.705524597881336,32.21312202236808,207.0950281053511,579.4282091283658
13314610.0,-0.8169,0.9883,9.6021,-0.0175,0.0096,9.8066,-0.0227,0.0893,0.0331,342.07,-79.24,-170.37,52.202286,-2.199312,5.54,2,166.35,21 / 23,-25.91640917673027,-27.41220191755347,0.6699799999999668,-330.95871876900816,-676.5099887280766,11.66795311019772,False,129.20000000000073,9.078533837134387,4.892784305482587,-120.36832807735956,-93.84851808772251,10.313055555555334,61.677999999996615,34.994943013864656,32.30498622303606,210.5903906916486,582.6614706403541
13314710.0,-0.5816,1.0844,9.6917,-0.0202,0.0057,9.8066,-0.0567,0.0491,0.0665,340.09,-79.45,-169.49,52.202286,-2.199312,5.54,2,166.35,21 / 23,-26.1352323139735,-27.367270493706016,0.6540050000001993,-333.5613008435055,-679.2489623485997,11.734152360196765,False,129.29999999999927,9.065205259069984,4.90460573256263,-119.46197085410577,-93.35926041039056,10.30694444444892,61.58499999998643,35.20043757304349,32.271876226268645,214.0993299893997,585.8897019382091
13314810.0,-1.1057,0.4945,9.6448,-0.021,0.0012,9.8066,-0.005,0.0129,0.0621,339.53,-79.59,-169.06,52.202286,-2.199312,5.54,2,166.35,21 / 23,-26.359731441201955,-27.35558345297107,0.6401650000001491,-336.1860490312738,-681.9851050459434,11.798860860197017,False,129.39999999999964,9.140930841176974,5.022776458978027,-118.54879891485486,-92.85888324062502,10.430000000002122,61.21200000000742,35.500662282378926,32.3783599119491,217.63725011641895,589.1262218053184
13314910.0,0.6235,0.4306,9.831,-0.0067,-0.0055,9.8066,0.0258,0.0901,0.0095,341.61,-79.66,-168.32,52.202286,-2.199312,5.54,2,166.35,21 / 23,-26.516045953193267,-27.353130652712657,0.6332900000001241,-338.8298379010032,-684.7205407512375,11.862533610197262,False,129.5,9.186954254421469,5.01971175418156,-117.62881225971779,-92.3696255640275,10.46888888888889,61.348,35.703000207614735,32.372842406894215,221.2010256412854,592.35091518721
13315010.0,-0.7239,0.5539,10.1051,-0.0047,0.0108,9.8066,-0.0037,0.0293,0.0312,339.79,-79.73,-168.39,52.202286,-2.199312,5.54,2,166.35,21 / 23,-26.655529879670677,-27.340753496042467,0.6494300000001829,-341.4884166926561,-687.4552349586852,11.92666961019751,False,129.60000000000036,9.375807470457268,5.132891968074512,-116.6883814566535,-91.86924839355405,10.6888888888886,61.30100000000375,36.03133735012794,32.47364546411698,224.80003523600257,595.5859865651312
13315110.0,1.6161,-0.4835,10.4316,0.0026,-0.0055,9.8066,0.047,0.1825,-0.08,337.95,-79.66,-168.78,52.202286,-2.199312,5.54,2,166.35,21 / 23,-26.73277125391555,-27.354489090389315,0.6956000000003509,-344.1578317493451,-690.1899970880168,11.993921110197782,False,129.70000000000073,9.38028599241837,5.091595976956715,-115.74795065356236,-91.36887122307856,10.673055555562538,61.50699999995219,36.11305724633392,32.44608506734603,228.40988109578277,598.8211258649382
13315210.0,1.7503,-0.2422,9.9095,0.0079,-0.0018,9.8066,0.0168,0.1003,0.0082,339.39,-79.49,-169.12,52.202286,-2.199312,5.54,2,166.35,21 / 23,-26.680184288777717,-27.362652134754075,0.7319899999998214,-346.8284795264409,-692.925854149234,12.065300610196752,False,129.79999999999927,9.427611892205423,5.400773926940053,-114.81433456644089,-90.81289659048794,10.864999999998584,60.193000000025904,36.107796180983144,32.763426061694126,232.01414496,602.1129575587461
13315310.0,1.934,-0.8313,9.9451,-0.0087,-0.0046,9.8066,0.0197,0.2055,-0.0499,339.01,-79.41,-168.91,52.202286,-2.199312,5.54,2,166.35,21 / 23,-26.606728165053884,-27.381825889588377,0.7440549999998654,-349.49282514914216,-695.6630780504611,12.139102860197005,False,129.89999999999964,9.460014604848924,5.264295343765517,-113.86708904739459,-90.29028043516308,10.826111111121419,60.90500000002368,36.06674276990281,32.646121233353895,235.62573610174758,605.3727976152979
13315410.0,1.1997,-1.0925,9.9291,-0.0011,0.0014,9.8066,0.002,0.1572,-0.0009,339.3,-79.35,-168.65,52.202286,-2.199312,5.54,2,166.35,22 / 23,-26.54400068026159,-27.450458529303713,0.7570999999999128,-352.1503615914176,-698.4046922714157,12.214160610197267,False,130.0,9.665363313270596,5.283084044616636,-112.89258466455273,-89.76766428058357,11.015,61.339,36.209363993532186,32.733542573920346,239.2577769268649,608.6370279908322
13315510.0,1.042,-0.734,9.8942,-0.0006,-0.0012,9.8066,0.059,0.2573,-0.0596,338.37,-79.38,-168.45,52.202286,-2.199312,5.54,2,166.35,22 / 23,-26.52428751466619,-27.530490487988633,0.7675999999999511,-354.8037760011737,-701.1537397222903,12.290395610197537,False,130.10000000000036,9.699137017234547,5.214370678085502,-111.92489499759316,-89.25616761768423,11.011944444446101,61.73699999999891,36.22342453190074,32.74486116607414,242.87888100358052,611.8975721046061
13315610.0,1.0252,-1.3549,9.7445,0.0196,0.007,9.8066,0.0013,0.2073,-0.0846,335.84,-79.3,-168.96,52.202286,-2.199312,5.54,2,166.35,22 / 23,-26.504356852341882,-27.624986050638004,0.7688699999999558,-357.45520821953374,-703.9115135492317,12.367219110197812,False,130.20000000000073,9.77387514793824,5.267751632557536,-110.94357589872722,-88.73355146165164,11.103055555557555,61.67699999998759,36.27823200028012,32.89273768319554,246.51163232080654,615.17796208758
13315710.0,2.3711,-1.4354,9.873,0.0073,-0.0023,9.8066,0.0363,0.384,-0.1219,335.68,-79.24,-169.06,52.202286,-2.199312,5.54,2,166.35,22 / 23,-26.40788025190549,-27.72388139203615,0.7690799999999527,-360.1008200747076,-706.6789569213252,12.444116610196689,False,130.29999999999927,9.790610450001164,5.352209898469954,-109.96907151585853,-88.1998158139112,11.158055555559486,61.336000000011936,36.19849070190665,33.076091290506106,250.13174855884907,618.479141107414
13315809.0,2.3607,-0.7884,10.0646,0.0256,0.0101,9.8066,0.0277,0.3162,-0.1308,334.35,-79.08,-169.93,52.202286,-2.199312,5.54,2,166.35,22 / 23,-26.2633367674637,-27.767443878393614,0.7851328499999787,-362.7080453171706,-709.4257775222159,12.52105014627181,False,130.39899999999943,9.914941932842705,5.347410504274472,-108.98407247034154,-87.68242582084089,11.265030555561216,61.660720000017186,36.17827870030641,33.114854382668085,253.72397284682907,621.743351701375
13315909.0,1.5339,0.1019,10.2768,0.0121,0.0216,9.8066,-0.0117,0.2685,-0.104,330.23,-79.03,-171.83,52.202286,-2.199312,5.54,2,166.35,22 / 23,-26.188642332625697,-27.757760288683652,0.8215378500001111,-365.3306442721846,-712.2020377305798,12.601383681272106,False,130.4989999999998,9.654524461672848,5.597649401816119,-108.02960335242904,-87.1047681759539,11.159961111111265,59.894870000002605,35.84316679429855,33.35540969049977,257.30104091975556,625.0972695546259
13316010.0,2.3366,-0.6515,9.6217,0.0033,0.0221,9.8066,-0.0692,0.336,-0.0951,328.33,-79.06,-172.1,52.202286,-2.199312,5.54,2,166.35,22 / 23,-26.117535914487018,-27.735687111179306,0.8359404500001921,-367.97210627367866,-715.0044568242887,12.685086335422591,False,130.60000000000036,9.938196823793064,5.398920622813967,-107.01148478731709,-86.57636988514008,11.309999999995433,61.4870000000091,36.055732738280085,33.13460773399327,260.96062148636156,628.4280869391487
13316109.0,1.7044,0.5711,9.6121,-0.0074,0.02,9.8065,0.0124,0.3561,-0.0564,328.89,-79.3,-173.1,52.202286,-2.199312,5.54,2,166.35,22 / 23,-26.05299111366298,-27.68961279682639,0.8171552000001618,-370.5545473615763,-717.7480091697394,12.766914570097741,False,130.69900000000052,9.76499064047872,5.196097906451903,-106.05347201705612,-86.06998818957119,11.061399999991412,61.9820000000171,35.8179817541417,32.88571070327829,264.50107534452013,631.6780209801682
13316210.0,2.999,0.6756,9.9085,0.001,0.0071,9.8066,0.0244,0.4555,-0.1129,327.63,-79.41,-172.99,52.202286,-2.199312,5.54,2,166.35,22 / 23,-25.994843305533212,-27.567330664712564,0.8124738500002199,-373.18296299971314,-720.5384848145125,12.84921083712174,False,130.79999999999927,9.785832146784713,5.341836074963265,-105.06247602153577,-85.53113757520741,11.148888888890456,61.37100000003089,35.78067545231792,32.909166739675825,268.1204869781774,635.0073472393051
13316311.0,1.6686,1.7941,10.3989,0.021,0.0148,9.8065,0.006,0.457,-0.0403,326.63,-79.48,-173.88,52.202286,-2.199312,5.54,2,166.35,22 / 23,-25.973811226823322,-27.39436446419038,0.8475259000004168,-375.8073800536119,-723.3140504185377,12.933040824497244,False,130.90099999999984,9.898833074694878,5.216952953151132,-104.06486975149936,-85.01430355512153,11.18945555554161,62.20931999994016,35.8726443015182,32.61131741734151,271.7425103021125,638.2997468634162
13316411.0,1.4332,3.2962,9.2481,-0.0062,0.0163,9.8065,-0.0768,0.5164,-0.054,323.23,-79.67,-174.2,52.202286,-2.199312,5.54,2,166.35,22 / 23,-26.100441555529212,-27.161086977154667,0.849210900000423,-378.411092692739,-726.0418229906148,13.017877664497595,False,131.0010000000002,9.585074728676544,5.275718501417481,-103.11735164385749,-84.4813462719006,10.94112499999958,61.17153000000427,35.685516284205754,32.43680547857215,275.2937410488815,641.5604767187142
13316510.0,1.9042,2.6021,10.2599,-0.031,0.002,9.8065,-0.0172,0.6226,-0.0227,322.66,-80.07,-172.45,52.202286,-2.199312,5.54,2,166.35,22 / 23,-26.24696115209209,-26.893778955937943,0.8439985500004147,-381.0022891267704,-728.7175388543072,13.101691532272772,False,131.10000000000036,9.58724784230001,4.862836498414184,-102.152592304803,-84.03000606523868,10.749999999999783,63.10499999999694,35.8342089943921,31.75661545435213,278.8496968219674,644.6875327890685
13316610.0,1.5428,1.5994,9.7046,-0.0306,-0.0151,9.8065,-0.0516,0.564,-0.0814,320.24,-80.26,-170.35,52.202286,-2.199312,5.54,2,166.35,22 / 23,-26.343773344081736,-26.690539069595683,0.8615585500004785,-383.63182585158864,-731.3967547555936,13.186969387273127,False,131.20000000000073,9.562311459175499,4.8854924697184146,-101.19853206977864,-83.54074838789944,10.738055555544236,62.93700000000738,35.90608480325724,31.576031539314098,282.43329378181,647.8560063676941
13316709.0,1.135,0.5575,9.6913,-0.0159,-0.0258,9.8065,0.0537,0.7363,-0.1091,318.64,-80.37,-169.07,52.202286,-2.199312,5.54,2,166.35,22 / 23,-26.410060950021933,-26.594571111716238,0.8507972500004611,-386.243140649151,-734.0343677095728,13.271730999373311,False,131.2990000000009,9.304617444787072,4.7127634338471465,-100.28099871233464,-83.08940818053787,10.430055555539257,63.13797000001063,35.714678394809006,31.307334545563386,285.96214193681635,650.944959529035
13316810.0,2.7209,0.7049,9.8797,-0.0064,-0.0181,9.8066,0.0367,0.7184,-0.111,319.01,-80.21,-167.06,52.202286,-2.199312,5.54,2,166.35,22 / 23,-26.404774453375893,-26.492665739513615,0.8486611000004877,-388.91028983698953,-736.7152731705268,13.357553646047295,False,131.39999999999964,9.199424318538215,4.7426882890843,-99.35855875938762,-82.60671100363736,10.34999999999662,62.72700000002461,35.604198771914106,31.235354028597914,289.5517310776019,654.1085621668894
13316910.0,2.9295,1.3291,10.3197,-0.0095,0.0007,9.8066,0.0272,0.7698,-0.1977,315.54,-80.2,-167.26,52.202286,-2.199312,5.54,2,166.35,22 / 23,-26.363652389805143,-26.302770397202984,0.8779661000005943,-391.5487111791582,-739.3550449773722,13.443885006047664,False,131.5,9.181190696473758,4.642178853639876,-98.43857210427768,-82.15081180502182,10.288055555555555,63.178,35.5448430862789,30.94494925084286,293.1101390748805,657.2042331723504
13317010.0,3.6308,2.5021,10.456,-0.0031,0.0065,9.8066,0.0131,0.7298,-0.1661,311.04,-80.34,-167.8,52.202286,-2.199312,5.54,2,166.35,22 / 23,-26.371725187588552,-26.016138794599264,0.9360861000008057,-394.18548005803746,-741.9709904369719,13.534587616048064,False,131.60000000000036,8.97257558960979,4.471410547986055,-97.54584431291478,-81.71715159051757,10.02499999999516,63.51100000001801,35.34430077719834,30.487549342585318,296.6396357451227,660.2538388464543
13317110.0,2.2074,3.0026,9.6017,-0.0169,0.0032,9.8065,-0.0067,0.8435,-0.1512,305.25,-80.57,-168.15,52.202286,-2.199312,5.54,2,166.35,22 / 23,-26.488896859059004,-25.710526361636695,0.9583061000008866,-396.82851116037943,-744.5573236947931,13.629307226048493,False,131.70000000000073,8.808302828060778,4.2011562259422375,-96.66674595351343,-81.30573036227817,9.758888888884705,64.5009999999724,35.297199687119786,29.911682587578934,300.161765206866,663.251593332515
13317210.0,2.1826,3.3532,9.1362,-0.0123,-0.0244,9.8066,-0.0151,0.8025,-0.1051,301.88,-80.62,-167.2,52.202286,-2.199312,5.54,2,166.35,22 / 23,-26.708230965677856,-25.44919565908353,0.9145361000015235,-399.4883675515776,-747.1153097957919,13.72294933604725,False,131.79999999999927,8.648745422684668,4.266590619534241,-95.80809174201484,-80.87207014848954,9.643888888882271,63.74200000002146,35.356976388362526,29.71578627861777,303.6802758095628,666.2432396473023
13317310.0,1.3913,0.7967,10.0459,-0.0071,-0.0413,9.8065,0.0308,0.6507,0.019,303.93,-80.61,-165.36,52.202286,-2.199312,5.54,2,166.35,22 / 22,-26.861786145476216,-25.285582047888745,0.8929761000014451,-402.16686840714505,-749.6520486811497,13.813324946047727,False,131.89999999999964,8.528231077728128,4.098495742885141,-94.96306696243485,-80.46064892025154,9.461944444435062,64.331999999993,35.390017223204346,29.384077790773887,307.20380144471017,669.1913997608982
13317409.0,2.2511,2.0679,8.8807,0.0191,-0.0523,9.8064,-0.0127,0.7603,-0.1005,304.65,-80.29,-161.61,52.202286,-2.199312,5.54,2,166.35,22 / 22,-26.953095083117734,-25.15134412523673,0.8589844500013901,-404.83070502796477,-752.1486765267234,13.900046993273008,False,131.9989999999998,8.365883515683185,4.043270816199715,-94.13998556832611,-80.06435020112615,9.291719444444695,64.20528000000019,35.31897859880092,29.194614941436445,310.6907194596387,672.0843263255973
13317510.0,1.5694,-0.9234,10.9231,-0.0151,-0.02,9.8065,0.1438,0.4377,-0.1051,302.56,-80.09,-160.6,52.202286,-2.199312,5.54,2,166.35,22 / 22,-26.968955469392952,-25.05435459079627,0.8686047000014442,-407.55376858088187,-754.6840643118974,13.987290245348643,False,132.10000000000036,8.138175727245423,3.8522864581760654,-93.32072041506262,-79.67116494037361,9.003888888884251,64.66900000000238,35.10713119663838,28.906641048972332,314.23304816581924,675.0128993715238
13317609.0,0.8814,-0.2928,10.4896,-0.001,-0.0045,9.8066,-0.016,0.4498,-0.0489,300.44,-80.08,-160.06,52.202286,-2.199312,5.54,2,166.35,22 / 22,-26.92548491358057,-25.081568941158675,0.9576750000015882,-410.22154337984335,-757.1657925267332,14.07769109049894,False,132.19900000000052,7.918450789494087,3.7263676205391545,-92.54486500253168,-79.30789111512414,8.751438888880168,64.79869000000447,34.843935703074656,28.80793656169783,317.67667837731165,677.8579014116091
13317710.0,0.5385,-0.6112,10.0893,-0.0086,0.0115,9.8066,-0.0345,0.1904,0.0071,298.49,-80.26,-160.21,52.202286,-2.199312,5.54,2,166.35,22 / 22,-26.91938500682376,-25.144385158138903,1.006437800000984,-412.94070931079006,-759.7022032087162,14.17687878689784,False,132.29999999999927,7.778775991969776,3.655772020606097,-91.76696517520189,-78.93727842472369,8.594999999993705,64.8280000000059,34.69816099879353,28.800157178745,321.17374413558815,680.7649247839926
13317810.0,1.127,0.6827,9.5638,0.0004,-0.0117,9.8066,-0.0166,0.2966,-0.0375,296.96,-80.36,-159.44,52.202286,-2.199312,5.54,2,166.35,22 / 22,-26.95005210819645,-25.17349806031828,1.0084278000009912,-415.6341811665509,-762.2180973696483,14.277622066898305,False,132.39999999999964,7.632252506353871,3.5605996551598778,-91.01734641910548,-78.58145465932209,8.421944444430258,64.99000000001583,34.58230461455032,28.734097715478157,324.6168347474454,683.6366427103262
13317910.0,1.3017,0.7913,10.1246,0.0056,-0.0012,9.8066,-0.0026,0.0284,0.1305,297.85,-80.35,-158.37,52.202286,-2.199312,5.54,2,166.35,22 / 22,-27.024421612714864,-25.136038808873405,1.012182800001005,-418.33290485260625,-764.733574213117,14.378652596898773,False,132.5,7.414002293834769,3.4131960244337476,-90.28135709502293,-78.24786987950228,8.161944444444446,65.28,34.43842390654963,28.549234833307153,328.0515477575833,686.4857043336146
13318010.0,0.5746,-1.6517,10.0496,-0.0062,-0.0117,9.8066,-0.0038,-0.0073,0.0266,299.46,-80.28,-157.1,52.202286,-2.199312,5.54,2,166.35,22 / 22,-27.010131169817036,-25.1784348137922,1.040227800001107,-421.0346324917427,-767.2492978942594,14.481273126899252,False,132.60000000000036,7.2866449671746665,3.3504037252657364,-89.55218248684076,-77.91428509895105,8.019999999995417,65.30700000000793,34.2967761369917,28.528838539057936,331.4824500049019,689.3350127953083
13318110.0,0.5802,0.4563,10.0469,-0.0072,0.0162,9.8066,0.0512,0.12,-0.0449,297.13,-80.36,-157.16,52.202286,-2.199312,5.54,2,166.35,22 / 22,-26.997684713618433,-25.261047190798777,1.0643878000011948,-423.7350232859243,-769.7712719944981,14.58650390689975,False,132.70000000000073,7.082228363585203,3.191352146053074,-88.85026674247258,-77.59181981223998,7.768055555548532,65.74299999998453,34.079913077203635,28.45239933685185,334.8847565434517,692.179452182258
13318209.0,1.5156,0.4199,10.5591,-0.0054,0.0165,9.8066,-0.0011,0.0848,-0.0737,296.0,-80.52,-158.2,52.202286,-2.199312,5.54,2,166.35,22 / 22,-27.053227341285353,-25.252804807007546,1.1135264500012745,-426.41054343264636,-772.2717076683936,14.694310662275047,False,132.7990000000009,6.884936375351387,3.163462612155627,-88.17560986198409,-77.27257917769641,7.576930555545442,65.32224999997773,33.93816371663674,28.416267419163173,338.2349335706623,694.9991284906971
13318309.0,0.4318,0.4271,10.2192,-0.0168,-0.0196,9.8066,0.0248,0.0478,-0.0343,296.67,-80.73,-157.88,52.202286,-2.199312,5.54,2,166.35,22 / 22,-27.111226526661834,-25.25207991542222,1.171776450000427,-429.1187661260043,-774.7969519044783,14.808575807273469,False,132.89899999999943,6.791203381502662,2.921459548996771,-87.49413826556886,-76.99414708169166,7.392949999990367,66.72380000007439,33.90242990816449,28.173539464418994,341.62462786043545,697.8028048227866
13318409.0,0.984,0.641,9.0204,0.001,-0.0124,9.8066,0.0122,0.1163,0.0414,297.32,-80.66,-157.4,52.202286,-2.199312,5.54,2,166.35,22 / 23,-27.19068028732518,-25.269515409068408,1.1530914500003593,-431.83386146671353,-777.323031670712,14.92481920227393,False,132.9989999999998,6.480177485119693,2.8868012410904154,-86.85989265082748,-76.70515146720925,7.0941111111115465,65.9875800000011,33.670857772444876,28.15631665015882,344.97396881588605,700.6178802035028
13318510.0,1.4044,-1.5864,9.8886,-0.013,0.0152,9.8066,0.1024,-0.06,0.1172,297.32,-80.48,-156.95,52.202286,-2.199312,5.54,2,166.35,22 / 23,-27.158314860174503,-25.289682000735954,1.1175243000001596,-434.5784857216777,-779.8762711399214,15.0394852976496,False,133.10000000000036,6.483412238718461,2.712734899460122,-86.1993422323942,-76.43539257523926,7.028055555551154,67.29499999998461,33.641727098892964,28.002416900196078,348.3791434892835,703.4408785646822
13318610.0,0.4724,-0.2526,9.665,0.0155,-0.0253,9.8066,-0.0517,0.1033,-0.1558,297.19,-80.4,-156.98,52.202286,-2.199312,5.54,2,166.35,22 / 23,-27.098229839847704,-25.3529052926775,1.1145393000001487,-437.29131295668867,-782.4084005046013,15.151088477650022,False,133.20000000000073,6.220860475812369,2.711493859995705,-85.58601779558226,-76.16852475136399,6.78611111110914,66.4490000000083,33.31909031566008,28.064399152673207,351.7052951611064,706.2398757532374
13318710.0,2.3325,0.2245,10.4488,0.0101,0.0028,9.8065,0.0561,-0.0075,-0.0487,296.5,-80.46,-158.22,52.202286,-2.199312,5.54,2,166.35,22 / 23,-27.09810304734032,-25.333189128347914,1.1395642999997846,-440.00112960100864,-784.9427052256157,15.263793657648378,False,133.29999999999927,6.181860603705328,2.6652721210725363,-84.96587864285625,-75.90165692749358,6.731944444438805,66.67699999999773,33.27996365104565,27.99846124942045,355.0352509581524,709.0410482981221
13318809.0,0.7326,-1.331,9.1429,0.0308,0.0122,9.8065,-0.0728,-0.0473,0.0866,294.43,-80.22,-159.59,52.202286,-2.199312,5.54,2,166.35,22 / 23,-27.042272620685733,-25.32446608581118,1.138495099999783,-442.68107819658024,-787.4502591587205,15.376557597948539,False,133.39899999999943,6.038156363011221,2.6109876250273656,-84.3721805880285,-75.63745778185758,6.578494444436324,66.61561999999675,33.080428983696955,27.935453710838548,358.3088976085518,711.8128013768629
13318910.0,2.0991,-0.2652,10.4886,0.0195,0.0052,9.8066,0.0532,0.1055,-0.0154,293.37,-80.08,-160.0,52.202286,-2.199312,5.54,2,166.35,22 / 23,-26.970433128723858,-25.33571015466188,1.1394141999997882,-445.40871983694075,-790.0085980588788,15.491592017599164,False,133.5,5.867758814982493,2.474174215336748,-83.78011806507816,-75.40127975774624,6.368055555555555,67.137,32.83819194370635,27.809884369998628,361.6286017718626,714.6073183011325
13319010.0,0.924,-2.1027,9.535,0.0474,0.0063,9.8065,-0.1458,-0.0883,0.0378,293.27,-79.98,-160.5,52.202286,-2.199312,5.54,2,166.35,22 / 23,-26.859117123278814,-25.352353221042936,1.1599291999998629,-448.1001973495507,-792.5430012276732,15.606559187599565,False,133.60000000000036,5.757943484620302,2.5117549305138627,-83.20768192406848,-75.14553142558994,6.281944444440953,66.43200000002697,32.61706060789912,27.8641081515568,364.8925154254822,717.3974698020833
13319110.0,2.0201,1.2304,10.7093,0.0236,0.0026,9.8066,-0.1175,0.098,-0.0731,293.76,-80.09,-160.4,52.202286,-2.199312,5.54,2,166.35,22 / 23,-26.817584477076835,-25.342653817460132,1.1914791999999776,-450.78403242957825,-795.0777515796076,15.724129607599984,False,133.70000000000073,5.643159004895259,2.2897284654314927,-82.64206049898577,-74.9231415728317,6.089999999994907,67.91499999997109,32.460743481972095,27.632382282891626,368.1419719305925,720.1546100067759
13319209.0,1.5625,0.0724,9.0414,0.022,0.0383,9.8065,-0.115,-0.0791,0.065,289.74,-80.13,-161.48,52.202286,-2.199312,5.54,2,166.35,22 / 23,-26.86403736315016,-25.26158204694097,1.1982804999999888,-453.4412727106738,-797.5826612548994,15.842422712750174,False,133.7990000000009,5.483473996846849,2.313137657351439,-82.10233499461641,-74.69196732040021,5.951399999992666,67.12794999995836,32.34751135999701,27.57471970429241,371.3389377160574,722.8906939344993
13319310.0,0.5136,2.3861,9.5485,0.0095,0.0068,9.8066,-0.0873,0.2153,-0.0865,291.94,-80.23,-161.88,52.202286,-2.199312,5.54,2,166.35,22 / 22,-26.99599261032898,-25.22909999590842,1.1465988000006293,-456.1612042243008,-800.1324406980317,15.960839117398738,False,133.89999999999964,5.374220617411403,2.249738525776358,-81.55852066069312,-74.46724237348093,5.826111111107671,67.2850000000186,32.37021322774038,27.47883852168478,374.6026835636077,725.6651983245508
13319410.0,0.1205,0.5317,10.3514,-0.0061,0.0167,9.8066,0.0297,0.056,-0.0383,291.33,-80.35,-162.4,52.202286,-2.199312,5.54,2,166.35,22 / 22,-27.173737595962958,-25.255692725300815,1.1609288000006814,-458.86969073462524,-802.6566803341013,16.07621549739922,False,134.0,5.329206178814085,2.193711658379362,-81.02697281552388,-74.25597201245682,5.763055555555556,67.626,32.502943774777044,27.449404383680175,377.84271791910135,728.4007083216445
13319510.0,0.1661,-1.7247,9.6603,-0.0009,-0.0203,9.8066,0.0652,0.1988,-0.0707,288.67,-80.32,-162.83,52.202286,-2.199312,5.54,2,166.35,22 / 22,-27.16287608401138,-25.3718897483727,1.180848800000754,-461.5865214186338,-805.1880594577942,16.19330437739972,False,134.10000000000036,5.120049723995029,2.16479479461417,-80.51586911814945,-74.04470165283239,5.55888888888511,67.0810000000174,32.28292580800641,27.53668454298687,381.07065230048437,731.1433578049619
13319609.0,2.2007,-0.4225,9.2461,0.0119,-0.0156,9.8065,0.0801,0.1507,-0.0962,288.69,-80.13,-162.4,52.202286,-2.199312,5.54,2,166.35,22 / 22,-27.072508878237453,-25.40672799815493,1.1458572500006974,-464.27117297426946,-807.7016010362514,16.308476326874978,False,134.19900000000052,4.964330205369903,2.002991489842973,-80.02336959541778,-73.85756059040656,5.353188888881784,68.02744000003268,32.036839083607354,27.409719487997904,384.2478033788517,733.8440404458448
13319710.0,0.7101,-0.9485,10.0289,-0.0027,-0.036,9.8065,-0.0037,0.1571,-0.2177,288.08,-80.0,-162.83,52.202286,-2.199312,5.54,2,166.35,22 / 22,-27.008263675536345,-25.403359494714657,1.1287731000009091,-467.0022519882012,-810.2675104546096,16.423345159548635,False,134.29999999999927,4.867721371143463,1.912639185228339,-79.52773530336658,-73.66663890187472,5.229999999995957,68.54900000000025,31.87598504667981,27.315998679942997,387.4745166848346,736.6008715527348
13319810.0,-0.5393,1.0715,9.9849,-0.0138,0.0097,9.8066,-0.0889,0.134,0.0209,288.54,-80.16,-162.59,52.202286,-2.199312,5.54,2,166.35,22 / 22,-27.059146673478526,-25.506080948433528,1.148798100000982,-469.7056225056618,-812.8129824767763,16.537223719549143,False,134.39999999999964,4.764535525971676,1.8714231692388719,-79.05070518581512,-73.48872701952698,5.118888888871321,68.55599999999498,31.823682199450204,27.3775041176724,390.6549173198467,739.3242554572493
13319910.0,2.4318,-0.9397,10.8194,0.0083,0.0077,9.8065,0.0981,0.1481,0.0504,288.33,-80.31,-162.6,52.202286,-2.199312,5.54,2,166.35,22 / 22,-27.083539208464973,-25.527088439562778,1.2083481000011986,-472.41275679976883,-815.3646409461853,16.65508102954968,False,134.5,4.462055864797741,1.760889963203409,-78.60774864816958,-73.31081513648485,4.796944444444445,68.464,31.545595073262714,27.287978402766186,393.8050081515993,742.0538258097005
13320010.0,0.5423,1.003,9.3267,0.0239,-0.0355,9.8065,0.029,0.1208,-0.1129,288.8,-80.05,-162.25,52.202286,-2.199312,5.54,2,166.35,22 / 22,-27.087555656540864,-25.49762575452899,1.2349881000012957,-475.121311543029,-817.9158766558992,16.77724783955025,False,134.60000000000036,4.413563953784752,1.601086576614451,-78.16479211049219,-73.15514223969603,4.694999999996069,70.06099999999414,31.501119610325617,27.098712331143442,396.95651943253677,744.7607344162031
13320110.0,-0.5065,1.2642,9.2147,-0.0189,0.0256,9.8065,0.0057,-0.1604,0.1596,287.81,-79.97,-162.61,52.202286,-2.199312,5.54,2,166.35,22 / 22,-27.241823878796115,-25.573799162230596,1.1813931000011009,-477.83778051980573,-820.4694479017464,16.89806689955081,False,134.70000000000073,4.201729980672236,1.5510998834791434,-77.74227972067473,-73.01058883462495,4.478888888888525,69.73800000003187,31.443553859468352,27.12489904570974,400.095500799131,747.4588590671215
13320210.0,2.2885,3.063,11.1988,-0.0287,-0.0109,9.8066,0.2117,0.1549,-0.0603,288.22,-80.15,-162.48,52.202286,-2.199312,5.54,2,166.35,22 / 22,-27.46647828460899,-25.535472653441957,1.2214031000005188,-480.5731956279362,-823.0249114924928,17.01820670954914,False,134.79999999999927,4.215519835204802,1.483361190076084,-77.31976733091915,-72.85491593713225,4.468888888888273,70.61400000000745,31.68199811981379,27.018833843518042,403.253428297017,750.1699955553606
13320310.0,0.2107,-2.6275,9.4292,0.0109,0.001,9.8066,-0.1581,0.0339,0.1164,288.21,-79.92,-162.57,52.202286,-2.199312,5.54,2,166.35,23 / 24,-27.495514509439268,-25.52325158110471,1.2721381000007035,-483.32129526764857,-825.5778477042295,17.142883769549655,False,134.89999999999964,4.204796416406532,1.462701758051951,-76.89725494110132,-72.72148202519583,4.451944444446461,70.8190000001947,31.7003109258458,26.98595333915666,406.42404032654724,752.8563656790336
13320410.0,-1.5796,-2.5948,4.6052,-0.0332,0.0104,9.8066,0.6075,0.5627,-0.0158,289.28,-79.99,-161.67,52.2022,-2.198924,8.26,3,71.56,23 / 24,-27.31951433118925,-25.78454365987777,0.9931930999996887,-486.06204670969,-828.1432374662879,17.25615032955009,False,135.0,4.3232557390877275,1.2081321414626591,-76.46792783538876,-72.61028709811768,4.488888888888889,74.387,31.642770070276978,26.99267580134043,409.5941188743012,755.5329503681703
13320510.0,-1.6533,-1.9379,9.8099,-0.0917,-0.0806,9.8058,0.303,0.2121,-0.6783,289.79,-79.79,-160.91,52.2022,-2.198924,8.26,3,71.56,23 / 24,-27.209970686627784,-26.124701952688675,0.7332830999987433,-488.78852096059074,-830.7386997469257,17.342474139550323,False,135.10000000000036,4.31441173954099,1.2363227780268424,-76.03860072961774,-72.47685318688755,4.48805555555601,74.00999999998794,31.524382426168774,27.361024730715517,412.749920230973,758.2618465600382
13320610.0,0.0331,-4.8289,9.7471,-0.0152,-0.0968,9.8061,0.0408,0.4532,-0.5291,283.41,-80.01,-164.77,52.2022,-2.198924,8.26,3,71.56,23 / 24,-26.955689119002475,-26.40409494346155,0.7304680999987332,-491.4968039508821,-833.3651395917427,17.415661699550462,False,135.20000000000073,4.323768509000559,1.293327618246874,-75.60245890789292,-72.35453876737644,4.513055555557304,73.34700000009612,31.279457628003033,27.697422561708425,415.8943450429892,761.0106008243663
13320710.0,1.3425,2.3614,9.6512,0.0072,-0.0156,9.8065,-0.0364,0.8083,-0.1304,286.84,-80.05,-163.62,52.2022,-2.198924,8.26,3,71.56,23 / 24,-26.85523806181012,-26.47567359537164,0.7197180999988896,-494.1873503098836,-836.0091280186459,17.488171009549287,False,135.29999999999927,4.425414692765331,1.1042822850136194,-75.15268765424256,-72.25446333413235,4.561111111115184,75.98900000003488,31.28065275457545,27.579955880385256,419.034662655641,763.7546646845136
13320809.0,-0.6818,-6.9978,11.9112,-0.053,0.017,9.8065,0.2089,-0.4478,0.2835,288.43,-80.44,-163.07,52.2022,-2.198924,8.26,3,71.56,23 / 24,-26.675720520580512,-26.632365090818812,0.8161985499990456,-496.8371327597162,-838.6379759336166,17.56419888372431,False,135.39899999999943,4.551060374194292,1.0558301866471145,-74.70066754432786,-72.1553886538186,4.671936111116976,76.93841000005024,31.226780894774805,27.688195277465926,422.13646521538834,766.482587279798
13320910.0,0.8187,0.4748,12.6832,-0.0318,-0.0469,9.8064,0.3342,0.0687,-0.1048,288.77,-80.26,-162.57,52.2022,-2.198924,8.26,3,71.56,23 / 24,-26.409411908441598,-26.844004244647408,1.067744100000459,-499.5179319473969,-841.3385325850728,17.65933798754982,False,135.5,4.629483465599609,0.8939283202471177,-74.23270099909901,-72.07655145108416,4.715,79.071,31.038895374041207,27.737932564894525,425.2852309482979,769.2619811339887
13321010.0,1.7149,5.3934,8.0731,-0.0196,0.0731,9.8063,0.0197,-0.6136,0.3868,287.52,-80.04,-162.98,52.2022,-2.198924,8.26,3,71.56,23 / 24,-26.69735358517467,-26.748014466565543,1.124894100000667,-502.17327022208735,-844.0181335206432,17.768969897550274,False,135.60000000000036,4.814985756157851,0.8124922932761525,-73.74885616561936,-71.99871500198253,4.883055555554975,80.42200000002055,31.51233934133252,27.560506759841694,428.424414056468,772.0194185186607
13321110.0,1.8655,1.8508,12.1762,-0.076,0.0098,9.8063,0.1653,-0.3744,0.1701,286.99,-80.24,-164.15,52.2022,-2.198924,8.26,3,71.56,23 / 24,-27.035471007266118,-26.582903187071384,1.1566941000007827,-504.85991145171914,-846.6846794033348,17.883049307550763,False,135.70000000000073,4.79847463253073,0.712685213339602,-73.26501133213995,-71.9319980460133,4.8511111111119805,81.5519999999627,31.83394563979685,27.295588400410985,431.59490011957917,774.7526813573215
13321210.0,2.4472,5.4911,10.776,0.0473,0.0651,9.8062,-0.3147,-0.4433,0.3205,287.78,-80.19,-163.39,52.2022,-2.198924,8.26,3,71.56,23 / 24,-27.366575550327322,-26.38028087149484,1.3236390999983534,-507.58001377955924,-849.3328386062246,18.007065967548915,False,135.79999999999927,4.808520935774791,0.8023412056312543,-72.78798121464872,-71.8541615976206,4.875000000003961,80.5270000000406,32.17509648610211,27.182622077126094,434.7920325649105,777.478677008604
13321309.0,-0.3265,-4.075,8.0003,0.055,0.0658,9.8062,-0.2145,-0.7352,0.5029,285.66,-80.05,-165.13,52.2022,-2.198924,8.26,3,71.56,23 / 24,-27.442554093482087,-26.365278525187346,1.2822075999982865,-510.2930656969322,-851.9437437963646,18.136055379198957,False,135.89899999999943,4.929743929200126,0.725140937670658,-72.29548169189023,-71.7881118112116,4.982800000005705,81.63184000005846,32.372298022682216,27.090419462858005,437.997584005042,780.155631985153
13321409.0,2.6442,4.3216,11.2354,0.0011,0.0218,9.8066,0.1261,0.0851,-0.0302,286.7,-79.97,-164.45,52.2022,-2.198924,8.26,3,71.56,23 / 23,-27.46312218320193,-26.36218135586036,1.2633275999982179,-513.0383495107764,-854.5801167904266,18.263332139199246,False,135.9989999999998,5.041727148014089,0.60520470993116,-71.7912608577455,-71.73240315344907,5.077938888888751,83.15472999999778,32.504849331216015,26.967386065791523,441.24708865303086,782.8477136369775
13321510.0,-0.6791,-4.6252,9.0659,0.0276,0.0586,9.8063,-0.1949,-0.4629,0.2737,285.63,-79.91,-164.98,52.2022,-2.198924,8.26,3,71.56,23 / 23,-27.461867884928743,-26.38359679749242,1.2980715999984132,-515.8120615092325,-857.2437785871858,18.392682798799804,False,136.10000000000036,5.073073550510357,0.5340967319008619,-71.2819289865372,-71.67624971527732,5.101111111112475,83.98999999997842,32.5349414354391,26.917693529393283,444.53013252269534,785.5675288719085
13321610.0,2.0472,-3.6871,10.2441,0.006,-0.0621,9.8064,-0.0461,0.4835,-0.4913,284.69,-80.16,-164.23,52.2022,-2.198924,8.26,3,71.56,23 / 23,-27.085343487213514,-26.542006849932736,1.282906599998358,-518.5394220778496,-859.8900587695667,18.52173170880011,False,136.20000000000073,5.135341206965586,0.6483802299717683,-70.77082528918935,-71.6095327593093,5.176111111112021,82.80400000003638,32.2206846941791,27.190387079904504,447.76859678866026,788.2805260102574
13321710.0,-1.2927,-5.8519,10.2628,-0.0244,0.0586,9.8064,-0.0456,-0.1024,0.09,285.03,-80.32,-164.1,52.2022,-2.198924,8.26,3,71.56,23 / 23,-26.65595025044712,-26.74392962838963,1.327586599997708,-521.2264867646935,-862.554355593444,18.652256368798014,False,136.29999999999927,5.1707288274597305,0.5613556653525484,-70.2529068758975,-71.56505478819228,5.201111111113325,83.80400000000375,31.82667907790685,27.305285293742177,450.973579888796,790.9893008052518
13321810.0,0.2552,-1.03,11.1306,0.0202,-0.0607,9.8064,0.1409,0.6814,-0.5165,281.46,-80.38,-164.68,52.2022,-2.198924,8.26,3,71.56,23 / 23,-26.374534509392504,-26.996887896526314,1.4165915999980316,-523.8780110026951,-865.2413964696996,18.7894652787983,False,136.39999999999964,5.232219295734053,0.5585164078110791,-69.72817374664302,-71.50945732464855,5.261944444447006,83.90699999992961,31.60675380512656,27.555404304337394,454.149837256052,793.731939145051
13321910.0,1.5034,5.4116,10.7935,0.0282,0.0102,9.8065,0.0171,0.3208,-0.1872,282.68,-80.14,-165.15,52.2022,-2.198924,8.26,3,71.56,23 / 23,-26.60403267577915,-26.979607789641815,1.532131599998452,-526.5269393619633,-867.9402212540178,18.93690143879866,False,136.5,5.264874659792423,0.682199421902069,-69.20344061745384,-71.44274036868458,5.308888888888888,82.617,31.86890733557157,27.661807211543884,457.32349874450944,796.4974808853333
13322010.0,0.8578,1.5725,10.6031,-0.0212,-0.0688,9.8064,0.1375,0.5494,-0.3603,283.34,-80.12,-164.48,52.2022,-2.198924,8.26,3,71.56,23 / 23,-26.95507496656051,-26.904141501647025,1.6212965999987763,-529.20489474409,-870.6344087185921,19.094572848799096,False,136.60000000000036,5.307034975913211,0.786514312938279,-68.6718927722186,-71.35378442715766,5.365000000002148,81.57000000001615,32.26210994247372,27.690655814585305,460.5330019718714,799.2806242914345
13322110.0,0.8414,3.9421,9.9885,-0.0077,-0.0446,9.8065,0.0749,0.4521,-0.3669,282.53,-80.1,-165.23,52.2022,-2.198924,8.26,3,71.56,23 / 23,-27.24176628059849,-26.877622959287855,1.6702115999989542,-531.9147368064578,-873.3234969416486,19.25914825879958,False,136.70000000000073,5.435621172117698,0.7196670748280386,-68.12671549504914,-71.29818696432025,5.4830555555608305,82.45799999994583,32.67738745271619,27.597290034115893,463.7880213114086,802.0253099773283
13322210.0,1.0145,-6.7239,10.2359,0.0122,-0.0931,9.8062,-0.0988,0.5966,-0.513,280.81,-80.15,-167.04,52.2022,-2.198924,8.26,3,71.56,23 / 23,-27.11950832269983,-26.924981198043245,1.7007665999985098,-534.6328005365831,-876.0136271494761,19.427697168797,False,136.79999999999927,5.558287684774082,0.8834293122589938,-67.56790878598322,-71.19811152966152,5.628055555559992,80.96899999998406,32.67779600747391,27.808410510302238,467.0648917505999,804.8155156198145
13322310.0,0.9234,0.9606,10.9544,-0.0331,-0.0303,9.8065,0.074,0.6004,-0.2433,282.59,-80.31,-165.57,52.2022,-2.198924,8.26,3,71.56,23 / 23,-26.850839808348745,-27.000621578382546,1.7796165999987967,-537.3313179431453,-878.7099072883071,19.601716328797497,False,136.89999999999964,5.671654849993788,0.9459552117318695,-67.00228736095396,-71.09803609641439,5.750000000005457,80.5309999998965,32.52249465834253,27.946576790114417,470.32903058219136,807.6118711918928
13322410.0,-0.2154,-4.6086,10.5313,0.0199,-0.0714,9.8063,-0.0581,0.3577,-0.2371,285.56,-80.34,-165.29,52.2022,-2.198924,8.26,3,71.56,23 / 23,-26.707667783014326,-27.13367382656598,1.8732365999991374,-540.0092433227233,-881.4166220585644,19.784358988798058,False,137.0,5.7352715213422485,1.1528922657735907,-66.43666593596585,-70.97572167691135,5.85,78.634,32.44293930435657,28.28656609233957,473.5725773867574,810.440900381653
13322510.0,0.3897,2.5301,9.1123,0.0347,-0.0468,9.8064,-0.0769,0.454,-0.2737,283.85,-80.04,-163.54,52.2022,-2.198924,8.26,3,71.56,23 / 23,-26.647133581037195,-27.272642738202364,1.8747515999991429,-542.6769833909356,-884.1369378868127,19.971758398798652,False,137.10000000000036,5.9802376921897755,1.2084344976319863,-65.83697093106092,-70.8422877649737,6.101111111113672,78.57599999997647,32.62737127322697,28.481077235834352,476.84001245987463,813.294650121839
13322610.0,-0.4649,-1.0275,9.7276,-0.0229,-0.007,9.8065,-0.0003,0.2819,-0.153,285.93,-80.36,-165.03,52.2022,-2.198924,8.26,3,71.56,23 / 23,-26.763045019170715,-27.375739764653165,1.8360815999990023,-545.3474923209557,-886.8693570119653,20.157300058799233,False,137.20000000000073,6.088801015833022,1.3741807149239342,-65.23046121022801,-70.7088538537438,6.241944444456339,77.28200000006024,32.85184603500374,28.7499204795771,480.1170311107277,816.1605031582216
13322710.0,-0.2277,4.1836,9.0484,-0.0007,-0.0515,9.8064,-0.0988,0.4395,-0.4461,283.01,-80.48,-165.38,52.2022,-2.198924,8.26,3,71.56,23 / 23,-26.966310684464453,-27.492317251430425,1.7942165999996116,-548.0339601060983,-889.6127598627296,20.338814968796523,False,137.29999999999927,6.4468398107194025,1.260379978224376,-64.57624847762708,-70.58653943423246,6.568888888890497,78.93799999990101,33.41315049518386,28.7526972296548,483.45771162847126,819.0262204284971
13322810.0,0.1758,-2.7186,11.1489,0.0094,-0.0275,9.8065,-0.0205,0.2676,-0.2482,280.41,-80.83,-168.06,52.2022,-2.198924,8.26,3,71.56,23 / 23,-27.07168210070177,-27.590153064231163,1.8234165999997178,-550.7358597453665,-892.3668833785227,20.51969662879715,False,137.39999999999964,6.4226326966523315,1.575529442731046,-63.942479892953585,-70.4197470436025,6.613055555567393,76.21699999994478,33.4943147973541,29.16568250696221,486.7933798524129,821.9471363349203
13322910.0,1.8728,2.4742,10.2347,0.0388,-0.0225,9.8065,0.0167,0.2806,-0.1838,280.03,-80.64,-168.49,52.2022,-2.198924,8.26,3,71.56,23 / 23,-27.07312071673926,-27.611113666741115,1.91193160000004,-553.4430998862484,-895.1269467150814,20.706464038797815,False,137.5,6.6035559723440285,1.744118264373005,-63.281452444434656,-70.24183516056037,6.83,75.205,33.67667668908329,29.35523193111412,490.1616474418138,824.885111554521
13323010.0,-1.4073,-0.3517,10.1433,-0.021,-0.0238,9.8065,0.0459,0.013,-0.0858,281.61,-80.59,-169.44,52.2022,-2.198924,8.26,3,71.56,23 / 23,-27.208015277926545,-27.688278651692965,1.9501666000001792,-556.1571566859916,-897.8919163310132,20.899568948798528,False,137.60000000000036,6.789219925120139,1.7654228412489856,-62.59998084803417,-70.06392327821243,7.01500000000371,75.42399999998955,33.997235203046685,29.45370149294195,493.5571758379574,827.8279930528008
13323110.0,-0.893,0.6077,10.225,-0.0052,-0.0207,9.8066,-0.0291,0.0759,-0.0256,279.93,-80.71,-168.28,52.2022,-2.198924,8.26,3,71.56,23 / 23,-27.27492492031216,-27.91796648030022,1.9879166000003166,-558.8813036959134,-900.6722285876231,21.09647310879927,False,137.70000000000073,6.967995901782981,1.886634544095278,-61.90487981964504,-69.87489190273085,7.2188888888968625,74.84999999996481,34.242920822095144,29.804601024395495,496.97642387626837,830.7973366848922
13323210.0,-1.6866,-0.2012,8.8312,-0.0303,-0.0016,9.8066,0.0525,-0.0192,0.1643,281.83,-80.95,-167.25,52.2022,-2.198924,8.26,3,71.56,23 / 23,-27.35256737519903,-28.159725370508095,1.960061600000722,-561.6126783106492,-903.4761131801226,21.29387201879645,False,137.79999999999927,7.145716400684606,2.0648020652250034,-61.18933464338227,-69.66362154240296,7.438055555558213,73.88300000000378,34.498283775883635,30.224527435733098,500.423343667267,833.8124916377196
13323311.0,-0.3616,2.2,9.135,-0.0084,-0.0526,9.8065,0.1055,0.1352,-0.1835,281.41,-80.86,-164.88,52.2022,-2.198924,8.26,3,71.56,22 / 22,-27.507043695606733,-28.36027497895613,1.8768830500002547,-564.3830886697405,-906.3303731977866,21.487637723622587,False,137.90099999999984,7.221715967122354,2.0725068365031865,-60.466361426729705,-69.46135797088523,7.513219444456256,73.9874300000024,34.72875966272909,30.432781815459318,503.91672724301077,836.8690152269013
13323410.0,-0.2414,-2.3415,8.8067,-0.0055,0.0099,9.8066,-0.1018,-0.1154,0.1334,280.96,-80.92,-165.41,52.2022,-2.198924,8.26,3,71.56,22 / 22,-27.53868720051009,-28.507118407316458,1.794138850000121,-567.1078523491027,-909.1453091704116,21.6693533076729,False,138.0,7.423922852192527,2.1245694829258905,-59.730985427042405,-69.25220031347179,7.7219444444444445,74.03,34.962610052702615,30.631687890242347,507.3768669220603,839.8931088569398
13323510.0,-0.541,1.4632,8.8007,-0.0294,-0.0424,9.8065,-0.0703,0.2878,-0.1798,283.23,-81.17,-163.76,52.2022,-2.198924,8.26,3,71.56,22 / 22,-27.538523851269236,-28.66850771885348,1.6938438499997561,-569.8617129017017,-912.0040904767304,21.843752442673527,False,138.10000000000036,7.626426932810318,2.0147041187373804,-58.9677372390656,-69.05204944556492,7.888055555556899,75.20199999999014,35.16495078407955,30.68321183759086,510.8939756626361,842.9520410311655
13323610.0,-2.3178,-5.5687,9.059,-0.0264,-0.0232,9.8065,-0.1204,-0.1131,0.0363,285.3,-81.46,-162.23,52.2022,-2.198924,8.26,3,71.56,22 / 22,-27.41745150089926,-28.979633950974755,1.6061638499994373,-572.6095116693201,-914.8864975602323,22.008752827674087,False,138.20000000000073,7.678283973248358,2.1063035305180287,-58.211303766986916,-68.82965959280749,7.961944444450447,74.66000000000993,35.09573547414762,31.085937481492785,514.3982079023332,846.0568379674248
13323710.0,-2.1443,0.2546,10.2082,-0.0286,-0.0418,9.8064,0.0563,0.1381,-0.1564,287.72,-81.87,-160.57,52.2022,-2.198924,8.26,3,71.56,22 / 22,-27.268250955027238,-29.377781568191068,1.5888588499996892,-575.3437967920767,-917.8043683361482,22.168503962671718,False,138.29999999999927,7.8475604976250075,2.1125861495460807,-57.427611431109504,-68.61838923247917,8.126944444447647,74.93299999998793,35.115811452652245,31.49036771773715,517.9161853609671,849.185979103669
13323810.0,-0.2287,-0.0119,9.2577,-0.0046,0.0022,9.8066,0.1715,-0.41,0.2558,289.68,-81.84,-161.17,52.2022,-2.198924,8.26,3,71.56,22 / 22,-27.3646797235708,-29.599885070280635,1.5814888499996624,-578.0754433260165,-920.7532516680825,22.32702134767226,False,138.39999999999964,7.920081819702816,2.1814052739779495,-56.637104379209696,-68.4071188714391,8.2150000000077,74.60100000004049,35.28476154327362,31.781290344258586,521.4383389468068,852.3461327966434
13323909.0,-2.1206,-1.3424,9.2085,0.0277,-0.035,9.8064,0.0333,-0.254,0.0021,291.03,-81.45,-159.32,52.2022,-2.198924,8.26,3,71.56,22 / 22,-27.394690991520896,-29.842898557722226,1.5247073999995706,-580.786032176418,-923.6956694576734,22.48077806204747,False,138.4989999999998,8.082544863722926,2.1150334849638512,-55.841009260328185,-68.18695291652504,8.354699999999795,75.33557999999893,35.47723585524382,31.95793204268608,524.9450229160898,855.5087165411484
13324010.0,-1.8515,-2.7097,10.1956,0.0017,0.0514,9.8065,0.1099,-0.2757,0.0402,290.4,-81.51,-160.01,52.2022,-2.198924,8.26,3,71.56,22 / 22,-27.32702825801954,-30.21475568258963,1.5141427999995114,-583.5494789985353,-926.7285809968262,22.634239997148285,False,138.60000000000036,8.22109820650653,2.1518579191778,-55.00838726376883,-67.97345865695043,8.498055555558173,75.33200000000538,35.54812646452607,32.366613601767426,528.5410917347665,858.7551223398757
13324110.0,-0.1871,-1.8237,11.084,-0.0058,0.0219,9.8065,0.159,-0.3951,0.0161,283.27,-81.63,-164.42,52.2022,-2.198924,8.26,3,71.56,22 / 22,-27.1903069461393,-30.492979133634663,1.5974577999998145,-586.2753457587531,-929.7639677376484,22.789820027148817,False,138.70000000000073,8.371491148502875,2.1450733627263463,-54.17699191612157,-67.75106880348608,8.64194444444892,75.6280000000478,35.56179809464218,32.638052496361006,532.0983538426316,862.0128989341623
13324211.0,-1.9171,0.8106,6.7647,-0.0119,0.0165,9.8066,-0.2582,0.0108,-0.052,281.69,-81.79,-165.83,52.2022,-2.198924,8.26,3,71.56,22 / 22,-27.198765016838564,-30.728466948528173,1.5083455000009187,-589.0219938928495,-932.8556507647593,22.94666309379691,False,138.80099999999948,8.538444969530506,1.9793423507110517,-53.323448741598924,-67.5490276225358,8.76486944444394,76.94850000002506,35.737209986369066,32.70780929923922,535.6985451512506,865.3066231422234
13324310.0,-2.3704,3.8444,8.3404,0.0261,0.0202,9.8066,-0.241,0.0321,-0.1579,281.97,-82.01,-168.07,52.2022,-2.198924,8.26,3,71.56,22 / 22,-27.50196932864154,-31.00527807707237,1.285189600000558,-591.7296802429552,-935.9114711435315,23.084943081247207,False,138.89999999999964,8.547519030094689,1.8805451307524643,-52.48012764102218,-67.36188656081022,8.751944444443625,77.59199999999956,36.04948835873623,32.885823207824835,539.249552601933,868.5495845827212
13324410.0,1.1688,6.3629,9.2673,0.0127,0.035,9.8065,-0.1476,-0.0329,-0.0153,283.01,-82.66,-168.54,52.2022,-2.198924,8.26,3,71.56,22 / 22,-28.04730171330933,-31.070259372036933,1.1849096000001933,-594.5071437950628,-939.0152480159982,23.208448041247696,False,139.0,8.532607189020535,1.8785134503600824,-51.635102861475836,-67.17285518534322,8.736944444444445,77.584,36.57990890232986,32.94877282239702,542.872040933587,871.842392830655
13324509.0,-1.0047,-3.3256,6.9915,0.0193,0.0744,9.8063,-0.3615,-0.3643,0.3976,279.39,-83.1,-170.1,52.2022,-2.198924,8.26,3,71.56,22 / 22,-28.21974609005777,-31.135916008095695,1.018861849999925,-597.292362661334,-942.0944536973198,23.317534728022878,False,139.09900000000016,8.708329842692986,1.7995014148990665,-50.77154205446342,-66.9967224218193,8.892319444446956,78.32452000001197,36.92807593275076,32.93541742299476,546.5208206068705,875.0977312755005
13324610.0,-0.0964,4.3914,8.3632,-0.0581,0.0233,9.8064,0.0039,0.1204,-0.0595,280.1,-83.93,-168.04,52.2022,-2.198924,8.26,3,71.56,22 / 22,-28.31203909679471,-31.29951927568778,0.8038025499987166,-600.147217813286,-945.2474431791685,23.409579280223326,False,139.20000000000073,8.785728611438849,1.712706305704399,-49.89053557457853,-66.82815091307323,8.951111111111,78.96900000000181,37.09776770823356,33.01222558139218,550.2566822387075,878.4192922660952
13324709.0,0.1826,-3.6398,9.8968,-0.0539,0.0892,9.8061,-0.0169,-0.3806,0.2635,279.88,-84.56,-169.58,52.2022,-2.198924,8.26,3,71.56,22 / 22,-28.37825716812706,-31.405841594742164,0.7368141999986084,-602.9533874784042,-948.3513585422598,23.485839809348317,False,139.2990000000009,8.78423535790046,1.704539123930304,-49.0269747675661,-66.65201814884908,8.948086111110952,79.0185000000026,37.16249252602752,33.11038071867247,553.9264127108381,881.6993403934108
13324810.0,-1.6864,3.4819,4.803,-0.0412,-0.0089,9.8065,-0.1148,0.4918,-0.1012,274.01,-84.62,-169.7,52.2022,-2.198924,8.26,3,71.56,22 / 22,-28.401534696339453,-31.622387753993383,0.4886824500016831,-605.8207669675243,-951.5342841243315,23.547727390172565,False,139.39999999999964,8.779412740459833,1.858115637644829,-48.14596828772343,-66.46120765454145,8.973888888893754,78.05000000006783,37.180947436799286,33.48050339163821,557.6747986798008,885.0730764697901
13324910.0,1.427,5.7599,8.2163,-0.1424,0.0053,9.8056,0.2024,0.4521,-0.0831,277.45,-85.5,-167.78,52.2022,-2.198924,8.26,3,71.56,22 / 22,-28.879215751055668,-31.707061457743993,0.15898245000048372,-608.6848044899044,-954.7007565849299,23.58011063517279,False,139.5,8.905268716788264,1.6837948464342982,-47.260055212432356,-66.29441526533886,9.063055555555554,79.293,37.78448446784393,33.39085630417829,561.4247492774721,888.406341319591
13325009.0,0.9665,2.3139,6.7231,0.0207,-0.0185,9.8066,-0.5297,0.7196,-0.1618,275.12,-86.23,-165.86,52.2022,-2.198924,8.26,3,71.56,22 / 22,-29.285325044594547,-31.661610778146667,-0.0723755999998903,-611.5639492592937,-957.8375058606115,23.58439767424783,False,139.59900000000016,8.907912423022843,1.6964137431049529,-46.38974783659923,-66.12929079861613,9.068005555555636,79.21775999999878,38.193237467617394,33.35802452125162,565.1742014226945,891.7082150619954
13325110.0,0.4091,7.026,10.6109,-0.0685,-0.1048,9.8058,0.0129,0.8868,-0.2757,283.38,-86.99,-156.29,52.2022,-2.198924,8.26,3,71.56,22 / 22,-29.76716520982239,-31.620555153957234,-0.18748025000053697,-614.5461000171586,-961.0332552402007,23.571274953822734,False,139.70000000000073,9.02550023235491,1.8146149304683017,-45.481414345686204,-65.93859149922913,9.206111111110777,78.63200000002055,38.7926654421773,33.435170084425536,569.0646856714724,895.0946637409716
13325210.0,0.4019,-1.1064,11.2223,0.045,0.0098,9.8065,-0.2876,0.3542,0.2486,287.44,-87.48,-150.56,52.2022,-2.198924,8.26,3,71.56,22 / 22,-30.087198028878024,-31.63218742991189,-0.07648525000215203,-617.53881817905,-964.1958923693481,23.55807667882279,False,139.79999999999927,9.033951027421807,1.7238085591014365,-44.581871838385496,-65.77179911072477,9.196944444449326,79.19700000002358,39.12114905629983,33.35599598901333,572.9569463406646,898.4240932586233
13325311.0,1.0654,7.9767,8.2441,0.0497,-0.127,9.8057,-0.1535,0.9073,-0.5291,294.34,-87.28,-143.54,52.2022,-2.198924,8.26,3,71.56,22 / 22,-30.425750047454734,-31.526399709891134,-0.08390370000219365,-620.594722056922,-967.3854010199261,23.549977036847526,False,139.90099999999984,9.185442529320428,1.6450507353482866,-43.65950003260845,-65.6034499904206,9.331588888891567,79.84635000000756,39.61119257677516,33.17145044523942,576.9352220243136,901.7819510295055
13325410.0,2.8212,-5.3545,9.9287,-0.0288,-0.042,9.8064,0.0202,0.187,0.0442,285.7,-87.6,-149.12,52.2022,-2.198924,8.26,3,71.56,22 / 22,-30.521138270374447,-31.363218835685036,-0.15520845000230893,-623.6115930286594,-970.4984371379372,23.538140985422285,False,140.0,9.235833431659358,1.631850977499717,-42.7487132440246,-65.44933382261098,9.37888888888889,79.98,39.75697170203381,32.995069813184756,580.8628797846347,905.0491033153262
13325510.0,0.1888,3.0776,9.3671,0.0295,-0.137,9.8056,-0.0887,0.9505,-0.4648,300.42,-87.64,-134.86,52.2022,-2.198924,8.26,3,71.56,22 / 22,-30.40950857126867,-31.321809313799626,-0.17108345000236663,-626.6581253707526,-973.6326885454229,23.521826390421992,False,140.10000000000036,9.159166931303032,1.8346710644384612,-41.84235602075409,-65.24918295470553,9.34111111111333,78.67300000003794,39.5686755025717,33.156480378238086,584.8157693499985,908.3835055907173
13325610.0,-0.5657,-3.121,9.6822,-0.0953,0.0086,9.8062,0.1148,-0.4728,0.2515,310.65,-88.29,-126.43,52.2022,-2.198924,8.26,3,71.56,22 / 22,-30.51615107347466,-31.452542974569884,-0.19928345000246914,-629.7044083530009,-976.7714061598527,23.503308045421683,False,140.20000000000073,9.340240270974656,1.5196486857058926,-40.90873993364372,-65.10462954963326,9.463055555554353,80.75899999992899,39.856391344449314,32.972191660275776,588.7956684193572,911.6667766102195
13325711.0,2.0001,2.3977,11.0995,-0.1053,-0.0491,9.8059,0.1615,0.0807,-0.0434,316.65,-88.32,-114.7,52.2022,-2.198924,8.26,3,71.56,22 / 22,-30.51713489780297,-31.502164561183612,-0.14027925000320016,-632.7865892945122,-979.9506188903689,23.48616012907161,False,140.30099999999948,9.250995470964865,1.8288981995052018,-39.979485264742785,-64.91393025097159,9.430061111111346,78.81697000003845,39.768130368767835,33.331062760688816,592.8071040297693,915.0366886393973
13325810.0,1.9031,7.59,11.8081,0.0494,0.1538,9.8052,-0.3363,-0.7159,0.5521,322.54,-88.18,-111.53,52.2022,-2.198924,8.26,3,71.56,22 / 22,-30.77870929922115,-31.06359542348398,0.02278859999706359,-635.8207335822698,-983.047624009615,23.4803443418963,False,140.39999999999964,9.287095746434899,1.67034292821315,-39.061951907298784,-64.74880578564995,9.436111111113565,79.80400000000792,40.06580504565605,32.733938351697134,596.758781674971,918.2988182239651
13325910.0,-1.9791,6.5095,5.8962,0.0487,0.0713,9.8062,-0.0634,0.1686,0.125,296.26,-88.46,-133.77,52.2022,-2.198924,8.26,3,71.56,22 / 22,-31.35259865855342,-30.735410045011374,-0.0726614000032836,-638.9272989801698,-986.137574283051,23.477850701895978,False,140.5,9.33560256039717,1.6546881082368206,-38.1351505362088,-64.5931328874576,9.48111111111111,79.949,40.68820121895059,32.390098153248196,600.792148443961,921.5444413955934
13326010.0,-2.1459,-8.0126,5.9014,-0.1787,-0.0324,9.8049,0.4627,0.0888,0.49,297.56,-88.29,-135.82,52.2022,-2.198924,8.26,3,71.56,22 / 22,-31.446747791922856,-31.065455306082885,-0.46344640000470516,-642.067266302705,-989.227617550617,23.45104531189548,False,140.60000000000036,9.358096182028548,1.5463702169391864,-37.20153444907134,-64.43745999066839,9.484999999996523,80.61699999998797,40.80484397395141,32.61182552302207,604.8657318536336,924.7901575599486
13326110.0,0.7169,1.8793,10.371,-0.0681,-0.3341,9.8007,0.6947,1.0028,-0.8017,330.07,-87.72,-103.94,52.2022,-2.198924,8.26,3,71.56,22 / 22,-31.2451035494265,-31.32504233705476,-0.6304914000053128,-645.2018588697839,-992.3471424327852,23.396348421894782,False,140.70000000000073,9.151423482546893,1.621054879419599,-36.29517722580107,-64.27066760003981,9.293888888888313,79.95500000003484,40.39652703197339,32.94609721647436,608.9066816439829,928.0764748327454
13326209.0,0.4671,-6.963,6.8825,0.1105,0.1034,9.8054,-0.5963,-1.1421,0.5153,292.0,-87.3,-139.8,52.2022,-2.198924,8.26,3,71.56,22 / 22,-31.014569856722495,-31.41491774243812,-0.7473015000055016,-648.2837127033932,-995.4527704567251,23.328147673344137,False,140.7990000000009,9.161510968096657,1.466878010365279,-35.391137005971665,-64.1275597297204,9.27821388888806,80.90342000005019,40.17608082481915,32.8817957528034,612.8925756974215,931.3252107270048
13326310.0,0.8827,-5.9351,8.1947,0.0129,0.0362,9.8065,-0.2487,-0.4587,0.6077,306.72,-87.35,-126.51,52.2022,-2.198924,8.26,3,71.56,22 / 22,-30.481356767434715,-31.770416145167296,-0.9763745500026632,-651.3892569978747,-998.6436298180097,23.241102032819803,False,140.89999999999964,9.193501349024716,1.4107447843636365,-34.46883334734404,-63.98156079060967,9.301111111105428,81.27600000002712,39.67485811645943,33.18116092953093,616.9204236505307,934.6620690274
13326409.0,-1.7495,7.0075,8.9268,-0.0694,0.1218,9.8056,-0.0769,-0.5338,0.4939,314.92,-86.9,-113.65,52.2022,-2.198924,8.26,3,71.56,22 / 22,-30.612751477329663,-31.812725387540194,-1.0997186500028626,-654.4134153559954,-1001.7909953238837,23.138335419419363,False,140.9989999999998,9.103209884580068,1.3169869312548557,-33.57153969637381,-63.860469516002155,9.197986111111263,81.76802999999927,39.715961361909734,33.12971231879505,620.8418756596216,937.9305258078816
13326510.0,0.342,-1.9352,10.1604,-0.034,0.0459,9.8065,-0.1064,-0.7249,0.2703,321.77,-87.51,-108.92,52.2022,-2.198924,8.26,3,71.56,22 / 22,-30.95037143755254,-31.76628152286042,-1.126286700003012,-657.5223530632145,-1005.001735172877,23.025922149243435,False,141.10000000000036,9.070146557873908,1.1913697437044732,-32.65611890089715,-63.73693195230221,9.148055555555317,82.51700000001055,40.020517995426445,32.957651266564895,624.8662341623174,941.2648032205748
13326610.0,-0.6519,7.57,9.5671,0.0252,0.059,9.8064,-0.1747,-0.3213,0.0882,325.33,-87.37,-106.44,52.2022,-2.198924,8.26,3,71.56,22 / 22,-31.223350684130775,-31.603924914446633,-1.1205767000029911,-660.6310391693099,-1008.1702454947539,22.913578979242725,False,141.20000000000073,9.068780843743001,1.0979248645124504,-31.756576393607656,-63.62573702521637,9.134999999997524,83.09700000000728,40.29213152787378,32.70184977895909,628.8744627757022,944.5445084695375
13326710.0,0.8993,-3.6455,8.331,-0.0356,0.1282,9.8057,-0.1358,-0.6143,0.5975,318.01,-87.56,-113.55,52.2022,-2.198924,8.26,3,71.56,22 / 22,-31.411930292605085,-31.484814384823054,-1.206336700001743,-663.7628032181011,-1011.3246824596715,22.79723330924418,False,141.29999999999927,9.004967702129356,1.0583185920249203,-30.857033886307676,-63.52566159197229,9.06694444444317,83.29700000002417,40.41689799473444,32.54313297684797,632.9057693317934,947.7990208676993
13326810.0,0.7347,7.2864,11.2318,0.0665,0.026,9.8063,-0.119,0.4172,-0.241,315.02,-87.1,-115.8,52.2022,-2.198924,8.26,3,71.56,22 / 22,-31.583550105473012,-31.383791318193577,-1.2088617000017523,-666.9125772380165,-1014.4681127448338,22.676473389243565,False,141.39999999999964,8.98182180163693,0.9502092249081542,-29.96430609497162,-63.42558615802088,9.031944444440686,83.96100000006581,40.56537190710994,32.33400054310173,636.9482711430448,951.0425265868129
13326910.0,2.1761,-4.7701,8.6726,0.03,0.0794,9.8063,-0.24,-0.6123,0.238,318.33,-87.42,-113.11,52.2022,-2.198924,8.26,3,71.56,22 / 22,-31.670897462035843,-31.282921273832564,-1.1943067000016994,-670.0752996164035,-1017.6014483744465,22.556314969242955,False,141.5,8.931187402490801,0.7551532781925375,-29.07157830367342,-63.35886920205691,8.963055555555556,85.167,40.602084864526645,32.0380745520251,641.0037213127301,954.2425791723896
13327010.0,1.4118,-4.7715,9.4863,0.0086,-0.0842,9.8063,0.123,0.7058,-0.3289,324.95,-87.31,-106.67,52.2022,-2.198924,8.26,3,71.56,22 / 22,-31.33808182478685,-31.61183839582362,-1.267026700001964,-673.2257485807561,-1020.7461863579407,22.433248299242322,False,141.60000000000036,8.936547725272261,0.7136804284015563,-28.178850512337736,-63.292152246088094,8.964999999997342,85.4340000000084,40.27462955005911,32.32551882422518,645.0468980684184,957.4540341118526
13327109.0,1.6003,-6.8237,8.9607,-0.0106,0.0312,9.8066,0.0175,-0.028,-0.1244,329.62,-86.98,-103.78,52.2022,-2.198924,8.26,3,71.56,22 / 22,-31.013132879274696,-32.07383855558723,-1.3247585500020573,-676.3121337086121,-1023.8986273670406,22.304954929366914,False,141.69900000000052,8.79767812059332,0.6319674979504482,-27.315289705352132,-63.2261024596791,8.820349999995004,85.8913800000158,39.81081099986802,32.70580605353768,648.99684400326,960.6725249073615
13327210.0,1.5787,-5.5607,12.4922,0.0731,-0.1566,9.805,0.08,1.033,-0.8635,322.5,-87.47,-109.2,52.2022,-2.198924,8.26,3,71.56,22 / 22,-30.64277160255022,-32.56536122210152,-1.2318587500032083,-679.4257568849057,-1027.1629069557735,22.17584575571825,False,141.79999999999927,8.82299126233225,0.35174590937745553,-26.427468509502976,-63.19207681142936,8.829999999997453,87.71700000000256,39.46576286488247,32.91710713147898,652.9982883754027,963.9708301443441
13327310.0,-1.0947,9.1986,10.1615,0.0857,-0.0317,9.8062,-0.1374,0.75,-0.4793,316.92,-87.08,-113.09,52.2022,-2.198924,8.26,3,71.56,22 / 22,-30.864527702200483,-32.51109026776651,-1.0798387500026552,-682.5011218501544,-1030.4167295302786,22.060260880717536,False,141.89999999999964,8.753466623563716,0.33826331485927374,-25.555184866053942,-63.15871833415349,8.760000000001531,87.78700000008776,39.6179943257642,32.84935358262579,656.9459369841004,967.2580111961252
13327410.0,3.4939,-1.6034,12.7205,-0.0082,-0.1627,9.8053,0.4027,0.7934,-0.4949,316.56,-87.57,-119.97,52.2022,-2.198924,8.26,3,71.56,22 / 22,-31.13245635027749,-32.227534271874156,-0.9164037500020605,-685.6009710527895,-1033.6536607572725,21.960448755716936,False,142.0,8.787565636595296,0.09279348069967944,-24.676086506715816,-63.14759884102128,8.788055555555555,89.395,39.92002198687278,32.32032775257383,660.9248845460737,970.5060619162513
13327510.0,0.2723,11.1197,9.7445,0.0478,-0.169,9.805,0.13,1.066,-0.8628,325.09,-86.86,-111.31,52.2022,-2.198924,8.26,3,71.56,22 / 22,-31.358240290118516,-31.77158664133653,-0.7738187500015418,-688.7255058848207,-1036.8536168029448,21.875937630716447,False,142.10000000000036,8.698587417480562,0.2095507298034433,-23.81061757924756,-63.12535985546297,8.701111111111782,88.6200000000219,40.056827707599076,31.981137371139972,664.9148883055731,973.7282569474818
13327610.0,-1.5781,-7.3677,7.2173,-0.0554,-0.1548,9.8052,0.2879,0.0409,-0.1815,318.6,-87.36,-115.3,52.2022,-2.198924,8.26,3,71.56,22 / 22,-31.582907766130337,-31.704332910718207,-0.906393750002024,-691.8725632876445,-1040.027412780559,21.791927005715962,False,142.20000000000073,8.738014330186846,0.026841337564556752,-22.938333935825998,-63.12535985546378,8.738055555554313,89.82400000003295,40.32092209631718,31.731174248282763,668.9342293518185,976.9020529250952
13327710.0,-0.6481,6.0177,8.3604,0.0184,-0.1793,9.8049,0.3,0.8846,-0.5593,329.75,-86.57,-104.17,52.2022,-2.198924,8.26,3,71.56,22 / 22,-31.682477381043253,-31.852811307966444,-1.1081737499990876,-695.0358325449572,-1043.205269991447,21.691198630717373,False,142.29999999999927,8.703182444592674,-0.11089240849371987,-22.066050292366363,-63.14759884102209,8.703888888889152,90.73000000002496,40.385659825635926,31.741918899472726,672.9697822525908,980.057671150425
13327809.0,1.0132,-4.7784,9.458,-0.0687,-0.0396,9.8063,0.2547,-0.4759,0.1005,335.27,-86.77,-99.85,52.2022,-2.198924,8.26,3,71.56,22 / 22,-31.827561084317782,-31.852954870721714,-1.1970212999992311,-698.1795794489976,-1046.3587054172972,21.57709147574227,False,142.39899999999943,8.708398296754975,-0.2142195764523652,-21.209236054147823,-63.16961543602492,8.711038888889266,91.40914000003593,40.53595938107276,31.63873529426935,676.9703433948498,983.1890899812722
13327910.0,1.3354,-2.8172,10.1177,-0.0086,-0.0705,9.8064,0.1152,0.1347,-0.0755,329.57,-86.62,-104.3,52.2022,-2.198924,8.26,3,71.56,22 / 22,-31.663919486104046,-32.18781766959481,-1.1989200999992418,-701.3858992178219,-1049.5927644306014,21.45609643504167,False,142.5,8.648212739838398,-0.2894595896281219,-20.335112437465977,-63.192076811430574,8.653055555555556,91.917,40.31213222594244,31.898358079966684,681.0507867803559,986.4006876191709
13328010.0,-0.2863,-10.3557,8.3099,-0.0824,0.1376,9.8053,-0.184,-1.3933,0.9256,330.57,-86.35,-103.16,52.2022,-2.198924,8.26,3,71.56,22 / 22,-31.403977500296794,-32.78620229472746,-1.2582050999994574,-704.5392940671535,-1052.8414654288292,21.333240175041286,False,142.60000000000036,8.692053901120927,-0.41477234018761033,-19.46964350997076,-63.23655478184088,8.701944444443226,92.73200000000959,40.09603140141772,32.37142995453985,685.0696505571827,989.6049106469884
13328110.0,1.0369,-1.1198,12.2151,-0.1434,-0.0535,9.8054,0.3854,-0.1474,0.2379,349.23,-86.51,-86.36,52.2022,-2.198924,8.26,3,71.56,22 / 22,-31.217372614096945,-33.322116439432484,-1.2126200999992915,-707.6703615728845,-1056.1468813655492,21.2096989150409,False,142.70000000000073,8.621035071791095,-0.4908964156879506,-18.60417458247603,-63.29215224609174,8.634999999999312,93.2590000000347,39.83840768588804,32.831220023744535,689.0661869904085,992.8547291194575
13328210.0,-2.7388,6.5652,9.8292,-0.0221,0.1964,9.8046,-0.3196,-1.1502,0.8837,349.62,-86.07,-86.48,52.2022,-2.198924,8.26,3,71.56,22 / 22,-31.47196179209199,-33.08221845009124,-1.0910701000010603,-710.8048282931484,-1059.467098109977,21.09451440504256,False,142.79999999999927,8.592828951493493,-0.6329781113546223,-17.752335086983962,-63.35886920205974,8.616111111115002,94.21300000002987,40.06479074358548,32.449240338736615,693.0524932061644,996.1082289079174
13328311.0,1.9015,6.8351,12.5304,-0.0054,-0.1286,9.8057,-0.2975,-0.9627,0.735,352.04,-87.43,-87.1,52.2022,-2.198924,8.26,3,71.56,22 / 22,-31.744062820231523,-32.43597717583841,-0.9523819500002809,-713.9972375360886,-1062.775766989105,20.991320076516914,False,142.90099999999984,8.689695734136972,-0.7659186906815909,-16.8781433230525,-63.43748401423805,8.723386111112964,95.03708000001726,40.433758554368495,31.67005848515682,697.1190942130361,999.338282974867
13328409.0,3.1715,2.8555,10.4649,-0.007,0.0301,9.8066,-0.4215,-0.9088,0.5504,348.49,-87.29,-90.37,52.2022,-2.198924,8.26,3,71.56,23 / 23,-31.69362291521961,-31.934246201603745,-0.7866639500003547,-717.1056841371243,-1065.9299079345983,20.90610682741692,False,142.9989999999998,8.717794145888586,-0.8147002614519055,-16.023305352511954,-63.51376373435199,8.755780555555507,95.33891999999955,40.411417061108196,31.11954594015184,701.0823787846123,1002.4161442002463
13328510.0,0.1579,-8.2632,7.2506,-0.0615,-0.1542,9.8052,-0.3521,-0.4378,0.4239,340.2,-87.78,-98.34,52.2022,-2.198924,8.26,3,71.56,23 / 23,-31.537998749589608,-32.1748456176014,-0.8825028500008931,-720.298881031215,-1069.1674170714864,20.821813904016384,False,143.10000000000036,8.764611897549791,-0.8624666560980557,-15.142298872654269,-63.60349804107837,8.806944444445701,95.62000000002296,40.3026106471394,31.31237896150334,705.1565821585608,1005.563919030408
13328610.0,-0.365,0.3884,11.8136,-0.0727,-0.0434,9.8062,-0.1266,-0.5842,0.4044,350.84,-87.6,-84.49,52.2022,-2.198924,8.26,3,71.56,23 / 23,-31.532177167581704,-32.56583569745267,-0.9099578500009929,-723.4523898270851,-1072.4044511372508,20.732190869015962,False,143.20000000000073,8.812159041565168,-1.0635795611587202,-14.256385797272145,-63.71469296675037,8.87611111110907,96.8820000000303,40.344336209146874,31.50225613629395,709.1960040298129,1008.6897581705005
13328710.0,-0.3705,-4.3435,9.4855,0.0404,-0.0406,9.8064,-0.0754,-0.4561,0.1947,352.22,-87.35,-86.41,52.2022,-2.198924,8.26,3,71.56,23 / 23,-31.66476865909901,-32.77575754226359,-0.8256678500022195,-726.6122371183732,-1075.671530799189,20.645409584017063,False,143.29999999999927,8.740162138395258,-1.1840463650343087,-13.384102153839354,-63.83700738696701,8.819999999999384,97.71499999998338,40.404930797494266,31.591711177229282,713.2281349645339,1011.834523412222
13328810.0,0.0165,0.2151,8.6579,0.0186,-0.0303,9.8065,0.1145,-0.0855,-0.0863,349.94,-87.33,-85.94,52.2022,-2.198924,8.26,3,71.56,23 / 23,-31.77723179492026,-32.99217359233098,-0.8991628500024869,-729.7843371410856,-1078.9599273559306,20.559168049016513,False,143.39999999999964,8.732519482292517,-1.112155836929582,-12.511818510390693,-63.94820231334593,8.803055555557679,97.25800000000011,40.50975127721278,31.880017755401397,717.272518630695,1015.0117250425847
13328910.0,1.9488,-4.3189,10.8028,0.0079,0.0216,9.8066,0.1061,-0.2851,0.1424,349.93,-87.36,-88.57,52.2022,-2.198924,8.26,3,71.56,23 / 23,-31.766852791175864,-33.188933989249655,-0.9067928500025146,-732.961541370402,-1082.2689827350216,20.468870264015933,False,143.5,8.771057768523901,-1.1173751294254242,-11.639534867032598,-64.05939723971676,8.841944444444444,97.26,40.53791055969977,32.07155885982423,721.3220065033694,1018.2095854953049
13329010.0,0.9441,-2.3675,9.2772,0.0117,0.0061,9.8066,-0.0588,0.4493,-0.2236,352.97,-87.56,-85.76,52.2022,-2.198924,8.26,3,71.56,23 / 23,-31.69429862868563,-33.50489645851513,-0.8834578500024297,-736.1345989414066,-1085.603674257422,20.37935772901536,False,143.60000000000036,8.810979498250243,-1.4411163327409722,-10.760436507576317,-64.21507013650539,8.928055555555135,99.28899999999483,40.50527812693587,32.06378012577415,725.3741624338303,1021.3886041209166
13329110.0,0.0469,5.0921,8.2686,-0.0562,0.116,9.8058,-0.1809,-0.1526,-0.3042,349.31,-87.66,-89.21,52.2022,-2.198924,8.26,3,71.56,23 / 23,-31.80029722435675,-33.375317806465596,-0.9868328500028057,-739.3093287340703,-1088.9476849706832,20.28584319401476,False,143.70000000000073,8.795243073057463,-1.3938164462488805,-9.881338148201566,-64.34850404915196,8.90500000000007,99.00500000005638,40.59554029741422,31.981501360216715,729.4279905858687,1024.5991809215313
13329210.0,0.8009,5.3471,9.2602,-0.0314,-0.0182,9.8066,-0.08,0.5516,-0.6828,355.46,-87.93,-83.99,52.2022,-2.198924,8.26,3,71.56,23 / 23,-31.94893678092987,-32.86167740496562,-1.091057850001289,-742.4967904342882,-1092.2595347312065,20.181948659016065,False,143.79999999999927,8.756234678245292,-1.6315678336816621,-9.009054504768775,-64.52641593149646,8.906944444443939,100.55500000003133,40.70517145917516,31.230109571283958,733.4877359295194,1027.73311879971
13329310.0,-0.3249,-4.4604,9.1327,-0.0561,0.0286,9.8064,-0.2169,-0.2527,0.436,358.8,-88.26,-83.02,52.2022,-2.198924,8.26,3,71.56,23 / 23,-32.06447989146738,-32.81181217499221,-1.152077850001511,-745.6974612679197,-1095.5432092102162,20.069791874015518,False,143.89999999999964,8.717114811381302,-1.7602120552353548,-8.136770861347209,-64.70432781384483,8.893055555555662,101.41600000002526,40.78159470284868,31.05160011975686,737.5606904065725,1030.8388813963713
13329409.0,1.7438,-0.045,9.9557,0.0128,-0.0258,9.8065,-0.1238,0.0859,0.1927,347.55,-88.6,-93.83,52.202515,-2.197632,13.7,2,69.08,22 / 22,-32.112083883680945,-33.0213675417579,-1.1780604000015529,-748.8742011747947,-1098.8019516062006,19.95445003064018,False,143.9989999999998,8.704635159301082,-1.8302881436661531,-7.273210054397616,-64.89146887555677,8.894980555555552,101.87436999999933,40.81671904298203,31.191079398091745,741.6009911203971,1033.910482730644
13329510.0,-0.1997,0.3545,9.8572,0.0021,-0.0065,9.8066,-0.1693,0.1012,-0.0738,347.04,-88.09,-94.53,52.202515,-2.197632,13.7,2,69.08,22 / 22,-32.16223362784811,-33.00712384676438,-1.167980600001496,-752.1200542091452,-1102.1363904213397,19.83597496013936,False,144.10000000000036,8.74388046855483,-1.8040871250369537,-6.392203574486269,-65.07127107165977,8.928055555556247,101.6580000000035,40.90611409640294,31.203036721727425,745.7278506346589,1037.06511934968
13329610.0,-0.3556,-1.9571,11.2216,0.0604,0.0107,9.8064,-0.108,-0.1407,-0.2301,356.6,-88.3,-85.49,52.202515,-2.197632,13.7,2,69.08,22 / 22,-32.310035954997495,-33.098685079396176,-1.0947056000012294,-755.3436676882992,-1105.4416808676597,19.722840650138814,False,144.20000000000073,8.775030368444169,-1.8411926812946906,-5.5199199310647025,-65.26030244714012,8.96611111111002,101.85000000000701,41.085066323441666,31.257492398101487,749.8237477572345,1040.1813784205196
13329709.0,0.7231,-1.5724,10.1119,-0.0044,0.0464,9.8065,0.0956,0.0792,0.0082,349.21,-88.87,-92.32,52.202515,-2.197632,13.7,2,69.08,22 / 22,-32.393355197778156,-33.27168773439088,-1.0095557000010915,-758.5464855503668,-1108.7270143219475,19.61867971578853,False,144.2990000000009,8.739794742392089,-1.8642484832557145,-4.656359124052278,-65.43643521066403,8.93641111110954,102.04107000001012,41.13314994017024,31.407439251135166,753.8901264263145,1043.2905791112835
13329810.0,-0.8126,-4.1809,7.738,0.0051,0.1273,9.8058,-0.2544,-0.4176,0.4441,329.16,-89.69,-112.46,52.202515,-2.197632,13.7,2,69.08,22 / 22,-32.386860700673104,-33.5794921696082,-1.098607399999988,-761.8178864531981,-1112.1029989070576,19.512217479239794,False,144.39999999999964,8.677500097047947,-1.8231006134411767,-3.7889820761162283,-65.62724570496519,8.866944444451917,101.86499999999421,41.06436079772105,31.756391556167024,758.0289043770819,1046.4757532020924
13329910.0,0.4411,1.6562,10.3203,0.0072,-0.0103,9.8066,0.0235,0.0367,-0.0532,334.12,-89.47,-107.36,52.202515,-2.197632,13.7,2,69.08,22 / 22,-32.443110231119164,-33.74531620317395,-1.1763574000002708,-765.0593849997995,-1115.469239325709,19.39846923923937,False,144.5,8.814928526527854,-1.8349523687720855,-2.9030690007709707,-65.80515758729999,9.00388888888889,101.759,41.258038757647014,31.910363834401863,762.1563159990285,1049.6640817384089
13330010.0,0.2829,1.6777,9.9711,0.0182,0.0653,9.8064,0.0127,-0.3926,0.2425,314.39,-89.43,-126.4,52.202515,-2.197632,13.7,2,69.08,22 / 22,-32.61292298223842,-33.65516743177719,-1.1424524000001475,-768.3121866604791,-1118.8392635074688,19.282528749238924,False,144.60000000000036,8.796866429944119,-1.8385623354259517,-2.0307853573494064,-65.99418896348807,8.986944444444102,101.8050000000037,41.40978941218254,31.816605096351235,766.2814013031298,1052.8450745439807
13330110.0,-0.1723,1.9289,10.5935,0.0105,-0.0349,9.8065,-0.0153,-0.0458,-0.1136,270.48,-89.32,-169.84,52.202515,-2.197632,13.7,2,69.08,22 / 22,-32.81108882702984,-33.69575086902935,-1.0948873999999744,-771.5833872509545,-1122.2068094225215,19.170661759238513,False,144.70000000000073,8.7718215972139,-1.865788389431034,-1.1585017139009968,-66.18322033896843,8.968055555552938,102.00799999999342,41.58291042424374,31.82996247959831,770.4248855370535,1056.0235890835531
13330210.0,0.0746,3.4962,9.0585,0.0194,0.102,9.8061,-0.21,-0.6071,0.2293,259.63,-89.23,179.44,52.202515,-2.197632,13.7,2,69.08,22 / 22,-33.07927714907814,-33.8536320671893,-1.0929524000000024,-774.877905549712,-1125.5842785692832,19.061269769240106,False,144.79999999999927,8.707254799576665,-1.8233229984210135,-0.29303278642077396,-66.36113222131293,8.896111111116024,101.82699999998682,41.786531948654805,32.03030906876829,774.5848727632912,1059.2231463479702
13330310.0,-1.7926,-1.5582,8.559,0.007,0.1148,9.806,-0.1014,-0.6846,0.4812,228.93,-88.46,146.59,52.202515,-2.197632,13.7,2,69.08,22 / 22,-33.0914068033602,-34.00823423932164,-1.1927424000003655,-778.186439747346,-1128.977371884621,18.94698502923967,False,144.89999999999964,8.850907108096564,-1.7951075915025954,0.592880288961477,-66.53904410436861,9.031111111110565,101.46500000001949,41.942313911456765,32.213126647819045,778.7793200363075,1062.4383277802524
13330410.0,1.3831,5.8764,11.5483,-0.0293,-0.0786,9.8063,0.24,0.5848,-0.4487,239.03,-88.2,154.58,52.202515,-2.197632,13.7,2,69.08,21 / 22,-33.19733542104226,-34.22082292352496,-1.1680424000002756,-781.5008768585782,-1132.3888247427758,18.82894578923921,False,145.0,8.829762480834338,-1.8481721270116023,1.4719786482725148,-66.72807547983561,9.02111111111111,101.822,42.0270979018766,32.37265079651336,782.9728555068507,1065.6607492629403
13330510.0,0.9168,-1.9769,11.2587,0.0544,-0.0204,9.8065,0.0512,0.0472,-0.0369,238.38,-87.56,158.07,52.202515,-2.197632,13.7,2,69.08,21 / 22,-33.36934335968716,-34.33150530491203,-1.0083573999996946,-784.8292107976267,-1135.8164411542102,18.720125799238815,False,145.10000000000036,8.803556951747469,-1.870129673935075,2.351077007701578,-66.91710685460885,8.999999999999657,101.99299999999013,42.172900311434624,32.46137563097695,787.1802878053284,1068.8993342996014
13330609.0,-0.9106,1.433,8.9323,0.053,-0.0801,9.8061,0.0776,0.2445,-0.1858,244.65,-87.18,164.78,52.202515,-2.197632,13.7,2,69.08,21 / 22,-33.30525288968215,-34.42359614575295,-0.9797612499996484,-788.1296033119759,-1139.2198186760236,18.621713926063688,False,145.19900000000052,8.802352891231306,-1.783889475508715,3.2146378147140036,-67.09323961813276,8.981299999999354,101.45641999998146,42.10760578091346,32.63970667024424,791.3442411266899,1072.126579057891
13330710.0,-1.7566,-3.047,9.4459,-0.0296,-0.0393,9.8064,0.2434,-0.2134,-0.0532,250.09,-86.82,167.78,52.202515,-2.197632,13.7,2,69.08,21 / 22,-33.13751513142726,-34.64490904922987,-1.0421337999988756,-791.4849630970003,-1142.707778188327,18.519608226040027,False,145.29999999999927,8.823034657126383,-1.6551709874920706,4.102459010563928,-67.2618111268756,8.97694444444706,100.62500000001695,41.96054978855364,32.989738061737796,795.5874221075643,1075.4459670614515
13330809.0,-1.5437,1.5214,12.4137,-0.0221,-0.0148,9.8066,0.2246,0.2757,-0.0089,254.84,-86.6,170.3,52.202515,-2.197632,13.7,2,69.08,21 / 22,-32.99139295662164,-34.88711601661466,-0.9309419499986957,-794.7583440473641,-1146.149613429092,18.42194097641499,False,145.39899999999943,8.879313352709762,-1.739859615981738,4.979512955137307,-67.43794389039951,9.048169444448213,101.0863400000244,41.870706309331396,33.147256400632926,799.7378570025014,1078.7116695386924
13330910.0,0.1261,1.3191,12.1058,0.074,0.0681,9.8061,-0.4073,-0.3865,0.4825,260.46,-86.21,173.62,52.202515,-2.197632,13.7,2,69.08,21 / 22,-33.09498621932135,-35.10996142026915,-0.6831788499973035,-798.0957061957679,-1149.6844658396744,18.340427876014736,False,145.5,8.918946097203454,-1.692185919139017,5.874285161210529,-67.60651539913265,9.078055555555554,100.743,42.0139323165248,33.41777550113014,803.9699913569784,1082.0779504405418
13331010.0,-2.8028,5.8521,11.2226,0.0136,-0.071,9.8063,-0.1764,0.3874,-0.1248,261.51,-85.72,175.64,52.202515,-2.197632,13.7,2,69.08,21 / 22,-33.42011209251573,-35.41892275194181,-0.49742384999662764,-801.4214611113719,-1153.2109100482978,18.281397741014825,False,145.60000000000036,9.086813472564486,-1.868560713516834,6.780642384480428,-67.79554677390547,9.276944444442883,101.6199999999659,42.506925565080216,33.55036203842497,808.2021034958523,1085.4153632743923
13331110.0,-0.4552,-3.8301,12.952,0.0857,0.121,9.8054,0.0745,-0.5985,0.3878,256.65,-84.92,169.17,52.202515,-2.197632,13.7,2,69.08,21 / 22,-33.48351155901266,-35.70060365324131,-0.2693588499957979,-804.7666422939604,-1156.7668863685699,18.243058606015065,False,145.70000000000073,9.058491041669743,-1.555719609939158,7.680184891797017,-67.95121967210875,9.191111111109503,99.74499999997752,42.54200260068241,34.14488404330215,812.4468271857575,1088.8156666964612
13331210.0,-0.8802,-6.4321,10.6913,0.0597,-0.0341,9.8063,0.0345,-0.3537,-0.0741,254.16,-84.5,170.27,52.202515,-2.197632,13.7,2,69.08,21 / 22,-32.94899407569164,-35.753986892823676,-0.06785884999873004,-808.0882675756474,-1160.3396158958212,18.226197721015584,False,145.79999999999927,9.031136507315791,-1.4509190383783708,8.5797273990699,-68.09577307717718,9.146944444441605,99.12700000002022,41.98013058300743,34.3030678544453,816.6679949747173,1092.243842818644
13331310.0,-1.6809,4.5855,13.2114,0.0674,0.0968,9.8059,0.022,-0.5748,0.2952,254.06,-84.03,168.14,52.202515,-2.197632,13.7,2,69.08,21 / 22,-32.80070738208336,-35.972733830727286,0.14661115000205022,-811.3757526485481,-1163.925951932012,18.230135336015763,False,145.89999999999964,8.939688215210394,-1.5253590705071922,9.472455190433797,-68.25144597396378,9.068888888896863,99.6829999998793,41.740395597293755,34.44737476022009,820.8482078389819,1095.674505958048
13331410.0,-5.607,-3.3886,7.8797,0.1228,0.0589,9.8057,-0.1544,-0.6147,0.4149,256.84,-82.62,167.56,52.202515,-2.197632,13.7,2,69.08,21 / 22,-32.74784695702956,-36.47183662552956,0.22050115000231904,-814.6531803655157,-1167.5481804548378,18.24849095101605,False,146.0,9.136772018478252,-1.1981744790942734,10.378812413610781,-68.36264090104194,9.215,97.471,41.88461897550781,35.273662146435285,825.0319927791265,1099.185539553796
13331510.0,0.0747,3.1227,14.6611,0.0487,-0.0931,9.8061,0.4505,0.2478,-0.591,261.43,-81.99,170.24,52.202515,-2.197632,13.7,2,69.08,21 / 22,-32.66037904059575,-36.84779898351411,0.36687615000285156,-817.9235916654088,-1171.2141622353033,18.277859816016413,False,146.10000000000036,9.294960622777147,-1.2968932188031896,11.305613784795053,-68.49607481297957,9.384999999997635,97.94300000001046,41.9553396633729,35.55090576471092,829.2292054502038,1102.7180874223238
13331610.0,-0.8475,-1.1801,11.9658,0.0295,0.0509,9.8064,0.2618,-0.7897,0.6054,262.18,-81.39,171.94,52.202515,-2.197632,13.7,2,69.08,21 / 22,-32.743187924203276,-37.02389800585609,0.7175561500041274,-821.1937700136607,-1174.9077470847853,18.33208143101696,False,146.20000000000073,9.152911601358623,-1.3708516395826913,12.21878572401876,-68.62950872420909,9.25500000000182,98.51799999994893,41.8960995255619,35.6530463662734,833.4125557376794,1106.2782383605763
13331709.0,-1.5449,3.3349,11.25,0.0509,0.0325,9.8064,0.0943,0.062,0.2569,265.03,-80.59,176.25,52.202515,-2.197632,13.7,2,69.08,21 / 22,-32.83341832821597,-37.26949592953844,0.8958799000044158,-824.4398120231607,-1178.5852700845933,18.411946515492513,False,146.2990000000009,9.23256282327375,-1.1545527499720611,13.12957251266887,-68.73959170202424,9.304500000002621,97.12803999992646,42.06598115148972,36.114943179566374,837.5693845358296,1109.845678382569
13331809.0,-1.7163,-3.5007,8.7887,0.083,0.077,9.806,-0.0497,-0.4397,0.2273,268.68,-80.02,178.61,52.202515,-2.197632,13.7,2,69.08,21 / 22,-32.81878023926832,-37.5653906906521,0.9171499000041063,-827.7224219514871,-1182.3270144155483,18.50259800549162,False,146.39899999999943,9.175812662386079,-1.1427698002486713,14.04281259906199,-68.85078662840822,9.246699999996915,97.09914999999921,41.9945929016544,36.42262089040343,841.7652345505492,1113.47622778714
13331910.0,-1.0756,-6.1229,9.6588,-0.0104,-0.1039,9.806,0.0988,0.4358,-0.5373,268.17,-79.48,178.98,52.202515,-2.197632,13.7,2,69.08,21 / 22,-32.33559053209022,-37.8162806808045,0.8582770000037756,-831.0127176754593,-1186.1337888198282,18.592257063942522,False,146.5,9.313877797949306,-1.0137846799062724,14.978745689519965,-68.9519740123249,9.36888888888889,96.212,41.649468330039525,36.80249600089823,845.9914633649793,1117.1818148075033
13332011.0,-2.2499,-6.5452,10.4212,-0.0291,0.0134,9.8066,0.0753,-0.1895,0.2049,272.78,-79.72,-179.35,52.202515,-2.197632,13.7,2,69.08,21 / 22,-31.710922308791115,-38.11370597961315,0.8818453500039081,-834.247066573942,-1189.9682531462008,18.680133242618403,False,146.60100000000057,9.385564116347084,-0.9515848980368011,15.921561643211552,-69.05293900498604,9.433680555552868,95.78931999999863,41.096486425138195,37.16212108157635,850.1686282171536,1120.9153141412148
13332110.0,-1.4593,-0.477,10.4324,-0.0221,-0.0326,9.8065,0.111,0.5701,-0.1693,274.79,-79.64,-177.22,52.202515,-2.197632,13.7,2,69.08,21 / 22,-31.39273879198587,-38.43492867234792,0.9432402000040074,-837.3706977984355,-1193.757410561479,18.77047497734394,False,146.70000000000073,9.256701784063253,-0.9275315362404658,16.832348431862155,-69.14100538709772,9.303055555558133,95.72199999997063,40.64944057604912,37.50739713610746,854.2030462302976,1124.6164051743813
13332210.0,-1.0255,4.5525,9.8293,0.0177,-0.0266,9.8065,-0.0457,0.0495,-0.242,277.11,-79.56,-175.28,52.202515,-2.197632,13.7,2,69.08,21 / 22,-31.62955855055658,-38.65310606117872,0.9756602000035357,-840.5218126655167,-1197.6118122980993,18.866419997342923,False,146.79999999999927,9.339420161571326,-0.8031338286969385,17.765964518955293,-69.21884183549082,9.37388888888504,94.91500000000677,40.96897871212791,37.84997223248178,858.287777184472,1128.3929704626084
13332309.0,-0.2981,3.0804,11.7001,-0.0088,-0.1232,9.8058,0.2229,0.5216,-0.6371,279.66,-79.42,-173.04,52.202515,-2.197632,13.7,2,69.08,23 / 23,-32.03935966452189,-38.78305757651209,1.0705071500036891,-843.6734241171681,-1201.444902398171,18.967705281168445,False,146.89899999999943,9.232430255183985,-0.8238293537928203,18.670004738811514,-69.29589992010148,9.269113888883345,95.09914000000974,41.271789919705874,37.959228222719275,862.3434288559796,1132.1490024780696
13332410.0,-1.5331,1.2991,11.3164,0.009,0.0044,9.8065,0.1899,0.2737,-0.0228,280.08,-79.21,-175.1,52.202515,-2.197632,13.7,2,69.08,23 / 23,-32.30417007437687,-38.95671662364095,1.242368750004655,-846.9227723690008,-1205.3707609953008,19.084505514119524,False,147.0,9.317648192095145,-0.6997797769636813,19.605937829296582,-69.36339524055602,9.34388888888889,94.295,41.62181826647202,38.25693684667727,866.5287101982974,1136.0073657547448
13332510.0,-1.4947,-4.2771,9.8254,0.0052,-0.0241,9.8066,0.082,0.0787,0.034,280.65,-78.83,-174.04,52.202515,-2.197632,13.7,2,69.08,23 / 23,-32.216688519464206,-39.25250888286053,1.3187937500049332,-850.1488152987046,-1209.28122227064,19.212563639120468,False,147.10000000000036,9.275067581102693,-0.46953006312451984,20.532739200426786,-69.4078732102588,9.28694444444457,92.89800000000074,41.4917561005669,38.78297881973601,870.6815544991314,1139.8733490603813
13332610.0,0.3974,5.3781,10.9869,-0.0249,-0.0543,9.8064,0.1847,0.6118,-0.2434,284.14,-78.64,-172.17,52.202515,-2.197632,13.7,2,69.08,23 / 23,-32.31191122261863,-39.39799495941479,1.3787437500051514,-853.3752452858205,-1213.213747462768,19.347440514121462,False,147.20000000000073,9.281664528095583,-0.47652310217588345,21.452725855658116,-69.45235118137623,9.29388888888904,92.93899999999584,41.593575750714216,38.921471857238906,874.8279711414787,1143.7613962813916
13332710.0,-1.9046,-4.4198,8.8626,0.0311,0.0552,9.8064,-0.1789,-0.7234,0.488,283.74,-78.4,-171.93,52.202515,-2.197632,13.7,2,69.08,23 / 23,-32.414618274949326,-39.574553291837944,1.3905537500049796,-856.6115717606518,-1217.1623748752731,19.485905389119953,False,147.29999999999927,9.286755884611019,-0.45826002859818427,22.37952722679844,-69.49682915249163,9.29805555555406,92.82499999995427,41.701374159560345,39.11629326323976,878.9910989874503,1147.6655457227814
13332810.0,-1.3463,-3.9315,9.1346,-0.0181,-0.0477,9.8064,0.0449,0.1783,-0.1492,283.33,-78.34,-172.22,52.202515,-2.197632,13.7,2,69.08,23 / 23,-32.08483830234439,-39.947166227457764,1.3097487500046858,-859.8365445895282,-1221.1384608512524,19.62092051412093,False,147.39999999999964,9.253478214190627,-0.2533009810463132,23.29951388200243,-69.50794864562525,9.256944444442762,91.56799999998177,41.338316516535016,39.69386524641145,883.1360584715306,1151.6305122056272
13332910.0,-4.9779,-8.2508,8.777,-0.011,0.0426,9.8065,-0.0489,-0.7856,0.4997,281.4,-78.07,-173.68,52.202515,-2.197632,13.7,2,69.08,23 / 23,-31.589502950462787,-40.50104790695323,1.2246637500043764,-863.0202616521801,-1225.1608715579875,19.747641139121843,False,147.5,9.223971391082666,-0.19869074225146371,24.219500537112385,-69.53018763047503,9.226111111111111,91.234,40.81347434154545,40.30235716470177,887.2397621892925,1155.6306839275126
13333010.0,-2.7716,-2.5823,10.1636,-0.003,-0.0482,9.8064,0.1281,-0.2776,-0.0471,285.52,-77.95,-172.31,52.202515,-2.197632,13.7,2,69.08,23 / 23,-31.184820292868814,-41.1114195905574,1.1910287500042542,-866.1589778143581,-1229.241494932878,19.868425764122712,False,147.60000000000036,9.131800167190306,-0.15142485726192786,25.125857760382658,-69.54130712290072,9.13305555555717,90.9499999999992,40.31662046005912,40.95999473329547,891.2848355747408,1159.7001878099773
13333110.0,-4.834,6.5144,8.5087,-0.0349,0.0649,9.8063,-0.017,-1.0962,0.4462,281.34,-77.91,-173.5,52.202515,-2.197632,13.7,2,69.08,23 / 23,-31.502167729285123,-41.56921759881646,1.1439787500040832,-869.2933272154772,-1233.3755267923616,19.985176139123553,False,147.70000000000073,9.220791536615257,-0.14581760744466574,26.045844415586153,-69.55242661603293,9.221944444441059,90.90599999996458,40.72295926590038,41.423399991371795,895.3391716310634,1163.8231001763286
13333210.0,-2.2191,0.9819,11.56,-0.0054,0.0815,9.8062,0.1236,-0.9363,0.7313,284.94,-78.01,-172.6,52.202515,-2.197632,13.7,2,69.08,23 / 23,-31.98229697535356,-41.953697853273795,1.1667487500037519,-872.467550450663,-1237.5516725649054,20.100712514122264,False,147.79999999999927,9.128882459635271,0.010834380890274319,26.952201638785258,-69.54130712290052,9.12888888888707,89.93200000000714,41.11117943498883,41.96453223416407,899.4197520894483,1168.010365442005
13333310.0,0.1955,8.0908,10.2295,0.1027,0.1397,9.8051,-0.2856,-1.1639,0.7801,280.42,-77.82,-176.96,52.202515,-2.197632,13.7,2,69.08,23 / 23,-32.49068914032277,-42.08272484905339,1.2755587500041479,-875.6911997564586,-1241.753493700037,20.222827889123103,False,147.89999999999964,9.07886623320349,-0.020282415580091005,27.851744146129313,-69.54130712290052,9.07888888888857,90.1279999999928,41.56955537352626,42.0624424334733,903.5429439025879,1172.2121865771367
13333409.0,-4.5564,-10.785,7.6404,0.094,0.0965,9.8057,-0.2892,-1.1394,0.8443,283.69,-77.56,-175.87,52.202515,-2.197632,13.7,2,69.08,23 / 23,-32.45214959335103,-42.46276911840812,1.1892604500040083,-878.9058702737806,-1245.9384956514332,20.344836439523704,False,147.9989999999998,9.073113640442667,0.00042426042658356283,28.749037797099533,-69.54130712290052,9.0731138888889,89.9973200000002,41.525263233793694,42.4631933788347,907.6549080708801,1176.3971885285328
13333510.0,-0.419,1.9356,9.7203,0.0428,0.0731,9.8062,-0.1266,-0.7757,0.3948,286.55,-77.66,-173.34,52.202515,-2.197632,13.7,2,69.08,23 / 23,-32.11880470068606,-42.92448992800939,1.075504150003369,-882.1667034656477,-1250.2505522333015,20.45920705182472,False,148.10000000000036,8.962520913410552,0.15659785767177115,29.650829160642356,-69.51906813804914,8.963888888889072,88.99899999999253,41.08132561409661,43.08108778568116,911.8175326262901,1180.7314840952524
13333609.0,-6.0107,-11.5547,8.8518,0.0454,0.0958,9.806,-0.2049,-1.2647,0.881,285.34,-77.75,-174.59,52.202515,-2.197632,13.7,2,69.08,23 / 23,-31.78615813881049,-43.46925463005133,1.0239647500032858,-885.3299991262079,-1254.5270425889323,20.563130762375216,False,148.19900000000052,8.971081363531432,0.22033023530993362,30.53462967409009,-69.49705154234606,8.97378888888923,88.59309999998598,40.75723950234192,43.68958486536126,915.864628800298,1185.0299910465862
13333710.0,1.6164,2.3071,11.3926,0.0724,0.0478,9.8062,-0.286,-0.3272,0.3462,288.2,-78.02,-171.89,52.202515,-2.197632,13.7,2,69.08,23 / 23,-31.433908050764042,-43.91798573474585,1.055835300002891,-888.5226124687418,-1258.9400982272998,20.668160664899226,False,148.29999999999927,8.867552608069632,0.31245101229696987,31.422655311418204,-69.46347067450499,8.873055555555263,87.98199999994264,40.301460658833676,44.230436747042816,919.9452677801601,1189.4766275527948
13333810.0,-3.7768,-5.2934,9.2336,0.0631,0.0752,9.8061,-0.2952,-0.7304,0.4552,287.42,-78.1,-172.74,52.202515,-2.197632,13.7,2,69.08,23 / 23,-31.36887781008148,-44.17822816489385,1.1064803000030754,-891.6627517617956,-1263.344908922298,20.776276444899917,False,148.39999999999964,8.84755548964629,0.555865862885939,32.301753670792465,-69.39675371853556,8.864999999994058,86.40499999992372,40.21643329972777,44.73409402777979,923.964505432588,1193.9481552037623
13333910.0,-1.4039,-0.7422,11.9182,0.0297,0.0371,9.8065,0.1595,-0.0898,0.1915,289.38,-78.29,-173.42,52.202515,-2.197632,13.7,2,69.08,23 / 23,-31.20895386149547,-44.62930858581537,1.1834053000033553,-894.7916433453858,-1267.7852857598496,20.890770724900655,False,148.5,8.722884635486917,0.7620796717599321,33.16722259822471,-69.3189172694394,8.75611111111111,85.007,39.93183849698239,45.39138825757531,927.9588659436105,1198.46636849041
13334010.0,-2.0577,-1.6285,10.8527,0.044,-0.008,9.8065,-0.0457,-0.2415,-0.0506,289.91,-78.1,-172.69,52.202515,-2.197632,13.7,2,69.08,23 / 23,-31.2059596776126,-44.944389074876035,1.3412853000039298,-897.9123890223525,-1272.2639706429004,21.017005254901477,False,148.60000000000036,8.627664333444892,0.8669348594844962,34.02587680976613,-69.22996132932589,8.671111111108418,84.26199999996687,39.833624011057495,45.81132393436053,931.9382658321186,1203.0340093135744
13334110.0,-0.7741,-2.2865,9.1486,0.004,-0.0184,9.8066,0.0172,-0.1476,-0.0576,289.31,-78.34,-173.56,52.202515,-2.197632,13.7,2,69.08,23 / 23,-31.119516708309547,-45.25530043835332,1.3606853000040005,-901.02866284166,-1276.7739551185782,21.152103784902366,False,148.70000000000073,8.448989581860719,1.1211828791669705,34.86408687336508,-69.10764690981316,8.52305555554642,82.44099999993357,39.56850629017026,46.3764833175203,935.892749715025,1207.666308208765
13334210.0,-0.7931,-1.1372,11.1739,-0.0149,-0.0007,9.8066,0.032,0.0477,0.0867,290.33,-78.3,-173.11,52.202515,-2.197632,13.7,2,69.08,23 / 23,-31.03546347709544,-45.49849951691921,1.3961453000034845,-904.136411850885,-1281.3116451162757,21.289945314900734,False,148.79999999999927,8.161223528636384,1.3488867289243436,35.66822335718273,-68.9630935040382,8.271944444436047,80.61499999999243,39.196687005731825,46.84738624584355,939.8046352080677,1212.3485516122375
13334310.0,-1.5392,-1.421,8.9852,-0.0077,0.0158,9.8066,-0.1708,-0.1753,0.222,290.42,-78.52,-172.78,52.202515,-2.197632,13.7,2,69.08,23 / 23,-31.007854635953183,-45.76378843439282,1.4234353000035838,-907.2385777565487,-1285.874759513858,21.4309243449016,False,148.89999999999964,7.928667464798827,1.3400373627612983,36.45191569307193,-68.82965959280547,8.041111111094466,80.40699999982051,38.93652210075201,47.10382579715412,943.6904934496206,1217.0450999210525
13334410.0,-1.401,2.1747,11.4198,-0.0556,-0.0694,9.8062,-0.0495,0.1285,-0.2182,292.94,-78.81,-170.85,52.202515,-2.197632,13.7,2,69.08,24 / 24,-31.149736753866716,-45.993034382118395,1.4630203000037278,-910.346457326051,-1290.4626006547003,21.575247124902493,False,149.0,7.541403113531148,1.724718586517666,37.19471973313451,-68.65174770976334,7.736111111111112,77.118,38.691139867397865,47.71775296863606,947.5411770591855,1221.8108529449369
13334510.0,-3.3017,-4.1069,10.2636,0.0451,0.0194,9.8065,-0.1448,-0.3545,0.3355,294.04,-79.31,-170.5,52.202515,-2.197632,13.7,2,69.08,24 / 24,-31.214535649038627,-46.35804024689595,1.5665253000041044,-913.4646709462077,-1295.0801543861678,21.726724404903436,False,149.10000000000036,7.317029854731065,1.8890429961611737,37.923894341316554,-68.45159684185649,7.5569444444413865,75.5239999999509,38.53156550376969,48.247083243057126,951.3885652875242,1226.6285575443112
13334610.0,-3.9446,-2.9057,9.2051,0.0431,-0.0552,9.8064,-0.1559,0.1806,-0.2464,293.83,-78.92,-170.19,52.202515,-2.197632,13.7,2,69.08,24 / 24,-31.09952557368262,-46.93958573532403,1.5592953000040781,-916.5803740073551,-1299.7450356852958,21.883015434904415,False,149.20000000000073,7.059398369727781,2.181873889511496,38.6189953697042,-68.22920698909783,7.388888888882452,72.82499999991418,38.1589239434104,49.12145962483552,955.1993693770593,1231.515828696198
13334710.0,-2.6909,-2.6779,10.1468,0.0092,0.0198,9.8066,0.0889,-0.4908,0.0669,292.72,-79.15,-171.5,52.202515,-2.197632,13.7,2,69.08,24 / 24,-31.0320069428881,-47.4631935748604,1.5462253000042685,-919.6869506331384,-1304.4651746507363,22.038291464902574,False,149.29999999999927,6.796848290041036,2.4114302792886635,39.29365225016483,-67.98457815007677,7.211944444441352,70.46599999989752,37.828855232929136,49.874623854149064,958.9806028833033,1236.4805965006597
13334810.0,-2.1826,-2.4419,10.5974,-0.0017,0.0152,9.8066,0.1084,-0.2113,0.0967,293.05,-79.06,-173.25,52.202515,-2.197632,13.7,2,69.08,24 / 24,-30.947343936712034,-47.8963004981405,1.6027703000044744,-922.7859181771297,-1309.2331493544036,22.195741244903584,False,149.39999999999964,6.591508448537962,2.710231260769334,39.94105026679529,-67.69547134064037,7.12694444443212,67.64899999970915,37.538852385249996,50.60653175890983,962.726968443925,1241.5376780137633
13334913.0,-1.7693,0.8551,9.6146,-0.0202,0.0261,9.8065,-0.3094,-0.1641,0.1466,291.06,-79.64,-173.67,52.202515,-2.197632,13.7,2,69.08,24 / 24,-31.006024998239326,-48.23132976662237,1.6336033500047664,-925.9765166773099,-1314.1837223130858,22.36241448788064,False,149.5030000000006,6.100415807070002,3.219201650941749,40.55750947287791,-67.35054467831064,6.898377777777181,62.17733999996908,37.106440805309326,51.45053141756412,966.5340261501877,1246.8331776347752
13335010.0,-1.2414,-1.5755,9.5838,-0.0415,0.0218,9.8065,-0.098,-0.1039,-0.0025,293.3,-80.18,-172.94,52.202515,-2.197632,13.7,2,69.08,24 / 24,-31.082683468130718,-48.488468925824606,1.6134807000048177,-928.9878190379211,-1318.8746325496575,22.5198980643057,False,149.60000000000036,5.749682104608445,3.649281531466374,41.099551980677376,-66.98382381056572,6.809999999997145,57.59699999991928,36.832365572739164,52.13775045729098,970.0873710185984,1251.8908087390917
13335110.0,-0.6708,0.6235,10.6118,-0.0087,0.0117,9.8066,-0.0487,-0.2419,-0.095,292.3,-80.47,-173.59,52.202515,-2.197632,13.7,2,69.08,24 / 24,-31.1327873251012,-48.70498430944686,1.6425957000049236,-932.098592577594,-1323.7343052114388,22.68270188430678,False,149.70000000000073,5.324457084725623,3.989148402638464,41.617470393977655,-66.57240258161819,6.653055555560032,53.15899999983461,36.45724440982683,52.69413271208532,973.7160629715717,1257.1619026298206
13335210.0,-2.0199,-1.9468,9.5427,0.0512,0.0425,9.8064,-0.2602,-0.1107,0.1908,291.63,-80.85,-175.38,52.202515,-2.197632,13.7,2,69.08,24 / 24,-31.17583709831633,-48.963908203722895,1.66965570000453,-935.2140237987195,-1328.6177498370262,22.848314454304845,False,149.79999999999927,5.083852557121972,4.4799693043000675,42.11494465935415,-66.11650338297777,6.776111111104087,48.612999999930224,36.2596896554383,53.443877508022965,977.3289684580736,1262.5012464540484
13335310.0,1.162,-0.7196,10.4402,-0.0128,0.0417,9.8065,0.0314,-0.1315,-0.0121,292.39,-81.13,-175.38,52.202515,-2.197632,13.7,2,69.08,22 / 23,-31.12200420212489,-49.16357166493306,1.6881357000045973,-938.3289158637529,-1333.5241238304768,23.01620402430591,False,149.89999999999964,4.79057448830995,4.515198392044791,42.58516006092508,-65.66060418361931,6.583055555559649,46.694999999754494,35.91257869043484,53.678770056977854,980.914075924678,1267.8635196468574
13335409.0,-1.6524,-1.6655,8.1658,0.0178,0.0278,9.8066,-0.263,-0.2193,-0.0042,290.0,-81.56,-178.25,52.202515,-2.197632,13.7,2,69.08,22 / 23,-31.070375995969847,-49.33856972188253,1.638274350004517,-941.4074386835636,-1338.399979829132,23.180861321781627,False,149.9989999999998,4.475194308243126,4.928456055178349,43.01694046439987,-65.16523078488763,6.657305555555446,42.240990000006555,35.54557030421297,54.26702577706088,984.4243791479635,1273.2347490442444
13335510.0,-0.9453,1.5638,9.8375,-0.0071,0.036,9.8065,-0.1833,-0.2441,0.1129,285.85,-82.34,179.03,52.202515,-2.197632,13.7,2,69.08,22 / 23,-31.156180949622367,-49.584707233638305,1.5569693500040602,-944.5498798093337,-1343.3956053154138,23.342221128632968,False,150.10000000000036,3.8627889573596024,5.205234408914461,43.389296544698524,-64.62649136543129,6.481944444443429,36.57899999991825,35.01896990698197,54.78994164255277,987.9391763540322,1278.7691139499825
13335609.0,0.0513,-1.6729,9.0491,0.005,0.0536,9.8064,-0.0492,-0.2764,0.097,287.82,-82.69,178.59,52.202515,-2.197632,13.7,2,69.08,22 / 23,-31.208046478466038,-49.7447560187548,1.520997700004002,-947.636909067029,-1348.3124137464151,23.494580497608613,False,150.19900000000052,3.4178949211793306,5.442199814389658,43.71313184731476,-64.07607647845623,6.426669444442535,32.12993999984632,34.62594139964537,55.18695583314446,991.3500409143438,1284.2363372679588
13335710.0,0.622,-0.3197,10.676,-0.0064,0.0033,9.8066,-0.1156,-0.0376,-0.0999,287.64,-82.85,177.41,52.202515,-2.197632,13.7,2,69.08,22 / 23,-31.148854085613593,-49.85794051178613,1.526643600003932,-950.785932545476,-1353.3423499211451,23.648486383257108,False,150.29999999999927,3.0565232487989533,5.643500929721131,44.00943569745485,-63.503422605688044,6.4180555555578085,28.439999999794637,34.205377334412546,55.50144144150726,994.7953682429309,1289.838927315457
13335810.0,-0.7736,-1.4394,9.6596,0.0163,0.0072,9.8065,-0.0925,-0.0639,0.1648,283.95,-83.23,176.38,52.202515,-2.197632,13.7,2,69.08,22 / 23,-31.10625433193722,-50.00318260243887,1.5627586000040634,-953.898687966365,-1358.3354060768745,23.80295649325807,False,150.39999999999964,2.51057968929351,5.973892334460104,44.241136040221654,-62.8918505102497,6.480000000002122,22.794999999763277,33.61683402123073,55.97707493689897,998.1398240065867,1295.4435555666248
13335910.0,-2.0194,1.1736,11.1572,-0.075,0.0284,9.8062,0.1969,0.0691,0.1216,286.69,-83.31,178.9,52.202515,-2.197632,13.7,2,69.08,22 / 23,-31.172571861529683,-50.25345814563295,1.6229336000042824,-957.0126292760497,-1363.3482381142962,23.962241103259064,False,150.5,2.063833665596517,6.183567170042666,44.43194808720201,-62.2691589203096,6.51888888888889,18.457,33.2364055271262,56.43702531567561,1001.4445773632517,1301.0790791939867
13336010.0,-1.1063,0.7414,10.886,-0.0409,-0.0358,9.8064,0.1981,-0.099,-0.3162,292.95,-83.75,-178.77,52.202515,-2.197632,13.7,2,69.08,22 / 23,-31.36399097960487,-50.48156859344217,1.7444286000047244,-960.1394574181178,-1368.3849894512682,24.130609213260126,False,150.60000000000036,1.7125783418974247,6.263997790872175,44.59550127035416,-61.63534783860602,6.493888888885655,15.29099999991509,33.0765693215023,56.745566384314344,1004.7349586884719,1306.7496416126621
13336110.0,-2.7716,-6.7463,10.8762,-0.0259,-0.1168,9.8058,-0.2042,0.5162,-0.4991,290.4,-83.7,-175.81,52.202515,-2.197632,13.7,2,69.08,22 / 23,-31.20600884482777,-50.87572587394484,1.8518736000051155,-963.2679574093509,-1373.452854174656,24.310424323261273,False,150.70000000000073,1.1643492587512987,6.207861980720927,44.69090729386309,-61.012656249325914,6.316111111122602,10.622999999820138,32.37035810357907,57.083587854665765,1007.958864703214,1312.4401979253303
13336210.0,-1.4228,4.5702,8.1794,-0.0104,-0.0183,9.8066,-0.1383,0.7316,-0.1645,291.55,-83.87,-177.99,52.202515,-2.197632,13.7,2,69.08,22 / 23,-31.229649282824337,-51.21630904277462,1.8239886000055212,-966.3897403156881,-1378.5574559204179,24.49421743325913,False,150.79999999999927,0.6562643023401555,6.599394235808184,44.73861030561706,-60.33436719651786,6.631944444440665,5.67899999990734,31.88591358516449,57.8157032785828,1011.1283506213051,1318.2230887239
13336310.0,-1.6901,-3.9631,9.7423,-0.0403,0.0174,9.8065,0.1683,-0.2818,0.1537,291.66,-83.95,-177.21,52.202515,-2.197632,13.7,2,69.08,22 / 22,-31.369389845953176,-51.460519796606846,1.7394086000052136,-969.5196922721383,-1383.6912973624055,24.672387293260314,False,150.89999999999964,0.35667005905649163,6.518304672642953,44.77268388543508,-59.67831712996269,6.528055555557087,3.132000019408035,31.726059905009667,57.9788244692498,1014.2923761575734,1324.0129802324427
13336410.0,-0.8684,-0.7604,11.8435,-0.0454,-0.0655,9.8063,0.1722,0.3416,-0.2905,291.67,-84.24,-175.32,52.202515,-2.197632,13.7,2,69.08,22 / 22,-31.25127901255939,-51.776832126217144,1.8380336000055726,-972.6507257150753,-1388.8531649585655,24.851259403261505,False,151.0,-0.13867363622420828,6.55464434762489,44.74542502156913,-59.022267062747936,6.556111111111111,358.788,31.112605376335182,58.33147647384203,1017.3961507366444,1329.8308978958175
13336510.0,-1.4019,-4.1322,8.8917,-0.0932,0.0421,9.8061,0.2542,-0.1811,0.1866,293.17,-84.05,-176.7,52.202515,-2.197632,13.7,2,69.08,22 / 22,-31.12521861460344,-52.0864691989781,1.8941286000057767,-975.7695505964448,-1394.046330024844,25.03786751326275,False,151.10000000000036,-0.3613462641127521,6.538912337418296,44.697722009813184,-58.36621699477812,6.548888888890343,356.83699999994803,30.76387235049069,58.6253815363964,1020.467272606258,1335.680113030066
13336610.0,4.2111,1.4043,12.9455,-0.1718,-0.0094,9.8051,0.4504,0.1615,-0.3664,296.08,-84.81,-174.96,52.202515,-2.197632,13.7,2,69.08,22 / 22,-30.993116478615995,-52.119484939011045,2.0053236000061814,-978.8754673511171,-1399.2566277317626,25.232840123264058,False,151.20000000000073,-0.6949786530743399,6.592357133306421,44.61594541823549,-57.710166928222144,6.628888888892931,353.98199999990914,30.298137825541655,58.71184207231747,1023.4914127693526,1341.5464608035404
13336711.0,-0.7625,-0.8134,10.7939,0.0473,-0.0361,9.8064,-0.0803,0.1475,-0.1591,290.43,-84.06,-179.32,52.202515,-2.197632,13.7,2,69.08,22 / 22,-30.995971561863033,-52.05737604169811,2.2136916500035997,-982.0059162971226,-1404.5175592112232,25.44590039338691,False,151.30099999999948,-0.9975181871892582,6.664914042218824,44.5060240497452,-57.02542856966483,6.739149999996721,351.4879400000152,29.998453374673776,58.72229008391694,1026.5119403468677,1347.4921306415583
13336810.0,0.947,1.9947,10.2652,0.0033,-0.0102,9.8066,-0.0814,0.2274,-0.0936,287.93,-83.94,178.21,52.202515,-2.197632,13.7,2,69.08,22 / 22,-31.09975268465058,-52.14314159630815,2.2852587500037154,-985.0796546473299,-1409.6754848343128,25.668598438187633,False,151.39999999999964,-0.9402274730174274,6.588246906365994,44.41831865528794,-56.38694730057406,6.655000000019538,351.8779999999076,30.159525211633152,58.73138850267414,1029.4979733026178,1353.2885375337387
13336910.0,-2.5431,0.3549,7.9862,-0.0496,0.0533,9.8063,0.3747,0.279,-0.0356,285.01,-83.91,177.78,52.202515,-2.197632,13.7,2,69.08,22 / 22,-31.274080739658544,-52.300267115759496,2.2171637500034675,-988.1983463185567,-1414.897655269935,25.89371956318881,False,151.5,-1.195618464343466,6.910386726734591,44.282024335985305,-55.675299770527545,7.013055555555555,350.184,30.07846227531508,59.21065384249409,1032.480370654542,1359.2223554994075
13337010.0,5.1949,5.7788,15.0291,-0.1294,-0.0332,9.8056,0.5116,0.5493,-0.6341,284.98,-84.57,176.03,52.202515,-2.197632,13.7,2,69.08,22 / 22,-31.577123177843493,-52.20867401409662,2.3872637500040863,-991.3409065144432,-1420.1231023264468,26.123940938190024,False,151.60000000000036,-1.360838759101124,6.720550943631873,44.14573001675427,-55.01924970326444,6.856944444446339,348.5530000000215,30.21628441874237,58.92922495772849,1035.4866365311975,1365.1038526231823
13337110.0,-6.0653,-1.6087,5.5977,-0.0737,-0.0653,9.8061,-0.2988,0.3157,-0.1522,278.8,-84.82,170.45,52.202515,-2.197632,13.7,2,69.08,22 / 22,-31.790619170030272,-52.31273954321565,2.4379387500042706,-994.5092936318484,-1425.3491730043313,26.36520106319132,False,151.70000000000073,-1.2409562749399794,6.84960549410972,44.02306512934809,-54.32984115731022,6.961111111112303,349.730999999979,30.549662895090293,59.162345037325366,1038.5323587611965,1371.019331847021
13337210.0,4.4643,7.1994,10.3311,-0.0577,-0.1014,9.8059,0.072,1.0106,-0.315,289.39,-84.98,177.32,52.202515,-2.197632,13.7,2,69.08,22 / 22,-32.06197145049254,-52.41059933167868,2.2537137500069515,-997.7019231628282,-1430.5853399479997,26.59978368818847,False,151.79999999999927,-1.3160392669455376,6.868953518405213,43.8867708100656,-53.640432612782774,6.993888888891072,349.1540000000149,30.745932183547005,59.279552850083896,1041.5886939728937,1376.944907335217
13337311.0,1.86,2.2947,10.7119,0.0689,-0.0096,9.8063,-0.0762,-0.3145,0.4244,287.71,-84.1,178.48,52.202515,-2.197632,13.7,2,69.08,22 / 23,-32.46045562783165,-52.066648906111794,2.325913600007357,-1000.9603057303018,-1435.8614409840377,26.83105486936549,False,151.90099999999984,-1.2766765523834664,6.9375480582199085,43.76301556816025,-52.93301048965744,7.0540500000009025,349.5728300000551,31.183779075448182,59.004196964331705,1044.723321298462,1382.9284304943803
13337410.0,3.5974,6.2613,10.7436,-0.0282,-0.1035,9.806,0.0595,0.5424,-0.2651,291.22,-84.02,-175.47,52.202515,-2.197632,13.7,2,69.08,22 / 23,-32.81448722937653,-51.777278900104086,2.4171025000075046,-1004.1914154017388,-1441.0017154104537,27.065834166316606,False,152.0,-1.1612878832899327,6.973973792044532,43.65507046727814,-52.25049602991405,7.07,350.546,31.6531993460866,58.75125269214862,1047.846485869017,1388.7512193805396
13337509.0,-1.2038,-2.7714,9.335,-0.0072,0.0305,9.8065,-0.031,-0.3254,0.3614,289.0,-84.0,-174.22,52.202515,-2.197632,13.7,2,69.08,22 / 23,-32.979273030599764,-51.71064166978951,2.440134850007542,-1007.448206534613,-1446.1243674786717,27.306267415142738,False,152.09900000000016,-1.166433208582766,7.02134655013532,43.540378797594286,-51.55697327191933,7.117575000000769,350.56778000000037,31.812839822016997,58.73198821992483,1050.9885853322073,1394.5673942067524
13337609.0,-2.0719,-1.9819,9.2794,-0.0203,-0.0596,9.8063,0.0539,0.3471,-0.1708,291.7,-84.05,-172.73,52.202515,-2.197632,13.7,2,69.08,22 / 23,-32.86568298861911,-52.05698790309371,2.3901898500073604,-1010.7404543355859,-1451.3127489573349,27.54778365014436,False,152.19900000000052,-1.1713656710748326,7.051957630598471,43.41778205742903,-50.84543693673805,7.14858055555661,350.56899000000004,31.694317317544282,59.108945533692186,1054.158236393015,1400.4673120205969
13337709.0,-2.9195,-3.507,10.6608,0.0476,0.072,9.8062,-0.0297,-0.5775,0.4629,294.72,-83.9,-172.72,52.202515,-2.197632,13.7,2,69.08,22 / 23,-32.77077214079505,-52.504515034180514,2.4065348500074197,-1014.0222770920685,-1456.5408241042176,27.787619885145972,False,152.2990000000009,-1.295599055057631,7.249902800458155,43.28162403240906,-50.12278110913794,7.3647638889003115,349.8680799999629,31.47517308573742,59.75441783463867,1057.3039011244775,1406.4180429950795
13337810.0,-2.1433,-1.9372,10.2093,-0.0055,-0.0239,9.8065,-0.0109,-0.3648,0.1168,289.95,-83.85,-174.12,52.202515,-2.197632,13.7,2,69.08,22 / 23,-32.672478256735154,-52.95822587841225,2.4700032500066333,-1017.3271612371028,-1461.8666925202374,28.03388505919363,False,152.39999999999964,-1.259715982446716,7.20374188892386,43.157596201894705,-49.4039059088259,7.313055555557405,350.08100000005874,31.41276227428844,60.16196776733611,1060.4847574389976,1412.4627866114115
13337910.0,1.0017,6.2595,10.9703,0.0678,0.0487,9.8062,-0.0961,-0.3064,0.214,288.57,-83.54,-177.09,52.202515,-2.197632,13.7,2,69.08,22 / 23,-32.94820939567404,-53.05727279150747,2.5483182500069184,-1020.6081956197352,-1467.1674674537526,28.28480113419522,False,152.5,-1.129427036267951,7.259613435955118,43.0485607464851,-48.68113888423253,7.3469444444444445,351.157,31.81878235940609,60.31688622746259,1063.6567563662202,1418.48632856952
13338010.0,-2.2083,0.3485,10.3517,0.0229,0.0493,9.8065,0.0507,-0.2481,0.3607,286.8,-83.42,-175.72,52.202515,-2.197632,13.7,2,69.08,22 / 23,-33.32390750488758,-53.124515326458045,2.633753250007229,-1023.9218014647753,-1472.4765568596702,28.54390470919687,False,152.60000000000036,-1.1046985236168445,7.411175529600828,42.939525291040475,-47.93613287615003,7.493055555555116,351.521999999993,32.21920898127073,60.53569085605887,1066.8613267558158,1424.5404239835202
13338110.0,-2.093,1.975,10.094,0.0244,0.0282,9.8065,0.0353,0.0839,0.154,292.59,-83.11,-172.68,52.202515,-2.197632,13.7,2,69.08,22 / 23,-33.554151062702104,-53.39576777805282,2.6753732500073806,-1027.265704393167,-1477.802571014915,28.809361034198567,False,152.70000000000073,-1.1507493185809714,7.3797071242996966,42.83048983556801,-47.202246360492225,7.468888888894679,351.1369999999832,32.40340174412113,60.77547490235252,1070.096194228735,1430.6003246544228
13338210.0,-4.573,0.7819,9.427,-0.0102,-0.0429,9.8065,-0.0237,-0.0871,0.049,293.55,-82.91,-171.79,52.202515,-2.197632,13.7,2,69.08,22 / 23,-33.869566578410605,-53.75732124445461,2.670758250007448,-1030.6368902751735,-1483.1602254659624,29.076667609195418,False,152.79999999999927,-1.2358760505251432,7.5272732079039875,42.70101023229277,-46.44612085858294,7.628055555558759,350.67600000000795,32.63369052788546,61.2845944523586,1073.3379005074662,1436.7141046073796
13338310.0,-2.4668,2.8486,9.5945,0.0437,-0.0131,9.8065,-0.0997,-0.0621,0.2305,296.03,-82.83,-168.49,52.202515,-2.197632,13.7,2,69.08,23 / 23,-34.23894855515245,-54.10673506431374,2.64116825000734,-1034.0423160318642,-1488.5534282814203,29.342263934197124,False,152.89999999999964,-1.2211630726110572,7.6188668074139425,42.57834534491492,-45.68999535878125,7.7161111111118075,350.89400000002934,33.01778548254139,61.72560187172768,1076.620661376779,1442.863432922639
13338410.0,-3.0132,-0.2061,8.9614,0.0305,0.0027,9.8066,-0.0602,-0.1229,0.2092,299.39,-82.42,-165.14,52.202637,-2.196013,11.06,2,94.97,23 / 23,-34.55145786839677,-54.39527048650543,2.588298250007148,-1037.4818363530542,-1493.978528558981,29.603737259198798,False,153.0,-1.1514737830261632,7.642632503515627,42.46930988950532,-44.92275036378102,7.728888888888889,351.432,33.399984085370605,62.03790299002106,1079.9511462425594,1449.0557781952
13338510.0,-3.2616,-0.2345,9.6902,-0.0246,-0.0424,9.8064,0.1202,0.2903,-0.1456,301.76,-82.31,-162.84,52.202637,-2.196013,11.06,2,94.97,23 / 23,-34.76285362828406,-54.776934138658014,2.540213250006973,-1040.9475519279008,-1499.437138790259,29.860162834200437,False,153.10000000000036,-1.3249441764494108,7.713140608905549,42.326200854267036,-44.155505370846925,7.826111111111035,350.2530000000229,33.43790945183465,62.49007474756356,1083.2737527821678,1455.2816334194122
13338610.0,-3.697,-0.1953,9.0375,0.0123,-0.0251,9.8065,0.0324,0.0994,-0.0337,304.36,-82.17,-160.33,52.202637,-2.196013,11.06,2,94.97,23 / 23,-35.00984607482515,-55.177218567068095,2.495933250006812,-1044.436186913069,-1504.9348464255654,30.11197015920204,False,153.20000000000073,-1.1548067931734223,7.73622880752712,42.21716539882241,-43.38826037649819,7.821944444444232,351.51000000000136,33.85503928165173,62.913447374595215,1086.6533523118912,1461.5465860490672
13338710.0,-1.9407,0.3069,9.1393,-0.0372,-0.0271,9.8065,0.1045,0.3593,-0.146,305.54,-82.19,-159.91,52.202637,-2.196013,11.06,2,94.97,23 / 23,-35.25304445311372,-55.50020729121658,2.4241082500078575,-1047.9493314394147,-1510.4687177183991,30.357972234199195,False,153.29999999999927,-1.1488182903064987,7.731223023378689,42.108129943405864,-42.62101538216219,7.816111111119368,351.54799999998176,34.10422616280722,63.23143031459527,1090.0574613828205,1467.847702336237
13338810.0,-0.7055,4.3935,10.6526,-0.0233,-0.0141,9.8066,0.1475,0.2174,-0.2028,305.99,-82.26,-158.39,52.202637,-2.196013,11.06,2,94.97,23 / 23,-35.599793507720065,-55.56342521371309,2.43303825000789,-1051.4919733374693,-1516.0218993436658,30.600829559200868,False,153.39999999999964,-1.2518328104863459,7.945039791234769,41.97183562409442,-41.82041190982965,8.043055555553144,351.0460000000305,34.34796069723372,63.50846500494786,1093.4638089615637,1474.2014874338363
13338910.0,-1.8207,0.8421,9.9001,-0.0023,-0.0523,9.8064,-0.0125,0.6931,-0.2116,306.2,-82.0,-158.22,52.202637,-2.196013,11.06,2,94.97,23 / 23,-35.96593438426081,-55.60474035816906,2.480008250008061,-1055.0702597320812,-1521.58030762228,30.84648188420256,False,153.5,-1.1678113631208487,7.913181413120512,41.855985452704786,-41.03092793139429,7.998888888888889,351.605,34.798123021139965,63.51792177128957,1096.926245184786,1480.5493796908859
13339009.0,0.0071,6.7392,8.6288,0.0388,-0.0886,9.8061,-0.0773,0.7161,-0.5325,302.71,-81.78,-158.32,52.202637,-2.196013,11.06,2,94.97,23 / 23,-36.4097142490844,-55.566805216423674,2.4263304500079745,-1058.6528543394377,-1527.0832991282314,31.089345649853747,False,153.59900000000016,-1.2109030138365051,8.00489454331871,41.741293783074575,-40.23833049448633,8.09596388889046,351.39808999999667,35.198811235247895,63.57169975974239,1100.3941481225122,1486.844968633745
13339110.0,-1.5936,-2.5432,10.392,0.0124,-0.0715,9.8063,0.1222,0.2259,-0.2602,302.55,-81.88,-161.6,52.202637,-2.196013,11.06,2,94.97,23 / 23,-36.7058047213678,-55.618439649090405,2.3964092000078066,-1062.3451880474663,-1532.6981539939713,31.332894002180915,False,153.70000000000073,-1.2399404687490023,8.04388338923822,41.610655678001784,-39.429720988142236,8.138888888890426,351.23700000000264,35.46586425261879,63.66232303832862,1103.9558437254682,1493.2684330058291
13339209.0,-0.8278,5.4199,8.205,0.0208,-0.0466,9.8064,-0.0089,0.6675,-0.263,301.13,-81.41,-160.52,52.202637,-2.196013,11.06,2,94.97,23 / 23,-36.96501926666857,-55.74698766155129,2.346102350007725,-1065.99189383488,-1538.210742645857,31.56764832390706,False,153.7990000000009,-1.2362485544183652,8.086739711872088,41.489217439497224,-38.62611525303261,8.180688888891101,351.3082800000038,35.7287707122502,63.83372737342337,1107.4811112743773,1499.5846273928244
13339310.0,-3.2558,1.0591,8.7007,-0.0194,0.0531,9.8064,-0.1018,-0.3774,0.3454,299.06,-81.6,-162.63,52.202637,-2.196013,11.06,2,94.97,23 / 23,-37.41795932687506,-55.86112019059475,2.2093685500094193,-1069.7482342538076,-1543.8469520923204,31.797699604355078,False,153.89999999999964,-1.1915584674479192,8.203919088988274,41.37214061925507,-37.806275059346035,8.29000000000082,351.7360000000384,36.22640085942714,64.06503927958302,1111.1203748730627,1506.0406770329744
13339410.0,-1.0757,2.9686,10.279,0.0234,-0.0056,9.8066,0.1007,0.4626,-0.3231,304.25,-81.67,-159.83,52.202637,-2.196013,11.06,2,94.97,22 / 22,-37.76867128403794,-56.03769219417857,2.177688550009304,-1073.507565784367,-1549.4418927115794,32.01705245935681,False,154.0,-1.0926420022614067,8.232809876032254,41.26310516381837,-36.98343260222137,8.305000000000001,352.44,36.676029281776536,64.27050207021082,1114.7706709481854,1512.458460109358
13339510.0,-3.1694,-1.1378,8.9016,0.0151,0.0407,9.8065,-0.0458,0.1776,0.0321,303.47,-81.57,-158.64,52.202637,-2.196013,11.06,2,94.97,22 / 22,-38.037798254328784,-56.258493612873714,2.1560535500092257,-1077.2978892612991,-1555.0567020019523,32.23373956435853,False,154.10000000000036,-1.1957887550707282,8.158948321325115,41.1404402764404,-36.16059014432951,8.246111111112217,351.66200000002675,36.842009499258054,64.41744193419883,1118.4383295377395,1518.8961118576228
13339610.0,-0.9516,6.8797,10.051,-0.03,-0.0077,9.8065,0.0573,0.6706,-0.2599,306.85,-81.42,-155.25,52.202637,-2.196013,11.06,2,94.97,22 / 22,-38.459891686136544,-56.348359437996656,2.1230185500091054,-1081.1227737583363,-1560.6870446545163,32.44769316936022,False,154.20000000000073,-0.9930761326919201,8.247370841536123,41.05184896893662,-35.33774768643724,8.306944444447831,353.13399999998825,37.466815553444626,64.59573027953277,1122.174622727273,1525.349296968079
13339710.0,-0.8647,3.2776,11.1118,0.015,0.0394,9.8065,-0.18,-0.1244,0.2009,311.19,-81.36,-153.64,52.202637,-2.196013,11.06,2,94.97,22 / 22,-39.00000382469483,-56.19375529325703,2.200493550007978,-1084.9957685338215,-1566.3141503909972,32.66386877435793,False,154.29999999999927,-1.051199174816223,8.33396546038247,40.942813513493974,-34.50378573684258,8.399999999998947,352.8109999999946,37.9488046498786,64.5277207536395,1125.9385820473155,1531.8103646541547
13339810.0,-0.8138,7.8861,9.1623,-0.0362,-0.0658,9.8063,-0.0584,0.4335,-0.0278,310.96,-81.17,-149.07,52.202637,-2.196013,11.06,2,94.97,22 / 22,-39.56396143876015,-55.97659432205023,2.233533550008098,-1088.9239667970087,-1571.922667871783,32.88557012935954,False,154.39999999999964,-1.0691786521890185,8.302551309344086,40.83377805807681,-33.68094328036476,8.371111111112308,352.6620000000063,38.494782786571136,64.27914563139431,1129.7577448550855,1538.2417245914182
13339910.0,-2.42,4.0313,9.7898,-0.0175,-0.0151,9.8066,0.0028,-0.2997,0.3134,311.32,-81.09,-147.99,52.202637,-2.196013,11.06,2,94.97,22 / 22,-40.20749296306878,-55.79251139827411,2.200473550007978,-1092.9125395171147,-1577.5111231578196,33.10727048436115,False,154.5,-1.055126004653322,8.326469280129862,40.73155731859305,-32.846981330815204,8.393055555555556,352.778,39.152366958415456,64.11898067840397,1133.6440968357078,1544.6641418270044
13340010.0,-3.4189,-0.4537,9.6818,-0.0313,-0.0734,9.8063,0.0265,0.1349,0.1944,312.77,-81.0,-146.91,52.202637,-2.196013,11.06,2,94.97,22 / 22,-40.62735206195541,-55.975668807732646,2.193388550007952,-1096.9542817683807,-1583.0995321681403,33.32696358936275,False,154.60000000000036,-1.0591945790119053,8.31783216011131,40.62933657915578,-32.013019380497646,8.384999999999419,352.7429999999937,39.568157482943505,64.29350096784395,1137.5836183475365,1551.0865127876427
13340109.0,-2.7905,2.6367,9.422,-0.0105,-0.0165,9.8066,-0.0399,0.1053,0.2531,315.14,-81.02,-144.49,52.202637,-2.196013,11.06,2,94.97,22 / 22,-41.00675172369321,-56.20070354792746,2.1681683000079115,-1100.995169905777,-1588.6522625997545,33.54286065343888,False,154.69900000000052,-1.1052909012851075,8.279926330564503,40.51464490947193,-31.187397050385187,8.353374999998909,352.39649999998807,39.901460822408104,64.48062987849197,1141.5098148152488,1557.4648655493693
13340209.0,-2.7755,2.5163,9.7537,-0.008,-0.0416,9.8065,0.0122,0.1567,0.0295,314.07,-81.13,-143.32,52.202637,-2.196013,11.06,2,94.97,22 / 22,-41.47840888271531,-56.29828407682354,2.146288300007832,-1105.1194279361123,-1594.2772119810124,33.758583483440454,False,154.7990000000009,-1.055225417470918,8.245103586965856,40.412287875662145,-30.364443398276777,8.312355555553403,352.70683000001657,40.42318346524439,64.5433876637894,1145.5317158117743,1563.9127685827357
13340310.0,-0.7396,7.0451,9.1823,-0.0229,-0.0465,9.8064,0.0031,0.1435,0.1464,315.4,-81.02,-140.09,52.202637,-2.196013,11.06,2,94.97,22 / 22,-42.03755659444763,-56.1645094378417,2.112084650008256,-1109.3369841926567,-1599.9565830534327,33.9736313174136,False,154.89999999999964,-1.064169465977252,8.145782242827217,40.30904492880404,-29.54449200896103,8.214999999992573,352.5569999999649,40.97338712847038,64.31029168066891,1149.6460291214607,1570.4120910444717
13340409.0,-1.6172,5.5041,8.4353,-0.0009,-0.067,9.8064,0.0357,0.3073,0.2092,314.67,-81.0,-138.08,52.202637,-2.196013,11.06,2,94.97,22 / 22,-42.65103775173306,-55.88621607481829,2.0132975000080964,-1113.5290696127995,-1605.5030939663184,34.17783773383974,False,154.9989999999998,-1.1357872016829227,8.000021530451967,40.19435325912854,-28.76290286961135,8.080250000000198,351.919440000001,41.51525055005013,63.88623760527026,1153.723422871928,1576.7401910967071
13340510.0,-2.7699,5.8436,8.7065,-0.001,-0.0207,9.8066,0.1674,0.3637,0.0644,313.38,-81.17,-137.29,52.202637,-2.196013,11.06,2,94.97,22 / 22,-43.30962883809784,-55.7300267023712,1.8884867500073952,-1117.8700832756103,-1611.139714226598,34.374877838466624,False,155.10000000000036,-1.1559881991126515,7.802891241777789,40.07734458604344,-27.97664354375164,7.888055555553625,351.57299999998713,42.15364063898519,63.532917944148984,1157.9474278616538,1583.1630706828464
13340610.0,-2.7286,4.2461,10.3827,0.0087,-0.0357,9.8065,0.1867,0.5376,0.0868,312.08,-81.35,-136.16,52.202637,-2.196013,11.06,2,94.97,22 / 22,-43.956279719699445,-55.672392664922164,1.8622817500073,-1122.233378703516,-1616.709835194983,34.56241626346804,False,155.20000000000073,-1.2356050487556134,7.683224550915088,39.961494414618286,-27.220518041829,7.7819444444364105,350.8640000000018,42.72067467094383,63.35561721583725,1162.1948731181344,1589.489317153154
13340710.0,-4.0941,4.2452,7.9535,0.027,0.0,9.8066,-0.0003,0.6363,0.1334,308.38,-81.3,-134.54,52.202637,-2.196013,11.06,2,94.97,22 / 22,-44.58517234286442,-55.747274692011736,1.7984267500082292,-1126.66045130658,-1622.2808185627487,34.74545168846615,False,155.29999999999927,-1.1941567195654375,7.466216643226332,39.84564424322183,-26.47551203376066,7.561111111104886,350.9129999999643,43.39101562329898,63.21349133523807,1166.5060955498018,1595.805306528988
13340810.0,-2.0715,5.8939,9.71,-0.0271,-0.0581,9.8064,0.1429,0.7215,-0.0277,305.77,-81.27,-131.4,52.202637,-2.196013,11.06,2,94.97,22 / 22,-45.25979893284646,-55.7796026552708,1.7009367500078745,-1131.1526998703819,-1627.857162430133,34.920419863467586,False,155.39999999999964,-1.2920235036411507,7.276178616960077,39.71616463991615,-25.752745010529953,7.389999999991162,349.93099999993717,43.967775429205304,63.055781272230874,1170.868864510298,1602.1044174196031
13340910.0,-2.4582,5.8351,10.0484,0.0128,-0.0336,9.8066,-0.0945,0.6596,0.0894,308.55,-80.95,-126.24,52.202637,-2.196013,11.06,2,94.97,22 / 22,-45.94583848293582,-55.697425453458,1.708191750007901,-1135.7129817411876,-1633.4310138355897,35.090876288469,False,155.5,-1.406411611765606,7.089907862059168,39.57305560468766,-25.04109747977612,7.228055555555556,348.78,44.539426871170214,62.787333315517174,1175.2860373458752,1608.3899163558135
13341010.0,-1.895,1.9683,9.266,-0.0583,-0.0271,9.8063,-0.0666,0.6666,0.0102,310.03,-80.88,-121.06,52.202637,-2.196013,11.06,2,94.97,22 / 22,-46.47189888734914,-55.70964262854415,1.6932467500078467,-1140.3338686097186,-1639.0013672397101,35.26094821347041,False,155.60000000000036,-1.434802825546227,6.983007779023233,39.42994656942142,-24.351688935236744,7.128888888886873,348.3889999999813,45.03709606180291,62.692650407567385,1179.76381517914,1614.6496783044734
13341110.0,-3.3934,4.9643,10.5659,-0.0796,-0.0282,9.8062,-0.1359,1.0311,-0.2472,308.21,-81.3,-117.54,52.202637,-2.196013,11.06,2,94.97,22 / 22,-46.99290707905263,-55.787590916994276,1.7041767500078866,-1145.0071089080557,-1644.5762289170073,35.43081938847181,False,155.70000000000073,-1.5354835042108184,6.848021187842894,39.27320810222121,-23.673399882415133,7.018055555554494,347.3619999999628,45.45742357484181,62.63561210483717,1184.2803170102768,1620.902829034592
13341210.0,-6.6586,4.7402,8.2187,-0.1041,-0.006,9.806,-0.2439,0.6372,-0.0233,304.94,-81.85,-115.0,52.202637,-2.196013,11.06,2,94.97,22 / 22,-47.758526344034905,-55.997116392161864,1.6627417500084896,-1149.744680579141,-1650.1654642823837,35.59916531347018,False,155.79999999999927,-1.650613264764143,6.791173959731109,39.10965491907054,-22.98399133718199,6.9888888888825225,346.3389999999716,46.10791307927076,62.788290351892975,1188.8543354982116,1627.1814729452017
13341310.0,-5.5463,4.6835,9.5339,-0.0434,-0.0536,9.8063,0.0244,1.0298,-0.169,303.23,-82.28,-109.28,52.202637,-2.196013,11.06,2,94.97,22 / 23,-48.567938640529235,-56.33394146019012,1.5697067500081512,-1154.5610038283867,-1655.7820171750218,35.7607877384716,False,155.89999999999964,-1.6994978891061565,6.598544439126331,38.93928701996371,-22.327941270626212,6.813888888894619,345.55700000003037,46.86844075142308,62.93248589931645,1193.5002908483505,1633.4540759043955
13341409.0,-4.5087,2.7,8.0019,-0.0446,-0.0007,9.8065,-0.039,0.9057,-0.0606,302.56,-82.45,-107.88,52.202637,-2.196013,11.06,2,94.97,22 / 23,-49.21891451401413,-56.649328263177026,1.466870500007985,-1159.4014530595443,-1661.3746890263376,35.91109831234764,False,155.9989999999998,-1.6609763223851206,6.715475306947682,38.770622799860554,-21.667443405183803,6.917838888888736,346.10743999999926,47.55793819162901,63.36480357012471,1198.172075859405,1639.7072456211538
13341510.0,-2.7838,2.4196,9.0621,-0.0512,0.0082,9.8064,-0.0065,0.8447,-0.1887,301.45,-83.03,-105.54,52.202637,-2.196013,11.06,2,94.97,22 / 23,-49.707758418713816,-56.92374270499546,1.3381308500072615,-1164.397250042675,-1667.1101291102625,36.05275088052421,False,156.10000000000036,-1.9208065653635047,6.583572597117453,38.57129235794869,-21.004721643016957,6.8580555555536105,343.73499999997875,47.78695185335031,63.507315302112914,1202.9685424006238,1646.1054074672456
13341609.0,-5.0179,3.7285,8.9765,-0.0801,-0.0153,9.8062,-0.0901,0.9735,-0.1434,298.21,-83.81,-100.9,52.202637,-2.196013,11.06,2,94.97,22 / 23,-50.230432580665656,-57.21082802770249,1.2601832000071356,-1169.3441904971523,-1672.7597903615401,36.18136742600013,False,156.19900000000052,-2.0217726839141283,6.442374278324106,38.375641862577254,-20.36624037463007,6.752180555551898,342.57669999996,48.20865989675153,63.6532023060266,1207.7198323597295,1652.39354998691
13341710.0,-3.0957,1.7329,10.5252,-0.0905,-0.0379,9.8062,0.0136,0.6718,-0.0376,299.83,-84.39,-95.73,52.202637,-2.196013,11.06,2,94.97,22 / 23,-50.7383238366489,-57.54063457514058,1.2545474000072054,-1174.4431126961636,-1678.5547392229118,36.30836132129928,False,156.29999999999927,-2.3385189482068864,6.373408936711883,38.12833582024656,-19.72597998648832,6.788888888889111,339.8509999999642,48.39980488844201,63.91404351185246,1212.57144851641,1658.8287592364236
13341810.0,-3.8671,0.0746,10.1339,-0.0263,-0.018,9.8066,-0.0356,0.7594,-0.0977,300.84,-84.8,-91.38,52.202637,-2.196013,11.06,2,94.97,22 / 23,-51.06296646449677,-57.89673133438558,1.3068374000073957,-1179.5331772112393,-1684.3266075184092,36.436430561300476,False,156.39999999999964,-2.44982914863689,6.3380093201613334,37.88300604551535,-19.09216890407843,6.794999999997544,338.86699999987894,48.61313731585988,64.23474065454691,1217.4161832567547,1665.2344386143309
13341910.0,-2.9133,-0.9762,8.6996,-0.0248,0.0181,9.8066,-0.1123,0.4151,0.1307,298.09,-85.24,-87.33,52.202637,-2.196013,11.06,2,94.97,22 / 23,-51.25942061104709,-58.31416881652608,1.267847400007254,-1184.649296565035,-1690.137152525976,36.56516480130168,False,156.5,-2.6755575415239483,6.19708736762637,37.617232122917194,-18.480596807977868,6.75,336.648,48.58386306952314,64.51125618415244,1222.2665286879521,1671.6565557179981
13342010.0,-2.3979,0.328,10.4651,0.0146,-0.0214,9.8065,0.0835,0.5415,0.0296,299.66,-85.82,-83.93,52.202637,-2.196013,11.06,2,94.97,22 / 23,-51.42609247310251,-58.664294799026614,1.2454174000071725,-1189.7835722192613,-1695.986075706775,36.69082804130286,False,156.60000000000036,-2.9221741111195305,6.2175395828513205,37.32419933645861,-17.869024711125075,6.87000000000149,334.82699999998135,48.503918361982976,64.88183438187794,1227.1077715557199,1678.1170509956498
13342109.0,-4.9991,3.8033,10.6447,0.0005,0.0236,9.8066,-0.0191,0.2897,0.1208,291.62,-86.19,-85.83,52.202637,-2.196013,11.06,2,94.97,22 / 23,-51.8260382172268,-59.0249897457999,1.3194941500072923,-1194.8945526884409,-1701.8116952917533,36.81779116302878,False,156.69900000000052,-3.0677448800018405,6.2375418639087705,37.020603740224026,-17.241551739539357,6.951125000002802,333.8112599999649,48.75829333722496,65.26253160970867,1231.915156428665,1684.570143552214
13342210.0,-0.5409,0.0184,10.5578,0.0209,-0.0342,9.8065,-0.0502,0.21,0.2072,285.68,-86.44,-88.65,52.202637,-2.196013,11.06,2,94.97,22 / 23,-52.15459165261184,-59.32888193291901,1.399748750006298,-1200.1455744968027,-1707.7885658114544,36.955112929477764,False,156.79999999999927,-3.283030293741275,6.082490287169761,36.68361603578333,-16.634761025714067,6.911944444448265,331.64199999993275,48.871561358870565,65.41137222008877,1236.8291905325862,1691.1538047857402
13342311.0,-2.4332,0.1884,10.7608,0.0354,-0.013,9.8065,-0.0238,0.3997,0.0016,283.1,-86.64,-92.52,52.202637,-2.196013,11.06,2,94.97,22 / 23,-52.24013795951632,-59.58980064917807,1.4858664000067818,-1205.417508342245,-1713.793959281884,37.100836494554244,False,156.90099999999984,-3.5322782031936644,6.063391566598924,36.32557085901367,-16.028303895949666,7.017275000001852,329.7767899999036,48.707859756322655,65.653192215777,1241.7430792012585,1697.7656553859345
13342410.0,2.1013,1.4814,8.4114,0.0045,-0.0142,9.8065,-0.1732,0.0069,0.1618,273.05,-86.79,-98.27,52.202637,-2.196013,11.06,2,94.97,22 / 22,-52.370582319127124,-59.71545705143885,1.4640319500067467,-1210.595738996046,-1719.6995695380742,37.24685646288015,False,157.0,-3.728310328837553,5.983494137365158,35.96125614358013,-15.433855817611697,7.05,328.07300000000004,48.64227199028957,65.698951188804,1246.5569951396262,1704.2657137204626
13342509.0,0.1503,0.6245,10.0988,0.043,-0.0453,9.8064,0.0463,0.4023,-0.1518,274.07,-86.73,-93.98,52.202637,-2.196013,11.06,2,94.97,22 / 22,-52.48562761598878,-59.7184701128958,1.4094285000066584,-1215.7861213878427,-1725.6115489327183,37.38909275515605,False,157.09900000000016,-3.8827002730106406,5.864342346522434,35.57670172171161,-14.861424335633805,7.03322499999973,326.49196999997446,48.60292734297814,65.58281245941824,1251.3628231095543,1710.7501245970846
13342610.0,2.4266,-0.0681,8.6051,-0.0322,-0.0051,9.8065,-0.0908,-0.0304,0.1011,277.6,-87.19,-91.62,52.202637,-2.196013,11.06,2,94.97,22 / 22,-52.51917491112493,-59.70963761099035,1.3635038000064004,-1221.0888639154919,-1731.6426683728084,37.52912583630749,False,157.20000000000073,-4.133863135428215,5.803171596429659,35.15711965977297,-14.277428581290389,7.125000000004294,324.53599999995606,48.385311775696714,65.51280920742,1256.2459835752647,1717.365239791518
13342710.0,-2.1124,0.0626,8.6984,0.0267,-0.023,9.8065,-0.018,0.351,-0.1218,279.66,-87.15,-85.38,52.202637,-2.196013,11.06,2,94.97,22 / 22,-52.548458088638704,-59.81302178211071,1.248013800008081,-1226.3422455654036,-1737.6188013423766,37.659701716306316,False,157.29999999999927,-4.325793639312197,5.80942020953079,34.72097783808366,-13.69921496243374,7.243055555552494,323.3279999999475,48.22266444932651,65.6224419916415,1261.0632234034872,1723.919586379943
13342810.0,-0.7901,1.1891,10.093,-0.0068,-0.0192,9.8066,-0.0166,0.0586,0.0813,286.0,-87.27,-79.28,52.202637,-2.196013,11.06,2,94.97,22 / 22,-52.67383825380919,-60.05528169949083,1.2069188000079314,-1231.6033603825451,-1743.6122165164786,37.78244834630756,False,157.39999999999964,-4.418667682093599,5.632500868952296,34.28483601633038,-13.143240329125081,7.158888888894027,321.88599999988907,48.25517057171559,65.68778256844313,1265.8881963988756,1730.4689761873535
13342910.0,-1.1688,0.4777,10.2631,0.0292,-0.0104,9.8065,0.0308,0.3179,-0.1248,291.89,-87.02,-72.92,52.202637,-2.196013,11.06,2,94.97,22 / 22,-52.83463434518212,-60.234732105494494,1.2440588000080666,-1236.878784012514,-1749.6267172067498,37.90499722630881,False,157.5,-4.676413963977763,5.544183197684677,33.814620614846,-12.598385188281158,7.253055555555555,319.853,48.15822038120435,65.77891530317918,1270.69340462736,1737.0283320184687
13343010.0,-0.3373,0.6449,10.4247,-0.0374,0.0482,9.8064,0.14,0.1245,-0.1268,297.35,-86.86,-67.4,52.202637,-2.196013,11.06,2,94.97,22 / 22,-52.97467901488305,-60.38740380307682,1.297783800008262,-1242.1692496805365,-1755.6578240022004,38.03208935631009,False,157.60000000000036,-4.894911240671027,5.544574240987353,33.323961065412895,-12.053530047397995,7.396111111108908,318.5609999999741,48.07976777421202,65.93197804406418,1275.4932107459495,1743.6042939548024
13343110.0,2.8186,-1.3884,8.9847,-0.0135,0.0283,9.8065,0.197,0.3225,-0.2502,294.75,-87.1,-70.67,52.202637,-2.196013,11.06,2,94.97,22 / 22,-52.95143884968473,-60.39440210178668,1.287588800008225,-1247.465555573784,-1761.6969142974656,38.16135798631138,False,157.70000000000073,-4.948522597074125,5.33270560843933,32.833301515924866,-11.530913892780465,7.2750000000024055,317.13999999994263,48.0029162526106,65.72710771022601,1280.298857089709,1750.166000404685
13343210.0,-2.4261,1.0743,10.0641,-0.0635,0.0209,9.8063,0.0399,0.0971,-0.0894,285.21,-86.9,-75.63,52.202637,-2.196013,11.06,2,94.97,22 / 22,-52.96377272943441,-60.50984678637832,1.2593638000086358,-1252.7613161526629,-1767.7421267417858,38.28870561631037,False,157.79999999999927,-5.13960085435537,5.2417950554832675,32.32219781863977,-11.008297737465117,7.341111111117983,315.56399999996364,47.82417187507904,65.75164184186158,1285.0835139713026,1756.7338290043206
13343309.0,-1.7659,0.0793,10.5282,0.0057,0.0079,9.8066,0.091,0.1563,-0.1871,286.74,-87.07,-78.66,52.202637,-2.196013,11.06,2,94.97,21 / 22,-53.11806200706171,-60.808268256777545,1.3078243000087142,-1258.012366972128,-1773.7473734364316,38.41578142726143,False,157.89899999999943,-5.36262435868941,5.283422204305187,31.789218883064308,-10.490907744394807,7.528111111121007,314.57399999994766,47.7554376483723,66.09169046108273,1289.8015858551921,1763.2564656920367
13343410.0,-0.4909,1.5041,10.5069,-0.0286,0.0442,9.8065,0.1123,0.0177,-0.0351,285.68,-87.23,-79.17,52.202637,-2.196013,11.06,2,94.97,21 / 22,-53.271281646497954,-61.011891429024224,1.3796252000091176,-1263.3850288266628,-1779.8992915005992,38.55149762701309,False,158.0,-5.559326001339773,5.090793255423902,31.231843264395465,-9.985304412411743,7.538055555555555,312.481,47.711955645158184,66.10268468444812,1294.6168720910582,1769.9139870881875
13343509.0,3.8721,0.3735,8.9531,-0.0164,0.0314,9.8065,0.0636,0.323,-0.2093,281.02,-87.32,-84.43,52.202637,-2.196013,11.06,2,94.97,21 / 22,-53.36828256938756,-60.93914975880258,1.3720368500091054,-1268.6636872553577,-1785.9358680394064,38.687704898489216,False,158.09900000000016,-5.707523208944514,4.99322547141058,30.66513148479691,-9.489931013644016,7.583430555556289,311.18112999997896,47.660759360443045,65.93237523021315,1299.3288187401545,1776.4459370257623
13343610.0,1.5338,0.776,10.6488,-0.0434,0.0015,9.8065,0.0929,0.2316,-0.1583,281.26,-87.25,-84.03,52.202637,-2.196013,11.06,2,94.97,21 / 22,-53.40617141660588,-60.7794571743525,1.371461150009102,-1274.0557971816806,-1792.0826576895652,38.82625154749091,False,158.20000000000073,-6.002603969006312,4.862547746944318,30.05289740252679,-9.006789058438583,7.725000000002839,309.0099999999764,47.40356744759957,65.64200492129682,1304.1086945842073,1783.0758686311267
13343710.0,3.4495,-0.6095,10.1858,-0.0316,0.0101,9.8065,-0.0554,0.3084,-0.1579,283.99,-87.07,-84.49,52.202637,-2.196013,11.06,2,94.97,21 / 22,-53.394139112310505,-60.654027962932545,1.4325261500082136,-1279.3958127080487,-1798.154331946341,38.96645091248974,False,158.29999999999927,-6.118416793950483,4.8427938154235255,29.446387681705176,-8.528650873532934,7.803055555562973,308.36199999993045,47.275722318360025,65.49682177835606,1308.8422003897538,1789.625681072808
13343810.0,-2.581,0.4149,9.5172,-0.0595,-0.0002,9.8064,-0.007,0.4083,-0.2772,276.4,-86.78,-87.31,52.202637,-2.196013,11.06,2,94.97,21 / 22,-6.440591024076571,4.75709434392168,1.43701115000823,28.798989665072117,-8.061632181751813,39.10992777749109,True,158.39999999999964,-6.440591024076571,4.75709434392168,28.798989665072117,-8.061632181751813,8.006944444442535,306.44999999992837,0.0,0.0,0.0,0.0
13343910.0,3.3164,0.3751,10.5547,-0.0638,0.0275,9.8063,0.1148,0.0483,-0.0222,277.56,-87.18,-91.05,52.202637,-2.196013,11.06,2,94.97,21 / 22,-6.496811281235066,4.677639366725049,1.4599411500083137,28.152119549804183,-7.5898954962177605,39.25477539249244,False,158.5,-6.519282574929276,4.588120849926705,28.151591648486168,-7.605732981721625,7.9719444444444445,305.137,-0.022471293694210637,-0.08951851679834366,-0.0005279013180157222,-0.0158374855038641
13344010.0,-2.9867,1.8225,9.4675,-0.0324,0.0403,9.8065,0.0687,0.3172,-0.3348,273.48,-87.08,-95.04,52.202637,-2.196013,11.06,2,94.97,21 / 22,-6.614965138922284,4.580076124334722,1.4803861500083881,27.496530728793932,-7.127009721663088,39.40179175749381,False,158.60000000000036,-6.826206295828655,4.5614698954170745,27.470120052058462,-7.149833783073317,8.210000000000491,303.7519999999697,-0.2112411569063708,-0.018606228917647627,-0.026410676735469707,-0.022824061410229746
13344109.0,1.6473,-0.0428,9.7987,-0.0699,-0.002,9.8064,0.0419,-0.1948,0.0024,266.55,-87.4,-98.98,52.202637,-2.196013,11.06,2,94.97,21 / 22,-6.726332024331169,4.398500373936585,1.4632047000083603,26.836136519211816,-6.68257018499794,39.54749950456988,False,158.69900000000052,-6.977164328490526,4.377376801836248,26.77522346516146,-6.7205101707145865,8.23667500000092,302.10364999994306,-0.2508323041593563,-0.021123572100337107,-0.06091305405035641,-0.037939985716646696
13344210.0,-2.8856,0.5964,9.1041,0.0063,-0.0048,9.8065,-0.0812,0.1196,-0.0894,264.1,-87.47,-101.44,52.202637,-2.196013,11.06,2,94.97,21 / 22,-6.74377941177548,4.209591246182266,1.427324450008805,26.155895891696858,-6.247861558187324,39.693471226643936,False,158.79999999999927,-7.234149074273981,4.265492267656117,26.045844415526158,-6.293632847912865,8.398055555559012,300.5249999999371,-0.4903696624985008,0.055901021473850676,-0.11005147617069966,-0.045771289725540676
13344309.0,1.6855,1.1296,10.2628,-0.028,-0.0315,9.8065,-0.0269,-0.3863,0.2189,273.98,-87.7,-96.59,52.202637,-2.196013,11.06,2,94.97,21 / 23,-6.815930421610443,4.030668236620918,1.4151276500087853,25.484690254943168,-5.839968713787907,39.834172605595036,False,158.89899999999943,-7.440649676079328,4.092914235561757,25.310468415758535,-5.886325831957467,8.492105555560531,298.8142799999095,-0.6247192544688849,0.062245998940839264,-0.1742218391846322,-0.0463571181695599
13344410.0,3.2287,-1.2523,9.8456,0.0471,-0.0161,9.8064,-0.19,-0.0044,0.0413,275.34,-87.75,-94.54,52.202637,-2.196013,11.06,2,94.97,21 / 23,-6.80853483048955,4.1535273881064105,1.4401302000089258,24.79665475970825,-5.426666834736855,39.978363127021744,False,159.0,-7.565193261782958,4.106880977019496,24.55342161933945,-5.4819098838910785,8.608055555555556,298.496,-0.7566584312934079,-0.046646411086914696,-0.24323314036880106,-0.05524304915422373
13344510.0,3.9662,0.9448,11.1924,-0.0181,-0.0218,9.8066,0.1014,-0.524,0.2485,278.85,-87.71,-91.11,52.202637,-2.196013,11.06,2,94.97,21 / 23,-6.772010204569443,4.391383062581909,1.5113652000091848,24.11762750795283,-4.999421312200885,40.125937897023185,False,159.10000000000036,-7.706069607370344,3.7428636524254566,23.78335871538149,-5.114966625354849,8.566944444449524,295.905999999999,-0.9340594028009006,-0.6485194101564522,-0.3342687925713399,-0.1155453131539641
13344610.0,1.707,-0.3583,9.9503,0.0497,0.0098,9.8064,0.0137,-0.2379,0.0866,271.1,-87.62,-98.61,52.202637,-2.196013,11.06,2,94.97,21 / 23,-6.78880003827762,4.558711712867093,1.587835200009463,23.43958699580801,-4.551916573426807,40.28089791702468,False,159.20000000000073,-7.960889687229638,3.857190321714861,22.986036947528255,-4.725784381261927,8.84611111111402,295.85099999991377,-1.172089648952018,-0.701521391152232,-0.4535500482797552,-0.17386780783512013
13344710.0,-1.6876,0.642,10.2588,0.0125,0.0044,9.8066,0.0482,-0.2693,0.1013,266.0,-87.75,-104.01,52.202637,-2.196013,11.06,2,94.97,21 / 23,-6.801912831961093,4.43475287329695,1.6176252000090297,22.760051352305965,-4.1022433441251485,40.44117093702327,False,159.29999999999927,-8.187022043374112,3.556420901590362,22.168271031802746,-4.3810801097057315,8.926111111114597,293.47999999996097,-1.3851092114130195,-0.8783319717065878,-0.5917803205032186,-0.278836765580583
13344810.0,1.3414,-0.089,10.3481,0.0195,0.0022,9.8066,-0.0258,-0.2511,0.1404,256.38,-87.76,-114.47,52.202637,-2.196013,11.06,2,94.97,21 / 23,-6.8303170931613515,4.292518993297931,1.6673052000092106,22.078439856047364,-3.665879750793817,40.605417457024785,False,159.39999999999964,-8.340782858916727,3.4390148093684374,21.336875684182704,-4.03637583673044,9.021944444445323,292.4069999999151,-1.5104657657553755,-0.8535041839294939,-0.7415641718646597,-0.3704960859366233
13344910.0,-0.0897,0.1824,9.9682,0.0234,0.0228,9.8066,-0.0878,-0.1013,0.0394,247.31,-87.59,-122.75,52.202637,-2.196013,11.06,2,94.97,21 / 23,-6.8195617884073485,4.23210996422798,1.7024552000093385,21.395945911966447,-3.2396483029159704,40.773905477026325,False,159.5,-8.446090090332525,3.2171432065258396,20.498665620589307,-3.725030042467714,9.038055555555555,290.85200000000003,-1.6265283019251768,-1.01496675770214,-0.8972802913771396,-0.4853817395517437
13345010.0,1.8915,-0.0055,8.9343,0.0014,-0.0184,9.8065,0.0393,-0.2053,0.0985,241.16,-87.71,-130.11,52.202637,-2.196013,11.06,2,94.97,21 / 23,-6.827138592329379,4.193129367939368,1.6669152000092091,20.71361089292713,-2.8183863363060704,40.942373997027865,False,159.60000000000036,-8.637473683871324,3.12382351621181,19.633196693121057,-3.413684247475214,9.185000000000436,289.882999999983,-1.810335091541945,-1.0693058517275578,-1.0804141998060715,-0.5952979111691437
13345109.0,-0.5651,0.9066,8.8108,0.0065,0.0055,9.8066,-0.1285,-0.1075,0.0676,236.54,-87.9,-134.56,52.202637,-2.196013,11.06,2,94.97,21 / 23,-6.839579392112033,4.1186027394586935,1.5744393000090597,20.037108352696187,-2.406955596989201,41.10282104477903,False,159.69900000000052,-8.709117065996196,2.9917039020752414,18.76963588610863,-3.1164602079344776,9.208650000000818,288.9583399999681,-1.869537673884163,-1.126898837383452,-1.2674724665875559,-0.7095046109452765
13345210.0,2.2293,-0.6904,10.6092,-0.0009,-0.0411,9.8066,-0.0126,-0.3185,0.1307,238.04,-88.09,-137.02,52.202637,-2.196013,11.06,2,94.97,21 / 23,-6.833412015102304,4.074208180927588,1.5646776500091808,19.346622286640418,-1.9932186455148204,41.26134645075298,False,159.79999999999927,-8.817779198212293,2.943544088642262,17.88181469025821,-2.82435113760266,9.296111111115689,288.45999999994365,-1.9843671831099883,-1.130664092285326,-1.464807596382208,-0.8311324920878396
13345310.0,-0.4833,0.0961,10.7936,0.0303,0.0026,9.8065,-0.0605,-0.0505,0.0474,232.25,-87.99,-139.99,52.202637,-2.196013,11.06,2,94.97,21 / 21,-6.790135411767665,4.059144792406363,1.6541526500095063,18.66544491529444,-1.5865509968466434,41.4222879657545,False,159.89999999999964,-9.014470584356431,2.7408679643587583,16.98227218296797,-2.557483311605416,9.421944444448645,286.9119999999513,-2.2243351725887663,-1.3182768280476043,-1.6831727323264687,-0.9709323147587727
13345410.0,0.2958,0.9653,9.7142,0.0045,-0.0046,9.8066,-0.0062,-0.0316,0.0499,222.06,-87.87,-149.67,52.202637,-2.196013,11.06,2,94.97,21 / 21,-6.7465502974402725,3.915216757959804,1.698877650009669,17.98861062983158,-1.1878329193268846,41.589939480756065,False,160.0,-9.13004929670869,2.6212763996049664,16.069100243838047,-2.290615488456882,9.498888888888889,286.019,-2.383498999268417,-1.2939403583548374,-1.919510385993533,-1.1027825691299973
13345509.0,0.2142,0.2828,9.5363,-0.0102,0.0234,9.8066,0.0531,-0.1927,0.0498,217.73,-87.57,-158.45,52.202637,-2.196013,11.06,2,94.97,21 / 21,-6.7195548368872835,3.7999554417561794,1.68091905000964,17.32203842568129,-0.805931895440326,41.75723941740729,False,160.09900000000016,-9.288106863939936,2.579651751886064,15.151566886394049,-2.0374246403223104,9.639688888891165,285.522019999992,-2.568552027052652,-1.2203036898701152,-2.17047153928724,-1.2314927448819843
